relative_path,protected_root,before_size_bytes,after_size_bytes,before_sha256,after_sha256,status
configs/active_extension/baseline.toml,configs,978,978,61a4444201e0bb60b815d87d70442bbe7b3d7aff9be3358bc5f95700557d5075,61a4444201e0bb60b815d87d70442bbe7b3d7aff9be3358bc5f95700557d5075,unchanged
configs/epilepsy_exploratory/baseline.toml,configs,907,907,9db6e3424c5c146fb16c79623e3ef925375a7235b57bcf42e2f4e4a411928d00,9db6e3424c5c146fb16c79623e3ef925375a7235b57bcf42e2f4e4a411928d00,unchanged
configs/epilepsy_exploratory/scenarios.toml,configs,1957,1957,bab13ab79516270826c43706be4f8711ced5cf75462d99bcd574ca290b2441bf,bab13ab79516270826c43706be4f8711ced5cf75462d99bcd574ca290b2441bf,unchanged
configs/manuscript_faithful/baseline.toml,configs,962,962,40f2b001751cf20bbb7c5339b53f0a17716e08db6b76012ffe70c8c11bd0e115,40f2b001751cf20bbb7c5339b53f0a17716e08db6b76012ffe70c8c11bd0e115,unchanged
configs/plausibility_revised/baseline.toml,configs,997,997,19ff66959ca8586d8aa6ba7886db4c84718093d5a003759baf7db5849c2b274b,19ff66959ca8586d8aa6ba7886db4c84718093d5a003759baf7db5849c2b274b,unchanged
figures/phase02/Figure1_architecture.svg,figures,1439,1439,2e93bc139e5424f97caddee2743527b9cbaa82040b3b997123cdc482416db348,2e93bc139e5424f97caddee2743527b9cbaa82040b3b997123cdc482416db348,unchanged
figures/phase02/Figure2_high_trace.svg,figures,335436,335436,bc5fa9a9228f5d2c0e6241375d5cf30bb69627d84bc5ab8eae070bd7345e6ac7,bc5fa9a9228f5d2c0e6241375d5cf30bb69627d84bc5ab8eae070bd7345e6ac7,unchanged
figures/phase02/Figure2_intermediate_trace.svg,figures,333936,333936,6771c4ad3421f13dec3487563f5de3dac750e5e2ffcbd87c859bfab122bdeeda,6771c4ad3421f13dec3487563f5de3dac750e5e2ffcbd87c859bfab122bdeeda,unchanged
figures/phase02/Figure2_low_trace.svg,figures,333122,333122,af37c5645e962d2814ef453194b831ef1f9b1a2e9931cc2cc10a22ad77bc2b46,af37c5645e962d2814ef453194b831ef1f9b1a2e9931cc2cc10a22ad77bc2b46,unchanged
figures/phase02/Figure3A_Gamma_hs_heatmap.svg,figures,29088,29088,621a2be0eb4e4ce597d5cf5ed28ceae1cb095977c3915bcdaeacb5af5b95d78a,621a2be0eb4e4ce597d5cf5ed28ceae1cb095977c3915bcdaeacb5af5b95d78a,unchanged
figures/phase02/Figure3B_SMI_heatmap.svg,figures,28877,28877,044a8278119147904ded01340b52783aa3f0d01ac304afcead0314622761321d,044a8278119147904ded01340b52783aa3f0d01ac304afcead0314622761321d,unchanged
figures/phase02/Figure3C_SMI_vs_Gamma_hs.svg,figures,31501,31501,6911a3157e945b16fcd6022216c085d9410f5d9fc871f0432dc9faf974e2e070,6911a3157e945b16fcd6022216c085d9410f5d9fc871f0432dc9faf974e2e070,unchanged
figures/phase02/Figure3D_SMI_vs_Ah.svg,figures,31690,31690,954b1533b483aa59aba07e6ecec37836f5e69e258701ce959db726c2cee469a7,954b1533b483aa59aba07e6ecec37836f5e69e258701ce959db726c2cee469a7,unchanged
figures/phase02/Figure4A_Rneck_vs_Gamma_hs.svg,figures,3146,3146,30f4665bc815db0322c629766a6f658b9d548efb31414b3580786cc01af96280,30f4665bc815db0322c629766a6f658b9d548efb31414b3580786cc01af96280,unchanged
figures/phase02/Figure4B_SMI_vs_Gamma_hs.svg,figures,3119,3119,d7709e251d6efec7c5aa21de3da44da900e82c753ef0141185c775a45e898a89,d7709e251d6efec7c5aa21de3da44da900e82c753ef0141185c775a45e898a89,unchanged
figures/phase02/Figure4C_SMI_vs_Ah.svg,figures,3099,3099,57bfb8f3e759585e8982c414a5b8241746d118155c562eb29fa456daa4384b64,57bfb8f3e759585e8982c414a5b8241746d118155c562eb29fa456daa4384b64,unchanged
figures/phase02/convergence_dt_vs_Ah.svg,figures,1115,1115,253da232eedfa1f1c06cd59893bca524565704d69e51eaf57072655bb276b1a9,253da232eedfa1f1c06cd59893bca524565704d69e51eaf57072655bb276b1a9,unchanged
figures/phase03/challenge_SMI_vs_Gamma_hd.svg,figures,2615,2615,a23a1f8a1c22b4c6d522087abe38b24af4a8b2912ab83edc39757e3099ccf3be,a23a1f8a1c22b4c6d522087abe38b24af4a8b2912ab83edc39757e3099ccf3be,unchanged
figures/phase03/challenge_SMI_vs_Gamma_hs.svg,figures,2628,2628,aeaf677b1e1110be670230b75ae96c6630f585891567d49450bb7f4f5cd64d50,aeaf677b1e1110be670230b75ae96c6630f585891567d49450bb7f4f5cd64d50,unchanged
figures/phase03/dynamic_SMI_spectrum.svg,figures,848,848,5d2daa40368209f12f1e9de0738689b51358456f3fe39748d5abb67d01ac02e1,5d2daa40368209f12f1e9de0738689b51358456f3fe39748d5abb67d01ac02e1,unchanged
figures/phase03/impedance_Zin_spectrum.svg,figures,843,843,cb35b6e29f1680823f3f8acec5ee388f23a67fcfc6a0e1587d0495213ce9f817,cb35b6e29f1680823f3f8acec5ee388f23a67fcfc6a0e1587d0495213ce9f817,unchanged
figures/phase03/neck_model_transfer.svg,figures,1190,1190,7ce7e39716a90274a5578e6b1437a6d6221313792f6b259d6267018673aec810,7ce7e39716a90274a5578e6b1437a6d6221313792f6b259d6267018673aec810,unchanged
figures/phase03/predictor_Rin_vs_Gamma_hs.svg,figures,2637,2637,71fc254c0ee7825f2f2e8378a6b505a98a3b40970518a127144912ea3b43140c,71fc254c0ee7825f2f2e8378a6b505a98a3b40970518a127144912ea3b43140c,unchanged
figures/phase03/spatial_convergence.svg,figures,1106,1106,69157c1b74ccfa76dbbbda871347593a42a799c82414e0e5556d42337e051d94,69157c1b74ccfa76dbbbda871347593a42a799c82414e0e5556d42337e051d94,unchanged
figures/phase04/active_SMI_vs_Ah.svg,figures,4361,4361,80bb719dc59167432b3899adf3117b0bbacb41a50799b95af94b3b40f849f4b1,80bb719dc59167432b3899adf3117b0bbacb41a50799b95af94b3b40f849f4b1,unchanged
figures/phase04/active_SMI_vs_Gamma_hd.svg,figures,4363,4363,25e2a21a7e434a57b1b2b692a1770750d512ff090277430f538d6a0330ce71d7,25e2a21a7e434a57b1b2b692a1770750d512ff090277430f538d6a0330ce71d7,unchanged
figures/phase04/active_SMI_vs_Gamma_hs.svg,figures,4370,4370,4b6180ad57c9695940eeb0046fe6f0a5cf52605e347c05c04924a03cdcca4d9d,4b6180ad57c9695940eeb0046fe6f0a5cf52605e347c05c04924a03cdcca4d9d,unchanged
figures/phase04/active_impedance_full_restrained.svg,figures,657,657,fe0307390fcb2ee00ffeb4efd85e926e30445c8b7cee6aab2b1e85e22c71108c,fe0307390fcb2ee00ffeb4efd85e926e30445c8b7cee6aab2b1e85e22c71108c,unchanged
figures/phase04/active_predictor_gain_vs_Gamma_hs.svg,figures,4403,4403,b27826613000d18538b1966fca5bb529e1359027b18d8f7644dfc9cfd92be1dc,b27826613000d18538b1966fca5bb529e1359027b18d8f7644dfc9cfd92be1dc,unchanged
figures/phase04/active_protocol_strength_sweep.svg,figures,665,665,678aa94522a82093e591daf91941f0d62009d317fc5f5f7a9a89874132f7e506,678aa94522a82093e591daf91941f0d62009d317fc5f5f7a9a89874132f7e506,unchanged
figures/phase05/radius_class_stability.svg,figures,1883,1883,b77199e239adb21d51ee711969883e995eebc07aae303a429cbb7ee3b61e21af,b77199e239adb21d51ee711969883e995eebc07aae303a429cbb7ee3b61e21af,unchanged
figures/phase05/sensitivity_SMI_ranked.svg,figures,785,785,e982a0725720165457c646c3d3aae9f8055f3bb05e99ff5311f8469475f7f822,e982a0725720165457c646c3d3aae9f8055f3bb05e99ff5311f8469475f7f822,unchanged
figures/phase05/uncertainty_SMI_vs_Gamma_hd.svg,figures,8073,8073,f3ad268f9f3cc99835ecbb5913a090402dfa6d081891efc6b2650f10ac01838b,f3ad268f9f3cc99835ecbb5913a090402dfa6d081891efc6b2650f10ac01838b,unchanged
figures/phase05/uncertainty_SMI_vs_Gamma_hs.svg,figures,8103,8103,90bf4bc7d284d78bc3acc11b2bd1de7577abf78588c5c5ef9efc89514a1f9572,90bf4bc7d284d78bc3acc11b2bd1de7577abf78588c5c5ef9efc89514a1f9572,unchanged
figures/phase05/uncertainty_radius_vs_Rneck.svg,figures,8122,8122,9202d50ee9b7f044baefdfda1bc97f632bacd85c900addcec6e3870974d184ee,9202d50ee9b7f044baefdfda1bc97f632bacd85c900addcec6e3870974d184ee,unchanged
figures/phase05_1/convergence_Gamma_hd_median.svg,figures,651,651,5044e8ff93447d8f2125752c5d1858cdb4c63b42fa678a9faf0764d698db363b,5044e8ff93447d8f2125752c5d1858cdb4c63b42fa678a9faf0764d698db363b,unchanged
figures/phase05_1/convergence_Gamma_hs_median.svg,figures,652,652,074db51546c348ce0789da66005736f182de3fe99ac5476cf6f6152e27050165,074db51546c348ce0789da66005736f182de3fe99ac5476cf6f6152e27050165,unchanged
figures/phase05_1/convergence_SMI_interval_width.svg,figures,660,660,40ff64dfceb66b8f18ba80968f64c9efc00dc9c7ae17bd148b954b3a30daf67f,40ff64dfceb66b8f18ba80968f64c9efc00dc9c7ae17bd148b954b3a30daf67f,unchanged
figures/phase05_1/convergence_SMI_median.svg,figures,642,642,08e30b906538110ef4ce399e87390999a43fee36a150013f723f1077b897ee5c,08e30b906538110ef4ce399e87390999a43fee36a150013f723f1077b897ee5c,unchanged
figures/phase05_1/counterexample_prevalence_amplitude.svg,figures,668,668,7351bbc3a1c3a161c2b6488a1afade1fc17a123712accfe9d73abcf061722b77,7351bbc3a1c3a161c2b6488a1afade1fc17a123712accfe9d73abcf061722b77,unchanged
figures/phase05_1/predictor_stability_local_SMI.svg,figures,659,659,5c0f2d713547659a240ff27f2284d50ee8bd9227275dcbec9bc9d6fc83cbfe6a,5c0f2d713547659a240ff27f2284d50ee8bd9227275dcbec9bc9d6fc83cbfe6a,unchanged
figures/phase05_1/predictor_stability_somatic_SMI.svg,figures,662,662,45e051593d110081d2fcdee53dc42797d27c0bffc713ead0bfd20a939ca53210,45e051593d110081d2fcdee53dc42797d27c0bffc713ead0bfd20a939ca53210,unchanged
figures/phase05_1/radius_flip_prevalence.svg,figures,668,668,e8280701f7060d1c7f9d1857deb8c175f129519352bdc0929d5521427cc9387c,e8280701f7060d1c7f9d1857deb8c175f129519352bdc0929d5521427cc9387c,unchanged
figures/phase06/mechanistic_decomposition_Ah.svg,figures,709,709,0ccd9ff39b82ecaf5e5d64c5ff8031ed57133c2db6b158916b37d59907ae30e7,0ccd9ff39b82ecaf5e5d64c5ff8031ed57133c2db6b158916b37d59907ae30e7,unchanged
figures/phase06/scenario_SMI_vs_Ah.svg,figures,1481,1481,8e5b593e60c9ddafc50c35c9e9a4b569008b2be2cbad3a6c63f4d9c6bdbb65e4,8e5b593e60c9ddafc50c35c9e9a4b569008b2be2cbad3a6c63f4d9c6bdbb65e4,unchanged
figures/phase06/scenario_SMI_vs_Gamma_hd.svg,figures,1488,1488,bb37a5f64eb3f2afeee14a06b50ed318b512923101e19844cc2fe23f72a6a6fb,bb37a5f64eb3f2afeee14a06b50ed318b512923101e19844cc2fe23f72a6a6fb,unchanged
figures/phase06/scenario_SMI_vs_Gamma_hs.svg,figures,1487,1487,ce6ea7960c799ded4b638e8cabba9b40b89e42c613a21f269ebdfd01ea9a061a,ce6ea7960c799ded4b638e8cabba9b40b89e42c613a21f269ebdfd01ea9a061a,unchanged
figures/phase06/uncertainty_SMI_by_scenario.svg,figures,718,718,6c947a5224d8c0d8281fdd19f4986a5ce91e45c8fc323e760b874daf8116dc9f,6c947a5224d8c0d8281fdd19f4986a5ce91e45c8fc323e760b874daf8116dc9f,unchanged
manuscript/BUILD_INSTRUCTIONS.md,manuscript,1592,1592,db896ce4183f7cb74a3b39ce3201345d3c653c9879b260a5ec5a21b05e325e35,db896ce4183f7cb74a3b39ce3201345d3c653c9879b260a5ec5a21b05e325e35,unchanged
manuscript/CLAIM_TO_SOURCE_LEDGER.csv,manuscript,7989,7989,fbb2c45fbc6bf606c71597c03b314753eebf2f1e6407ebc3bd1367515c64c44b,fbb2c45fbc6bf606c71597c03b314753eebf2f1e6407ebc3bd1367515c64c44b,unchanged
manuscript/FIGURE_EMBEDDING_REPORT.md,manuscript,1709,1709,13703e92f5c070fc5b73442f4003cb5f2da90f53c2e7cdf7bc2d14823909360e,13703e92f5c070fc5b73442f4003cb5f2da90f53c2e7cdf7bc2d14823909360e,unchanged
manuscript/FIGURE_SOURCE_MANIFEST.csv,manuscript,6341,6341,d9f29041f3adecf14ce968f6266b9d3421d8498ca4ca8a473a77f4836118174c,d9f29041f3adecf14ce968f6266b9d3421d8498ca4ca8a473a77f4836118174c,unchanged
manuscript/FORMATTING_FIX_REPORT.md,manuscript,1728,1728,cd914c51a272a0e683b8b6254ca2966347bdf3e8ae2a5f3616224adae3b46928,cd914c51a272a0e683b8b6254ca2966347bdf3e8ae2a5f3616224adae3b46928,unchanged
manuscript/JOURNAL_TARGET_ASSESSMENT.md,manuscript,8372,8372,92eadb769a7c388dbe20bb87d7ca3a5fdf93294b26010bb0efdcc22e2e882674,92eadb769a7c388dbe20bb87d7ca3a5fdf93294b26010bb0efdcc22e2e882674,unchanged
manuscript/LATEX_PRODUCTION_AUDIT.md,manuscript,3444,3444,b56e8fbdbb90902eabc29aa574fcd440bd6ccbc7cf263b029395cdeac0948848,b56e8fbdbb90902eabc29aa574fcd440bd6ccbc7cf263b029395cdeac0948848,unchanged
manuscript/LATEX_VALIDATION_REPORT.md,manuscript,2571,2571,fc486ae1af2e2ecd3ed8ad3e5865c9874130e83ffbdcdfbe3d45e8b36dd76843,fc486ae1af2e2ecd3ed8ad3e5865c9874130e83ffbdcdfbe3d45e8b36dd76843,unchanged
manuscript/Makefile,manuscript,1239,1239,c5dffbe7456755683fa4ba643e5b9888be4c03ed9b446076c4d3dca9f49f8daa,c5dffbe7456755683fa4ba643e5b9888be4c03ed9b446076c4d3dca9f49f8daa,unchanged
manuscript/NUMERICAL_VERIFICATION_REPORT.md,manuscript,5789,5789,81068cb4d0bca70660743b1ff7a01a45c146d514cfd70a38f68ef6917adbcdfe,81068cb4d0bca70660743b1ff7a01a45c146d514cfd70a38f68ef6917adbcdfe,unchanged
manuscript/PUBLICATION_GUIDE.md,manuscript,1326,1326,c74435c5e05feabb92306d165a90264ed5f14f8aa6e07cad9b62c40eb2bc676c,c74435c5e05feabb92306d165a90264ed5f14f8aa6e07cad9b62c40eb2bc676c,unchanged
manuscript/PUBLISHER_PROOF_REPORT.md,manuscript,2377,2377,85a54e176f29df2787a858a5ebf35c39bc24cf642219325fa2ea55f508d52698,85a54e176f29df2787a858a5ebf35c39bc24cf642219325fa2ea55f508d52698,unchanged
manuscript/TABLE_SOURCE_MANIFEST.csv,manuscript,3097,3097,5c87727ed46516480acbd860389be7ca865e0b5fefe6e3c136effb437750b164,5c87727ed46516480acbd860389be7ca865e0b5fefe6e3c136effb437750b164,unchanged
manuscript/__pycache__/render_figure_pdfs.cpython-312.pyc,manuscript,12398,12398,c7982415f29188d1d84e42a67301f242b8dfafa4aa3e25fd5d9f18c644e13e2f,c7982415f29188d1d84e42a67301f242b8dfafa4aa3e25fd5d9f18c644e13e2f,unchanged
manuscript/__pycache__/render_figure_pdfs.cpython-314.pyc,manuscript,14842,14842,c511de632d8f0a8863fbd341ec18326d3ec3f35d6ce307ce3f85885216728777,c511de632d8f0a8863fbd341ec18326d3ec3f35d6ce307ce3f85885216728777,unchanged
manuscript/build.ps1,manuscript,3008,3008,dd0e59777c56bf43af43a9508c20b192f81c2d6f43b628c439923da544a02315,dd0e59777c56bf43af43a9508c20b192f81c2d6f43b628c439923da544a02315,unchanged
manuscript/build.sh,manuscript,2253,2253,aa6c95c8aa63994c9c3773ed794303793ea4402dd7e3a374dc34ca5ebc9e7215,aa6c95c8aa63994c9c3773ed794303793ea4402dd7e3a374dc34ca5ebc9e7215,unchanged
manuscript/figures/Fig1_architecture.pdf,manuscript,1172374,1172374,1db25142b23b34d3978b7172b92b457a6997177d4b4be6c99dd2b0eda9ca37d0,1db25142b23b34d3978b7172b92b457a6997177d4b4be6c99dd2b0eda9ca37d0,unchanged
manuscript/figures/Fig1_architecture.png,manuscript,980478,980478,e1e9bbedaab9f6e0f56f498ce069b5a0e840383f4173b95c5b64c15b2da89960,e1e9bbedaab9f6e0f56f498ce069b5a0e840383f4173b95c5b64c15b2da89960,unchanged
manuscript/figures/Fig1_architecture.svg,manuscript,308,308,7d7591ca8481c17bac17ac23a402485d50e078a6b34ac655f67b12227af1cd88,7d7591ca8481c17bac17ac23a402485d50e078a6b34ac655f67b12227af1cd88,unchanged
manuscript/figures/Fig2A_low_trace.svg,manuscript,333122,333122,af37c5645e962d2814ef453194b831ef1f9b1a2e9931cc2cc10a22ad77bc2b46,af37c5645e962d2814ef453194b831ef1f9b1a2e9931cc2cc10a22ad77bc2b46,unchanged
manuscript/figures/Fig2B_intermediate_trace.svg,manuscript,333936,333936,6771c4ad3421f13dec3487563f5de3dac750e5e2ffcbd87c859bfab122bdeeda,6771c4ad3421f13dec3487563f5de3dac750e5e2ffcbd87c859bfab122bdeeda,unchanged
manuscript/figures/Fig2C_high_trace.svg,manuscript,335436,335436,bc5fa9a9228f5d2c0e6241375d5cf30bb69627d84bc5ab8eae070bd7345e6ac7,bc5fa9a9228f5d2c0e6241375d5cf30bb69627d84bc5ab8eae070bd7345e6ac7,unchanged
manuscript/figures/Fig3A_fixed_load_somatic.svg,manuscript,31501,31501,6911a3157e945b16fcd6022216c085d9410f5d9fc871f0432dc9faf974e2e070,6911a3157e945b16fcd6022216c085d9410f5d9fc871f0432dc9faf974e2e070,unchanged
manuscript/figures/Fig3B_fixed_load_amplitude.svg,manuscript,31690,31690,954b1533b483aa59aba07e6ecec37836f5e69e258701ce959db726c2cee469a7,954b1533b483aa59aba07e6ecec37836f5e69e258701ce959db726c2cee469a7,unchanged
manuscript/figures/Fig3C_matched_neck_somatic.svg,manuscript,3119,3119,d7709e251d6efec7c5aa21de3da44da900e82c753ef0141185c775a45e898a89,d7709e251d6efec7c5aa21de3da44da900e82c753ef0141185c775a45e898a89,unchanged
manuscript/figures/Fig3D_matched_neck_amplitude.svg,manuscript,3099,3099,57bfb8f3e759585e8982c414a5b8241746d118155c562eb29fa456daa4384b64,57bfb8f3e759585e8982c414a5b8241746d118155c562eb29fa456daa4384b64,unchanged
manuscript/figures/Fig4A_passive_local.svg,manuscript,2615,2615,a23a1f8a1c22b4c6d522087abe38b24af4a8b2912ab83edc39757e3099ccf3be,a23a1f8a1c22b4c6d522087abe38b24af4a8b2912ab83edc39757e3099ccf3be,unchanged
manuscript/figures/Fig4B_impedance_spectrum.svg,manuscript,843,843,cb35b6e29f1680823f3f8acec5ee388f23a67fcfc6a0e1587d0495213ce9f817,cb35b6e29f1680823f3f8acec5ee388f23a67fcfc6a0e1587d0495213ce9f817,unchanged
manuscript/figures/Fig5A_passive_somatic.svg,manuscript,2628,2628,aeaf677b1e1110be670230b75ae96c6630f585891567d49450bb7f4f5cd64d50,aeaf677b1e1110be670230b75ae96c6630f585891567d49450bb7f4f5cd64d50,unchanged
manuscript/figures/Fig5B_dynamic_smi.svg,manuscript,848,848,5d2daa40368209f12f1e9de0738689b51358456f3fe39748d5abb67d01ac02e1,5d2daa40368209f12f1e9de0738689b51358456f3fe39748d5abb67d01ac02e1,unchanged
manuscript/figures/Fig6A_active_local.svg,manuscript,4363,4363,25e2a21a7e434a57b1b2b692a1770750d512ff090277430f538d6a0330ce71d7,25e2a21a7e434a57b1b2b692a1770750d512ff090277430f538d6a0330ce71d7,unchanged
manuscript/figures/Fig6B_active_amplitude.svg,manuscript,4361,4361,80bb719dc59167432b3899adf3117b0bbacb41a50799b95af94b3b40f849f4b1,80bb719dc59167432b3899adf3117b0bbacb41a50799b95af94b3b40f849f4b1,unchanged
manuscript/figures/Fig7A_smi_convergence.svg,manuscript,642,642,08e30b906538110ef4ce399e87390999a43fee36a150013f723f1077b897ee5c,08e30b906538110ef4ce399e87390999a43fee36a150013f723f1077b897ee5c,unchanged
manuscript/figures/Fig7B_radius_flips.svg,manuscript,668,668,e8280701f7060d1c7f9d1857deb8c175f129519352bdc0929d5521427cc9387c,e8280701f7060d1c7f9d1857deb8c175f129519352bdc0929d5521427cc9387c,unchanged
manuscript/figures/Fig8A_amplitude_counterexamples.svg,manuscript,668,668,7351bbc3a1c3a161c2b6488a1afade1fc17a123712accfe9d73abcf061722b77,7351bbc3a1c3a161c2b6488a1afade1fc17a123712accfe9d73abcf061722b77,unchanged
manuscript/figures/Fig8B_predictor_stability.svg,manuscript,662,662,45e051593d110081d2fcdee53dc42797d27c0bffc713ead0bfd20a939ca53210,45e051593d110081d2fcdee53dc42797d27c0bffc713ead0bfd20a939ca53210,unchanged
manuscript/figures_pdf/Fig1_architecture.pdf,manuscript,1172376,1172376,b81107cb00a4424045d9ec55a9015e0193e031d6442121d6a96287d127902aca,b81107cb00a4424045d9ec55a9015e0193e031d6442121d6a96287d127902aca,unchanged
manuscript/figures_pdf/Fig2A_low_trace.pdf,manuscript,130471,130471,f6213713d21e77374e345e91fd2068211e353773b6f1b3e9c2b67352341f004f,f6213713d21e77374e345e91fd2068211e353773b6f1b3e9c2b67352341f004f,unchanged
manuscript/figures_pdf/Fig2B_intermediate_trace.pdf,manuscript,125900,125900,9881457e446c65c6bf3c62f9523cb3364004e6683ee588c93e9066e9d8902610,9881457e446c65c6bf3c62f9523cb3364004e6683ee588c93e9066e9d8902610,unchanged
manuscript/figures_pdf/Fig2C_high_trace.pdf,manuscript,94484,94484,76f8bd9b7e9f1ccfb82b7bcb6fc1dbcc17b6d98a38f9df790fe47d5fdec384ff,76f8bd9b7e9f1ccfb82b7bcb6fc1dbcc17b6d98a38f9df790fe47d5fdec384ff,unchanged
manuscript/figures_pdf/Fig3A_fixed_load_somatic.pdf,manuscript,32297,32297,aefea695a015c847ac435e39df051c1b4af81ab0b5f019a0cf18bf51d8d127e1,aefea695a015c847ac435e39df051c1b4af81ab0b5f019a0cf18bf51d8d127e1,unchanged
manuscript/figures_pdf/Fig3B_fixed_load_amplitude.pdf,manuscript,31613,31613,b6df5e8cd14f81b32a3ef389b419460e61740e6bd0c474497deee6cb177d64a9,b6df5e8cd14f81b32a3ef389b419460e61740e6bd0c474497deee6cb177d64a9,unchanged
manuscript/figures_pdf/Fig3C_matched_neck_somatic.pdf,manuscript,4098,4098,0d7fed4500ec1b7d55fe183049e8c2f475aa17260360250877d331b2feb83063,0d7fed4500ec1b7d55fe183049e8c2f475aa17260360250877d331b2feb83063,unchanged
manuscript/figures_pdf/Fig3D_matched_neck_amplitude.pdf,manuscript,4078,4078,ff763e758d91dcc2617208e59b979bf7eab0eec08db15cb29f22422a2da07a13,ff763e758d91dcc2617208e59b979bf7eab0eec08db15cb29f22422a2da07a13,unchanged
manuscript/figures_pdf/Fig4A_passive_local.pdf,manuscript,3346,3346,c355c329e8112b942312678ffeefcb7edfadcd536f230e1a4392fb36aab63d7d,c355c329e8112b942312678ffeefcb7edfadcd536f230e1a4392fb36aab63d7d,unchanged
manuscript/figures_pdf/Fig4B_impedance_spectrum.pdf,manuscript,1697,1697,7734d13ae8c9fc1a637a3c58ca633d20246e15331f54d1e3cdee938506583206,7734d13ae8c9fc1a637a3c58ca633d20246e15331f54d1e3cdee938506583206,unchanged
manuscript/figures_pdf/Fig5A_passive_somatic.pdf,manuscript,3369,3369,d582cc2dd6bcce9b1d72ddffc92492dcf83b87ec8b1294b21eeb294c822b4b79,d582cc2dd6bcce9b1d72ddffc92492dcf83b87ec8b1294b21eeb294c822b4b79,unchanged
manuscript/figures_pdf/Fig5B_dynamic_smi.pdf,manuscript,1687,1687,bfe953e94bc56d4d94c91f7b4d70091f2b8c82d69673fe28abb02fb7afed1ad6,bfe953e94bc56d4d94c91f7b4d70091f2b8c82d69673fe28abb02fb7afed1ad6,unchanged
manuscript/figures_pdf/Fig6A_active_local.pdf,manuscript,4319,4319,84ca76589976348c40049de509dd57cd42c207cdd3889f5f66a453db24080a2e,84ca76589976348c40049de509dd57cd42c207cdd3889f5f66a453db24080a2e,unchanged
manuscript/figures_pdf/Fig6B_active_amplitude.pdf,manuscript,4365,4365,549e90160899f26939be49150680b7edb4721c34f2841199e63aeaaa9f63f7aa,549e90160899f26939be49150680b7edb4721c34f2841199e63aeaaa9f63f7aa,unchanged
manuscript/figures_pdf/Fig7A_smi_convergence.pdf,manuscript,1538,1538,cab576391ff2a3088214e0076b7bc494ad4214ceff029523fa32e7e82625210c,cab576391ff2a3088214e0076b7bc494ad4214ceff029523fa32e7e82625210c,unchanged
manuscript/figures_pdf/Fig7B_radius_flips.pdf,manuscript,1561,1561,e88bf9ec33805ae2fbbc37b5d93631a4e92b07fc1f853a0b7536ffa666bbce0a,e88bf9ec33805ae2fbbc37b5d93631a4e92b07fc1f853a0b7536ffa666bbce0a,unchanged
manuscript/figures_pdf/Fig8A_amplitude_counterexamples.pdf,manuscript,1563,1563,e001069afcb622e3490a34ceb0307777ee8694e2378691d58c19ce63dcfdbc2b,e001069afcb622e3490a34ceb0307777ee8694e2378691d58c19ce63dcfdbc2b,unchanged
manuscript/figures_pdf/Fig8B_predictor_stability.pdf,manuscript,1567,1567,9590de1ebb6bf172481650ddaae2bc416821df39ab03f03085e4198437539118,9590de1ebb6bf172481650ddaae2bc416821df39ab03f03085e4198437539118,unchanged
manuscript/figures_publication/Fig1_architecture.pdf,manuscript,56008,56008,162ccad468b689288f30312c3ef3e9ee626cae42c92ea78982d40db77f00a173,162ccad468b689288f30312c3ef3e9ee626cae42c92ea78982d40db77f00a173,unchanged
manuscript/figures_publication/Fig1_architecture.png,manuscript,33139,33139,600ed674c83147bc0f87f1852d6a3c964e57f03e7d575f14cb172a9c53cf5d4b,600ed674c83147bc0f87f1852d6a3c964e57f03e7d575f14cb172a9c53cf5d4b,unchanged
manuscript/figures_publication/Fig1_architecture.svg,manuscript,6676,6676,b470af1ac7b42fcba92a7a7480fb0bca3ab8c98f4b015f377b7475064e1cbac3,b470af1ac7b42fcba92a7a7480fb0bca3ab8c98f4b015f377b7475064e1cbac3,unchanged
manuscript/figures_publication/Fig2_baseline_traces.pdf,manuscript,78215,78215,c007a47e8a91e32733d69e3a97969647003fda53a29d9214eb04be82d8aef163,c007a47e8a91e32733d69e3a97969647003fda53a29d9214eb04be82d8aef163,unchanged
manuscript/figures_publication/Fig2_baseline_traces.png,manuscript,25110,25110,a86f5737c67998b6c31b8621fcd66f3c8a9d77bb3a04ba8d86a9c9d2bd09db96,a86f5737c67998b6c31b8621fcd66f3c8a9d77bb3a04ba8d86a9c9d2bd09db96,unchanged
manuscript/figures_publication/Fig2_baseline_traces.svg,manuscript,1194114,1194114,e94bc84e209fdf3b38761d300122433b1ee15f82cc33229903100f8f775cb4e6,e94bc84e209fdf3b38761d300122433b1ee15f82cc33229903100f8f775cb4e6,unchanged
manuscript/figures_publication/Fig3_divider_residuals.pdf,manuscript,130582,130582,42d6f9b68fe1bdbe05600e7d173099324e2b99dedaeb478fb17804eb1871c301,42d6f9b68fe1bdbe05600e7d173099324e2b99dedaeb478fb17804eb1871c301,unchanged
manuscript/figures_publication/Fig3_divider_residuals.png,manuscript,618218,618218,016d1042588af951b5979e58f01fcb0a3485766f41a42dfb18b92d3e8425d932,016d1042588af951b5979e58f01fcb0a3485766f41a42dfb18b92d3e8425d932,unchanged
manuscript/figures_publication/Fig3_divider_residuals.svg,manuscript,1305365,1305365,0290dd78d2437e5e20db111739aa0c9fe0cd85de255b224bd102d44caf1adaa8,0290dd78d2437e5e20db111739aa0c9fe0cd85de255b224bd102d44caf1adaa8,unchanged
manuscript/figures_publication/Fig3_load_normalization.pdf,manuscript,85911,85911,2c983f47d011231bd8bc900188e13cfe172633e213fddddd7ba302e5bb955dad,2c983f47d011231bd8bc900188e13cfe172633e213fddddd7ba302e5bb955dad,unchanged
manuscript/figures_publication/Fig3_load_normalization.png,manuscript,32419,32419,9e2246ed34ec45277ffddbcfa967e77457b68645d7fb00f5ad93dae6a58dbc9f,9e2246ed34ec45277ffddbcfa967e77457b68645d7fb00f5ad93dae6a58dbc9f,unchanged
manuscript/figures_publication/Fig3_load_normalization.svg,manuscript,97936,97936,6f1db2e8d194c86531a8b4bc14af885cc54bede5c730cf7f291e5722f3568393,6f1db2e8d194c86531a8b4bc14af885cc54bede5c730cf7f291e5722f3568393,unchanged
manuscript/figures_publication/Fig4_passive_domain.pdf,manuscript,83468,83468,a44d32086ed56b2e90e198a3e314d6da0373468cc5bdb00b05660dc7758b6388,a44d32086ed56b2e90e198a3e314d6da0373468cc5bdb00b05660dc7758b6388,unchanged
manuscript/figures_publication/Fig4_passive_domain.png,manuscript,32132,32132,952ab9f7219d0f7f260a8211085a980d2a36cbd3f4e36c423568c2c8fb0befb7,952ab9f7219d0f7f260a8211085a980d2a36cbd3f4e36c423568c2c8fb0befb7,unchanged
manuscript/figures_publication/Fig4_passive_domain.svg,manuscript,14156,14156,c36b726c07b141aded3bb31936a19bef90e541a2900c85b56a5a898c7093c5eb,c36b726c07b141aded3bb31936a19bef90e541a2900c85b56a5a898c7093c5eb,unchanged
manuscript/figures_publication/Fig5_passive_limitations.pdf,manuscript,89337,89337,f49533973532c1f3a0588d34e4a32873687c80df11fa381771c762d5742e5032,f49533973532c1f3a0588d34e4a32873687c80df11fa381771c762d5742e5032,unchanged
manuscript/figures_publication/Fig5_passive_limitations.png,manuscript,30748,30748,3a94a9d0347bc01c971f8585dc3eaf5c5000f59e953d928c3b250822671920c6,3a94a9d0347bc01c971f8585dc3eaf5c5000f59e953d928c3b250822671920c6,unchanged
manuscript/figures_publication/Fig5_passive_limitations.svg,manuscript,19332,19332,e0556eca7ee6abfd54a2de9940304057652dd32ae682cc1a258d5866225008b4,e0556eca7ee6abfd54a2de9940304057652dd32ae682cc1a258d5866225008b4,unchanged
manuscript/figures_publication/Fig6_active_domain.pdf,manuscript,86585,86585,99a9f4fa666ef7c46962ab35a7ad310a32aa16bbd92d52ac633fdc130285ec8f,99a9f4fa666ef7c46962ab35a7ad310a32aa16bbd92d52ac633fdc130285ec8f,unchanged
manuscript/figures_publication/Fig6_active_domain.png,manuscript,31134,31134,a57712a861f18a6ce8b0ce9071b854163bf4c507289bb847da035abff0d6c9cc,a57712a861f18a6ce8b0ce9071b854163bf4c507289bb847da035abff0d6c9cc,unchanged
manuscript/figures_publication/Fig6_active_domain.svg,manuscript,23861,23861,d2c75967536dbf9302020f9694a37ba5ec34d8bc43ff639a0745ef7ca5a9769e,d2c75967536dbf9302020f9694a37ba5ec34d8bc43ff639a0745ef7ca5a9769e,unchanged
manuscript/figures_publication/Fig7_uncertainty_radius.pdf,manuscript,83047,83047,53a2bfbc8355e2eaa82f7e3bce9cb250e88737b260929be97f6ea93b1a0cf8ec,53a2bfbc8355e2eaa82f7e3bce9cb250e88737b260929be97f6ea93b1a0cf8ec,unchanged
manuscript/figures_publication/Fig7_uncertainty_radius.png,manuscript,33625,33625,7ff23c644f40ba11cad2902a9f13656642d6dacf6a431a45e411bddf731d9de6,7ff23c644f40ba11cad2902a9f13656642d6dacf6a431a45e411bddf731d9de6,unchanged
manuscript/figures_publication/Fig7_uncertainty_radius.svg,manuscript,18170,18170,fdaaff1769b32019055f34c2518715b54847b750c7e43d39be9179fed2207e97,fdaaff1769b32019055f34c2518715b54847b750c7e43d39be9179fed2207e97,unchanged
manuscript/figures_publication/Fig8_summary.pdf,manuscript,93692,93692,e2a1da6829971f3c146304aee937ecae026f373482e960f5f907c27212860e26,e2a1da6829971f3c146304aee937ecae026f373482e960f5f907c27212860e26,unchanged
manuscript/figures_publication/Fig8_summary.png,manuscript,49360,49360,f891b5dd148eaa5b973a029ad6f9e755740987cd1a86be838fa4580df1394533,f891b5dd148eaa5b973a029ad6f9e755740987cd1a86be838fa4580df1394533,unchanged
manuscript/figures_publication/Fig8_summary.svg,manuscript,10331,10331,6a78cb8d6b2f49ec5178eb14fa1254b761f11ab32861570ebf07b86ddba6fedc,6a78cb8d6b2f49ec5178eb14fa1254b761f11ab32861570ebf07b86ddba6fedc,unchanged
manuscript/figures_publication/FigS1_fixed_load_heatmap.pdf,manuscript,76982,76982,a347a10de56fe410c572752d78f9ba261db68154dff7022d8679fa356e214b35,a347a10de56fe410c572752d78f9ba261db68154dff7022d8679fa356e214b35,unchanged
manuscript/figures_publication/FigS1_fixed_load_heatmap.png,manuscript,22857,22857,83b93e2514ed56b0da50427877f9e4bfa0e0ec8eb4ce5d5b1b9289d11118d72e,83b93e2514ed56b0da50427877f9e4bfa0e0ec8eb4ce5d5b1b9289d11118d72e,unchanged
manuscript/figures_publication/FigS1_fixed_load_heatmap.svg,manuscript,58551,58551,e1b113903cf64af6d700b587c2ac3fc5c39f01c324c2b6acd12344cc2d688c2d,e1b113903cf64af6d700b587c2ac3fc5c39f01c324c2b6acd12344cc2d688c2d,unchanged
manuscript/figures_publication/FigS2_dt_convergence.pdf,manuscript,30597,30597,aabc6ec3a1c842c6a25b1e0e42bd98eb06f7a11b754011c79a28d9fd39e522bb,aabc6ec3a1c842c6a25b1e0e42bd98eb06f7a11b754011c79a28d9fd39e522bb,unchanged
manuscript/figures_publication/FigS2_dt_convergence.png,manuscript,12672,12672,6ae83d2cf46c6e0c59d8caa95041813403470cb04e79ddfc8d06ec5ca01cf049,6ae83d2cf46c6e0c59d8caa95041813403470cb04e79ddfc8d06ec5ca01cf049,unchanged
manuscript/figures_publication/FigS2_dt_convergence.svg,manuscript,3113,3113,9747da72b874aac4df8ac071cd7e8f1a1dc6d2d90a10ae040d0f30020f182bae,9747da72b874aac4df8ac071cd7e8f1a1dc6d2d90a10ae040d0f30020f182bae,unchanged
manuscript/figures_publication/FigS3_spatial_convergence.pdf,manuscript,31330,31330,f1f0a9885a43315fc26c1c04f14d4a1ecf25ac4595b682ea055635625d50dfb5,f1f0a9885a43315fc26c1c04f14d4a1ecf25ac4595b682ea055635625d50dfb5,unchanged
manuscript/figures_publication/FigS3_spatial_convergence.png,manuscript,14674,14674,64cb12de67c4dd081302cbc802bba10dee07fad0b37fd2500dff5cac92f021e2,64cb12de67c4dd081302cbc802bba10dee07fad0b37fd2500dff5cac92f021e2,unchanged
manuscript/figures_publication/FigS3_spatial_convergence.svg,manuscript,3806,3806,7391fb0d2ba4461f588977b26cc9e8ef33f457fafaf0cda830b4f7c94df25abb,7391fb0d2ba4461f588977b26cc9e8ef33f457fafaf0cda830b4f7c94df25abb,unchanged
manuscript/figures_publication/FigS4_neck_models.pdf,manuscript,28060,28060,7c92f0970c35fcbf8c666a780687c1ab3d7fb436c6b0168f4ed9521b48ff7b82,7c92f0970c35fcbf8c666a780687c1ab3d7fb436c6b0168f4ed9521b48ff7b82,unchanged
manuscript/figures_publication/FigS4_neck_models.png,manuscript,11926,11926,34f29091309f42831b5aa2045b7a1a96af345e8438a135e12f5453fea0e59f3e,34f29091309f42831b5aa2045b7a1a96af345e8438a135e12f5453fea0e59f3e,unchanged
manuscript/figures_publication/FigS4_neck_models.svg,manuscript,4247,4247,5f791708cf1c8cc85ed172dd9355ab9d099ece1b10ee30210e4a5b6d2cd40fca,5f791708cf1c8cc85ed172dd9355ab9d099ece1b10ee30210e4a5b6d2cd40fca,unchanged
manuscript/figures_publication/FigS5_smi_interval_width.pdf,manuscript,28874,28874,e0cb1d24d109cb396156778ccd5dc753bffcf78c5469fed8309f93ecc4b06dc7,e0cb1d24d109cb396156778ccd5dc753bffcf78c5469fed8309f93ecc4b06dc7,unchanged
manuscript/figures_publication/FigS5_smi_interval_width.png,manuscript,13287,13287,27f3c88ddbe3f4503e6950da171c23a63f98d3420d8f10ec4841c711b6b30402,27f3c88ddbe3f4503e6950da171c23a63f98d3420d8f10ec4841c711b6b30402,unchanged
manuscript/figures_publication/FigS5_smi_interval_width.svg,manuscript,4103,4103,29e5721fd873d863866bee1a6b862bb435c28649874d5b1c43c9764cfa120eba,29e5721fd873d863866bee1a6b862bb435c28649874d5b1c43c9764cfa120eba,unchanged
manuscript/figures_publication/FigS6_active_protocol_strength.pdf,manuscript,38391,38391,70b182c5ba4780e7fc43b89d941d8f547e22082d17702b541cfbd43d0260e142,70b182c5ba4780e7fc43b89d941d8f547e22082d17702b541cfbd43d0260e142,unchanged
manuscript/figures_publication/FigS6_active_protocol_strength.png,manuscript,14535,14535,51bb131ef274a38939bc07ab7bb5715b8285f5703bb61e622fe49896d2c114e2,51bb131ef274a38939bc07ab7bb5715b8285f5703bb61e622fe49896d2c114e2,unchanged
manuscript/figures_publication/FigS6_active_protocol_strength.svg,manuscript,6121,6121,c11492652a85cb0185ec070f823dd74c48f75ec4553aee32b68b0e9978d0ce06,c11492652a85cb0185ec070f823dd74c48f75ec4553aee32b68b0e9978d0ce06,unchanged
manuscript/figures_publication/FigS7_active_impedance.pdf,manuscript,28906,28906,8d51c08ad5b6e9302c5201a4125b97bbbc66a74506a0206557412e57e2df13c8,8d51c08ad5b6e9302c5201a4125b97bbbc66a74506a0206557412e57e2df13c8,unchanged
manuscript/figures_publication/FigS7_active_impedance.png,manuscript,12744,12744,d8d6a8e19d2dbf922416b579b94324de1439ff42c0b2c6d49c1738af333422fd,d8d6a8e19d2dbf922416b579b94324de1439ff42c0b2c6d49c1738af333422fd,unchanged
manuscript/figures_publication/FigS7_active_impedance.svg,manuscript,5034,5034,c6d9226e66141307463223ea33e1eac50bd189fa67564e2266e83512ce3a89b8,c6d9226e66141307463223ea33e1eac50bd189fa67564e2266e83512ce3a89b8,unchanged
manuscript/figures_publication/FigS8_phase06_smi_amplitude.pdf,manuscript,27738,27738,be0d34ddf5cf34be85cdea62ad6a978288b059d19c2aef82aaf34e6d4c223483,be0d34ddf5cf34be85cdea62ad6a978288b059d19c2aef82aaf34e6d4c223483,unchanged
manuscript/figures_publication/FigS8_phase06_smi_amplitude.png,manuscript,9707,9707,bd429264bf43027f463fe9cdc73338e9abd24c203e33e3cf320ecca80cd1456d,bd429264bf43027f463fe9cdc73338e9abd24c203e33e3cf320ecca80cd1456d,unchanged
manuscript/figures_publication/FigS8_phase06_smi_amplitude.svg,manuscript,5826,5826,52bd0fe8614350fb509d90b7f187a0b09a2f9e7dab00e0167afe54d17aabca9b,52bd0fe8614350fb509d90b7f187a0b09a2f9e7dab00e0167afe54d17aabca9b,unchanged
manuscript/figures_publication/FigS9_phase06_uncertainty.pdf,manuscript,41668,41668,2e7ee066930706f86b93ebee26490c156ca5b5f32c902a1ef5b28bd3ca2ae213,2e7ee066930706f86b93ebee26490c156ca5b5f32c902a1ef5b28bd3ca2ae213,unchanged
manuscript/figures_publication/FigS9_phase06_uncertainty.png,manuscript,17221,17221,21ca2c78d8a5e04c69bb8597d8f8eabaf3aa99ca488be5a77fbacc882bbd6902,21ca2c78d8a5e04c69bb8597d8f8eabaf3aa99ca488be5a77fbacc882bbd6902,unchanged
manuscript/figures_publication/FigS9_phase06_uncertainty.svg,manuscript,11032,11032,342d93ef81710b08fd42939bb4f9ea3bfae419ebb0c527ff77894fc588581c6a,342d93ef81710b08fd42939bb4f9ea3bfae419ebb0c527ff77894fc588581c6a,unchanged
manuscript/main_blinded.aux,manuscript,12646,12646,1e7683e1427a36f3a328a85b8412c9779786f7e287f4d124cf53f23e6669874e,1e7683e1427a36f3a328a85b8412c9779786f7e287f4d124cf53f23e6669874e,unchanged
manuscript/main_blinded.bbl,manuscript,9889,9889,46206592cfccbba9bdd6a624e777d18b59f63938c037048c17f7df583b641ce1,46206592cfccbba9bdd6a624e777d18b59f63938c037048c17f7df583b641ce1,unchanged
manuscript/main_blinded.blg,manuscript,1061,1061,87bea857f33075907a18211e130b10a44caf21d7f4dc793f547628c2e09a5d8c,87bea857f33075907a18211e130b10a44caf21d7f4dc793f547628c2e09a5d8c,unchanged
manuscript/main_blinded.log,manuscript,29099,29099,f8c95d88ee9eb33514fd24f5372e98eeeb9583df155025856aba90e10ca213f9,f8c95d88ee9eb33514fd24f5372e98eeeb9583df155025856aba90e10ca213f9,unchanged
manuscript/main_blinded.out,manuscript,4880,4880,0966597cfc8de00c3a61b67b65f73064c3556e68724d4ab3b6cf13a06f8c035a,0966597cfc8de00c3a61b67b65f73064c3556e68724d4ab3b6cf13a06f8c035a,unchanged
manuscript/main_blinded.pdf,manuscript,1069863,1069863,743a73e340422b52b603a375ece4aaf2808afea885b4b4bb64bd1d9652d251c5,743a73e340422b52b603a375ece4aaf2808afea885b4b4bb64bd1d9652d251c5,unchanged
manuscript/main_blinded.tex,manuscript,1335,1335,df03a21173d10326b9ca633ebf8eb377a0232e5f36db1715077ec81ca448fb83,df03a21173d10326b9ca633ebf8eb377a0232e5f36db1715077ec81ca448fb83,unchanged
manuscript/main_unblinded.aux,manuscript,13360,13360,7a082393c6968cb905618e23c2185e3ed3691ab37b7d056aa32fc6ed937d532e,7a082393c6968cb905618e23c2185e3ed3691ab37b7d056aa32fc6ed937d532e,unchanged
manuscript/main_unblinded.bbl,manuscript,10199,10199,375b98491bf9f21d6531398560ee0daff3a22cfb0c133a28d8cf8cfd8260ab69,375b98491bf9f21d6531398560ee0daff3a22cfb0c133a28d8cf8cfd8260ab69,unchanged
manuscript/main_unblinded.blg,manuscript,1195,1195,b4e38fe37b84e7415acdc0e6961c1fc1de10be650c78dfcce6f93603cfd94cac,b4e38fe37b84e7415acdc0e6961c1fc1de10be650c78dfcce6f93603cfd94cac,unchanged
manuscript/main_unblinded.log,manuscript,29548,29548,095df03adea1f51af7e62cdeadad5ca807f1e30fc9cf3813b1930386cbc1155c,095df03adea1f51af7e62cdeadad5ca807f1e30fc9cf3813b1930386cbc1155c,unchanged
manuscript/main_unblinded.out,manuscript,4796,4796,d52550fcda2e08278f0c341c6591b645e79b64d797d739bd6144b41915787f5e,d52550fcda2e08278f0c341c6591b645e79b64d797d739bd6144b41915787f5e,unchanged
manuscript/main_unblinded.pdf,manuscript,936078,936078,48eeca7b7c71adab978b180408fe00cf0cbd2a9aac0a179fa895da0c0938bb36,48eeca7b7c71adab978b180408fe00cf0cbd2a9aac0a179fa895da0c0938bb36,unchanged
manuscript/main_unblinded.tex,manuscript,631,631,8ad7e2c041fe1ebe3d687aed1aab8a871c72c36753106ac3488afc86ad832abd,8ad7e2c041fe1ebe3d687aed1aab8a871c72c36753106ac3488afc86ad832abd,unchanged
manuscript/metadata.tex,manuscript,1919,1919,2f8a48c78cecf9a6eff25737d23b80b5646b2096981001919efabf5ce206bed2,2f8a48c78cecf9a6eff25737d23b80b5646b2096981001919efabf5ce206bed2,unchanged
manuscript/preamble.tex,manuscript,1468,1468,7abfd3c0732f979b7b5a1540c2bb2fb8595643e141ea3aeddcc288d3e710bf27,7abfd3c0732f979b7b5a1540c2bb2fb8595643e141ea3aeddcc288d3e710bf27,unchanged
manuscript/references.bib,manuscript,12095,12095,9abcea1e4570831707abde0af2bc15c3df803771d1ad4e7d76fde50cf2b964b2,9abcea1e4570831707abde0af2bc15c3df803771d1ad4e7d76fde50cf2b964b2,unchanged
manuscript/render_figure_pdfs.py,manuscript,6979,6979,a3a7284d418bbbc00f73003510eaff888bcf3d99bfb1af5807ddbb31ff5ae6a2,a3a7284d418bbbc00f73003510eaff888bcf3d99bfb1af5807ddbb31ff5ae6a2,unchanged
manuscript/revision_restart/PHASE0_ANALYSIS_REQUIREMENTS_SPEC.md,manuscript,5306,5306,c07892dbb4d3b9708f22fc4c710d4315ec0a0c5c5034a3afd73dcaad70cf3777,c07892dbb4d3b9708f22fc4c710d4315ec0a0c5c5034a3afd73dcaad70cf3777,unchanged
manuscript/revision_restart/PHASE0_DECISION_QUEUES.md,manuscript,3693,3693,6421a6e823d90ad0bdb83646c6e5cca6704d764854a73ffb85583c77d2d51067,6421a6e823d90ad0bdb83646c6e5cca6704d764854a73ffb85583c77d2d51067,unchanged
manuscript/revision_restart/PHASE0_EXECUTIVE_TRIAGE.md,manuscript,4456,4456,044534caff4a628618feecdeb445a73431b5db6e335cbbc51b5849b626e53bc8,044534caff4a628618feecdeb445a73431b5db6e335cbbc51b5849b626e53bc8,unchanged
manuscript/revision_restart/PHASE0_EXTERNAL_REVIEW_SOURCE.md,manuscript,25773,25773,cc62eef531bf6bc07ff6d19b8196156a6c8dc28258ebfbe1b04899152a82f7ee,cc62eef531bf6bc07ff6d19b8196156a6c8dc28258ebfbe1b04899152a82f7ee,unchanged
manuscript/revision_restart/PHASE0_FIGURE_SVG_SEARCH_RAW_HITS.csv,manuscript,4156,4156,f733b28168a8bc6ba5c48b853b5ac9f360cedf8f1bdc9f46c5e15c690a0725f0,f733b28168a8bc6ba5c48b853b5ac9f360cedf8f1bdc9f46c5e15c690a0725f0,unchanged
manuscript/revision_restart/PHASE0_NEXT_PHASE_HANDOFF.md,manuscript,4127,4127,66adf54a1ff79a2e6374c80de570c5ebdf69938e02e2daffe79581790fd0562e,66adf54a1ff79a2e6374c80de570c5ebdf69938e02e2daffe79581790fd0562e,unchanged
manuscript/revision_restart/PHASE0_PDF_TEXT_SEARCH_RAW_HITS.csv,manuscript,24488,24488,820f87611ed87dd57a8e60603be41463682fe7f929a5dc687996293199b4cfea,820f87611ed87dd57a8e60603be41463682fe7f929a5dc687996293199b4cfea,unchanged
manuscript/revision_restart/PHASE0_PHASE_ARCHITECTURE.md,manuscript,6453,6453,e9c7d8958473a507217a985b4c69fed4f8276c7bc7571e297252358e0f5e1c74,e9c7d8958473a507217a985b4c69fed4f8276c7bc7571e297252358e0f5e1c74,unchanged
manuscript/revision_restart/PHASE0_PROTECTED_HASHES_AFTER.csv,manuscript,24016,24016,a00a325f3728b1aeec55f30899e206b7c6c0ba9543cc8c06c7e68408b8bdde93,a00a325f3728b1aeec55f30899e206b7c6c0ba9543cc8c06c7e68408b8bdde93,unchanged
manuscript/revision_restart/PHASE0_PROTECTED_HASHES_BEFORE.csv,manuscript,24016,24016,a00a325f3728b1aeec55f30899e206b7c6c0ba9543cc8c06c7e68408b8bdde93,a00a325f3728b1aeec55f30899e206b7c6c0ba9543cc8c06c7e68408b8bdde93,unchanged
manuscript/revision_restart/PHASE0_REVIEW_RESPONSE_MATRIX.csv,manuscript,13734,13734,c882330924f21a06ad0972ce81bcc0cb360f1fe5934f7fd396fa2426ab08907e,c882330924f21a06ad0972ce81bcc0cb360f1fe5934f7fd396fa2426ab08907e,unchanged
manuscript/revision_restart/PHASE0_REVISED_THESIS_BLUEPRINT.md,manuscript,4134,4134,74b9e75d76cde477530655cc237d55a2e5fd4f499596dc4fb26ed61787fdcb94,74b9e75d76cde477530655cc237d55a2e5fd4f499596dc4fb26ed61787fdcb94,unchanged
manuscript/revision_restart/PHASE0_RISK_REGISTER.md,manuscript,3171,3171,bc5e608bbcdd519cdadda2dfe3c1b1aec0f0c612d08df7403f46d3346260d029,bc5e608bbcdd519cdadda2dfe3c1b1aec0f0c612d08df7403f46d3346260d029,unchanged
manuscript/revision_restart/PHASE0_STATIC_SEARCH_AUDIT.md,manuscript,4853,4853,7e1f0cb1a063d964802e7b1d4ddb7c071ecc4dcb6746bdd790d4b9da8fe997bf,7e1f0cb1a063d964802e7b1d4ddb7c071ecc4dcb6746bdd790d4b9da8fe997bf,unchanged
manuscript/revision_restart/PHASE0_STATIC_SEARCH_RAW_HITS.csv,manuscript,127047,127047,c5ff3a10345c2e985bcc544cceafd33077a2f4b0fe0c3c0ee4bcb130c378b85a,c5ff3a10345c2e985bcc544cceafd33077a2f4b0fe0c3c0ee4bcb130c378b85a,unchanged
manuscript/revision_restart/PHASE1_ANALYTIC_DIVIDER_DERIVATION.md,manuscript,3773,3773,76b55d22e1bcd50621852e5c9690c680c16c51496a1404ffaa870cc1209d5052,76b55d22e1bcd50621852e5c9690c680c16c51496a1404ffaa870cc1209d5052,unchanged
manuscript/revision_restart/PHASE1_CLAIM_REASSESSMENT.md,manuscript,3139,3139,70fbe088a67952c40460c4993166ad34c5fa71416f9c780769ebe949a353bcef,70fbe088a67952c40460c4993166ad34c5fa71416f9c780769ebe949a353bcef,unchanged
manuscript/revision_restart/PHASE1_DATA_INVENTORY.md,manuscript,4208,4208,91ae549552ceb9cc4e02a174fca1bbf0ef9c1c515fa000c537321e12aa88589d,91ae549552ceb9cc4e02a174fca1bbf0ef9c1c515fa000c537321e12aa88589d,unchanged
manuscript/revision_restart/PHASE1_DIAGNOSTIC_FIGURE_NOTES.md,manuscript,2037,2037,5bca34361053a431ad2c4fc96c890676b08ec4db4187400ba409e637657ee7f1,5bca34361053a431ad2c4fc96c890676b08ec4db4187400ba409e637657ee7f1,unchanged
manuscript/revision_restart/PHASE1_MANUSCRIPT_INSERT_DRAFT.md,manuscript,3533,3533,80564958fce8aeede56c2d71c2bba0dff1f1f60e29d8d9d2f8ff92ef75a3735b,80564958fce8aeede56c2d71c2bba0dff1f1f60e29d8d9d2f8ff92ef75a3735b,unchanged
manuscript/revision_restart/PHASE1_NEXT_PHASE_HANDOFF.md,manuscript,3562,3562,1f9177c5c1c6c7a209228f8c75f0dfc5ea73a4cd9c35208cbc648dd72d85774b,1f9177c5c1c6c7a209228f8c75f0dfc5ea73a4cd9c35208cbc648dd72d85774b,unchanged
manuscript/revision_restart/PHASE1_RESIDUAL_ANALYSIS_REPORT.md,manuscript,5861,5861,fdf72d0d5275a0ed5da6d239de50eb9397d397dffea7a03a6b223e7fba128784,fdf72d0d5275a0ed5da6d239de50eb9397d397dffea7a03a6b223e7fba128784,unchanged
manuscript/revision_restart/PHASE1_STATIC_LANGUAGE_AUDIT.md,manuscript,2482,2482,403ca733d12df9b1f5c032fa22f568b27b3b34eee5f25c6515a98491b5bcbca7,403ca733d12df9b1f5c032fa22f568b27b3b34eee5f25c6515a98491b5bcbca7,unchanged
manuscript/revision_restart/PHASE1_STATIC_LANGUAGE_RAW_HITS.csv,manuscript,56707,56707,8b2db8098975fb968f5f266a1bda024dd5ee03c1c04c6b22343ed4d1727496dc,8b2db8098975fb968f5f266a1bda024dd5ee03c1c04c6b22343ed4d1727496dc,unchanged
manuscript/revision_restart/PHASE2_CLAIM_REASSESSMENT.md,manuscript,5802,5802,28e3f017ce6defb603c00f2dd1dceac63c079a00c25aef0d6af61ff96947b0f9,28e3f017ce6defb603c00f2dd1dceac63c079a00c25aef0d6af61ff96947b0f9,unchanged
manuscript/revision_restart/PHASE2_DESCRIPTOR_VALUE_ANALYSIS_REPORT.md,manuscript,7797,7797,9fe021b9311a47b02c204747fe80ffb199e727257d5f002b2b27e25fafc63a88,9fe021b9311a47b02c204747fe80ffb199e727257d5f002b2b27e25fafc63a88,unchanged
manuscript/revision_restart/PHASE2_DIAGNOSTIC_FIGURE_NOTES.md,manuscript,1228,1228,30c7bca08134399a24e5eeca80b05e2cb8b1f6d24bb1b6a83c07bf31694c985a,30c7bca08134399a24e5eeca80b05e2cb8b1f6d24bb1b6a83c07bf31694c985a,unchanged
manuscript/revision_restart/PHASE2_MANUSCRIPT_INSERT_DRAFT.md,manuscript,3693,3693,243a8cbbd3f8acf62f949acdcc73f3a477b53336f2bddf4849c82cf2cf67228a,243a8cbbd3f8acf62f949acdcc73f3a477b53336f2bddf4849c82cf2cf67228a,unchanged
manuscript/revision_restart/PHASE2_NAMING_AND_NOVELTY_IMPLICATIONS.md,manuscript,3363,3363,30dfa0bf8933a89952ca65498d2c96045de787f6674be7bf5f343776ef7154a2,30dfa0bf8933a89952ca65498d2c96045de787f6674be7bf5f343776ef7154a2,unchanged
manuscript/revision_restart/PHASE2_NEXT_PHASE_HANDOFF.md,manuscript,3476,3476,177e8e6c537905abe182a995c2aed9e264a9a6df622addf5d4ecba942c342f35,177e8e6c537905abe182a995c2aed9e264a9a6df622addf5d4ecba942c342f35,unchanged
manuscript/revision_restart/PHASE2_STATIC_LANGUAGE_AUDIT.md,manuscript,3366,3366,f10ad9b949a6e5ebf12b81a0917b8d9c7c66fa3ebb872d1c75327f14d6c0e322,f10ad9b949a6e5ebf12b81a0917b8d9c7c66fa3ebb872d1c75327f14d6c0e322,unchanged
manuscript/revision_restart/PHASE3_CLAIM_REFRAMING_TABLE.csv,manuscript,3693,3693,707dc697e7f1f0c07c7ca49184c6b502ffb21d0c8f9b8f57114a07263a7fa98d,707dc697e7f1f0c07c7ca49184c6b502ffb21d0c8f9b8f57114a07263a7fa98d,unchanged
manuscript/revision_restart/PHASE3_HIGH_SMI_COVERAGE_REPORT.md,manuscript,2232,2232,08f5816f2d43b179842030037a4d7b15c3c99806a054ba274862b65c931a0355,08f5816f2d43b179842030037a4d7b15c3c99806a054ba274862b65c931a0355,unchanged
manuscript/revision_restart/PHASE3_INTERVAL_REFRAMING_REPORT.md,manuscript,2277,2277,97c9c1936839cf157dfd31a0ef523e6769f170438819be3ee799d84a2aa616b9,97c9c1936839cf157dfd31a0ef523e6769f170438819be3ee799d84a2aa616b9,unchanged
manuscript/revision_restart/PHASE3_MANUSCRIPT_INSERT_DRAFT.md,manuscript,3402,3402,a9c6cc1cd41bd54ea0d64e68fdadf0be0ab5e645855837dc7bc3813d7202246b,a9c6cc1cd41bd54ea0d64e68fdadf0be0ab5e645855837dc7bc3813d7202246b,unchanged
manuscript/revision_restart/PHASE3_NEXT_PHASE_HANDOFF.md,manuscript,2392,2392,9f36b12be36109bbae5e1463624a7337f62289303d6a71ad344cb07605399711,9f36b12be36109bbae5e1463624a7337f62289303d6a71ad344cb07605399711,unchanged
manuscript/revision_restart/PHASE3_PREDICTOR_LANGUAGE_REPORT.md,manuscript,2319,2319,203a673aec5ab474e83906a59370a796ef5938a3885fd6dc8884efa51254b005,203a673aec5ab474e83906a59370a796ef5938a3885fd6dc8884efa51254b005,unchanged
manuscript/revision_restart/PHASE3_STATISTICAL_LANGUAGE_AUDIT.csv,manuscript,364239,364239,ac99843ec5c1f232697b52447867a730ab3b64032d94ca8d219318f2ff1fe6c7,ac99843ec5c1f232697b52447867a730ab3b64032d94ca8d219318f2ff1fe6c7,unchanged
manuscript/revision_restart/PHASE3_STATISTICAL_REFRAMING_REPORT.md,manuscript,4055,4055,b7ed8f744fda021543a371dde48f0f755691052817e2fe46bb538778b7dc8787,b7ed8f744fda021543a371dde48f0f755691052817e2fe46bb538778b7dc8787,unchanged
manuscript/revision_restart/PHASE4_CLAIM_REASSESSMENT.md,manuscript,4477,4477,e43113a8a1f1ef78d3bc39ebc9b66de0f65ddb9485e784b0c905ea35d1c86f49,e43113a8a1f1ef78d3bc39ebc9b66de0f65ddb9485e784b0c905ea35d1c86f49,unchanged
manuscript/revision_restart/PHASE4_MANUSCRIPT_INSERT_DRAFT.md,manuscript,3098,3098,24613ebec6913beca12dfd72d4042f13c32c5bc77236aaa11fa4a40c624d0ece,24613ebec6913beca12dfd72d4042f13c32c5bc77236aaa11fa4a40c624d0ece,unchanged
manuscript/revision_restart/PHASE4_NEXT_PHASE_HANDOFF.md,manuscript,2399,2399,160e7a0c40d3cf1dce209dcc971dabfe9f9d614de4b5af6e7a6fd009d622d216,160e7a0c40d3cf1dce209dcc971dabfe9f9d614de4b5af6e7a6fd009d622d216,unchanged
manuscript/revision_restart/PHASE4_VALIDATION_INTERPRETATION.md,manuscript,5243,5243,a42ec91921dc15939e74d49724e4d5d2f574a1ca23e7fd34df7f51c29d515b44,a42ec91921dc15939e74d49724e4d5d2f574a1ca23e7fd34df7f51c29d515b44,unchanged
manuscript/revision_restart/PHASE4_VALIDATION_STRATEGY.md,manuscript,5059,5059,6fb8e8f034107f3812aeb3daf08c7ed00eb9811f0020fddb7bda527c099cc68e,6fb8e8f034107f3812aeb3daf08c7ed00eb9811f0020fddb7bda527c099cc68e,unchanged
manuscript/revision_restart/PHASE5_AVAILABILITY_LANGUAGE_OPTIONS.md,manuscript,1081,1081,add84cee98309b467d1af6cc1d0170f47c265158a10d2312583277971edf5af8,add84cee98309b467d1af6cc1d0170f47c265158a10d2312583277971edf5af8,unchanged
manuscript/revision_restart/PHASE5_BLINDED_PACKAGE_IDENTIFIER_AUDIT.md,manuscript,1036,1036,1db5f98c21086ea1c20e365a8e01de6403de2b24f6774d6e8c8ff22df99b09c7,1db5f98c21086ea1c20e365a8e01de6403de2b24f6774d6e8c8ff22df99b09c7,unchanged
manuscript/revision_restart/PHASE5_LICENSE_IP_DECISION_CHECKLIST.md,manuscript,769,769,449c8692b18cfa03c5120fe342aa1fb9cc78f2b810f753502cf1b889e3da4e57,449c8692b18cfa03c5120fe342aa1fb9cc78f2b810f753502cf1b889e3da4e57,unchanged
manuscript/revision_restart/PHASE5_NEXT_PHASE_HANDOFF.md,manuscript,818,818,6ee9ac2d801e1654c18f2943373ad7a4ee5d9a5c47f8d73824770213f1cc5a9b,6ee9ac2d801e1654c18f2943373ad7a4ee5d9a5c47f8d73824770213f1cc5a9b,unchanged
manuscript/revision_restart/PHASE5_PACKAGE_CONTENT_AUDIT.md,manuscript,1470,1470,2cb98998fa566c5248a71abacf20318f0ea4c579075e7ede11d8eb32f48a3752,2cb98998fa566c5248a71abacf20318f0ea4c579075e7ede11d8eb32f48a3752,unchanged
manuscript/revision_restart/PHASE5_PACKAGE_MANIFEST_SUMMARY.md,manuscript,858,858,c0e7c74f094be3c9f17d5ae49cf28966ceed9a0c81e25fd60464c952b7e9abee,c0e7c74f094be3c9f17d5ae49cf28966ceed9a0c81e25fd60464c952b7e9abee,unchanged
manuscript/revision_restart/PHASE5_RELEASE_READINESS_RISK_REGISTER.md,manuscript,1012,1012,a70ab73e9476237900eebf0d0d72c4712a926ce35d5014eb004310658cc68353,a70ab73e9476237900eebf0d0d72c4712a926ce35d5014eb004310658cc68353,unchanged
manuscript/revision_restart/PHASE5_REPOSITORY_ARCHIVAL_PLAN.md,manuscript,1189,1189,2337c88bc11db2fd2c625fc2daeefc343bad437ae02314d7a62e3bc6a84c4554,2337c88bc11db2fd2c625fc2daeefc343bad437ae02314d7a62e3bc6a84c4554,unchanged
manuscript/revision_restart/PHASE6_AVAILABILITY_LANGUAGE_FINAL_OPTIONS.md,manuscript,3990,3990,2b6eda3b3d830f204aa8ad236b3ca72ea3d2a026e4f840802d5f3446b02c2360,2b6eda3b3d830f204aa8ad236b3ca72ea3d2a026e4f840802d5f3446b02c2360,unchanged
manuscript/revision_restart/PHASE6_FIGURE_TABLE_UPDATE_BLUEPRINT.md,manuscript,6189,6189,dccb256016b55ec92d24f1ab66284ad4c9ad5e388be1e099ac8cb765d5fdf048,dccb256016b55ec92d24f1ab66284ad4c9ad5e388be1e099ac8cb765d5fdf048,unchanged
manuscript/revision_restart/PHASE6_NEXT_PHASE_HANDOFF.md,manuscript,1497,1497,0f6235d02f0f55f328f396c9083c06f2f2f78544b9242f7b6794f289f3bfe2c8,0f6235d02f0f55f328f396c9083c06f2f2f78544b9242f7b6794f289f3bfe2c8,unchanged
manuscript/revision_restart/PHASE6_PHASE7_PROMPT_DRAFT.md,manuscript,3703,3703,4e56d7432adceecb870a6e1ab0e1ace512b70bcaf83a67b322f38be21a1a3373,4e56d7432adceecb870a6e1ab0e1ace512b70bcaf83a67b322f38be21a1a3373,unchanged
manuscript/revision_restart/PHASE6_PRE_SUBMISSION_RISK_REVIEW.md,manuscript,3652,3652,2fe589640a252da6fc94680d5332ea2a864c91094ceebd57ab199e2aef5eb4cb,2fe589640a252da6fc94680d5332ea2a864c91094ceebd57ab199e2aef5eb4cb,unchanged
manuscript/revision_restart/PHASE6_RESPONSE_TO_EXTERNAL_REVIEW_MATRIX.csv,manuscript,18051,18051,5e03b3d19a33c0f06d5afced9fb99444a14e84b8819f981544e06b9d60e454b6,5e03b3d19a33c0f06d5afced9fb99444a14e84b8819f981544e06b9d60e454b6,unchanged
manuscript/revision_restart/PHASE6_REVISED_THESIS_AND_CLAIM_ARCHITECTURE.md,manuscript,8187,8187,5b8563aef53eadb3cfcf390288d9d43019f4bfd45c1548b526dbb2efa204dcfc,5b8563aef53eadb3cfcf390288d9d43019f4bfd45c1548b526dbb2efa204dcfc,unchanged
manuscript/revision_restart/PHASE6_SECTION_REWRITE_BLUEPRINT.md,manuscript,12500,12500,d8c53989b8d0cf7fd7f88fdc762988a00dcc8f6f37fef0d567bc7f974028bea7,d8c53989b8d0cf7fd7f88fdc762988a00dcc8f6f37fef0d567bc7f974028bea7,unchanged
manuscript/revision_restart/PHASE6_TITLE_AND_METRIC_NAME_RECOMMENDATION.md,manuscript,3303,3303,41bc82a7e69cad262e520d1d10f7c01127038898d832cf3b34e33103e1979776,41bc82a7e69cad262e520d1d10f7c01127038898d832cf3b34e33103e1979776,unchanged
manuscript/revision_restart/PHASE7_AVAILABILITY_AND_BLINDING_AUDIT.md,manuscript,1134,1134,d60a1dd7a59c41c20a0b9352e6305888a2242c0838451e350c6ba9a46878227f,d60a1dd7a59c41c20a0b9352e6305888a2242c0838451e350c6ba9a46878227f,unchanged
manuscript/revision_restart/PHASE7_CLAIM_UPDATE_LOG.csv,manuscript,4566,4566,1c70c3368d99cdd91bddb701c6a030112b3e2dbcef1618f4b1a12ff47023a30e,1c70c3368d99cdd91bddb701c6a030112b3e2dbcef1618f4b1a12ff47023a30e,unchanged
manuscript/revision_restart/PHASE7_FIGURE_UPDATE_REPORT.md,manuscript,1532,1532,1fe9f4a864e6417d92d7ba1dc807c676c90b6620e46f8a43d5d9f46df80d4c80,1fe9f4a864e6417d92d7ba1dc807c676c90b6620e46f8a43d5d9f46df80d4c80,unchanged
manuscript/revision_restart/PHASE7_LATEX_STATIC_OR_BUILD_REPORT.md,manuscript,1196,1196,bcde611cfa5bd55650f90e9dcc666b004ef2f4512a9dd84786bf02261b3f9e70,bcde611cfa5bd55650f90e9dcc666b004ef2f4512a9dd84786bf02261b3f9e70,unchanged
manuscript/revision_restart/PHASE7_MANUSCRIPT_REWRITE_REPORT.md,manuscript,3177,3177,f71a50a05fbf38da02354b86969b52a7714bc4a66a840f84d64aae6fac36da19,f71a50a05fbf38da02354b86969b52a7714bc4a66a840f84d64aae6fac36da19,unchanged
manuscript/revision_restart/PHASE7_NEXT_PHASE_HANDOFF.md,manuscript,1678,1678,dc74145e6e0797607b71b18f03750ac5689a52f66b5e2baa38c92c2f05e35ded,dc74145e6e0797607b71b18f03750ac5689a52f66b5e2baa38c92c2f05e35ded,unchanged
manuscript/revision_restart/PHASE7_STATIC_LANGUAGE_AUDIT.md,manuscript,1573,1573,9cb154c9914271bad121a5c3859598f92d8c1dd0ed905acfcf7bccd6f58642ef,9cb154c9914271bad121a5c3859598f92d8c1dd0ed905acfcf7bccd6f58642ef,unchanged
manuscript/revision_restart/PHASE7_TABLE_UPDATE_REPORT.md,manuscript,1682,1682,50b0256ada3f3470573a7cd6c56f0866212b92fa70ce9a36efda3f6cf8b27568,50b0256ada3f3470573a7cd6c56f0866212b92fa70ce9a36efda3f6cf8b27568,unchanged
manuscript/revision_restart/PHASE8_BUILD_AND_VALIDATION_REPORT.md,manuscript,2687,2687,d934bc3225ea197fad0ed0caa071719f00f3b6f978a920061dbe132495d25dbe,d934bc3225ea197fad0ed0caa071719f00f3b6f978a920061dbe132495d25dbe,unchanged
manuscript/revision_restart/PHASE8_CLAIM_EVIDENCE_AUDIT.csv,manuscript,2657,2657,3b9d4e1f0a043a126b2ecf688d40e18368c5b45af5db9a056ddb9d2b34ee5765,3b9d4e1f0a043a126b2ecf688d40e18368c5b45af5db9a056ddb9d2b34ee5765,unchanged
manuscript/revision_restart/PHASE8_EXTERNAL_REVIEW_RESPONSE_AUDIT.md,manuscript,4812,4812,eec4f29f08841739a436b1d85c63d882b129a2ddbe25e9e8308da8f96cfb0adb,eec4f29f08841739a436b1d85c63d882b129a2ddbe25e9e8308da8f96cfb0adb,unchanged
manuscript/revision_restart/PHASE8_HOSTILE_REVIEWER_SIMULATION.md,manuscript,4825,4825,9a62eadc30c795c1a59947d7c084a4bac87c079cec48baf2a58fc3e0712b6264,9a62eadc30c795c1a59947d7c084a4bac87c079cec48baf2a58fc3e0712b6264,unchanged
manuscript/revision_restart/PHASE8_JOURNAL_STRATEGY_RECOMMENDATION.md,manuscript,2654,2654,435645b3ae4114c93b6dd9a9266e388e69b91cf2c8b7d8344cac01dfcbb30bfa,435645b3ae4114c93b6dd9a9266e388e69b91cf2c8b7d8344cac01dfcbb30bfa,unchanged
manuscript/revision_restart/PHASE8_MINOR_FIX_LOG.md,manuscript,1676,1676,4f5be40b62bfc42bed8ac3c11ec7276795c718fbaa6191c0007749db132e35d6,4f5be40b62bfc42bed8ac3c11ec7276795c718fbaa6191c0007749db132e35d6,unchanged
manuscript/revision_restart/PHASE8_NEXT_PHASE_HANDOFF.md,manuscript,1439,1439,dd961cd6fcbcd94d2499eb22e412462aa1a42bbefd041073a6cf957845e7a09b,dd961cd6fcbcd94d2499eb22e412462aa1a42bbefd041073a6cf957845e7a09b,unchanged
manuscript/revision_restart/PHASE8_PDF_QA_REPORT.md,manuscript,4589,4589,a054cebab15b2b9504b49a88d4e51e6d29f15aaf4aea77d9134d7f73958977c1,a054cebab15b2b9504b49a88d4e51e6d29f15aaf4aea77d9134d7f73958977c1,unchanged
manuscript/revision_restart/PHASE8_REPRODUCIBILITY_PACKAGE_AUDIT.md,manuscript,2637,2637,ad038209c25272e431d0c80479c3900dee2b58f987e5fc56447d90fdbee268bd,ad038209c25272e431d0c80479c3900dee2b58f987e5fc56447d90fdbee268bd,unchanged
manuscript/revision_restart/PHASE8_STATIC_LANGUAGE_AND_LEAKAGE_AUDIT.md,manuscript,2972,2972,3e29af88bb105255f78c9128446a8bb8d3ed520e5b5bfa0f503d80ab089beb34,3e29af88bb105255f78c9128446a8bb8d3ed520e5b5bfa0f503d80ab089beb34,unchanged
manuscript/revision_restart/PHASE8_SUBMISSION_BLOCKER_LIST.md,manuscript,2512,2512,0c51438435c2e6bb9229bab5a34079714eb8037baf8acfa02d3d96f79953e5e9,0c51438435c2e6bb9229bab5a34079714eb8037baf8acfa02d3d96f79953e5e9,unchanged
manuscript/revision_restart/PHASE9_ADMIN_METADATA_READINESS.md,manuscript,1559,1559,47a3d014f2178ff8df2e0329e864edf08435e01a27c0e17bd18357bc6a64b511,47a3d014f2178ff8df2e0329e864edf08435e01a27c0e17bd18357bc6a64b511,unchanged
manuscript/revision_restart/PHASE9_FINAL_PACKAGE_REPORT.md,manuscript,2342,2342,753a3c79222880cb703062202e1bd40ebcc12103a183a908f4210bd58bafbbd8,753a3c79222880cb703062202e1bd40ebcc12103a183a908f4210bd58bafbbd8,unchanged
manuscript/revision_restart/PHASE9_IDENTIFIER_AND_PATH_AUDIT.md,manuscript,1738,1738,bab4e66112e9baac152d2a39731944b8625c1646f3e024959e70568470060fc3,bab4e66112e9baac152d2a39731944b8625c1646f3e024959e70568470060fc3,unchanged
manuscript/revision_restart/PHASE9_NEXT_PHASE_HANDOFF.md,manuscript,1468,1468,f35b5e6d76c6259e79ea39ddc029044042d6cd7e13abfd9e5e8c4d2b48c00bb5,f35b5e6d76c6259e79ea39ddc029044042d6cd7e13abfd9e5e8c4d2b48c00bb5,unchanged
manuscript/revision_restart/PHASE9_OPTIONAL_FIGURE_POLISH_AUDIT.md,manuscript,986,986,f0fc917acff21a35303f3af0ed423f3b4d074001926fd4c5278bcce1d4e835cf,f0fc917acff21a35303f3af0ed423f3b4d074001926fd4c5278bcce1d4e835cf,unchanged
manuscript/revision_restart/PHASE9_PACKAGE_MANUSCRIPT_CONSISTENCY_AUDIT.md,manuscript,2162,2162,bcd0aed56b581b3461fe7aa67291b74d242cddbd51fcd50163e6eb1741092592,bcd0aed56b581b3461fe7aa67291b74d242cddbd51fcd50163e6eb1741092592,unchanged
manuscript/revision_restart/PHASE9_PACKAGE_REBUILD_PLAN.md,manuscript,3736,3736,fb21f90d6a8335febbc28a2383a3626404188ce8078934d455863dbfcb1f66d1,fb21f90d6a8335febbc28a2383a3626404188ce8078934d455863dbfcb1f66d1,unchanged
manuscript/revision_v2/EDITORIAL_REVIEW_RESPONSE_MATRIX.csv,manuscript,17631,17631,e75dddc92b439f46926164d90dacfd4a4cbf147b3a4e0036b0723733f711a4eb,e75dddc92b439f46926164d90dacfd4a4cbf147b3a4e0036b0723733f711a4eb,unchanged
manuscript/revision_v2/EDITORIAL_REVIEW_SOURCE.md,manuscript,47396,47396,ce473e13c78be5e3bbfbae78614a4cb543e6071be02c90acfb5fab571d1c625a,ce473e13c78be5e3bbfbae78614a4cb543e6071be02c90acfb5fab571d1c625a,unchanged
manuscript/revision_v2/FIGURE_REVISION_REQUIREMENTS.md,manuscript,5931,5931,5b94f9eac5048216ee1f6f6728e33f1e9cc718132839603744917f1384172b20,5b94f9eac5048216ee1f6f6728e33f1e9cc718132839603744917f1384172b20,unchanged
manuscript/revision_v2/LITERATURE_REVISION_QUEUE.md,manuscript,3922,3922,630d5292cdf7e670c66b4448102201547d8a3cfe669087ccd45d2eb65522a4b9,630d5292cdf7e670c66b4448102201547d8a3cfe669087ccd45d2eb65522a4b9,unchanged
manuscript/revision_v2/MANUSCRIPT_TERMINOLOGY_MAP.md,manuscript,6237,6237,6778884b8a6685c6918f6546e35406147f37ae2c3526d6a4aa40b5ed4b147f4b,6778884b8a6685c6918f6546e35406147f37ae2c3526d6a4aa40b5ed4b147f4b,unchanged
manuscript/revision_v2/R0_SUMMARY_REPORT.md,manuscript,6139,6139,4b2e69eb20dfa54159d86a679099569a943b2f974fec279c688fac843a008e9f,4b2e69eb20dfa54159d86a679099569a943b2f974fec279c688fac843a008e9f,unchanged
manuscript/revision_v2/R1_AUTHOR_DECISION_QUEUE.md,manuscript,1925,1925,8d2b21c4c85b7e36ddf08bd8f1ce5bbf9130c3f5b309260ec416743d0a055975,8d2b21c4c85b7e36ddf08bd8f1ce5bbf9130c3f5b309260ec416743d0a055975,unchanged
manuscript/revision_v2/R1_NEXT_PHASE_HANDOFF.md,manuscript,3803,3803,8b139fbdac25553c467e1d12e90d6d859f05134112c9fdf1bbde7b539af719b0,8b139fbdac25553c467e1d12e90d6d859f05134112c9fdf1bbde7b539af719b0,unchanged
manuscript/revision_v2/R1_PROVENANCE_NOVELTY_REPORT.md,manuscript,8592,8592,63d72b5c24acaa7a391a7d853479d1cb14492094867de6a65c40becdcc84437c,63d72b5c24acaa7a391a7d853479d1cb14492094867de6a65c40becdcc84437c,unchanged
manuscript/revision_v2/R1_SECTION_CHANGE_LOG.md,manuscript,6933,6933,236a398c42107e88163b361a20a33e311f0f8f33afbe32e93d5e838946af2d49,236a398c42107e88163b361a20a33e311f0f8f33afbe32e93d5e838946af2d49,unchanged
manuscript/revision_v2/R1_TERMINOLOGY_AUDIT.csv,manuscript,4285,4285,5a07790afc31f844186e889b4922a81508fefdd3deac7b5c8dd2d16d45a787dc,5a07790afc31f844186e889b4922a81508fefdd3deac7b5c8dd2d16d45a787dc,unchanged
manuscript/revision_v2/R2_BIBLIOGRAPHY_CLEANUP_REPORT.md,manuscript,3431,3431,0b91288e288e7cc966e45e57eda0381cbce71385a013cce61c903e06d52d05f0,0b91288e288e7cc966e45e57eda0381cbce71385a013cce61c903e06d52d05f0,unchanged
manuscript/revision_v2/R2_CITATION_PLACEMENT_LOG.csv,manuscript,3116,3116,6f251deb342267b8c015fd1323dd2d1783d68fa8ba8f0f1adf8961fecdc290b6,6f251deb342267b8c015fd1323dd2d1783d68fa8ba8f0f1adf8961fecdc290b6,unchanged
manuscript/revision_v2/R2_LITERATURE_AUDIT.md,manuscript,7734,7734,f30021d2426a0dcb34fe4a29c45e56ef9f7a78e9371fe0224b26fde4da07b146,f30021d2426a0dcb34fe4a29c45e56ef9f7a78e9371fe0224b26fde4da07b146,unchanged
manuscript/revision_v2/R2_MAIN_TEXT_CITATION_AUDIT.md,manuscript,2667,2667,505e250e6529db73249ca2b2b7bde61a52bbbb42637b279e86841be0e8d9e74e,505e250e6529db73249ca2b2b7bde61a52bbbb42637b279e86841be0e8d9e74e,unchanged
manuscript/revision_v2/R2_NEXT_PHASE_HANDOFF.md,manuscript,3164,3164,172221df01c792b723d028f6311f37e83a717df622bb3f00acc2e2f888c7b489,172221df01c792b723d028f6311f37e83a717df622bb3f00acc2e2f888c7b489,unchanged
manuscript/revision_v2/R2_REFERENCE_VERIFICATION_TABLE.csv,manuscript,7180,7180,30a46232eb8c0064c3684e39d39ced8872b150db03df8145ba85d69e3a04b57c,30a46232eb8c0064c3684e39d39ced8872b150db03df8145ba85d69e3a04b57c,unchanged
manuscript/revision_v2/R2_SUPPLEMENT_CITATION_AUDIT.md,manuscript,1843,1843,b97a939ba47c9a451d5f6b696be8ac9396a25d2308dadee33d1ffe02553dbb17,b97a939ba47c9a451d5f6b696be8ac9396a25d2308dadee33d1ffe02553dbb17,unchanged
manuscript/revision_v2/R3_ACTIVE_PARAMETER_AUDIT.md,manuscript,2580,2580,12afa4d0cb47a242b7cdd3844e7babf8bad816e7fc7f1046aa569530788faabc,12afa4d0cb47a242b7cdd3844e7babf8bad816e7fc7f1046aa569530788faabc,unchanged
manuscript/revision_v2/R3_BE_CN_AND_VALIDATION_AUDIT.md,manuscript,2119,2119,79498d64763c51403351a37ba441a1a591ae240849d0fa845147bd72944cd82e,79498d64763c51403351a37ba441a1a591ae240849d0fa845147bd72944cd82e,unchanged
manuscript/revision_v2/R3_METHODS_SPECIFICATION_REPORT.md,manuscript,2995,2995,c07b538f814501d4d65993df9d866c670733f825ea8275b6c67c932335a24851,c07b538f814501d4d65993df9d866c670733f825ea8275b6c67c932335a24851,unchanged
manuscript/revision_v2/R3_NEXT_PHASE_HANDOFF.md,manuscript,2447,2447,62d4935f3f3ff89afb72cb5a506cda8016119f2c6c8a7e18c8fe0579256c95a8,62d4935f3f3ff89afb72cb5a506cda8016119f2c6c8a7e18c8fe0579256c95a8,unchanged
manuscript/revision_v2/R3_NUMERICAL_CLAIM_REVISION_TABLE.csv,manuscript,12836,12836,d44987a85b2c0081894c65e254059eb962dfc19cfefdd048f484e70f3d5150bc,d44987a85b2c0081894c65e254059eb962dfc19cfefdd048f484e70f3d5150bc,unchanged
manuscript/revision_v2/R3_PREDICTOR_COMPARISON_AUDIT.csv,manuscript,6252,6252,2c89bdd9cbf16e3b05064633f9ffaff11bdc57a422d02190023f5e3cd8c175d2,2c89bdd9cbf16e3b05064633f9ffaff11bdc57a422d02190023f5e3cd8c175d2,unchanged
manuscript/revision_v2/R3_RADIUS_CLASS_AUDIT.md,manuscript,2620,2620,f30ae248b6ea77e4ea0b86ae371b0cdb6a370e504b71943ab832762a98199376,f30ae248b6ea77e4ea0b86ae371b0cdb6a370e504b71943ab832762a98199376,unchanged
manuscript/revision_v2/R3_STATISTICAL_REPORTING_REPORT.md,manuscript,3944,3944,9c90dbe9456c48a1c732d77b904b576586ea47e8918b65ffc7838c5a6473415b,9c90dbe9456c48a1c732d77b904b576586ea47e8918b65ffc7838c5a6473415b,unchanged
manuscript/revision_v2/R3_UNCERTAINTY_SPECIFICATION_TABLE.csv,manuscript,2480,2480,721338255cd2e84f1f1633fa945a78fc34b6d69d92d009b1facfb3305c16f114,721338255cd2e84f1f1633fa945a78fc34b6d69d92d009b1facfb3305c16f114,unchanged
manuscript/revision_v2/R4_CAPTION_REVISION_LOG.md,manuscript,1702,1702,ce97cd327220ac49aa3386986f8e11b70095b1df47ffb55d839060b8a544d46e,ce97cd327220ac49aa3386986f8e11b70095b1df47ffb55d839060b8a544d46e,unchanged
manuscript/revision_v2/R4_FIGURE_QUALITY_AUDIT.csv,manuscript,6723,6723,2e91de86d68836dac52f8cdbabdb7763f76ed7904283e40909e6abf2faf5763c,2e91de86d68836dac52f8cdbabdb7763f76ed7904283e40909e6abf2faf5763c,unchanged
manuscript/revision_v2/R4_FIGURE_REBUILD_REPORT.md,manuscript,2534,2534,6f76a9a76f6a5938601ca3148088f5627a3bf3d969be364d2781e75e05d22b93,6f76a9a76f6a5938601ca3148088f5627a3bf3d969be364d2781e75e05d22b93,unchanged
manuscript/revision_v2/R4_LATEX_FIGURE_INTEGRATION_REPORT.md,manuscript,1826,1826,c3fc3c5fd09015a3ffacfa1d9ec66b2ad2fd234be44c2478e6ceefabdbfbb795,c3fc3c5fd09015a3ffacfa1d9ec66b2ad2fd234be44c2478e6ceefabdbfbb795,unchanged
manuscript/revision_v2/R4_NEXT_PHASE_HANDOFF.md,manuscript,1446,1446,290b9654f15fa9c407db3dfadbffab1d1d557acc95f40648f3ee5e4ddd211462,290b9654f15fa9c407db3dfadbffab1d1d557acc95f40648f3ee5e4ddd211462,unchanged
manuscript/revision_v2/R4_STATIC_SEARCH_AUDIT.md,manuscript,1545,1545,625489590554a5326981fafa70219bfa9c7feb7ed1233fdc25f75e0110f73171,625489590554a5326981fafa70219bfa9c7feb7ed1233fdc25f75e0110f73171,unchanged
manuscript/revision_v2/R5_NEXT_PHASE_HANDOFF.md,manuscript,2330,2330,080850af5a5efdaee134bb80fb16daa5880d61ad971dc8a2cb049bfc62c0e09b,080850af5a5efdaee134bb80fb16daa5880d61ad971dc8a2cb049bfc62c0e09b,unchanged
manuscript/revision_v2/R5_PHASE06_DEMOTION_REPORT.md,manuscript,2433,2433,167a140dff8b8b999eb057fecd1441fbf66019789be8acc10953aa9b68b50467,167a140dff8b8b999eb057fecd1441fbf66019789be8acc10953aa9b68b50467,unchanged
manuscript/revision_v2/R5_PROSE_CHANGE_LOG.md,manuscript,5373,5373,0e8e2773b7872311cdf83aef3e0ada2bdda38f0db02be64217b146e5af6d2124,0e8e2773b7872311cdf83aef3e0ada2bdda38f0db02be64217b146e5af6d2124,unchanged
manuscript/revision_v2/R5_SECTION_REORGANIZATION_MAP.csv,manuscript,6443,6443,f400db848312f4f2a051d2c183a42de36222ae83501d73184c6b06855ae0c7f0,f400db848312f4f2a051d2c183a42de36222ae83501d73184c6b06855ae0c7f0,unchanged
manuscript/revision_v2/R5_STATIC_SEARCH_AUDIT.md,manuscript,2570,2570,3d46d19a6ca6bf6bb6cb95ce8cf024bd696ff4cd2629a38fcbb10ae4b620b6c9,3d46d19a6ca6bf6bb6cb95ce8cf024bd696ff4cd2629a38fcbb10ae4b620b6c9,unchanged
manuscript/revision_v2/R5_STRUCTURE_AND_COMPRESSION_REPORT.md,manuscript,6083,6083,58206048902c3eb2af70fe77f4d078173520a014c003d6202fdd72bad48078ca,58206048902c3eb2af70fe77f4d078173520a014c003d6202fdd72bad48078ca,unchanged
manuscript/revision_v2/R5_WORD_COUNT_AND_STRUCTURE_AUDIT.md,manuscript,1787,1787,de6b7d9840c89723ddf18d4ccf3d3bc080c731f9255149190f9a95bd1ef1b92f,de6b7d9840c89723ddf18d4ccf3d3bc080c731f9255149190f9a95bd1ef1b92f,unchanged
manuscript/revision_v2/R6_ADMIN_CLEANUP_REPORT.md,manuscript,4961,4961,9f9776075ea5102e8cb937dfae4fab1de31d90c9525d3408aa13dcf5e6d63f22,9f9776075ea5102e8cb937dfae4fab1de31d90c9525d3408aa13dcf5e6d63f22,unchanged
manuscript/revision_v2/R6_BLINDING_AND_ADMIN_AUDIT.md,manuscript,2396,2396,d2b92d0c8895a2fc5e0452787212b732a8cda72d78b4a307f4437c0075c59602,d2b92d0c8895a2fc5e0452787212b732a8cda72d78b4a307f4437c0075c59602,unchanged
manuscript/revision_v2/R6_NEXT_PHASE_HANDOFF.md,manuscript,2360,2360,02dd81241b0b098d4d07f1eca8950174e6f7304fffd4f6448d294b4550f5338b,02dd81241b0b098d4d07f1eca8950174e6f7304fffd4f6448d294b4550f5338b,unchanged
manuscript/revision_v2/R6_STATIC_PLACEHOLDER_AUDIT.md,manuscript,4416,4416,087b55dc6130c3b311d14a5c8cf3bad5ba17f81e753bffbac646d5aa245147f3,087b55dc6130c3b311d14a5c8cf3bad5ba17f81e753bffbac646d5aa245147f3,unchanged
manuscript/revision_v2/R7_BLINDED_PDF_AUDIT.md,manuscript,1483,1483,bddf47d102141ac47676aed1d9c6fb777b9d9ebbea10f56496bec3100a78b25e,bddf47d102141ac47676aed1d9c6fb777b9d9ebbea10f56496bec3100a78b25e,unchanged
manuscript/revision_v2/R7_FIGURE_TABLE_LAYOUT_AUDIT.md,manuscript,1901,1901,02cd223b134ff3337f70baa8b83e31140859f5df3ce4fc4abc4f88b518c41283,02cd223b134ff3337f70baa8b83e31140859f5df3ce4fc4abc4f88b518c41283,unchanged
manuscript/revision_v2/R7_JCNS_SOURCE_PACKAGE_REPORT.md,manuscript,1791,1791,c331c070a1133293a27cfb9d6b35e3de32c358d06d6497b962fc7f0ad37f7e92,c331c070a1133293a27cfb9d6b35e3de32c358d06d6497b962fc7f0ad37f7e92,unchanged
manuscript/revision_v2/R7_LATEX_PRODUCTION_REPORT.md,manuscript,4374,4374,6d8b55b9f0339aa7bf834e4e08830953eaf81ae59073b460fb5acc1dd7db8870,6d8b55b9f0339aa7bf834e4e08830953eaf81ae59073b460fb5acc1dd7db8870,unchanged
manuscript/revision_v2/R7_NEXT_PHASE_HANDOFF.md,manuscript,1918,1918,c2f969850f4c0c9b5ca6dbf563b07bd784b110fbcffd914ad6a9ec1efc075c42,c2f969850f4c0c9b5ca6dbf563b07bd784b110fbcffd914ad6a9ec1efc075c42,unchanged
manuscript/revision_v2/R7_OVERFULL_BOX_REPORT.md,manuscript,1861,1861,5a3c8738a299eb0f76ab6d63b9bc56b4345931f67f6cda9492102a6c457d3949,5a3c8738a299eb0f76ab6d63b9bc56b4345931f67f6cda9492102a6c457d3949,unchanged
manuscript/revision_v2/R7_STATIC_PLACEHOLDER_AND_PATH_AUDIT.md,manuscript,1120,1120,deda80f5eb5956bad576ce8fd4c4c88b16966eac4f0d1984b512a9c3289bcb9e,deda80f5eb5956bad576ce8fd4c4c88b16966eac4f0d1984b512a9c3289bcb9e,unchanged
manuscript/revision_v2/REVISION_ACTION_PLAN.md,manuscript,11357,11357,1b2603ab774de39d311475736786db9e2a0991f76965dccbce6fe99c3a1e3636,1b2603ab774de39d311475736786db9e2a0991f76965dccbce6fe99c3a1e3636,unchanged
manuscript/revision_v2/REVISION_RISK_REGISTER.md,manuscript,4029,4029,d79768bcbfa9d7ef433868a013ed6be53eca56dc85f618e37d93dabf7ea844ed,d79768bcbfa9d7ef433868a013ed6be53eca56dc85f618e37d93dabf7ea844ed,unchanged
manuscript/revision_v2/STATISTICS_AND_METHODS_GAP_LIST.md,manuscript,3494,3494,b7cd4398f0998b9266bd7a9e6e32d75b957e51db4c1ac4e643c93845329dad93,b7cd4398f0998b9266bd7a9e6e32d75b957e51db4c1ac4e643c93845329dad93,unchanged
manuscript/sections/abstract.tex,manuscript,1104,1104,ed38249b832c57be7fb1eaeaa646d1c1c9f1555d48c23c8a52674e5dc5a7d947,ed38249b832c57be7fb1eaeaa646d1c1c9f1555d48c23c8a52674e5dc5a7d947,unchanged
manuscript/sections/acknowledgments.tex,manuscript,120,120,77675ee75618ef8f83b74b852f08b3af6e671394a291c6d366d03db40979404e,77675ee75618ef8f83b74b852f08b3af6e671394a291c6d366d03db40979404e,unchanged
manuscript/sections/conclusions.tex,manuscript,817,817,2993808163116df3c721b57e0d75fb36741129c1a80cd944e88cab408b25fd5d,2993808163116df3c721b57e0d75fb36741129c1a80cd944e88cab408b25fd5d,unchanged
manuscript/sections/data_code_availability.tex,manuscript,1771,1771,2502f77b2a8020cf3b5cedb73c761694e0fb0ae8539bdda61eced5fd71682f08,2502f77b2a8020cf3b5cedb73c761694e0fb0ae8539bdda61eced5fd71682f08,unchanged
manuscript/sections/disclosures.tex,manuscript,728,728,804f34f0249ba1c46653caa69c7d68a11c035c3390ef3147364ceb186abf95e2,804f34f0249ba1c46653caa69c7d68a11c035c3390ef3147364ceb186abf95e2,unchanged
manuscript/sections/discussion.tex,manuscript,7704,7704,e8c1b13f164319cbac419792c3495e48f7917da654c419fefa47b43bd0228c93,e8c1b13f164319cbac419792c3495e48f7917da654c419fefa47b43bd0228c93,unchanged
manuscript/sections/introduction.tex,manuscript,3844,3844,d750675b573f6a8cd9bbf961327a08cf6693ce68c193dd0a950a7516972b1117,d750675b573f6a8cd9bbf961327a08cf6693ce68c193dd0a950a7516972b1117,unchanged
manuscript/sections/methods.tex,manuscript,10059,10059,9ad29906003f1ccad552b9d12d4e42d323f466e77916c5a8773dab23378aadd3,9ad29906003f1ccad552b9d12d4e42d323f466e77916c5a8773dab23378aadd3,unchanged
manuscript/sections/results.tex,manuscript,15299,15299,7284ee0256617b62b953d0bbc2ab5e1d40e97a612f6e9debc3ec6b787c3d6e91,7284ee0256617b62b953d0bbc2ab5e1d40e97a612f6e9debc3ec6b787c3d6e91,unchanged
manuscript/supplement/figures/FigS1_fixed_load_heatmap.svg,manuscript,58551,58551,e1b113903cf64af6d700b587c2ac3fc5c39f01c324c2b6acd12344cc2d688c2d,e1b113903cf64af6d700b587c2ac3fc5c39f01c324c2b6acd12344cc2d688c2d,unchanged
manuscript/supplement/figures/FigS2_dt_convergence.svg,manuscript,3113,3113,9747da72b874aac4df8ac071cd7e8f1a1dc6d2d90a10ae040d0f30020f182bae,9747da72b874aac4df8ac071cd7e8f1a1dc6d2d90a10ae040d0f30020f182bae,unchanged
manuscript/supplement/figures/FigS3_spatial_convergence.svg,manuscript,3806,3806,7391fb0d2ba4461f588977b26cc9e8ef33f457fafaf0cda830b4f7c94df25abb,7391fb0d2ba4461f588977b26cc9e8ef33f457fafaf0cda830b4f7c94df25abb,unchanged
manuscript/supplement/figures/FigS4_neck_models.svg,manuscript,4247,4247,5f791708cf1c8cc85ed172dd9355ab9d099ece1b10ee30210e4a5b6d2cd40fca,5f791708cf1c8cc85ed172dd9355ab9d099ece1b10ee30210e4a5b6d2cd40fca,unchanged
manuscript/supplement/figures/FigS5_active_protocol_strength.svg,manuscript,665,665,678aa94522a82093e591daf91941f0d62009d317fc5f5f7a9a89874132f7e506,678aa94522a82093e591daf91941f0d62009d317fc5f5f7a9a89874132f7e506,unchanged
manuscript/supplement/figures/FigS5_smi_interval_width.svg,manuscript,4103,4103,29e5721fd873d863866bee1a6b862bb435c28649874d5b1c43c9764cfa120eba,29e5721fd873d863866bee1a6b862bb435c28649874d5b1c43c9764cfa120eba,unchanged
manuscript/supplement/figures/FigS6_active_impedance.svg,manuscript,657,657,fe0307390fcb2ee00ffeb4efd85e926e30445c8b7cee6aab2b1e85e22c71108c,fe0307390fcb2ee00ffeb4efd85e926e30445c8b7cee6aab2b1e85e22c71108c,unchanged
manuscript/supplement/figures/FigS6_active_protocol_strength.svg,manuscript,6121,6121,c11492652a85cb0185ec070f823dd74c48f75ec4553aee32b68b0e9978d0ce06,c11492652a85cb0185ec070f823dd74c48f75ec4553aee32b68b0e9978d0ce06,unchanged
manuscript/supplement/figures/FigS7_active_impedance.svg,manuscript,5034,5034,c6d9226e66141307463223ea33e1eac50bd189fa67564e2266e83512ce3a89b8,c6d9226e66141307463223ea33e1eac50bd189fa67564e2266e83512ce3a89b8,unchanged
manuscript/supplement/figures/FigS7_smi_interval_width.svg,manuscript,660,660,40ff64dfceb66b8f18ba80968f64c9efc00dc9c7ae17bd148b954b3a30daf67f,40ff64dfceb66b8f18ba80968f64c9efc00dc9c7ae17bd148b954b3a30daf67f,unchanged
manuscript/supplement/figures/FigS8_phase06_smi_amplitude.svg,manuscript,5826,5826,52bd0fe8614350fb509d90b7f187a0b09a2f9e7dab00e0167afe54d17aabca9b,52bd0fe8614350fb509d90b7f187a0b09a2f9e7dab00e0167afe54d17aabca9b,unchanged
manuscript/supplement/figures/FigS9_phase06_uncertainty.svg,manuscript,11032,11032,342d93ef81710b08fd42939bb4f9ea3bfae419ebb0c527ff77894fc588581c6a,342d93ef81710b08fd42939bb4f9ea3bfae419ebb0c527ff77894fc588581c6a,unchanged
manuscript/supplement/figures_pdf/FigS1_fixed_load_heatmap.pdf,manuscript,76982,76982,a347a10de56fe410c572752d78f9ba261db68154dff7022d8679fa356e214b35,a347a10de56fe410c572752d78f9ba261db68154dff7022d8679fa356e214b35,unchanged
manuscript/supplement/figures_pdf/FigS2_dt_convergence.pdf,manuscript,30597,30597,aabc6ec3a1c842c6a25b1e0e42bd98eb06f7a11b754011c79a28d9fd39e522bb,aabc6ec3a1c842c6a25b1e0e42bd98eb06f7a11b754011c79a28d9fd39e522bb,unchanged
manuscript/supplement/figures_pdf/FigS3_spatial_convergence.pdf,manuscript,31330,31330,f1f0a9885a43315fc26c1c04f14d4a1ecf25ac4595b682ea055635625d50dfb5,f1f0a9885a43315fc26c1c04f14d4a1ecf25ac4595b682ea055635625d50dfb5,unchanged
manuscript/supplement/figures_pdf/FigS4_neck_models.pdf,manuscript,28060,28060,7c92f0970c35fcbf8c666a780687c1ab3d7fb436c6b0168f4ed9521b48ff7b82,7c92f0970c35fcbf8c666a780687c1ab3d7fb436c6b0168f4ed9521b48ff7b82,unchanged
manuscript/supplement/figures_pdf/FigS5_active_protocol_strength.pdf,manuscript,1565,1565,db8fe4ecadb4f709c3306d927c832b894ceb2c02c5e688225d128d453255bfe5,db8fe4ecadb4f709c3306d927c832b894ceb2c02c5e688225d128d453255bfe5,unchanged
manuscript/supplement/figures_pdf/FigS5_smi_interval_width.pdf,manuscript,28874,28874,e0cb1d24d109cb396156778ccd5dc753bffcf78c5469fed8309f93ecc4b06dc7,e0cb1d24d109cb396156778ccd5dc753bffcf78c5469fed8309f93ecc4b06dc7,unchanged
manuscript/supplement/figures_pdf/FigS6_active_impedance.pdf,manuscript,1551,1551,05f6cee6607cf60f93ed7d885d370d7f856cd50b03c77832721a2a4b05ccdc43,05f6cee6607cf60f93ed7d885d370d7f856cd50b03c77832721a2a4b05ccdc43,unchanged
manuscript/supplement/figures_pdf/FigS6_active_protocol_strength.pdf,manuscript,38391,38391,70b182c5ba4780e7fc43b89d941d8f547e22082d17702b541cfbd43d0260e142,70b182c5ba4780e7fc43b89d941d8f547e22082d17702b541cfbd43d0260e142,unchanged
manuscript/supplement/figures_pdf/FigS7_active_impedance.pdf,manuscript,28906,28906,8d51c08ad5b6e9302c5201a4125b97bbbc66a74506a0206557412e57e2df13c8,8d51c08ad5b6e9302c5201a4125b97bbbc66a74506a0206557412e57e2df13c8,unchanged
manuscript/supplement/figures_pdf/FigS7_smi_interval_width.pdf,manuscript,1561,1561,3e335abba329f39da346c41f9d0d38678068ca9271b0bb1323850b2afed8fb5b,3e335abba329f39da346c41f9d0d38678068ca9271b0bb1323850b2afed8fb5b,unchanged
manuscript/supplement/figures_pdf/FigS8_phase06_smi_amplitude.pdf,manuscript,27738,27738,be0d34ddf5cf34be85cdea62ad6a978288b059d19c2aef82aaf34e6d4c223483,be0d34ddf5cf34be85cdea62ad6a978288b059d19c2aef82aaf34e6d4c223483,unchanged
manuscript/supplement/figures_pdf/FigS9_phase06_uncertainty.pdf,manuscript,41668,41668,2e7ee066930706f86b93ebee26490c156ca5b5f32c902a1ef5b28bd3ca2ae213,2e7ee066930706f86b93ebee26490c156ca5b5f32c902a1ef5b28bd3ca2ae213,unchanged
manuscript/supplement/sections/active_mechanisms.tex,manuscript,1808,1808,37e3643528374f6be1a9fa875913cc36aadba6ed2a66e267b26ed6ebe7cc8a39,37e3643528374f6be1a9fa875913cc36aadba6ed2a66e267b26ed6ebe7cc8a39,unchanged
manuscript/supplement/sections/exploratory_phase06.tex,manuscript,1591,1591,a4708a9a4b80879a397fa74098ca90b40bdcf1b65be279c7720c2cc0fd51513c,a4708a9a4b80879a397fa74098ca90b40bdcf1b65be279c7720c2cc0fd51513c,unchanged
manuscript/supplement/sections/extended_equations.tex,manuscript,2725,2725,28d04ca98641a653c80a5fb55743d3a532bd0a1c27aaffeba0bde54c15882743,28d04ca98641a653c80a5fb55743d3a532bd0a1c27aaffeba0bde54c15882743,unchanged
manuscript/supplement/sections/extended_limitations.tex,manuscript,1675,1675,5c769a4048415c952326fd58a831c10021410fc21a980b8fe954e5ae687f652a,5c769a4048415c952326fd58a831c10021410fc21a980b8fe954e5ae687f652a,unchanged
manuscript/supplement/sections/numerical_validation.tex,manuscript,4450,4450,e31bef4615a1f92d55349026bb3a8d337478bf955ed8f681680288782a1aec72,e31bef4615a1f92d55349026bb3a8d337478bf955ed8f681680288782a1aec72,unchanged
manuscript/supplement/sections/release_environment_and_provenance.tex,manuscript,1232,1232,9826bbcd72df4236f7cb5ba91de4683a72122466a11fceec1934f2dc1d0418dc,9826bbcd72df4236f7cb5ba91de4683a72122466a11fceec1934f2dc1d0418dc,unchanged
manuscript/supplement/sections/reproducibility_commands.tex,manuscript,1619,1619,223b0f4c512e177e8dfd1711905eeb8f73c2ab2fb1650f1c382821497bdb3dda,223b0f4c512e177e8dfd1711905eeb8f73c2ab2fb1650f1c382821497bdb3dda,unchanged
manuscript/supplement/sections/uncertainty_identifiability.tex,manuscript,2437,2437,7607122c0754ef5ca077df1f3fbf4b5819a2a302f423cd7d7568afdda5ff2d3d,7607122c0754ef5ca077df1f3fbf4b5819a2a302f423cd7d7568afdda5ff2d3d,unchanged
manuscript/supplement/supplement.aux,manuscript,10770,10770,a7dc3c8731c41ef6db4acfb98703ddae68660713504f432ef262a0dca18c4004,a7dc3c8731c41ef6db4acfb98703ddae68660713504f432ef262a0dca18c4004,unchanged
manuscript/supplement/supplement.bbl,manuscript,5354,5354,39ace4ec3672bc30688c4effc760f74c7571144353793766d173d8539af8675c,39ace4ec3672bc30688c4effc760f74c7571144353793766d173d8539af8675c,unchanged
manuscript/supplement/supplement.blg,manuscript,1051,1051,68b8f6ea41a0a298a823b7c3d8e4a56490486b1beb5dfcf14150d4d9bfeb5779,68b8f6ea41a0a298a823b7c3d8e4a56490486b1beb5dfcf14150d4d9bfeb5779,unchanged
manuscript/supplement/supplement.log,manuscript,30924,30924,52eb4a4c2eb747c89a4d245c1b69f1ebd90df129ff6171d02bb2f554ef03789c,52eb4a4c2eb747c89a4d245c1b69f1ebd90df129ff6171d02bb2f554ef03789c,unchanged
manuscript/supplement/supplement.out,manuscript,1863,1863,806bce90894168cb9cacd9938bb0d7e43669098ba4027fa27fe52800a97c65c9,806bce90894168cb9cacd9938bb0d7e43669098ba4027fa27fe52800a97c65c9,unchanged
manuscript/supplement/supplement.pdf,manuscript,635045,635045,a9083d63025fddb9e579cf773f392bbf9985fd04e2968a73e902f728996329ef,a9083d63025fddb9e579cf773f392bbf9985fd04e2968a73e902f728996329ef,unchanged
manuscript/supplement/supplement.tex,manuscript,1272,1272,0a04724d2966e20a391d5759da4ad10378133610eecaf00e9154896dd6be2882,0a04724d2966e20a391d5759da4ad10378133610eecaf00e9154896dd6be2882,unchanged
manuscript/supplement/tables/active_mechanism_reproducibility_map.tex,manuscript,1552,1552,7e2c61940243fc7745759a253e5114b58558d132c66b5c724695dd06ca998043,7e2c61940243fc7745759a253e5114b58558d132c66b5c724695dd06ca998043,unchanged
manuscript/supplement/tables/environment_versions.tex,manuscript,2091,2091,d6d7d1beb4c041197aee38213250d5e1e3e07ab1541e13d57cfa02bad2fc1459,d6d7d1beb4c041197aee38213250d5e1e3e07ab1541e13d57cfa02bad2fc1459,unchanged
manuscript/supplement/tables/high_rhol_stress_test_summary.tex,manuscript,749,749,cd924ea9f1791bac1dca8c56f5649c3a3172079fe375c83bdb36b20c96ab1f93,cd924ea9f1791bac1dca8c56f5649c3a3172079fe375c83bdb36b20c96ab1f93,unchanged
manuscript/supplement/tables/residual_metric_controls_expanded.tex,manuscript,1140,1140,ce762c3edf2fe1c64572202dba068e0fc6454170f2c75e5c5426bdb6d7c214f0,ce762c3edf2fe1c64572202dba068e0fc6454170f2c75e5c5426bdb6d7c214f0,unchanged
manuscript/supplement/tables/residual_rowclass_summary.tex,manuscript,1655,1655,7cc35cb7e48c43da131164b6a293fa0cf2685bec01ef05f32432d5595d8c09e9,7cc35cb7e48c43da131164b6a293fa0cf2685bec01ef05f32432d5595d8c09e9,unchanged
manuscript/supplement/tables/row_provenance_reconciled.tex,manuscript,2649,2649,a3ad8ff461b279c79decc124718391965ef8346eb40f80ce05fffdee54062d98,a3ad8ff461b279c79decc124718391965ef8346eb40f80ce05fffdee54062d98,unchanged
manuscript/supplement/tables/validation_coverage_by_row_class.tex,manuscript,1526,1526,3d61ecc12bbf7faf3d4cd225980b6a5f9c05cd7dc24055025d6928f7fd99f48f,3d61ecc12bbf7faf3d4cd225980b6a5f9c05cd7dc24055025d6928f7fd99f48f,unchanged
manuscript/tables/active_parameter_summary.tex,manuscript,1373,1373,7e77c8742cd757cee974a26387bca4a43a2124f3640b96018c4ae800f5e3591e,7e77c8742cd757cee974a26387bca4a43a2124f3640b96018c4ae800f5e3591e,unchanged
manuscript/tables/claim_summary.tex,manuscript,2018,2018,0cdaf22159e00917ca72eb234d7b1439a546b590e92a1bf1fc4aa6900e329360,0cdaf22159e00917ca72eb234d7b1439a546b590e92a1bf1fc4aa6900e329360,unchanged
manuscript/tables/parameters.tex,manuscript,1560,1560,8b4319e7579f54e9fe59844cce43bee58382947155a25a384caca5cd3a1dd7ed,8b4319e7579f54e9fe59844cce43bee58382947155a25a384caca5cd3a1dd7ed,unchanged
manuscript/tables/predictor_summary.tex,manuscript,1535,1535,3e906cedf85c159b85fd666acb0357027a4b7fc9a207db974db6550efc3a5116,3e906cedf85c159b85fd666acb0357027a4b7fc9a207db974db6550efc3a5116,unchanged
manuscript/tables/validation_summary.tex,manuscript,2171,2171,3f165fd67ae56542d16e023e302a3b1b1f4151342dab804bfb9f5b4574c9a735,3f165fd67ae56542d16e023e302a3b1b1f4151342dab804bfb9f5b4574c9a735,unchanged
manuscript/target_journal.aux,manuscript,14627,14627,989522c8cb130b32fbbfcca7337dfdddfeb70b9a60f24b3eeafec300683322bd,989522c8cb130b32fbbfcca7337dfdddfeb70b9a60f24b3eeafec300683322bd,unchanged
manuscript/target_journal.bbl,manuscript,6899,6899,448dbe35dda64292f9565d1cfef517e1d40ff8e418bd18de61c80a498322b59d,448dbe35dda64292f9565d1cfef517e1d40ff8e418bd18de61c80a498322b59d,unchanged
manuscript/target_journal.blg,manuscript,1061,1061,e7e6e6655806dc76b5b9132073c8453d8c486cb88f2008fbc8851fbf853fdee2,e7e6e6655806dc76b5b9132073c8453d8c486cb88f2008fbc8851fbf853fdee2,unchanged
manuscript/target_journal.log,manuscript,29287,29287,16e5ba485246904bc339f1689050d0892cd9a7ea497fc5b0a4e519a397a04e5d,16e5ba485246904bc339f1689050d0892cd9a7ea497fc5b0a4e519a397a04e5d,unchanged
manuscript/target_journal.out,manuscript,6225,6225,c9a06eeda6fd5efadf6a51bf3211a5c284c02b5fe716142ed2ee2672c3d4a0a4,c9a06eeda6fd5efadf6a51bf3211a5c284c02b5fe716142ed2ee2672c3d4a0a4,unchanged
manuscript/target_journal.pdf,manuscript,1103757,1103757,b950b0f49575c06fceeb8b15585e5731d3e9712b9f08c96042e38868ed4d2cfc,b950b0f49575c06fceeb8b15585e5731d3e9712b9f08c96042e38868ed4d2cfc,unchanged
manuscript/target_journal.tex,manuscript,767,767,214018df37a86ecceb02506a4551931f4523c4eb4f8edfb3d69f0f6251f4a7d7,214018df37a86ecceb02506a4551931f4523c4eb4f8edfb3d69f0f6251f4a7d7,unchanged
public_release/spine-divider-residuals/.gitignore,public_release\spine-divider-residuals,367,367,f3bcf0f0c1c328f6c8285248563ba7b5d00ca0518c009aaa1d7b1d8d4006ed4f,f3bcf0f0c1c328f6c8285248563ba7b5d00ca0518c009aaa1d7b1d8d4006ed4f,unchanged
public_release/spine-divider-residuals/.zenodo.json,public_release\spine-divider-residuals,1322,1322,82aa164f80446b0cf03365e809486eb92b233a93a7072d2d7f315849a86f6ebf,82aa164f80446b0cf03365e809486eb92b233a93a7072d2d7f315849a86f6ebf,unchanged
public_release/spine-divider-residuals/.zenodo.json.disabled,public_release\spine-divider-residuals,1322,1322,82aa164f80446b0cf03365e809486eb92b233a93a7072d2d7f315849a86f6ebf,82aa164f80446b0cf03365e809486eb92b233a93a7072d2d7f315849a86f6ebf,unchanged
public_release/spine-divider-residuals/CHANGELOG.md,public_release\spine-divider-residuals,2483,2483,587837584bbd74cd69f91e70ecc27dc3acfe6976254c14f6b0dc92b189a31c4d,587837584bbd74cd69f91e70ecc27dc3acfe6976254c14f6b0dc92b189a31c4d,unchanged
public_release/spine-divider-residuals/CITATION.cff,public_release\spine-divider-residuals,882,882,13311b47dca3d039ead105029207841825a9b7f7821dd3fffa0538391de813f9,13311b47dca3d039ead105029207841825a9b7f7821dd3fffa0538391de813f9,unchanged
public_release/spine-divider-residuals/DATA_LICENSE.md,public_release\spine-divider-residuals,556,556,adf19dca5d4ffc2862050b12f4d7074d23b8bab05a43c2f03086b288fbd6e3c0,adf19dca5d4ffc2862050b12f4d7074d23b8bab05a43c2f03086b288fbd6e3c0,unchanged
public_release/spine-divider-residuals/INSTALL.md,public_release\spine-divider-residuals,1647,1647,8a83665af6870bb41a126eccc4dc345a3b093642c254decc00d9f7c12df9b769,8a83665af6870bb41a126eccc4dc345a3b093642c254decc00d9f7c12df9b769,unchanged
public_release/spine-divider-residuals/LICENSE,public_release\spine-divider-residuals,1113,1113,623af2a94e1e7510bbf1c3fcbed1317bcbf849f49b549ceeb64cbf7f16a19d8c,623af2a94e1e7510bbf1c3fcbed1317bcbf849f49b549ceeb64cbf7f16a19d8c,unchanged
public_release/spine-divider-residuals/MANIFEST.md,public_release\spine-divider-residuals,396,396,3ff96a53b05f88498537eed3a0ecdc72b13a3e253f7f36fb05e20adf97512f90,3ff96a53b05f88498537eed3a0ecdc72b13a3e253f7f36fb05e20adf97512f90,unchanged
public_release/spine-divider-residuals/PUBLIC_RELEASE_MANIFEST.csv,public_release\spine-divider-residuals,69774,69774,2370c7b5712f0b1eaae38d4b0f21430441bf1e7a4dbe399ce7b9932b8f99265f,2370c7b5712f0b1eaae38d4b0f21430441bf1e7a4dbe399ce7b9932b8f99265f,unchanged
public_release/spine-divider-residuals/QUICKSTART.md,public_release\spine-divider-residuals,2170,2170,52b3811a310f11079f2de7e08f2ce50b95e0b4319002aaae259d06a6100b452c,52b3811a310f11079f2de7e08f2ce50b95e0b4319002aaae259d06a6100b452c,unchanged
public_release/spine-divider-residuals/README.md,public_release\spine-divider-residuals,3789,3789,286b0054822f64556e556daca7002ec1a35312d40d10f4b9b377134a149293e2,286b0054822f64556e556daca7002ec1a35312d40d10f4b9b377134a149293e2,unchanged
public_release/spine-divider-residuals/RELEASE_NOTES.md,public_release\spine-divider-residuals,1226,1226,ba4533f7b535280642741bbe58856793d38c0c7c40fe8f812220d1e8375b47e8,ba4533f7b535280642741bbe58856793d38c0c7c40fe8f812220d1e8375b47e8,unchanged
public_release/spine-divider-residuals/REPRODUCIBILITY.md,public_release\spine-divider-residuals,1274,1274,0c6e9f729fb3b15896d9d56648f22b20667871d0c0f1601dc9818b5e3ec82947,0c6e9f729fb3b15896d9d56648f22b20667871d0c0f1601dc9818b5e3ec82947,unchanged
public_release/spine-divider-residuals/configs/active_extension/baseline.toml,public_release\spine-divider-residuals,978,978,61a4444201e0bb60b815d87d70442bbe7b3d7aff9be3358bc5f95700557d5075,61a4444201e0bb60b815d87d70442bbe7b3d7aff9be3358bc5f95700557d5075,unchanged
public_release/spine-divider-residuals/configs/epilepsy_exploratory/baseline.toml,public_release\spine-divider-residuals,907,907,9db6e3424c5c146fb16c79623e3ef925375a7235b57bcf42e2f4e4a411928d00,9db6e3424c5c146fb16c79623e3ef925375a7235b57bcf42e2f4e4a411928d00,unchanged
public_release/spine-divider-residuals/configs/epilepsy_exploratory/scenarios.toml,public_release\spine-divider-residuals,1957,1957,bab13ab79516270826c43706be4f8711ced5cf75462d99bcd574ca290b2441bf,bab13ab79516270826c43706be4f8711ced5cf75462d99bcd574ca290b2441bf,unchanged
public_release/spine-divider-residuals/configs/manuscript_faithful/baseline.toml,public_release\spine-divider-residuals,962,962,40f2b001751cf20bbb7c5339b53f0a17716e08db6b76012ffe70c8c11bd0e115,40f2b001751cf20bbb7c5339b53f0a17716e08db6b76012ffe70c8c11bd0e115,unchanged
public_release/spine-divider-residuals/configs/plausibility_revised/baseline.toml,public_release\spine-divider-residuals,997,997,19ff66959ca8586d8aa6ba7886db4c84718093d5a003759baf7db5849c2b274b,19ff66959ca8586d8aa6ba7886db4c84718093d5a003759baf7db5849c2b274b,unchanged
public_release/spine-divider-residuals/docs/DECISION_LOG.md,public_release\spine-divider-residuals,121507,121507,5280892bab203433d4aebd946e3d76cff01ae68702fa5ab0363f7f85f88ae3d1,5280892bab203433d4aebd946e3d76cff01ae68702fa5ab0363f7f85f88ae3d1,unchanged
public_release/spine-divider-residuals/docs/LIMITATIONS.md,public_release\spine-divider-residuals,1274,1274,fddf6f2b18d277b92ac2ea9cec8427e02a6480b6085bdb26c73486d232b22ba8,fddf6f2b18d277b92ac2ea9cec8427e02a6480b6085bdb26c73486d232b22ba8,unchanged
public_release/spine-divider-residuals/docs/MODEL_SPECIFICATION.md,public_release\spine-divider-residuals,6965,6965,40a2509343239de7fe5629ac6da3a41f4f44dc7f873e5c4be707eb4d6932c0af,40a2509343239de7fe5629ac6da3a41f4f44dc7f873e5c4be707eb4d6932c0af,unchanged
public_release/spine-divider-residuals/docs/PROJECT_STATE.md,public_release\spine-divider-residuals,116659,116659,250620320449a44b13eac4e5b5fda68620a0f45ef7a8f6169e2667341152f87e,250620320449a44b13eac4e5b5fda68620a0f45ef7a8f6169e2667341152f87e,unchanged
public_release/spine-divider-residuals/docs/TRACEABILITY_MATRIX.csv,public_release\spine-divider-residuals,12115,12115,370a338f2137c0efbd8789919a3bd58fa521208559dc3f621338d25591865cf1,370a338f2137c0efbd8789919a3bd58fa521208559dc3f621338d25591865cf1,unchanged
public_release/spine-divider-residuals/docs/UNIT_AUDIT.md,public_release\spine-divider-residuals,6115,6115,f79a8bf91a1baa895c2f7a2e7e22df8323e79a89186ffb9f997da3f66ccfc8ed,f79a8bf91a1baa895c2f7a2e7e22df8323e79a89186ffb9f997da3f66ccfc8ed,unchanged
public_release/spine-divider-residuals/environment.yml,public_release\spine-divider-residuals,174,174,54eec02024c3e381c63e3eb07117d57d96130b9641b578acaa41988a38927052,54eec02024c3e381c63e3eb07117d57d96130b9641b578acaa41988a38927052,unchanged
public_release/spine-divider-residuals/manuscript/BUILD_INSTRUCTIONS.md,public_release\spine-divider-residuals,1592,1592,db896ce4183f7cb74a3b39ce3201345d3c653c9879b260a5ec5a21b05e325e35,db896ce4183f7cb74a3b39ce3201345d3c653c9879b260a5ec5a21b05e325e35,unchanged
public_release/spine-divider-residuals/manuscript/CLAIM_TO_SOURCE_LEDGER.csv,public_release\spine-divider-residuals,7989,7989,fbb2c45fbc6bf606c71597c03b314753eebf2f1e6407ebc3bd1367515c64c44b,fbb2c45fbc6bf606c71597c03b314753eebf2f1e6407ebc3bd1367515c64c44b,unchanged
public_release/spine-divider-residuals/manuscript/FIGURE_EMBEDDING_REPORT.md,public_release\spine-divider-residuals,1709,1709,13703e92f5c070fc5b73442f4003cb5f2da90f53c2e7cdf7bc2d14823909360e,13703e92f5c070fc5b73442f4003cb5f2da90f53c2e7cdf7bc2d14823909360e,unchanged
public_release/spine-divider-residuals/manuscript/FIGURE_SOURCE_MANIFEST.csv,public_release\spine-divider-residuals,6341,6341,d9f29041f3adecf14ce968f6266b9d3421d8498ca4ca8a473a77f4836118174c,d9f29041f3adecf14ce968f6266b9d3421d8498ca4ca8a473a77f4836118174c,unchanged
public_release/spine-divider-residuals/manuscript/FORMATTING_FIX_REPORT.md,public_release\spine-divider-residuals,1728,1728,cd914c51a272a0e683b8b6254ca2966347bdf3e8ae2a5f3616224adae3b46928,cd914c51a272a0e683b8b6254ca2966347bdf3e8ae2a5f3616224adae3b46928,unchanged
public_release/spine-divider-residuals/manuscript/JOURNAL_TARGET_ASSESSMENT.md,public_release\spine-divider-residuals,8372,8372,92eadb769a7c388dbe20bb87d7ca3a5fdf93294b26010bb0efdcc22e2e882674,92eadb769a7c388dbe20bb87d7ca3a5fdf93294b26010bb0efdcc22e2e882674,unchanged
public_release/spine-divider-residuals/manuscript/LATEX_PRODUCTION_AUDIT.md,public_release\spine-divider-residuals,3444,3444,b56e8fbdbb90902eabc29aa574fcd440bd6ccbc7cf263b029395cdeac0948848,b56e8fbdbb90902eabc29aa574fcd440bd6ccbc7cf263b029395cdeac0948848,unchanged
public_release/spine-divider-residuals/manuscript/LATEX_VALIDATION_REPORT.md,public_release\spine-divider-residuals,2571,2571,fc486ae1af2e2ecd3ed8ad3e5865c9874130e83ffbdcdfbe3d45e8b36dd76843,fc486ae1af2e2ecd3ed8ad3e5865c9874130e83ffbdcdfbe3d45e8b36dd76843,unchanged
public_release/spine-divider-residuals/manuscript/NUMERICAL_VERIFICATION_REPORT.md,public_release\spine-divider-residuals,5789,5789,81068cb4d0bca70660743b1ff7a01a45c146d514cfd70a38f68ef6917adbcdfe,81068cb4d0bca70660743b1ff7a01a45c146d514cfd70a38f68ef6917adbcdfe,unchanged
public_release/spine-divider-residuals/manuscript/PUBLICATION_GUIDE.md,public_release\spine-divider-residuals,1326,1326,c74435c5e05feabb92306d165a90264ed5f14f8aa6e07cad9b62c40eb2bc676c,c74435c5e05feabb92306d165a90264ed5f14f8aa6e07cad9b62c40eb2bc676c,unchanged
public_release/spine-divider-residuals/manuscript/PUBLISHER_PROOF_REPORT.md,public_release\spine-divider-residuals,2377,2377,85a54e176f29df2787a858a5ebf35c39bc24cf642219325fa2ea55f508d52698,85a54e176f29df2787a858a5ebf35c39bc24cf642219325fa2ea55f508d52698,unchanged
public_release/spine-divider-residuals/manuscript/TABLE_SOURCE_MANIFEST.csv,public_release\spine-divider-residuals,3097,3097,5c87727ed46516480acbd860389be7ca865e0b5fefe6e3c136effb437750b164,5c87727ed46516480acbd860389be7ca865e0b5fefe6e3c136effb437750b164,unchanged
public_release/spine-divider-residuals/manuscript/figures/Fig1_architecture.pdf,public_release\spine-divider-residuals,1172374,1172374,1db25142b23b34d3978b7172b92b457a6997177d4b4be6c99dd2b0eda9ca37d0,1db25142b23b34d3978b7172b92b457a6997177d4b4be6c99dd2b0eda9ca37d0,unchanged
public_release/spine-divider-residuals/manuscript/figures/Fig1_architecture.png,public_release\spine-divider-residuals,980478,980478,e1e9bbedaab9f6e0f56f498ce069b5a0e840383f4173b95c5b64c15b2da89960,e1e9bbedaab9f6e0f56f498ce069b5a0e840383f4173b95c5b64c15b2da89960,unchanged
public_release/spine-divider-residuals/manuscript/figures/Fig1_architecture.svg,public_release\spine-divider-residuals,308,308,7d7591ca8481c17bac17ac23a402485d50e078a6b34ac655f67b12227af1cd88,7d7591ca8481c17bac17ac23a402485d50e078a6b34ac655f67b12227af1cd88,unchanged
public_release/spine-divider-residuals/manuscript/figures/Fig2A_low_trace.svg,public_release\spine-divider-residuals,333122,333122,af37c5645e962d2814ef453194b831ef1f9b1a2e9931cc2cc10a22ad77bc2b46,af37c5645e962d2814ef453194b831ef1f9b1a2e9931cc2cc10a22ad77bc2b46,unchanged
public_release/spine-divider-residuals/manuscript/figures/Fig2B_intermediate_trace.svg,public_release\spine-divider-residuals,333936,333936,6771c4ad3421f13dec3487563f5de3dac750e5e2ffcbd87c859bfab122bdeeda,6771c4ad3421f13dec3487563f5de3dac750e5e2ffcbd87c859bfab122bdeeda,unchanged
public_release/spine-divider-residuals/manuscript/figures/Fig2C_high_trace.svg,public_release\spine-divider-residuals,335436,335436,bc5fa9a9228f5d2c0e6241375d5cf30bb69627d84bc5ab8eae070bd7345e6ac7,bc5fa9a9228f5d2c0e6241375d5cf30bb69627d84bc5ab8eae070bd7345e6ac7,unchanged
public_release/spine-divider-residuals/manuscript/figures/Fig2_baseline_traces.pdf,public_release\spine-divider-residuals,476791,476791,2aa4c49e84ca1fcdf87f76a61753b64154fa2fa7c6192270f547de45a1290e22,2aa4c49e84ca1fcdf87f76a61753b64154fa2fa7c6192270f547de45a1290e22,unchanged
public_release/spine-divider-residuals/manuscript/figures/Fig2_baseline_traces.png,public_release\spine-divider-residuals,25110,25110,a86f5737c67998b6c31b8621fcd66f3c8a9d77bb3a04ba8d86a9c9d2bd09db96,a86f5737c67998b6c31b8621fcd66f3c8a9d77bb3a04ba8d86a9c9d2bd09db96,unchanged
public_release/spine-divider-residuals/manuscript/figures/Fig2_baseline_traces.svg,public_release\spine-divider-residuals,1194114,1194114,e94bc84e209fdf3b38761d300122433b1ee15f82cc33229903100f8f775cb4e6,e94bc84e209fdf3b38761d300122433b1ee15f82cc33229903100f8f775cb4e6,unchanged
public_release/spine-divider-residuals/manuscript/figures/Fig3A_fixed_load_somatic.svg,public_release\spine-divider-residuals,31501,31501,6911a3157e945b16fcd6022216c085d9410f5d9fc871f0432dc9faf974e2e070,6911a3157e945b16fcd6022216c085d9410f5d9fc871f0432dc9faf974e2e070,unchanged
public_release/spine-divider-residuals/manuscript/figures/Fig3B_fixed_load_amplitude.svg,public_release\spine-divider-residuals,31690,31690,954b1533b483aa59aba07e6ecec37836f5e69e258701ce959db726c2cee469a7,954b1533b483aa59aba07e6ecec37836f5e69e258701ce959db726c2cee469a7,unchanged
public_release/spine-divider-residuals/manuscript/figures/Fig3C_matched_neck_somatic.svg,public_release\spine-divider-residuals,3119,3119,d7709e251d6efec7c5aa21de3da44da900e82c753ef0141185c775a45e898a89,d7709e251d6efec7c5aa21de3da44da900e82c753ef0141185c775a45e898a89,unchanged
public_release/spine-divider-residuals/manuscript/figures/Fig3D_matched_neck_amplitude.svg,public_release\spine-divider-residuals,3099,3099,57bfb8f3e759585e8982c414a5b8241746d118155c562eb29fa456daa4384b64,57bfb8f3e759585e8982c414a5b8241746d118155c562eb29fa456daa4384b64,unchanged
public_release/spine-divider-residuals/manuscript/figures/Fig3_divider_residuals.pdf,public_release\spine-divider-residuals,128142,128142,c48d73a4706d09b4365b5f11e65e56683f937b1b1d9d57418b394f62b0836ee4,c48d73a4706d09b4365b5f11e65e56683f937b1b1d9d57418b394f62b0836ee4,unchanged
public_release/spine-divider-residuals/manuscript/figures/Fig3_divider_residuals.png,public_release\spine-divider-residuals,619589,619589,e01644ad8ddc4b0b5795316784d0dfa1cd6b08590fe8aa9c8f27e96009382dfe,e01644ad8ddc4b0b5795316784d0dfa1cd6b08590fe8aa9c8f27e96009382dfe,unchanged
public_release/spine-divider-residuals/manuscript/figures/Fig3_divider_residuals.svg,public_release\spine-divider-residuals,1304932,1304932,cab4878258c9e2a3c6dd3f25693847787e48575c60b6d90ea4760d06e3c3c891,cab4878258c9e2a3c6dd3f25693847787e48575c60b6d90ea4760d06e3c3c891,unchanged
public_release/spine-divider-residuals/manuscript/figures/Fig3_load_normalization.pdf,public_release\spine-divider-residuals,70222,70222,66f201e53beca36aef7bb0d8828aa31c80faf960f2545f6fb010c3d33928f709,66f201e53beca36aef7bb0d8828aa31c80faf960f2545f6fb010c3d33928f709,unchanged
public_release/spine-divider-residuals/manuscript/figures/Fig3_load_normalization.png,public_release\spine-divider-residuals,32585,32585,62418f3f0f6a5eff436e24831b58d41eaa9ceed6c349d5f19e7a971d6e536201,62418f3f0f6a5eff436e24831b58d41eaa9ceed6c349d5f19e7a971d6e536201,unchanged
public_release/spine-divider-residuals/manuscript/figures/Fig3_load_normalization.svg,public_release\spine-divider-residuals,97928,97928,2d23504f963b74da140ecb21c98e8207e92e2a4977f54670d049e31af9f2d2ee,2d23504f963b74da140ecb21c98e8207e92e2a4977f54670d049e31af9f2d2ee,unchanged
public_release/spine-divider-residuals/manuscript/figures/Fig4A_passive_local.svg,public_release\spine-divider-residuals,2615,2615,a23a1f8a1c22b4c6d522087abe38b24af4a8b2912ab83edc39757e3099ccf3be,a23a1f8a1c22b4c6d522087abe38b24af4a8b2912ab83edc39757e3099ccf3be,unchanged
public_release/spine-divider-residuals/manuscript/figures/Fig4B_impedance_spectrum.svg,public_release\spine-divider-residuals,843,843,cb35b6e29f1680823f3f8acec5ee388f23a67fcfc6a0e1587d0495213ce9f817,cb35b6e29f1680823f3f8acec5ee388f23a67fcfc6a0e1587d0495213ce9f817,unchanged
public_release/spine-divider-residuals/manuscript/figures/Fig4_passive_domain.pdf,public_release\spine-divider-residuals,4974,4974,623d5a2a6aa3bc753587a0b31774665c67c7a39936016697e237970fbb2622fe,623d5a2a6aa3bc753587a0b31774665c67c7a39936016697e237970fbb2622fe,unchanged
public_release/spine-divider-residuals/manuscript/figures/Fig4_passive_domain.png,public_release\spine-divider-residuals,32280,32280,ee6e9c1a6b971aad5c86880b4d8689c43765633c906f135bd7e4ebc0227005d8,ee6e9c1a6b971aad5c86880b4d8689c43765633c906f135bd7e4ebc0227005d8,unchanged
public_release/spine-divider-residuals/manuscript/figures/Fig4_passive_domain.svg,public_release\spine-divider-residuals,14154,14154,e7aa5887c28d0d397429c2cfdc9ac2d6aab5f64a8e9f502765d531895f13c9ba,e7aa5887c28d0d397429c2cfdc9ac2d6aab5f64a8e9f502765d531895f13c9ba,unchanged
public_release/spine-divider-residuals/manuscript/figures/Fig5A_passive_somatic.svg,public_release\spine-divider-residuals,2628,2628,aeaf677b1e1110be670230b75ae96c6630f585891567d49450bb7f4f5cd64d50,aeaf677b1e1110be670230b75ae96c6630f585891567d49450bb7f4f5cd64d50,unchanged
public_release/spine-divider-residuals/manuscript/figures/Fig5B_dynamic_smi.svg,public_release\spine-divider-residuals,848,848,5d2daa40368209f12f1e9de0738689b51358456f3fe39748d5abb67d01ac02e1,5d2daa40368209f12f1e9de0738689b51358456f3fe39748d5abb67d01ac02e1,unchanged
public_release/spine-divider-residuals/manuscript/figures/Fig5_passive_limitations.pdf,public_release\spine-divider-residuals,6846,6846,baab7153689535e4af172e518bd1981a7f484b29d7db953cb7e59510d45b5e38,baab7153689535e4af172e518bd1981a7f484b29d7db953cb7e59510d45b5e38,unchanged
public_release/spine-divider-residuals/manuscript/figures/Fig5_passive_limitations.png,public_release\spine-divider-residuals,30834,30834,2f4bdd11a3f90023bb5d136d7ff96db4da501f06052ac16d0f64f092919daab9,2f4bdd11a3f90023bb5d136d7ff96db4da501f06052ac16d0f64f092919daab9,unchanged
public_release/spine-divider-residuals/manuscript/figures/Fig5_passive_limitations.svg,public_release\spine-divider-residuals,19328,19328,20ae2be3a098d7740e4391815b23ac650b828aaa521a788a8a1002f981fc6f27,20ae2be3a098d7740e4391815b23ac650b828aaa521a788a8a1002f981fc6f27,unchanged
public_release/spine-divider-residuals/manuscript/figures/Fig6A_active_local.svg,public_release\spine-divider-residuals,4363,4363,25e2a21a7e434a57b1b2b692a1770750d512ff090277430f538d6a0330ce71d7,25e2a21a7e434a57b1b2b692a1770750d512ff090277430f538d6a0330ce71d7,unchanged
public_release/spine-divider-residuals/manuscript/figures/Fig6B_active_amplitude.svg,public_release\spine-divider-residuals,4361,4361,80bb719dc59167432b3899adf3117b0bbacb41a50799b95af94b3b40f849f4b1,80bb719dc59167432b3899adf3117b0bbacb41a50799b95af94b3b40f849f4b1,unchanged
public_release/spine-divider-residuals/manuscript/figures/Fig6_active_domain.pdf,public_release\spine-divider-residuals,9814,9814,b67dd84c06a3e7a7fec2a141dc5a8ce57f2a261dad4fe151898d9124fbebb27f,b67dd84c06a3e7a7fec2a141dc5a8ce57f2a261dad4fe151898d9124fbebb27f,unchanged
public_release/spine-divider-residuals/manuscript/figures/Fig6_active_domain.png,public_release\spine-divider-residuals,31230,31230,bd3e62d616b08cc921777b78317a8fc320792c087f67d2e2ac004b10fa709537,bd3e62d616b08cc921777b78317a8fc320792c087f67d2e2ac004b10fa709537,unchanged
public_release/spine-divider-residuals/manuscript/figures/Fig6_active_domain.svg,public_release\spine-divider-residuals,23857,23857,f367505b5b347a6d61fe13c39f727d86b26555ad08a765e92ffe6c74b5c98b27,f367505b5b347a6d61fe13c39f727d86b26555ad08a765e92ffe6c74b5c98b27,unchanged
public_release/spine-divider-residuals/manuscript/figures/Fig7A_smi_convergence.svg,public_release\spine-divider-residuals,642,642,08e30b906538110ef4ce399e87390999a43fee36a150013f723f1077b897ee5c,08e30b906538110ef4ce399e87390999a43fee36a150013f723f1077b897ee5c,unchanged
public_release/spine-divider-residuals/manuscript/figures/Fig7B_radius_flips.svg,public_release\spine-divider-residuals,668,668,e8280701f7060d1c7f9d1857deb8c175f129519352bdc0929d5521427cc9387c,e8280701f7060d1c7f9d1857deb8c175f129519352bdc0929d5521427cc9387c,unchanged
public_release/spine-divider-residuals/manuscript/figures/Fig7_uncertainty_radius.pdf,public_release\spine-divider-residuals,4601,4601,5032b1c8f50950e51edcac814679ebe8cc0c03baf2fda180fce3b6f6c672c1b3,5032b1c8f50950e51edcac814679ebe8cc0c03baf2fda180fce3b6f6c672c1b3,unchanged
public_release/spine-divider-residuals/manuscript/figures/Fig7_uncertainty_radius.png,public_release\spine-divider-residuals,33900,33900,9fe13143eb58dd99b56dc44a3db1bc7bac2028911a01ed6750de7436edd74cba,9fe13143eb58dd99b56dc44a3db1bc7bac2028911a01ed6750de7436edd74cba,unchanged
public_release/spine-divider-residuals/manuscript/figures/Fig7_uncertainty_radius.svg,public_release\spine-divider-residuals,18166,18166,112be7824598ee196413c150460c052fcd6b1fa61103aa191ed256ac3649528e,112be7824598ee196413c150460c052fcd6b1fa61103aa191ed256ac3649528e,unchanged
public_release/spine-divider-residuals/manuscript/figures/Fig8A_amplitude_counterexamples.svg,public_release\spine-divider-residuals,668,668,7351bbc3a1c3a161c2b6488a1afade1fc17a123712accfe9d73abcf061722b77,7351bbc3a1c3a161c2b6488a1afade1fc17a123712accfe9d73abcf061722b77,unchanged
public_release/spine-divider-residuals/manuscript/figures/Fig8B_predictor_stability.svg,public_release\spine-divider-residuals,662,662,45e051593d110081d2fcdee53dc42797d27c0bffc713ead0bfd20a939ca53210,45e051593d110081d2fcdee53dc42797d27c0bffc713ead0bfd20a939ca53210,unchanged
public_release/spine-divider-residuals/manuscript/figures/Fig8_summary.pdf,public_release\spine-divider-residuals,3204,3204,009059b6a657ab7614d0516e7164bba1ba40939973f9ef47e15920c7e2d58f56,009059b6a657ab7614d0516e7164bba1ba40939973f9ef47e15920c7e2d58f56,unchanged
public_release/spine-divider-residuals/manuscript/figures/Fig8_summary.png,public_release\spine-divider-residuals,49695,49695,b075c2ddb43c7b6bf632848674500114523b8a1c9a71a6c7ab9ff9335b354c3d,b075c2ddb43c7b6bf632848674500114523b8a1c9a71a6c7ab9ff9335b354c3d,unchanged
public_release/spine-divider-residuals/manuscript/figures/Fig8_summary.svg,public_release\spine-divider-residuals,10327,10327,7f232d8f8407e68e28b12737f80a5992b6f21725f11ae7e9eab69cef6f8f6874,7f232d8f8407e68e28b12737f80a5992b6f21725f11ae7e9eab69cef6f8f6874,unchanged
public_release/spine-divider-residuals/manuscript/figures/FigS1_fixed_load_heatmap.pdf,public_release\spine-divider-residuals,6348,6348,16ffe01e491430483fac530542fc27d3e599b2485a087e8aa5adb12f93460bd6,16ffe01e491430483fac530542fc27d3e599b2485a087e8aa5adb12f93460bd6,unchanged
public_release/spine-divider-residuals/manuscript/figures/FigS1_fixed_load_heatmap.png,public_release\spine-divider-residuals,22857,22857,83b93e2514ed56b0da50427877f9e4bfa0e0ec8eb4ce5d5b1b9289d11118d72e,83b93e2514ed56b0da50427877f9e4bfa0e0ec8eb4ce5d5b1b9289d11118d72e,unchanged
public_release/spine-divider-residuals/manuscript/figures/FigS1_fixed_load_heatmap.svg,public_release\spine-divider-residuals,58551,58551,e1b113903cf64af6d700b587c2ac3fc5c39f01c324c2b6acd12344cc2d688c2d,e1b113903cf64af6d700b587c2ac3fc5c39f01c324c2b6acd12344cc2d688c2d,unchanged
public_release/spine-divider-residuals/manuscript/figures/FigS2_dt_convergence.pdf,public_release\spine-divider-residuals,2083,2083,2df5fd90165aa34ac28b5c0f160452432399818b18bc41a746671ffeb0186b90,2df5fd90165aa34ac28b5c0f160452432399818b18bc41a746671ffeb0186b90,unchanged
public_release/spine-divider-residuals/manuscript/figures/FigS2_dt_convergence.png,public_release\spine-divider-residuals,12672,12672,6ae83d2cf46c6e0c59d8caa95041813403470cb04e79ddfc8d06ec5ca01cf049,6ae83d2cf46c6e0c59d8caa95041813403470cb04e79ddfc8d06ec5ca01cf049,unchanged
public_release/spine-divider-residuals/manuscript/figures/FigS2_dt_convergence.svg,public_release\spine-divider-residuals,3113,3113,9747da72b874aac4df8ac071cd7e8f1a1dc6d2d90a10ae040d0f30020f182bae,9747da72b874aac4df8ac071cd7e8f1a1dc6d2d90a10ae040d0f30020f182bae,unchanged
public_release/spine-divider-residuals/manuscript/figures/FigS3_spatial_convergence.pdf,public_release\spine-divider-residuals,2151,2151,3d6df0bf416ad28b0de017f80a52ad0f802ad16c91f55d0cc8a1dee9c601d31e,3d6df0bf416ad28b0de017f80a52ad0f802ad16c91f55d0cc8a1dee9c601d31e,unchanged
public_release/spine-divider-residuals/manuscript/figures/FigS3_spatial_convergence.png,public_release\spine-divider-residuals,14674,14674,64cb12de67c4dd081302cbc802bba10dee07fad0b37fd2500dff5cac92f021e2,64cb12de67c4dd081302cbc802bba10dee07fad0b37fd2500dff5cac92f021e2,unchanged
public_release/spine-divider-residuals/manuscript/figures/FigS3_spatial_convergence.svg,public_release\spine-divider-residuals,3806,3806,7391fb0d2ba4461f588977b26cc9e8ef33f457fafaf0cda830b4f7c94df25abb,7391fb0d2ba4461f588977b26cc9e8ef33f457fafaf0cda830b4f7c94df25abb,unchanged
public_release/spine-divider-residuals/manuscript/figures/FigS4_neck_models.pdf,public_release\spine-divider-residuals,2280,2280,0955317242173f1f432d2ce26cfa6b6cf4e49d81e7e7e8f4b627732c94eec446,0955317242173f1f432d2ce26cfa6b6cf4e49d81e7e7e8f4b627732c94eec446,unchanged
public_release/spine-divider-residuals/manuscript/figures/FigS4_neck_models.png,public_release\spine-divider-residuals,11926,11926,34f29091309f42831b5aa2045b7a1a96af345e8438a135e12f5453fea0e59f3e,34f29091309f42831b5aa2045b7a1a96af345e8438a135e12f5453fea0e59f3e,unchanged
public_release/spine-divider-residuals/manuscript/figures/FigS4_neck_models.svg,public_release\spine-divider-residuals,4247,4247,5f791708cf1c8cc85ed172dd9355ab9d099ece1b10ee30210e4a5b6d2cd40fca,5f791708cf1c8cc85ed172dd9355ab9d099ece1b10ee30210e4a5b6d2cd40fca,unchanged
public_release/spine-divider-residuals/manuscript/figures/FigS5_smi_interval_width.pdf,public_release\spine-divider-residuals,2232,2232,b754b8adfbd27f5db178cecd898bf37d40fa4a820ce5bd6a2d169bd54cdf2917,b754b8adfbd27f5db178cecd898bf37d40fa4a820ce5bd6a2d169bd54cdf2917,unchanged
public_release/spine-divider-residuals/manuscript/figures/FigS5_smi_interval_width.png,public_release\spine-divider-residuals,13345,13345,1cef376601ea14ef444116657766a73b068a550817d8bb99b9a60d1d09ec4c1a,1cef376601ea14ef444116657766a73b068a550817d8bb99b9a60d1d09ec4c1a,unchanged
public_release/spine-divider-residuals/manuscript/figures/FigS5_smi_interval_width.svg,public_release\spine-divider-residuals,4101,4101,573b414d1df3f62b6837b3dec77a50c6e8c2b31998e06330b8cad23713c506b9,573b414d1df3f62b6837b3dec77a50c6e8c2b31998e06330b8cad23713c506b9,unchanged
public_release/spine-divider-residuals/manuscript/figures/FigS6_active_protocol_strength.pdf,public_release\spine-divider-residuals,3069,3069,d36be6f615ff519e90052ef76723a2dc13723ab37e9913f09855564e32f987ca,d36be6f615ff519e90052ef76723a2dc13723ab37e9913f09855564e32f987ca,unchanged
public_release/spine-divider-residuals/manuscript/figures/FigS6_active_protocol_strength.png,public_release\spine-divider-residuals,14535,14535,51bb131ef274a38939bc07ab7bb5715b8285f5703bb61e622fe49896d2c114e2,51bb131ef274a38939bc07ab7bb5715b8285f5703bb61e622fe49896d2c114e2,unchanged
public_release/spine-divider-residuals/manuscript/figures/FigS6_active_protocol_strength.svg,public_release\spine-divider-residuals,6121,6121,c11492652a85cb0185ec070f823dd74c48f75ec4553aee32b68b0e9978d0ce06,c11492652a85cb0185ec070f823dd74c48f75ec4553aee32b68b0e9978d0ce06,unchanged
public_release/spine-divider-residuals/manuscript/figures/FigS7_active_impedance.pdf,public_release\spine-divider-residuals,2664,2664,7a34da0a2b59ac386e203a057df3f83c61b3572329277cd81942a3b26dc436d0,7a34da0a2b59ac386e203a057df3f83c61b3572329277cd81942a3b26dc436d0,unchanged
public_release/spine-divider-residuals/manuscript/figures/FigS7_active_impedance.png,public_release\spine-divider-residuals,12744,12744,d8d6a8e19d2dbf922416b579b94324de1439ff42c0b2c6d49c1738af333422fd,d8d6a8e19d2dbf922416b579b94324de1439ff42c0b2c6d49c1738af333422fd,unchanged
public_release/spine-divider-residuals/manuscript/figures/FigS7_active_impedance.svg,public_release\spine-divider-residuals,5034,5034,c6d9226e66141307463223ea33e1eac50bd189fa67564e2266e83512ce3a89b8,c6d9226e66141307463223ea33e1eac50bd189fa67564e2266e83512ce3a89b8,unchanged
public_release/spine-divider-residuals/manuscript/figures/FigS8_phase06_smi_amplitude.pdf,public_release\spine-divider-residuals,3697,3697,914e00fcebac6dedc9577dacc6cb8d9c9a7a64c2ead02d7c5024dad7ed9b36c3,914e00fcebac6dedc9577dacc6cb8d9c9a7a64c2ead02d7c5024dad7ed9b36c3,unchanged
public_release/spine-divider-residuals/manuscript/figures/FigS8_phase06_smi_amplitude.png,public_release\spine-divider-residuals,9813,9813,a6c146f129be02f0ed3fe1d05f2404032267d81cded0a2facb79717d6c52e95d,a6c146f129be02f0ed3fe1d05f2404032267d81cded0a2facb79717d6c52e95d,unchanged
public_release/spine-divider-residuals/manuscript/figures/FigS8_phase06_smi_amplitude.svg,public_release\spine-divider-residuals,5824,5824,a57ad959467aefbbd8b74dd2c735e166801300e66ce71d93b18b5d5138d58149,a57ad959467aefbbd8b74dd2c735e166801300e66ce71d93b18b5d5138d58149,unchanged
public_release/spine-divider-residuals/manuscript/figures/FigS9_phase06_uncertainty.pdf,public_release\spine-divider-residuals,3343,3343,7b4e601dd2ffb3e0a583a5b07655b61d578743a7280fe58c5087414c8cb5770c,7b4e601dd2ffb3e0a583a5b07655b61d578743a7280fe58c5087414c8cb5770c,unchanged
public_release/spine-divider-residuals/manuscript/figures/FigS9_phase06_uncertainty.png,public_release\spine-divider-residuals,17300,17300,79e423119011793bcefb710d5a1e1717abc614adebc5d893a70df0ba77bf8871,79e423119011793bcefb710d5a1e1717abc614adebc5d893a70df0ba77bf8871,unchanged
public_release/spine-divider-residuals/manuscript/figures/FigS9_phase06_uncertainty.svg,public_release\spine-divider-residuals,11030,11030,80ea888d6d58f330b0e80d4443f97989acd5a7739667d843f283897360dee8f8,80ea888d6d58f330b0e80d4443f97989acd5a7739667d843f283897360dee8f8,unchanged
public_release/spine-divider-residuals/manuscript/figures_pdf/Fig1_architecture.pdf,public_release\spine-divider-residuals,1172376,1172376,b81107cb00a4424045d9ec55a9015e0193e031d6442121d6a96287d127902aca,b81107cb00a4424045d9ec55a9015e0193e031d6442121d6a96287d127902aca,unchanged
public_release/spine-divider-residuals/manuscript/figures_pdf/Fig2A_low_trace.pdf,public_release\spine-divider-residuals,130471,130471,f6213713d21e77374e345e91fd2068211e353773b6f1b3e9c2b67352341f004f,f6213713d21e77374e345e91fd2068211e353773b6f1b3e9c2b67352341f004f,unchanged
public_release/spine-divider-residuals/manuscript/figures_pdf/Fig2B_intermediate_trace.pdf,public_release\spine-divider-residuals,125900,125900,9881457e446c65c6bf3c62f9523cb3364004e6683ee588c93e9066e9d8902610,9881457e446c65c6bf3c62f9523cb3364004e6683ee588c93e9066e9d8902610,unchanged
public_release/spine-divider-residuals/manuscript/figures_pdf/Fig2C_high_trace.pdf,public_release\spine-divider-residuals,94484,94484,76f8bd9b7e9f1ccfb82b7bcb6fc1dbcc17b6d98a38f9df790fe47d5fdec384ff,76f8bd9b7e9f1ccfb82b7bcb6fc1dbcc17b6d98a38f9df790fe47d5fdec384ff,unchanged
public_release/spine-divider-residuals/manuscript/figures_pdf/Fig3A_fixed_load_somatic.pdf,public_release\spine-divider-residuals,32297,32297,aefea695a015c847ac435e39df051c1b4af81ab0b5f019a0cf18bf51d8d127e1,aefea695a015c847ac435e39df051c1b4af81ab0b5f019a0cf18bf51d8d127e1,unchanged
public_release/spine-divider-residuals/manuscript/figures_pdf/Fig3B_fixed_load_amplitude.pdf,public_release\spine-divider-residuals,31613,31613,b6df5e8cd14f81b32a3ef389b419460e61740e6bd0c474497deee6cb177d64a9,b6df5e8cd14f81b32a3ef389b419460e61740e6bd0c474497deee6cb177d64a9,unchanged
public_release/spine-divider-residuals/manuscript/figures_pdf/Fig3C_matched_neck_somatic.pdf,public_release\spine-divider-residuals,4098,4098,0d7fed4500ec1b7d55fe183049e8c2f475aa17260360250877d331b2feb83063,0d7fed4500ec1b7d55fe183049e8c2f475aa17260360250877d331b2feb83063,unchanged
public_release/spine-divider-residuals/manuscript/figures_pdf/Fig3D_matched_neck_amplitude.pdf,public_release\spine-divider-residuals,4078,4078,ff763e758d91dcc2617208e59b979bf7eab0eec08db15cb29f22422a2da07a13,ff763e758d91dcc2617208e59b979bf7eab0eec08db15cb29f22422a2da07a13,unchanged
public_release/spine-divider-residuals/manuscript/figures_pdf/Fig4A_passive_local.pdf,public_release\spine-divider-residuals,3346,3346,c355c329e8112b942312678ffeefcb7edfadcd536f230e1a4392fb36aab63d7d,c355c329e8112b942312678ffeefcb7edfadcd536f230e1a4392fb36aab63d7d,unchanged
public_release/spine-divider-residuals/manuscript/figures_pdf/Fig4B_impedance_spectrum.pdf,public_release\spine-divider-residuals,1697,1697,7734d13ae8c9fc1a637a3c58ca633d20246e15331f54d1e3cdee938506583206,7734d13ae8c9fc1a637a3c58ca633d20246e15331f54d1e3cdee938506583206,unchanged
public_release/spine-divider-residuals/manuscript/figures_pdf/Fig5A_passive_somatic.pdf,public_release\spine-divider-residuals,3369,3369,d582cc2dd6bcce9b1d72ddffc92492dcf83b87ec8b1294b21eeb294c822b4b79,d582cc2dd6bcce9b1d72ddffc92492dcf83b87ec8b1294b21eeb294c822b4b79,unchanged
public_release/spine-divider-residuals/manuscript/figures_pdf/Fig5B_dynamic_smi.pdf,public_release\spine-divider-residuals,1687,1687,bfe953e94bc56d4d94c91f7b4d70091f2b8c82d69673fe28abb02fb7afed1ad6,bfe953e94bc56d4d94c91f7b4d70091f2b8c82d69673fe28abb02fb7afed1ad6,unchanged
public_release/spine-divider-residuals/manuscript/figures_pdf/Fig6A_active_local.pdf,public_release\spine-divider-residuals,4319,4319,84ca76589976348c40049de509dd57cd42c207cdd3889f5f66a453db24080a2e,84ca76589976348c40049de509dd57cd42c207cdd3889f5f66a453db24080a2e,unchanged
public_release/spine-divider-residuals/manuscript/figures_pdf/Fig6B_active_amplitude.pdf,public_release\spine-divider-residuals,4365,4365,549e90160899f26939be49150680b7edb4721c34f2841199e63aeaaa9f63f7aa,549e90160899f26939be49150680b7edb4721c34f2841199e63aeaaa9f63f7aa,unchanged
public_release/spine-divider-residuals/manuscript/figures_pdf/Fig7A_smi_convergence.pdf,public_release\spine-divider-residuals,1538,1538,cab576391ff2a3088214e0076b7bc494ad4214ceff029523fa32e7e82625210c,cab576391ff2a3088214e0076b7bc494ad4214ceff029523fa32e7e82625210c,unchanged
public_release/spine-divider-residuals/manuscript/figures_pdf/Fig7B_radius_flips.pdf,public_release\spine-divider-residuals,1561,1561,e88bf9ec33805ae2fbbc37b5d93631a4e92b07fc1f853a0b7536ffa666bbce0a,e88bf9ec33805ae2fbbc37b5d93631a4e92b07fc1f853a0b7536ffa666bbce0a,unchanged
public_release/spine-divider-residuals/manuscript/figures_pdf/Fig8A_amplitude_counterexamples.pdf,public_release\spine-divider-residuals,1563,1563,e001069afcb622e3490a34ceb0307777ee8694e2378691d58c19ce63dcfdbc2b,e001069afcb622e3490a34ceb0307777ee8694e2378691d58c19ce63dcfdbc2b,unchanged
public_release/spine-divider-residuals/manuscript/figures_pdf/Fig8B_predictor_stability.pdf,public_release\spine-divider-residuals,1567,1567,9590de1ebb6bf172481650ddaae2bc416821df39ab03f03085e4198437539118,9590de1ebb6bf172481650ddaae2bc416821df39ab03f03085e4198437539118,unchanged
public_release/spine-divider-residuals/manuscript/figures_publication/Fig1_architecture.pdf,public_release\spine-divider-residuals,56008,56008,162ccad468b689288f30312c3ef3e9ee626cae42c92ea78982d40db77f00a173,162ccad468b689288f30312c3ef3e9ee626cae42c92ea78982d40db77f00a173,unchanged
public_release/spine-divider-residuals/manuscript/figures_publication/Fig1_architecture.png,public_release\spine-divider-residuals,33139,33139,600ed674c83147bc0f87f1852d6a3c964e57f03e7d575f14cb172a9c53cf5d4b,600ed674c83147bc0f87f1852d6a3c964e57f03e7d575f14cb172a9c53cf5d4b,unchanged
public_release/spine-divider-residuals/manuscript/figures_publication/Fig1_architecture.svg,public_release\spine-divider-residuals,6676,6676,b470af1ac7b42fcba92a7a7480fb0bca3ab8c98f4b015f377b7475064e1cbac3,b470af1ac7b42fcba92a7a7480fb0bca3ab8c98f4b015f377b7475064e1cbac3,unchanged
public_release/spine-divider-residuals/manuscript/figures_publication/Fig2_baseline_traces.pdf,public_release\spine-divider-residuals,78215,78215,c007a47e8a91e32733d69e3a97969647003fda53a29d9214eb04be82d8aef163,c007a47e8a91e32733d69e3a97969647003fda53a29d9214eb04be82d8aef163,unchanged
public_release/spine-divider-residuals/manuscript/figures_publication/Fig2_baseline_traces.png,public_release\spine-divider-residuals,25110,25110,a86f5737c67998b6c31b8621fcd66f3c8a9d77bb3a04ba8d86a9c9d2bd09db96,a86f5737c67998b6c31b8621fcd66f3c8a9d77bb3a04ba8d86a9c9d2bd09db96,unchanged
public_release/spine-divider-residuals/manuscript/figures_publication/Fig2_baseline_traces.svg,public_release\spine-divider-residuals,1194114,1194114,e94bc84e209fdf3b38761d300122433b1ee15f82cc33229903100f8f775cb4e6,e94bc84e209fdf3b38761d300122433b1ee15f82cc33229903100f8f775cb4e6,unchanged
public_release/spine-divider-residuals/manuscript/figures_publication/Fig3_divider_residuals.pdf,public_release\spine-divider-residuals,130582,130582,42d6f9b68fe1bdbe05600e7d173099324e2b99dedaeb478fb17804eb1871c301,42d6f9b68fe1bdbe05600e7d173099324e2b99dedaeb478fb17804eb1871c301,unchanged
public_release/spine-divider-residuals/manuscript/figures_publication/Fig3_divider_residuals.png,public_release\spine-divider-residuals,618218,618218,016d1042588af951b5979e58f01fcb0a3485766f41a42dfb18b92d3e8425d932,016d1042588af951b5979e58f01fcb0a3485766f41a42dfb18b92d3e8425d932,unchanged
public_release/spine-divider-residuals/manuscript/figures_publication/Fig3_divider_residuals.svg,public_release\spine-divider-residuals,1305365,1305365,0290dd78d2437e5e20db111739aa0c9fe0cd85de255b224bd102d44caf1adaa8,0290dd78d2437e5e20db111739aa0c9fe0cd85de255b224bd102d44caf1adaa8,unchanged
public_release/spine-divider-residuals/manuscript/figures_publication/Fig3_load_normalization.pdf,public_release\spine-divider-residuals,85911,85911,2c983f47d011231bd8bc900188e13cfe172633e213fddddd7ba302e5bb955dad,2c983f47d011231bd8bc900188e13cfe172633e213fddddd7ba302e5bb955dad,unchanged
public_release/spine-divider-residuals/manuscript/figures_publication/Fig3_load_normalization.png,public_release\spine-divider-residuals,32419,32419,9e2246ed34ec45277ffddbcfa967e77457b68645d7fb00f5ad93dae6a58dbc9f,9e2246ed34ec45277ffddbcfa967e77457b68645d7fb00f5ad93dae6a58dbc9f,unchanged
public_release/spine-divider-residuals/manuscript/figures_publication/Fig3_load_normalization.svg,public_release\spine-divider-residuals,97936,97936,6f1db2e8d194c86531a8b4bc14af885cc54bede5c730cf7f291e5722f3568393,6f1db2e8d194c86531a8b4bc14af885cc54bede5c730cf7f291e5722f3568393,unchanged
public_release/spine-divider-residuals/manuscript/figures_publication/Fig4_passive_domain.pdf,public_release\spine-divider-residuals,83468,83468,a44d32086ed56b2e90e198a3e314d6da0373468cc5bdb00b05660dc7758b6388,a44d32086ed56b2e90e198a3e314d6da0373468cc5bdb00b05660dc7758b6388,unchanged
public_release/spine-divider-residuals/manuscript/figures_publication/Fig4_passive_domain.png,public_release\spine-divider-residuals,32132,32132,952ab9f7219d0f7f260a8211085a980d2a36cbd3f4e36c423568c2c8fb0befb7,952ab9f7219d0f7f260a8211085a980d2a36cbd3f4e36c423568c2c8fb0befb7,unchanged
public_release/spine-divider-residuals/manuscript/figures_publication/Fig4_passive_domain.svg,public_release\spine-divider-residuals,14156,14156,c36b726c07b141aded3bb31936a19bef90e541a2900c85b56a5a898c7093c5eb,c36b726c07b141aded3bb31936a19bef90e541a2900c85b56a5a898c7093c5eb,unchanged
public_release/spine-divider-residuals/manuscript/figures_publication/Fig5_passive_limitations.pdf,public_release\spine-divider-residuals,89337,89337,f49533973532c1f3a0588d34e4a32873687c80df11fa381771c762d5742e5032,f49533973532c1f3a0588d34e4a32873687c80df11fa381771c762d5742e5032,unchanged
public_release/spine-divider-residuals/manuscript/figures_publication/Fig5_passive_limitations.png,public_release\spine-divider-residuals,30748,30748,3a94a9d0347bc01c971f8585dc3eaf5c5000f59e953d928c3b250822671920c6,3a94a9d0347bc01c971f8585dc3eaf5c5000f59e953d928c3b250822671920c6,unchanged
public_release/spine-divider-residuals/manuscript/figures_publication/Fig5_passive_limitations.svg,public_release\spine-divider-residuals,19332,19332,e0556eca7ee6abfd54a2de9940304057652dd32ae682cc1a258d5866225008b4,e0556eca7ee6abfd54a2de9940304057652dd32ae682cc1a258d5866225008b4,unchanged
public_release/spine-divider-residuals/manuscript/figures_publication/Fig6_active_domain.pdf,public_release\spine-divider-residuals,86585,86585,99a9f4fa666ef7c46962ab35a7ad310a32aa16bbd92d52ac633fdc130285ec8f,99a9f4fa666ef7c46962ab35a7ad310a32aa16bbd92d52ac633fdc130285ec8f,unchanged
public_release/spine-divider-residuals/manuscript/figures_publication/Fig6_active_domain.png,public_release\spine-divider-residuals,31134,31134,a57712a861f18a6ce8b0ce9071b854163bf4c507289bb847da035abff0d6c9cc,a57712a861f18a6ce8b0ce9071b854163bf4c507289bb847da035abff0d6c9cc,unchanged
public_release/spine-divider-residuals/manuscript/figures_publication/Fig6_active_domain.svg,public_release\spine-divider-residuals,23861,23861,d2c75967536dbf9302020f9694a37ba5ec34d8bc43ff639a0745ef7ca5a9769e,d2c75967536dbf9302020f9694a37ba5ec34d8bc43ff639a0745ef7ca5a9769e,unchanged
public_release/spine-divider-residuals/manuscript/figures_publication/Fig7_uncertainty_radius.pdf,public_release\spine-divider-residuals,83047,83047,53a2bfbc8355e2eaa82f7e3bce9cb250e88737b260929be97f6ea93b1a0cf8ec,53a2bfbc8355e2eaa82f7e3bce9cb250e88737b260929be97f6ea93b1a0cf8ec,unchanged
public_release/spine-divider-residuals/manuscript/figures_publication/Fig7_uncertainty_radius.png,public_release\spine-divider-residuals,33625,33625,7ff23c644f40ba11cad2902a9f13656642d6dacf6a431a45e411bddf731d9de6,7ff23c644f40ba11cad2902a9f13656642d6dacf6a431a45e411bddf731d9de6,unchanged
public_release/spine-divider-residuals/manuscript/figures_publication/Fig7_uncertainty_radius.svg,public_release\spine-divider-residuals,18170,18170,fdaaff1769b32019055f34c2518715b54847b750c7e43d39be9179fed2207e97,fdaaff1769b32019055f34c2518715b54847b750c7e43d39be9179fed2207e97,unchanged
public_release/spine-divider-residuals/manuscript/figures_publication/Fig8_summary.pdf,public_release\spine-divider-residuals,93692,93692,e2a1da6829971f3c146304aee937ecae026f373482e960f5f907c27212860e26,e2a1da6829971f3c146304aee937ecae026f373482e960f5f907c27212860e26,unchanged
public_release/spine-divider-residuals/manuscript/figures_publication/Fig8_summary.png,public_release\spine-divider-residuals,49360,49360,f891b5dd148eaa5b973a029ad6f9e755740987cd1a86be838fa4580df1394533,f891b5dd148eaa5b973a029ad6f9e755740987cd1a86be838fa4580df1394533,unchanged
public_release/spine-divider-residuals/manuscript/figures_publication/Fig8_summary.svg,public_release\spine-divider-residuals,10331,10331,6a78cb8d6b2f49ec5178eb14fa1254b761f11ab32861570ebf07b86ddba6fedc,6a78cb8d6b2f49ec5178eb14fa1254b761f11ab32861570ebf07b86ddba6fedc,unchanged
public_release/spine-divider-residuals/manuscript/figures_publication/FigS1_fixed_load_heatmap.pdf,public_release\spine-divider-residuals,76982,76982,a347a10de56fe410c572752d78f9ba261db68154dff7022d8679fa356e214b35,a347a10de56fe410c572752d78f9ba261db68154dff7022d8679fa356e214b35,unchanged
public_release/spine-divider-residuals/manuscript/figures_publication/FigS1_fixed_load_heatmap.png,public_release\spine-divider-residuals,22857,22857,83b93e2514ed56b0da50427877f9e4bfa0e0ec8eb4ce5d5b1b9289d11118d72e,83b93e2514ed56b0da50427877f9e4bfa0e0ec8eb4ce5d5b1b9289d11118d72e,unchanged
public_release/spine-divider-residuals/manuscript/figures_publication/FigS1_fixed_load_heatmap.svg,public_release\spine-divider-residuals,58551,58551,e1b113903cf64af6d700b587c2ac3fc5c39f01c324c2b6acd12344cc2d688c2d,e1b113903cf64af6d700b587c2ac3fc5c39f01c324c2b6acd12344cc2d688c2d,unchanged
public_release/spine-divider-residuals/manuscript/figures_publication/FigS2_dt_convergence.pdf,public_release\spine-divider-residuals,30597,30597,aabc6ec3a1c842c6a25b1e0e42bd98eb06f7a11b754011c79a28d9fd39e522bb,aabc6ec3a1c842c6a25b1e0e42bd98eb06f7a11b754011c79a28d9fd39e522bb,unchanged
public_release/spine-divider-residuals/manuscript/figures_publication/FigS2_dt_convergence.png,public_release\spine-divider-residuals,12672,12672,6ae83d2cf46c6e0c59d8caa95041813403470cb04e79ddfc8d06ec5ca01cf049,6ae83d2cf46c6e0c59d8caa95041813403470cb04e79ddfc8d06ec5ca01cf049,unchanged
public_release/spine-divider-residuals/manuscript/figures_publication/FigS2_dt_convergence.svg,public_release\spine-divider-residuals,3113,3113,9747da72b874aac4df8ac071cd7e8f1a1dc6d2d90a10ae040d0f30020f182bae,9747da72b874aac4df8ac071cd7e8f1a1dc6d2d90a10ae040d0f30020f182bae,unchanged
public_release/spine-divider-residuals/manuscript/figures_publication/FigS3_spatial_convergence.pdf,public_release\spine-divider-residuals,31330,31330,f1f0a9885a43315fc26c1c04f14d4a1ecf25ac4595b682ea055635625d50dfb5,f1f0a9885a43315fc26c1c04f14d4a1ecf25ac4595b682ea055635625d50dfb5,unchanged
public_release/spine-divider-residuals/manuscript/figures_publication/FigS3_spatial_convergence.png,public_release\spine-divider-residuals,14674,14674,64cb12de67c4dd081302cbc802bba10dee07fad0b37fd2500dff5cac92f021e2,64cb12de67c4dd081302cbc802bba10dee07fad0b37fd2500dff5cac92f021e2,unchanged
public_release/spine-divider-residuals/manuscript/figures_publication/FigS3_spatial_convergence.svg,public_release\spine-divider-residuals,3806,3806,7391fb0d2ba4461f588977b26cc9e8ef33f457fafaf0cda830b4f7c94df25abb,7391fb0d2ba4461f588977b26cc9e8ef33f457fafaf0cda830b4f7c94df25abb,unchanged
public_release/spine-divider-residuals/manuscript/figures_publication/FigS4_neck_models.pdf,public_release\spine-divider-residuals,28060,28060,7c92f0970c35fcbf8c666a780687c1ab3d7fb436c6b0168f4ed9521b48ff7b82,7c92f0970c35fcbf8c666a780687c1ab3d7fb436c6b0168f4ed9521b48ff7b82,unchanged
public_release/spine-divider-residuals/manuscript/figures_publication/FigS4_neck_models.png,public_release\spine-divider-residuals,11926,11926,34f29091309f42831b5aa2045b7a1a96af345e8438a135e12f5453fea0e59f3e,34f29091309f42831b5aa2045b7a1a96af345e8438a135e12f5453fea0e59f3e,unchanged
public_release/spine-divider-residuals/manuscript/figures_publication/FigS4_neck_models.svg,public_release\spine-divider-residuals,4247,4247,5f791708cf1c8cc85ed172dd9355ab9d099ece1b10ee30210e4a5b6d2cd40fca,5f791708cf1c8cc85ed172dd9355ab9d099ece1b10ee30210e4a5b6d2cd40fca,unchanged
public_release/spine-divider-residuals/manuscript/figures_publication/FigS5_smi_interval_width.pdf,public_release\spine-divider-residuals,28874,28874,e0cb1d24d109cb396156778ccd5dc753bffcf78c5469fed8309f93ecc4b06dc7,e0cb1d24d109cb396156778ccd5dc753bffcf78c5469fed8309f93ecc4b06dc7,unchanged
public_release/spine-divider-residuals/manuscript/figures_publication/FigS5_smi_interval_width.png,public_release\spine-divider-residuals,13287,13287,27f3c88ddbe3f4503e6950da171c23a63f98d3420d8f10ec4841c711b6b30402,27f3c88ddbe3f4503e6950da171c23a63f98d3420d8f10ec4841c711b6b30402,unchanged
public_release/spine-divider-residuals/manuscript/figures_publication/FigS5_smi_interval_width.svg,public_release\spine-divider-residuals,4103,4103,29e5721fd873d863866bee1a6b862bb435c28649874d5b1c43c9764cfa120eba,29e5721fd873d863866bee1a6b862bb435c28649874d5b1c43c9764cfa120eba,unchanged
public_release/spine-divider-residuals/manuscript/figures_publication/FigS6_active_protocol_strength.pdf,public_release\spine-divider-residuals,38391,38391,70b182c5ba4780e7fc43b89d941d8f547e22082d17702b541cfbd43d0260e142,70b182c5ba4780e7fc43b89d941d8f547e22082d17702b541cfbd43d0260e142,unchanged
public_release/spine-divider-residuals/manuscript/figures_publication/FigS6_active_protocol_strength.png,public_release\spine-divider-residuals,14535,14535,51bb131ef274a38939bc07ab7bb5715b8285f5703bb61e622fe49896d2c114e2,51bb131ef274a38939bc07ab7bb5715b8285f5703bb61e622fe49896d2c114e2,unchanged
public_release/spine-divider-residuals/manuscript/figures_publication/FigS6_active_protocol_strength.svg,public_release\spine-divider-residuals,6121,6121,c11492652a85cb0185ec070f823dd74c48f75ec4553aee32b68b0e9978d0ce06,c11492652a85cb0185ec070f823dd74c48f75ec4553aee32b68b0e9978d0ce06,unchanged
public_release/spine-divider-residuals/manuscript/figures_publication/FigS7_active_impedance.pdf,public_release\spine-divider-residuals,28906,28906,8d51c08ad5b6e9302c5201a4125b97bbbc66a74506a0206557412e57e2df13c8,8d51c08ad5b6e9302c5201a4125b97bbbc66a74506a0206557412e57e2df13c8,unchanged
public_release/spine-divider-residuals/manuscript/figures_publication/FigS7_active_impedance.png,public_release\spine-divider-residuals,12744,12744,d8d6a8e19d2dbf922416b579b94324de1439ff42c0b2c6d49c1738af333422fd,d8d6a8e19d2dbf922416b579b94324de1439ff42c0b2c6d49c1738af333422fd,unchanged
public_release/spine-divider-residuals/manuscript/figures_publication/FigS7_active_impedance.svg,public_release\spine-divider-residuals,5034,5034,c6d9226e66141307463223ea33e1eac50bd189fa67564e2266e83512ce3a89b8,c6d9226e66141307463223ea33e1eac50bd189fa67564e2266e83512ce3a89b8,unchanged
public_release/spine-divider-residuals/manuscript/figures_publication/FigS8_phase06_smi_amplitude.pdf,public_release\spine-divider-residuals,27738,27738,be0d34ddf5cf34be85cdea62ad6a978288b059d19c2aef82aaf34e6d4c223483,be0d34ddf5cf34be85cdea62ad6a978288b059d19c2aef82aaf34e6d4c223483,unchanged
public_release/spine-divider-residuals/manuscript/figures_publication/FigS8_phase06_smi_amplitude.png,public_release\spine-divider-residuals,9707,9707,bd429264bf43027f463fe9cdc73338e9abd24c203e33e3cf320ecca80cd1456d,bd429264bf43027f463fe9cdc73338e9abd24c203e33e3cf320ecca80cd1456d,unchanged
public_release/spine-divider-residuals/manuscript/figures_publication/FigS8_phase06_smi_amplitude.svg,public_release\spine-divider-residuals,5826,5826,52bd0fe8614350fb509d90b7f187a0b09a2f9e7dab00e0167afe54d17aabca9b,52bd0fe8614350fb509d90b7f187a0b09a2f9e7dab00e0167afe54d17aabca9b,unchanged
public_release/spine-divider-residuals/manuscript/figures_publication/FigS9_phase06_uncertainty.pdf,public_release\spine-divider-residuals,41668,41668,2e7ee066930706f86b93ebee26490c156ca5b5f32c902a1ef5b28bd3ca2ae213,2e7ee066930706f86b93ebee26490c156ca5b5f32c902a1ef5b28bd3ca2ae213,unchanged
public_release/spine-divider-residuals/manuscript/figures_publication/FigS9_phase06_uncertainty.png,public_release\spine-divider-residuals,17221,17221,21ca2c78d8a5e04c69bb8597d8f8eabaf3aa99ca488be5a77fbacc882bbd6902,21ca2c78d8a5e04c69bb8597d8f8eabaf3aa99ca488be5a77fbacc882bbd6902,unchanged
public_release/spine-divider-residuals/manuscript/figures_publication/FigS9_phase06_uncertainty.svg,public_release\spine-divider-residuals,11032,11032,342d93ef81710b08fd42939bb4f9ea3bfae419ebb0c527ff77894fc588581c6a,342d93ef81710b08fd42939bb4f9ea3bfae419ebb0c527ff77894fc588581c6a,unchanged
public_release/spine-divider-residuals/manuscript/main_blinded.pdf,public_release\spine-divider-residuals,1069863,1069863,743a73e340422b52b603a375ece4aaf2808afea885b4b4bb64bd1d9652d251c5,743a73e340422b52b603a375ece4aaf2808afea885b4b4bb64bd1d9652d251c5,unchanged
public_release/spine-divider-residuals/manuscript/main_blinded.tex,public_release\spine-divider-residuals,1335,1335,df03a21173d10326b9ca633ebf8eb377a0232e5f36db1715077ec81ca448fb83,df03a21173d10326b9ca633ebf8eb377a0232e5f36db1715077ec81ca448fb83,unchanged
public_release/spine-divider-residuals/manuscript/main_unblinded.pdf,public_release\spine-divider-residuals,936078,936078,48eeca7b7c71adab978b180408fe00cf0cbd2a9aac0a179fa895da0c0938bb36,48eeca7b7c71adab978b180408fe00cf0cbd2a9aac0a179fa895da0c0938bb36,unchanged
public_release/spine-divider-residuals/manuscript/main_unblinded.tex,public_release\spine-divider-residuals,631,631,8ad7e2c041fe1ebe3d687aed1aab8a871c72c36753106ac3488afc86ad832abd,8ad7e2c041fe1ebe3d687aed1aab8a871c72c36753106ac3488afc86ad832abd,unchanged
public_release/spine-divider-residuals/manuscript/metadata.tex,public_release\spine-divider-residuals,1919,1919,2f8a48c78cecf9a6eff25737d23b80b5646b2096981001919efabf5ce206bed2,2f8a48c78cecf9a6eff25737d23b80b5646b2096981001919efabf5ce206bed2,unchanged
public_release/spine-divider-residuals/manuscript/preamble.tex,public_release\spine-divider-residuals,1468,1468,7abfd3c0732f979b7b5a1540c2bb2fb8595643e141ea3aeddcc288d3e710bf27,7abfd3c0732f979b7b5a1540c2bb2fb8595643e141ea3aeddcc288d3e710bf27,unchanged
public_release/spine-divider-residuals/manuscript/references.bib,public_release\spine-divider-residuals,12095,12095,9abcea1e4570831707abde0af2bc15c3df803771d1ad4e7d76fde50cf2b964b2,9abcea1e4570831707abde0af2bc15c3df803771d1ad4e7d76fde50cf2b964b2,unchanged
public_release/spine-divider-residuals/manuscript/render_figure_pdfs.py,public_release\spine-divider-residuals,6979,6979,a3a7284d418bbbc00f73003510eaff888bcf3d99bfb1af5807ddbb31ff5ae6a2,a3a7284d418bbbc00f73003510eaff888bcf3d99bfb1af5807ddbb31ff5ae6a2,unchanged
public_release/spine-divider-residuals/manuscript/revision_restart/PHASE0_ANALYSIS_REQUIREMENTS_SPEC.md,public_release\spine-divider-residuals,5306,5306,c07892dbb4d3b9708f22fc4c710d4315ec0a0c5c5034a3afd73dcaad70cf3777,c07892dbb4d3b9708f22fc4c710d4315ec0a0c5c5034a3afd73dcaad70cf3777,unchanged
public_release/spine-divider-residuals/manuscript/revision_restart/PHASE0_DECISION_QUEUES.md,public_release\spine-divider-residuals,3693,3693,6421a6e823d90ad0bdb83646c6e5cca6704d764854a73ffb85583c77d2d51067,6421a6e823d90ad0bdb83646c6e5cca6704d764854a73ffb85583c77d2d51067,unchanged
public_release/spine-divider-residuals/manuscript/revision_restart/PHASE0_EXECUTIVE_TRIAGE.md,public_release\spine-divider-residuals,4456,4456,044534caff4a628618feecdeb445a73431b5db6e335cbbc51b5849b626e53bc8,044534caff4a628618feecdeb445a73431b5db6e335cbbc51b5849b626e53bc8,unchanged
public_release/spine-divider-residuals/manuscript/revision_restart/PHASE0_EXTERNAL_REVIEW_SOURCE.md,public_release\spine-divider-residuals,25773,25773,cc62eef531bf6bc07ff6d19b8196156a6c8dc28258ebfbe1b04899152a82f7ee,cc62eef531bf6bc07ff6d19b8196156a6c8dc28258ebfbe1b04899152a82f7ee,unchanged
public_release/spine-divider-residuals/manuscript/revision_restart/PHASE0_FIGURE_SVG_SEARCH_RAW_HITS.csv,public_release\spine-divider-residuals,4156,4156,f733b28168a8bc6ba5c48b853b5ac9f360cedf8f1bdc9f46c5e15c690a0725f0,f733b28168a8bc6ba5c48b853b5ac9f360cedf8f1bdc9f46c5e15c690a0725f0,unchanged
public_release/spine-divider-residuals/manuscript/revision_restart/PHASE0_NEXT_PHASE_HANDOFF.md,public_release\spine-divider-residuals,4127,4127,66adf54a1ff79a2e6374c80de570c5ebdf69938e02e2daffe79581790fd0562e,66adf54a1ff79a2e6374c80de570c5ebdf69938e02e2daffe79581790fd0562e,unchanged
public_release/spine-divider-residuals/manuscript/revision_restart/PHASE0_PDF_TEXT_SEARCH_RAW_HITS.csv,public_release\spine-divider-residuals,24488,24488,820f87611ed87dd57a8e60603be41463682fe7f929a5dc687996293199b4cfea,820f87611ed87dd57a8e60603be41463682fe7f929a5dc687996293199b4cfea,unchanged
public_release/spine-divider-residuals/manuscript/revision_restart/PHASE0_PHASE_ARCHITECTURE.md,public_release\spine-divider-residuals,6453,6453,e9c7d8958473a507217a985b4c69fed4f8276c7bc7571e297252358e0f5e1c74,e9c7d8958473a507217a985b4c69fed4f8276c7bc7571e297252358e0f5e1c74,unchanged
public_release/spine-divider-residuals/manuscript/revision_restart/PHASE0_PROTECTED_HASHES_AFTER.csv,public_release\spine-divider-residuals,24016,24016,a00a325f3728b1aeec55f30899e206b7c6c0ba9543cc8c06c7e68408b8bdde93,a00a325f3728b1aeec55f30899e206b7c6c0ba9543cc8c06c7e68408b8bdde93,unchanged
public_release/spine-divider-residuals/manuscript/revision_restart/PHASE0_PROTECTED_HASHES_BEFORE.csv,public_release\spine-divider-residuals,24016,24016,a00a325f3728b1aeec55f30899e206b7c6c0ba9543cc8c06c7e68408b8bdde93,a00a325f3728b1aeec55f30899e206b7c6c0ba9543cc8c06c7e68408b8bdde93,unchanged
public_release/spine-divider-residuals/manuscript/revision_restart/PHASE0_REVIEW_RESPONSE_MATRIX.csv,public_release\spine-divider-residuals,13734,13734,c882330924f21a06ad0972ce81bcc0cb360f1fe5934f7fd396fa2426ab08907e,c882330924f21a06ad0972ce81bcc0cb360f1fe5934f7fd396fa2426ab08907e,unchanged
public_release/spine-divider-residuals/manuscript/revision_restart/PHASE0_REVISED_THESIS_BLUEPRINT.md,public_release\spine-divider-residuals,4134,4134,74b9e75d76cde477530655cc237d55a2e5fd4f499596dc4fb26ed61787fdcb94,74b9e75d76cde477530655cc237d55a2e5fd4f499596dc4fb26ed61787fdcb94,unchanged
public_release/spine-divider-residuals/manuscript/revision_restart/PHASE0_RISK_REGISTER.md,public_release\spine-divider-residuals,3171,3171,bc5e608bbcdd519cdadda2dfe3c1b1aec0f0c612d08df7403f46d3346260d029,bc5e608bbcdd519cdadda2dfe3c1b1aec0f0c612d08df7403f46d3346260d029,unchanged
public_release/spine-divider-residuals/manuscript/revision_restart/PHASE0_STATIC_SEARCH_AUDIT.md,public_release\spine-divider-residuals,4853,4853,7e1f0cb1a063d964802e7b1d4ddb7c071ecc4dcb6746bdd790d4b9da8fe997bf,7e1f0cb1a063d964802e7b1d4ddb7c071ecc4dcb6746bdd790d4b9da8fe997bf,unchanged
public_release/spine-divider-residuals/manuscript/revision_restart/PHASE0_STATIC_SEARCH_RAW_HITS.csv,public_release\spine-divider-residuals,127047,127047,c5ff3a10345c2e985bcc544cceafd33077a2f4b0fe0c3c0ee4bcb130c378b85a,c5ff3a10345c2e985bcc544cceafd33077a2f4b0fe0c3c0ee4bcb130c378b85a,unchanged
public_release/spine-divider-residuals/manuscript/revision_restart/PHASE1_ANALYTIC_DIVIDER_DERIVATION.md,public_release\spine-divider-residuals,3773,3773,76b55d22e1bcd50621852e5c9690c680c16c51496a1404ffaa870cc1209d5052,76b55d22e1bcd50621852e5c9690c680c16c51496a1404ffaa870cc1209d5052,unchanged
public_release/spine-divider-residuals/manuscript/revision_restart/PHASE1_CLAIM_REASSESSMENT.md,public_release\spine-divider-residuals,3139,3139,70fbe088a67952c40460c4993166ad34c5fa71416f9c780769ebe949a353bcef,70fbe088a67952c40460c4993166ad34c5fa71416f9c780769ebe949a353bcef,unchanged
public_release/spine-divider-residuals/manuscript/revision_restart/PHASE1_DATA_INVENTORY.md,public_release\spine-divider-residuals,4208,4208,91ae549552ceb9cc4e02a174fca1bbf0ef9c1c515fa000c537321e12aa88589d,91ae549552ceb9cc4e02a174fca1bbf0ef9c1c515fa000c537321e12aa88589d,unchanged
public_release/spine-divider-residuals/manuscript/revision_restart/PHASE1_DIAGNOSTIC_FIGURE_NOTES.md,public_release\spine-divider-residuals,2037,2037,5bca34361053a431ad2c4fc96c890676b08ec4db4187400ba409e637657ee7f1,5bca34361053a431ad2c4fc96c890676b08ec4db4187400ba409e637657ee7f1,unchanged
public_release/spine-divider-residuals/manuscript/revision_restart/PHASE1_MANUSCRIPT_INSERT_DRAFT.md,public_release\spine-divider-residuals,3533,3533,80564958fce8aeede56c2d71c2bba0dff1f1f60e29d8d9d2f8ff92ef75a3735b,80564958fce8aeede56c2d71c2bba0dff1f1f60e29d8d9d2f8ff92ef75a3735b,unchanged
public_release/spine-divider-residuals/manuscript/revision_restart/PHASE1_NEXT_PHASE_HANDOFF.md,public_release\spine-divider-residuals,3562,3562,1f9177c5c1c6c7a209228f8c75f0dfc5ea73a4cd9c35208cbc648dd72d85774b,1f9177c5c1c6c7a209228f8c75f0dfc5ea73a4cd9c35208cbc648dd72d85774b,unchanged
public_release/spine-divider-residuals/manuscript/revision_restart/PHASE1_RESIDUAL_ANALYSIS_REPORT.md,public_release\spine-divider-residuals,5861,5861,fdf72d0d5275a0ed5da6d239de50eb9397d397dffea7a03a6b223e7fba128784,fdf72d0d5275a0ed5da6d239de50eb9397d397dffea7a03a6b223e7fba128784,unchanged
public_release/spine-divider-residuals/manuscript/revision_restart/PHASE1_STATIC_LANGUAGE_AUDIT.md,public_release\spine-divider-residuals,2482,2482,403ca733d12df9b1f5c032fa22f568b27b3b34eee5f25c6515a98491b5bcbca7,403ca733d12df9b1f5c032fa22f568b27b3b34eee5f25c6515a98491b5bcbca7,unchanged
public_release/spine-divider-residuals/manuscript/revision_restart/PHASE1_STATIC_LANGUAGE_RAW_HITS.csv,public_release\spine-divider-residuals,56707,56707,8b2db8098975fb968f5f266a1bda024dd5ee03c1c04c6b22343ed4d1727496dc,8b2db8098975fb968f5f266a1bda024dd5ee03c1c04c6b22343ed4d1727496dc,unchanged
public_release/spine-divider-residuals/manuscript/revision_restart/PHASE2_CLAIM_REASSESSMENT.md,public_release\spine-divider-residuals,5802,5802,28e3f017ce6defb603c00f2dd1dceac63c079a00c25aef0d6af61ff96947b0f9,28e3f017ce6defb603c00f2dd1dceac63c079a00c25aef0d6af61ff96947b0f9,unchanged
public_release/spine-divider-residuals/manuscript/revision_restart/PHASE2_DESCRIPTOR_VALUE_ANALYSIS_REPORT.md,public_release\spine-divider-residuals,7797,7797,9fe021b9311a47b02c204747fe80ffb199e727257d5f002b2b27e25fafc63a88,9fe021b9311a47b02c204747fe80ffb199e727257d5f002b2b27e25fafc63a88,unchanged
public_release/spine-divider-residuals/manuscript/revision_restart/PHASE2_DIAGNOSTIC_FIGURE_NOTES.md,public_release\spine-divider-residuals,1228,1228,30c7bca08134399a24e5eeca80b05e2cb8b1f6d24bb1b6a83c07bf31694c985a,30c7bca08134399a24e5eeca80b05e2cb8b1f6d24bb1b6a83c07bf31694c985a,unchanged
public_release/spine-divider-residuals/manuscript/revision_restart/PHASE2_MANUSCRIPT_INSERT_DRAFT.md,public_release\spine-divider-residuals,3693,3693,243a8cbbd3f8acf62f949acdcc73f3a477b53336f2bddf4849c82cf2cf67228a,243a8cbbd3f8acf62f949acdcc73f3a477b53336f2bddf4849c82cf2cf67228a,unchanged
public_release/spine-divider-residuals/manuscript/revision_restart/PHASE2_NAMING_AND_NOVELTY_IMPLICATIONS.md,public_release\spine-divider-residuals,3363,3363,30dfa0bf8933a89952ca65498d2c96045de787f6674be7bf5f343776ef7154a2,30dfa0bf8933a89952ca65498d2c96045de787f6674be7bf5f343776ef7154a2,unchanged
public_release/spine-divider-residuals/manuscript/revision_restart/PHASE2_NEXT_PHASE_HANDOFF.md,public_release\spine-divider-residuals,3476,3476,177e8e6c537905abe182a995c2aed9e264a9a6df622addf5d4ecba942c342f35,177e8e6c537905abe182a995c2aed9e264a9a6df622addf5d4ecba942c342f35,unchanged
public_release/spine-divider-residuals/manuscript/revision_restart/PHASE2_STATIC_LANGUAGE_AUDIT.md,public_release\spine-divider-residuals,3366,3366,f10ad9b949a6e5ebf12b81a0917b8d9c7c66fa3ebb872d1c75327f14d6c0e322,f10ad9b949a6e5ebf12b81a0917b8d9c7c66fa3ebb872d1c75327f14d6c0e322,unchanged
public_release/spine-divider-residuals/manuscript/revision_restart/PHASE3_CLAIM_REFRAMING_TABLE.csv,public_release\spine-divider-residuals,3693,3693,707dc697e7f1f0c07c7ca49184c6b502ffb21d0c8f9b8f57114a07263a7fa98d,707dc697e7f1f0c07c7ca49184c6b502ffb21d0c8f9b8f57114a07263a7fa98d,unchanged
public_release/spine-divider-residuals/manuscript/revision_restart/PHASE3_HIGH_SMI_COVERAGE_REPORT.md,public_release\spine-divider-residuals,2232,2232,08f5816f2d43b179842030037a4d7b15c3c99806a054ba274862b65c931a0355,08f5816f2d43b179842030037a4d7b15c3c99806a054ba274862b65c931a0355,unchanged
public_release/spine-divider-residuals/manuscript/revision_restart/PHASE3_INTERVAL_REFRAMING_REPORT.md,public_release\spine-divider-residuals,2277,2277,97c9c1936839cf157dfd31a0ef523e6769f170438819be3ee799d84a2aa616b9,97c9c1936839cf157dfd31a0ef523e6769f170438819be3ee799d84a2aa616b9,unchanged
public_release/spine-divider-residuals/manuscript/revision_restart/PHASE3_MANUSCRIPT_INSERT_DRAFT.md,public_release\spine-divider-residuals,3402,3402,a9c6cc1cd41bd54ea0d64e68fdadf0be0ab5e645855837dc7bc3813d7202246b,a9c6cc1cd41bd54ea0d64e68fdadf0be0ab5e645855837dc7bc3813d7202246b,unchanged
public_release/spine-divider-residuals/manuscript/revision_restart/PHASE3_NEXT_PHASE_HANDOFF.md,public_release\spine-divider-residuals,2392,2392,9f36b12be36109bbae5e1463624a7337f62289303d6a71ad344cb07605399711,9f36b12be36109bbae5e1463624a7337f62289303d6a71ad344cb07605399711,unchanged
public_release/spine-divider-residuals/manuscript/revision_restart/PHASE3_PREDICTOR_LANGUAGE_REPORT.md,public_release\spine-divider-residuals,2319,2319,203a673aec5ab474e83906a59370a796ef5938a3885fd6dc8884efa51254b005,203a673aec5ab474e83906a59370a796ef5938a3885fd6dc8884efa51254b005,unchanged
public_release/spine-divider-residuals/manuscript/revision_restart/PHASE3_STATISTICAL_LANGUAGE_AUDIT.csv,public_release\spine-divider-residuals,364239,364239,ac99843ec5c1f232697b52447867a730ab3b64032d94ca8d219318f2ff1fe6c7,ac99843ec5c1f232697b52447867a730ab3b64032d94ca8d219318f2ff1fe6c7,unchanged
public_release/spine-divider-residuals/manuscript/revision_restart/PHASE3_STATISTICAL_REFRAMING_REPORT.md,public_release\spine-divider-residuals,4055,4055,b7ed8f744fda021543a371dde48f0f755691052817e2fe46bb538778b7dc8787,b7ed8f744fda021543a371dde48f0f755691052817e2fe46bb538778b7dc8787,unchanged
public_release/spine-divider-residuals/manuscript/revision_restart/PHASE4_CLAIM_REASSESSMENT.md,public_release\spine-divider-residuals,4477,4477,e43113a8a1f1ef78d3bc39ebc9b66de0f65ddb9485e784b0c905ea35d1c86f49,e43113a8a1f1ef78d3bc39ebc9b66de0f65ddb9485e784b0c905ea35d1c86f49,unchanged
public_release/spine-divider-residuals/manuscript/revision_restart/PHASE4_MANUSCRIPT_INSERT_DRAFT.md,public_release\spine-divider-residuals,3098,3098,24613ebec6913beca12dfd72d4042f13c32c5bc77236aaa11fa4a40c624d0ece,24613ebec6913beca12dfd72d4042f13c32c5bc77236aaa11fa4a40c624d0ece,unchanged
public_release/spine-divider-residuals/manuscript/revision_restart/PHASE4_NEXT_PHASE_HANDOFF.md,public_release\spine-divider-residuals,2399,2399,160e7a0c40d3cf1dce209dcc971dabfe9f9d614de4b5af6e7a6fd009d622d216,160e7a0c40d3cf1dce209dcc971dabfe9f9d614de4b5af6e7a6fd009d622d216,unchanged
public_release/spine-divider-residuals/manuscript/revision_restart/PHASE4_VALIDATION_INTERPRETATION.md,public_release\spine-divider-residuals,5243,5243,a42ec91921dc15939e74d49724e4d5d2f574a1ca23e7fd34df7f51c29d515b44,a42ec91921dc15939e74d49724e4d5d2f574a1ca23e7fd34df7f51c29d515b44,unchanged
public_release/spine-divider-residuals/manuscript/revision_restart/PHASE4_VALIDATION_STRATEGY.md,public_release\spine-divider-residuals,5059,5059,6fb8e8f034107f3812aeb3daf08c7ed00eb9811f0020fddb7bda527c099cc68e,6fb8e8f034107f3812aeb3daf08c7ed00eb9811f0020fddb7bda527c099cc68e,unchanged
public_release/spine-divider-residuals/manuscript/revision_restart/PHASE5_AVAILABILITY_LANGUAGE_OPTIONS.md,public_release\spine-divider-residuals,1081,1081,add84cee98309b467d1af6cc1d0170f47c265158a10d2312583277971edf5af8,add84cee98309b467d1af6cc1d0170f47c265158a10d2312583277971edf5af8,unchanged
public_release/spine-divider-residuals/manuscript/revision_restart/PHASE5_BLINDED_PACKAGE_IDENTIFIER_AUDIT.md,public_release\spine-divider-residuals,1036,1036,1db5f98c21086ea1c20e365a8e01de6403de2b24f6774d6e8c8ff22df99b09c7,1db5f98c21086ea1c20e365a8e01de6403de2b24f6774d6e8c8ff22df99b09c7,unchanged
public_release/spine-divider-residuals/manuscript/revision_restart/PHASE5_LICENSE_IP_DECISION_CHECKLIST.md,public_release\spine-divider-residuals,769,769,449c8692b18cfa03c5120fe342aa1fb9cc78f2b810f753502cf1b889e3da4e57,449c8692b18cfa03c5120fe342aa1fb9cc78f2b810f753502cf1b889e3da4e57,unchanged
public_release/spine-divider-residuals/manuscript/revision_restart/PHASE5_NEXT_PHASE_HANDOFF.md,public_release\spine-divider-residuals,818,818,6ee9ac2d801e1654c18f2943373ad7a4ee5d9a5c47f8d73824770213f1cc5a9b,6ee9ac2d801e1654c18f2943373ad7a4ee5d9a5c47f8d73824770213f1cc5a9b,unchanged
public_release/spine-divider-residuals/manuscript/revision_restart/PHASE5_PACKAGE_CONTENT_AUDIT.md,public_release\spine-divider-residuals,1470,1470,2cb98998fa566c5248a71abacf20318f0ea4c579075e7ede11d8eb32f48a3752,2cb98998fa566c5248a71abacf20318f0ea4c579075e7ede11d8eb32f48a3752,unchanged
public_release/spine-divider-residuals/manuscript/revision_restart/PHASE5_PACKAGE_MANIFEST_SUMMARY.md,public_release\spine-divider-residuals,858,858,c0e7c74f094be3c9f17d5ae49cf28966ceed9a0c81e25fd60464c952b7e9abee,c0e7c74f094be3c9f17d5ae49cf28966ceed9a0c81e25fd60464c952b7e9abee,unchanged
public_release/spine-divider-residuals/manuscript/revision_restart/PHASE5_RELEASE_READINESS_RISK_REGISTER.md,public_release\spine-divider-residuals,1012,1012,a70ab73e9476237900eebf0d0d72c4712a926ce35d5014eb004310658cc68353,a70ab73e9476237900eebf0d0d72c4712a926ce35d5014eb004310658cc68353,unchanged
public_release/spine-divider-residuals/manuscript/revision_restart/PHASE5_REPOSITORY_ARCHIVAL_PLAN.md,public_release\spine-divider-residuals,1189,1189,2337c88bc11db2fd2c625fc2daeefc343bad437ae02314d7a62e3bc6a84c4554,2337c88bc11db2fd2c625fc2daeefc343bad437ae02314d7a62e3bc6a84c4554,unchanged
public_release/spine-divider-residuals/manuscript/revision_restart/PHASE6_AVAILABILITY_LANGUAGE_FINAL_OPTIONS.md,public_release\spine-divider-residuals,3990,3990,2b6eda3b3d830f204aa8ad236b3ca72ea3d2a026e4f840802d5f3446b02c2360,2b6eda3b3d830f204aa8ad236b3ca72ea3d2a026e4f840802d5f3446b02c2360,unchanged
public_release/spine-divider-residuals/manuscript/revision_restart/PHASE6_FIGURE_TABLE_UPDATE_BLUEPRINT.md,public_release\spine-divider-residuals,6189,6189,dccb256016b55ec92d24f1ab66284ad4c9ad5e388be1e099ac8cb765d5fdf048,dccb256016b55ec92d24f1ab66284ad4c9ad5e388be1e099ac8cb765d5fdf048,unchanged
public_release/spine-divider-residuals/manuscript/revision_restart/PHASE6_NEXT_PHASE_HANDOFF.md,public_release\spine-divider-residuals,1497,1497,0f6235d02f0f55f328f396c9083c06f2f2f78544b9242f7b6794f289f3bfe2c8,0f6235d02f0f55f328f396c9083c06f2f2f78544b9242f7b6794f289f3bfe2c8,unchanged
public_release/spine-divider-residuals/manuscript/revision_restart/PHASE6_PHASE7_PROMPT_DRAFT.md,public_release\spine-divider-residuals,3703,3703,4e56d7432adceecb870a6e1ab0e1ace512b70bcaf83a67b322f38be21a1a3373,4e56d7432adceecb870a6e1ab0e1ace512b70bcaf83a67b322f38be21a1a3373,unchanged
public_release/spine-divider-residuals/manuscript/revision_restart/PHASE6_PRE_SUBMISSION_RISK_REVIEW.md,public_release\spine-divider-residuals,3652,3652,2fe589640a252da6fc94680d5332ea2a864c91094ceebd57ab199e2aef5eb4cb,2fe589640a252da6fc94680d5332ea2a864c91094ceebd57ab199e2aef5eb4cb,unchanged
public_release/spine-divider-residuals/manuscript/revision_restart/PHASE6_RESPONSE_TO_EXTERNAL_REVIEW_MATRIX.csv,public_release\spine-divider-residuals,18051,18051,5e03b3d19a33c0f06d5afced9fb99444a14e84b8819f981544e06b9d60e454b6,5e03b3d19a33c0f06d5afced9fb99444a14e84b8819f981544e06b9d60e454b6,unchanged
public_release/spine-divider-residuals/manuscript/revision_restart/PHASE6_REVISED_THESIS_AND_CLAIM_ARCHITECTURE.md,public_release\spine-divider-residuals,8187,8187,5b8563aef53eadb3cfcf390288d9d43019f4bfd45c1548b526dbb2efa204dcfc,5b8563aef53eadb3cfcf390288d9d43019f4bfd45c1548b526dbb2efa204dcfc,unchanged
public_release/spine-divider-residuals/manuscript/revision_restart/PHASE6_SECTION_REWRITE_BLUEPRINT.md,public_release\spine-divider-residuals,12500,12500,d8c53989b8d0cf7fd7f88fdc762988a00dcc8f6f37fef0d567bc7f974028bea7,d8c53989b8d0cf7fd7f88fdc762988a00dcc8f6f37fef0d567bc7f974028bea7,unchanged
public_release/spine-divider-residuals/manuscript/revision_restart/PHASE6_TITLE_AND_METRIC_NAME_RECOMMENDATION.md,public_release\spine-divider-residuals,3303,3303,41bc82a7e69cad262e520d1d10f7c01127038898d832cf3b34e33103e1979776,41bc82a7e69cad262e520d1d10f7c01127038898d832cf3b34e33103e1979776,unchanged
public_release/spine-divider-residuals/manuscript/revision_restart/PHASE7_AVAILABILITY_AND_BLINDING_AUDIT.md,public_release\spine-divider-residuals,1134,1134,d60a1dd7a59c41c20a0b9352e6305888a2242c0838451e350c6ba9a46878227f,d60a1dd7a59c41c20a0b9352e6305888a2242c0838451e350c6ba9a46878227f,unchanged
public_release/spine-divider-residuals/manuscript/revision_restart/PHASE7_CLAIM_UPDATE_LOG.csv,public_release\spine-divider-residuals,4566,4566,1c70c3368d99cdd91bddb701c6a030112b3e2dbcef1618f4b1a12ff47023a30e,1c70c3368d99cdd91bddb701c6a030112b3e2dbcef1618f4b1a12ff47023a30e,unchanged
public_release/spine-divider-residuals/manuscript/revision_restart/PHASE7_FIGURE_UPDATE_REPORT.md,public_release\spine-divider-residuals,1532,1532,1fe9f4a864e6417d92d7ba1dc807c676c90b6620e46f8a43d5d9f46df80d4c80,1fe9f4a864e6417d92d7ba1dc807c676c90b6620e46f8a43d5d9f46df80d4c80,unchanged
public_release/spine-divider-residuals/manuscript/revision_restart/PHASE7_LATEX_STATIC_OR_BUILD_REPORT.md,public_release\spine-divider-residuals,1196,1196,bcde611cfa5bd55650f90e9dcc666b004ef2f4512a9dd84786bf02261b3f9e70,bcde611cfa5bd55650f90e9dcc666b004ef2f4512a9dd84786bf02261b3f9e70,unchanged
public_release/spine-divider-residuals/manuscript/revision_restart/PHASE7_MANUSCRIPT_REWRITE_REPORT.md,public_release\spine-divider-residuals,3177,3177,f71a50a05fbf38da02354b86969b52a7714bc4a66a840f84d64aae6fac36da19,f71a50a05fbf38da02354b86969b52a7714bc4a66a840f84d64aae6fac36da19,unchanged
public_release/spine-divider-residuals/manuscript/revision_restart/PHASE7_NEXT_PHASE_HANDOFF.md,public_release\spine-divider-residuals,1678,1678,dc74145e6e0797607b71b18f03750ac5689a52f66b5e2baa38c92c2f05e35ded,dc74145e6e0797607b71b18f03750ac5689a52f66b5e2baa38c92c2f05e35ded,unchanged
public_release/spine-divider-residuals/manuscript/revision_restart/PHASE7_STATIC_LANGUAGE_AUDIT.md,public_release\spine-divider-residuals,1573,1573,9cb154c9914271bad121a5c3859598f92d8c1dd0ed905acfcf7bccd6f58642ef,9cb154c9914271bad121a5c3859598f92d8c1dd0ed905acfcf7bccd6f58642ef,unchanged
public_release/spine-divider-residuals/manuscript/revision_restart/PHASE7_TABLE_UPDATE_REPORT.md,public_release\spine-divider-residuals,1682,1682,50b0256ada3f3470573a7cd6c56f0866212b92fa70ce9a36efda3f6cf8b27568,50b0256ada3f3470573a7cd6c56f0866212b92fa70ce9a36efda3f6cf8b27568,unchanged
public_release/spine-divider-residuals/manuscript/revision_restart/PHASE8_BUILD_AND_VALIDATION_REPORT.md,public_release\spine-divider-residuals,2687,2687,d934bc3225ea197fad0ed0caa071719f00f3b6f978a920061dbe132495d25dbe,d934bc3225ea197fad0ed0caa071719f00f3b6f978a920061dbe132495d25dbe,unchanged
public_release/spine-divider-residuals/manuscript/revision_restart/PHASE8_CLAIM_EVIDENCE_AUDIT.csv,public_release\spine-divider-residuals,2657,2657,3b9d4e1f0a043a126b2ecf688d40e18368c5b45af5db9a056ddb9d2b34ee5765,3b9d4e1f0a043a126b2ecf688d40e18368c5b45af5db9a056ddb9d2b34ee5765,unchanged
public_release/spine-divider-residuals/manuscript/revision_restart/PHASE8_EXTERNAL_REVIEW_RESPONSE_AUDIT.md,public_release\spine-divider-residuals,4812,4812,eec4f29f08841739a436b1d85c63d882b129a2ddbe25e9e8308da8f96cfb0adb,eec4f29f08841739a436b1d85c63d882b129a2ddbe25e9e8308da8f96cfb0adb,unchanged
public_release/spine-divider-residuals/manuscript/revision_restart/PHASE8_HOSTILE_REVIEWER_SIMULATION.md,public_release\spine-divider-residuals,4825,4825,9a62eadc30c795c1a59947d7c084a4bac87c079cec48baf2a58fc3e0712b6264,9a62eadc30c795c1a59947d7c084a4bac87c079cec48baf2a58fc3e0712b6264,unchanged
public_release/spine-divider-residuals/manuscript/revision_restart/PHASE8_JOURNAL_STRATEGY_RECOMMENDATION.md,public_release\spine-divider-residuals,2654,2654,435645b3ae4114c93b6dd9a9266e388e69b91cf2c8b7d8344cac01dfcbb30bfa,435645b3ae4114c93b6dd9a9266e388e69b91cf2c8b7d8344cac01dfcbb30bfa,unchanged
public_release/spine-divider-residuals/manuscript/revision_restart/PHASE8_MINOR_FIX_LOG.md,public_release\spine-divider-residuals,1676,1676,4f5be40b62bfc42bed8ac3c11ec7276795c718fbaa6191c0007749db132e35d6,4f5be40b62bfc42bed8ac3c11ec7276795c718fbaa6191c0007749db132e35d6,unchanged
public_release/spine-divider-residuals/manuscript/revision_restart/PHASE8_NEXT_PHASE_HANDOFF.md,public_release\spine-divider-residuals,1439,1439,dd961cd6fcbcd94d2499eb22e412462aa1a42bbefd041073a6cf957845e7a09b,dd961cd6fcbcd94d2499eb22e412462aa1a42bbefd041073a6cf957845e7a09b,unchanged
public_release/spine-divider-residuals/manuscript/revision_restart/PHASE8_PDF_QA_REPORT.md,public_release\spine-divider-residuals,4589,4589,a054cebab15b2b9504b49a88d4e51e6d29f15aaf4aea77d9134d7f73958977c1,a054cebab15b2b9504b49a88d4e51e6d29f15aaf4aea77d9134d7f73958977c1,unchanged
public_release/spine-divider-residuals/manuscript/revision_restart/PHASE8_REPRODUCIBILITY_PACKAGE_AUDIT.md,public_release\spine-divider-residuals,2637,2637,ad038209c25272e431d0c80479c3900dee2b58f987e5fc56447d90fdbee268bd,ad038209c25272e431d0c80479c3900dee2b58f987e5fc56447d90fdbee268bd,unchanged
public_release/spine-divider-residuals/manuscript/revision_restart/PHASE8_STATIC_LANGUAGE_AND_LEAKAGE_AUDIT.md,public_release\spine-divider-residuals,2972,2972,3e29af88bb105255f78c9128446a8bb8d3ed520e5b5bfa0f503d80ab089beb34,3e29af88bb105255f78c9128446a8bb8d3ed520e5b5bfa0f503d80ab089beb34,unchanged
public_release/spine-divider-residuals/manuscript/revision_restart/PHASE8_SUBMISSION_BLOCKER_LIST.md,public_release\spine-divider-residuals,2512,2512,0c51438435c2e6bb9229bab5a34079714eb8037baf8acfa02d3d96f79953e5e9,0c51438435c2e6bb9229bab5a34079714eb8037baf8acfa02d3d96f79953e5e9,unchanged
public_release/spine-divider-residuals/manuscript/revision_restart/PHASE9_ADMIN_METADATA_READINESS.md,public_release\spine-divider-residuals,1559,1559,47a3d014f2178ff8df2e0329e864edf08435e01a27c0e17bd18357bc6a64b511,47a3d014f2178ff8df2e0329e864edf08435e01a27c0e17bd18357bc6a64b511,unchanged
public_release/spine-divider-residuals/manuscript/revision_restart/PHASE9_FINAL_PACKAGE_REPORT.md,public_release\spine-divider-residuals,2342,2342,753a3c79222880cb703062202e1bd40ebcc12103a183a908f4210bd58bafbbd8,753a3c79222880cb703062202e1bd40ebcc12103a183a908f4210bd58bafbbd8,unchanged
public_release/spine-divider-residuals/manuscript/revision_restart/PHASE9_IDENTIFIER_AND_PATH_AUDIT.md,public_release\spine-divider-residuals,1738,1738,bab4e66112e9baac152d2a39731944b8625c1646f3e024959e70568470060fc3,bab4e66112e9baac152d2a39731944b8625c1646f3e024959e70568470060fc3,unchanged
public_release/spine-divider-residuals/manuscript/revision_restart/PHASE9_NEXT_PHASE_HANDOFF.md,public_release\spine-divider-residuals,1468,1468,f35b5e6d76c6259e79ea39ddc029044042d6cd7e13abfd9e5e8c4d2b48c00bb5,f35b5e6d76c6259e79ea39ddc029044042d6cd7e13abfd9e5e8c4d2b48c00bb5,unchanged
public_release/spine-divider-residuals/manuscript/revision_restart/PHASE9_OPTIONAL_FIGURE_POLISH_AUDIT.md,public_release\spine-divider-residuals,986,986,f0fc917acff21a35303f3af0ed423f3b4d074001926fd4c5278bcce1d4e835cf,f0fc917acff21a35303f3af0ed423f3b4d074001926fd4c5278bcce1d4e835cf,unchanged
public_release/spine-divider-residuals/manuscript/revision_restart/PHASE9_PACKAGE_MANUSCRIPT_CONSISTENCY_AUDIT.md,public_release\spine-divider-residuals,2162,2162,bcd0aed56b581b3461fe7aa67291b74d242cddbd51fcd50163e6eb1741092592,bcd0aed56b581b3461fe7aa67291b74d242cddbd51fcd50163e6eb1741092592,unchanged
public_release/spine-divider-residuals/manuscript/revision_restart/PHASE9_PACKAGE_REBUILD_PLAN.md,public_release\spine-divider-residuals,3736,3736,fb21f90d6a8335febbc28a2383a3626404188ce8078934d455863dbfcb1f66d1,fb21f90d6a8335febbc28a2383a3626404188ce8078934d455863dbfcb1f66d1,unchanged
public_release/spine-divider-residuals/manuscript/revision_v2/EDITORIAL_REVIEW_RESPONSE_MATRIX.csv,public_release\spine-divider-residuals,17631,17631,e75dddc92b439f46926164d90dacfd4a4cbf147b3a4e0036b0723733f711a4eb,e75dddc92b439f46926164d90dacfd4a4cbf147b3a4e0036b0723733f711a4eb,unchanged
public_release/spine-divider-residuals/manuscript/revision_v2/EDITORIAL_REVIEW_SOURCE.md,public_release\spine-divider-residuals,47396,47396,ce473e13c78be5e3bbfbae78614a4cb543e6071be02c90acfb5fab571d1c625a,ce473e13c78be5e3bbfbae78614a4cb543e6071be02c90acfb5fab571d1c625a,unchanged
public_release/spine-divider-residuals/manuscript/revision_v2/FIGURE_REVISION_REQUIREMENTS.md,public_release\spine-divider-residuals,5931,5931,5b94f9eac5048216ee1f6f6728e33f1e9cc718132839603744917f1384172b20,5b94f9eac5048216ee1f6f6728e33f1e9cc718132839603744917f1384172b20,unchanged
public_release/spine-divider-residuals/manuscript/revision_v2/LITERATURE_REVISION_QUEUE.md,public_release\spine-divider-residuals,3922,3922,630d5292cdf7e670c66b4448102201547d8a3cfe669087ccd45d2eb65522a4b9,630d5292cdf7e670c66b4448102201547d8a3cfe669087ccd45d2eb65522a4b9,unchanged
public_release/spine-divider-residuals/manuscript/revision_v2/MANUSCRIPT_TERMINOLOGY_MAP.md,public_release\spine-divider-residuals,6237,6237,6778884b8a6685c6918f6546e35406147f37ae2c3526d6a4aa40b5ed4b147f4b,6778884b8a6685c6918f6546e35406147f37ae2c3526d6a4aa40b5ed4b147f4b,unchanged
public_release/spine-divider-residuals/manuscript/revision_v2/R0_SUMMARY_REPORT.md,public_release\spine-divider-residuals,6139,6139,4b2e69eb20dfa54159d86a679099569a943b2f974fec279c688fac843a008e9f,4b2e69eb20dfa54159d86a679099569a943b2f974fec279c688fac843a008e9f,unchanged
public_release/spine-divider-residuals/manuscript/revision_v2/R1_AUTHOR_DECISION_QUEUE.md,public_release\spine-divider-residuals,1925,1925,8d2b21c4c85b7e36ddf08bd8f1ce5bbf9130c3f5b309260ec416743d0a055975,8d2b21c4c85b7e36ddf08bd8f1ce5bbf9130c3f5b309260ec416743d0a055975,unchanged
public_release/spine-divider-residuals/manuscript/revision_v2/R1_NEXT_PHASE_HANDOFF.md,public_release\spine-divider-residuals,3803,3803,8b139fbdac25553c467e1d12e90d6d859f05134112c9fdf1bbde7b539af719b0,8b139fbdac25553c467e1d12e90d6d859f05134112c9fdf1bbde7b539af719b0,unchanged
public_release/spine-divider-residuals/manuscript/revision_v2/R1_PROVENANCE_NOVELTY_REPORT.md,public_release\spine-divider-residuals,8592,8592,63d72b5c24acaa7a391a7d853479d1cb14492094867de6a65c40becdcc84437c,63d72b5c24acaa7a391a7d853479d1cb14492094867de6a65c40becdcc84437c,unchanged
public_release/spine-divider-residuals/manuscript/revision_v2/R1_SECTION_CHANGE_LOG.md,public_release\spine-divider-residuals,6933,6933,236a398c42107e88163b361a20a33e311f0f8f33afbe32e93d5e838946af2d49,236a398c42107e88163b361a20a33e311f0f8f33afbe32e93d5e838946af2d49,unchanged
public_release/spine-divider-residuals/manuscript/revision_v2/R1_TERMINOLOGY_AUDIT.csv,public_release\spine-divider-residuals,4285,4285,5a07790afc31f844186e889b4922a81508fefdd3deac7b5c8dd2d16d45a787dc,5a07790afc31f844186e889b4922a81508fefdd3deac7b5c8dd2d16d45a787dc,unchanged
public_release/spine-divider-residuals/manuscript/revision_v2/R2_BIBLIOGRAPHY_CLEANUP_REPORT.md,public_release\spine-divider-residuals,3431,3431,0b91288e288e7cc966e45e57eda0381cbce71385a013cce61c903e06d52d05f0,0b91288e288e7cc966e45e57eda0381cbce71385a013cce61c903e06d52d05f0,unchanged
public_release/spine-divider-residuals/manuscript/revision_v2/R2_CITATION_PLACEMENT_LOG.csv,public_release\spine-divider-residuals,3116,3116,6f251deb342267b8c015fd1323dd2d1783d68fa8ba8f0f1adf8961fecdc290b6,6f251deb342267b8c015fd1323dd2d1783d68fa8ba8f0f1adf8961fecdc290b6,unchanged
public_release/spine-divider-residuals/manuscript/revision_v2/R2_LITERATURE_AUDIT.md,public_release\spine-divider-residuals,7734,7734,f30021d2426a0dcb34fe4a29c45e56ef9f7a78e9371fe0224b26fde4da07b146,f30021d2426a0dcb34fe4a29c45e56ef9f7a78e9371fe0224b26fde4da07b146,unchanged
public_release/spine-divider-residuals/manuscript/revision_v2/R2_MAIN_TEXT_CITATION_AUDIT.md,public_release\spine-divider-residuals,2667,2667,505e250e6529db73249ca2b2b7bde61a52bbbb42637b279e86841be0e8d9e74e,505e250e6529db73249ca2b2b7bde61a52bbbb42637b279e86841be0e8d9e74e,unchanged
public_release/spine-divider-residuals/manuscript/revision_v2/R2_NEXT_PHASE_HANDOFF.md,public_release\spine-divider-residuals,3164,3164,172221df01c792b723d028f6311f37e83a717df622bb3f00acc2e2f888c7b489,172221df01c792b723d028f6311f37e83a717df622bb3f00acc2e2f888c7b489,unchanged
public_release/spine-divider-residuals/manuscript/revision_v2/R2_REFERENCE_VERIFICATION_TABLE.csv,public_release\spine-divider-residuals,7180,7180,30a46232eb8c0064c3684e39d39ced8872b150db03df8145ba85d69e3a04b57c,30a46232eb8c0064c3684e39d39ced8872b150db03df8145ba85d69e3a04b57c,unchanged
public_release/spine-divider-residuals/manuscript/revision_v2/R2_SUPPLEMENT_CITATION_AUDIT.md,public_release\spine-divider-residuals,1843,1843,b97a939ba47c9a451d5f6b696be8ac9396a25d2308dadee33d1ffe02553dbb17,b97a939ba47c9a451d5f6b696be8ac9396a25d2308dadee33d1ffe02553dbb17,unchanged
public_release/spine-divider-residuals/manuscript/revision_v2/R3_ACTIVE_PARAMETER_AUDIT.md,public_release\spine-divider-residuals,2580,2580,12afa4d0cb47a242b7cdd3844e7babf8bad816e7fc7f1046aa569530788faabc,12afa4d0cb47a242b7cdd3844e7babf8bad816e7fc7f1046aa569530788faabc,unchanged
public_release/spine-divider-residuals/manuscript/revision_v2/R3_BE_CN_AND_VALIDATION_AUDIT.md,public_release\spine-divider-residuals,2119,2119,79498d64763c51403351a37ba441a1a591ae240849d0fa845147bd72944cd82e,79498d64763c51403351a37ba441a1a591ae240849d0fa845147bd72944cd82e,unchanged
public_release/spine-divider-residuals/manuscript/revision_v2/R3_METHODS_SPECIFICATION_REPORT.md,public_release\spine-divider-residuals,2995,2995,c07b538f814501d4d65993df9d866c670733f825ea8275b6c67c932335a24851,c07b538f814501d4d65993df9d866c670733f825ea8275b6c67c932335a24851,unchanged
public_release/spine-divider-residuals/manuscript/revision_v2/R3_NEXT_PHASE_HANDOFF.md,public_release\spine-divider-residuals,2447,2447,62d4935f3f3ff89afb72cb5a506cda8016119f2c6c8a7e18c8fe0579256c95a8,62d4935f3f3ff89afb72cb5a506cda8016119f2c6c8a7e18c8fe0579256c95a8,unchanged
public_release/spine-divider-residuals/manuscript/revision_v2/R3_NUMERICAL_CLAIM_REVISION_TABLE.csv,public_release\spine-divider-residuals,12836,12836,d44987a85b2c0081894c65e254059eb962dfc19cfefdd048f484e70f3d5150bc,d44987a85b2c0081894c65e254059eb962dfc19cfefdd048f484e70f3d5150bc,unchanged
public_release/spine-divider-residuals/manuscript/revision_v2/R3_PREDICTOR_COMPARISON_AUDIT.csv,public_release\spine-divider-residuals,6252,6252,2c89bdd9cbf16e3b05064633f9ffaff11bdc57a422d02190023f5e3cd8c175d2,2c89bdd9cbf16e3b05064633f9ffaff11bdc57a422d02190023f5e3cd8c175d2,unchanged
public_release/spine-divider-residuals/manuscript/revision_v2/R3_RADIUS_CLASS_AUDIT.md,public_release\spine-divider-residuals,2620,2620,f30ae248b6ea77e4ea0b86ae371b0cdb6a370e504b71943ab832762a98199376,f30ae248b6ea77e4ea0b86ae371b0cdb6a370e504b71943ab832762a98199376,unchanged
public_release/spine-divider-residuals/manuscript/revision_v2/R3_STATISTICAL_REPORTING_REPORT.md,public_release\spine-divider-residuals,3944,3944,9c90dbe9456c48a1c732d77b904b576586ea47e8918b65ffc7838c5a6473415b,9c90dbe9456c48a1c732d77b904b576586ea47e8918b65ffc7838c5a6473415b,unchanged
public_release/spine-divider-residuals/manuscript/revision_v2/R3_UNCERTAINTY_SPECIFICATION_TABLE.csv,public_release\spine-divider-residuals,2480,2480,721338255cd2e84f1f1633fa945a78fc34b6d69d92d009b1facfb3305c16f114,721338255cd2e84f1f1633fa945a78fc34b6d69d92d009b1facfb3305c16f114,unchanged
public_release/spine-divider-residuals/manuscript/revision_v2/R4_CAPTION_REVISION_LOG.md,public_release\spine-divider-residuals,1702,1702,ce97cd327220ac49aa3386986f8e11b70095b1df47ffb55d839060b8a544d46e,ce97cd327220ac49aa3386986f8e11b70095b1df47ffb55d839060b8a544d46e,unchanged
public_release/spine-divider-residuals/manuscript/revision_v2/R4_FIGURE_QUALITY_AUDIT.csv,public_release\spine-divider-residuals,6723,6723,2e91de86d68836dac52f8cdbabdb7763f76ed7904283e40909e6abf2faf5763c,2e91de86d68836dac52f8cdbabdb7763f76ed7904283e40909e6abf2faf5763c,unchanged
public_release/spine-divider-residuals/manuscript/revision_v2/R4_FIGURE_REBUILD_REPORT.md,public_release\spine-divider-residuals,2534,2534,6f76a9a76f6a5938601ca3148088f5627a3bf3d969be364d2781e75e05d22b93,6f76a9a76f6a5938601ca3148088f5627a3bf3d969be364d2781e75e05d22b93,unchanged
public_release/spine-divider-residuals/manuscript/revision_v2/R4_LATEX_FIGURE_INTEGRATION_REPORT.md,public_release\spine-divider-residuals,1826,1826,c3fc3c5fd09015a3ffacfa1d9ec66b2ad2fd234be44c2478e6ceefabdbfbb795,c3fc3c5fd09015a3ffacfa1d9ec66b2ad2fd234be44c2478e6ceefabdbfbb795,unchanged
public_release/spine-divider-residuals/manuscript/revision_v2/R4_NEXT_PHASE_HANDOFF.md,public_release\spine-divider-residuals,1446,1446,290b9654f15fa9c407db3dfadbffab1d1d557acc95f40648f3ee5e4ddd211462,290b9654f15fa9c407db3dfadbffab1d1d557acc95f40648f3ee5e4ddd211462,unchanged
public_release/spine-divider-residuals/manuscript/revision_v2/R4_STATIC_SEARCH_AUDIT.md,public_release\spine-divider-residuals,1545,1545,625489590554a5326981fafa70219bfa9c7feb7ed1233fdc25f75e0110f73171,625489590554a5326981fafa70219bfa9c7feb7ed1233fdc25f75e0110f73171,unchanged
public_release/spine-divider-residuals/manuscript/revision_v2/R5_NEXT_PHASE_HANDOFF.md,public_release\spine-divider-residuals,2330,2330,080850af5a5efdaee134bb80fb16daa5880d61ad971dc8a2cb049bfc62c0e09b,080850af5a5efdaee134bb80fb16daa5880d61ad971dc8a2cb049bfc62c0e09b,unchanged
public_release/spine-divider-residuals/manuscript/revision_v2/R5_PHASE06_DEMOTION_REPORT.md,public_release\spine-divider-residuals,2433,2433,167a140dff8b8b999eb057fecd1441fbf66019789be8acc10953aa9b68b50467,167a140dff8b8b999eb057fecd1441fbf66019789be8acc10953aa9b68b50467,unchanged
public_release/spine-divider-residuals/manuscript/revision_v2/R5_PROSE_CHANGE_LOG.md,public_release\spine-divider-residuals,5373,5373,0e8e2773b7872311cdf83aef3e0ada2bdda38f0db02be64217b146e5af6d2124,0e8e2773b7872311cdf83aef3e0ada2bdda38f0db02be64217b146e5af6d2124,unchanged
public_release/spine-divider-residuals/manuscript/revision_v2/R5_SECTION_REORGANIZATION_MAP.csv,public_release\spine-divider-residuals,6443,6443,f400db848312f4f2a051d2c183a42de36222ae83501d73184c6b06855ae0c7f0,f400db848312f4f2a051d2c183a42de36222ae83501d73184c6b06855ae0c7f0,unchanged
public_release/spine-divider-residuals/manuscript/revision_v2/R5_STATIC_SEARCH_AUDIT.md,public_release\spine-divider-residuals,2570,2570,3d46d19a6ca6bf6bb6cb95ce8cf024bd696ff4cd2629a38fcbb10ae4b620b6c9,3d46d19a6ca6bf6bb6cb95ce8cf024bd696ff4cd2629a38fcbb10ae4b620b6c9,unchanged
public_release/spine-divider-residuals/manuscript/revision_v2/R5_STRUCTURE_AND_COMPRESSION_REPORT.md,public_release\spine-divider-residuals,6083,6083,58206048902c3eb2af70fe77f4d078173520a014c003d6202fdd72bad48078ca,58206048902c3eb2af70fe77f4d078173520a014c003d6202fdd72bad48078ca,unchanged
public_release/spine-divider-residuals/manuscript/revision_v2/R5_WORD_COUNT_AND_STRUCTURE_AUDIT.md,public_release\spine-divider-residuals,1787,1787,de6b7d9840c89723ddf18d4ccf3d3bc080c731f9255149190f9a95bd1ef1b92f,de6b7d9840c89723ddf18d4ccf3d3bc080c731f9255149190f9a95bd1ef1b92f,unchanged
public_release/spine-divider-residuals/manuscript/revision_v2/R6_ADMIN_CLEANUP_REPORT.md,public_release\spine-divider-residuals,4961,4961,9f9776075ea5102e8cb937dfae4fab1de31d90c9525d3408aa13dcf5e6d63f22,9f9776075ea5102e8cb937dfae4fab1de31d90c9525d3408aa13dcf5e6d63f22,unchanged
public_release/spine-divider-residuals/manuscript/revision_v2/R6_BLINDING_AND_ADMIN_AUDIT.md,public_release\spine-divider-residuals,2396,2396,d2b92d0c8895a2fc5e0452787212b732a8cda72d78b4a307f4437c0075c59602,d2b92d0c8895a2fc5e0452787212b732a8cda72d78b4a307f4437c0075c59602,unchanged
public_release/spine-divider-residuals/manuscript/revision_v2/R6_NEXT_PHASE_HANDOFF.md,public_release\spine-divider-residuals,2360,2360,02dd81241b0b098d4d07f1eca8950174e6f7304fffd4f6448d294b4550f5338b,02dd81241b0b098d4d07f1eca8950174e6f7304fffd4f6448d294b4550f5338b,unchanged
public_release/spine-divider-residuals/manuscript/revision_v2/R6_STATIC_PLACEHOLDER_AUDIT.md,public_release\spine-divider-residuals,4416,4416,087b55dc6130c3b311d14a5c8cf3bad5ba17f81e753bffbac646d5aa245147f3,087b55dc6130c3b311d14a5c8cf3bad5ba17f81e753bffbac646d5aa245147f3,unchanged
public_release/spine-divider-residuals/manuscript/revision_v2/R7_BLINDED_PDF_AUDIT.md,public_release\spine-divider-residuals,1483,1483,bddf47d102141ac47676aed1d9c6fb777b9d9ebbea10f56496bec3100a78b25e,bddf47d102141ac47676aed1d9c6fb777b9d9ebbea10f56496bec3100a78b25e,unchanged
public_release/spine-divider-residuals/manuscript/revision_v2/R7_FIGURE_TABLE_LAYOUT_AUDIT.md,public_release\spine-divider-residuals,1901,1901,02cd223b134ff3337f70baa8b83e31140859f5df3ce4fc4abc4f88b518c41283,02cd223b134ff3337f70baa8b83e31140859f5df3ce4fc4abc4f88b518c41283,unchanged
public_release/spine-divider-residuals/manuscript/revision_v2/R7_JCNS_SOURCE_PACKAGE_REPORT.md,public_release\spine-divider-residuals,1791,1791,c331c070a1133293a27cfb9d6b35e3de32c358d06d6497b962fc7f0ad37f7e92,c331c070a1133293a27cfb9d6b35e3de32c358d06d6497b962fc7f0ad37f7e92,unchanged
public_release/spine-divider-residuals/manuscript/revision_v2/R7_LATEX_PRODUCTION_REPORT.md,public_release\spine-divider-residuals,4374,4374,6d8b55b9f0339aa7bf834e4e08830953eaf81ae59073b460fb5acc1dd7db8870,6d8b55b9f0339aa7bf834e4e08830953eaf81ae59073b460fb5acc1dd7db8870,unchanged
public_release/spine-divider-residuals/manuscript/revision_v2/R7_NEXT_PHASE_HANDOFF.md,public_release\spine-divider-residuals,1918,1918,c2f969850f4c0c9b5ca6dbf563b07bd784b110fbcffd914ad6a9ec1efc075c42,c2f969850f4c0c9b5ca6dbf563b07bd784b110fbcffd914ad6a9ec1efc075c42,unchanged
public_release/spine-divider-residuals/manuscript/revision_v2/R7_OVERFULL_BOX_REPORT.md,public_release\spine-divider-residuals,1861,1861,5a3c8738a299eb0f76ab6d63b9bc56b4345931f67f6cda9492102a6c457d3949,5a3c8738a299eb0f76ab6d63b9bc56b4345931f67f6cda9492102a6c457d3949,unchanged
public_release/spine-divider-residuals/manuscript/revision_v2/R7_STATIC_PLACEHOLDER_AND_PATH_AUDIT.md,public_release\spine-divider-residuals,1120,1120,deda80f5eb5956bad576ce8fd4c4c88b16966eac4f0d1984b512a9c3289bcb9e,deda80f5eb5956bad576ce8fd4c4c88b16966eac4f0d1984b512a9c3289bcb9e,unchanged
public_release/spine-divider-residuals/manuscript/revision_v2/REVISION_ACTION_PLAN.md,public_release\spine-divider-residuals,11357,11357,1b2603ab774de39d311475736786db9e2a0991f76965dccbce6fe99c3a1e3636,1b2603ab774de39d311475736786db9e2a0991f76965dccbce6fe99c3a1e3636,unchanged
public_release/spine-divider-residuals/manuscript/revision_v2/REVISION_RISK_REGISTER.md,public_release\spine-divider-residuals,4029,4029,d79768bcbfa9d7ef433868a013ed6be53eca56dc85f618e37d93dabf7ea844ed,d79768bcbfa9d7ef433868a013ed6be53eca56dc85f618e37d93dabf7ea844ed,unchanged
public_release/spine-divider-residuals/manuscript/revision_v2/STATISTICS_AND_METHODS_GAP_LIST.md,public_release\spine-divider-residuals,3494,3494,b7cd4398f0998b9266bd7a9e6e32d75b957e51db4c1ac4e643c93845329dad93,b7cd4398f0998b9266bd7a9e6e32d75b957e51db4c1ac4e643c93845329dad93,unchanged
public_release/spine-divider-residuals/manuscript/sections/abstract.tex,public_release\spine-divider-residuals,1104,1104,ed38249b832c57be7fb1eaeaa646d1c1c9f1555d48c23c8a52674e5dc5a7d947,ed38249b832c57be7fb1eaeaa646d1c1c9f1555d48c23c8a52674e5dc5a7d947,unchanged
public_release/spine-divider-residuals/manuscript/sections/acknowledgments.tex,public_release\spine-divider-residuals,120,120,77675ee75618ef8f83b74b852f08b3af6e671394a291c6d366d03db40979404e,77675ee75618ef8f83b74b852f08b3af6e671394a291c6d366d03db40979404e,unchanged
public_release/spine-divider-residuals/manuscript/sections/conclusions.tex,public_release\spine-divider-residuals,817,817,2993808163116df3c721b57e0d75fb36741129c1a80cd944e88cab408b25fd5d,2993808163116df3c721b57e0d75fb36741129c1a80cd944e88cab408b25fd5d,unchanged
public_release/spine-divider-residuals/manuscript/sections/data_code_availability.tex,public_release\spine-divider-residuals,1771,1771,2502f77b2a8020cf3b5cedb73c761694e0fb0ae8539bdda61eced5fd71682f08,2502f77b2a8020cf3b5cedb73c761694e0fb0ae8539bdda61eced5fd71682f08,unchanged
public_release/spine-divider-residuals/manuscript/sections/disclosures.tex,public_release\spine-divider-residuals,728,728,804f34f0249ba1c46653caa69c7d68a11c035c3390ef3147364ceb186abf95e2,804f34f0249ba1c46653caa69c7d68a11c035c3390ef3147364ceb186abf95e2,unchanged
public_release/spine-divider-residuals/manuscript/sections/discussion.tex,public_release\spine-divider-residuals,7704,7704,e8c1b13f164319cbac419792c3495e48f7917da654c419fefa47b43bd0228c93,e8c1b13f164319cbac419792c3495e48f7917da654c419fefa47b43bd0228c93,unchanged
public_release/spine-divider-residuals/manuscript/sections/introduction.tex,public_release\spine-divider-residuals,3844,3844,d750675b573f6a8cd9bbf961327a08cf6693ce68c193dd0a950a7516972b1117,d750675b573f6a8cd9bbf961327a08cf6693ce68c193dd0a950a7516972b1117,unchanged
public_release/spine-divider-residuals/manuscript/sections/methods.tex,public_release\spine-divider-residuals,10059,10059,9ad29906003f1ccad552b9d12d4e42d323f466e77916c5a8773dab23378aadd3,9ad29906003f1ccad552b9d12d4e42d323f466e77916c5a8773dab23378aadd3,unchanged
public_release/spine-divider-residuals/manuscript/sections/results.tex,public_release\spine-divider-residuals,15299,15299,7284ee0256617b62b953d0bbc2ab5e1d40e97a612f6e9debc3ec6b787c3d6e91,7284ee0256617b62b953d0bbc2ab5e1d40e97a612f6e9debc3ec6b787c3d6e91,unchanged
public_release/spine-divider-residuals/manuscript/supplement/figures/FigS1_fixed_load_heatmap.svg,public_release\spine-divider-residuals,58551,58551,e1b113903cf64af6d700b587c2ac3fc5c39f01c324c2b6acd12344cc2d688c2d,e1b113903cf64af6d700b587c2ac3fc5c39f01c324c2b6acd12344cc2d688c2d,unchanged
public_release/spine-divider-residuals/manuscript/supplement/figures/FigS2_dt_convergence.svg,public_release\spine-divider-residuals,3113,3113,9747da72b874aac4df8ac071cd7e8f1a1dc6d2d90a10ae040d0f30020f182bae,9747da72b874aac4df8ac071cd7e8f1a1dc6d2d90a10ae040d0f30020f182bae,unchanged
public_release/spine-divider-residuals/manuscript/supplement/figures/FigS3_spatial_convergence.svg,public_release\spine-divider-residuals,3806,3806,7391fb0d2ba4461f588977b26cc9e8ef33f457fafaf0cda830b4f7c94df25abb,7391fb0d2ba4461f588977b26cc9e8ef33f457fafaf0cda830b4f7c94df25abb,unchanged
public_release/spine-divider-residuals/manuscript/supplement/figures/FigS4_neck_models.svg,public_release\spine-divider-residuals,4247,4247,5f791708cf1c8cc85ed172dd9355ab9d099ece1b10ee30210e4a5b6d2cd40fca,5f791708cf1c8cc85ed172dd9355ab9d099ece1b10ee30210e4a5b6d2cd40fca,unchanged
public_release/spine-divider-residuals/manuscript/supplement/figures/FigS5_active_protocol_strength.svg,public_release\spine-divider-residuals,665,665,678aa94522a82093e591daf91941f0d62009d317fc5f5f7a9a89874132f7e506,678aa94522a82093e591daf91941f0d62009d317fc5f5f7a9a89874132f7e506,unchanged
public_release/spine-divider-residuals/manuscript/supplement/figures/FigS5_smi_interval_width.svg,public_release\spine-divider-residuals,4103,4103,29e5721fd873d863866bee1a6b862bb435c28649874d5b1c43c9764cfa120eba,29e5721fd873d863866bee1a6b862bb435c28649874d5b1c43c9764cfa120eba,unchanged
public_release/spine-divider-residuals/manuscript/supplement/figures/FigS6_active_impedance.svg,public_release\spine-divider-residuals,657,657,fe0307390fcb2ee00ffeb4efd85e926e30445c8b7cee6aab2b1e85e22c71108c,fe0307390fcb2ee00ffeb4efd85e926e30445c8b7cee6aab2b1e85e22c71108c,unchanged
public_release/spine-divider-residuals/manuscript/supplement/figures/FigS6_active_protocol_strength.svg,public_release\spine-divider-residuals,6121,6121,c11492652a85cb0185ec070f823dd74c48f75ec4553aee32b68b0e9978d0ce06,c11492652a85cb0185ec070f823dd74c48f75ec4553aee32b68b0e9978d0ce06,unchanged
public_release/spine-divider-residuals/manuscript/supplement/figures/FigS7_active_impedance.svg,public_release\spine-divider-residuals,5034,5034,c6d9226e66141307463223ea33e1eac50bd189fa67564e2266e83512ce3a89b8,c6d9226e66141307463223ea33e1eac50bd189fa67564e2266e83512ce3a89b8,unchanged
public_release/spine-divider-residuals/manuscript/supplement/figures/FigS7_smi_interval_width.svg,public_release\spine-divider-residuals,660,660,40ff64dfceb66b8f18ba80968f64c9efc00dc9c7ae17bd148b954b3a30daf67f,40ff64dfceb66b8f18ba80968f64c9efc00dc9c7ae17bd148b954b3a30daf67f,unchanged
public_release/spine-divider-residuals/manuscript/supplement/figures/FigS8_phase06_smi_amplitude.svg,public_release\spine-divider-residuals,5826,5826,52bd0fe8614350fb509d90b7f187a0b09a2f9e7dab00e0167afe54d17aabca9b,52bd0fe8614350fb509d90b7f187a0b09a2f9e7dab00e0167afe54d17aabca9b,unchanged
public_release/spine-divider-residuals/manuscript/supplement/figures/FigS9_phase06_uncertainty.svg,public_release\spine-divider-residuals,11032,11032,342d93ef81710b08fd42939bb4f9ea3bfae419ebb0c527ff77894fc588581c6a,342d93ef81710b08fd42939bb4f9ea3bfae419ebb0c527ff77894fc588581c6a,unchanged
public_release/spine-divider-residuals/manuscript/supplement/figures_pdf/FigS1_fixed_load_heatmap.pdf,public_release\spine-divider-residuals,76982,76982,a347a10de56fe410c572752d78f9ba261db68154dff7022d8679fa356e214b35,a347a10de56fe410c572752d78f9ba261db68154dff7022d8679fa356e214b35,unchanged
public_release/spine-divider-residuals/manuscript/supplement/figures_pdf/FigS2_dt_convergence.pdf,public_release\spine-divider-residuals,30597,30597,aabc6ec3a1c842c6a25b1e0e42bd98eb06f7a11b754011c79a28d9fd39e522bb,aabc6ec3a1c842c6a25b1e0e42bd98eb06f7a11b754011c79a28d9fd39e522bb,unchanged
public_release/spine-divider-residuals/manuscript/supplement/figures_pdf/FigS3_spatial_convergence.pdf,public_release\spine-divider-residuals,31330,31330,f1f0a9885a43315fc26c1c04f14d4a1ecf25ac4595b682ea055635625d50dfb5,f1f0a9885a43315fc26c1c04f14d4a1ecf25ac4595b682ea055635625d50dfb5,unchanged
public_release/spine-divider-residuals/manuscript/supplement/figures_pdf/FigS4_neck_models.pdf,public_release\spine-divider-residuals,28060,28060,7c92f0970c35fcbf8c666a780687c1ab3d7fb436c6b0168f4ed9521b48ff7b82,7c92f0970c35fcbf8c666a780687c1ab3d7fb436c6b0168f4ed9521b48ff7b82,unchanged
public_release/spine-divider-residuals/manuscript/supplement/figures_pdf/FigS5_active_protocol_strength.pdf,public_release\spine-divider-residuals,1565,1565,db8fe4ecadb4f709c3306d927c832b894ceb2c02c5e688225d128d453255bfe5,db8fe4ecadb4f709c3306d927c832b894ceb2c02c5e688225d128d453255bfe5,unchanged
public_release/spine-divider-residuals/manuscript/supplement/figures_pdf/FigS5_smi_interval_width.pdf,public_release\spine-divider-residuals,28874,28874,e0cb1d24d109cb396156778ccd5dc753bffcf78c5469fed8309f93ecc4b06dc7,e0cb1d24d109cb396156778ccd5dc753bffcf78c5469fed8309f93ecc4b06dc7,unchanged
public_release/spine-divider-residuals/manuscript/supplement/figures_pdf/FigS6_active_impedance.pdf,public_release\spine-divider-residuals,1551,1551,05f6cee6607cf60f93ed7d885d370d7f856cd50b03c77832721a2a4b05ccdc43,05f6cee6607cf60f93ed7d885d370d7f856cd50b03c77832721a2a4b05ccdc43,unchanged
public_release/spine-divider-residuals/manuscript/supplement/figures_pdf/FigS6_active_protocol_strength.pdf,public_release\spine-divider-residuals,38391,38391,70b182c5ba4780e7fc43b89d941d8f547e22082d17702b541cfbd43d0260e142,70b182c5ba4780e7fc43b89d941d8f547e22082d17702b541cfbd43d0260e142,unchanged
public_release/spine-divider-residuals/manuscript/supplement/figures_pdf/FigS7_active_impedance.pdf,public_release\spine-divider-residuals,28906,28906,8d51c08ad5b6e9302c5201a4125b97bbbc66a74506a0206557412e57e2df13c8,8d51c08ad5b6e9302c5201a4125b97bbbc66a74506a0206557412e57e2df13c8,unchanged
public_release/spine-divider-residuals/manuscript/supplement/figures_pdf/FigS7_smi_interval_width.pdf,public_release\spine-divider-residuals,1561,1561,3e335abba329f39da346c41f9d0d38678068ca9271b0bb1323850b2afed8fb5b,3e335abba329f39da346c41f9d0d38678068ca9271b0bb1323850b2afed8fb5b,unchanged
public_release/spine-divider-residuals/manuscript/supplement/figures_pdf/FigS8_phase06_smi_amplitude.pdf,public_release\spine-divider-residuals,27738,27738,be0d34ddf5cf34be85cdea62ad6a978288b059d19c2aef82aaf34e6d4c223483,be0d34ddf5cf34be85cdea62ad6a978288b059d19c2aef82aaf34e6d4c223483,unchanged
public_release/spine-divider-residuals/manuscript/supplement/figures_pdf/FigS9_phase06_uncertainty.pdf,public_release\spine-divider-residuals,41668,41668,2e7ee066930706f86b93ebee26490c156ca5b5f32c902a1ef5b28bd3ca2ae213,2e7ee066930706f86b93ebee26490c156ca5b5f32c902a1ef5b28bd3ca2ae213,unchanged
public_release/spine-divider-residuals/manuscript/supplement/sections/active_mechanisms.tex,public_release\spine-divider-residuals,1808,1808,37e3643528374f6be1a9fa875913cc36aadba6ed2a66e267b26ed6ebe7cc8a39,37e3643528374f6be1a9fa875913cc36aadba6ed2a66e267b26ed6ebe7cc8a39,unchanged
public_release/spine-divider-residuals/manuscript/supplement/sections/exploratory_phase06.tex,public_release\spine-divider-residuals,1591,1591,a4708a9a4b80879a397fa74098ca90b40bdcf1b65be279c7720c2cc0fd51513c,a4708a9a4b80879a397fa74098ca90b40bdcf1b65be279c7720c2cc0fd51513c,unchanged
public_release/spine-divider-residuals/manuscript/supplement/sections/extended_equations.tex,public_release\spine-divider-residuals,2725,2725,28d04ca98641a653c80a5fb55743d3a532bd0a1c27aaffeba0bde54c15882743,28d04ca98641a653c80a5fb55743d3a532bd0a1c27aaffeba0bde54c15882743,unchanged
public_release/spine-divider-residuals/manuscript/supplement/sections/extended_limitations.tex,public_release\spine-divider-residuals,1675,1675,5c769a4048415c952326fd58a831c10021410fc21a980b8fe954e5ae687f652a,5c769a4048415c952326fd58a831c10021410fc21a980b8fe954e5ae687f652a,unchanged
public_release/spine-divider-residuals/manuscript/supplement/sections/numerical_validation.tex,public_release\spine-divider-residuals,4450,4450,e31bef4615a1f92d55349026bb3a8d337478bf955ed8f681680288782a1aec72,e31bef4615a1f92d55349026bb3a8d337478bf955ed8f681680288782a1aec72,unchanged
public_release/spine-divider-residuals/manuscript/supplement/sections/release_environment_and_provenance.tex,public_release\spine-divider-residuals,1232,1232,9826bbcd72df4236f7cb5ba91de4683a72122466a11fceec1934f2dc1d0418dc,9826bbcd72df4236f7cb5ba91de4683a72122466a11fceec1934f2dc1d0418dc,unchanged
public_release/spine-divider-residuals/manuscript/supplement/sections/reproducibility_commands.tex,public_release\spine-divider-residuals,1619,1619,223b0f4c512e177e8dfd1711905eeb8f73c2ab2fb1650f1c382821497bdb3dda,223b0f4c512e177e8dfd1711905eeb8f73c2ab2fb1650f1c382821497bdb3dda,unchanged
public_release/spine-divider-residuals/manuscript/supplement/sections/uncertainty_identifiability.tex,public_release\spine-divider-residuals,2437,2437,7607122c0754ef5ca077df1f3fbf4b5819a2a302f423cd7d7568afdda5ff2d3d,7607122c0754ef5ca077df1f3fbf4b5819a2a302f423cd7d7568afdda5ff2d3d,unchanged
public_release/spine-divider-residuals/manuscript/supplement/supplement.pdf,public_release\spine-divider-residuals,635045,635045,a9083d63025fddb9e579cf773f392bbf9985fd04e2968a73e902f728996329ef,a9083d63025fddb9e579cf773f392bbf9985fd04e2968a73e902f728996329ef,unchanged
public_release/spine-divider-residuals/manuscript/supplement/supplement.tex,public_release\spine-divider-residuals,1272,1272,0a04724d2966e20a391d5759da4ad10378133610eecaf00e9154896dd6be2882,0a04724d2966e20a391d5759da4ad10378133610eecaf00e9154896dd6be2882,unchanged
public_release/spine-divider-residuals/manuscript/supplement/tables/active_mechanism_reproducibility_map.tex,public_release\spine-divider-residuals,1552,1552,7e2c61940243fc7745759a253e5114b58558d132c66b5c724695dd06ca998043,7e2c61940243fc7745759a253e5114b58558d132c66b5c724695dd06ca998043,unchanged
public_release/spine-divider-residuals/manuscript/supplement/tables/environment_versions.tex,public_release\spine-divider-residuals,2091,2091,d6d7d1beb4c041197aee38213250d5e1e3e07ab1541e13d57cfa02bad2fc1459,d6d7d1beb4c041197aee38213250d5e1e3e07ab1541e13d57cfa02bad2fc1459,unchanged
public_release/spine-divider-residuals/manuscript/supplement/tables/high_rhol_stress_test_summary.tex,public_release\spine-divider-residuals,749,749,cd924ea9f1791bac1dca8c56f5649c3a3172079fe375c83bdb36b20c96ab1f93,cd924ea9f1791bac1dca8c56f5649c3a3172079fe375c83bdb36b20c96ab1f93,unchanged
public_release/spine-divider-residuals/manuscript/supplement/tables/residual_metric_controls_expanded.tex,public_release\spine-divider-residuals,1140,1140,ce762c3edf2fe1c64572202dba068e0fc6454170f2c75e5c5426bdb6d7c214f0,ce762c3edf2fe1c64572202dba068e0fc6454170f2c75e5c5426bdb6d7c214f0,unchanged
public_release/spine-divider-residuals/manuscript/supplement/tables/residual_rowclass_summary.tex,public_release\spine-divider-residuals,1655,1655,7cc35cb7e48c43da131164b6a293fa0cf2685bec01ef05f32432d5595d8c09e9,7cc35cb7e48c43da131164b6a293fa0cf2685bec01ef05f32432d5595d8c09e9,unchanged
public_release/spine-divider-residuals/manuscript/supplement/tables/row_provenance_reconciled.tex,public_release\spine-divider-residuals,2649,2649,a3ad8ff461b279c79decc124718391965ef8346eb40f80ce05fffdee54062d98,a3ad8ff461b279c79decc124718391965ef8346eb40f80ce05fffdee54062d98,unchanged
public_release/spine-divider-residuals/manuscript/supplement/tables/validation_coverage_by_row_class.tex,public_release\spine-divider-residuals,1526,1526,3d61ecc12bbf7faf3d4cd225980b6a5f9c05cd7dc24055025d6928f7fd99f48f,3d61ecc12bbf7faf3d4cd225980b6a5f9c05cd7dc24055025d6928f7fd99f48f,unchanged
public_release/spine-divider-residuals/manuscript/tables/active_parameter_summary.tex,public_release\spine-divider-residuals,1373,1373,7e77c8742cd757cee974a26387bca4a43a2124f3640b96018c4ae800f5e3591e,7e77c8742cd757cee974a26387bca4a43a2124f3640b96018c4ae800f5e3591e,unchanged
public_release/spine-divider-residuals/manuscript/tables/claim_summary.tex,public_release\spine-divider-residuals,2018,2018,0cdaf22159e00917ca72eb234d7b1439a546b590e92a1bf1fc4aa6900e329360,0cdaf22159e00917ca72eb234d7b1439a546b590e92a1bf1fc4aa6900e329360,unchanged
public_release/spine-divider-residuals/manuscript/tables/parameters.tex,public_release\spine-divider-residuals,1560,1560,8b4319e7579f54e9fe59844cce43bee58382947155a25a384caca5cd3a1dd7ed,8b4319e7579f54e9fe59844cce43bee58382947155a25a384caca5cd3a1dd7ed,unchanged
public_release/spine-divider-residuals/manuscript/tables/predictor_summary.tex,public_release\spine-divider-residuals,1535,1535,3e906cedf85c159b85fd666acb0357027a4b7fc9a207db974db6550efc3a5116,3e906cedf85c159b85fd666acb0357027a4b7fc9a207db974db6550efc3a5116,unchanged
public_release/spine-divider-residuals/manuscript/tables/validation_summary.tex,public_release\spine-divider-residuals,2171,2171,3f165fd67ae56542d16e023e302a3b1b1f4151342dab804bfb9f5b4574c9a735,3f165fd67ae56542d16e023e302a3b1b1f4151342dab804bfb9f5b4574c9a735,unchanged
public_release/spine-divider-residuals/manuscript/target_journal.pdf,public_release\spine-divider-residuals,1103757,1103757,b950b0f49575c06fceeb8b15585e5731d3e9712b9f08c96042e38868ed4d2cfc,b950b0f49575c06fceeb8b15585e5731d3e9712b9f08c96042e38868ed4d2cfc,unchanged
public_release/spine-divider-residuals/manuscript/target_journal.tex,public_release\spine-divider-residuals,767,767,214018df37a86ecceb02506a4551931f4523c4eb4f8edfb3d69f0f6251f4a7d7,214018df37a86ecceb02506a4551931f4523c4eb4f8edfb3d69f0f6251f4a7d7,unchanged
public_release/spine-divider-residuals/pyproject.toml,public_release\spine-divider-residuals,773,773,61c88f1e47addfe65f48ce4426144b6f4b8985e45a86c644be828abe36cebd14,61c88f1e47addfe65f48ce4426144b6f4b8985e45a86c644be828abe36cebd14,unchanged
public_release/spine-divider-residuals/reports/FINAL_CLAIM_AUDIT.md,public_release\spine-divider-residuals,4023,4023,59553b4094fbc7c457db27a4ba515ce39c38dec7bdcd85ff4a34b4e9d5598b57,59553b4094fbc7c457db27a4ba515ce39c38dec7bdcd85ff4a34b4e9d5598b57,unchanged
public_release/spine-divider-residuals/reports/FINAL_SCIENTIFIC_SYNTHESIS.md,public_release\spine-divider-residuals,5748,5748,7122d471fa99cceb03609a721ab9e721eb95f66c9c503e96b1b783a45bddf779,7122d471fa99cceb03609a721ab9e721eb95f66c9c503e96b1b783a45bddf779,unchanged
public_release/spine-divider-residuals/reports/MANUSCRIPT_REPRODUCTION.md,public_release\spine-divider-residuals,5764,5764,f149c2ecbe811b3bce304c04a0ddf2cf7fad9e80345be0171da10adaef657458,f149c2ecbe811b3bce304c04a0ddf2cf7fad9e80345be0171da10adaef657458,unchanged
public_release/spine-divider-residuals/reports/PHASE_RESTART_1_REPORT.md,public_release\spine-divider-residuals,10131,10131,a2d9097453d778457081373e7393da2cd768b2cf7cd57515860aefa669693ac7,a2d9097453d778457081373e7393da2cd768b2cf7cd57515860aefa669693ac7,unchanged
public_release/spine-divider-residuals/reports/PHASE_RESTART_2_REPORT.md,public_release\spine-divider-residuals,3220,3220,acc56a08488305546a04ef46eba58e6c67d3cfaa5a31e95d586b87ef29b84a7b,acc56a08488305546a04ef46eba58e6c67d3cfaa5a31e95d586b87ef29b84a7b,unchanged
public_release/spine-divider-residuals/reports/PHASE_RESTART_3_REPORT.md,public_release\spine-divider-residuals,3113,3113,aa49524cd591d903980923d03c7105795dc0e0b0a2dd59037bfd62f73890c577,aa49524cd591d903980923d03c7105795dc0e0b0a2dd59037bfd62f73890c577,unchanged
public_release/spine-divider-residuals/reports/PHASE_RESTART_4_REPORT.md,public_release\spine-divider-residuals,5626,5626,acab997d6081f40202895ce3b0e361a4641dca7aefc09e32c4ae82e91f726666,acab997d6081f40202895ce3b0e361a4641dca7aefc09e32c4ae82e91f726666,unchanged
public_release/spine-divider-residuals/reports/PHASE_RESTART_7_REPORT.md,public_release\spine-divider-residuals,2301,2301,3034df7b9a01902dde282a6fd85a180f9501c842c4d9f5dd29fc4c2bf51dd392,3034df7b9a01902dde282a6fd85a180f9501c842c4d9f5dd29fc4c2bf51dd392,unchanged
public_release/spine-divider-residuals/reports/PHASE_RESTART_8_REPORT.md,public_release\spine-divider-residuals,3917,3917,213bb111527d4738e2c817b85f3860f5e697306f739094c5d162be03ed327426,213bb111527d4738e2c817b85f3860f5e697306f739094c5d162be03ed327426,unchanged
public_release/spine-divider-residuals/reports/PHASE_RESTART_9_REPORT.md,public_release\spine-divider-residuals,2606,2606,ce895994bc513499fbe3d71e8e7933e93a402dbba53103bd6af1e6c757b85c0b,ce895994bc513499fbe3d71e8e7933e93a402dbba53103bd6af1e6c757b85c0b,unchanged
public_release/spine-divider-residuals/requirements.txt,public_release\spine-divider-residuals,52,52,8500bbf2c698874cc3daaceff04fb2ff684a6af3b42fbf8829ca4b62156bfe72,8500bbf2c698874cc3daaceff04fb2ff684a6af3b42fbf8829ca4b62156bfe72,unchanged
public_release/spine-divider-residuals/results/phase02/Figure2_high_trace.csv,public_release\spine-divider-residuals,658764,658764,3e05c6c157863454d4dcc6f90f4083694021938249759168c5dd465a53a9f0cd,3e05c6c157863454d4dcc6f90f4083694021938249759168c5dd465a53a9f0cd,unchanged
public_release/spine-divider-residuals/results/phase02/Figure2_intermediate_trace.csv,public_release\spine-divider-residuals,774549,774549,c9771f5ea496243eef42f59071ddb147ed535d4bf1051879ee906221799e310b,c9771f5ea496243eef42f59071ddb147ed535d4bf1051879ee906221799e310b,unchanged
public_release/spine-divider-residuals/results/phase02/Figure2_low_trace.csv,public_release\spine-divider-residuals,650466,650466,83ea9915cdba70168e6f96fcef9c257b95d0dd2caa9e6b552c570aed5508a9cb,83ea9915cdba70168e6f96fcef9c257b95d0dd2caa9e6b552c570aed5508a9cb,unchanged
public_release/spine-divider-residuals/results/phase02/Figure2_representative_summary.csv,public_release\spine-divider-residuals,1413,1413,05b54a809885784b925e44b601f9ab35b5085a8037f89379702ef3b2ef17a9de,05b54a809885784b925e44b601f9ab35b5085a8037f89379702ef3b2ef17a9de,unchanged
public_release/spine-divider-residuals/results/phase02/Figure3_geometry_sweep.csv,public_release\spine-divider-residuals,64360,64360,53f9af48c9c989264ddde1ddbc73641e500c7bdc7746da83d21e4d7167770e71,53f9af48c9c989264ddde1ddbc73641e500c7bdc7746da83d21e4d7167770e71,unchanged
public_release/spine-divider-residuals/results/phase02/Figure4_matched_neck_heterogeneous_load.csv,public_release\spine-divider-residuals,4257,4257,84c626934fffcad79c122e0a4e13fd1634f4809b0716dc0c15c07ef2759a6ff8,84c626934fffcad79c122e0a4e13fd1634f4809b0716dc0c15c07ef2759a6ff8,unchanged
public_release/spine-divider-residuals/results/phase02/caption_discrepancy_table.csv,public_release\spine-divider-residuals,1267,1267,1353f37778dcacb07cbcc358e3839f405672cb26cb83b2f8419a7ffd148f2042,1353f37778dcacb07cbcc358e3839f405672cb26cb83b2f8419a7ffd148f2042,unchanged
public_release/spine-divider-residuals/results/phase02/central_smi_claim_tests.csv,public_release\spine-divider-residuals,462,462,17def8ee6e784c8b786c88333a05e2f6f815c834ed67ab947dc3416ed9cd7931,17def8ee6e784c8b786c88333a05e2f6f815c834ed67ab947dc3416ed9cd7931,unchanged
public_release/spine-divider-residuals/results/phase02/convergence_dt_intermediate.csv,public_release\spine-divider-residuals,747,747,d7ad673a84d304258818c02877651e3a8406aae221772d47b953f9b0f047ce26,d7ad673a84d304258818c02877651e3a8406aae221772d47b953f9b0f047ce26,unchanged
public_release/spine-divider-residuals/results/phase02/reproduction_parameters.csv,public_release\spine-divider-residuals,184,184,cdcb1088ee97512278805a811863c81a6ae356c16214ed32b159e014302eeb90,cdcb1088ee97512278805a811863c81a6ae356c16214ed32b159e014302eeb90,unchanged
public_release/spine-divider-residuals/results/phase03/chirp_validation.csv,public_release\spine-divider-residuals,552,552,b19a81425430a2186222b3d74de24cf687f61d2a8a19e843a4ce86c7ac0301ae,b19a81425430a2186222b3d74de24cf687f61d2a8a19e843a4ce86c7ac0301ae,unchanged
public_release/spine-divider-residuals/results/phase03/falsification_summary.csv,public_release\spine-divider-residuals,212,212,90c6b77b51a9388eba932adf0c0ca5eb56f52945601bdbc2bc0366affaf6d477,90c6b77b51a9388eba932adf0c0ca5eb56f52945601bdbc2bc0366affaf6d477,unchanged
public_release/spine-divider-residuals/results/phase03/impedance_spectrum.csv,public_release\spine-divider-residuals,3296,3296,c1c0f7a9ef0ad6c117a09245e0f57ab6d3c380d8e4bddac33e48366114b0e5fd,c1c0f7a9ef0ad6c117a09245e0f57ab6d3c380d8e4bddac33e48366114b0e5fd,unchanged
public_release/spine-divider-residuals/results/phase03/iso_transfer_counterexamples.csv,public_release\spine-divider-residuals,715,715,dcff0ccd239f480474e5cbac4b533bf02701ccd37442da8062cbf2cb608871fa,dcff0ccd239f480474e5cbac4b533bf02701ccd37442da8062cbf2cb608871fa,unchanged
public_release/spine-divider-residuals/results/phase03/neck_model_comparison.csv,public_release\spine-divider-residuals,915,915,76429064cd8b86446873079f241adfa773653c3ea0c3ba39e37ab75b281a2619,76429064cd8b86446873079f241adfa773653c3ea0c3ba39e37ab75b281a2619,unchanged
public_release/spine-divider-residuals/results/phase03/phase03_summary.csv,public_release\spine-divider-residuals,779,779,5f9a0d2aa253a0c700578e19147542733aff4ea699461e1efa271041363c3bbf,5f9a0d2aa253a0c700578e19147542733aff4ea699461e1efa271041363c3bbf,unchanged
public_release/spine-divider-residuals/results/phase03/predictor_comparison.csv,public_release\spine-divider-residuals,3036,3036,8c499f556a20003b14e39f50486930a123acdf3c3d210053ddc37073bb203320,8c499f556a20003b14e39f50486930a123acdf3c3d210053ddc37073bb203320,unchanged
public_release/spine-divider-residuals/results/phase03/sinusoidal_validation.csv,public_release\spine-divider-residuals,343,343,b8686d8e2ce52206042eebaeb3d13068de0c1f19aef979a07231bb53ab5b7660,b8686d8e2ce52206042eebaeb3d13068de0c1f19aef979a07231bb53ab5b7660,unchanged
public_release/spine-divider-residuals/results/phase03/smi_challenge_suite.csv,public_release\spine-divider-residuals,7439,7439,7667985213814eedfab5621fda7c208a532cd4bccb3662733491b664379b8199,7667985213814eedfab5621fda7c208a532cd4bccb3662733491b664379b8199,unchanged
public_release/spine-divider-residuals/results/phase03/spatial_convergence.csv,public_release\spine-divider-residuals,741,741,bac62771512dccfa9417c8c9a3e0657ba9ad19bf82e9a15d656909f79031f5ed,bac62771512dccfa9417c8c9a3e0657ba9ad19bf82e9a15d656909f79031f5ed,unchanged
public_release/spine-divider-residuals/results/phase04/active_falsification_summary.csv,public_release\spine-divider-residuals,1614,1614,0957c05364550121e18301badff32da7cecad424c94f24c58b55703d7f533f4e,0957c05364550121e18301badff32da7cecad424c94f24c58b55703d7f533f4e,unchanged
public_release/spine-divider-residuals/results/phase04/active_impedance_operating_point.csv,public_release\spine-divider-residuals,1658,1658,01241dd0013e6fe74bffdbd97890b616e928b61ab180479237285880b10b52c8,01241dd0013e6fe74bffdbd97890b616e928b61ab180479237285880b10b52c8,unchanged
public_release/spine-divider-residuals/results/phase04/active_multivariable_diagnostic.csv,public_release\spine-divider-residuals,473,473,676fee98bac5999b86b6087290d9f356cdd5e445e9a969d6fde580bd0b621889,676fee98bac5999b86b6087290d9f356cdd5e445e9a969d6fde580bd0b621889,unchanged
public_release/spine-divider-residuals/results/phase04/active_predictor_comparison.csv,public_release\spine-divider-residuals,27797,27797,5598013db0755e40ff2a9200c6b9facf4e2bdb45aa30aa579bd85cdc2c49baa4,5598013db0755e40ff2a9200c6b9facf4e2bdb45aa30aa579bd85cdc2c49baa4,unchanged
public_release/spine-divider-residuals/results/phase04/active_protocol_library.csv,public_release\spine-divider-residuals,5372,5372,953bb10520b03f1c3d6638ff84886a81cfe0ce582f47c8c0d425e33d4eaa9970,953bb10520b03f1c3d6638ff84886a81cfe0ce582f47c8c0d425e33d4eaa9970,unchanged
public_release/spine-divider-residuals/results/phase04/active_smi_challenge_suite.csv,public_release\spine-divider-residuals,24775,24775,2b3839a2b1b37aaeb00e26c662ac740da96d582dc24524323d7d8fc7d6af4257,2b3839a2b1b37aaeb00e26c662ac740da96d582dc24524323d7d8fc7d6af4257,unchanged
public_release/spine-divider-residuals/results/phase04/active_validation.csv,public_release\spine-divider-residuals,899,899,93c6738f2ad605a32650392894e4178f8e07632da4d91e5729c7995bde5ed0c0,93c6738f2ad605a32650392894e4178f8e07632da4d91e5729c7995bde5ed0c0,unchanged
public_release/spine-divider-residuals/results/phase04/phase04_summary.csv,public_release\spine-divider-residuals,2062,2062,d3b21eac8b11d41cccd2ef89813bc2ff1aacb75fd22cb3c20485407378da7ccc,d3b21eac8b11d41cccd2ef89813bc2ff1aacb75fd22cb3c20485407378da7ccc,unchanged
public_release/spine-divider-residuals/results/phase05/claim_robustness.csv,public_release\spine-divider-residuals,880,880,7d85a8f31021dff23dcc7a626aed841a1a66cd9d516fe95dfd691eaec62af37a,7d85a8f31021dff23dcc7a626aed841a1a66cd9d516fe95dfd691eaec62af37a,unchanged
public_release/spine-divider-residuals/results/phase05/counterexample_prevalence.csv,public_release\spine-divider-residuals,390,390,ce5c42872f9f683b5f5425f6f22372a1852102fba29f3ab1e2eadada5f5a9897,ce5c42872f9f683b5f5425f6f22372a1852102fba29f3ab1e2eadada5f5a9897,unchanged
public_release/spine-divider-residuals/results/phase05/global_uncertainty_samples.csv,public_release\spine-divider-residuals,65932,65932,d5888e404bceb04dc0e6ba14b51ddc841c3e2f1f8c052b3bcc847e7939db55d8,d5888e404bceb04dc0e6ba14b51ddc841c3e2f1f8c052b3bcc847e7939db55d8,unchanged
public_release/spine-divider-residuals/results/phase05/identifiability_degeneracy_examples.csv,public_release\spine-divider-residuals,21103,21103,cc96f5b27a370ad0775c70d060948cf9505644fb631df0b4dc3fafb2b5254064,cc96f5b27a370ad0775c70d060948cf9505644fb631df0b4dc3fafb2b5254064,unchanged
public_release/spine-divider-residuals/results/phase05/local_sensitivity.csv,public_release\spine-divider-residuals,29398,29398,eff983792ee069c74904dfc34dbfc3ab2b0d479b456825cf496b8f6bf46311d1,eff983792ee069c74904dfc34dbfc3ab2b0d479b456825cf496b8f6bf46311d1,unchanged
public_release/spine-divider-residuals/results/phase05/phase05_summary.csv,public_release\spine-divider-residuals,1867,1867,8d3b2242404523fb845342e50b71036cabe3b4bfcb59acb694a8ca40769ef41b,8d3b2242404523fb845342e50b71036cabe3b4bfcb59acb694a8ca40769ef41b,unchanged
public_release/spine-divider-residuals/results/phase05/phase05_validation.csv,public_release\spine-divider-residuals,444,444,b28d5458c9dbb96a5d9030a4eb641fec2348c185ee7d6fd4851484c93d51c165,b28d5458c9dbb96a5d9030a4eb641fec2348c185ee7d6fd4851484c93d51c165,unchanged
public_release/spine-divider-residuals/results/phase05/predictor_comparison.csv,public_release\spine-divider-residuals,37735,37735,546f18f29cb0e1e99006f888e0aad848d48c51c137b4fe544bc069f19542034e,546f18f29cb0e1e99006f888e0aad848d48c51c137b4fe544bc069f19542034e,unchanged
public_release/spine-divider-residuals/results/phase05/radius_uncertainty_class_stability.csv,public_release\spine-divider-residuals,10093,10093,efa77612fa05ff6259c00a0eaacd70f79efb9e04c915ed0515c9ab4cd7d4bace,efa77612fa05ff6259c00a0eaacd70f79efb9e04c915ed0515c9ab4cd7d4bace,unchanged
public_release/spine-divider-residuals/results/phase05/residual_analysis.csv,public_release\spine-divider-residuals,6293,6293,54bafd0650dc80204fa82f1d8005ed80dff581db501cbe27d6f4bab4b6457e00,54bafd0650dc80204fa82f1d8005ed80dff581db501cbe27d6f4bab4b6457e00,unchanged
public_release/spine-divider-residuals/results/phase05/uncertainty_decomposition.csv,public_release\spine-divider-residuals,15319,15319,9c4f61362d93d642973b74da3099a3853de8b0ca7f62a2ba0b53187fa5f365f2,9c4f61362d93d642973b74da3099a3853de8b0ca7f62a2ba0b53187fa5f365f2,unchanged
public_release/spine-divider-residuals/results/phase05/uncertainty_distributions.csv,public_release\spine-divider-residuals,1527,1527,7ce89efad2ca137fa6fad198925175142633e742631809fdcd478697cc74c400,7ce89efad2ca137fa6fad198925175142633e742631809fdcd478697cc74c400,unchanged
public_release/spine-divider-residuals/results/phase05/uncertainty_summary.csv,public_release\spine-divider-residuals,1878,1878,1e95f473fa54b8b171c409d3903d156e3a728d85813ae2ddcff81c9a87770825,1e95f473fa54b8b171c409d3903d156e3a728d85813ae2ddcff81c9a87770825,unchanged
public_release/spine-divider-residuals/results/phase05_1/claim_reassessment.csv,public_release\spine-divider-residuals,1158,1158,d5cbab68b30c0612368beb9088fb462209a95f0f03146e7a74a9edc936bef5da,d5cbab68b30c0612368beb9088fb462209a95f0f03146e7a74a9edc936bef5da,unchanged
public_release/spine-divider-residuals/results/phase05_1/convergence_cause_diagnostics.csv,public_release\spine-divider-residuals,1214,1214,1b9f319fa26039b4d348b1c2b19d9945ce0d13656417b712f7cc7e374d9399b2,1b9f319fa26039b4d348b1c2b19d9945ce0d13656417b712f7cc7e374d9399b2,unchanged
public_release/spine-divider-residuals/results/phase05_1/counterexample_prevalence_by_n.csv,public_release\spine-divider-residuals,1939,1939,fc0d766c589f3e6877c67a16beac5a0044ff68974b6cb46ac5e105d86ab1c2a1,fc0d766c589f3e6877c67a16beac5a0044ff68974b6cb46ac5e105d86ab1c2a1,unchanged
public_release/spine-divider-residuals/results/phase05_1/global_uncertainty_samples_N192.csv,public_release\spine-divider-residuals,131343,131343,71fce55d0d296db2c69deb8ebccaa2ac479e9da3ee99deb28977892dfdcefa54,71fce55d0d296db2c69deb8ebccaa2ac479e9da3ee99deb28977892dfdcefa54,unchanged
public_release/spine-divider-residuals/results/phase05_1/global_uncertainty_samples_N384.csv,public_release\spine-divider-residuals,262148,262148,ade5676015319c7a8adef8a4b5ea7b3ce77500901295d2f5d5d77076b771b1a7,ade5676015319c7a8adef8a4b5ea7b3ce77500901295d2f5d5d77076b771b1a7,unchanged
public_release/spine-divider-residuals/results/phase05_1/global_uncertainty_samples_N768.csv,public_release\spine-divider-residuals,523503,523503,fc26f412f0e8b44410897f6d03a6e3e524fb8232f70d94f531081960a6ccff7b,fc26f412f0e8b44410897f6d03a6e3e524fb8232f70d94f531081960a6ccff7b,unchanged
public_release/spine-divider-residuals/results/phase05_1/global_uncertainty_samples_N96.csv,public_release\spine-divider-residuals,65974,65974,9e7bf81837f7250ff7390da0b5c5bd022902e21890446dfc2398c8fe3f1fb72c,9e7bf81837f7250ff7390da0b5c5bd022902e21890446dfc2398c8fe3f1fb72c,unchanged
public_release/spine-divider-residuals/results/phase05_1/phase05_1_validation.csv,public_release\spine-divider-residuals,416,416,6879bdb970780ec95660e92d12a7102e5cc71f1d8784d904ea390162b8e31349,6879bdb970780ec95660e92d12a7102e5cc71f1d8784d904ea390162b8e31349,unchanged
public_release/spine-divider-residuals/results/phase05_1/predictor_rankings_by_n.csv,public_release\spine-divider-residuals,55000,55000,adbf6723614118a4dd40c042ab931c8ffc208e37171d4baaf2e5b3c06dd27ae9,adbf6723614118a4dd40c042ab931c8ffc208e37171d4baaf2e5b3c06dd27ae9,unchanged
public_release/spine-divider-residuals/results/phase05_1/predictor_stability_summary.csv,public_release\spine-divider-residuals,10858,10858,c942dd1da81835d095f0511b70b8895042822e65e7970242e8b0826a6fe0f7ab,c942dd1da81835d095f0511b70b8895042822e65e7970242e8b0826a6fe0f7ab,unchanged
public_release/spine-divider-residuals/results/phase05_1/progressive_convergence_deltas.csv,public_release\spine-divider-residuals,10257,10257,e2697f45b5e5d9793a92c4721bf87f31b3bd81a8474ff042a481743369cefe1a,e2697f45b5e5d9793a92c4721bf87f31b3bd81a8474ff042a481743369cefe1a,unchanged
public_release/spine-divider-residuals/results/phase05_1/progressive_uncertainty_summary.csv,public_release\spine-divider-residuals,7420,7420,7f50d68ac1c4c8507eb72a573728deb697f7610e60fc0249cc45b9fd94c603ed,7f50d68ac1c4c8507eb72a573728deb697f7610e60fc0249cc45b9fd94c603ed,unchanged
public_release/spine-divider-residuals/results/phase05_1/radius_boundary_examples.csv,public_release\spine-divider-residuals,7237,7237,413f035bf08276e0923c4cd55f7f3300fa9f867b35f647007db469401c5e4af8,413f035bf08276e0923c4cd55f7f3300fa9f867b35f647007db469401c5e4af8,unchanged
public_release/spine-divider-residuals/results/phase05_1/radius_only_uncertainty.csv,public_release\spine-divider-residuals,260899,260899,b440b489813d93468ed6bf9b282c22909500523965c64333bda020a678aac4c4,b440b489813d93468ed6bf9b282c22909500523965c64333bda020a678aac4c4,unchanged
public_release/spine-divider-residuals/results/phase05_1/radius_uncertainty_by_n.csv,public_release\spine-divider-residuals,774,774,4f55bf130f1c2efe672173cdcd6b076e6ebc9274f0419325c3c06ef313fa8038,4f55bf130f1c2efe672173cdcd6b076e6ebc9274f0419325c3c06ef313fa8038,unchanged
public_release/spine-divider-residuals/results/phase06/claim_classification.csv,public_release\spine-divider-residuals,1147,1147,d7ec2061d98c5d480fb84c40bdeb9c9e5b4e174f7169ea72759fcdba5510372e,d7ec2061d98c5d480fb84c40bdeb9c9e5b4e174f7169ea72759fcdba5510372e,unchanged
public_release/spine-divider-residuals/results/phase06/epilepsy_evidence_table.csv,public_release\spine-divider-residuals,5785,5785,a63ceeacffd0f32b30cbaa7c4a4be4cdfde745723b6e4dbca2022b792d6c982b,a63ceeacffd0f32b30cbaa7c4a4be4cdfde745723b6e4dbca2022b792d6c982b,unchanged
public_release/spine-divider-residuals/results/phase06/falsifiable_predictions.csv,public_release\spine-divider-residuals,834,834,57c6370b27518be70a2d7f66b3816cb9a21337d1ab80c7b18a84fed557ed94d8,57c6370b27518be70a2d7f66b3816cb9a21337d1ab80c7b18a84fed557ed94d8,unchanged
public_release/spine-divider-residuals/results/phase06/matched_baseline_comparisons.csv,public_release\spine-divider-residuals,27047,27047,b28578a18ff506d0fb811cfce5312da190eb035b376efed300b4d4f78ae02d21,b28578a18ff506d0fb811cfce5312da190eb035b376efed300b4d4f78ae02d21,unchanged
public_release/spine-divider-residuals/results/phase06/mechanistic_decomposition.csv,public_release\spine-divider-residuals,1493,1493,87f518abe66d617fb8d9f62010f282ef91e0265dd300894706b1b6c81c4028c4,87f518abe66d617fb8d9f62010f282ef91e0265dd300894706b1b6c81c4028c4,unchanged
public_release/spine-divider-residuals/results/phase06/phase06_validation.csv,public_release\spine-divider-residuals,603,603,45c060a6cff61328f2299d1163a7572c1e29af70c114d7f6058bb326d27860d9,45c060a6cff61328f2299d1163a7572c1e29af70c114d7f6058bb326d27860d9,unchanged
public_release/spine-divider-residuals/results/phase06/predictor_table.csv,public_release\spine-divider-residuals,4929,4929,cee86f61ef68b08048f84568399caab8fa23865522c09bd6339225cab68fecb9,cee86f61ef68b08048f84568399caab8fa23865522c09bd6339225cab68fecb9,unchanged
public_release/spine-divider-residuals/results/phase06/provenance_metadata.csv,public_release\spine-divider-residuals,164,164,e4c1b1604199bed111a30d3348446b098ccb2d200e7fcccab62af4f50abd1126,e4c1b1604199bed111a30d3348446b098ccb2d200e7fcccab62af4f50abd1126,unchanged
public_release/spine-divider-residuals/results/phase06/scenario_definitions.csv,public_release\spine-divider-residuals,2393,2393,29b5a187b437d62f1bc4283cb2811bef5d590cd24ad9663790743ea45c86df14,29b5a187b437d62f1bc4283cb2811bef5d590cd24ad9663790743ea45c86df14,unchanged
public_release/spine-divider-residuals/results/phase06/scenario_metrics.csv,public_release\spine-divider-residuals,19468,19468,db80ada87d39b79508aa0ffe4948d349b44bad8fcc6e058cbf0511d9b2fe32fd,db80ada87d39b79508aa0ffe4948d349b44bad8fcc6e058cbf0511d9b2fe32fd,unchanged
public_release/spine-divider-residuals/results/phase06/scenario_uncertainty_samples.csv,public_release\spine-divider-residuals,61480,61480,eb2d703121c130de9bb25e2270d4539d58abe18405bc78d681a34d15ad7a41fe,eb2d703121c130de9bb25e2270d4539d58abe18405bc78d681a34d15ad7a41fe,unchanged
public_release/spine-divider-residuals/results/phase06/scenario_uncertainty_summary.csv,public_release\spine-divider-residuals,6672,6672,bbefb5d70af3e879e76e7c9d6bb875f1ba91daeafb9ac22254d81f6b54ab966a,bbefb5d70af3e879e76e7c9d6bb875f1ba91daeafb9ac22254d81f6b54ab966a,unchanged
public_release/spine-divider-residuals/results/revision_restart/phase1/diagnostic_figures/phase1_absolute_residual_vs_smi.svg,public_release\spine-divider-residuals,288777,288777,43388477ca0c5502dacb7e910038f8887a2d54667d9327a089c7076d3a56b0bc,43388477ca0c5502dacb7e910038f8887a2d54667d9327a089c7076d3a56b0bc,unchanged
public_release/spine-divider-residuals/results/revision_restart/phase1/diagnostic_figures/phase1_observed_gamma_vs_smi.svg,public_release\spine-divider-residuals,290564,290564,b2c14fde52f87c1295becd6a2e4dd63512e923b4f44c8cf9486c5efa5e804a46,b2c14fde52f87c1295becd6a2e4dd63512e923b4f44c8cf9486c5efa5e804a46,unchanged
public_release/spine-divider-residuals/results/revision_restart/phase1/diagnostic_figures/phase1_observed_vs_divider.svg,public_release\spine-divider-residuals,290810,290810,558d81acdac846a8fc970d3f9f2e669d90327cb5c20d1592abda501c1bf3694b,558d81acdac846a8fc970d3f9f2e669d90327cb5c20d1592abda501c1bf3694b,unchanged
public_release/spine-divider-residuals/results/revision_restart/phase1/diagnostic_figures/phase1_residual_vs_smi.svg,public_release\spine-divider-residuals,288741,288741,75f350e976b0251b5ee2f4d5d6d431c019b12bfc98d1813e0f22e7d051cd0908,75f350e976b0251b5ee2f4d5d6d431c019b12bfc98d1813e0f22e7d051cd0908,unchanged
public_release/spine-divider-residuals/results/revision_restart/phase1/phase1_active_passive_residual_comparison.csv,public_release\spine-divider-residuals,1501,1501,0c3a10e28fd1be5f02f84c12ee1fcf33366a8c4a44113a47db22601735286324,0c3a10e28fd1be5f02f84c12ee1fcf33366a8c4a44113a47db22601735286324,unchanged
public_release/spine-divider-residuals/results/revision_restart/phase1/phase1_baseline_target_residuals.csv,public_release\spine-divider-residuals,1817,1817,839fdd22c12e7a5bbf0186e98dcffce32d04f2b0ddeb7b5789d381133873e380,839fdd22c12e7a5bbf0186e98dcffce32d04f2b0ddeb7b5789d381133873e380,unchanged
public_release/spine-divider-residuals/results/revision_restart/phase1/phase1_data_inventory.csv,public_release\spine-divider-residuals,20884,20884,05f43bd65ad585b2dc9829e3bdc0d179bba21c2b1c7124791ab106fc3a14c83b,05f43bd65ad585b2dc9829e3bdc0d179bba21c2b1c7124791ab106fc3a14c83b,unchanged
public_release/spine-divider-residuals/results/revision_restart/phase1/phase1_divider_residual_rows.csv,public_release\spine-divider-residuals,2209873,2209873,a66257070e126d29b1569c6522201bce80df840f22fd8d2e813379de92330dc6,a66257070e126d29b1569c6522201bce80df840f22fd8d2e813379de92330dc6,unchanged
public_release/spine-divider-residuals/results/revision_restart/phase1/phase1_divider_residual_summary_by_dataset.csv,public_release\spine-divider-residuals,6489,6489,2d72983402f7d348ea4dd476b910e8b8b00242a67b108c4d219aa8879b558a47,2d72983402f7d348ea4dd476b910e8b8b00242a67b108c4d219aa8879b558a47,unchanged
public_release/spine-divider-residuals/results/revision_restart/phase1/phase1_divider_residual_summary_by_regime.csv,public_release\spine-divider-residuals,6745,6745,8b75f3737841d34c0dad5fc35de775f16255805f193da8986f41c5b51bbf70cd,8b75f3737841d34c0dad5fc35de775f16255805f193da8986f41c5b51bbf70cd,unchanged
public_release/spine-divider-residuals/results/revision_restart/phase1/phase1_protected_hash_comparison.csv,public_release\spine-divider-residuals,31573,31573,0b1b2862c2e6a0beb4e9c8a529db72891b385b80f38a5241a680d5865b383d96,0b1b2862c2e6a0beb4e9c8a529db72891b385b80f38a5241a680d5865b383d96,unchanged
public_release/spine-divider-residuals/results/revision_restart/phase1/phase1_protected_hashes_after.csv,public_release\spine-divider-residuals,18914,18914,c846d88de4f079ed49f3eea007b186b811c042cb3a29bf4cfbb9fa9dcc25a509,c846d88de4f079ed49f3eea007b186b811c042cb3a29bf4cfbb9fa9dcc25a509,unchanged
public_release/spine-divider-residuals/results/revision_restart/phase1/phase1_protected_hashes_before.csv,public_release\spine-divider-residuals,19862,19862,68113d0ff8636abc79cf9093ec78f90f4bef08101d2d4df3f02744843762c8b3,68113d0ff8636abc79cf9093ec78f90f4bef08101d2d4df3f02744843762c8b3,unchanged
public_release/spine-divider-residuals/results/revision_restart/phase1/phase1_residual_outlier_cases.csv,public_release\spine-divider-residuals,24856,24856,062ecea7cb4a0d9144a79688c1db9240b1ce3c8aa23cbb1f917fd6773498bc5b,062ecea7cb4a0d9144a79688c1db9240b1ce3c8aa23cbb1f917fd6773498bc5b,unchanged
public_release/spine-divider-residuals/results/revision_restart/phase1/phase1_source_manifest.csv,public_release\spine-divider-residuals,55933,55933,2a8a67465ac6140606457f35672877b740bbec3d212d18cf487a213f7c36d1a7,2a8a67465ac6140606457f35672877b740bbec3d212d18cf487a213f7c36d1a7,unchanged
public_release/spine-divider-residuals/results/revision_restart/phase2/diagnostic_figures/phase2_attached_vs_omitted_rind.svg,public_release\spine-divider-residuals,289509,289509,ba2ab703d847d24151d17c5dedbf91ec6853a0d86d9b12acbe8dd3b06f3ae166,ba2ab703d847d24151d17c5dedbf91ec6853a0d86d9b12acbe8dd3b06f3ae166,unchanged
public_release/spine-divider-residuals/results/revision_restart/phase2/diagnostic_figures/phase2_attached_vs_omitted_smi.svg,public_release\spine-divider-residuals,286591,286591,1175bb4f2908daa40bbf590660ea0b89ede9ad4f88429da94d974dff19ffdfda,1175bb4f2908daa40bbf590660ea0b89ede9ad4f88429da94d974dff19ffdfda,unchanged
public_release/spine-divider-residuals/results/revision_restart/phase2/diagnostic_figures/phase2_observed_local_vs_gamma_divider.svg,public_release\spine-divider-residuals,289547,289547,eb45c7857256e99ae7bd1c73de65b2030d24c015e91277c39f368084d4750f26,eb45c7857256e99ae7bd1c73de65b2030d24c015e91277c39f368084d4750f26,unchanged
public_release/spine-divider-residuals/results/revision_restart/phase2/diagnostic_figures/phase2_residual_vs_dynamic_smi.svg,public_release\spine-divider-residuals,247980,247980,0e93ae01121ac65b20e70b24bf273c2cad002f29cc50fb2d4f0da813727e98eb,0e93ae01121ac65b20e70b24bf273c2cad002f29cc50fb2d4f0da813727e98eb,unchanged
public_release/spine-divider-residuals/results/revision_restart/phase2/diagnostic_figures/phase2_residual_vs_r_in_d.svg,public_release\spine-divider-residuals,289728,289728,ff9dc77dcdae8b8bbbff2c0f73e7abf979b29330d12a8d4c54b7f96957d5c604,ff9dc77dcdae8b8bbbff2c0f73e7abf979b29330d12a8d4c54b7f96957d5c604,unchanged
public_release/spine-divider-residuals/results/revision_restart/phase2/diagnostic_figures/phase2_residual_vs_r_neck.svg,public_release\spine-divider-residuals,288031,288031,fa7461f7b40c391e7d63b4d5b3a01b9a02525ce7dc10c88b4276d1713eb8de3c,fa7461f7b40c391e7d63b4d5b3a01b9a02525ce7dc10c88b4276d1713eb8de3c,unchanged
public_release/spine-divider-residuals/results/revision_restart/phase2/diagnostic_figures/phase2_residual_vs_smi.svg,public_release\spine-divider-residuals,287740,287740,9ad40d9b0ec0e2917532bafd64522a98598b4600da5eb2c03582ba5415229b64,9ad40d9b0ec0e2917532bafd64522a98598b4600da5eb2c03582ba5415229b64,unchanged
public_release/spine-divider-residuals/results/revision_restart/phase2/phase2_descriptor_recommendation_table.csv,public_release\spine-divider-residuals,31538,31538,e068b0dd23ce9f49ef811e8805cc40870a0167ea4e404168c168b838099e7e64,e068b0dd23ce9f49ef811e8805cc40870a0167ea4e404168c168b838099e7e64,unchanged
public_release/spine-divider-residuals/results/revision_restart/phase2/phase2_ratio_vs_components_model_comparison.csv,public_release\spine-divider-residuals,227992,227992,ade4418e90f4c2a611025048cddc083803cd741b5f1b4bc26f96c60bc93b3525,ade4418e90f4c2a611025048cddc083803cd741b5f1b4bc26f96c60bc93b3525,unchanged
public_release/spine-divider-residuals/results/revision_restart/phase2/phase2_residual_predictor_summary.csv,public_release\spine-divider-residuals,10278,10278,eaa7b54bca26ebdd6fb1f999249464ba2debbd015ccb174c9afe6f70aba1b6a5,eaa7b54bca26ebdd6fb1f999249464ba2debbd015ccb174c9afe6f70aba1b6a5,unchanged
public_release/spine-divider-residuals/results/revision_restart/phase2/phase2_scalar_descriptor_correlations.csv,public_release\spine-divider-residuals,104650,104650,5a65a730f8ef5c2955152eab286b07ad7eb0d5ba1e6c7edb3b4a0234a33cabdf,5a65a730f8ef5c2955152eab286b07ad7eb0d5ba1e6c7edb3b4a0234a33cabdf,unchanged
public_release/spine-divider-residuals/results/revision_restart/phase2/phase2_source_manifest.csv,public_release\spine-divider-residuals,29629,29629,5b9ef57cf4d766a6d2863f07ac94e1025062fa0b653d7af6732de0768056412e,5b9ef57cf4d766a6d2863f07ac94e1025062fa0b653d7af6732de0768056412e,unchanged
public_release/spine-divider-residuals/results/revision_restart/phase2/phase2_spine_omitted_vs_attached_rind.csv,public_release\spine-divider-residuals,2162975,2162975,e2f70ffcef8f6739d9970ae47cfd40bc2d8b044ea9bc4a582869f1c05791de27,e2f70ffcef8f6739d9970ae47cfd40bc2d8b044ea9bc4a582869f1c05791de27,unchanged
public_release/spine-divider-residuals/results/revision_restart/phase2/phase2_standardized_descriptor_table.csv,public_release\spine-divider-residuals,2896509,2896509,55ff2e55770fce1b264bc9e51d4be01bc4d2fa9b58f12f5f877dd2ef9a09ecb0,55ff2e55770fce1b264bc9e51d4be01bc4d2fa9b58f12f5f877dd2ef9a09ecb0,unchanged
public_release/spine-divider-residuals/results/revision_restart/phase2/phase2_target_specific_descriptor_summary.csv,public_release\spine-divider-residuals,23450,23450,c997fcaa96263da955e75a16af5777d1f2ba90da8ae9737a560c0516e755fc94,c997fcaa96263da955e75a16af5777d1f2ba90da8ae9737a560c0516e755fc94,unchanged
public_release/spine-divider-residuals/results/revision_restart/phase3/phase3_descriptive_sensitivity_summaries.csv,public_release\spine-divider-residuals,43420,43420,07b18bedcf6f6d52fbd33268375a472afbcd10cc5f8f779c3b9ab239263f1bf4,07b18bedcf6f6d52fbd33268375a472afbcd10cc5f8f779c3b9ab239263f1bf4,unchanged
public_release/spine-divider-residuals/results/revision_restart/phase3/phase3_design_permutation_checks.csv,public_release\spine-divider-residuals,2215,2215,dc6f297cc79268e9cece13832eb979ff8391fef352a5619cd4d2911605873af9,dc6f297cc79268e9cece13832eb979ff8391fef352a5619cd4d2911605873af9,unchanged
public_release/spine-divider-residuals/results/revision_restart/phase3/phase3_high_smi_coverage_audit.csv,public_release\spine-divider-residuals,4567,4567,da379076702fca255841730d7704632701d702e522f82c817711de4f616b5eea,da379076702fca255841730d7704632701d702e522f82c817711de4f616b5eea,unchanged
public_release/spine-divider-residuals/results/revision_restart/phase3/phase3_interval_classification.csv,public_release\spine-divider-residuals,21009,21009,6725000d09756ada3af31bc1337098b8b8afba49a8784f4d60ba6c32a342aa00,6725000d09756ada3af31bc1337098b8b8afba49a8784f4d60ba6c32a342aa00,unchanged
public_release/spine-divider-residuals/results/revision_restart/phase3/phase3_predictor_family_summary.csv,public_release\spine-divider-residuals,41826,41826,126904cd54b9498b764a11f5ace18c04dbc0582ff2c1f305a2484e8c1109a5b0,126904cd54b9498b764a11f5ace18c04dbc0582ff2c1f305a2484e8c1109a5b0,unchanged
public_release/spine-divider-residuals/results/revision_restart/phase4/diagnostic_figures/phase4_independent_trace_overlay.svg,public_release\spine-divider-residuals,122142,122142,0278c2b4a7ede817e191dc95041c57fc81f1156c613eb38f53b7c4f17cd84d3c,0278c2b4a7ede817e191dc95041c57fc81f1156c613eb38f53b7c4f17cd84d3c,unchanged
public_release/spine-divider-residuals/results/revision_restart/phase4/phase4_be_cn_peak_comparison.csv,public_release\spine-divider-residuals,2629,2629,a73bb2d6b674d5cddd0915a4641ff7ec6c24a31c820a68ff0b020f032ba7534a,a73bb2d6b674d5cddd0915a4641ff7ec6c24a31c820a68ff0b020f032ba7534a,unchanged
public_release/spine-divider-residuals/results/revision_restart/phase4/phase4_dc_analytic_benchmark.csv,public_release\spine-divider-residuals,2991,2991,ff93f0a52ecef1804eb52cdc0d5f083c4bee52661fea8fbf36f769428ced2dd6,ff93f0a52ecef1804eb52cdc0d5f083c4bee52661fea8fbf36f769428ced2dd6,unchanged
public_release/spine-divider-residuals/results/revision_restart/phase4/phase4_independent_matrix_benchmark.csv,public_release\spine-divider-residuals,4413,4413,16972c8221c0a3f3a2627af3a96852ab06ba88528d750e086c3889567e7f9272,16972c8221c0a3f3a2627af3a96852ab06ba88528d750e086c3889567e7f9272,unchanged
public_release/spine-divider-residuals/results/revision_restart/phase4/phase4_protected_hash_comparison.csv,public_release\spine-divider-residuals,31364,31364,6939c5faffef93ce9982c713b6b1a175fef42e6047374744d480a5c0453a76da,6939c5faffef93ce9982c713b6b1a175fef42e6047374744d480a5c0453a76da,unchanged
public_release/spine-divider-residuals/results/revision_restart/phase4/phase4_protected_hashes_after.csv,public_release\spine-divider-residuals,19715,19715,8338a0ceef86a6bbac367a51a80a80a539d3a7a804b18bd6b3bff774cdaff327,8338a0ceef86a6bbac367a51a80a80a539d3a7a804b18bd6b3bff774cdaff327,unchanged
public_release/spine-divider-residuals/results/revision_restart/phase4/phase4_protected_hashes_before.csv,public_release\spine-divider-residuals,19715,19715,8338a0ceef86a6bbac367a51a80a80a539d3a7a804b18bd6b3bff774cdaff327,8338a0ceef86a6bbac367a51a80a80a539d3a7a804b18bd6b3bff774cdaff327,unchanged
public_release/spine-divider-residuals/results/revision_restart/phase4/phase4_validation_summary.csv,public_release\spine-divider-residuals,799,799,2a9f84a02c0fa502740d434d86059f81a5b2ee3f9d26c28aa114653e4c1da253,2a9f84a02c0fa502740d434d86059f81a5b2ee3f9d26c28aa114653e4c1da253,unchanged
public_release/spine-divider-residuals/scripts/current_revision_delta/run_brian2_hosted_check.py,public_release\spine-divider-residuals,36482,36482,20825d0beab4a8b3300121e262ec2e309da74f0419aa9b0b1d9992507014dd75,20825d0beab4a8b3300121e262ec2e309da74f0419aa9b0b1d9992507014dd75,unchanged
public_release/spine-divider-residuals/scripts/current_revision_delta/run_current_revision_delta.py,public_release\spine-divider-residuals,81078,81078,5ae7009571f1e8a98c51ffe11ec1671466750f923fb9ae4c6605251c4e9c6690,5ae7009571f1e8a98c51ffe11ec1671466750f923fb9ae4c6605251c4e9c6690,unchanged
public_release/spine-divider-residuals/scripts/final_micro_cleanup/run_final_micro_cleanup.py,public_release\spine-divider-residuals,34411,34411,b4d1cb84757313450174dcbfea724675957bf52116c2f49ba7af31c2f97c8dd3,b4d1cb84757313450174dcbfea724675957bf52116c2f49ba7af31c2f97c8dd3,unchanged
public_release/spine-divider-residuals/scripts/final_submission/editorial_critique_revision.py,public_release\spine-divider-residuals,72455,72455,0c9769edbcb62075656faac177ae6e2946606213b0debf5a489f8a0f5b0a5b09,0c9769edbcb62075656faac177ae6e2946606213b0debf5a489f8a0f5b0a5b09,unchanged
public_release/spine-divider-residuals/scripts/final_submission/final_human_review_revision.py,public_release\spine-divider-residuals,18873,18873,2ebd9ffc61ebca91e74c91cae39ee40e38ca5f92841499e31029b2f63227ef25,2ebd9ffc61ebca91e74c91cae39ee40e38ca5f92841499e31029b2f63227ef25,unchanged
public_release/spine-divider-residuals/scripts/final_submission/final_visible_cleanup.py,public_release\spine-divider-residuals,40908,40908,783aa314c057dcce0b996d88b0f0f822a4c04368ddef82f32ad160713029625f,783aa314c057dcce0b996d88b0f0f822a4c04368ddef82f32ad160713029625f,unchanged
public_release/spine-divider-residuals/scripts/final_submission/finalize_submission_package.py,public_release\spine-divider-residuals,53791,53791,3c00840349201dfbad1b5833ff31551d3767676d0f5c19ee69e551b168746197,3c00840349201dfbad1b5833ff31551d3767676d0f5c19ee69e551b168746197,unchanged
public_release/spine-divider-residuals/scripts/make_checkpoint.py,public_release\spine-divider-residuals,1889,1889,45c1cbe6d4cce6ef470f7eafea7d0dc7acf8659ce5ca6c9de4bb2b70edd17190,45c1cbe6d4cce6ef470f7eafea7d0dc7acf8659ce5ca6c9de4bb2b70edd17190,unchanged
public_release/spine-divider-residuals/scripts/one_shot_final_revision/run_brian2_validation.py,public_release\spine-divider-residuals,36550,36550,78fde54ba9bdf4c335eaf6e3e281a35577b0a029b8fe6b9b882c49fd6d70b698,78fde54ba9bdf4c335eaf6e3e281a35577b0a029b8fe6b9b882c49fd6d70b698,unchanged
public_release/spine-divider-residuals/scripts/one_shot_final_revision/run_one_shot_final_revision.py,public_release\spine-divider-residuals,73013,73013,5d02be31a23f26c0c1dd89eed65d8ebce2054d557376119aab77ce6203d62677,5d02be31a23f26c0c1dd89eed65d8ebce2054d557376119aab77ce6203d62677,unchanged
public_release/spine-divider-residuals/scripts/reproduce_manuscript.py,public_release\spine-divider-residuals,308,308,c7da9bac462c1fd2a89fe67d62617f3dbf6221a7f4ab3427b96b4b1ddd2cd709,c7da9bac462c1fd2a89fe67d62617f3dbf6221a7f4ab3427b96b4b1ddd2cd709,unchanged
public_release/spine-divider-residuals/scripts/revision_restart/phase1_divider_residual_analysis.py,public_release\spine-divider-residuals,29725,29725,be1d2eb86de38c8b27aacb4aadd41fd8f33786ad80d247ed2e999e5bb94ba03b,be1d2eb86de38c8b27aacb4aadd41fd8f33786ad80d247ed2e999e5bb94ba03b,unchanged
public_release/spine-divider-residuals/scripts/revision_restart/phase2_descriptor_value_analysis.py,public_release\spine-divider-residuals,28824,28824,c8bee6391d206320fb7fb4ee2fc432fdc9349cc4d095ebe29b61007d1f63d7f4,c8bee6391d206320fb7fb4ee2fc432fdc9349cc4d095ebe29b61007d1f63d7f4,unchanged
public_release/spine-divider-residuals/scripts/revision_restart/phase3_statistical_reframing.py,public_release\spine-divider-residuals,43830,43830,c2ef9fdf1818b585d81a73e0425de7e74baebae3781365980bfe314769573075,c2ef9fdf1818b585d81a73e0425de7e74baebae3781365980bfe314769573075,unchanged
public_release/spine-divider-residuals/scripts/revision_restart/phase4_independent_matrix_benchmark.py,public_release\spine-divider-residuals,24966,24966,06124be397ac9b3f79a96589105c52e62a56f00ea4ab51222167d1624a335777,06124be397ac9b3f79a96589105c52e62a56f00ea4ab51222167d1624a335777,unchanged
public_release/spine-divider-residuals/scripts/revision_restart/phase4_validation_runner.py,public_release\spine-divider-residuals,9313,9313,c53dae97b8b891602abad82e6c807ccc3cd47fd61c091c9cf23a5a52c0131fe5,c53dae97b8b891602abad82e6c807ccc3cd47fd61c091c9cf23a5a52c0131fe5,unchanged
public_release/spine-divider-residuals/scripts/revision_restart/phase5_prepare_review_packages.py,public_release\spine-divider-residuals,40414,40414,e06118289413d403adb645b8b880743849872ba81ed0c28a38759caf57c9053d,e06118289413d403adb645b8b880743849872ba81ed0c28a38759caf57c9053d,unchanged
public_release/spine-divider-residuals/scripts/revision_restart/phase7_generate_divider_residual_figure.py,public_release\spine-divider-residuals,6632,6632,5d43e735baa14211e5724a5d8bd67c2cbca625fa0cc5980fac3f33d055bad4c2,5d43e735baa14211e5724a5d8bd67c2cbca625fa0cc5980fac3f33d055bad4c2,unchanged
public_release/spine-divider-residuals/scripts/revision_restart/phase8_final_qa_audit.py,public_release\spine-divider-residuals,19758,19758,7523a9b0e9e142a435c88a5811752ee08d5dc158283ddc447c1cbd192d67c5ce,7523a9b0e9e142a435c88a5811752ee08d5dc158283ddc447c1cbd192d67c5ce,unchanged
public_release/spine-divider-residuals/scripts/revision_restart/phase9_sync_review_packages.py,public_release\spine-divider-residuals,55585,55585,df215c37739ca012bfa4d0b0b9c14d75743b2b8e74e12027ae8d0fcedceea095,df215c37739ca012bfa4d0b0b9c14d75743b2b8e74e12027ae8d0fcedceea095,unchanged
public_release/spine-divider-residuals/scripts/revision_v2/r3_statistical_summaries.py,public_release\spine-divider-residuals,33339,33339,4d8e8990ff6130bb69da80a49338022f8a0cb5ac5f0a249020b040b3cc3f8fdc,4d8e8990ff6130bb69da80a49338022f8a0cb5ac5f0a249020b040b3cc3f8fdc,unchanged
public_release/spine-divider-residuals/scripts/revision_v2/r4_generate_publication_figures.py,public_release\spine-divider-residuals,48058,48058,e5ba16358f6314243938d6b0bbf396e13a9de6d7f2a320ea6a8e12a0f6aada79,e5ba16358f6314243938d6b0bbf396e13a9de6d7f2a320ea6a8e12a0f6aada79,unchanged
public_release/spine-divider-residuals/scripts/run_phase03.py,public_release\spine-divider-residuals,274,274,38112739a7f6ad39476231cf3e56d35e4b9edbffaadcf1638ad3a82067b14933,38112739a7f6ad39476231cf3e56d35e4b9edbffaadcf1638ad3a82067b14933,unchanged
public_release/spine-divider-residuals/scripts/run_phase04.py,public_release\spine-divider-residuals,274,274,5bc99baf6e9304a8f031a89806dd014a153efedd595be7665a9206b9a81e156b,5bc99baf6e9304a8f031a89806dd014a153efedd595be7665a9206b9a81e156b,unchanged
public_release/spine-divider-residuals/scripts/run_phase05.py,public_release\spine-divider-residuals,274,274,e58b75215020033e2128c79774f473831b88082a93bb3eddee4bd99a145fc22a,e58b75215020033e2128c79774f473831b88082a93bb3eddee4bd99a145fc22a,unchanged
public_release/spine-divider-residuals/scripts/run_phase05_1.py,public_release\spine-divider-residuals,280,280,b85114f7eb0d9b8fb4c3e9296ed93ced13b3c04eb5f6bbcf3ae0a9d174564112,b85114f7eb0d9b8fb4c3e9296ed93ced13b3c04eb5f6bbcf3ae0a9d174564112,unchanged
public_release/spine-divider-residuals/scripts/run_phase06.py,public_release\spine-divider-residuals,262,262,35486e713adcc6306786efb220a35443df829b9a7087daef12391a75c3446a0f,35486e713adcc6306786efb220a35443df829b9a7087daef12391a75c3446a0f,unchanged
public_release/spine-divider-residuals/src/spine/__init__.py,public_release\spine-divider-residuals,284,284,17e733f9c90fe30b88074d89265b8def182ca66208f82d94bf209a17c66b24bc,17e733f9c90fe30b88074d89265b8def182ca66208f82d94bf209a17c66b24bc,unchanged
public_release/spine-divider-residuals/src/spine/active.py,public_release\spine-divider-residuals,12653,12653,1d2cd0aa633fbf9c9da86c71a18febe337d537150e260f0cf5db55835f0e26fc,1d2cd0aa633fbf9c9da86c71a18febe337d537150e260f0cf5db55835f0e26fc,unchanged
public_release/spine-divider-residuals/src/spine/channels.py,public_release\spine-divider-residuals,9262,9262,b65c8dc8ebc7a5f1411dc0af5acd5dfbed1f04234009748817bcbe7b6043d5a7,b65c8dc8ebc7a5f1411dc0af5acd5dfbed1f04234009748817bcbe7b6043d5a7,unchanged
public_release/spine-divider-residuals/src/spine/cli.py,public_release\spine-divider-residuals,2735,2735,565549f3f2abeae096fd55aee0757b924eaed65d7fdb5b8ceb118053f3525e4b,565549f3f2abeae096fd55aee0757b924eaed65d7fdb5b8ceb118053f3525e4b,unchanged
public_release/spine-divider-residuals/src/spine/compartments.py,public_release\spine-divider-residuals,1086,1086,438a7e256391063ac0b817711e86544fe5144990f05a92af3e8e5092b3b2c812,438a7e256391063ac0b817711e86544fe5144990f05a92af3e8e5092b3b2c812,unchanged
public_release/spine-divider-residuals/src/spine/config.py,public_release\spine-divider-residuals,702,702,23213e43ee03972755fb0f0f65902f8157fcd3de11935efc3249266eaeacca0c,23213e43ee03972755fb0f0f65902f8157fcd3de11935efc3249266eaeacca0c,unchanged
public_release/spine-divider-residuals/src/spine/geometry.py,public_release\spine-divider-residuals,4234,4234,3e74adb91ad11297da96b222ad715852c0a9dcc0be0ae1c46480ae29bd940d68,3e74adb91ad11297da96b222ad715852c0a9dcc0be0ae1c46480ae29bd940d68,unchanged
public_release/spine-divider-residuals/src/spine/impedance.py,public_release\spine-divider-residuals,10918,10918,c8ee75e9ac7848c6dc78c2d0e9c245a020a1ef052d0b91b1fde98e507b2af483,c8ee75e9ac7848c6dc78c2d0e9c245a020a1ef052d0b91b1fde98e507b2af483,unchanged
public_release/spine-divider-residuals/src/spine/io.py,public_release\spine-divider-residuals,973,973,3bd7b060658286dc06b11e493b26ec7c81589617733c3936ed798aa4a18d438c,3bd7b060658286dc06b11e493b26ec7c81589617733c3936ed798aa4a18d438c,unchanged
public_release/spine-divider-residuals/src/spine/metrics.py,public_release\spine-divider-residuals,4279,4279,024af59bed7cb3d8480fb16bcf0d3fd2d301af516d2efd8e62f65b9e5a847722,024af59bed7cb3d8480fb16bcf0d3fd2d301af516d2efd8e62f65b9e5a847722,unchanged
public_release/spine-divider-residuals/src/spine/morphology.py,public_release\spine-divider-residuals,9062,9062,f9cf9271f5c88b878b31345459b5e63768b0939748220d0cc70c79c96d53beeb,f9cf9271f5c88b878b31345459b5e63768b0939748220d0cc70c79c96d53beeb,unchanged
public_release/spine-divider-residuals/src/spine/network.py,public_release\spine-divider-residuals,6076,6076,1f0e5cc86c30f1f2d587c1b67c2204ce2327e60ecbd12d75dad56589ae3c50f1,1f0e5cc86c30f1f2d587c1b67c2204ce2327e60ecbd12d75dad56589ae3c50f1,unchanged
public_release/spine-divider-residuals/src/spine/passive.py,public_release\spine-divider-residuals,7599,7599,19407d756e08303814ebc163d82641b7a66b684127f6b15632dc23f8d4c94254,19407d756e08303814ebc163d82641b7a66b684127f6b15632dc23f8d4c94254,unchanged
public_release/spine-divider-residuals/src/spine/phase03.py,public_release\spine-divider-residuals,29746,29746,154e151a214b7ce94ce37bfb81570de2d7d7c58d3bd86cc6ff12002a1fc4cf7b,154e151a214b7ce94ce37bfb81570de2d7d7c58d3bd86cc6ff12002a1fc4cf7b,unchanged
public_release/spine-divider-residuals/src/spine/phase04.py,public_release\spine-divider-residuals,31793,31793,1ed00065e85430996f7831c3085cdc545d39013e55bc6cf8a5deda295f344736,1ed00065e85430996f7831c3085cdc545d39013e55bc6cf8a5deda295f344736,unchanged
public_release/spine-divider-residuals/src/spine/phase05.py,public_release\spine-divider-residuals,42586,42586,6be8dc3faa6c234992f2ed37d42510ad04629c8f4cba581d210240a601cd0423,6be8dc3faa6c234992f2ed37d42510ad04629c8f4cba581d210240a601cd0423,unchanged
public_release/spine-divider-residuals/src/spine/phase05_1.py,public_release\spine-divider-residuals,25716,25716,69b0d453e58ec668964ea716babc092c0a31c382aa054e62b12eaad4be6744db,69b0d453e58ec668964ea716babc092c0a31c382aa054e62b12eaad4be6744db,unchanged
public_release/spine-divider-residuals/src/spine/phase06.py,public_release\spine-divider-residuals,45802,45802,016cfbcec53db54dcea3bf2570bcc3650e28b8cf176b0bc7c5b2bc11a7cc4282,016cfbcec53db54dcea3bf2570bcc3650e28b8cf176b0bc7c5b2bc11a7cc4282,unchanged
public_release/spine-divider-residuals/src/spine/plotting.py,public_release\spine-divider-residuals,1159,1159,95c26eb9924eff36868f963a089d95aa974d514b418e88d3416f741cdfe2c38f,95c26eb9924eff36868f963a089d95aa974d514b418e88d3416f741cdfe2c38f,unchanged
public_release/spine-divider-residuals/src/spine/protocols.py,public_release\spine-divider-residuals,26719,26719,5979da336c50cd03881d588a4a9b8f6de74070129d7128ffee5481358938009e,5979da336c50cd03881d588a4a9b8f6de74070129d7128ffee5481358938009e,unchanged
public_release/spine-divider-residuals/src/spine/sensitivity.py,public_release\spine-divider-residuals,67,67,31cef7f9022da0a5c9404d139d455b50c93a7175e2fe07e217f3064bf80d140c,31cef7f9022da0a5c9404d139d455b50c93a7175e2fe07e217f3064bf80d140c,unchanged
public_release/spine-divider-residuals/src/spine/solvers.py,public_release\spine-divider-residuals,130,130,2d6370b6ce09dd212086130c06fc63a624512df178629b1572ff2e04c3abf9c0,2d6370b6ce09dd212086130c06fc63a624512df178629b1572ff2e04c3abf9c0,unchanged
public_release/spine-divider-residuals/src/spine/sweeps.py,public_release\spine-divider-residuals,67,67,538b6d8ed78eb6d6b4a0d07c13c5776d1373b76a610b550a284ea031ec993ff4,538b6d8ed78eb6d6b4a0d07c13c5776d1373b76a610b550a284ea031ec993ff4,unchanged
public_release/spine-divider-residuals/src/spine/synapses.py,public_release\spine-divider-residuals,9326,9326,500fdb262c27c54301e04607e123d4f168ba1d36a78ec5391634076e2b881c42,500fdb262c27c54301e04607e123d4f168ba1d36a78ec5391634076e2b881c42,unchanged
public_release/spine-divider-residuals/src/spine/units.py,public_release\spine-divider-residuals,2154,2154,03d1758eb421d74c80543894f186683ef1106c81d3867c13ca60e5e7dfec0a45,03d1758eb421d74c80543894f186683ef1106c81d3867c13ca60e5e7dfec0a45,unchanged
public_release/spine-divider-residuals/src/spine/validation.py,public_release\spine-divider-residuals,76,76,0c40a14ac87df796db6971a3e5d8c7c496c709ce67a876f0333044b706ee1823,0c40a14ac87df796db6971a3e5d8c7c496c709ce67a876f0333044b706ee1823,unchanged
public_release/spine-divider-residuals/submission/final/CLAIM_NUMERIC_AUDIT.md,public_release\spine-divider-residuals,2458,2458,395b40e48ab81a3d17fae852c6583fc55cb87d8b7ac4dafc95b9a06a3fa1d389,395b40e48ab81a3d17fae852c6583fc55cb87d8b7ac4dafc95b9a06a3fa1d389,unchanged
public_release/spine-divider-residuals/submission/final/FIGURE_QA_REPORT.md,public_release\spine-divider-residuals,1432,1432,b77b8078210ef16b9aaa755cc2eb95c6b835da4f61649b5b9090a6ec44caba7c,b77b8078210ef16b9aaa755cc2eb95c6b835da4f61649b5b9090a6ec44caba7c,unchanged
public_release/spine-divider-residuals/submission/final/FINAL_HUMAN_README.md,public_release\spine-divider-residuals,1190,1190,38273dc257a285a1cdbc8b78d2f16a9fb6456cc01354d96dc95bb5b61c3c89e9,38273dc257a285a1cdbc8b78d2f16a9fb6456cc01354d96dc95bb5b61c3c89e9,unchanged
public_release/spine-divider-residuals/submission/final/FINAL_SUBMISSION_QA_REPORT.md,public_release\spine-divider-residuals,3195,3195,92ac8bbf8d896ed992380bd51ca6aa3efba0335a3d26494e6ed6e394770d5998,92ac8bbf8d896ed992380bd51ca6aa3efba0335a3d26494e6ed6e394770d5998,unchanged
public_release/spine-divider-residuals/submission/final/GITHUB_ACTION_REQUIRED.md,public_release\spine-divider-residuals,581,581,b70f81e3805eb800ba98f774a54a3cc4828b9e49e71047ac81187da74d2b8b54,b70f81e3805eb800ba98f774a54a3cc4828b9e49e71047ac81187da74d2b8b54,unchanged
public_release/spine-divider-residuals/submission/final/JOURNAL_STRATEGY.md,public_release\spine-divider-residuals,1692,1692,79fe36c7f8f7771fbfeef311c93920f417a5edae666397e5f9c6bc81ec257e63,79fe36c7f8f7771fbfeef311c93920f417a5edae666397e5f9c6bc81ec257e63,unchanged
public_release/spine-divider-residuals/submission/final/RELEASE_AUDIT.md,public_release\spine-divider-residuals,1536,1536,824c609b32a57f5f17ea300226cad66f341c4a578493e3dcfef003dd642dc814,824c609b32a57f5f17ea300226cad66f341c4a578493e3dcfef003dd642dc814,unchanged
public_release/spine-divider-residuals/submission/final/SUBMISSION_PORTAL_FIELD_GUIDE.md,public_release\spine-divider-residuals,5827,5827,69d0172b7e58911da812706a4bc50efd136b42f613e0f84acb7299d8b4c57380,69d0172b7e58911da812706a4bc50efd136b42f613e0f84acb7299d8b4c57380,unchanged
public_release/spine-divider-residuals/submission/final/ZENODO_DOI_ACTION_REQUIRED.md,public_release\spine-divider-residuals,1057,1057,772d21966fc116c1288507c3ad44bf127fd5cec4cde348a31811fa01a117bc5c,772d21966fc116c1288507c3ad44bf127fd5cec4cde348a31811fa01a117bc5c,unchanged
public_release/spine-divider-residuals/submission/nature_neuroscience/BUILD_INSTRUCTIONS.md,public_release\spine-divider-residuals,1592,1592,db896ce4183f7cb74a3b39ce3201345d3c653c9879b260a5ec5a21b05e325e35,db896ce4183f7cb74a3b39ce3201345d3c653c9879b260a5ec5a21b05e325e35,unchanged
public_release/spine-divider-residuals/submission/nature_neuroscience/CLAIM_TO_SOURCE_LEDGER.csv,public_release\spine-divider-residuals,7989,7989,fbb2c45fbc6bf606c71597c03b314753eebf2f1e6407ebc3bd1367515c64c44b,fbb2c45fbc6bf606c71597c03b314753eebf2f1e6407ebc3bd1367515c64c44b,unchanged
public_release/spine-divider-residuals/submission/nature_neuroscience/FIGURE_SOURCE_MANIFEST.csv,public_release\spine-divider-residuals,6341,6341,d9f29041f3adecf14ce968f6266b9d3421d8498ca4ca8a473a77f4836118174c,d9f29041f3adecf14ce968f6266b9d3421d8498ca4ca8a473a77f4836118174c,unchanged
public_release/spine-divider-residuals/submission/nature_neuroscience/FINAL_SUBMISSION_QA_REPORT.md,public_release\spine-divider-residuals,1240,1240,b17f7d7ea72f322da885ca67b9d955616fa4612e7c5fc7eaa54515b53a588b0b,b17f7d7ea72f322da885ca67b9d955616fa4612e7c5fc7eaa54515b53a588b0b,unchanged
public_release/spine-divider-residuals/submission/nature_neuroscience/JOURNAL_REQUIREMENTS_AUDIT.md,public_release\spine-divider-residuals,2030,2030,c2f8d5722f2a5d85a252d4363c3bc972da23cd32b5a8057a609231203f4ad13c,c2f8d5722f2a5d85a252d4363c3bc972da23cd32b5a8057a609231203f4ad13c,unchanged
public_release/spine-divider-residuals/submission/nature_neuroscience/Makefile,public_release\spine-divider-residuals,1239,1239,c5dffbe7456755683fa4ba643e5b9888be4c03ed9b446076c4d3dca9f49f8daa,c5dffbe7456755683fa4ba643e5b9888be4c03ed9b446076c4d3dca9f49f8daa,unchanged
public_release/spine-divider-residuals/submission/nature_neuroscience/NUMERICAL_VERIFICATION_REPORT.md,public_release\spine-divider-residuals,5789,5789,81068cb4d0bca70660743b1ff7a01a45c146d514cfd70a38f68ef6917adbcdfe,81068cb4d0bca70660743b1ff7a01a45c146d514cfd70a38f68ef6917adbcdfe,unchanged
public_release/spine-divider-residuals/submission/nature_neuroscience/SUBMISSION_CHECKLIST.md,public_release\spine-divider-residuals,1293,1293,632121003934c412dfac12d1fea6366874889018a24bf5177a17862a368a47a7,632121003934c412dfac12d1fea6366874889018a24bf5177a17862a368a47a7,unchanged
public_release/spine-divider-residuals/submission/nature_neuroscience/TABLE_SOURCE_MANIFEST.csv,public_release\spine-divider-residuals,3097,3097,5c87727ed46516480acbd860389be7ca865e0b5fefe6e3c136effb437750b164,5c87727ed46516480acbd860389be7ca865e0b5fefe6e3c136effb437750b164,unchanged
public_release/spine-divider-residuals/submission/nature_neuroscience/WORD_COUNT_AND_DISPLAY_ITEM_AUDIT.md,public_release\spine-divider-residuals,602,602,7f5d165f35e3c6765681ba52b371036b53311f2fae6513bae3020f890a81bfaa,7f5d165f35e3c6765681ba52b371036b53311f2fae6513bae3020f890a81bfaa,unchanged
public_release/spine-divider-residuals/submission/nature_neuroscience/build.ps1,public_release\spine-divider-residuals,3008,3008,dd0e59777c56bf43af43a9508c20b192f81c2d6f43b628c439923da544a02315,dd0e59777c56bf43af43a9508c20b192f81c2d6f43b628c439923da544a02315,unchanged
public_release/spine-divider-residuals/submission/nature_neuroscience/build.sh,public_release\spine-divider-residuals,2253,2253,aa6c95c8aa63994c9c3773ed794303793ea4402dd7e3a374dc34ca5ebc9e7215,aa6c95c8aa63994c9c3773ed794303793ea4402dd7e3a374dc34ca5ebc9e7215,unchanged
public_release/spine-divider-residuals/submission/nature_neuroscience/cover_letter.docx,public_release\spine-divider-residuals,37504,37504,2c988e8fc6e2d40e560b41ed4486bfee6f8377612cd0b71c4fcd5dfd3a1ab810,2c988e8fc6e2d40e560b41ed4486bfee6f8377612cd0b71c4fcd5dfd3a1ab810,unchanged
public_release/spine-divider-residuals/submission/nature_neuroscience/cover_letter.pdf,public_release\spine-divider-residuals,177405,177405,2bae6b531cde0529f129341238a9413f6f7fa8e23d3cfe184883cffe3efb1514,2bae6b531cde0529f129341238a9413f6f7fa8e23d3cfe184883cffe3efb1514,unchanged
public_release/spine-divider-residuals/submission/nature_neuroscience/extended_data/README.md,public_release\spine-divider-residuals,211,211,b115f108872796db5000fe8499068d9a01865dcb1635cf963f95f084b9cead22,b115f108872796db5000fe8499068d9a01865dcb1635cf963f95f084b9cead22,unchanged
public_release/spine-divider-residuals/submission/nature_neuroscience/figures/Fig1_architecture.pdf,public_release\spine-divider-residuals,56008,56008,162ccad468b689288f30312c3ef3e9ee626cae42c92ea78982d40db77f00a173,162ccad468b689288f30312c3ef3e9ee626cae42c92ea78982d40db77f00a173,unchanged
public_release/spine-divider-residuals/submission/nature_neuroscience/figures/Fig1_architecture.png,public_release\spine-divider-residuals,33139,33139,600ed674c83147bc0f87f1852d6a3c964e57f03e7d575f14cb172a9c53cf5d4b,600ed674c83147bc0f87f1852d6a3c964e57f03e7d575f14cb172a9c53cf5d4b,unchanged
public_release/spine-divider-residuals/submission/nature_neuroscience/figures/Fig1_architecture.svg,public_release\spine-divider-residuals,6676,6676,b470af1ac7b42fcba92a7a7480fb0bca3ab8c98f4b015f377b7475064e1cbac3,b470af1ac7b42fcba92a7a7480fb0bca3ab8c98f4b015f377b7475064e1cbac3,unchanged
public_release/spine-divider-residuals/submission/nature_neuroscience/figures/Fig2_baseline_traces.pdf,public_release\spine-divider-residuals,78215,78215,c007a47e8a91e32733d69e3a97969647003fda53a29d9214eb04be82d8aef163,c007a47e8a91e32733d69e3a97969647003fda53a29d9214eb04be82d8aef163,unchanged
public_release/spine-divider-residuals/submission/nature_neuroscience/figures/Fig2_baseline_traces.png,public_release\spine-divider-residuals,25110,25110,a86f5737c67998b6c31b8621fcd66f3c8a9d77bb3a04ba8d86a9c9d2bd09db96,a86f5737c67998b6c31b8621fcd66f3c8a9d77bb3a04ba8d86a9c9d2bd09db96,unchanged
public_release/spine-divider-residuals/submission/nature_neuroscience/figures/Fig2_baseline_traces.svg,public_release\spine-divider-residuals,1194114,1194114,e94bc84e209fdf3b38761d300122433b1ee15f82cc33229903100f8f775cb4e6,e94bc84e209fdf3b38761d300122433b1ee15f82cc33229903100f8f775cb4e6,unchanged
public_release/spine-divider-residuals/submission/nature_neuroscience/figures/Fig3_divider_residuals.pdf,public_release\spine-divider-residuals,130582,130582,42d6f9b68fe1bdbe05600e7d173099324e2b99dedaeb478fb17804eb1871c301,42d6f9b68fe1bdbe05600e7d173099324e2b99dedaeb478fb17804eb1871c301,unchanged
public_release/spine-divider-residuals/submission/nature_neuroscience/figures/Fig3_divider_residuals.png,public_release\spine-divider-residuals,618218,618218,016d1042588af951b5979e58f01fcb0a3485766f41a42dfb18b92d3e8425d932,016d1042588af951b5979e58f01fcb0a3485766f41a42dfb18b92d3e8425d932,unchanged
public_release/spine-divider-residuals/submission/nature_neuroscience/figures/Fig3_divider_residuals.svg,public_release\spine-divider-residuals,1305365,1305365,0290dd78d2437e5e20db111739aa0c9fe0cd85de255b224bd102d44caf1adaa8,0290dd78d2437e5e20db111739aa0c9fe0cd85de255b224bd102d44caf1adaa8,unchanged
public_release/spine-divider-residuals/submission/nature_neuroscience/figures/Fig3_load_normalization.pdf,public_release\spine-divider-residuals,85911,85911,2c983f47d011231bd8bc900188e13cfe172633e213fddddd7ba302e5bb955dad,2c983f47d011231bd8bc900188e13cfe172633e213fddddd7ba302e5bb955dad,unchanged
public_release/spine-divider-residuals/submission/nature_neuroscience/figures/Fig3_load_normalization.png,public_release\spine-divider-residuals,32419,32419,9e2246ed34ec45277ffddbcfa967e77457b68645d7fb00f5ad93dae6a58dbc9f,9e2246ed34ec45277ffddbcfa967e77457b68645d7fb00f5ad93dae6a58dbc9f,unchanged
public_release/spine-divider-residuals/submission/nature_neuroscience/figures/Fig3_load_normalization.svg,public_release\spine-divider-residuals,97936,97936,6f1db2e8d194c86531a8b4bc14af885cc54bede5c730cf7f291e5722f3568393,6f1db2e8d194c86531a8b4bc14af885cc54bede5c730cf7f291e5722f3568393,unchanged
public_release/spine-divider-residuals/submission/nature_neuroscience/figures/Fig4_passive_domain.pdf,public_release\spine-divider-residuals,83468,83468,a44d32086ed56b2e90e198a3e314d6da0373468cc5bdb00b05660dc7758b6388,a44d32086ed56b2e90e198a3e314d6da0373468cc5bdb00b05660dc7758b6388,unchanged
public_release/spine-divider-residuals/submission/nature_neuroscience/figures/Fig4_passive_domain.png,public_release\spine-divider-residuals,32132,32132,952ab9f7219d0f7f260a8211085a980d2a36cbd3f4e36c423568c2c8fb0befb7,952ab9f7219d0f7f260a8211085a980d2a36cbd3f4e36c423568c2c8fb0befb7,unchanged
public_release/spine-divider-residuals/submission/nature_neuroscience/figures/Fig4_passive_domain.svg,public_release\spine-divider-residuals,14156,14156,c36b726c07b141aded3bb31936a19bef90e541a2900c85b56a5a898c7093c5eb,c36b726c07b141aded3bb31936a19bef90e541a2900c85b56a5a898c7093c5eb,unchanged
public_release/spine-divider-residuals/submission/nature_neuroscience/figures/Fig5_passive_limitations.pdf,public_release\spine-divider-residuals,89337,89337,f49533973532c1f3a0588d34e4a32873687c80df11fa381771c762d5742e5032,f49533973532c1f3a0588d34e4a32873687c80df11fa381771c762d5742e5032,unchanged
public_release/spine-divider-residuals/submission/nature_neuroscience/figures/Fig5_passive_limitations.png,public_release\spine-divider-residuals,30748,30748,3a94a9d0347bc01c971f8585dc3eaf5c5000f59e953d928c3b250822671920c6,3a94a9d0347bc01c971f8585dc3eaf5c5000f59e953d928c3b250822671920c6,unchanged
public_release/spine-divider-residuals/submission/nature_neuroscience/figures/Fig5_passive_limitations.svg,public_release\spine-divider-residuals,19332,19332,e0556eca7ee6abfd54a2de9940304057652dd32ae682cc1a258d5866225008b4,e0556eca7ee6abfd54a2de9940304057652dd32ae682cc1a258d5866225008b4,unchanged
public_release/spine-divider-residuals/submission/nature_neuroscience/figures/Fig6_active_domain.pdf,public_release\spine-divider-residuals,86585,86585,99a9f4fa666ef7c46962ab35a7ad310a32aa16bbd92d52ac633fdc130285ec8f,99a9f4fa666ef7c46962ab35a7ad310a32aa16bbd92d52ac633fdc130285ec8f,unchanged
public_release/spine-divider-residuals/submission/nature_neuroscience/figures/Fig6_active_domain.png,public_release\spine-divider-residuals,31134,31134,a57712a861f18a6ce8b0ce9071b854163bf4c507289bb847da035abff0d6c9cc,a57712a861f18a6ce8b0ce9071b854163bf4c507289bb847da035abff0d6c9cc,unchanged
public_release/spine-divider-residuals/submission/nature_neuroscience/figures/Fig6_active_domain.svg,public_release\spine-divider-residuals,23861,23861,d2c75967536dbf9302020f9694a37ba5ec34d8bc43ff639a0745ef7ca5a9769e,d2c75967536dbf9302020f9694a37ba5ec34d8bc43ff639a0745ef7ca5a9769e,unchanged
public_release/spine-divider-residuals/submission/nature_neuroscience/figures/Fig7_uncertainty_radius.pdf,public_release\spine-divider-residuals,83047,83047,53a2bfbc8355e2eaa82f7e3bce9cb250e88737b260929be97f6ea93b1a0cf8ec,53a2bfbc8355e2eaa82f7e3bce9cb250e88737b260929be97f6ea93b1a0cf8ec,unchanged
public_release/spine-divider-residuals/submission/nature_neuroscience/figures/Fig7_uncertainty_radius.png,public_release\spine-divider-residuals,33625,33625,7ff23c644f40ba11cad2902a9f13656642d6dacf6a431a45e411bddf731d9de6,7ff23c644f40ba11cad2902a9f13656642d6dacf6a431a45e411bddf731d9de6,unchanged
public_release/spine-divider-residuals/submission/nature_neuroscience/figures/Fig7_uncertainty_radius.svg,public_release\spine-divider-residuals,18170,18170,fdaaff1769b32019055f34c2518715b54847b750c7e43d39be9179fed2207e97,fdaaff1769b32019055f34c2518715b54847b750c7e43d39be9179fed2207e97,unchanged
public_release/spine-divider-residuals/submission/nature_neuroscience/figures/Fig8_summary.pdf,public_release\spine-divider-residuals,93692,93692,e2a1da6829971f3c146304aee937ecae026f373482e960f5f907c27212860e26,e2a1da6829971f3c146304aee937ecae026f373482e960f5f907c27212860e26,unchanged
public_release/spine-divider-residuals/submission/nature_neuroscience/figures/Fig8_summary.png,public_release\spine-divider-residuals,49360,49360,f891b5dd148eaa5b973a029ad6f9e755740987cd1a86be838fa4580df1394533,f891b5dd148eaa5b973a029ad6f9e755740987cd1a86be838fa4580df1394533,unchanged
public_release/spine-divider-residuals/submission/nature_neuroscience/figures/Fig8_summary.svg,public_release\spine-divider-residuals,10331,10331,6a78cb8d6b2f49ec5178eb14fa1254b761f11ab32861570ebf07b86ddba6fedc,6a78cb8d6b2f49ec5178eb14fa1254b761f11ab32861570ebf07b86ddba6fedc,unchanged
public_release/spine-divider-residuals/submission/nature_neuroscience/figures/FigS1_fixed_load_heatmap.pdf,public_release\spine-divider-residuals,76982,76982,a347a10de56fe410c572752d78f9ba261db68154dff7022d8679fa356e214b35,a347a10de56fe410c572752d78f9ba261db68154dff7022d8679fa356e214b35,unchanged
public_release/spine-divider-residuals/submission/nature_neuroscience/figures/FigS1_fixed_load_heatmap.png,public_release\spine-divider-residuals,22857,22857,83b93e2514ed56b0da50427877f9e4bfa0e0ec8eb4ce5d5b1b9289d11118d72e,83b93e2514ed56b0da50427877f9e4bfa0e0ec8eb4ce5d5b1b9289d11118d72e,unchanged
public_release/spine-divider-residuals/submission/nature_neuroscience/figures/FigS1_fixed_load_heatmap.svg,public_release\spine-divider-residuals,58551,58551,e1b113903cf64af6d700b587c2ac3fc5c39f01c324c2b6acd12344cc2d688c2d,e1b113903cf64af6d700b587c2ac3fc5c39f01c324c2b6acd12344cc2d688c2d,unchanged
public_release/spine-divider-residuals/submission/nature_neuroscience/figures/FigS2_dt_convergence.pdf,public_release\spine-divider-residuals,30597,30597,aabc6ec3a1c842c6a25b1e0e42bd98eb06f7a11b754011c79a28d9fd39e522bb,aabc6ec3a1c842c6a25b1e0e42bd98eb06f7a11b754011c79a28d9fd39e522bb,unchanged
public_release/spine-divider-residuals/submission/nature_neuroscience/figures/FigS2_dt_convergence.png,public_release\spine-divider-residuals,12672,12672,6ae83d2cf46c6e0c59d8caa95041813403470cb04e79ddfc8d06ec5ca01cf049,6ae83d2cf46c6e0c59d8caa95041813403470cb04e79ddfc8d06ec5ca01cf049,unchanged
public_release/spine-divider-residuals/submission/nature_neuroscience/figures/FigS2_dt_convergence.svg,public_release\spine-divider-residuals,3113,3113,9747da72b874aac4df8ac071cd7e8f1a1dc6d2d90a10ae040d0f30020f182bae,9747da72b874aac4df8ac071cd7e8f1a1dc6d2d90a10ae040d0f30020f182bae,unchanged
public_release/spine-divider-residuals/submission/nature_neuroscience/figures/FigS3_spatial_convergence.pdf,public_release\spine-divider-residuals,31330,31330,f1f0a9885a43315fc26c1c04f14d4a1ecf25ac4595b682ea055635625d50dfb5,f1f0a9885a43315fc26c1c04f14d4a1ecf25ac4595b682ea055635625d50dfb5,unchanged
public_release/spine-divider-residuals/submission/nature_neuroscience/figures/FigS3_spatial_convergence.png,public_release\spine-divider-residuals,14674,14674,64cb12de67c4dd081302cbc802bba10dee07fad0b37fd2500dff5cac92f021e2,64cb12de67c4dd081302cbc802bba10dee07fad0b37fd2500dff5cac92f021e2,unchanged
public_release/spine-divider-residuals/submission/nature_neuroscience/figures/FigS3_spatial_convergence.svg,public_release\spine-divider-residuals,3806,3806,7391fb0d2ba4461f588977b26cc9e8ef33f457fafaf0cda830b4f7c94df25abb,7391fb0d2ba4461f588977b26cc9e8ef33f457fafaf0cda830b4f7c94df25abb,unchanged
public_release/spine-divider-residuals/submission/nature_neuroscience/figures/FigS4_neck_models.pdf,public_release\spine-divider-residuals,28060,28060,7c92f0970c35fcbf8c666a780687c1ab3d7fb436c6b0168f4ed9521b48ff7b82,7c92f0970c35fcbf8c666a780687c1ab3d7fb436c6b0168f4ed9521b48ff7b82,unchanged
public_release/spine-divider-residuals/submission/nature_neuroscience/figures/FigS4_neck_models.png,public_release\spine-divider-residuals,11926,11926,34f29091309f42831b5aa2045b7a1a96af345e8438a135e12f5453fea0e59f3e,34f29091309f42831b5aa2045b7a1a96af345e8438a135e12f5453fea0e59f3e,unchanged
public_release/spine-divider-residuals/submission/nature_neuroscience/figures/FigS4_neck_models.svg,public_release\spine-divider-residuals,4247,4247,5f791708cf1c8cc85ed172dd9355ab9d099ece1b10ee30210e4a5b6d2cd40fca,5f791708cf1c8cc85ed172dd9355ab9d099ece1b10ee30210e4a5b6d2cd40fca,unchanged
public_release/spine-divider-residuals/submission/nature_neuroscience/figures/FigS5_smi_interval_width.pdf,public_release\spine-divider-residuals,28874,28874,e0cb1d24d109cb396156778ccd5dc753bffcf78c5469fed8309f93ecc4b06dc7,e0cb1d24d109cb396156778ccd5dc753bffcf78c5469fed8309f93ecc4b06dc7,unchanged
public_release/spine-divider-residuals/submission/nature_neuroscience/figures/FigS5_smi_interval_width.png,public_release\spine-divider-residuals,13287,13287,27f3c88ddbe3f4503e6950da171c23a63f98d3420d8f10ec4841c711b6b30402,27f3c88ddbe3f4503e6950da171c23a63f98d3420d8f10ec4841c711b6b30402,unchanged
public_release/spine-divider-residuals/submission/nature_neuroscience/figures/FigS5_smi_interval_width.svg,public_release\spine-divider-residuals,4103,4103,29e5721fd873d863866bee1a6b862bb435c28649874d5b1c43c9764cfa120eba,29e5721fd873d863866bee1a6b862bb435c28649874d5b1c43c9764cfa120eba,unchanged
public_release/spine-divider-residuals/submission/nature_neuroscience/figures/FigS6_active_protocol_strength.pdf,public_release\spine-divider-residuals,38391,38391,70b182c5ba4780e7fc43b89d941d8f547e22082d17702b541cfbd43d0260e142,70b182c5ba4780e7fc43b89d941d8f547e22082d17702b541cfbd43d0260e142,unchanged
public_release/spine-divider-residuals/submission/nature_neuroscience/figures/FigS6_active_protocol_strength.png,public_release\spine-divider-residuals,14535,14535,51bb131ef274a38939bc07ab7bb5715b8285f5703bb61e622fe49896d2c114e2,51bb131ef274a38939bc07ab7bb5715b8285f5703bb61e622fe49896d2c114e2,unchanged
public_release/spine-divider-residuals/submission/nature_neuroscience/figures/FigS6_active_protocol_strength.svg,public_release\spine-divider-residuals,6121,6121,c11492652a85cb0185ec070f823dd74c48f75ec4553aee32b68b0e9978d0ce06,c11492652a85cb0185ec070f823dd74c48f75ec4553aee32b68b0e9978d0ce06,unchanged
public_release/spine-divider-residuals/submission/nature_neuroscience/figures/FigS7_active_impedance.pdf,public_release\spine-divider-residuals,28906,28906,8d51c08ad5b6e9302c5201a4125b97bbbc66a74506a0206557412e57e2df13c8,8d51c08ad5b6e9302c5201a4125b97bbbc66a74506a0206557412e57e2df13c8,unchanged
public_release/spine-divider-residuals/submission/nature_neuroscience/figures/FigS7_active_impedance.png,public_release\spine-divider-residuals,12744,12744,d8d6a8e19d2dbf922416b579b94324de1439ff42c0b2c6d49c1738af333422fd,d8d6a8e19d2dbf922416b579b94324de1439ff42c0b2c6d49c1738af333422fd,unchanged
public_release/spine-divider-residuals/submission/nature_neuroscience/figures/FigS7_active_impedance.svg,public_release\spine-divider-residuals,5034,5034,c6d9226e66141307463223ea33e1eac50bd189fa67564e2266e83512ce3a89b8,c6d9226e66141307463223ea33e1eac50bd189fa67564e2266e83512ce3a89b8,unchanged
public_release/spine-divider-residuals/submission/nature_neuroscience/figures/FigS8_phase06_smi_amplitude.pdf,public_release\spine-divider-residuals,27738,27738,be0d34ddf5cf34be85cdea62ad6a978288b059d19c2aef82aaf34e6d4c223483,be0d34ddf5cf34be85cdea62ad6a978288b059d19c2aef82aaf34e6d4c223483,unchanged
public_release/spine-divider-residuals/submission/nature_neuroscience/figures/FigS8_phase06_smi_amplitude.png,public_release\spine-divider-residuals,9707,9707,bd429264bf43027f463fe9cdc73338e9abd24c203e33e3cf320ecca80cd1456d,bd429264bf43027f463fe9cdc73338e9abd24c203e33e3cf320ecca80cd1456d,unchanged
public_release/spine-divider-residuals/submission/nature_neuroscience/figures/FigS8_phase06_smi_amplitude.svg,public_release\spine-divider-residuals,5826,5826,52bd0fe8614350fb509d90b7f187a0b09a2f9e7dab00e0167afe54d17aabca9b,52bd0fe8614350fb509d90b7f187a0b09a2f9e7dab00e0167afe54d17aabca9b,unchanged
public_release/spine-divider-residuals/submission/nature_neuroscience/figures/FigS9_phase06_uncertainty.pdf,public_release\spine-divider-residuals,41668,41668,2e7ee066930706f86b93ebee26490c156ca5b5f32c902a1ef5b28bd3ca2ae213,2e7ee066930706f86b93ebee26490c156ca5b5f32c902a1ef5b28bd3ca2ae213,unchanged
public_release/spine-divider-residuals/submission/nature_neuroscience/figures/FigS9_phase06_uncertainty.png,public_release\spine-divider-residuals,17221,17221,21ca2c78d8a5e04c69bb8597d8f8eabaf3aa99ca488be5a77fbacc882bbd6902,21ca2c78d8a5e04c69bb8597d8f8eabaf3aa99ca488be5a77fbacc882bbd6902,unchanged
public_release/spine-divider-residuals/submission/nature_neuroscience/figures/FigS9_phase06_uncertainty.svg,public_release\spine-divider-residuals,11032,11032,342d93ef81710b08fd42939bb4f9ea3bfae419ebb0c527ff77894fc588581c6a,342d93ef81710b08fd42939bb4f9ea3bfae419ebb0c527ff77894fc588581c6a,unchanged
public_release/spine-divider-residuals/submission/nature_neuroscience/figures_publication/Fig1_architecture.pdf,public_release\spine-divider-residuals,56008,56008,162ccad468b689288f30312c3ef3e9ee626cae42c92ea78982d40db77f00a173,162ccad468b689288f30312c3ef3e9ee626cae42c92ea78982d40db77f00a173,unchanged
public_release/spine-divider-residuals/submission/nature_neuroscience/figures_publication/Fig1_architecture.png,public_release\spine-divider-residuals,33139,33139,600ed674c83147bc0f87f1852d6a3c964e57f03e7d575f14cb172a9c53cf5d4b,600ed674c83147bc0f87f1852d6a3c964e57f03e7d575f14cb172a9c53cf5d4b,unchanged
public_release/spine-divider-residuals/submission/nature_neuroscience/figures_publication/Fig1_architecture.svg,public_release\spine-divider-residuals,6676,6676,b470af1ac7b42fcba92a7a7480fb0bca3ab8c98f4b015f377b7475064e1cbac3,b470af1ac7b42fcba92a7a7480fb0bca3ab8c98f4b015f377b7475064e1cbac3,unchanged
public_release/spine-divider-residuals/submission/nature_neuroscience/figures_publication/Fig2_baseline_traces.pdf,public_release\spine-divider-residuals,78215,78215,c007a47e8a91e32733d69e3a97969647003fda53a29d9214eb04be82d8aef163,c007a47e8a91e32733d69e3a97969647003fda53a29d9214eb04be82d8aef163,unchanged
public_release/spine-divider-residuals/submission/nature_neuroscience/figures_publication/Fig2_baseline_traces.png,public_release\spine-divider-residuals,25110,25110,a86f5737c67998b6c31b8621fcd66f3c8a9d77bb3a04ba8d86a9c9d2bd09db96,a86f5737c67998b6c31b8621fcd66f3c8a9d77bb3a04ba8d86a9c9d2bd09db96,unchanged
public_release/spine-divider-residuals/submission/nature_neuroscience/figures_publication/Fig2_baseline_traces.svg,public_release\spine-divider-residuals,1194114,1194114,e94bc84e209fdf3b38761d300122433b1ee15f82cc33229903100f8f775cb4e6,e94bc84e209fdf3b38761d300122433b1ee15f82cc33229903100f8f775cb4e6,unchanged
public_release/spine-divider-residuals/submission/nature_neuroscience/figures_publication/Fig3_divider_residuals.pdf,public_release\spine-divider-residuals,130582,130582,42d6f9b68fe1bdbe05600e7d173099324e2b99dedaeb478fb17804eb1871c301,42d6f9b68fe1bdbe05600e7d173099324e2b99dedaeb478fb17804eb1871c301,unchanged
public_release/spine-divider-residuals/submission/nature_neuroscience/figures_publication/Fig3_divider_residuals.png,public_release\spine-divider-residuals,618218,618218,016d1042588af951b5979e58f01fcb0a3485766f41a42dfb18b92d3e8425d932,016d1042588af951b5979e58f01fcb0a3485766f41a42dfb18b92d3e8425d932,unchanged
public_release/spine-divider-residuals/submission/nature_neuroscience/figures_publication/Fig3_divider_residuals.svg,public_release\spine-divider-residuals,1305365,1305365,0290dd78d2437e5e20db111739aa0c9fe0cd85de255b224bd102d44caf1adaa8,0290dd78d2437e5e20db111739aa0c9fe0cd85de255b224bd102d44caf1adaa8,unchanged
public_release/spine-divider-residuals/submission/nature_neuroscience/figures_publication/Fig3_load_normalization.pdf,public_release\spine-divider-residuals,85911,85911,2c983f47d011231bd8bc900188e13cfe172633e213fddddd7ba302e5bb955dad,2c983f47d011231bd8bc900188e13cfe172633e213fddddd7ba302e5bb955dad,unchanged
public_release/spine-divider-residuals/submission/nature_neuroscience/figures_publication/Fig3_load_normalization.png,public_release\spine-divider-residuals,32419,32419,9e2246ed34ec45277ffddbcfa967e77457b68645d7fb00f5ad93dae6a58dbc9f,9e2246ed34ec45277ffddbcfa967e77457b68645d7fb00f5ad93dae6a58dbc9f,unchanged
public_release/spine-divider-residuals/submission/nature_neuroscience/figures_publication/Fig3_load_normalization.svg,public_release\spine-divider-residuals,97936,97936,6f1db2e8d194c86531a8b4bc14af885cc54bede5c730cf7f291e5722f3568393,6f1db2e8d194c86531a8b4bc14af885cc54bede5c730cf7f291e5722f3568393,unchanged
public_release/spine-divider-residuals/submission/nature_neuroscience/figures_publication/Fig4_passive_domain.pdf,public_release\spine-divider-residuals,83468,83468,a44d32086ed56b2e90e198a3e314d6da0373468cc5bdb00b05660dc7758b6388,a44d32086ed56b2e90e198a3e314d6da0373468cc5bdb00b05660dc7758b6388,unchanged
public_release/spine-divider-residuals/submission/nature_neuroscience/figures_publication/Fig4_passive_domain.png,public_release\spine-divider-residuals,32132,32132,952ab9f7219d0f7f260a8211085a980d2a36cbd3f4e36c423568c2c8fb0befb7,952ab9f7219d0f7f260a8211085a980d2a36cbd3f4e36c423568c2c8fb0befb7,unchanged
public_release/spine-divider-residuals/submission/nature_neuroscience/figures_publication/Fig4_passive_domain.svg,public_release\spine-divider-residuals,14156,14156,c36b726c07b141aded3bb31936a19bef90e541a2900c85b56a5a898c7093c5eb,c36b726c07b141aded3bb31936a19bef90e541a2900c85b56a5a898c7093c5eb,unchanged
public_release/spine-divider-residuals/submission/nature_neuroscience/figures_publication/Fig5_passive_limitations.pdf,public_release\spine-divider-residuals,89337,89337,f49533973532c1f3a0588d34e4a32873687c80df11fa381771c762d5742e5032,f49533973532c1f3a0588d34e4a32873687c80df11fa381771c762d5742e5032,unchanged
public_release/spine-divider-residuals/submission/nature_neuroscience/figures_publication/Fig5_passive_limitations.png,public_release\spine-divider-residuals,30748,30748,3a94a9d0347bc01c971f8585dc3eaf5c5000f59e953d928c3b250822671920c6,3a94a9d0347bc01c971f8585dc3eaf5c5000f59e953d928c3b250822671920c6,unchanged
public_release/spine-divider-residuals/submission/nature_neuroscience/figures_publication/Fig5_passive_limitations.svg,public_release\spine-divider-residuals,19332,19332,e0556eca7ee6abfd54a2de9940304057652dd32ae682cc1a258d5866225008b4,e0556eca7ee6abfd54a2de9940304057652dd32ae682cc1a258d5866225008b4,unchanged
public_release/spine-divider-residuals/submission/nature_neuroscience/figures_publication/Fig6_active_domain.pdf,public_release\spine-divider-residuals,86585,86585,99a9f4fa666ef7c46962ab35a7ad310a32aa16bbd92d52ac633fdc130285ec8f,99a9f4fa666ef7c46962ab35a7ad310a32aa16bbd92d52ac633fdc130285ec8f,unchanged
public_release/spine-divider-residuals/submission/nature_neuroscience/figures_publication/Fig6_active_domain.png,public_release\spine-divider-residuals,31134,31134,a57712a861f18a6ce8b0ce9071b854163bf4c507289bb847da035abff0d6c9cc,a57712a861f18a6ce8b0ce9071b854163bf4c507289bb847da035abff0d6c9cc,unchanged
public_release/spine-divider-residuals/submission/nature_neuroscience/figures_publication/Fig6_active_domain.svg,public_release\spine-divider-residuals,23861,23861,d2c75967536dbf9302020f9694a37ba5ec34d8bc43ff639a0745ef7ca5a9769e,d2c75967536dbf9302020f9694a37ba5ec34d8bc43ff639a0745ef7ca5a9769e,unchanged
public_release/spine-divider-residuals/submission/nature_neuroscience/figures_publication/Fig7_uncertainty_radius.pdf,public_release\spine-divider-residuals,83047,83047,53a2bfbc8355e2eaa82f7e3bce9cb250e88737b260929be97f6ea93b1a0cf8ec,53a2bfbc8355e2eaa82f7e3bce9cb250e88737b260929be97f6ea93b1a0cf8ec,unchanged
public_release/spine-divider-residuals/submission/nature_neuroscience/figures_publication/Fig7_uncertainty_radius.png,public_release\spine-divider-residuals,33625,33625,7ff23c644f40ba11cad2902a9f13656642d6dacf6a431a45e411bddf731d9de6,7ff23c644f40ba11cad2902a9f13656642d6dacf6a431a45e411bddf731d9de6,unchanged
public_release/spine-divider-residuals/submission/nature_neuroscience/figures_publication/Fig7_uncertainty_radius.svg,public_release\spine-divider-residuals,18170,18170,fdaaff1769b32019055f34c2518715b54847b750c7e43d39be9179fed2207e97,fdaaff1769b32019055f34c2518715b54847b750c7e43d39be9179fed2207e97,unchanged
public_release/spine-divider-residuals/submission/nature_neuroscience/figures_publication/Fig8_summary.pdf,public_release\spine-divider-residuals,93692,93692,e2a1da6829971f3c146304aee937ecae026f373482e960f5f907c27212860e26,e2a1da6829971f3c146304aee937ecae026f373482e960f5f907c27212860e26,unchanged
public_release/spine-divider-residuals/submission/nature_neuroscience/figures_publication/Fig8_summary.png,public_release\spine-divider-residuals,49360,49360,f891b5dd148eaa5b973a029ad6f9e755740987cd1a86be838fa4580df1394533,f891b5dd148eaa5b973a029ad6f9e755740987cd1a86be838fa4580df1394533,unchanged
public_release/spine-divider-residuals/submission/nature_neuroscience/figures_publication/Fig8_summary.svg,public_release\spine-divider-residuals,10331,10331,6a78cb8d6b2f49ec5178eb14fa1254b761f11ab32861570ebf07b86ddba6fedc,6a78cb8d6b2f49ec5178eb14fa1254b761f11ab32861570ebf07b86ddba6fedc,unchanged
public_release/spine-divider-residuals/submission/nature_neuroscience/figures_publication/FigS1_fixed_load_heatmap.pdf,public_release\spine-divider-residuals,76982,76982,a347a10de56fe410c572752d78f9ba261db68154dff7022d8679fa356e214b35,a347a10de56fe410c572752d78f9ba261db68154dff7022d8679fa356e214b35,unchanged
public_release/spine-divider-residuals/submission/nature_neuroscience/figures_publication/FigS1_fixed_load_heatmap.png,public_release\spine-divider-residuals,22857,22857,83b93e2514ed56b0da50427877f9e4bfa0e0ec8eb4ce5d5b1b9289d11118d72e,83b93e2514ed56b0da50427877f9e4bfa0e0ec8eb4ce5d5b1b9289d11118d72e,unchanged
public_release/spine-divider-residuals/submission/nature_neuroscience/figures_publication/FigS1_fixed_load_heatmap.svg,public_release\spine-divider-residuals,58551,58551,e1b113903cf64af6d700b587c2ac3fc5c39f01c324c2b6acd12344cc2d688c2d,e1b113903cf64af6d700b587c2ac3fc5c39f01c324c2b6acd12344cc2d688c2d,unchanged
public_release/spine-divider-residuals/submission/nature_neuroscience/figures_publication/FigS2_dt_convergence.pdf,public_release\spine-divider-residuals,30597,30597,aabc6ec3a1c842c6a25b1e0e42bd98eb06f7a11b754011c79a28d9fd39e522bb,aabc6ec3a1c842c6a25b1e0e42bd98eb06f7a11b754011c79a28d9fd39e522bb,unchanged
public_release/spine-divider-residuals/submission/nature_neuroscience/figures_publication/FigS2_dt_convergence.png,public_release\spine-divider-residuals,12672,12672,6ae83d2cf46c6e0c59d8caa95041813403470cb04e79ddfc8d06ec5ca01cf049,6ae83d2cf46c6e0c59d8caa95041813403470cb04e79ddfc8d06ec5ca01cf049,unchanged
public_release/spine-divider-residuals/submission/nature_neuroscience/figures_publication/FigS2_dt_convergence.svg,public_release\spine-divider-residuals,3113,3113,9747da72b874aac4df8ac071cd7e8f1a1dc6d2d90a10ae040d0f30020f182bae,9747da72b874aac4df8ac071cd7e8f1a1dc6d2d90a10ae040d0f30020f182bae,unchanged
public_release/spine-divider-residuals/submission/nature_neuroscience/figures_publication/FigS3_spatial_convergence.pdf,public_release\spine-divider-residuals,31330,31330,f1f0a9885a43315fc26c1c04f14d4a1ecf25ac4595b682ea055635625d50dfb5,f1f0a9885a43315fc26c1c04f14d4a1ecf25ac4595b682ea055635625d50dfb5,unchanged
public_release/spine-divider-residuals/submission/nature_neuroscience/figures_publication/FigS3_spatial_convergence.png,public_release\spine-divider-residuals,14674,14674,64cb12de67c4dd081302cbc802bba10dee07fad0b37fd2500dff5cac92f021e2,64cb12de67c4dd081302cbc802bba10dee07fad0b37fd2500dff5cac92f021e2,unchanged
public_release/spine-divider-residuals/submission/nature_neuroscience/figures_publication/FigS3_spatial_convergence.svg,public_release\spine-divider-residuals,3806,3806,7391fb0d2ba4461f588977b26cc9e8ef33f457fafaf0cda830b4f7c94df25abb,7391fb0d2ba4461f588977b26cc9e8ef33f457fafaf0cda830b4f7c94df25abb,unchanged
public_release/spine-divider-residuals/submission/nature_neuroscience/figures_publication/FigS4_neck_models.pdf,public_release\spine-divider-residuals,28060,28060,7c92f0970c35fcbf8c666a780687c1ab3d7fb436c6b0168f4ed9521b48ff7b82,7c92f0970c35fcbf8c666a780687c1ab3d7fb436c6b0168f4ed9521b48ff7b82,unchanged
public_release/spine-divider-residuals/submission/nature_neuroscience/figures_publication/FigS4_neck_models.png,public_release\spine-divider-residuals,11926,11926,34f29091309f42831b5aa2045b7a1a96af345e8438a135e12f5453fea0e59f3e,34f29091309f42831b5aa2045b7a1a96af345e8438a135e12f5453fea0e59f3e,unchanged
public_release/spine-divider-residuals/submission/nature_neuroscience/figures_publication/FigS4_neck_models.svg,public_release\spine-divider-residuals,4247,4247,5f791708cf1c8cc85ed172dd9355ab9d099ece1b10ee30210e4a5b6d2cd40fca,5f791708cf1c8cc85ed172dd9355ab9d099ece1b10ee30210e4a5b6d2cd40fca,unchanged
public_release/spine-divider-residuals/submission/nature_neuroscience/figures_publication/FigS5_smi_interval_width.pdf,public_release\spine-divider-residuals,28874,28874,e0cb1d24d109cb396156778ccd5dc753bffcf78c5469fed8309f93ecc4b06dc7,e0cb1d24d109cb396156778ccd5dc753bffcf78c5469fed8309f93ecc4b06dc7,unchanged
public_release/spine-divider-residuals/submission/nature_neuroscience/figures_publication/FigS5_smi_interval_width.png,public_release\spine-divider-residuals,13287,13287,27f3c88ddbe3f4503e6950da171c23a63f98d3420d8f10ec4841c711b6b30402,27f3c88ddbe3f4503e6950da171c23a63f98d3420d8f10ec4841c711b6b30402,unchanged
public_release/spine-divider-residuals/submission/nature_neuroscience/figures_publication/FigS5_smi_interval_width.svg,public_release\spine-divider-residuals,4103,4103,29e5721fd873d863866bee1a6b862bb435c28649874d5b1c43c9764cfa120eba,29e5721fd873d863866bee1a6b862bb435c28649874d5b1c43c9764cfa120eba,unchanged
public_release/spine-divider-residuals/submission/nature_neuroscience/figures_publication/FigS6_active_protocol_strength.pdf,public_release\spine-divider-residuals,38391,38391,70b182c5ba4780e7fc43b89d941d8f547e22082d17702b541cfbd43d0260e142,70b182c5ba4780e7fc43b89d941d8f547e22082d17702b541cfbd43d0260e142,unchanged
public_release/spine-divider-residuals/submission/nature_neuroscience/figures_publication/FigS6_active_protocol_strength.png,public_release\spine-divider-residuals,14535,14535,51bb131ef274a38939bc07ab7bb5715b8285f5703bb61e622fe49896d2c114e2,51bb131ef274a38939bc07ab7bb5715b8285f5703bb61e622fe49896d2c114e2,unchanged
public_release/spine-divider-residuals/submission/nature_neuroscience/figures_publication/FigS6_active_protocol_strength.svg,public_release\spine-divider-residuals,6121,6121,c11492652a85cb0185ec070f823dd74c48f75ec4553aee32b68b0e9978d0ce06,c11492652a85cb0185ec070f823dd74c48f75ec4553aee32b68b0e9978d0ce06,unchanged
public_release/spine-divider-residuals/submission/nature_neuroscience/figures_publication/FigS7_active_impedance.pdf,public_release\spine-divider-residuals,28906,28906,8d51c08ad5b6e9302c5201a4125b97bbbc66a74506a0206557412e57e2df13c8,8d51c08ad5b6e9302c5201a4125b97bbbc66a74506a0206557412e57e2df13c8,unchanged
public_release/spine-divider-residuals/submission/nature_neuroscience/figures_publication/FigS7_active_impedance.png,public_release\spine-divider-residuals,12744,12744,d8d6a8e19d2dbf922416b579b94324de1439ff42c0b2c6d49c1738af333422fd,d8d6a8e19d2dbf922416b579b94324de1439ff42c0b2c6d49c1738af333422fd,unchanged
public_release/spine-divider-residuals/submission/nature_neuroscience/figures_publication/FigS7_active_impedance.svg,public_release\spine-divider-residuals,5034,5034,c6d9226e66141307463223ea33e1eac50bd189fa67564e2266e83512ce3a89b8,c6d9226e66141307463223ea33e1eac50bd189fa67564e2266e83512ce3a89b8,unchanged
public_release/spine-divider-residuals/submission/nature_neuroscience/figures_publication/FigS8_phase06_smi_amplitude.pdf,public_release\spine-divider-residuals,27738,27738,be0d34ddf5cf34be85cdea62ad6a978288b059d19c2aef82aaf34e6d4c223483,be0d34ddf5cf34be85cdea62ad6a978288b059d19c2aef82aaf34e6d4c223483,unchanged
public_release/spine-divider-residuals/submission/nature_neuroscience/figures_publication/FigS8_phase06_smi_amplitude.png,public_release\spine-divider-residuals,9707,9707,bd429264bf43027f463fe9cdc73338e9abd24c203e33e3cf320ecca80cd1456d,bd429264bf43027f463fe9cdc73338e9abd24c203e33e3cf320ecca80cd1456d,unchanged
public_release/spine-divider-residuals/submission/nature_neuroscience/figures_publication/FigS8_phase06_smi_amplitude.svg,public_release\spine-divider-residuals,5826,5826,52bd0fe8614350fb509d90b7f187a0b09a2f9e7dab00e0167afe54d17aabca9b,52bd0fe8614350fb509d90b7f187a0b09a2f9e7dab00e0167afe54d17aabca9b,unchanged
public_release/spine-divider-residuals/submission/nature_neuroscience/figures_publication/FigS9_phase06_uncertainty.pdf,public_release\spine-divider-residuals,41668,41668,2e7ee066930706f86b93ebee26490c156ca5b5f32c902a1ef5b28bd3ca2ae213,2e7ee066930706f86b93ebee26490c156ca5b5f32c902a1ef5b28bd3ca2ae213,unchanged
public_release/spine-divider-residuals/submission/nature_neuroscience/figures_publication/FigS9_phase06_uncertainty.png,public_release\spine-divider-residuals,17221,17221,21ca2c78d8a5e04c69bb8597d8f8eabaf3aa99ca488be5a77fbacc882bbd6902,21ca2c78d8a5e04c69bb8597d8f8eabaf3aa99ca488be5a77fbacc882bbd6902,unchanged
public_release/spine-divider-residuals/submission/nature_neuroscience/figures_publication/FigS9_phase06_uncertainty.svg,public_release\spine-divider-residuals,11032,11032,342d93ef81710b08fd42939bb4f9ea3bfae419ebb0c527ff77894fc588581c6a,342d93ef81710b08fd42939bb4f9ea3bfae419ebb0c527ff77894fc588581c6a,unchanged
public_release/spine-divider-residuals/submission/nature_neuroscience/main_blinded.tex,public_release\spine-divider-residuals,1335,1335,df03a21173d10326b9ca633ebf8eb377a0232e5f36db1715077ec81ca448fb83,df03a21173d10326b9ca633ebf8eb377a0232e5f36db1715077ec81ca448fb83,unchanged
public_release/spine-divider-residuals/submission/nature_neuroscience/main_unblinded.docx_UNAVAILABLE.txt,public_release\spine-divider-residuals,43,43,4da1a6259bd6885ab0ee2136be105435a8d0fb2a6150fa1f3e370ed9bcef542e,4da1a6259bd6885ab0ee2136be105435a8d0fb2a6150fa1f3e370ed9bcef542e,unchanged
public_release/spine-divider-residuals/submission/nature_neuroscience/main_unblinded.pdf,public_release\spine-divider-residuals,936078,936078,48eeca7b7c71adab978b180408fe00cf0cbd2a9aac0a179fa895da0c0938bb36,48eeca7b7c71adab978b180408fe00cf0cbd2a9aac0a179fa895da0c0938bb36,unchanged
public_release/spine-divider-residuals/submission/nature_neuroscience/main_unblinded.tex,public_release\spine-divider-residuals,631,631,8ad7e2c041fe1ebe3d687aed1aab8a871c72c36753106ac3488afc86ad832abd,8ad7e2c041fe1ebe3d687aed1aab8a871c72c36753106ac3488afc86ad832abd,unchanged
public_release/spine-divider-residuals/submission/nature_neuroscience/metadata.tex,public_release\spine-divider-residuals,1919,1919,2f8a48c78cecf9a6eff25737d23b80b5646b2096981001919efabf5ce206bed2,2f8a48c78cecf9a6eff25737d23b80b5646b2096981001919efabf5ce206bed2,unchanged
public_release/spine-divider-residuals/submission/nature_neuroscience/preamble.tex,public_release\spine-divider-residuals,1468,1468,7abfd3c0732f979b7b5a1540c2bb2fb8595643e141ea3aeddcc288d3e710bf27,7abfd3c0732f979b7b5a1540c2bb2fb8595643e141ea3aeddcc288d3e710bf27,unchanged
public_release/spine-divider-residuals/submission/nature_neuroscience/references.bib,public_release\spine-divider-residuals,12095,12095,9abcea1e4570831707abde0af2bc15c3df803771d1ad4e7d76fde50cf2b964b2,9abcea1e4570831707abde0af2bc15c3df803771d1ad4e7d76fde50cf2b964b2,unchanged
public_release/spine-divider-residuals/submission/nature_neuroscience/sections/abstract.tex,public_release\spine-divider-residuals,1104,1104,ed38249b832c57be7fb1eaeaa646d1c1c9f1555d48c23c8a52674e5dc5a7d947,ed38249b832c57be7fb1eaeaa646d1c1c9f1555d48c23c8a52674e5dc5a7d947,unchanged
public_release/spine-divider-residuals/submission/nature_neuroscience/sections/acknowledgments.tex,public_release\spine-divider-residuals,120,120,77675ee75618ef8f83b74b852f08b3af6e671394a291c6d366d03db40979404e,77675ee75618ef8f83b74b852f08b3af6e671394a291c6d366d03db40979404e,unchanged
public_release/spine-divider-residuals/submission/nature_neuroscience/sections/conclusions.tex,public_release\spine-divider-residuals,817,817,2993808163116df3c721b57e0d75fb36741129c1a80cd944e88cab408b25fd5d,2993808163116df3c721b57e0d75fb36741129c1a80cd944e88cab408b25fd5d,unchanged
public_release/spine-divider-residuals/submission/nature_neuroscience/sections/data_code_availability.tex,public_release\spine-divider-residuals,1771,1771,2502f77b2a8020cf3b5cedb73c761694e0fb0ae8539bdda61eced5fd71682f08,2502f77b2a8020cf3b5cedb73c761694e0fb0ae8539bdda61eced5fd71682f08,unchanged
public_release/spine-divider-residuals/submission/nature_neuroscience/sections/disclosures.tex,public_release\spine-divider-residuals,728,728,804f34f0249ba1c46653caa69c7d68a11c035c3390ef3147364ceb186abf95e2,804f34f0249ba1c46653caa69c7d68a11c035c3390ef3147364ceb186abf95e2,unchanged
public_release/spine-divider-residuals/submission/nature_neuroscience/sections/discussion.tex,public_release\spine-divider-residuals,7704,7704,e8c1b13f164319cbac419792c3495e48f7917da654c419fefa47b43bd0228c93,e8c1b13f164319cbac419792c3495e48f7917da654c419fefa47b43bd0228c93,unchanged
public_release/spine-divider-residuals/submission/nature_neuroscience/sections/introduction.tex,public_release\spine-divider-residuals,3844,3844,d750675b573f6a8cd9bbf961327a08cf6693ce68c193dd0a950a7516972b1117,d750675b573f6a8cd9bbf961327a08cf6693ce68c193dd0a950a7516972b1117,unchanged
public_release/spine-divider-residuals/submission/nature_neuroscience/sections/methods.tex,public_release\spine-divider-residuals,10059,10059,9ad29906003f1ccad552b9d12d4e42d323f466e77916c5a8773dab23378aadd3,9ad29906003f1ccad552b9d12d4e42d323f466e77916c5a8773dab23378aadd3,unchanged
public_release/spine-divider-residuals/submission/nature_neuroscience/sections/results.tex,public_release\spine-divider-residuals,15299,15299,7284ee0256617b62b953d0bbc2ab5e1d40e97a612f6e9debc3ec6b787c3d6e91,7284ee0256617b62b953d0bbc2ab5e1d40e97a612f6e9debc3ec6b787c3d6e91,unchanged
public_release/spine-divider-residuals/submission/nature_neuroscience/source_files.zip,public_release\spine-divider-residuals,5558324,5558324,f97482cf8c580d32ab2b611f45267dde92e1ccb9f32c571dd5d1ef23566df453,f97482cf8c580d32ab2b611f45267dde92e1ccb9f32c571dd5d1ef23566df453,unchanged
public_release/spine-divider-residuals/submission/nature_neuroscience/supplement.pdf,public_release\spine-divider-residuals,635045,635045,a9083d63025fddb9e579cf773f392bbf9985fd04e2968a73e902f728996329ef,a9083d63025fddb9e579cf773f392bbf9985fd04e2968a73e902f728996329ef,unchanged
public_release/spine-divider-residuals/submission/nature_neuroscience/supplement/figures/FigS1_fixed_load_heatmap.svg,public_release\spine-divider-residuals,58551,58551,e1b113903cf64af6d700b587c2ac3fc5c39f01c324c2b6acd12344cc2d688c2d,e1b113903cf64af6d700b587c2ac3fc5c39f01c324c2b6acd12344cc2d688c2d,unchanged
public_release/spine-divider-residuals/submission/nature_neuroscience/supplement/figures/FigS2_dt_convergence.svg,public_release\spine-divider-residuals,3113,3113,9747da72b874aac4df8ac071cd7e8f1a1dc6d2d90a10ae040d0f30020f182bae,9747da72b874aac4df8ac071cd7e8f1a1dc6d2d90a10ae040d0f30020f182bae,unchanged
public_release/spine-divider-residuals/submission/nature_neuroscience/supplement/figures/FigS3_spatial_convergence.svg,public_release\spine-divider-residuals,3806,3806,7391fb0d2ba4461f588977b26cc9e8ef33f457fafaf0cda830b4f7c94df25abb,7391fb0d2ba4461f588977b26cc9e8ef33f457fafaf0cda830b4f7c94df25abb,unchanged
public_release/spine-divider-residuals/submission/nature_neuroscience/supplement/figures/FigS4_neck_models.svg,public_release\spine-divider-residuals,4247,4247,5f791708cf1c8cc85ed172dd9355ab9d099ece1b10ee30210e4a5b6d2cd40fca,5f791708cf1c8cc85ed172dd9355ab9d099ece1b10ee30210e4a5b6d2cd40fca,unchanged
public_release/spine-divider-residuals/submission/nature_neuroscience/supplement/figures/FigS5_active_protocol_strength.svg,public_release\spine-divider-residuals,665,665,678aa94522a82093e591daf91941f0d62009d317fc5f5f7a9a89874132f7e506,678aa94522a82093e591daf91941f0d62009d317fc5f5f7a9a89874132f7e506,unchanged
public_release/spine-divider-residuals/submission/nature_neuroscience/supplement/figures/FigS5_smi_interval_width.svg,public_release\spine-divider-residuals,4103,4103,29e5721fd873d863866bee1a6b862bb435c28649874d5b1c43c9764cfa120eba,29e5721fd873d863866bee1a6b862bb435c28649874d5b1c43c9764cfa120eba,unchanged
public_release/spine-divider-residuals/submission/nature_neuroscience/supplement/figures/FigS6_active_impedance.svg,public_release\spine-divider-residuals,657,657,fe0307390fcb2ee00ffeb4efd85e926e30445c8b7cee6aab2b1e85e22c71108c,fe0307390fcb2ee00ffeb4efd85e926e30445c8b7cee6aab2b1e85e22c71108c,unchanged
public_release/spine-divider-residuals/submission/nature_neuroscience/supplement/figures/FigS6_active_protocol_strength.svg,public_release\spine-divider-residuals,6121,6121,c11492652a85cb0185ec070f823dd74c48f75ec4553aee32b68b0e9978d0ce06,c11492652a85cb0185ec070f823dd74c48f75ec4553aee32b68b0e9978d0ce06,unchanged
public_release/spine-divider-residuals/submission/nature_neuroscience/supplement/figures/FigS7_active_impedance.svg,public_release\spine-divider-residuals,5034,5034,c6d9226e66141307463223ea33e1eac50bd189fa67564e2266e83512ce3a89b8,c6d9226e66141307463223ea33e1eac50bd189fa67564e2266e83512ce3a89b8,unchanged
public_release/spine-divider-residuals/submission/nature_neuroscience/supplement/figures/FigS7_smi_interval_width.svg,public_release\spine-divider-residuals,660,660,40ff64dfceb66b8f18ba80968f64c9efc00dc9c7ae17bd148b954b3a30daf67f,40ff64dfceb66b8f18ba80968f64c9efc00dc9c7ae17bd148b954b3a30daf67f,unchanged
public_release/spine-divider-residuals/submission/nature_neuroscience/supplement/figures/FigS8_phase06_smi_amplitude.svg,public_release\spine-divider-residuals,5826,5826,52bd0fe8614350fb509d90b7f187a0b09a2f9e7dab00e0167afe54d17aabca9b,52bd0fe8614350fb509d90b7f187a0b09a2f9e7dab00e0167afe54d17aabca9b,unchanged
public_release/spine-divider-residuals/submission/nature_neuroscience/supplement/figures/FigS9_phase06_uncertainty.svg,public_release\spine-divider-residuals,11032,11032,342d93ef81710b08fd42939bb4f9ea3bfae419ebb0c527ff77894fc588581c6a,342d93ef81710b08fd42939bb4f9ea3bfae419ebb0c527ff77894fc588581c6a,unchanged
public_release/spine-divider-residuals/submission/nature_neuroscience/supplement/figures_pdf/FigS1_fixed_load_heatmap.pdf,public_release\spine-divider-residuals,76982,76982,a347a10de56fe410c572752d78f9ba261db68154dff7022d8679fa356e214b35,a347a10de56fe410c572752d78f9ba261db68154dff7022d8679fa356e214b35,unchanged
public_release/spine-divider-residuals/submission/nature_neuroscience/supplement/figures_pdf/FigS2_dt_convergence.pdf,public_release\spine-divider-residuals,30597,30597,aabc6ec3a1c842c6a25b1e0e42bd98eb06f7a11b754011c79a28d9fd39e522bb,aabc6ec3a1c842c6a25b1e0e42bd98eb06f7a11b754011c79a28d9fd39e522bb,unchanged
public_release/spine-divider-residuals/submission/nature_neuroscience/supplement/figures_pdf/FigS3_spatial_convergence.pdf,public_release\spine-divider-residuals,31330,31330,f1f0a9885a43315fc26c1c04f14d4a1ecf25ac4595b682ea055635625d50dfb5,f1f0a9885a43315fc26c1c04f14d4a1ecf25ac4595b682ea055635625d50dfb5,unchanged
public_release/spine-divider-residuals/submission/nature_neuroscience/supplement/figures_pdf/FigS4_neck_models.pdf,public_release\spine-divider-residuals,28060,28060,7c92f0970c35fcbf8c666a780687c1ab3d7fb436c6b0168f4ed9521b48ff7b82,7c92f0970c35fcbf8c666a780687c1ab3d7fb436c6b0168f4ed9521b48ff7b82,unchanged
public_release/spine-divider-residuals/submission/nature_neuroscience/supplement/figures_pdf/FigS5_active_protocol_strength.pdf,public_release\spine-divider-residuals,1565,1565,db8fe4ecadb4f709c3306d927c832b894ceb2c02c5e688225d128d453255bfe5,db8fe4ecadb4f709c3306d927c832b894ceb2c02c5e688225d128d453255bfe5,unchanged
public_release/spine-divider-residuals/submission/nature_neuroscience/supplement/figures_pdf/FigS5_smi_interval_width.pdf,public_release\spine-divider-residuals,28874,28874,e0cb1d24d109cb396156778ccd5dc753bffcf78c5469fed8309f93ecc4b06dc7,e0cb1d24d109cb396156778ccd5dc753bffcf78c5469fed8309f93ecc4b06dc7,unchanged
public_release/spine-divider-residuals/submission/nature_neuroscience/supplement/figures_pdf/FigS6_active_impedance.pdf,public_release\spine-divider-residuals,1551,1551,05f6cee6607cf60f93ed7d885d370d7f856cd50b03c77832721a2a4b05ccdc43,05f6cee6607cf60f93ed7d885d370d7f856cd50b03c77832721a2a4b05ccdc43,unchanged
public_release/spine-divider-residuals/submission/nature_neuroscience/supplement/figures_pdf/FigS6_active_protocol_strength.pdf,public_release\spine-divider-residuals,38391,38391,70b182c5ba4780e7fc43b89d941d8f547e22082d17702b541cfbd43d0260e142,70b182c5ba4780e7fc43b89d941d8f547e22082d17702b541cfbd43d0260e142,unchanged
public_release/spine-divider-residuals/submission/nature_neuroscience/supplement/figures_pdf/FigS7_active_impedance.pdf,public_release\spine-divider-residuals,28906,28906,8d51c08ad5b6e9302c5201a4125b97bbbc66a74506a0206557412e57e2df13c8,8d51c08ad5b6e9302c5201a4125b97bbbc66a74506a0206557412e57e2df13c8,unchanged
public_release/spine-divider-residuals/submission/nature_neuroscience/supplement/figures_pdf/FigS7_smi_interval_width.pdf,public_release\spine-divider-residuals,1561,1561,3e335abba329f39da346c41f9d0d38678068ca9271b0bb1323850b2afed8fb5b,3e335abba329f39da346c41f9d0d38678068ca9271b0bb1323850b2afed8fb5b,unchanged
public_release/spine-divider-residuals/submission/nature_neuroscience/supplement/figures_pdf/FigS8_phase06_smi_amplitude.pdf,public_release\spine-divider-residuals,27738,27738,be0d34ddf5cf34be85cdea62ad6a978288b059d19c2aef82aaf34e6d4c223483,be0d34ddf5cf34be85cdea62ad6a978288b059d19c2aef82aaf34e6d4c223483,unchanged
public_release/spine-divider-residuals/submission/nature_neuroscience/supplement/figures_pdf/FigS9_phase06_uncertainty.pdf,public_release\spine-divider-residuals,41668,41668,2e7ee066930706f86b93ebee26490c156ca5b5f32c902a1ef5b28bd3ca2ae213,2e7ee066930706f86b93ebee26490c156ca5b5f32c902a1ef5b28bd3ca2ae213,unchanged
public_release/spine-divider-residuals/submission/nature_neuroscience/supplement/sections/active_mechanisms.tex,public_release\spine-divider-residuals,1808,1808,37e3643528374f6be1a9fa875913cc36aadba6ed2a66e267b26ed6ebe7cc8a39,37e3643528374f6be1a9fa875913cc36aadba6ed2a66e267b26ed6ebe7cc8a39,unchanged
public_release/spine-divider-residuals/submission/nature_neuroscience/supplement/sections/exploratory_phase06.tex,public_release\spine-divider-residuals,1591,1591,a4708a9a4b80879a397fa74098ca90b40bdcf1b65be279c7720c2cc0fd51513c,a4708a9a4b80879a397fa74098ca90b40bdcf1b65be279c7720c2cc0fd51513c,unchanged
public_release/spine-divider-residuals/submission/nature_neuroscience/supplement/sections/extended_equations.tex,public_release\spine-divider-residuals,2725,2725,28d04ca98641a653c80a5fb55743d3a532bd0a1c27aaffeba0bde54c15882743,28d04ca98641a653c80a5fb55743d3a532bd0a1c27aaffeba0bde54c15882743,unchanged
public_release/spine-divider-residuals/submission/nature_neuroscience/supplement/sections/extended_limitations.tex,public_release\spine-divider-residuals,1675,1675,5c769a4048415c952326fd58a831c10021410fc21a980b8fe954e5ae687f652a,5c769a4048415c952326fd58a831c10021410fc21a980b8fe954e5ae687f652a,unchanged
public_release/spine-divider-residuals/submission/nature_neuroscience/supplement/sections/numerical_validation.tex,public_release\spine-divider-residuals,4450,4450,e31bef4615a1f92d55349026bb3a8d337478bf955ed8f681680288782a1aec72,e31bef4615a1f92d55349026bb3a8d337478bf955ed8f681680288782a1aec72,unchanged
public_release/spine-divider-residuals/submission/nature_neuroscience/supplement/sections/release_environment_and_provenance.tex,public_release\spine-divider-residuals,1232,1232,9826bbcd72df4236f7cb5ba91de4683a72122466a11fceec1934f2dc1d0418dc,9826bbcd72df4236f7cb5ba91de4683a72122466a11fceec1934f2dc1d0418dc,unchanged
public_release/spine-divider-residuals/submission/nature_neuroscience/supplement/sections/reproducibility_commands.tex,public_release\spine-divider-residuals,1619,1619,223b0f4c512e177e8dfd1711905eeb8f73c2ab2fb1650f1c382821497bdb3dda,223b0f4c512e177e8dfd1711905eeb8f73c2ab2fb1650f1c382821497bdb3dda,unchanged
public_release/spine-divider-residuals/submission/nature_neuroscience/supplement/sections/uncertainty_identifiability.tex,public_release\spine-divider-residuals,2437,2437,7607122c0754ef5ca077df1f3fbf4b5819a2a302f423cd7d7568afdda5ff2d3d,7607122c0754ef5ca077df1f3fbf4b5819a2a302f423cd7d7568afdda5ff2d3d,unchanged
public_release/spine-divider-residuals/submission/nature_neuroscience/supplement/supplement.pdf,public_release\spine-divider-residuals,635045,635045,a9083d63025fddb9e579cf773f392bbf9985fd04e2968a73e902f728996329ef,a9083d63025fddb9e579cf773f392bbf9985fd04e2968a73e902f728996329ef,unchanged
public_release/spine-divider-residuals/submission/nature_neuroscience/supplement/supplement.tex,public_release\spine-divider-residuals,1272,1272,0a04724d2966e20a391d5759da4ad10378133610eecaf00e9154896dd6be2882,0a04724d2966e20a391d5759da4ad10378133610eecaf00e9154896dd6be2882,unchanged
public_release/spine-divider-residuals/submission/nature_neuroscience/supplement/tables/active_mechanism_reproducibility_map.tex,public_release\spine-divider-residuals,1552,1552,7e2c61940243fc7745759a253e5114b58558d132c66b5c724695dd06ca998043,7e2c61940243fc7745759a253e5114b58558d132c66b5c724695dd06ca998043,unchanged
public_release/spine-divider-residuals/submission/nature_neuroscience/supplement/tables/environment_versions.tex,public_release\spine-divider-residuals,2091,2091,d6d7d1beb4c041197aee38213250d5e1e3e07ab1541e13d57cfa02bad2fc1459,d6d7d1beb4c041197aee38213250d5e1e3e07ab1541e13d57cfa02bad2fc1459,unchanged
public_release/spine-divider-residuals/submission/nature_neuroscience/supplement/tables/high_rhol_stress_test_summary.tex,public_release\spine-divider-residuals,749,749,cd924ea9f1791bac1dca8c56f5649c3a3172079fe375c83bdb36b20c96ab1f93,cd924ea9f1791bac1dca8c56f5649c3a3172079fe375c83bdb36b20c96ab1f93,unchanged
public_release/spine-divider-residuals/submission/nature_neuroscience/supplement/tables/residual_metric_controls_expanded.tex,public_release\spine-divider-residuals,1140,1140,ce762c3edf2fe1c64572202dba068e0fc6454170f2c75e5c5426bdb6d7c214f0,ce762c3edf2fe1c64572202dba068e0fc6454170f2c75e5c5426bdb6d7c214f0,unchanged
public_release/spine-divider-residuals/submission/nature_neuroscience/supplement/tables/residual_rowclass_summary.tex,public_release\spine-divider-residuals,1655,1655,7cc35cb7e48c43da131164b6a293fa0cf2685bec01ef05f32432d5595d8c09e9,7cc35cb7e48c43da131164b6a293fa0cf2685bec01ef05f32432d5595d8c09e9,unchanged
public_release/spine-divider-residuals/submission/nature_neuroscience/supplement/tables/row_provenance_reconciled.tex,public_release\spine-divider-residuals,2649,2649,a3ad8ff461b279c79decc124718391965ef8346eb40f80ce05fffdee54062d98,a3ad8ff461b279c79decc124718391965ef8346eb40f80ce05fffdee54062d98,unchanged
public_release/spine-divider-residuals/submission/nature_neuroscience/supplement/tables/validation_coverage_by_row_class.tex,public_release\spine-divider-residuals,1526,1526,3d61ecc12bbf7faf3d4cd225980b6a5f9c05cd7dc24055025d6928f7fd99f48f,3d61ecc12bbf7faf3d4cd225980b6a5f9c05cd7dc24055025d6928f7fd99f48f,unchanged
public_release/spine-divider-residuals/submission/nature_neuroscience/tables/active_parameter_summary.tex,public_release\spine-divider-residuals,1373,1373,7e77c8742cd757cee974a26387bca4a43a2124f3640b96018c4ae800f5e3591e,7e77c8742cd757cee974a26387bca4a43a2124f3640b96018c4ae800f5e3591e,unchanged
public_release/spine-divider-residuals/submission/nature_neuroscience/tables/claim_summary.tex,public_release\spine-divider-residuals,2018,2018,0cdaf22159e00917ca72eb234d7b1439a546b590e92a1bf1fc4aa6900e329360,0cdaf22159e00917ca72eb234d7b1439a546b590e92a1bf1fc4aa6900e329360,unchanged
public_release/spine-divider-residuals/submission/nature_neuroscience/tables/parameters.tex,public_release\spine-divider-residuals,1560,1560,8b4319e7579f54e9fe59844cce43bee58382947155a25a384caca5cd3a1dd7ed,8b4319e7579f54e9fe59844cce43bee58382947155a25a384caca5cd3a1dd7ed,unchanged
public_release/spine-divider-residuals/submission/nature_neuroscience/tables/predictor_summary.tex,public_release\spine-divider-residuals,1535,1535,3e906cedf85c159b85fd666acb0357027a4b7fc9a207db974db6550efc3a5116,3e906cedf85c159b85fd666acb0357027a4b7fc9a207db974db6550efc3a5116,unchanged
public_release/spine-divider-residuals/submission/nature_neuroscience/tables/validation_summary.tex,public_release\spine-divider-residuals,2171,2171,3f165fd67ae56542d16e023e302a3b1b1f4151342dab804bfb9f5b4574c9a735,3f165fd67ae56542d16e023e302a3b1b1f4151342dab804bfb9f5b4574c9a735,unchanged
public_release/spine-divider-residuals/submission/nature_neuroscience/title_page.docx,public_release\spine-divider-residuals,37033,37033,ff3f397b34a66551809efaf4906c1f372b7795507feccaf42b7dc66fb74cbecf,ff3f397b34a66551809efaf4906c1f372b7795507feccaf42b7dc66fb74cbecf,unchanged
public_release/spine-divider-residuals/tests/test_config.py,public_release\spine-divider-residuals,760,760,820b813b8d707a9b32feae2f35d699684d7f96c30a138d2e6b0db0f7c9431f71,820b813b8d707a9b32feae2f35d699684d7f96c30a138d2e6b0db0f7c9431f71,unchanged
public_release/spine-divider-residuals/tests/test_import.py,public_release\spine-divider-residuals,164,164,78b67735ff3a56dfa1f8f6f398cd5940c62bd5ad9e4897fc9871a464f7a43bd1,78b67735ff3a56dfa1f8f6f398cd5940c62bd5ad9e4897fc9871a464f7a43bd1,unchanged
public_release/spine-divider-residuals/tests/test_phase01_passive_core.py,public_release\spine-divider-residuals,7483,7483,0204abcac10e20848ef2c26241476e9854b32f00347e77af37706f2ece1b60f5,0204abcac10e20848ef2c26241476e9854b32f00347e77af37706f2ece1b60f5,unchanged
public_release/spine-divider-residuals/tests/test_phase02_reproduction_outputs.py,public_release\spine-divider-residuals,2736,2736,619d0e6cb489ef6fefaa8220077a110aae2e28f61ad96fc133aa115499fc2f33,619d0e6cb489ef6fefaa8220077a110aae2e28f61ad96fc133aa115499fc2f33,unchanged
public_release/spine-divider-residuals/tests/test_phase03_morphology_impedance.py,public_release\spine-divider-residuals,4612,4612,d5551d9c812bfc34ae50fdc17f9028c03731180fda019720f656c160b3b1f298,d5551d9c812bfc34ae50fdc17f9028c03731180fda019720f656c160b3b1f298,unchanged
public_release/spine-divider-residuals/tests/test_phase04_active_nonlinear.py,public_release\spine-divider-residuals,4580,4580,d154f0c8ac61a817dbb65a45fcce6cda705083cd2eb427a69d2f552cfa43b025,d154f0c8ac61a817dbb65a45fcce6cda705083cd2eb427a69d2f552cfa43b025,unchanged
public_release/spine-divider-residuals/tests/test_phase05_1_convergence_audit.py,public_release\spine-divider-residuals,4552,4552,daa5d7ff94ebda1fb51960ef3133536f311b2b6180bb8b3d0d7ddcea9dfcc84a,daa5d7ff94ebda1fb51960ef3133536f311b2b6180bb8b3d0d7ddcea9dfcc84a,unchanged
public_release/spine-divider-residuals/tests/test_phase05_sensitivity_statistics.py,public_release\spine-divider-residuals,5608,5608,39198fb2b6906fc016f3337c1fef76606f32e9ee2c2289d0739b8b8f09622101,39198fb2b6906fc016f3337c1fef76606f32e9ee2c2289d0739b8b8f09622101,unchanged
public_release/spine-divider-residuals/tests/test_phase06_epilepsy_exploratory.py,public_release\spine-divider-residuals,4053,4053,2b04d4cd2c8cb4641de8c1434b3b311f9551ebaf24fa6fabf3b1d99ee2a1d46d,2b04d4cd2c8cb4641de8c1434b3b311f9551ebaf24fa6fabf3b1d99ee2a1d46d,unchanged
public_release/spine-divider-residuals/tests/test_phase07_release_package.py,public_release\spine-divider-residuals,4332,4332,3cce223a4a06f30064d15503d0dd95a3e33bc59d7c62556f5b78339ac615b4de,3cce223a4a06f30064d15503d0dd95a3e33bc59d7c62556f5b78339ac615b4de,unchanged
public_release/spine-divider-residuals/tests/test_phase08_manuscript_package.py,public_release\spine-divider-residuals,5100,5100,ebfc373e50bcc5a4d67a3ad59ded52d0d416a4ad66516f5577c58d360939a8b0,ebfc373e50bcc5a4d67a3ad59ded52d0d416a4ad66516f5577c58d360939a8b0,unchanged
public_release/spine-divider-residuals/tests/test_units.py,public_release\spine-divider-residuals,1027,1027,63e1d4fd807b4846192c079f03298a3eaa1ac8262359f2e026c19cf404992a81,63e1d4fd807b4846192c079f03298a3eaa1ac8262359f2e026c19cf404992a81,unchanged
results/phase02/Figure2_high_trace.csv,results\phase02,658764,658764,3e05c6c157863454d4dcc6f90f4083694021938249759168c5dd465a53a9f0cd,3e05c6c157863454d4dcc6f90f4083694021938249759168c5dd465a53a9f0cd,unchanged
results/phase02/Figure2_intermediate_trace.csv,results\phase02,774549,774549,c9771f5ea496243eef42f59071ddb147ed535d4bf1051879ee906221799e310b,c9771f5ea496243eef42f59071ddb147ed535d4bf1051879ee906221799e310b,unchanged
results/phase02/Figure2_low_trace.csv,results\phase02,650466,650466,83ea9915cdba70168e6f96fcef9c257b95d0dd2caa9e6b552c570aed5508a9cb,83ea9915cdba70168e6f96fcef9c257b95d0dd2caa9e6b552c570aed5508a9cb,unchanged
results/phase02/Figure2_representative_summary.csv,results\phase02,1413,1413,05b54a809885784b925e44b601f9ab35b5085a8037f89379702ef3b2ef17a9de,05b54a809885784b925e44b601f9ab35b5085a8037f89379702ef3b2ef17a9de,unchanged
results/phase02/Figure3_geometry_sweep.csv,results\phase02,64360,64360,53f9af48c9c989264ddde1ddbc73641e500c7bdc7746da83d21e4d7167770e71,53f9af48c9c989264ddde1ddbc73641e500c7bdc7746da83d21e4d7167770e71,unchanged
results/phase02/Figure4_matched_neck_heterogeneous_load.csv,results\phase02,4257,4257,84c626934fffcad79c122e0a4e13fd1634f4809b0716dc0c15c07ef2759a6ff8,84c626934fffcad79c122e0a4e13fd1634f4809b0716dc0c15c07ef2759a6ff8,unchanged
results/phase02/caption_discrepancy_table.csv,results\phase02,1267,1267,1353f37778dcacb07cbcc358e3839f405672cb26cb83b2f8419a7ffd148f2042,1353f37778dcacb07cbcc358e3839f405672cb26cb83b2f8419a7ffd148f2042,unchanged
results/phase02/central_smi_claim_tests.csv,results\phase02,462,462,17def8ee6e784c8b786c88333a05e2f6f815c834ed67ab947dc3416ed9cd7931,17def8ee6e784c8b786c88333a05e2f6f815c834ed67ab947dc3416ed9cd7931,unchanged
results/phase02/convergence_dt_intermediate.csv,results\phase02,747,747,d7ad673a84d304258818c02877651e3a8406aae221772d47b953f9b0f047ce26,d7ad673a84d304258818c02877651e3a8406aae221772d47b953f9b0f047ce26,unchanged
results/phase02/reproduction_parameters.csv,results\phase02,184,184,cdcb1088ee97512278805a811863c81a6ae356c16214ed32b159e014302eeb90,cdcb1088ee97512278805a811863c81a6ae356c16214ed32b159e014302eeb90,unchanged
results/phase03/chirp_validation.csv,results\phase03,552,552,b19a81425430a2186222b3d74de24cf687f61d2a8a19e843a4ce86c7ac0301ae,b19a81425430a2186222b3d74de24cf687f61d2a8a19e843a4ce86c7ac0301ae,unchanged
results/phase03/falsification_summary.csv,results\phase03,212,212,90c6b77b51a9388eba932adf0c0ca5eb56f52945601bdbc2bc0366affaf6d477,90c6b77b51a9388eba932adf0c0ca5eb56f52945601bdbc2bc0366affaf6d477,unchanged
results/phase03/impedance_spectrum.csv,results\phase03,3296,3296,c1c0f7a9ef0ad6c117a09245e0f57ab6d3c380d8e4bddac33e48366114b0e5fd,c1c0f7a9ef0ad6c117a09245e0f57ab6d3c380d8e4bddac33e48366114b0e5fd,unchanged
results/phase03/iso_transfer_counterexamples.csv,results\phase03,715,715,dcff0ccd239f480474e5cbac4b533bf02701ccd37442da8062cbf2cb608871fa,dcff0ccd239f480474e5cbac4b533bf02701ccd37442da8062cbf2cb608871fa,unchanged
results/phase03/neck_model_comparison.csv,results\phase03,915,915,76429064cd8b86446873079f241adfa773653c3ea0c3ba39e37ab75b281a2619,76429064cd8b86446873079f241adfa773653c3ea0c3ba39e37ab75b281a2619,unchanged
results/phase03/phase03_summary.csv,results\phase03,779,779,5f9a0d2aa253a0c700578e19147542733aff4ea699461e1efa271041363c3bbf,5f9a0d2aa253a0c700578e19147542733aff4ea699461e1efa271041363c3bbf,unchanged
results/phase03/predictor_comparison.csv,results\phase03,3036,3036,8c499f556a20003b14e39f50486930a123acdf3c3d210053ddc37073bb203320,8c499f556a20003b14e39f50486930a123acdf3c3d210053ddc37073bb203320,unchanged
results/phase03/sinusoidal_validation.csv,results\phase03,343,343,b8686d8e2ce52206042eebaeb3d13068de0c1f19aef979a07231bb53ab5b7660,b8686d8e2ce52206042eebaeb3d13068de0c1f19aef979a07231bb53ab5b7660,unchanged
results/phase03/smi_challenge_suite.csv,results\phase03,7439,7439,7667985213814eedfab5621fda7c208a532cd4bccb3662733491b664379b8199,7667985213814eedfab5621fda7c208a532cd4bccb3662733491b664379b8199,unchanged
results/phase03/spatial_convergence.csv,results\phase03,741,741,bac62771512dccfa9417c8c9a3e0657ba9ad19bf82e9a15d656909f79031f5ed,bac62771512dccfa9417c8c9a3e0657ba9ad19bf82e9a15d656909f79031f5ed,unchanged
results/phase04/active_falsification_summary.csv,results\phase04,1614,1614,0957c05364550121e18301badff32da7cecad424c94f24c58b55703d7f533f4e,0957c05364550121e18301badff32da7cecad424c94f24c58b55703d7f533f4e,unchanged
results/phase04/active_impedance_operating_point.csv,results\phase04,1658,1658,01241dd0013e6fe74bffdbd97890b616e928b61ab180479237285880b10b52c8,01241dd0013e6fe74bffdbd97890b616e928b61ab180479237285880b10b52c8,unchanged
results/phase04/active_multivariable_diagnostic.csv,results\phase04,473,473,676fee98bac5999b86b6087290d9f356cdd5e445e9a969d6fde580bd0b621889,676fee98bac5999b86b6087290d9f356cdd5e445e9a969d6fde580bd0b621889,unchanged
results/phase04/active_predictor_comparison.csv,results\phase04,27797,27797,5598013db0755e40ff2a9200c6b9facf4e2bdb45aa30aa579bd85cdc2c49baa4,5598013db0755e40ff2a9200c6b9facf4e2bdb45aa30aa579bd85cdc2c49baa4,unchanged
results/phase04/active_protocol_library.csv,results\phase04,5372,5372,953bb10520b03f1c3d6638ff84886a81cfe0ce582f47c8c0d425e33d4eaa9970,953bb10520b03f1c3d6638ff84886a81cfe0ce582f47c8c0d425e33d4eaa9970,unchanged
results/phase04/active_smi_challenge_suite.csv,results\phase04,24775,24775,2b3839a2b1b37aaeb00e26c662ac740da96d582dc24524323d7d8fc7d6af4257,2b3839a2b1b37aaeb00e26c662ac740da96d582dc24524323d7d8fc7d6af4257,unchanged
results/phase04/active_validation.csv,results\phase04,899,899,93c6738f2ad605a32650392894e4178f8e07632da4d91e5729c7995bde5ed0c0,93c6738f2ad605a32650392894e4178f8e07632da4d91e5729c7995bde5ed0c0,unchanged
results/phase04/phase04_summary.csv,results\phase04,2062,2062,d3b21eac8b11d41cccd2ef89813bc2ff1aacb75fd22cb3c20485407378da7ccc,d3b21eac8b11d41cccd2ef89813bc2ff1aacb75fd22cb3c20485407378da7ccc,unchanged
results/phase05/claim_robustness.csv,results\phase05,880,880,7d85a8f31021dff23dcc7a626aed841a1a66cd9d516fe95dfd691eaec62af37a,7d85a8f31021dff23dcc7a626aed841a1a66cd9d516fe95dfd691eaec62af37a,unchanged
results/phase05/counterexample_prevalence.csv,results\phase05,390,390,ce5c42872f9f683b5f5425f6f22372a1852102fba29f3ab1e2eadada5f5a9897,ce5c42872f9f683b5f5425f6f22372a1852102fba29f3ab1e2eadada5f5a9897,unchanged
results/phase05/global_uncertainty_samples.csv,results\phase05,65932,65932,d5888e404bceb04dc0e6ba14b51ddc841c3e2f1f8c052b3bcc847e7939db55d8,d5888e404bceb04dc0e6ba14b51ddc841c3e2f1f8c052b3bcc847e7939db55d8,unchanged
results/phase05/identifiability_degeneracy_examples.csv,results\phase05,21103,21103,cc96f5b27a370ad0775c70d060948cf9505644fb631df0b4dc3fafb2b5254064,cc96f5b27a370ad0775c70d060948cf9505644fb631df0b4dc3fafb2b5254064,unchanged
results/phase05/local_sensitivity.csv,results\phase05,29398,29398,eff983792ee069c74904dfc34dbfc3ab2b0d479b456825cf496b8f6bf46311d1,eff983792ee069c74904dfc34dbfc3ab2b0d479b456825cf496b8f6bf46311d1,unchanged
results/phase05/phase05_summary.csv,results\phase05,1867,1867,8d3b2242404523fb845342e50b71036cabe3b4bfcb59acb694a8ca40769ef41b,8d3b2242404523fb845342e50b71036cabe3b4bfcb59acb694a8ca40769ef41b,unchanged
results/phase05/phase05_validation.csv,results\phase05,444,444,b28d5458c9dbb96a5d9030a4eb641fec2348c185ee7d6fd4851484c93d51c165,b28d5458c9dbb96a5d9030a4eb641fec2348c185ee7d6fd4851484c93d51c165,unchanged
results/phase05/predictor_comparison.csv,results\phase05,37735,37735,546f18f29cb0e1e99006f888e0aad848d48c51c137b4fe544bc069f19542034e,546f18f29cb0e1e99006f888e0aad848d48c51c137b4fe544bc069f19542034e,unchanged
results/phase05/radius_uncertainty_class_stability.csv,results\phase05,10093,10093,efa77612fa05ff6259c00a0eaacd70f79efb9e04c915ed0515c9ab4cd7d4bace,efa77612fa05ff6259c00a0eaacd70f79efb9e04c915ed0515c9ab4cd7d4bace,unchanged
results/phase05/residual_analysis.csv,results\phase05,6293,6293,54bafd0650dc80204fa82f1d8005ed80dff581db501cbe27d6f4bab4b6457e00,54bafd0650dc80204fa82f1d8005ed80dff581db501cbe27d6f4bab4b6457e00,unchanged
results/phase05/uncertainty_decomposition.csv,results\phase05,15319,15319,9c4f61362d93d642973b74da3099a3853de8b0ca7f62a2ba0b53187fa5f365f2,9c4f61362d93d642973b74da3099a3853de8b0ca7f62a2ba0b53187fa5f365f2,unchanged
results/phase05/uncertainty_distributions.csv,results\phase05,1527,1527,7ce89efad2ca137fa6fad198925175142633e742631809fdcd478697cc74c400,7ce89efad2ca137fa6fad198925175142633e742631809fdcd478697cc74c400,unchanged
results/phase05/uncertainty_summary.csv,results\phase05,1878,1878,1e95f473fa54b8b171c409d3903d156e3a728d85813ae2ddcff81c9a87770825,1e95f473fa54b8b171c409d3903d156e3a728d85813ae2ddcff81c9a87770825,unchanged
results/phase05_1/claim_reassessment.csv,results\phase05_1,1158,1158,d5cbab68b30c0612368beb9088fb462209a95f0f03146e7a74a9edc936bef5da,d5cbab68b30c0612368beb9088fb462209a95f0f03146e7a74a9edc936bef5da,unchanged
results/phase05_1/convergence_cause_diagnostics.csv,results\phase05_1,1214,1214,1b9f319fa26039b4d348b1c2b19d9945ce0d13656417b712f7cc7e374d9399b2,1b9f319fa26039b4d348b1c2b19d9945ce0d13656417b712f7cc7e374d9399b2,unchanged
results/phase05_1/counterexample_prevalence_by_n.csv,results\phase05_1,1939,1939,fc0d766c589f3e6877c67a16beac5a0044ff68974b6cb46ac5e105d86ab1c2a1,fc0d766c589f3e6877c67a16beac5a0044ff68974b6cb46ac5e105d86ab1c2a1,unchanged
results/phase05_1/global_uncertainty_samples_N192.csv,results\phase05_1,131343,131343,71fce55d0d296db2c69deb8ebccaa2ac479e9da3ee99deb28977892dfdcefa54,71fce55d0d296db2c69deb8ebccaa2ac479e9da3ee99deb28977892dfdcefa54,unchanged
results/phase05_1/global_uncertainty_samples_N384.csv,results\phase05_1,262148,262148,ade5676015319c7a8adef8a4b5ea7b3ce77500901295d2f5d5d77076b771b1a7,ade5676015319c7a8adef8a4b5ea7b3ce77500901295d2f5d5d77076b771b1a7,unchanged
results/phase05_1/global_uncertainty_samples_N768.csv,results\phase05_1,523503,523503,fc26f412f0e8b44410897f6d03a6e3e524fb8232f70d94f531081960a6ccff7b,fc26f412f0e8b44410897f6d03a6e3e524fb8232f70d94f531081960a6ccff7b,unchanged
results/phase05_1/global_uncertainty_samples_N96.csv,results\phase05_1,65974,65974,9e7bf81837f7250ff7390da0b5c5bd022902e21890446dfc2398c8fe3f1fb72c,9e7bf81837f7250ff7390da0b5c5bd022902e21890446dfc2398c8fe3f1fb72c,unchanged
results/phase05_1/phase05_1_validation.csv,results\phase05_1,416,416,6879bdb970780ec95660e92d12a7102e5cc71f1d8784d904ea390162b8e31349,6879bdb970780ec95660e92d12a7102e5cc71f1d8784d904ea390162b8e31349,unchanged
results/phase05_1/predictor_rankings_by_n.csv,results\phase05_1,55000,55000,adbf6723614118a4dd40c042ab931c8ffc208e37171d4baaf2e5b3c06dd27ae9,adbf6723614118a4dd40c042ab931c8ffc208e37171d4baaf2e5b3c06dd27ae9,unchanged
results/phase05_1/predictor_stability_summary.csv,results\phase05_1,10858,10858,c942dd1da81835d095f0511b70b8895042822e65e7970242e8b0826a6fe0f7ab,c942dd1da81835d095f0511b70b8895042822e65e7970242e8b0826a6fe0f7ab,unchanged
results/phase05_1/progressive_convergence_deltas.csv,results\phase05_1,10257,10257,e2697f45b5e5d9793a92c4721bf87f31b3bd81a8474ff042a481743369cefe1a,e2697f45b5e5d9793a92c4721bf87f31b3bd81a8474ff042a481743369cefe1a,unchanged
results/phase05_1/progressive_uncertainty_summary.csv,results\phase05_1,7420,7420,7f50d68ac1c4c8507eb72a573728deb697f7610e60fc0249cc45b9fd94c603ed,7f50d68ac1c4c8507eb72a573728deb697f7610e60fc0249cc45b9fd94c603ed,unchanged
results/phase05_1/radius_boundary_examples.csv,results\phase05_1,7237,7237,413f035bf08276e0923c4cd55f7f3300fa9f867b35f647007db469401c5e4af8,413f035bf08276e0923c4cd55f7f3300fa9f867b35f647007db469401c5e4af8,unchanged
results/phase05_1/radius_only_uncertainty.csv,results\phase05_1,260899,260899,b440b489813d93468ed6bf9b282c22909500523965c64333bda020a678aac4c4,b440b489813d93468ed6bf9b282c22909500523965c64333bda020a678aac4c4,unchanged
results/phase05_1/radius_uncertainty_by_n.csv,results\phase05_1,774,774,4f55bf130f1c2efe672173cdcd6b076e6ebc9274f0419325c3c06ef313fa8038,4f55bf130f1c2efe672173cdcd6b076e6ebc9274f0419325c3c06ef313fa8038,unchanged
results/phase06/claim_classification.csv,results\phase06,1147,1147,d7ec2061d98c5d480fb84c40bdeb9c9e5b4e174f7169ea72759fcdba5510372e,d7ec2061d98c5d480fb84c40bdeb9c9e5b4e174f7169ea72759fcdba5510372e,unchanged
results/phase06/epilepsy_evidence_table.csv,results\phase06,5785,5785,a63ceeacffd0f32b30cbaa7c4a4be4cdfde745723b6e4dbca2022b792d6c982b,a63ceeacffd0f32b30cbaa7c4a4be4cdfde745723b6e4dbca2022b792d6c982b,unchanged
results/phase06/falsifiable_predictions.csv,results\phase06,834,834,57c6370b27518be70a2d7f66b3816cb9a21337d1ab80c7b18a84fed557ed94d8,57c6370b27518be70a2d7f66b3816cb9a21337d1ab80c7b18a84fed557ed94d8,unchanged
results/phase06/matched_baseline_comparisons.csv,results\phase06,27047,27047,b28578a18ff506d0fb811cfce5312da190eb035b376efed300b4d4f78ae02d21,b28578a18ff506d0fb811cfce5312da190eb035b376efed300b4d4f78ae02d21,unchanged
results/phase06/mechanistic_decomposition.csv,results\phase06,1493,1493,87f518abe66d617fb8d9f62010f282ef91e0265dd300894706b1b6c81c4028c4,87f518abe66d617fb8d9f62010f282ef91e0265dd300894706b1b6c81c4028c4,unchanged
results/phase06/phase06_validation.csv,results\phase06,603,603,45c060a6cff61328f2299d1163a7572c1e29af70c114d7f6058bb326d27860d9,45c060a6cff61328f2299d1163a7572c1e29af70c114d7f6058bb326d27860d9,unchanged
results/phase06/predictor_table.csv,results\phase06,4929,4929,cee86f61ef68b08048f84568399caab8fa23865522c09bd6339225cab68fecb9,cee86f61ef68b08048f84568399caab8fa23865522c09bd6339225cab68fecb9,unchanged
results/phase06/provenance_metadata.csv,results\phase06,164,164,e4c1b1604199bed111a30d3348446b098ccb2d200e7fcccab62af4f50abd1126,e4c1b1604199bed111a30d3348446b098ccb2d200e7fcccab62af4f50abd1126,unchanged
results/phase06/scenario_definitions.csv,results\phase06,2393,2393,29b5a187b437d62f1bc4283cb2811bef5d590cd24ad9663790743ea45c86df14,29b5a187b437d62f1bc4283cb2811bef5d590cd24ad9663790743ea45c86df14,unchanged
results/phase06/scenario_metrics.csv,results\phase06,19468,19468,db80ada87d39b79508aa0ffe4948d349b44bad8fcc6e058cbf0511d9b2fe32fd,db80ada87d39b79508aa0ffe4948d349b44bad8fcc6e058cbf0511d9b2fe32fd,unchanged
results/phase06/scenario_uncertainty_samples.csv,results\phase06,61480,61480,eb2d703121c130de9bb25e2270d4539d58abe18405bc78d681a34d15ad7a41fe,eb2d703121c130de9bb25e2270d4539d58abe18405bc78d681a34d15ad7a41fe,unchanged
results/phase06/scenario_uncertainty_summary.csv,results\phase06,6672,6672,bbefb5d70af3e879e76e7c9d6bb875f1ba91daeafb9ac22254d81f6b54ab966a,bbefb5d70af3e879e76e7c9d6bb875f1ba91daeafb9ac22254d81f6b54ab966a,unchanged
results/revision_restart/phase1/diagnostic_figures/phase1_absolute_residual_vs_smi.svg,results\revision_restart,288777,288777,43388477ca0c5502dacb7e910038f8887a2d54667d9327a089c7076d3a56b0bc,43388477ca0c5502dacb7e910038f8887a2d54667d9327a089c7076d3a56b0bc,unchanged
results/revision_restart/phase1/diagnostic_figures/phase1_observed_gamma_vs_smi.svg,results\revision_restart,290564,290564,b2c14fde52f87c1295becd6a2e4dd63512e923b4f44c8cf9486c5efa5e804a46,b2c14fde52f87c1295becd6a2e4dd63512e923b4f44c8cf9486c5efa5e804a46,unchanged
results/revision_restart/phase1/diagnostic_figures/phase1_observed_vs_divider.svg,results\revision_restart,290810,290810,558d81acdac846a8fc970d3f9f2e669d90327cb5c20d1592abda501c1bf3694b,558d81acdac846a8fc970d3f9f2e669d90327cb5c20d1592abda501c1bf3694b,unchanged
results/revision_restart/phase1/diagnostic_figures/phase1_residual_vs_smi.svg,results\revision_restart,288741,288741,75f350e976b0251b5ee2f4d5d6d431c019b12bfc98d1813e0f22e7d051cd0908,75f350e976b0251b5ee2f4d5d6d431c019b12bfc98d1813e0f22e7d051cd0908,unchanged
results/revision_restart/phase1/phase1_active_passive_residual_comparison.csv,results\revision_restart,1501,1501,0c3a10e28fd1be5f02f84c12ee1fcf33366a8c4a44113a47db22601735286324,0c3a10e28fd1be5f02f84c12ee1fcf33366a8c4a44113a47db22601735286324,unchanged
results/revision_restart/phase1/phase1_baseline_target_residuals.csv,results\revision_restart,1817,1817,839fdd22c12e7a5bbf0186e98dcffce32d04f2b0ddeb7b5789d381133873e380,839fdd22c12e7a5bbf0186e98dcffce32d04f2b0ddeb7b5789d381133873e380,unchanged
results/revision_restart/phase1/phase1_data_inventory.csv,results\revision_restart,20884,20884,05f43bd65ad585b2dc9829e3bdc0d179bba21c2b1c7124791ab106fc3a14c83b,05f43bd65ad585b2dc9829e3bdc0d179bba21c2b1c7124791ab106fc3a14c83b,unchanged
results/revision_restart/phase1/phase1_divider_residual_rows.csv,results\revision_restart,2209873,2209873,a66257070e126d29b1569c6522201bce80df840f22fd8d2e813379de92330dc6,a66257070e126d29b1569c6522201bce80df840f22fd8d2e813379de92330dc6,unchanged
results/revision_restart/phase1/phase1_divider_residual_summary_by_dataset.csv,results\revision_restart,6489,6489,2d72983402f7d348ea4dd476b910e8b8b00242a67b108c4d219aa8879b558a47,2d72983402f7d348ea4dd476b910e8b8b00242a67b108c4d219aa8879b558a47,unchanged
results/revision_restart/phase1/phase1_divider_residual_summary_by_regime.csv,results\revision_restart,6745,6745,8b75f3737841d34c0dad5fc35de775f16255805f193da8986f41c5b51bbf70cd,8b75f3737841d34c0dad5fc35de775f16255805f193da8986f41c5b51bbf70cd,unchanged
results/revision_restart/phase1/phase1_protected_hash_comparison.csv,results\revision_restart,31573,31573,0b1b2862c2e6a0beb4e9c8a529db72891b385b80f38a5241a680d5865b383d96,0b1b2862c2e6a0beb4e9c8a529db72891b385b80f38a5241a680d5865b383d96,unchanged
results/revision_restart/phase1/phase1_protected_hashes_after.csv,results\revision_restart,18914,18914,c846d88de4f079ed49f3eea007b186b811c042cb3a29bf4cfbb9fa9dcc25a509,c846d88de4f079ed49f3eea007b186b811c042cb3a29bf4cfbb9fa9dcc25a509,unchanged
results/revision_restart/phase1/phase1_protected_hashes_before.csv,results\revision_restart,19862,19862,68113d0ff8636abc79cf9093ec78f90f4bef08101d2d4df3f02744843762c8b3,68113d0ff8636abc79cf9093ec78f90f4bef08101d2d4df3f02744843762c8b3,unchanged
results/revision_restart/phase1/phase1_residual_outlier_cases.csv,results\revision_restart,24856,24856,062ecea7cb4a0d9144a79688c1db9240b1ce3c8aa23cbb1f917fd6773498bc5b,062ecea7cb4a0d9144a79688c1db9240b1ce3c8aa23cbb1f917fd6773498bc5b,unchanged
results/revision_restart/phase1/phase1_source_manifest.csv,results\revision_restart,55933,55933,2a8a67465ac6140606457f35672877b740bbec3d212d18cf487a213f7c36d1a7,2a8a67465ac6140606457f35672877b740bbec3d212d18cf487a213f7c36d1a7,unchanged
results/revision_restart/phase2/diagnostic_figures/phase2_attached_vs_omitted_rind.svg,results\revision_restart,289509,289509,ba2ab703d847d24151d17c5dedbf91ec6853a0d86d9b12acbe8dd3b06f3ae166,ba2ab703d847d24151d17c5dedbf91ec6853a0d86d9b12acbe8dd3b06f3ae166,unchanged
results/revision_restart/phase2/diagnostic_figures/phase2_attached_vs_omitted_smi.svg,results\revision_restart,286591,286591,1175bb4f2908daa40bbf590660ea0b89ede9ad4f88429da94d974dff19ffdfda,1175bb4f2908daa40bbf590660ea0b89ede9ad4f88429da94d974dff19ffdfda,unchanged
results/revision_restart/phase2/diagnostic_figures/phase2_observed_local_vs_gamma_divider.svg,results\revision_restart,289547,289547,eb45c7857256e99ae7bd1c73de65b2030d24c015e91277c39f368084d4750f26,eb45c7857256e99ae7bd1c73de65b2030d24c015e91277c39f368084d4750f26,unchanged
results/revision_restart/phase2/diagnostic_figures/phase2_residual_vs_dynamic_smi.svg,results\revision_restart,247980,247980,0e93ae01121ac65b20e70b24bf273c2cad002f29cc50fb2d4f0da813727e98eb,0e93ae01121ac65b20e70b24bf273c2cad002f29cc50fb2d4f0da813727e98eb,unchanged
results/revision_restart/phase2/diagnostic_figures/phase2_residual_vs_r_in_d.svg,results\revision_restart,289728,289728,ff9dc77dcdae8b8bbbff2c0f73e7abf979b29330d12a8d4c54b7f96957d5c604,ff9dc77dcdae8b8bbbff2c0f73e7abf979b29330d12a8d4c54b7f96957d5c604,unchanged
results/revision_restart/phase2/diagnostic_figures/phase2_residual_vs_r_neck.svg,results\revision_restart,288031,288031,fa7461f7b40c391e7d63b4d5b3a01b9a02525ce7dc10c88b4276d1713eb8de3c,fa7461f7b40c391e7d63b4d5b3a01b9a02525ce7dc10c88b4276d1713eb8de3c,unchanged
results/revision_restart/phase2/diagnostic_figures/phase2_residual_vs_smi.svg,results\revision_restart,287740,287740,9ad40d9b0ec0e2917532bafd64522a98598b4600da5eb2c03582ba5415229b64,9ad40d9b0ec0e2917532bafd64522a98598b4600da5eb2c03582ba5415229b64,unchanged
results/revision_restart/phase2/phase2_descriptor_recommendation_table.csv,results\revision_restart,31538,31538,e068b0dd23ce9f49ef811e8805cc40870a0167ea4e404168c168b838099e7e64,e068b0dd23ce9f49ef811e8805cc40870a0167ea4e404168c168b838099e7e64,unchanged
results/revision_restart/phase2/phase2_ratio_vs_components_model_comparison.csv,results\revision_restart,227992,227992,ade4418e90f4c2a611025048cddc083803cd741b5f1b4bc26f96c60bc93b3525,ade4418e90f4c2a611025048cddc083803cd741b5f1b4bc26f96c60bc93b3525,unchanged
results/revision_restart/phase2/phase2_residual_predictor_summary.csv,results\revision_restart,10278,10278,eaa7b54bca26ebdd6fb1f999249464ba2debbd015ccb174c9afe6f70aba1b6a5,eaa7b54bca26ebdd6fb1f999249464ba2debbd015ccb174c9afe6f70aba1b6a5,unchanged
results/revision_restart/phase2/phase2_scalar_descriptor_correlations.csv,results\revision_restart,104650,104650,5a65a730f8ef5c2955152eab286b07ad7eb0d5ba1e6c7edb3b4a0234a33cabdf,5a65a730f8ef5c2955152eab286b07ad7eb0d5ba1e6c7edb3b4a0234a33cabdf,unchanged
results/revision_restart/phase2/phase2_source_manifest.csv,results\revision_restart,29629,29629,5b9ef57cf4d766a6d2863f07ac94e1025062fa0b653d7af6732de0768056412e,5b9ef57cf4d766a6d2863f07ac94e1025062fa0b653d7af6732de0768056412e,unchanged
results/revision_restart/phase2/phase2_spine_omitted_vs_attached_rind.csv,results\revision_restart,2162975,2162975,e2f70ffcef8f6739d9970ae47cfd40bc2d8b044ea9bc4a582869f1c05791de27,e2f70ffcef8f6739d9970ae47cfd40bc2d8b044ea9bc4a582869f1c05791de27,unchanged
results/revision_restart/phase2/phase2_standardized_descriptor_table.csv,results\revision_restart,2896509,2896509,55ff2e55770fce1b264bc9e51d4be01bc4d2fa9b58f12f5f877dd2ef9a09ecb0,55ff2e55770fce1b264bc9e51d4be01bc4d2fa9b58f12f5f877dd2ef9a09ecb0,unchanged
results/revision_restart/phase2/phase2_target_specific_descriptor_summary.csv,results\revision_restart,23450,23450,c997fcaa96263da955e75a16af5777d1f2ba90da8ae9737a560c0516e755fc94,c997fcaa96263da955e75a16af5777d1f2ba90da8ae9737a560c0516e755fc94,unchanged
results/revision_restart/phase3/phase3_descriptive_sensitivity_summaries.csv,results\revision_restart,43420,43420,07b18bedcf6f6d52fbd33268375a472afbcd10cc5f8f779c3b9ab239263f1bf4,07b18bedcf6f6d52fbd33268375a472afbcd10cc5f8f779c3b9ab239263f1bf4,unchanged
results/revision_restart/phase3/phase3_design_permutation_checks.csv,results\revision_restart,2215,2215,dc6f297cc79268e9cece13832eb979ff8391fef352a5619cd4d2911605873af9,dc6f297cc79268e9cece13832eb979ff8391fef352a5619cd4d2911605873af9,unchanged
results/revision_restart/phase3/phase3_high_smi_coverage_audit.csv,results\revision_restart,4567,4567,da379076702fca255841730d7704632701d702e522f82c817711de4f616b5eea,da379076702fca255841730d7704632701d702e522f82c817711de4f616b5eea,unchanged
results/revision_restart/phase3/phase3_interval_classification.csv,results\revision_restart,21009,21009,6725000d09756ada3af31bc1337098b8b8afba49a8784f4d60ba6c32a342aa00,6725000d09756ada3af31bc1337098b8b8afba49a8784f4d60ba6c32a342aa00,unchanged
results/revision_restart/phase3/phase3_predictor_family_summary.csv,results\revision_restart,41826,41826,126904cd54b9498b764a11f5ace18c04dbc0582ff2c1f305a2484e8c1109a5b0,126904cd54b9498b764a11f5ace18c04dbc0582ff2c1f305a2484e8c1109a5b0,unchanged
results/revision_restart/phase4/diagnostic_figures/phase4_independent_trace_overlay.svg,results\revision_restart,122142,122142,0278c2b4a7ede817e191dc95041c57fc81f1156c613eb38f53b7c4f17cd84d3c,0278c2b4a7ede817e191dc95041c57fc81f1156c613eb38f53b7c4f17cd84d3c,unchanged
results/revision_restart/phase4/phase4_be_cn_peak_comparison.csv,results\revision_restart,2629,2629,a73bb2d6b674d5cddd0915a4641ff7ec6c24a31c820a68ff0b020f032ba7534a,a73bb2d6b674d5cddd0915a4641ff7ec6c24a31c820a68ff0b020f032ba7534a,unchanged
results/revision_restart/phase4/phase4_dc_analytic_benchmark.csv,results\revision_restart,2991,2991,ff93f0a52ecef1804eb52cdc0d5f083c4bee52661fea8fbf36f769428ced2dd6,ff93f0a52ecef1804eb52cdc0d5f083c4bee52661fea8fbf36f769428ced2dd6,unchanged
results/revision_restart/phase4/phase4_independent_matrix_benchmark.csv,results\revision_restart,4413,4413,16972c8221c0a3f3a2627af3a96852ab06ba88528d750e086c3889567e7f9272,16972c8221c0a3f3a2627af3a96852ab06ba88528d750e086c3889567e7f9272,unchanged
results/revision_restart/phase4/phase4_protected_hash_comparison.csv,results\revision_restart,31364,31364,6939c5faffef93ce9982c713b6b1a175fef42e6047374744d480a5c0453a76da,6939c5faffef93ce9982c713b6b1a175fef42e6047374744d480a5c0453a76da,unchanged
results/revision_restart/phase4/phase4_protected_hashes_after.csv,results\revision_restart,19715,19715,8338a0ceef86a6bbac367a51a80a80a539d3a7a804b18bd6b3bff774cdaff327,8338a0ceef86a6bbac367a51a80a80a539d3a7a804b18bd6b3bff774cdaff327,unchanged
results/revision_restart/phase4/phase4_protected_hashes_before.csv,results\revision_restart,19715,19715,8338a0ceef86a6bbac367a51a80a80a539d3a7a804b18bd6b3bff774cdaff327,8338a0ceef86a6bbac367a51a80a80a539d3a7a804b18bd6b3bff774cdaff327,unchanged
results/revision_restart/phase4/phase4_validation_summary.csv,results\revision_restart,799,799,2a9f84a02c0fa502740d434d86059f81a5b2ee3f9d26c28aa114653e4c1da253,2a9f84a02c0fa502740d434d86059f81a5b2ee3f9d26c28aa114653e4c1da253,unchanged
results/revision_restart/phase5/phase5_blinded_identifier_audit.csv,results\revision_restart,35,35,60a043be551a588755bae6399431f68cc40a018e4ba7b662b298d9a0688b8644,60a043be551a588755bae6399431f68cc40a018e4ba7b662b298d9a0688b8644,unchanged
results/revision_restart/phase5/phase5_package_summary.csv,results\revision_restart,605,605,bc15bb0d550db95fd3e6d7200a88393bd61e2ed1e611a7d3d7a666bb5dcb5d16,bc15bb0d550db95fd3e6d7200a88393bd61e2ed1e611a7d3d7a666bb5dcb5d16,unchanged
results/revision_restart/phase5/phase5_protected_hash_comparison.csv,results\revision_restart,47461,47461,0ee45710bafbfce7c1762fb204525542228c595649c17b146745254f17a3c15b,0ee45710bafbfce7c1762fb204525542228c595649c17b146745254f17a3c15b,unchanged
results/revision_restart/phase5/phase5_protected_hashes_after.csv,results\revision_restart,28763,28763,bd7df904b14cbaf72a4fdaf3a35a5c1eef8c57cdadcac6034ab56495d9e177a4,bd7df904b14cbaf72a4fdaf3a35a5c1eef8c57cdadcac6034ab56495d9e177a4,unchanged
results/revision_restart/phase5/phase5_protected_hashes_before.csv,results\revision_restart,28763,28763,bd7df904b14cbaf72a4fdaf3a35a5c1eef8c57cdadcac6034ab56495d9e177a4,bd7df904b14cbaf72a4fdaf3a35a5c1eef8c57cdadcac6034ab56495d9e177a4,unchanged
results/revision_restart/phase6/phase6_protected_hash_comparison.csv,results\revision_restart,55339,55339,663de93f4fd0dad8cc138db1421bff5939e920e8b5f9989522451cac75122f77,663de93f4fd0dad8cc138db1421bff5939e920e8b5f9989522451cac75122f77,unchanged
results/revision_restart/phase6/phase6_protected_hashes_after.csv,results\revision_restart,35421,35421,759d02863d15cbc04799289c979d76531d56037f73d243c97159b17dffd9b0f2,759d02863d15cbc04799289c979d76531d56037f73d243c97159b17dffd9b0f2,unchanged
results/revision_restart/phase6/phase6_protected_hashes_before.csv,results\revision_restart,35421,35421,759d02863d15cbc04799289c979d76531d56037f73d243c97159b17dffd9b0f2,759d02863d15cbc04799289c979d76531d56037f73d243c97159b17dffd9b0f2,unchanged
results/revision_restart/phase7/phase7_blinding_identifier_scan.csv,results\revision_restart,165,165,de84bea3274e036bbe989e666eee65b52a9a8c77720a84dca813f7e3d94076ed,de84bea3274e036bbe989e666eee65b52a9a8c77720a84dca813f7e3d94076ed,unchanged
results/revision_restart/phase7/phase7_csv_parse_summary.csv,results\revision_restart,445,445,95b5457475e4cc2a89ce9c6419bc39abf2284187171729b277797c386c596ad9,95b5457475e4cc2a89ce9c6419bc39abf2284187171729b277797c386c596ad9,unchanged
results/revision_restart/phase7/phase7_divider_residual_figure_data.csv,results\revision_restart,606270,606270,d3378b66aedd4c0b650441b4b17cf7a4ed65a978baf466adb5a6aff10d407a68,d3378b66aedd4c0b650441b4b17cf7a4ed65a978baf466adb5a6aff10d407a68,unchanged
results/revision_restart/phase7/phase7_divider_residual_figure_summary.csv,results\revision_restart,630,630,d284d645a0ad8c99efc89e3bbddf04ddc530013ad6b21e71108dcbe53359e05b,d284d645a0ad8c99efc89e3bbddf04ddc530013ad6b21e71108dcbe53359e05b,unchanged
results/revision_restart/phase7/phase7_latex_log_audit.csv,results\revision_restart,146,146,daed4614ef4217107776bb96c77bae6b0d508a3f9bb654f722e34b1c92a966ca,daed4614ef4217107776bb96c77bae6b0d508a3f9bb654f722e34b1c92a966ca,unchanged
results/revision_restart/phase7/phase7_protected_hash_comparison.csv,results\revision_restart,60,60,75295b1fa113d286b9fb6a5df821579fd24cae96756513b2d2fc9cce034c9bd3,75295b1fa113d286b9fb6a5df821579fd24cae96756513b2d2fc9cce034c9bd3,unchanged
results/revision_restart/phase7/phase7_protected_hashes_after.csv,results\revision_restart,38878,38878,7d419a8d06f6f2acae57f3a8ad151247e975ad36755b68cf0fa0e45e8fea552f,7d419a8d06f6f2acae57f3a8ad151247e975ad36755b68cf0fa0e45e8fea552f,unchanged
results/revision_restart/phase7/phase7_protected_hashes_before.csv,results\revision_restart,23633,23633,31fb94c43cecc1b28881b3f8ddd82e190f5807aad57013a19ab46578cada7271,31fb94c43cecc1b28881b3f8ddd82e190f5807aad57013a19ab46578cada7271,unchanged
results/revision_restart/phase7/phase7_required_file_check.csv,results\revision_restart,1595,1595,12b545dc1cdb4258039aa19329e1e84c409352b50752fc1f6fa2552f60a13b86,12b545dc1cdb4258039aa19329e1e84c409352b50752fc1f6fa2552f60a13b86,unchanged
results/revision_restart/phase7/phase7_required_file_check_pre_reports.csv,results\revision_restart,945,945,ed79992f6995d06de11134259f6d56e14325c282189b40fc232a58f1967e64d5,ed79992f6995d06de11134259f6d56e14325c282189b40fc232a58f1967e64d5,unchanged
results/revision_restart/phase7/phase7_static_language_hits.csv,results\revision_restart,2857,2857,f3ed7462bd177b0cd257078c5cc655e56cd820a08fa8fb45749bb109332ef0f2,f3ed7462bd177b0cd257078c5cc655e56cd820a08fa8fb45749bb109332ef0f2,unchanged
results/revision_restart/phase8/pdf_renders/main_blinded_p01.png,results\revision_restart,141461,141461,13941b3629da315688904b84246b140fd4463e929e56ec5138a23fbd53743817,13941b3629da315688904b84246b140fd4463e929e56ec5138a23fbd53743817,unchanged
results/revision_restart/phase8/pdf_renders/main_blinded_p06.png,results\revision_restart,114102,114102,feb6b361fa2cd132df642fc047568ee41c8786b3471b34591f649d0983fc0da6,feb6b361fa2cd132df642fc047568ee41c8786b3471b34591f649d0983fc0da6,unchanged
results/revision_restart/phase8/pdf_renders/main_blinded_p17.png,results\revision_restart,149402,149402,af048d52aad2e00b1b483dc87ffbe38211687294b32f7369e2d9f629d6e90eca,af048d52aad2e00b1b483dc87ffbe38211687294b32f7369e2d9f629d6e90eca,unchanged
results/revision_restart/phase8/pdf_renders/main_unblinded_p01.png,results\revision_restart,152957,152957,5e7c7666d7aa32825746cc86ae74fd7a361f70dcfefbf6f82c8d079066de80ec,5e7c7666d7aa32825746cc86ae74fd7a361f70dcfefbf6f82c8d079066de80ec,unchanged
results/revision_restart/phase8/pdf_renders/main_unblinded_p04.png,results\revision_restart,161226,161226,d60402ffef22ca59be4e497317d07be5dde8808065675c7a625ae283dd843ff1,d60402ffef22ca59be4e497317d07be5dde8808065675c7a625ae283dd843ff1,unchanged
results/revision_restart/phase8/pdf_renders/main_unblinded_p06.png,results\revision_restart,114102,114102,feb6b361fa2cd132df642fc047568ee41c8786b3471b34591f649d0983fc0da6,feb6b361fa2cd132df642fc047568ee41c8786b3471b34591f649d0983fc0da6,unchanged
results/revision_restart/phase8/pdf_renders/main_unblinded_p07.png,results\revision_restart,176696,176696,ddd277ef05fdf4ab9d35693a440a9d005032682ac393fe5a57cd28fb724d4e14,ddd277ef05fdf4ab9d35693a440a9d005032682ac393fe5a57cd28fb724d4e14,unchanged
results/revision_restart/phase8/pdf_renders/main_unblinded_p08.png,results\revision_restart,46007,46007,dea19260266dd266cb86e254f068367ce1cd897ee72017a05777e0b6083be10a,dea19260266dd266cb86e254f068367ce1cd897ee72017a05777e0b6083be10a,unchanged
results/revision_restart/phase8/pdf_renders/main_unblinded_p10.png,results\revision_restart,110040,110040,ffab1a8eb2a5ad66792c9c8ffbe3d5ade3fe0ec8050cd06ff37a4435adaf818b,ffab1a8eb2a5ad66792c9c8ffbe3d5ade3fe0ec8050cd06ff37a4435adaf818b,unchanged
results/revision_restart/phase8/pdf_renders/main_unblinded_p12.png,results\revision_restart,152415,152415,2cd4212aeb9dfbcf0277c14cf82d49b495589252b91f998a7524141aefd3ef53,2cd4212aeb9dfbcf0277c14cf82d49b495589252b91f998a7524141aefd3ef53,unchanged
results/revision_restart/phase8/pdf_renders/main_unblinded_p14.png,results\revision_restart,154008,154008,e5abd53f3dafff4f4706a82eb2285f7fe525d4b5fe284ae09dbca2660b93cc82,e5abd53f3dafff4f4706a82eb2285f7fe525d4b5fe284ae09dbca2660b93cc82,unchanged
results/revision_restart/phase8/pdf_renders/main_unblinded_p18.png,results\revision_restart,16187,16187,ec9294b4b69a16ffd149f53fe0ed41ca2bd09baa8e5c7b15f75147485b22c1a2,ec9294b4b69a16ffd149f53fe0ed41ca2bd09baa8e5c7b15f75147485b22c1a2,unchanged
results/revision_restart/phase8/pdf_renders/supplement_p01.png,results\revision_restart,106662,106662,ae91c9239067491f94d9aaf346aaea22b62d4502581252e92252ee26e8304db6,ae91c9239067491f94d9aaf346aaea22b62d4502581252e92252ee26e8304db6,unchanged
results/revision_restart/phase8/pdf_renders/supplement_p05.png,results\revision_restart,108102,108102,93974b124c921b91ca8aa72f79de0deada99e73790e4b04cdbcf932568f4e213,93974b124c921b91ca8aa72f79de0deada99e73790e4b04cdbcf932568f4e213,unchanged
results/revision_restart/phase8/pdf_renders/supplement_p09.png,results\revision_restart,108766,108766,6bb8e7f7c7685ab01483c5eab8c280421e4b9ffdc9badafd4d710476c228be27,6bb8e7f7c7685ab01483c5eab8c280421e4b9ffdc9badafd4d710476c228be27,unchanged
results/revision_restart/phase8/pdf_renders/supplement_p11.png,results\revision_restart,74671,74671,2954e348edf86e07df0a9ac2303220a1cec28c8bde702e26e9290aa5a1e91d03,2954e348edf86e07df0a9ac2303220a1cec28c8bde702e26e9290aa5a1e91d03,unchanged
results/revision_restart/phase8/pdf_renders/target_journal_p01.png,results\revision_restart,153505,153505,d92f75202af16d719f0b1b72eea0ff189f2aceba7918b49b236285438ef04cfc,d92f75202af16d719f0b1b72eea0ff189f2aceba7918b49b236285438ef04cfc,unchanged
results/revision_restart/phase8/pdf_renders/target_journal_p06.png,results\revision_restart,114102,114102,feb6b361fa2cd132df642fc047568ee41c8786b3471b34591f649d0983fc0da6,feb6b361fa2cd132df642fc047568ee41c8786b3471b34591f649d0983fc0da6,unchanged
results/revision_restart/phase8/pdf_renders/target_journal_p17.png,results\revision_restart,136323,136323,82bad81fdfa5538163cc51b7a6c07b3538d4cfd05e2ba95ec742bec55feebe90,82bad81fdfa5538163cc51b7a6c07b3538d4cfd05e2ba95ec742bec55feebe90,unchanged
results/revision_restart/phase8/pdf_text/main_blinded.txt,results\revision_restart,73777,73777,99238a1382a61818fe614e2fe1d167bb6c9e7294c8a91f4a22f87c27f69dede7,99238a1382a61818fe614e2fe1d167bb6c9e7294c8a91f4a22f87c27f69dede7,unchanged
results/revision_restart/phase8/pdf_text/main_unblinded.txt,results\revision_restart,74395,74395,57dfd75bf7990caa72952debda720de0503d59daf514deee6123996c08a93d2f,57dfd75bf7990caa72952debda720de0503d59daf514deee6123996c08a93d2f,unchanged
results/revision_restart/phase8/pdf_text/supplement.txt,results\revision_restart,27326,27326,1d65c1935915f190f64f71ac4b49217b008f95c32afa56c1cd37c99d6b28ba2d,1d65c1935915f190f64f71ac4b49217b008f95c32afa56c1cd37c99d6b28ba2d,unchanged
results/revision_restart/phase8/pdf_text/target_journal.txt,results\revision_restart,73651,73651,f9fc1851a33b1bbdb0ffffcc425c6186392dbb57e9d2ae2c4f4c500c31c0798e,f9fc1851a33b1bbdb0ffffcc425c6186392dbb57e9d2ae2c4f4c500c31c0798e,unchanged
results/revision_restart/phase8/phase8_csv_parse_summary.csv,results\revision_restart,643,643,8ef16116a2b29ef47b5c60f02bed2f1ce8091e9b600ac3bda44b835cb9bc091e,8ef16116a2b29ef47b5c60f02bed2f1ce8091e9b600ac3bda44b835cb9bc091e,unchanged
results/revision_restart/phase8/phase8_latex_log_audit.csv,results\revision_restart,2007,2007,f6e6efe1642057769441b19da11f918ef80961e3bccec9ae605ac6991d4f707d,f6e6efe1642057769441b19da11f918ef80961e3bccec9ae605ac6991d4f707d,unchanged
results/revision_restart/phase8/phase8_package_checksum_audit.csv,results\revision_restart,805,805,f0120b7fc1d5a67aa7fc40801b8d61ce558b17162530b58103bc074759697080,f0120b7fc1d5a67aa7fc40801b8d61ce558b17162530b58103bc074759697080,unchanged
results/revision_restart/phase8/phase8_package_sync_audit.csv,results\revision_restart,4152,4152,18472d6edbf297744b2254e25f109390397a9afdbe20a13f2a3a27af2ee8953c,18472d6edbf297744b2254e25f109390397a9afdbe20a13f2a3a27af2ee8953c,unchanged
results/revision_restart/phase8/phase8_pdf_info.csv,results\revision_restart,833,833,17c03f145e0fe6ba2679465abd7c56014a69f921293bba175df3a410172caf65,17c03f145e0fe6ba2679465abd7c56014a69f921293bba175df3a410172caf65,unchanged
results/revision_restart/phase8/phase8_protected_model_result_hash_comparison.csv,results\revision_restart,37765,37765,210369a68a7da311b8ff4fb8bf3d3f6124b4bcd74b3ccfb501ae90cacf4d6a0d,210369a68a7da311b8ff4fb8bf3d3f6124b4bcd74b3ccfb501ae90cacf4d6a0d,unchanged
results/revision_restart/phase8/phase8_static_language_hits.csv,results\revision_restart,38511,38511,81eb907589d5436f9b86a6abf4985b24bcd3224b28e21e163e593be1bae1a0c4,81eb907589d5436f9b86a6abf4985b24bcd3224b28e21e163e593be1bae1a0c4,unchanged
results/revision_restart/phase9/phase9_archive_checksum_verification.csv,results\revision_restart,1034,1034,b2500d18eb5569b801e3d2bf5a5f9a076f69bf98c677b95ca44263550ff545ea,b2500d18eb5569b801e3d2bf5a5f9a076f69bf98c677b95ca44263550ff545ea,unchanged
results/revision_restart/phase9/phase9_blinded_identifier_audit.csv,results\revision_restart,35,35,60a043be551a588755bae6399431f68cc40a018e4ba7b662b298d9a0688b8644,60a043be551a588755bae6399431f68cc40a018e4ba7b662b298d9a0688b8644,unchanged
results/revision_restart/phase9/phase9_blinded_local_path_audit.csv,results\revision_restart,35,35,60a043be551a588755bae6399431f68cc40a018e4ba7b662b298d9a0688b8644,60a043be551a588755bae6399431f68cc40a018e4ba7b662b298d9a0688b8644,unchanged
results/revision_restart/phase9/phase9_figure_polish_audit.csv,results\revision_restart,519,519,ada74ecf06a32636a1eb98c238e417cca6d01d30ccdc44e19598cb7e9f2616d7,ada74ecf06a32636a1eb98c238e417cca6d01d30ccdc44e19598cb7e9f2616d7,unchanged
results/revision_restart/phase9/phase9_manifest_parse_summary.csv,results\revision_restart,361,361,caf7d38e0f2f488aa977ff5f3702d3e05dd7718a680ea795c6176e804d60ecde,caf7d38e0f2f488aa977ff5f3702d3e05dd7718a680ea795c6176e804d60ecde,unchanged
results/revision_restart/phase9/phase9_package_consistency_audit.csv,results\revision_restart,859,859,087b3fad8cc0316e53b788cffba00df14a5e0253044f31c422576b97c9f22dcc,087b3fad8cc0316e53b788cffba00df14a5e0253044f31c422576b97c9f22dcc,unchanged
results/revision_restart/phase9/phase9_package_doc_language_audit.csv,results\revision_restart,35,35,60a043be551a588755bae6399431f68cc40a018e4ba7b662b298d9a0688b8644,60a043be551a588755bae6399431f68cc40a018e4ba7b662b298d9a0688b8644,unchanged
results/revision_restart/phase9/phase9_package_summary.csv,results\revision_restart,1046,1046,e0cbb5de79a7c16e4e7efa7e263dca5e9bac22305afd55b9d138469fc36cfcc0,e0cbb5de79a7c16e4e7efa7e263dca5e9bac22305afd55b9d138469fc36cfcc0,unchanged
results/revision_restart/phase9/phase9_pi_coauthor_identifier_audit.csv,results\revision_restart,2491,2491,7c1c9ae79483bb726681cb214d0fdbd63ce058e77e1deec836f04c96d1538cc0,7c1c9ae79483bb726681cb214d0fdbd63ce058e77e1deec836f04c96d1538cc0,unchanged
results/revision_restart/phase9/phase9_pi_coauthor_local_path_audit.csv,results\revision_restart,35,35,60a043be551a588755bae6399431f68cc40a018e4ba7b662b298d9a0688b8644,60a043be551a588755bae6399431f68cc40a018e4ba7b662b298d9a0688b8644,unchanged
results/revision_restart/phase9/phase9_protected_hash_comparison.csv,results\revision_restart,59508,59508,a488178175771aef846e82ece42140c6a7b18d1f8ae0cdc2d768e0f39628f513,a488178175771aef846e82ece42140c6a7b18d1f8ae0cdc2d768e0f39628f513,unchanged
results/revision_restart/phase9/phase9_protected_hashes_after.csv,results\revision_restart,38367,38367,5a952fff9ebfee21659bcafe69dc6b5c9e8f005f49acc66f885f100761eb9890,5a952fff9ebfee21659bcafe69dc6b5c9e8f005f49acc66f885f100761eb9890,unchanged
results/revision_restart/phase9/phase9_protected_hashes_before.csv,results\revision_restart,38367,38367,5a952fff9ebfee21659bcafe69dc6b5c9e8f005f49acc66f885f100761eb9890,5a952fff9ebfee21659bcafe69dc6b5c9e8f005f49acc66f885f100761eb9890,unchanged
results/revision_restart/phase9/phase9_unblinded_identifier_audit.csv,results\revision_restart,14072,14072,87775deb52cbabf7d7232efe7a5f4379aa8f5d75b3ce322753e3770354545c32,87775deb52cbabf7d7232efe7a5f4379aa8f5d75b3ce322753e3770354545c32,unchanged
results/revision_restart/phase9/phase9_unblinded_local_path_audit.csv,results\revision_restart,35,35,60a043be551a588755bae6399431f68cc40a018e4ba7b662b298d9a0688b8644,60a043be551a588755bae6399431f68cc40a018e4ba7b662b298d9a0688b8644,unchanged
src/spine/__init__.py,src,284,284,17e733f9c90fe30b88074d89265b8def182ca66208f82d94bf209a17c66b24bc,17e733f9c90fe30b88074d89265b8def182ca66208f82d94bf209a17c66b24bc,unchanged
src/spine/__pycache__/__init__.cpython-312.pyc,src,469,469,ba252587549a9d80d554961800451df67aa96191c8adee37a3a8eebf4f1b188a,ba252587549a9d80d554961800451df67aa96191c8adee37a3a8eebf4f1b188a,unchanged
src/spine/__pycache__/__init__.cpython-314.pyc,src,466,466,f0c89ae35f5e951a39afef0ebdd31a38de6150f415f202d08e0f168dcf21f95b,f0c89ae35f5e951a39afef0ebdd31a38de6150f415f202d08e0f168dcf21f95b,unchanged
src/spine/__pycache__/active.cpython-312.pyc,src,18266,18266,d9d848687a33f6a7d4e0ff1d0084cfe2cc873ec3709ee90dd4487eb9a3a7cf16,d9d848687a33f6a7d4e0ff1d0084cfe2cc873ec3709ee90dd4487eb9a3a7cf16,unchanged
src/spine/__pycache__/active.cpython-314.pyc,src,20973,20973,9d9733ff2c819979c4dfd630bd9ee96ac9e3debe51769cb9aab91c3c3e746d43,9d9733ff2c819979c4dfd630bd9ee96ac9e3debe51769cb9aab91c3c3e746d43,unchanged
src/spine/__pycache__/channels.cpython-312.pyc,src,11840,11840,b8f26321734452b06ac9bf9b9a326e90b40598c20706c2f15401cfabc7cb3ba0,b8f26321734452b06ac9bf9b9a326e90b40598c20706c2f15401cfabc7cb3ba0,unchanged
src/spine/__pycache__/channels.cpython-314.pyc,src,15290,15290,b934520604d9ff6cd656ce812464208203aa3a7cc25fc40d131a1b9a0453077b,b934520604d9ff6cd656ce812464208203aa3a7cc25fc40d131a1b9a0453077b,unchanged
src/spine/__pycache__/cli.cpython-312.pyc,src,4078,4078,e96650dede1222edda2febf31a28a155e76a1d874b1e344465fdc2034df2b2d6,e96650dede1222edda2febf31a28a155e76a1d874b1e344465fdc2034df2b2d6,unchanged
src/spine/__pycache__/compartments.cpython-312.pyc,src,2208,2208,e09ffd8b74162b6ce7c96df5fc21cba28b580ecc040debb47fd34fdbebd8c4d6,e09ffd8b74162b6ce7c96df5fc21cba28b580ecc040debb47fd34fdbebd8c4d6,unchanged
src/spine/__pycache__/compartments.cpython-314.pyc,src,2627,2627,457a27905d8bcde75e136383fe3c3703b1f514dd3de02d78418ab564fc0a4f3d,457a27905d8bcde75e136383fe3c3703b1f514dd3de02d78418ab564fc0a4f3d,unchanged
src/spine/__pycache__/config.cpython-312.pyc,src,1627,1627,1bb4d68b72ed90bcc18e431724c574816050ce6ce3794e1493a26e748fe89b4d,1bb4d68b72ed90bcc18e431724c574816050ce6ce3794e1493a26e748fe89b4d,unchanged
src/spine/__pycache__/config.cpython-314.pyc,src,2054,2054,01b0002bb2ef74634137ada5eef866a19da8d82cabac126894cb8d363c906b4d,01b0002bb2ef74634137ada5eef866a19da8d82cabac126894cb8d363c906b4d,unchanged
src/spine/__pycache__/geometry.cpython-312.pyc,src,5639,5639,258c7fdaa78833b2d5e89c270ab8e51aa3c1980b6019f86ccbce49ab34a53a30,258c7fdaa78833b2d5e89c270ab8e51aa3c1980b6019f86ccbce49ab34a53a30,unchanged
src/spine/__pycache__/geometry.cpython-314.pyc,src,6602,6602,f33b7c96810aac1816b817d1a062c6c59c3093be456bfbd28af33aba90e389db,f33b7c96810aac1816b817d1a062c6c59c3093be456bfbd28af33aba90e389db,unchanged
src/spine/__pycache__/impedance.cpython-312.pyc,src,16255,16255,826c6ef43887d4e4b134f66aa28e292e07032bb55edeab536ac5a14de804b506,826c6ef43887d4e4b134f66aa28e292e07032bb55edeab536ac5a14de804b506,unchanged
src/spine/__pycache__/impedance.cpython-314.pyc,src,19105,19105,bbdac1f35c0c3ecd360ada86e4d24a619e92c18c8ec72cd197c336ac4e687d1e,bbdac1f35c0c3ecd360ada86e4d24a619e92c18c8ec72cd197c336ac4e687d1e,unchanged
src/spine/__pycache__/io.cpython-312.pyc,src,1718,1718,ecc98a792d198e075cd234605da1f503c414fa72d929d14ced78e56426bf6e99,ecc98a792d198e075cd234605da1f503c414fa72d929d14ced78e56426bf6e99,unchanged
src/spine/__pycache__/metrics.cpython-312.pyc,src,6050,6050,bafc8c23dee8690cbb56046f14dc47acec186ad60858b35bb3a713e39a2e2008,bafc8c23dee8690cbb56046f14dc47acec186ad60858b35bb3a713e39a2e2008,unchanged
src/spine/__pycache__/metrics.cpython-314.pyc,src,6706,6706,58f7c0963bbb6b7cd6d2e0bb1d235d6f20d34a811df9640b57098d4df9d5d327,58f7c0963bbb6b7cd6d2e0bb1d235d6f20d34a811df9640b57098d4df9d5d327,unchanged
src/spine/__pycache__/morphology.cpython-312.pyc,src,10426,10426,010156935b40ae39e314c511dad99e1a3d6b43b65eeef8fe519d558cfcf82fe3,010156935b40ae39e314c511dad99e1a3d6b43b65eeef8fe519d558cfcf82fe3,unchanged
src/spine/__pycache__/morphology.cpython-314.pyc,src,11924,11924,a4c6badb572a2b838a55dd6cc451aa5a1a19e3e35f3964e269828628813899fd,a4c6badb572a2b838a55dd6cc451aa5a1a19e3e35f3964e269828628813899fd,unchanged
src/spine/__pycache__/network.cpython-312.pyc,src,11089,11089,87b5472211f64b17698e78ff57049b477e79d9bdd94e041119194b09afb35a30,87b5472211f64b17698e78ff57049b477e79d9bdd94e041119194b09afb35a30,unchanged
src/spine/__pycache__/network.cpython-314.pyc,src,14068,14068,634ad7bccf6860868d4e1a22b73fa8e2826c35f038c28afa0858aea757a0070e,634ad7bccf6860868d4e1a22b73fa8e2826c35f038c28afa0858aea757a0070e,unchanged
src/spine/__pycache__/passive.cpython-312.pyc,src,10042,10042,600b77a660c1c62e03a71cb6a438657aecd213144385401624278f0cd3e3d7c7,600b77a660c1c62e03a71cb6a438657aecd213144385401624278f0cd3e3d7c7,unchanged
src/spine/__pycache__/passive.cpython-314.pyc,src,11754,11754,d39984063be8d562be0fd4e1a818d162718f1305991fcf0d4795f870a0a2063e,d39984063be8d562be0fd4e1a818d162718f1305991fcf0d4795f870a0a2063e,unchanged
src/spine/__pycache__/phase03.cpython-312.pyc,src,35224,35224,1272fac08673f5bf620b627afabd201cd73abdf471cd04e428b56568b592f19e,1272fac08673f5bf620b627afabd201cd73abdf471cd04e428b56568b592f19e,unchanged
src/spine/__pycache__/phase03.cpython-314.pyc,src,39289,39289,68271efdd503c97cdb7f75376321db917ce035bdf359a1c8ad3665161e6f667e,68271efdd503c97cdb7f75376321db917ce035bdf359a1c8ad3665161e6f667e,unchanged
src/spine/__pycache__/phase04.cpython-312.pyc,src,35417,35417,1ffc78b954192aa6deeab7bb2c4905ba612a3465af6ca6377dde3582a7d30fd8,1ffc78b954192aa6deeab7bb2c4905ba612a3465af6ca6377dde3582a7d30fd8,unchanged
src/spine/__pycache__/phase05.cpython-312.pyc,src,54106,54106,8f6d89df3cfe9c8b5fffe38c7a24d49798205496ef1562b687c958df0ca29cab,8f6d89df3cfe9c8b5fffe38c7a24d49798205496ef1562b687c958df0ca29cab,unchanged
src/spine/__pycache__/phase05.cpython-314.pyc,src,62187,62187,e875e8a39929cb0ffd3986dd5365e2227ed9f1f6ff448115243e078653d8b05e,e875e8a39929cb0ffd3986dd5365e2227ed9f1f6ff448115243e078653d8b05e,unchanged
src/spine/__pycache__/phase05_1.cpython-312.pyc,src,31393,31393,1ceb9f04d8d8fc10a3a15200148663bf513a9fb7e0fe2fe47a712de1bb18b4b1,1ceb9f04d8d8fc10a3a15200148663bf513a9fb7e0fe2fe47a712de1bb18b4b1,unchanged
src/spine/__pycache__/phase05_1.cpython-314.pyc,src,37669,37669,303ef4b36182ba9315000059e6a41044c5d5a3a7140009dd20e7e149f40bc9a3,303ef4b36182ba9315000059e6a41044c5d5a3a7140009dd20e7e149f40bc9a3,unchanged
src/spine/__pycache__/phase06.cpython-312.pyc,src,51277,51277,a12e3ad16329451c0b42bb3bca3cafc2566df68858ed447068b9ee7d2bf9fab1,a12e3ad16329451c0b42bb3bca3cafc2566df68858ed447068b9ee7d2bf9fab1,unchanged
src/spine/__pycache__/phase06.cpython-314.pyc,src,57020,57020,1337f962b37ce8373beab5cbe666909f5b464b9effa5da6b54672230b8b0d663,1337f962b37ce8373beab5cbe666909f5b464b9effa5da6b54672230b8b0d663,unchanged
src/spine/__pycache__/plotting.cpython-312.pyc,src,2344,2344,c5d81cda0a0076d092d2cc6c78359a6b2acd4a893b33118b18383818622bdd0c,c5d81cda0a0076d092d2cc6c78359a6b2acd4a893b33118b18383818622bdd0c,unchanged
src/spine/__pycache__/protocols.cpython-312.pyc,src,34224,34224,4407a63fd079eb65e7d4366b8e21f0cb70234c2c765ccffdcc9267f5377209cd,4407a63fd079eb65e7d4366b8e21f0cb70234c2c765ccffdcc9267f5377209cd,unchanged
src/spine/__pycache__/protocols.cpython-314.pyc,src,39009,39009,b607b0c99142bc6a2bd12b24044611935b98b2c04d8dd218e9c8e69582fd8316,b607b0c99142bc6a2bd12b24044611935b98b2c04d8dd218e9c8e69582fd8316,unchanged
src/spine/__pycache__/synapses.cpython-312.pyc,src,14435,14435,c6c1d26c7140236ea774c2c8da7e071d657f4608a5fbb58f68712437281358fc,c6c1d26c7140236ea774c2c8da7e071d657f4608a5fbb58f68712437281358fc,unchanged
src/spine/__pycache__/synapses.cpython-314.pyc,src,18101,18101,fb54dd3e05d78f1d06d23cdb5a6873b07dced10e57b07dc0f6e5cb89d7571627,fb54dd3e05d78f1d06d23cdb5a6873b07dced10e57b07dc0f6e5cb89d7571627,unchanged
src/spine/__pycache__/units.cpython-312.pyc,src,3712,3712,6e829831f269003fab62cd8000fee5e3a7076c680b038edab9cd5dd8909705e3,6e829831f269003fab62cd8000fee5e3a7076c680b038edab9cd5dd8909705e3,unchanged
src/spine/__pycache__/units.cpython-314.pyc,src,6516,6516,7a5f9d617483a2f5839201169f18870e019e350739360530989151602d5d1b0e,7a5f9d617483a2f5839201169f18870e019e350739360530989151602d5d1b0e,unchanged
src/spine/active.py,src,12653,12653,1d2cd0aa633fbf9c9da86c71a18febe337d537150e260f0cf5db55835f0e26fc,1d2cd0aa633fbf9c9da86c71a18febe337d537150e260f0cf5db55835f0e26fc,unchanged
src/spine/channels.py,src,9262,9262,b65c8dc8ebc7a5f1411dc0af5acd5dfbed1f04234009748817bcbe7b6043d5a7,b65c8dc8ebc7a5f1411dc0af5acd5dfbed1f04234009748817bcbe7b6043d5a7,unchanged
src/spine/cli.py,src,2735,2735,565549f3f2abeae096fd55aee0757b924eaed65d7fdb5b8ceb118053f3525e4b,565549f3f2abeae096fd55aee0757b924eaed65d7fdb5b8ceb118053f3525e4b,unchanged
src/spine/compartments.py,src,1086,1086,438a7e256391063ac0b817711e86544fe5144990f05a92af3e8e5092b3b2c812,438a7e256391063ac0b817711e86544fe5144990f05a92af3e8e5092b3b2c812,unchanged
src/spine/config.py,src,702,702,23213e43ee03972755fb0f0f65902f8157fcd3de11935efc3249266eaeacca0c,23213e43ee03972755fb0f0f65902f8157fcd3de11935efc3249266eaeacca0c,unchanged
src/spine/geometry.py,src,4234,4234,3e74adb91ad11297da96b222ad715852c0a9dcc0be0ae1c46480ae29bd940d68,3e74adb91ad11297da96b222ad715852c0a9dcc0be0ae1c46480ae29bd940d68,unchanged
src/spine/impedance.py,src,10918,10918,c8ee75e9ac7848c6dc78c2d0e9c245a020a1ef052d0b91b1fde98e507b2af483,c8ee75e9ac7848c6dc78c2d0e9c245a020a1ef052d0b91b1fde98e507b2af483,unchanged
src/spine/io.py,src,973,973,3bd7b060658286dc06b11e493b26ec7c81589617733c3936ed798aa4a18d438c,3bd7b060658286dc06b11e493b26ec7c81589617733c3936ed798aa4a18d438c,unchanged
src/spine/metrics.py,src,4279,4279,024af59bed7cb3d8480fb16bcf0d3fd2d301af516d2efd8e62f65b9e5a847722,024af59bed7cb3d8480fb16bcf0d3fd2d301af516d2efd8e62f65b9e5a847722,unchanged
src/spine/morphology.py,src,9062,9062,f9cf9271f5c88b878b31345459b5e63768b0939748220d0cc70c79c96d53beeb,f9cf9271f5c88b878b31345459b5e63768b0939748220d0cc70c79c96d53beeb,unchanged
src/spine/network.py,src,6076,6076,1f0e5cc86c30f1f2d587c1b67c2204ce2327e60ecbd12d75dad56589ae3c50f1,1f0e5cc86c30f1f2d587c1b67c2204ce2327e60ecbd12d75dad56589ae3c50f1,unchanged
src/spine/passive.py,src,7599,7599,19407d756e08303814ebc163d82641b7a66b684127f6b15632dc23f8d4c94254,19407d756e08303814ebc163d82641b7a66b684127f6b15632dc23f8d4c94254,unchanged
src/spine/phase03.py,src,29746,29746,154e151a214b7ce94ce37bfb81570de2d7d7c58d3bd86cc6ff12002a1fc4cf7b,154e151a214b7ce94ce37bfb81570de2d7d7c58d3bd86cc6ff12002a1fc4cf7b,unchanged
src/spine/phase04.py,src,31793,31793,1ed00065e85430996f7831c3085cdc545d39013e55bc6cf8a5deda295f344736,1ed00065e85430996f7831c3085cdc545d39013e55bc6cf8a5deda295f344736,unchanged
src/spine/phase05.py,src,42586,42586,6be8dc3faa6c234992f2ed37d42510ad04629c8f4cba581d210240a601cd0423,6be8dc3faa6c234992f2ed37d42510ad04629c8f4cba581d210240a601cd0423,unchanged
src/spine/phase05_1.py,src,25716,25716,69b0d453e58ec668964ea716babc092c0a31c382aa054e62b12eaad4be6744db,69b0d453e58ec668964ea716babc092c0a31c382aa054e62b12eaad4be6744db,unchanged
src/spine/phase06.py,src,45802,45802,016cfbcec53db54dcea3bf2570bcc3650e28b8cf176b0bc7c5b2bc11a7cc4282,016cfbcec53db54dcea3bf2570bcc3650e28b8cf176b0bc7c5b2bc11a7cc4282,unchanged
src/spine/plotting.py,src,1159,1159,95c26eb9924eff36868f963a089d95aa974d514b418e88d3416f741cdfe2c38f,95c26eb9924eff36868f963a089d95aa974d514b418e88d3416f741cdfe2c38f,unchanged
src/spine/protocols.py,src,26719,26719,5979da336c50cd03881d588a4a9b8f6de74070129d7128ffee5481358938009e,5979da336c50cd03881d588a4a9b8f6de74070129d7128ffee5481358938009e,unchanged
src/spine/sensitivity.py,src,67,67,31cef7f9022da0a5c9404d139d455b50c93a7175e2fe07e217f3064bf80d140c,31cef7f9022da0a5c9404d139d455b50c93a7175e2fe07e217f3064bf80d140c,unchanged
src/spine/solvers.py,src,130,130,2d6370b6ce09dd212086130c06fc63a624512df178629b1572ff2e04c3abf9c0,2d6370b6ce09dd212086130c06fc63a624512df178629b1572ff2e04c3abf9c0,unchanged
src/spine/sweeps.py,src,67,67,538b6d8ed78eb6d6b4a0d07c13c5776d1373b76a610b550a284ea031ec993ff4,538b6d8ed78eb6d6b4a0d07c13c5776d1373b76a610b550a284ea031ec993ff4,unchanged
src/spine/synapses.py,src,9326,9326,500fdb262c27c54301e04607e123d4f168ba1d36a78ec5391634076e2b881c42,500fdb262c27c54301e04607e123d4f168ba1d36a78ec5391634076e2b881c42,unchanged
src/spine/units.py,src,2154,2154,03d1758eb421d74c80543894f186683ef1106c81d3867c13ca60e5e7dfec0a45,03d1758eb421d74c80543894f186683ef1106c81d3867c13ca60e5e7dfec0a45,unchanged
src/spine/validation.py,src,76,76,0c40a14ac87df796db6971a3e5d8c7c496c709ce67a876f0333044b706ee1823,0c40a14ac87df796db6971a3e5d8c7c496c709ce67a876f0333044b706ee1823,unchanged
submission/nature_neuroscience/BUILD_INSTRUCTIONS.md,submission\nature_neuroscience,1592,1592,db896ce4183f7cb74a3b39ce3201345d3c653c9879b260a5ec5a21b05e325e35,db896ce4183f7cb74a3b39ce3201345d3c653c9879b260a5ec5a21b05e325e35,unchanged
submission/nature_neuroscience/CLAIM_TO_SOURCE_LEDGER.csv,submission\nature_neuroscience,7989,7989,fbb2c45fbc6bf606c71597c03b314753eebf2f1e6407ebc3bd1367515c64c44b,fbb2c45fbc6bf606c71597c03b314753eebf2f1e6407ebc3bd1367515c64c44b,unchanged
submission/nature_neuroscience/FIGURE_SOURCE_MANIFEST.csv,submission\nature_neuroscience,6341,6341,d9f29041f3adecf14ce968f6266b9d3421d8498ca4ca8a473a77f4836118174c,d9f29041f3adecf14ce968f6266b9d3421d8498ca4ca8a473a77f4836118174c,unchanged
submission/nature_neuroscience/FINAL_SUBMISSION_QA_REPORT.md,submission\nature_neuroscience,1240,1240,b17f7d7ea72f322da885ca67b9d955616fa4612e7c5fc7eaa54515b53a588b0b,b17f7d7ea72f322da885ca67b9d955616fa4612e7c5fc7eaa54515b53a588b0b,unchanged
submission/nature_neuroscience/JOURNAL_REQUIREMENTS_AUDIT.md,submission\nature_neuroscience,2030,2030,c2f8d5722f2a5d85a252d4363c3bc972da23cd32b5a8057a609231203f4ad13c,c2f8d5722f2a5d85a252d4363c3bc972da23cd32b5a8057a609231203f4ad13c,unchanged
submission/nature_neuroscience/Makefile,submission\nature_neuroscience,1239,1239,c5dffbe7456755683fa4ba643e5b9888be4c03ed9b446076c4d3dca9f49f8daa,c5dffbe7456755683fa4ba643e5b9888be4c03ed9b446076c4d3dca9f49f8daa,unchanged
submission/nature_neuroscience/NUMERICAL_VERIFICATION_REPORT.md,submission\nature_neuroscience,5789,5789,81068cb4d0bca70660743b1ff7a01a45c146d514cfd70a38f68ef6917adbcdfe,81068cb4d0bca70660743b1ff7a01a45c146d514cfd70a38f68ef6917adbcdfe,unchanged
submission/nature_neuroscience/SUBMISSION_CHECKLIST.md,submission\nature_neuroscience,1293,1293,632121003934c412dfac12d1fea6366874889018a24bf5177a17862a368a47a7,632121003934c412dfac12d1fea6366874889018a24bf5177a17862a368a47a7,unchanged
submission/nature_neuroscience/TABLE_SOURCE_MANIFEST.csv,submission\nature_neuroscience,3097,3097,5c87727ed46516480acbd860389be7ca865e0b5fefe6e3c136effb437750b164,5c87727ed46516480acbd860389be7ca865e0b5fefe6e3c136effb437750b164,unchanged
submission/nature_neuroscience/WORD_COUNT_AND_DISPLAY_ITEM_AUDIT.md,submission\nature_neuroscience,602,602,7f5d165f35e3c6765681ba52b371036b53311f2fae6513bae3020f890a81bfaa,7f5d165f35e3c6765681ba52b371036b53311f2fae6513bae3020f890a81bfaa,unchanged
submission/nature_neuroscience/build.ps1,submission\nature_neuroscience,3008,3008,dd0e59777c56bf43af43a9508c20b192f81c2d6f43b628c439923da544a02315,dd0e59777c56bf43af43a9508c20b192f81c2d6f43b628c439923da544a02315,unchanged
submission/nature_neuroscience/build.sh,submission\nature_neuroscience,2253,2253,aa6c95c8aa63994c9c3773ed794303793ea4402dd7e3a374dc34ca5ebc9e7215,aa6c95c8aa63994c9c3773ed794303793ea4402dd7e3a374dc34ca5ebc9e7215,unchanged
submission/nature_neuroscience/cover_letter.docx,submission\nature_neuroscience,37504,37504,2c988e8fc6e2d40e560b41ed4486bfee6f8377612cd0b71c4fcd5dfd3a1ab810,2c988e8fc6e2d40e560b41ed4486bfee6f8377612cd0b71c4fcd5dfd3a1ab810,unchanged
submission/nature_neuroscience/cover_letter.pdf,submission\nature_neuroscience,177405,177405,2bae6b531cde0529f129341238a9413f6f7fa8e23d3cfe184883cffe3efb1514,2bae6b531cde0529f129341238a9413f6f7fa8e23d3cfe184883cffe3efb1514,unchanged
submission/nature_neuroscience/extended_data/README.md,submission\nature_neuroscience,211,211,b115f108872796db5000fe8499068d9a01865dcb1635cf963f95f084b9cead22,b115f108872796db5000fe8499068d9a01865dcb1635cf963f95f084b9cead22,unchanged
submission/nature_neuroscience/figures/Fig1_architecture.pdf,submission\nature_neuroscience,56008,56008,162ccad468b689288f30312c3ef3e9ee626cae42c92ea78982d40db77f00a173,162ccad468b689288f30312c3ef3e9ee626cae42c92ea78982d40db77f00a173,unchanged
submission/nature_neuroscience/figures/Fig1_architecture.png,submission\nature_neuroscience,33139,33139,600ed674c83147bc0f87f1852d6a3c964e57f03e7d575f14cb172a9c53cf5d4b,600ed674c83147bc0f87f1852d6a3c964e57f03e7d575f14cb172a9c53cf5d4b,unchanged
submission/nature_neuroscience/figures/Fig1_architecture.svg,submission\nature_neuroscience,6676,6676,b470af1ac7b42fcba92a7a7480fb0bca3ab8c98f4b015f377b7475064e1cbac3,b470af1ac7b42fcba92a7a7480fb0bca3ab8c98f4b015f377b7475064e1cbac3,unchanged
submission/nature_neuroscience/figures/Fig2_baseline_traces.pdf,submission\nature_neuroscience,78215,78215,c007a47e8a91e32733d69e3a97969647003fda53a29d9214eb04be82d8aef163,c007a47e8a91e32733d69e3a97969647003fda53a29d9214eb04be82d8aef163,unchanged
submission/nature_neuroscience/figures/Fig2_baseline_traces.png,submission\nature_neuroscience,25110,25110,a86f5737c67998b6c31b8621fcd66f3c8a9d77bb3a04ba8d86a9c9d2bd09db96,a86f5737c67998b6c31b8621fcd66f3c8a9d77bb3a04ba8d86a9c9d2bd09db96,unchanged
submission/nature_neuroscience/figures/Fig2_baseline_traces.svg,submission\nature_neuroscience,1194114,1194114,e94bc84e209fdf3b38761d300122433b1ee15f82cc33229903100f8f775cb4e6,e94bc84e209fdf3b38761d300122433b1ee15f82cc33229903100f8f775cb4e6,unchanged
submission/nature_neuroscience/figures/Fig3_divider_residuals.pdf,submission\nature_neuroscience,130582,130582,42d6f9b68fe1bdbe05600e7d173099324e2b99dedaeb478fb17804eb1871c301,42d6f9b68fe1bdbe05600e7d173099324e2b99dedaeb478fb17804eb1871c301,unchanged
submission/nature_neuroscience/figures/Fig3_divider_residuals.png,submission\nature_neuroscience,618218,618218,016d1042588af951b5979e58f01fcb0a3485766f41a42dfb18b92d3e8425d932,016d1042588af951b5979e58f01fcb0a3485766f41a42dfb18b92d3e8425d932,unchanged
submission/nature_neuroscience/figures/Fig3_divider_residuals.svg,submission\nature_neuroscience,1305365,1305365,0290dd78d2437e5e20db111739aa0c9fe0cd85de255b224bd102d44caf1adaa8,0290dd78d2437e5e20db111739aa0c9fe0cd85de255b224bd102d44caf1adaa8,unchanged
submission/nature_neuroscience/figures/Fig3_load_normalization.pdf,submission\nature_neuroscience,85911,85911,2c983f47d011231bd8bc900188e13cfe172633e213fddddd7ba302e5bb955dad,2c983f47d011231bd8bc900188e13cfe172633e213fddddd7ba302e5bb955dad,unchanged
submission/nature_neuroscience/figures/Fig3_load_normalization.png,submission\nature_neuroscience,32419,32419,9e2246ed34ec45277ffddbcfa967e77457b68645d7fb00f5ad93dae6a58dbc9f,9e2246ed34ec45277ffddbcfa967e77457b68645d7fb00f5ad93dae6a58dbc9f,unchanged
submission/nature_neuroscience/figures/Fig3_load_normalization.svg,submission\nature_neuroscience,97936,97936,6f1db2e8d194c86531a8b4bc14af885cc54bede5c730cf7f291e5722f3568393,6f1db2e8d194c86531a8b4bc14af885cc54bede5c730cf7f291e5722f3568393,unchanged
submission/nature_neuroscience/figures/Fig4_passive_domain.pdf,submission\nature_neuroscience,83468,83468,a44d32086ed56b2e90e198a3e314d6da0373468cc5bdb00b05660dc7758b6388,a44d32086ed56b2e90e198a3e314d6da0373468cc5bdb00b05660dc7758b6388,unchanged
submission/nature_neuroscience/figures/Fig4_passive_domain.png,submission\nature_neuroscience,32132,32132,952ab9f7219d0f7f260a8211085a980d2a36cbd3f4e36c423568c2c8fb0befb7,952ab9f7219d0f7f260a8211085a980d2a36cbd3f4e36c423568c2c8fb0befb7,unchanged
submission/nature_neuroscience/figures/Fig4_passive_domain.svg,submission\nature_neuroscience,14156,14156,c36b726c07b141aded3bb31936a19bef90e541a2900c85b56a5a898c7093c5eb,c36b726c07b141aded3bb31936a19bef90e541a2900c85b56a5a898c7093c5eb,unchanged
submission/nature_neuroscience/figures/Fig5_passive_limitations.pdf,submission\nature_neuroscience,89337,89337,f49533973532c1f3a0588d34e4a32873687c80df11fa381771c762d5742e5032,f49533973532c1f3a0588d34e4a32873687c80df11fa381771c762d5742e5032,unchanged
submission/nature_neuroscience/figures/Fig5_passive_limitations.png,submission\nature_neuroscience,30748,30748,3a94a9d0347bc01c971f8585dc3eaf5c5000f59e953d928c3b250822671920c6,3a94a9d0347bc01c971f8585dc3eaf5c5000f59e953d928c3b250822671920c6,unchanged
submission/nature_neuroscience/figures/Fig5_passive_limitations.svg,submission\nature_neuroscience,19332,19332,e0556eca7ee6abfd54a2de9940304057652dd32ae682cc1a258d5866225008b4,e0556eca7ee6abfd54a2de9940304057652dd32ae682cc1a258d5866225008b4,unchanged
submission/nature_neuroscience/figures/Fig6_active_domain.pdf,submission\nature_neuroscience,86585,86585,99a9f4fa666ef7c46962ab35a7ad310a32aa16bbd92d52ac633fdc130285ec8f,99a9f4fa666ef7c46962ab35a7ad310a32aa16bbd92d52ac633fdc130285ec8f,unchanged
submission/nature_neuroscience/figures/Fig6_active_domain.png,submission\nature_neuroscience,31134,31134,a57712a861f18a6ce8b0ce9071b854163bf4c507289bb847da035abff0d6c9cc,a57712a861f18a6ce8b0ce9071b854163bf4c507289bb847da035abff0d6c9cc,unchanged
submission/nature_neuroscience/figures/Fig6_active_domain.svg,submission\nature_neuroscience,23861,23861,d2c75967536dbf9302020f9694a37ba5ec34d8bc43ff639a0745ef7ca5a9769e,d2c75967536dbf9302020f9694a37ba5ec34d8bc43ff639a0745ef7ca5a9769e,unchanged
submission/nature_neuroscience/figures/Fig7_uncertainty_radius.pdf,submission\nature_neuroscience,83047,83047,53a2bfbc8355e2eaa82f7e3bce9cb250e88737b260929be97f6ea93b1a0cf8ec,53a2bfbc8355e2eaa82f7e3bce9cb250e88737b260929be97f6ea93b1a0cf8ec,unchanged
submission/nature_neuroscience/figures/Fig7_uncertainty_radius.png,submission\nature_neuroscience,33625,33625,7ff23c644f40ba11cad2902a9f13656642d6dacf6a431a45e411bddf731d9de6,7ff23c644f40ba11cad2902a9f13656642d6dacf6a431a45e411bddf731d9de6,unchanged
submission/nature_neuroscience/figures/Fig7_uncertainty_radius.svg,submission\nature_neuroscience,18170,18170,fdaaff1769b32019055f34c2518715b54847b750c7e43d39be9179fed2207e97,fdaaff1769b32019055f34c2518715b54847b750c7e43d39be9179fed2207e97,unchanged
submission/nature_neuroscience/figures/Fig8_summary.pdf,submission\nature_neuroscience,93692,93692,e2a1da6829971f3c146304aee937ecae026f373482e960f5f907c27212860e26,e2a1da6829971f3c146304aee937ecae026f373482e960f5f907c27212860e26,unchanged
submission/nature_neuroscience/figures/Fig8_summary.png,submission\nature_neuroscience,49360,49360,f891b5dd148eaa5b973a029ad6f9e755740987cd1a86be838fa4580df1394533,f891b5dd148eaa5b973a029ad6f9e755740987cd1a86be838fa4580df1394533,unchanged
submission/nature_neuroscience/figures/Fig8_summary.svg,submission\nature_neuroscience,10331,10331,6a78cb8d6b2f49ec5178eb14fa1254b761f11ab32861570ebf07b86ddba6fedc,6a78cb8d6b2f49ec5178eb14fa1254b761f11ab32861570ebf07b86ddba6fedc,unchanged
submission/nature_neuroscience/figures/FigS1_fixed_load_heatmap.pdf,submission\nature_neuroscience,76982,76982,a347a10de56fe410c572752d78f9ba261db68154dff7022d8679fa356e214b35,a347a10de56fe410c572752d78f9ba261db68154dff7022d8679fa356e214b35,unchanged
submission/nature_neuroscience/figures/FigS1_fixed_load_heatmap.png,submission\nature_neuroscience,22857,22857,83b93e2514ed56b0da50427877f9e4bfa0e0ec8eb4ce5d5b1b9289d11118d72e,83b93e2514ed56b0da50427877f9e4bfa0e0ec8eb4ce5d5b1b9289d11118d72e,unchanged
submission/nature_neuroscience/figures/FigS1_fixed_load_heatmap.svg,submission\nature_neuroscience,58551,58551,e1b113903cf64af6d700b587c2ac3fc5c39f01c324c2b6acd12344cc2d688c2d,e1b113903cf64af6d700b587c2ac3fc5c39f01c324c2b6acd12344cc2d688c2d,unchanged
submission/nature_neuroscience/figures/FigS2_dt_convergence.pdf,submission\nature_neuroscience,30597,30597,aabc6ec3a1c842c6a25b1e0e42bd98eb06f7a11b754011c79a28d9fd39e522bb,aabc6ec3a1c842c6a25b1e0e42bd98eb06f7a11b754011c79a28d9fd39e522bb,unchanged
submission/nature_neuroscience/figures/FigS2_dt_convergence.png,submission\nature_neuroscience,12672,12672,6ae83d2cf46c6e0c59d8caa95041813403470cb04e79ddfc8d06ec5ca01cf049,6ae83d2cf46c6e0c59d8caa95041813403470cb04e79ddfc8d06ec5ca01cf049,unchanged
submission/nature_neuroscience/figures/FigS2_dt_convergence.svg,submission\nature_neuroscience,3113,3113,9747da72b874aac4df8ac071cd7e8f1a1dc6d2d90a10ae040d0f30020f182bae,9747da72b874aac4df8ac071cd7e8f1a1dc6d2d90a10ae040d0f30020f182bae,unchanged
submission/nature_neuroscience/figures/FigS3_spatial_convergence.pdf,submission\nature_neuroscience,31330,31330,f1f0a9885a43315fc26c1c04f14d4a1ecf25ac4595b682ea055635625d50dfb5,f1f0a9885a43315fc26c1c04f14d4a1ecf25ac4595b682ea055635625d50dfb5,unchanged
submission/nature_neuroscience/figures/FigS3_spatial_convergence.png,submission\nature_neuroscience,14674,14674,64cb12de67c4dd081302cbc802bba10dee07fad0b37fd2500dff5cac92f021e2,64cb12de67c4dd081302cbc802bba10dee07fad0b37fd2500dff5cac92f021e2,unchanged
submission/nature_neuroscience/figures/FigS3_spatial_convergence.svg,submission\nature_neuroscience,3806,3806,7391fb0d2ba4461f588977b26cc9e8ef33f457fafaf0cda830b4f7c94df25abb,7391fb0d2ba4461f588977b26cc9e8ef33f457fafaf0cda830b4f7c94df25abb,unchanged
submission/nature_neuroscience/figures/FigS4_neck_models.pdf,submission\nature_neuroscience,28060,28060,7c92f0970c35fcbf8c666a780687c1ab3d7fb436c6b0168f4ed9521b48ff7b82,7c92f0970c35fcbf8c666a780687c1ab3d7fb436c6b0168f4ed9521b48ff7b82,unchanged
submission/nature_neuroscience/figures/FigS4_neck_models.png,submission\nature_neuroscience,11926,11926,34f29091309f42831b5aa2045b7a1a96af345e8438a135e12f5453fea0e59f3e,34f29091309f42831b5aa2045b7a1a96af345e8438a135e12f5453fea0e59f3e,unchanged
submission/nature_neuroscience/figures/FigS4_neck_models.svg,submission\nature_neuroscience,4247,4247,5f791708cf1c8cc85ed172dd9355ab9d099ece1b10ee30210e4a5b6d2cd40fca,5f791708cf1c8cc85ed172dd9355ab9d099ece1b10ee30210e4a5b6d2cd40fca,unchanged
submission/nature_neuroscience/figures/FigS5_smi_interval_width.pdf,submission\nature_neuroscience,28874,28874,e0cb1d24d109cb396156778ccd5dc753bffcf78c5469fed8309f93ecc4b06dc7,e0cb1d24d109cb396156778ccd5dc753bffcf78c5469fed8309f93ecc4b06dc7,unchanged
submission/nature_neuroscience/figures/FigS5_smi_interval_width.png,submission\nature_neuroscience,13287,13287,27f3c88ddbe3f4503e6950da171c23a63f98d3420d8f10ec4841c711b6b30402,27f3c88ddbe3f4503e6950da171c23a63f98d3420d8f10ec4841c711b6b30402,unchanged
submission/nature_neuroscience/figures/FigS5_smi_interval_width.svg,submission\nature_neuroscience,4103,4103,29e5721fd873d863866bee1a6b862bb435c28649874d5b1c43c9764cfa120eba,29e5721fd873d863866bee1a6b862bb435c28649874d5b1c43c9764cfa120eba,unchanged
submission/nature_neuroscience/figures/FigS6_active_protocol_strength.pdf,submission\nature_neuroscience,38391,38391,70b182c5ba4780e7fc43b89d941d8f547e22082d17702b541cfbd43d0260e142,70b182c5ba4780e7fc43b89d941d8f547e22082d17702b541cfbd43d0260e142,unchanged
submission/nature_neuroscience/figures/FigS6_active_protocol_strength.png,submission\nature_neuroscience,14535,14535,51bb131ef274a38939bc07ab7bb5715b8285f5703bb61e622fe49896d2c114e2,51bb131ef274a38939bc07ab7bb5715b8285f5703bb61e622fe49896d2c114e2,unchanged
submission/nature_neuroscience/figures/FigS6_active_protocol_strength.svg,submission\nature_neuroscience,6121,6121,c11492652a85cb0185ec070f823dd74c48f75ec4553aee32b68b0e9978d0ce06,c11492652a85cb0185ec070f823dd74c48f75ec4553aee32b68b0e9978d0ce06,unchanged
submission/nature_neuroscience/figures/FigS7_active_impedance.pdf,submission\nature_neuroscience,28906,28906,8d51c08ad5b6e9302c5201a4125b97bbbc66a74506a0206557412e57e2df13c8,8d51c08ad5b6e9302c5201a4125b97bbbc66a74506a0206557412e57e2df13c8,unchanged
submission/nature_neuroscience/figures/FigS7_active_impedance.png,submission\nature_neuroscience,12744,12744,d8d6a8e19d2dbf922416b579b94324de1439ff42c0b2c6d49c1738af333422fd,d8d6a8e19d2dbf922416b579b94324de1439ff42c0b2c6d49c1738af333422fd,unchanged
submission/nature_neuroscience/figures/FigS7_active_impedance.svg,submission\nature_neuroscience,5034,5034,c6d9226e66141307463223ea33e1eac50bd189fa67564e2266e83512ce3a89b8,c6d9226e66141307463223ea33e1eac50bd189fa67564e2266e83512ce3a89b8,unchanged
submission/nature_neuroscience/figures/FigS8_phase06_smi_amplitude.pdf,submission\nature_neuroscience,27738,27738,be0d34ddf5cf34be85cdea62ad6a978288b059d19c2aef82aaf34e6d4c223483,be0d34ddf5cf34be85cdea62ad6a978288b059d19c2aef82aaf34e6d4c223483,unchanged
submission/nature_neuroscience/figures/FigS8_phase06_smi_amplitude.png,submission\nature_neuroscience,9707,9707,bd429264bf43027f463fe9cdc73338e9abd24c203e33e3cf320ecca80cd1456d,bd429264bf43027f463fe9cdc73338e9abd24c203e33e3cf320ecca80cd1456d,unchanged
submission/nature_neuroscience/figures/FigS8_phase06_smi_amplitude.svg,submission\nature_neuroscience,5826,5826,52bd0fe8614350fb509d90b7f187a0b09a2f9e7dab00e0167afe54d17aabca9b,52bd0fe8614350fb509d90b7f187a0b09a2f9e7dab00e0167afe54d17aabca9b,unchanged
submission/nature_neuroscience/figures/FigS9_phase06_uncertainty.pdf,submission\nature_neuroscience,41668,41668,2e7ee066930706f86b93ebee26490c156ca5b5f32c902a1ef5b28bd3ca2ae213,2e7ee066930706f86b93ebee26490c156ca5b5f32c902a1ef5b28bd3ca2ae213,unchanged
submission/nature_neuroscience/figures/FigS9_phase06_uncertainty.png,submission\nature_neuroscience,17221,17221,21ca2c78d8a5e04c69bb8597d8f8eabaf3aa99ca488be5a77fbacc882bbd6902,21ca2c78d8a5e04c69bb8597d8f8eabaf3aa99ca488be5a77fbacc882bbd6902,unchanged
submission/nature_neuroscience/figures/FigS9_phase06_uncertainty.svg,submission\nature_neuroscience,11032,11032,342d93ef81710b08fd42939bb4f9ea3bfae419ebb0c527ff77894fc588581c6a,342d93ef81710b08fd42939bb4f9ea3bfae419ebb0c527ff77894fc588581c6a,unchanged
submission/nature_neuroscience/figures_publication/Fig1_architecture.pdf,submission\nature_neuroscience,56008,56008,162ccad468b689288f30312c3ef3e9ee626cae42c92ea78982d40db77f00a173,162ccad468b689288f30312c3ef3e9ee626cae42c92ea78982d40db77f00a173,unchanged
submission/nature_neuroscience/figures_publication/Fig1_architecture.png,submission\nature_neuroscience,33139,33139,600ed674c83147bc0f87f1852d6a3c964e57f03e7d575f14cb172a9c53cf5d4b,600ed674c83147bc0f87f1852d6a3c964e57f03e7d575f14cb172a9c53cf5d4b,unchanged
submission/nature_neuroscience/figures_publication/Fig1_architecture.svg,submission\nature_neuroscience,6676,6676,b470af1ac7b42fcba92a7a7480fb0bca3ab8c98f4b015f377b7475064e1cbac3,b470af1ac7b42fcba92a7a7480fb0bca3ab8c98f4b015f377b7475064e1cbac3,unchanged
submission/nature_neuroscience/figures_publication/Fig2_baseline_traces.pdf,submission\nature_neuroscience,78215,78215,c007a47e8a91e32733d69e3a97969647003fda53a29d9214eb04be82d8aef163,c007a47e8a91e32733d69e3a97969647003fda53a29d9214eb04be82d8aef163,unchanged
submission/nature_neuroscience/figures_publication/Fig2_baseline_traces.png,submission\nature_neuroscience,25110,25110,a86f5737c67998b6c31b8621fcd66f3c8a9d77bb3a04ba8d86a9c9d2bd09db96,a86f5737c67998b6c31b8621fcd66f3c8a9d77bb3a04ba8d86a9c9d2bd09db96,unchanged
submission/nature_neuroscience/figures_publication/Fig2_baseline_traces.svg,submission\nature_neuroscience,1194114,1194114,e94bc84e209fdf3b38761d300122433b1ee15f82cc33229903100f8f775cb4e6,e94bc84e209fdf3b38761d300122433b1ee15f82cc33229903100f8f775cb4e6,unchanged
submission/nature_neuroscience/figures_publication/Fig3_divider_residuals.pdf,submission\nature_neuroscience,130582,130582,42d6f9b68fe1bdbe05600e7d173099324e2b99dedaeb478fb17804eb1871c301,42d6f9b68fe1bdbe05600e7d173099324e2b99dedaeb478fb17804eb1871c301,unchanged
submission/nature_neuroscience/figures_publication/Fig3_divider_residuals.png,submission\nature_neuroscience,618218,618218,016d1042588af951b5979e58f01fcb0a3485766f41a42dfb18b92d3e8425d932,016d1042588af951b5979e58f01fcb0a3485766f41a42dfb18b92d3e8425d932,unchanged
submission/nature_neuroscience/figures_publication/Fig3_divider_residuals.svg,submission\nature_neuroscience,1305365,1305365,0290dd78d2437e5e20db111739aa0c9fe0cd85de255b224bd102d44caf1adaa8,0290dd78d2437e5e20db111739aa0c9fe0cd85de255b224bd102d44caf1adaa8,unchanged
submission/nature_neuroscience/figures_publication/Fig3_load_normalization.pdf,submission\nature_neuroscience,85911,85911,2c983f47d011231bd8bc900188e13cfe172633e213fddddd7ba302e5bb955dad,2c983f47d011231bd8bc900188e13cfe172633e213fddddd7ba302e5bb955dad,unchanged
submission/nature_neuroscience/figures_publication/Fig3_load_normalization.png,submission\nature_neuroscience,32419,32419,9e2246ed34ec45277ffddbcfa967e77457b68645d7fb00f5ad93dae6a58dbc9f,9e2246ed34ec45277ffddbcfa967e77457b68645d7fb00f5ad93dae6a58dbc9f,unchanged
submission/nature_neuroscience/figures_publication/Fig3_load_normalization.svg,submission\nature_neuroscience,97936,97936,6f1db2e8d194c86531a8b4bc14af885cc54bede5c730cf7f291e5722f3568393,6f1db2e8d194c86531a8b4bc14af885cc54bede5c730cf7f291e5722f3568393,unchanged
submission/nature_neuroscience/figures_publication/Fig4_passive_domain.pdf,submission\nature_neuroscience,83468,83468,a44d32086ed56b2e90e198a3e314d6da0373468cc5bdb00b05660dc7758b6388,a44d32086ed56b2e90e198a3e314d6da0373468cc5bdb00b05660dc7758b6388,unchanged
submission/nature_neuroscience/figures_publication/Fig4_passive_domain.png,submission\nature_neuroscience,32132,32132,952ab9f7219d0f7f260a8211085a980d2a36cbd3f4e36c423568c2c8fb0befb7,952ab9f7219d0f7f260a8211085a980d2a36cbd3f4e36c423568c2c8fb0befb7,unchanged
submission/nature_neuroscience/figures_publication/Fig4_passive_domain.svg,submission\nature_neuroscience,14156,14156,c36b726c07b141aded3bb31936a19bef90e541a2900c85b56a5a898c7093c5eb,c36b726c07b141aded3bb31936a19bef90e541a2900c85b56a5a898c7093c5eb,unchanged
submission/nature_neuroscience/figures_publication/Fig5_passive_limitations.pdf,submission\nature_neuroscience,89337,89337,f49533973532c1f3a0588d34e4a32873687c80df11fa381771c762d5742e5032,f49533973532c1f3a0588d34e4a32873687c80df11fa381771c762d5742e5032,unchanged
submission/nature_neuroscience/figures_publication/Fig5_passive_limitations.png,submission\nature_neuroscience,30748,30748,3a94a9d0347bc01c971f8585dc3eaf5c5000f59e953d928c3b250822671920c6,3a94a9d0347bc01c971f8585dc3eaf5c5000f59e953d928c3b250822671920c6,unchanged
submission/nature_neuroscience/figures_publication/Fig5_passive_limitations.svg,submission\nature_neuroscience,19332,19332,e0556eca7ee6abfd54a2de9940304057652dd32ae682cc1a258d5866225008b4,e0556eca7ee6abfd54a2de9940304057652dd32ae682cc1a258d5866225008b4,unchanged
submission/nature_neuroscience/figures_publication/Fig6_active_domain.pdf,submission\nature_neuroscience,86585,86585,99a9f4fa666ef7c46962ab35a7ad310a32aa16bbd92d52ac633fdc130285ec8f,99a9f4fa666ef7c46962ab35a7ad310a32aa16bbd92d52ac633fdc130285ec8f,unchanged
submission/nature_neuroscience/figures_publication/Fig6_active_domain.png,submission\nature_neuroscience,31134,31134,a57712a861f18a6ce8b0ce9071b854163bf4c507289bb847da035abff0d6c9cc,a57712a861f18a6ce8b0ce9071b854163bf4c507289bb847da035abff0d6c9cc,unchanged
submission/nature_neuroscience/figures_publication/Fig6_active_domain.svg,submission\nature_neuroscience,23861,23861,d2c75967536dbf9302020f9694a37ba5ec34d8bc43ff639a0745ef7ca5a9769e,d2c75967536dbf9302020f9694a37ba5ec34d8bc43ff639a0745ef7ca5a9769e,unchanged
submission/nature_neuroscience/figures_publication/Fig7_uncertainty_radius.pdf,submission\nature_neuroscience,83047,83047,53a2bfbc8355e2eaa82f7e3bce9cb250e88737b260929be97f6ea93b1a0cf8ec,53a2bfbc8355e2eaa82f7e3bce9cb250e88737b260929be97f6ea93b1a0cf8ec,unchanged
submission/nature_neuroscience/figures_publication/Fig7_uncertainty_radius.png,submission\nature_neuroscience,33625,33625,7ff23c644f40ba11cad2902a9f13656642d6dacf6a431a45e411bddf731d9de6,7ff23c644f40ba11cad2902a9f13656642d6dacf6a431a45e411bddf731d9de6,unchanged
submission/nature_neuroscience/figures_publication/Fig7_uncertainty_radius.svg,submission\nature_neuroscience,18170,18170,fdaaff1769b32019055f34c2518715b54847b750c7e43d39be9179fed2207e97,fdaaff1769b32019055f34c2518715b54847b750c7e43d39be9179fed2207e97,unchanged
submission/nature_neuroscience/figures_publication/Fig8_summary.pdf,submission\nature_neuroscience,93692,93692,e2a1da6829971f3c146304aee937ecae026f373482e960f5f907c27212860e26,e2a1da6829971f3c146304aee937ecae026f373482e960f5f907c27212860e26,unchanged
submission/nature_neuroscience/figures_publication/Fig8_summary.png,submission\nature_neuroscience,49360,49360,f891b5dd148eaa5b973a029ad6f9e755740987cd1a86be838fa4580df1394533,f891b5dd148eaa5b973a029ad6f9e755740987cd1a86be838fa4580df1394533,unchanged
submission/nature_neuroscience/figures_publication/Fig8_summary.svg,submission\nature_neuroscience,10331,10331,6a78cb8d6b2f49ec5178eb14fa1254b761f11ab32861570ebf07b86ddba6fedc,6a78cb8d6b2f49ec5178eb14fa1254b761f11ab32861570ebf07b86ddba6fedc,unchanged
submission/nature_neuroscience/figures_publication/FigS1_fixed_load_heatmap.pdf,submission\nature_neuroscience,76982,76982,a347a10de56fe410c572752d78f9ba261db68154dff7022d8679fa356e214b35,a347a10de56fe410c572752d78f9ba261db68154dff7022d8679fa356e214b35,unchanged
submission/nature_neuroscience/figures_publication/FigS1_fixed_load_heatmap.png,submission\nature_neuroscience,22857,22857,83b93e2514ed56b0da50427877f9e4bfa0e0ec8eb4ce5d5b1b9289d11118d72e,83b93e2514ed56b0da50427877f9e4bfa0e0ec8eb4ce5d5b1b9289d11118d72e,unchanged
submission/nature_neuroscience/figures_publication/FigS1_fixed_load_heatmap.svg,submission\nature_neuroscience,58551,58551,e1b113903cf64af6d700b587c2ac3fc5c39f01c324c2b6acd12344cc2d688c2d,e1b113903cf64af6d700b587c2ac3fc5c39f01c324c2b6acd12344cc2d688c2d,unchanged
submission/nature_neuroscience/figures_publication/FigS2_dt_convergence.pdf,submission\nature_neuroscience,30597,30597,aabc6ec3a1c842c6a25b1e0e42bd98eb06f7a11b754011c79a28d9fd39e522bb,aabc6ec3a1c842c6a25b1e0e42bd98eb06f7a11b754011c79a28d9fd39e522bb,unchanged
submission/nature_neuroscience/figures_publication/FigS2_dt_convergence.png,submission\nature_neuroscience,12672,12672,6ae83d2cf46c6e0c59d8caa95041813403470cb04e79ddfc8d06ec5ca01cf049,6ae83d2cf46c6e0c59d8caa95041813403470cb04e79ddfc8d06ec5ca01cf049,unchanged
submission/nature_neuroscience/figures_publication/FigS2_dt_convergence.svg,submission\nature_neuroscience,3113,3113,9747da72b874aac4df8ac071cd7e8f1a1dc6d2d90a10ae040d0f30020f182bae,9747da72b874aac4df8ac071cd7e8f1a1dc6d2d90a10ae040d0f30020f182bae,unchanged
submission/nature_neuroscience/figures_publication/FigS3_spatial_convergence.pdf,submission\nature_neuroscience,31330,31330,f1f0a9885a43315fc26c1c04f14d4a1ecf25ac4595b682ea055635625d50dfb5,f1f0a9885a43315fc26c1c04f14d4a1ecf25ac4595b682ea055635625d50dfb5,unchanged
submission/nature_neuroscience/figures_publication/FigS3_spatial_convergence.png,submission\nature_neuroscience,14674,14674,64cb12de67c4dd081302cbc802bba10dee07fad0b37fd2500dff5cac92f021e2,64cb12de67c4dd081302cbc802bba10dee07fad0b37fd2500dff5cac92f021e2,unchanged
submission/nature_neuroscience/figures_publication/FigS3_spatial_convergence.svg,submission\nature_neuroscience,3806,3806,7391fb0d2ba4461f588977b26cc9e8ef33f457fafaf0cda830b4f7c94df25abb,7391fb0d2ba4461f588977b26cc9e8ef33f457fafaf0cda830b4f7c94df25abb,unchanged
submission/nature_neuroscience/figures_publication/FigS4_neck_models.pdf,submission\nature_neuroscience,28060,28060,7c92f0970c35fcbf8c666a780687c1ab3d7fb436c6b0168f4ed9521b48ff7b82,7c92f0970c35fcbf8c666a780687c1ab3d7fb436c6b0168f4ed9521b48ff7b82,unchanged
submission/nature_neuroscience/figures_publication/FigS4_neck_models.png,submission\nature_neuroscience,11926,11926,34f29091309f42831b5aa2045b7a1a96af345e8438a135e12f5453fea0e59f3e,34f29091309f42831b5aa2045b7a1a96af345e8438a135e12f5453fea0e59f3e,unchanged
submission/nature_neuroscience/figures_publication/FigS4_neck_models.svg,submission\nature_neuroscience,4247,4247,5f791708cf1c8cc85ed172dd9355ab9d099ece1b10ee30210e4a5b6d2cd40fca,5f791708cf1c8cc85ed172dd9355ab9d099ece1b10ee30210e4a5b6d2cd40fca,unchanged
submission/nature_neuroscience/figures_publication/FigS5_smi_interval_width.pdf,submission\nature_neuroscience,28874,28874,e0cb1d24d109cb396156778ccd5dc753bffcf78c5469fed8309f93ecc4b06dc7,e0cb1d24d109cb396156778ccd5dc753bffcf78c5469fed8309f93ecc4b06dc7,unchanged
submission/nature_neuroscience/figures_publication/FigS5_smi_interval_width.png,submission\nature_neuroscience,13287,13287,27f3c88ddbe3f4503e6950da171c23a63f98d3420d8f10ec4841c711b6b30402,27f3c88ddbe3f4503e6950da171c23a63f98d3420d8f10ec4841c711b6b30402,unchanged
submission/nature_neuroscience/figures_publication/FigS5_smi_interval_width.svg,submission\nature_neuroscience,4103,4103,29e5721fd873d863866bee1a6b862bb435c28649874d5b1c43c9764cfa120eba,29e5721fd873d863866bee1a6b862bb435c28649874d5b1c43c9764cfa120eba,unchanged
submission/nature_neuroscience/figures_publication/FigS6_active_protocol_strength.pdf,submission\nature_neuroscience,38391,38391,70b182c5ba4780e7fc43b89d941d8f547e22082d17702b541cfbd43d0260e142,70b182c5ba4780e7fc43b89d941d8f547e22082d17702b541cfbd43d0260e142,unchanged
submission/nature_neuroscience/figures_publication/FigS6_active_protocol_strength.png,submission\nature_neuroscience,14535,14535,51bb131ef274a38939bc07ab7bb5715b8285f5703bb61e622fe49896d2c114e2,51bb131ef274a38939bc07ab7bb5715b8285f5703bb61e622fe49896d2c114e2,unchanged
submission/nature_neuroscience/figures_publication/FigS6_active_protocol_strength.svg,submission\nature_neuroscience,6121,6121,c11492652a85cb0185ec070f823dd74c48f75ec4553aee32b68b0e9978d0ce06,c11492652a85cb0185ec070f823dd74c48f75ec4553aee32b68b0e9978d0ce06,unchanged
submission/nature_neuroscience/figures_publication/FigS7_active_impedance.pdf,submission\nature_neuroscience,28906,28906,8d51c08ad5b6e9302c5201a4125b97bbbc66a74506a0206557412e57e2df13c8,8d51c08ad5b6e9302c5201a4125b97bbbc66a74506a0206557412e57e2df13c8,unchanged
submission/nature_neuroscience/figures_publication/FigS7_active_impedance.png,submission\nature_neuroscience,12744,12744,d8d6a8e19d2dbf922416b579b94324de1439ff42c0b2c6d49c1738af333422fd,d8d6a8e19d2dbf922416b579b94324de1439ff42c0b2c6d49c1738af333422fd,unchanged
submission/nature_neuroscience/figures_publication/FigS7_active_impedance.svg,submission\nature_neuroscience,5034,5034,c6d9226e66141307463223ea33e1eac50bd189fa67564e2266e83512ce3a89b8,c6d9226e66141307463223ea33e1eac50bd189fa67564e2266e83512ce3a89b8,unchanged
submission/nature_neuroscience/figures_publication/FigS8_phase06_smi_amplitude.pdf,submission\nature_neuroscience,27738,27738,be0d34ddf5cf34be85cdea62ad6a978288b059d19c2aef82aaf34e6d4c223483,be0d34ddf5cf34be85cdea62ad6a978288b059d19c2aef82aaf34e6d4c223483,unchanged
submission/nature_neuroscience/figures_publication/FigS8_phase06_smi_amplitude.png,submission\nature_neuroscience,9707,9707,bd429264bf43027f463fe9cdc73338e9abd24c203e33e3cf320ecca80cd1456d,bd429264bf43027f463fe9cdc73338e9abd24c203e33e3cf320ecca80cd1456d,unchanged
submission/nature_neuroscience/figures_publication/FigS8_phase06_smi_amplitude.svg,submission\nature_neuroscience,5826,5826,52bd0fe8614350fb509d90b7f187a0b09a2f9e7dab00e0167afe54d17aabca9b,52bd0fe8614350fb509d90b7f187a0b09a2f9e7dab00e0167afe54d17aabca9b,unchanged
submission/nature_neuroscience/figures_publication/FigS9_phase06_uncertainty.pdf,submission\nature_neuroscience,41668,41668,2e7ee066930706f86b93ebee26490c156ca5b5f32c902a1ef5b28bd3ca2ae213,2e7ee066930706f86b93ebee26490c156ca5b5f32c902a1ef5b28bd3ca2ae213,unchanged
submission/nature_neuroscience/figures_publication/FigS9_phase06_uncertainty.png,submission\nature_neuroscience,17221,17221,21ca2c78d8a5e04c69bb8597d8f8eabaf3aa99ca488be5a77fbacc882bbd6902,21ca2c78d8a5e04c69bb8597d8f8eabaf3aa99ca488be5a77fbacc882bbd6902,unchanged
submission/nature_neuroscience/figures_publication/FigS9_phase06_uncertainty.svg,submission\nature_neuroscience,11032,11032,342d93ef81710b08fd42939bb4f9ea3bfae419ebb0c527ff77894fc588581c6a,342d93ef81710b08fd42939bb4f9ea3bfae419ebb0c527ff77894fc588581c6a,unchanged
submission/nature_neuroscience/main_blinded.tex,submission\nature_neuroscience,1335,1335,df03a21173d10326b9ca633ebf8eb377a0232e5f36db1715077ec81ca448fb83,df03a21173d10326b9ca633ebf8eb377a0232e5f36db1715077ec81ca448fb83,unchanged
submission/nature_neuroscience/main_unblinded.aux,submission\nature_neuroscience,12541,12541,bb525cb4e12cc35a10c2a8b80420485de23f4a2e1e041221f38ef6b87d462acf,bb525cb4e12cc35a10c2a8b80420485de23f4a2e1e041221f38ef6b87d462acf,unchanged
submission/nature_neuroscience/main_unblinded.bbl,submission\nature_neuroscience,9889,9889,855c3f40898ace59c4bbbbea00dabdbe96678af8c9131e70ecd4cedb00c895bb,855c3f40898ace59c4bbbbea00dabdbe96678af8c9131e70ecd4cedb00c895bb,unchanged
submission/nature_neuroscience/main_unblinded.blg,submission\nature_neuroscience,1063,1063,05679da865520de901ac10374632b1923b2dbe25db3f8fb607eb67bd3f394985,05679da865520de901ac10374632b1923b2dbe25db3f8fb607eb67bd3f394985,unchanged
submission/nature_neuroscience/main_unblinded.docx_UNAVAILABLE.txt,submission\nature_neuroscience,43,43,4da1a6259bd6885ab0ee2136be105435a8d0fb2a6150fa1f3e370ed9bcef542e,4da1a6259bd6885ab0ee2136be105435a8d0fb2a6150fa1f3e370ed9bcef542e,unchanged
submission/nature_neuroscience/main_unblinded.log,submission\nature_neuroscience,29255,29255,69eda4f2e8351c8abdca6e6cb57d6265b60ded338dc2c7ef5f1e3868035d733c,69eda4f2e8351c8abdca6e6cb57d6265b60ded338dc2c7ef5f1e3868035d733c,unchanged
submission/nature_neuroscience/main_unblinded.out,submission\nature_neuroscience,4786,4786,67f10aee107e58762ffcca01f6494c7fd47af9a234aced88b1b3217492badc3c,67f10aee107e58762ffcca01f6494c7fd47af9a234aced88b1b3217492badc3c,unchanged
submission/nature_neuroscience/main_unblinded.pdf,submission\nature_neuroscience,936078,936078,48eeca7b7c71adab978b180408fe00cf0cbd2a9aac0a179fa895da0c0938bb36,48eeca7b7c71adab978b180408fe00cf0cbd2a9aac0a179fa895da0c0938bb36,unchanged
submission/nature_neuroscience/main_unblinded.tex,submission\nature_neuroscience,631,631,8ad7e2c041fe1ebe3d687aed1aab8a871c72c36753106ac3488afc86ad832abd,8ad7e2c041fe1ebe3d687aed1aab8a871c72c36753106ac3488afc86ad832abd,unchanged
submission/nature_neuroscience/metadata.tex,submission\nature_neuroscience,1919,1919,2f8a48c78cecf9a6eff25737d23b80b5646b2096981001919efabf5ce206bed2,2f8a48c78cecf9a6eff25737d23b80b5646b2096981001919efabf5ce206bed2,unchanged
submission/nature_neuroscience/preamble.tex,submission\nature_neuroscience,1468,1468,7abfd3c0732f979b7b5a1540c2bb2fb8595643e141ea3aeddcc288d3e710bf27,7abfd3c0732f979b7b5a1540c2bb2fb8595643e141ea3aeddcc288d3e710bf27,unchanged
submission/nature_neuroscience/references.bib,submission\nature_neuroscience,12095,12095,9abcea1e4570831707abde0af2bc15c3df803771d1ad4e7d76fde50cf2b964b2,9abcea1e4570831707abde0af2bc15c3df803771d1ad4e7d76fde50cf2b964b2,unchanged
submission/nature_neuroscience/sections/abstract.tex,submission\nature_neuroscience,1104,1104,ed38249b832c57be7fb1eaeaa646d1c1c9f1555d48c23c8a52674e5dc5a7d947,ed38249b832c57be7fb1eaeaa646d1c1c9f1555d48c23c8a52674e5dc5a7d947,unchanged
submission/nature_neuroscience/sections/acknowledgments.tex,submission\nature_neuroscience,120,120,77675ee75618ef8f83b74b852f08b3af6e671394a291c6d366d03db40979404e,77675ee75618ef8f83b74b852f08b3af6e671394a291c6d366d03db40979404e,unchanged
submission/nature_neuroscience/sections/conclusions.tex,submission\nature_neuroscience,817,817,2993808163116df3c721b57e0d75fb36741129c1a80cd944e88cab408b25fd5d,2993808163116df3c721b57e0d75fb36741129c1a80cd944e88cab408b25fd5d,unchanged
submission/nature_neuroscience/sections/data_code_availability.tex,submission\nature_neuroscience,1771,1771,2502f77b2a8020cf3b5cedb73c761694e0fb0ae8539bdda61eced5fd71682f08,2502f77b2a8020cf3b5cedb73c761694e0fb0ae8539bdda61eced5fd71682f08,unchanged
submission/nature_neuroscience/sections/disclosures.tex,submission\nature_neuroscience,728,728,804f34f0249ba1c46653caa69c7d68a11c035c3390ef3147364ceb186abf95e2,804f34f0249ba1c46653caa69c7d68a11c035c3390ef3147364ceb186abf95e2,unchanged
submission/nature_neuroscience/sections/discussion.tex,submission\nature_neuroscience,7704,7704,e8c1b13f164319cbac419792c3495e48f7917da654c419fefa47b43bd0228c93,e8c1b13f164319cbac419792c3495e48f7917da654c419fefa47b43bd0228c93,unchanged
submission/nature_neuroscience/sections/introduction.tex,submission\nature_neuroscience,3844,3844,d750675b573f6a8cd9bbf961327a08cf6693ce68c193dd0a950a7516972b1117,d750675b573f6a8cd9bbf961327a08cf6693ce68c193dd0a950a7516972b1117,unchanged
submission/nature_neuroscience/sections/methods.tex,submission\nature_neuroscience,10059,10059,9ad29906003f1ccad552b9d12d4e42d323f466e77916c5a8773dab23378aadd3,9ad29906003f1ccad552b9d12d4e42d323f466e77916c5a8773dab23378aadd3,unchanged
submission/nature_neuroscience/sections/results.tex,submission\nature_neuroscience,15299,15299,7284ee0256617b62b953d0bbc2ab5e1d40e97a612f6e9debc3ec6b787c3d6e91,7284ee0256617b62b953d0bbc2ab5e1d40e97a612f6e9debc3ec6b787c3d6e91,unchanged
submission/nature_neuroscience/source_files.zip,submission\nature_neuroscience,5558324,5558324,f97482cf8c580d32ab2b611f45267dde92e1ccb9f32c571dd5d1ef23566df453,f97482cf8c580d32ab2b611f45267dde92e1ccb9f32c571dd5d1ef23566df453,unchanged
submission/nature_neuroscience/supplement.pdf,submission\nature_neuroscience,635045,635045,a9083d63025fddb9e579cf773f392bbf9985fd04e2968a73e902f728996329ef,a9083d63025fddb9e579cf773f392bbf9985fd04e2968a73e902f728996329ef,unchanged
submission/nature_neuroscience/supplement/figures/FigS1_fixed_load_heatmap.svg,submission\nature_neuroscience,58551,58551,e1b113903cf64af6d700b587c2ac3fc5c39f01c324c2b6acd12344cc2d688c2d,e1b113903cf64af6d700b587c2ac3fc5c39f01c324c2b6acd12344cc2d688c2d,unchanged
submission/nature_neuroscience/supplement/figures/FigS2_dt_convergence.svg,submission\nature_neuroscience,3113,3113,9747da72b874aac4df8ac071cd7e8f1a1dc6d2d90a10ae040d0f30020f182bae,9747da72b874aac4df8ac071cd7e8f1a1dc6d2d90a10ae040d0f30020f182bae,unchanged
submission/nature_neuroscience/supplement/figures/FigS3_spatial_convergence.svg,submission\nature_neuroscience,3806,3806,7391fb0d2ba4461f588977b26cc9e8ef33f457fafaf0cda830b4f7c94df25abb,7391fb0d2ba4461f588977b26cc9e8ef33f457fafaf0cda830b4f7c94df25abb,unchanged
submission/nature_neuroscience/supplement/figures/FigS4_neck_models.svg,submission\nature_neuroscience,4247,4247,5f791708cf1c8cc85ed172dd9355ab9d099ece1b10ee30210e4a5b6d2cd40fca,5f791708cf1c8cc85ed172dd9355ab9d099ece1b10ee30210e4a5b6d2cd40fca,unchanged
submission/nature_neuroscience/supplement/figures/FigS5_active_protocol_strength.svg,submission\nature_neuroscience,665,665,678aa94522a82093e591daf91941f0d62009d317fc5f5f7a9a89874132f7e506,678aa94522a82093e591daf91941f0d62009d317fc5f5f7a9a89874132f7e506,unchanged
submission/nature_neuroscience/supplement/figures/FigS5_smi_interval_width.svg,submission\nature_neuroscience,4103,4103,29e5721fd873d863866bee1a6b862bb435c28649874d5b1c43c9764cfa120eba,29e5721fd873d863866bee1a6b862bb435c28649874d5b1c43c9764cfa120eba,unchanged
submission/nature_neuroscience/supplement/figures/FigS6_active_impedance.svg,submission\nature_neuroscience,657,657,fe0307390fcb2ee00ffeb4efd85e926e30445c8b7cee6aab2b1e85e22c71108c,fe0307390fcb2ee00ffeb4efd85e926e30445c8b7cee6aab2b1e85e22c71108c,unchanged
submission/nature_neuroscience/supplement/figures/FigS6_active_protocol_strength.svg,submission\nature_neuroscience,6121,6121,c11492652a85cb0185ec070f823dd74c48f75ec4553aee32b68b0e9978d0ce06,c11492652a85cb0185ec070f823dd74c48f75ec4553aee32b68b0e9978d0ce06,unchanged
submission/nature_neuroscience/supplement/figures/FigS7_active_impedance.svg,submission\nature_neuroscience,5034,5034,c6d9226e66141307463223ea33e1eac50bd189fa67564e2266e83512ce3a89b8,c6d9226e66141307463223ea33e1eac50bd189fa67564e2266e83512ce3a89b8,unchanged
submission/nature_neuroscience/supplement/figures/FigS7_smi_interval_width.svg,submission\nature_neuroscience,660,660,40ff64dfceb66b8f18ba80968f64c9efc00dc9c7ae17bd148b954b3a30daf67f,40ff64dfceb66b8f18ba80968f64c9efc00dc9c7ae17bd148b954b3a30daf67f,unchanged
submission/nature_neuroscience/supplement/figures/FigS8_phase06_smi_amplitude.svg,submission\nature_neuroscience,5826,5826,52bd0fe8614350fb509d90b7f187a0b09a2f9e7dab00e0167afe54d17aabca9b,52bd0fe8614350fb509d90b7f187a0b09a2f9e7dab00e0167afe54d17aabca9b,unchanged
submission/nature_neuroscience/supplement/figures/FigS9_phase06_uncertainty.svg,submission\nature_neuroscience,11032,11032,342d93ef81710b08fd42939bb4f9ea3bfae419ebb0c527ff77894fc588581c6a,342d93ef81710b08fd42939bb4f9ea3bfae419ebb0c527ff77894fc588581c6a,unchanged
submission/nature_neuroscience/supplement/figures_pdf/FigS1_fixed_load_heatmap.pdf,submission\nature_neuroscience,76982,76982,a347a10de56fe410c572752d78f9ba261db68154dff7022d8679fa356e214b35,a347a10de56fe410c572752d78f9ba261db68154dff7022d8679fa356e214b35,unchanged
submission/nature_neuroscience/supplement/figures_pdf/FigS2_dt_convergence.pdf,submission\nature_neuroscience,30597,30597,aabc6ec3a1c842c6a25b1e0e42bd98eb06f7a11b754011c79a28d9fd39e522bb,aabc6ec3a1c842c6a25b1e0e42bd98eb06f7a11b754011c79a28d9fd39e522bb,unchanged
submission/nature_neuroscience/supplement/figures_pdf/FigS3_spatial_convergence.pdf,submission\nature_neuroscience,31330,31330,f1f0a9885a43315fc26c1c04f14d4a1ecf25ac4595b682ea055635625d50dfb5,f1f0a9885a43315fc26c1c04f14d4a1ecf25ac4595b682ea055635625d50dfb5,unchanged
submission/nature_neuroscience/supplement/figures_pdf/FigS4_neck_models.pdf,submission\nature_neuroscience,28060,28060,7c92f0970c35fcbf8c666a780687c1ab3d7fb436c6b0168f4ed9521b48ff7b82,7c92f0970c35fcbf8c666a780687c1ab3d7fb436c6b0168f4ed9521b48ff7b82,unchanged
submission/nature_neuroscience/supplement/figures_pdf/FigS5_active_protocol_strength.pdf,submission\nature_neuroscience,1565,1565,db8fe4ecadb4f709c3306d927c832b894ceb2c02c5e688225d128d453255bfe5,db8fe4ecadb4f709c3306d927c832b894ceb2c02c5e688225d128d453255bfe5,unchanged
submission/nature_neuroscience/supplement/figures_pdf/FigS5_smi_interval_width.pdf,submission\nature_neuroscience,28874,28874,e0cb1d24d109cb396156778ccd5dc753bffcf78c5469fed8309f93ecc4b06dc7,e0cb1d24d109cb396156778ccd5dc753bffcf78c5469fed8309f93ecc4b06dc7,unchanged
submission/nature_neuroscience/supplement/figures_pdf/FigS6_active_impedance.pdf,submission\nature_neuroscience,1551,1551,05f6cee6607cf60f93ed7d885d370d7f856cd50b03c77832721a2a4b05ccdc43,05f6cee6607cf60f93ed7d885d370d7f856cd50b03c77832721a2a4b05ccdc43,unchanged
submission/nature_neuroscience/supplement/figures_pdf/FigS6_active_protocol_strength.pdf,submission\nature_neuroscience,38391,38391,70b182c5ba4780e7fc43b89d941d8f547e22082d17702b541cfbd43d0260e142,70b182c5ba4780e7fc43b89d941d8f547e22082d17702b541cfbd43d0260e142,unchanged
submission/nature_neuroscience/supplement/figures_pdf/FigS7_active_impedance.pdf,submission\nature_neuroscience,28906,28906,8d51c08ad5b6e9302c5201a4125b97bbbc66a74506a0206557412e57e2df13c8,8d51c08ad5b6e9302c5201a4125b97bbbc66a74506a0206557412e57e2df13c8,unchanged
submission/nature_neuroscience/supplement/figures_pdf/FigS7_smi_interval_width.pdf,submission\nature_neuroscience,1561,1561,3e335abba329f39da346c41f9d0d38678068ca9271b0bb1323850b2afed8fb5b,3e335abba329f39da346c41f9d0d38678068ca9271b0bb1323850b2afed8fb5b,unchanged
submission/nature_neuroscience/supplement/figures_pdf/FigS8_phase06_smi_amplitude.pdf,submission\nature_neuroscience,27738,27738,be0d34ddf5cf34be85cdea62ad6a978288b059d19c2aef82aaf34e6d4c223483,be0d34ddf5cf34be85cdea62ad6a978288b059d19c2aef82aaf34e6d4c223483,unchanged
submission/nature_neuroscience/supplement/figures_pdf/FigS9_phase06_uncertainty.pdf,submission\nature_neuroscience,41668,41668,2e7ee066930706f86b93ebee26490c156ca5b5f32c902a1ef5b28bd3ca2ae213,2e7ee066930706f86b93ebee26490c156ca5b5f32c902a1ef5b28bd3ca2ae213,unchanged
submission/nature_neuroscience/supplement/sections/active_mechanisms.tex,submission\nature_neuroscience,1808,1808,37e3643528374f6be1a9fa875913cc36aadba6ed2a66e267b26ed6ebe7cc8a39,37e3643528374f6be1a9fa875913cc36aadba6ed2a66e267b26ed6ebe7cc8a39,unchanged
submission/nature_neuroscience/supplement/sections/exploratory_phase06.tex,submission\nature_neuroscience,1591,1591,a4708a9a4b80879a397fa74098ca90b40bdcf1b65be279c7720c2cc0fd51513c,a4708a9a4b80879a397fa74098ca90b40bdcf1b65be279c7720c2cc0fd51513c,unchanged
submission/nature_neuroscience/supplement/sections/extended_equations.tex,submission\nature_neuroscience,2725,2725,28d04ca98641a653c80a5fb55743d3a532bd0a1c27aaffeba0bde54c15882743,28d04ca98641a653c80a5fb55743d3a532bd0a1c27aaffeba0bde54c15882743,unchanged
submission/nature_neuroscience/supplement/sections/extended_limitations.tex,submission\nature_neuroscience,1675,1675,5c769a4048415c952326fd58a831c10021410fc21a980b8fe954e5ae687f652a,5c769a4048415c952326fd58a831c10021410fc21a980b8fe954e5ae687f652a,unchanged
submission/nature_neuroscience/supplement/sections/numerical_validation.tex,submission\nature_neuroscience,4450,4450,e31bef4615a1f92d55349026bb3a8d337478bf955ed8f681680288782a1aec72,e31bef4615a1f92d55349026bb3a8d337478bf955ed8f681680288782a1aec72,unchanged
submission/nature_neuroscience/supplement/sections/release_environment_and_provenance.tex,submission\nature_neuroscience,1232,1232,9826bbcd72df4236f7cb5ba91de4683a72122466a11fceec1934f2dc1d0418dc,9826bbcd72df4236f7cb5ba91de4683a72122466a11fceec1934f2dc1d0418dc,unchanged
submission/nature_neuroscience/supplement/sections/reproducibility_commands.tex,submission\nature_neuroscience,1619,1619,223b0f4c512e177e8dfd1711905eeb8f73c2ab2fb1650f1c382821497bdb3dda,223b0f4c512e177e8dfd1711905eeb8f73c2ab2fb1650f1c382821497bdb3dda,unchanged
submission/nature_neuroscience/supplement/sections/uncertainty_identifiability.tex,submission\nature_neuroscience,2437,2437,7607122c0754ef5ca077df1f3fbf4b5819a2a302f423cd7d7568afdda5ff2d3d,7607122c0754ef5ca077df1f3fbf4b5819a2a302f423cd7d7568afdda5ff2d3d,unchanged
submission/nature_neuroscience/supplement/supplement.aux,submission\nature_neuroscience,8111,8111,89ac1c459dd2d57f058dfdc0e24dddf881eeacfe36d2c0b287b47946372324b9,89ac1c459dd2d57f058dfdc0e24dddf881eeacfe36d2c0b287b47946372324b9,unchanged
submission/nature_neuroscience/supplement/supplement.bbl,submission\nature_neuroscience,5354,5354,39ace4ec3672bc30688c4effc760f74c7571144353793766d173d8539af8675c,39ace4ec3672bc30688c4effc760f74c7571144353793766d173d8539af8675c,unchanged
submission/nature_neuroscience/supplement/supplement.blg,submission\nature_neuroscience,1051,1051,68b8f6ea41a0a298a823b7c3d8e4a56490486b1beb5dfcf14150d4d9bfeb5779,68b8f6ea41a0a298a823b7c3d8e4a56490486b1beb5dfcf14150d4d9bfeb5779,unchanged
submission/nature_neuroscience/supplement/supplement.log,submission\nature_neuroscience,29644,29644,08c6ec2c66a53b5c185d44b698cb6b8b045e1680fcd430f22967f7991e63d357,08c6ec2c66a53b5c185d44b698cb6b8b045e1680fcd430f22967f7991e63d357,unchanged
submission/nature_neuroscience/supplement/supplement.out,submission\nature_neuroscience,1452,1452,aec55534b9bdd0a51afbdbea2e701950fdad14b4b76864bbdc3c3304597096b4,aec55534b9bdd0a51afbdbea2e701950fdad14b4b76864bbdc3c3304597096b4,unchanged
submission/nature_neuroscience/supplement/supplement.pdf,submission\nature_neuroscience,635045,635045,a9083d63025fddb9e579cf773f392bbf9985fd04e2968a73e902f728996329ef,a9083d63025fddb9e579cf773f392bbf9985fd04e2968a73e902f728996329ef,unchanged
submission/nature_neuroscience/supplement/supplement.tex,submission\nature_neuroscience,1272,1272,0a04724d2966e20a391d5759da4ad10378133610eecaf00e9154896dd6be2882,0a04724d2966e20a391d5759da4ad10378133610eecaf00e9154896dd6be2882,unchanged
submission/nature_neuroscience/supplement/tables/active_mechanism_reproducibility_map.tex,submission\nature_neuroscience,1552,1552,7e2c61940243fc7745759a253e5114b58558d132c66b5c724695dd06ca998043,7e2c61940243fc7745759a253e5114b58558d132c66b5c724695dd06ca998043,unchanged
submission/nature_neuroscience/supplement/tables/environment_versions.tex,submission\nature_neuroscience,2091,2091,d6d7d1beb4c041197aee38213250d5e1e3e07ab1541e13d57cfa02bad2fc1459,d6d7d1beb4c041197aee38213250d5e1e3e07ab1541e13d57cfa02bad2fc1459,unchanged
submission/nature_neuroscience/supplement/tables/high_rhol_stress_test_summary.tex,submission\nature_neuroscience,749,749,cd924ea9f1791bac1dca8c56f5649c3a3172079fe375c83bdb36b20c96ab1f93,cd924ea9f1791bac1dca8c56f5649c3a3172079fe375c83bdb36b20c96ab1f93,unchanged
submission/nature_neuroscience/supplement/tables/residual_metric_controls_expanded.tex,submission\nature_neuroscience,1140,1140,ce762c3edf2fe1c64572202dba068e0fc6454170f2c75e5c5426bdb6d7c214f0,ce762c3edf2fe1c64572202dba068e0fc6454170f2c75e5c5426bdb6d7c214f0,unchanged
submission/nature_neuroscience/supplement/tables/residual_rowclass_summary.tex,submission\nature_neuroscience,1655,1655,7cc35cb7e48c43da131164b6a293fa0cf2685bec01ef05f32432d5595d8c09e9,7cc35cb7e48c43da131164b6a293fa0cf2685bec01ef05f32432d5595d8c09e9,unchanged
submission/nature_neuroscience/supplement/tables/row_provenance_reconciled.tex,submission\nature_neuroscience,2649,2649,a3ad8ff461b279c79decc124718391965ef8346eb40f80ce05fffdee54062d98,a3ad8ff461b279c79decc124718391965ef8346eb40f80ce05fffdee54062d98,unchanged
submission/nature_neuroscience/supplement/tables/validation_coverage_by_row_class.tex,submission\nature_neuroscience,1526,1526,3d61ecc12bbf7faf3d4cd225980b6a5f9c05cd7dc24055025d6928f7fd99f48f,3d61ecc12bbf7faf3d4cd225980b6a5f9c05cd7dc24055025d6928f7fd99f48f,unchanged
submission/nature_neuroscience/tables/active_parameter_summary.tex,submission\nature_neuroscience,1373,1373,7e77c8742cd757cee974a26387bca4a43a2124f3640b96018c4ae800f5e3591e,7e77c8742cd757cee974a26387bca4a43a2124f3640b96018c4ae800f5e3591e,unchanged
submission/nature_neuroscience/tables/claim_summary.tex,submission\nature_neuroscience,2018,2018,0cdaf22159e00917ca72eb234d7b1439a546b590e92a1bf1fc4aa6900e329360,0cdaf22159e00917ca72eb234d7b1439a546b590e92a1bf1fc4aa6900e329360,unchanged
submission/nature_neuroscience/tables/parameters.tex,submission\nature_neuroscience,1560,1560,8b4319e7579f54e9fe59844cce43bee58382947155a25a384caca5cd3a1dd7ed,8b4319e7579f54e9fe59844cce43bee58382947155a25a384caca5cd3a1dd7ed,unchanged
submission/nature_neuroscience/tables/predictor_summary.tex,submission\nature_neuroscience,1535,1535,3e906cedf85c159b85fd666acb0357027a4b7fc9a207db974db6550efc3a5116,3e906cedf85c159b85fd666acb0357027a4b7fc9a207db974db6550efc3a5116,unchanged
submission/nature_neuroscience/tables/validation_summary.tex,submission\nature_neuroscience,2171,2171,3f165fd67ae56542d16e023e302a3b1b1f4151342dab804bfb9f5b4574c9a735,3f165fd67ae56542d16e023e302a3b1b1f4151342dab804bfb9f5b4574c9a735,unchanged
submission/nature_neuroscience/title_page.docx,submission\nature_neuroscience,37033,37033,ff3f397b34a66551809efaf4906c1f372b7795507feccaf42b7dc66fb74cbecf,ff3f397b34a66551809efaf4906c1f372b7795507feccaf42b7dc66fb74cbecf,unchanged
tests/__pycache__/test_config.cpython-312.pyc,tests,1621,1621,9775df69924180c1a15978788da37c8e4a8a41bb2d5799d6a2a30c25495070c4,9775df69924180c1a15978788da37c8e4a8a41bb2d5799d6a2a30c25495070c4,unchanged
tests/__pycache__/test_config.cpython-314.pyc,tests,1732,1732,b4cf83038fcb0e37574bf842147b77009d7f31ee0b637fd86ddff04bc26b329f,b4cf83038fcb0e37574bf842147b77009d7f31ee0b637fd86ddff04bc26b329f,unchanged
tests/__pycache__/test_import.cpython-312.pyc,tests,661,661,84429a2fb59c70be339978bda4ea6a3012436b157ae85a56561bac96b0219b21,84429a2fb59c70be339978bda4ea6a3012436b157ae85a56561bac96b0219b21,unchanged
tests/__pycache__/test_import.cpython-314.pyc,tests,770,770,3bbda7147d1e0e0beca9e46f2db6539dee002de49b0387ce3cf92c9e34e16702,3bbda7147d1e0e0beca9e46f2db6539dee002de49b0387ce3cf92c9e34e16702,unchanged
tests/__pycache__/test_phase01_passive_core.cpython-312.pyc,tests,13538,13538,f36acbd7d3919eb0082673be39547ada31f921a2986ec16cfdb8b61c742b9f3c,f36acbd7d3919eb0082673be39547ada31f921a2986ec16cfdb8b61c742b9f3c,unchanged
tests/__pycache__/test_phase01_passive_core.cpython-314.pyc,tests,14110,14110,95cee5ecbd355ae19ce932b6cb31d41c4b7749037e2c21accbbeb502414b645d,95cee5ecbd355ae19ce932b6cb31d41c4b7749037e2c21accbbeb502414b645d,unchanged
tests/__pycache__/test_phase02_reproduction_outputs.cpython-312.pyc,tests,4659,4659,933c2afece5b53a909c0fbdba5c1a5dea3f87b65b5a0f67f858742accc2f9f07,933c2afece5b53a909c0fbdba5c1a5dea3f87b65b5a0f67f858742accc2f9f07,unchanged
tests/__pycache__/test_phase02_reproduction_outputs.cpython-314.pyc,tests,5251,5251,86102c02491e7ba34992202559df8fe608713ac49d9fb7b01e3f9dd0be4362be,86102c02491e7ba34992202559df8fe608713ac49d9fb7b01e3f9dd0be4362be,unchanged
tests/__pycache__/test_phase03_morphology_impedance.cpython-312.pyc,tests,8912,8912,ff1ebfeba6edf7a0abc721eb3c7cc4856f0346633f534a5fc47d82e8ec87c0e6,ff1ebfeba6edf7a0abc721eb3c7cc4856f0346633f534a5fc47d82e8ec87c0e6,unchanged
tests/__pycache__/test_phase03_morphology_impedance.cpython-314.pyc,tests,9420,9420,d92be6a9088dfa75e6bc8f513aeba186b9d58c7e94a75d7ddde2c741ff6244d7,d92be6a9088dfa75e6bc8f513aeba186b9d58c7e94a75d7ddde2c741ff6244d7,unchanged
tests/__pycache__/test_phase04_active_nonlinear.cpython-312.pyc,tests,8845,8845,3a04b6da7823ede744c8730865428e01db0e5a749575583b7d141d2ede9a2d81,3a04b6da7823ede744c8730865428e01db0e5a749575583b7d141d2ede9a2d81,unchanged
tests/__pycache__/test_phase04_active_nonlinear.cpython-314.pyc,tests,9756,9756,3b05366db350808bfb470919da02ba7758df361f79db036ef74fd6cbbef9358d,3b05366db350808bfb470919da02ba7758df361f79db036ef74fd6cbbef9358d,unchanged
tests/__pycache__/test_phase05_1_convergence_audit.cpython-312.pyc,tests,7342,7342,e6a3720077864add6066f2187ac46f637c1740b9f9fdee22a48b336bc38ecc17,e6a3720077864add6066f2187ac46f637c1740b9f9fdee22a48b336bc38ecc17,unchanged
tests/__pycache__/test_phase05_1_convergence_audit.cpython-314.pyc,tests,8301,8301,499a1662d7b1fe9bea93f7e9f8fa39116366981e0fccd5b1fd538158a93f3d8f,499a1662d7b1fe9bea93f7e9f8fa39116366981e0fccd5b1fd538158a93f3d8f,unchanged
tests/__pycache__/test_phase05_sensitivity_statistics.cpython-312.pyc,tests,9281,9281,1182c3d62ab675821e512aaa012c3b7f0331c4c0d1c9bdb99b3eb278eaf6f3b3,1182c3d62ab675821e512aaa012c3b7f0331c4c0d1c9bdb99b3eb278eaf6f3b3,unchanged
tests/__pycache__/test_phase05_sensitivity_statistics.cpython-314.pyc,tests,10171,10171,5814f238545bb45fe1e879308329dbee2361595036667590233eb768186af0d4,5814f238545bb45fe1e879308329dbee2361595036667590233eb768186af0d4,unchanged
tests/__pycache__/test_phase06_epilepsy_exploratory.cpython-312.pyc,tests,7516,7516,b79faa62280f66aa98572c95322f5fc20072efb8492684b322f423086609efa5,b79faa62280f66aa98572c95322f5fc20072efb8492684b322f423086609efa5,unchanged
tests/__pycache__/test_phase06_epilepsy_exploratory.cpython-314.pyc,tests,9014,9014,f8564d011865ed2c17e4f643774c4e4fa9100f6cd0561525049365affe794fab,f8564d011865ed2c17e4f643774c4e4fa9100f6cd0561525049365affe794fab,unchanged
tests/__pycache__/test_phase07_release_package.cpython-312.pyc,tests,6764,6764,e1dc27d44df7280c6d3536e6a7f49bd74d110f98957479d62d4af6905d000bf2,e1dc27d44df7280c6d3536e6a7f49bd74d110f98957479d62d4af6905d000bf2,unchanged
tests/__pycache__/test_phase07_release_package.cpython-314.pyc,tests,8069,8069,dad638aad824ab59059f1abcabf6874dd3af8cde7dd3d35fe0f0b4cd9570c0e1,dad638aad824ab59059f1abcabf6874dd3af8cde7dd3d35fe0f0b4cd9570c0e1,unchanged
tests/__pycache__/test_phase08_manuscript_package.cpython-312.pyc,tests,8027,8027,6d2e17731811638c89791e6e2a681c5072765fe6437c3941daef75f3322e5103,6d2e17731811638c89791e6e2a681c5072765fe6437c3941daef75f3322e5103,unchanged
tests/__pycache__/test_phase08_manuscript_package.cpython-314.pyc,tests,8575,8575,18061285e0fcd179db26e38cc038cf1245b9246c8b713e5f3ce3b8b1a033e033,18061285e0fcd179db26e38cc038cf1245b9246c8b713e5f3ce3b8b1a033e033,unchanged
tests/__pycache__/test_units.cpython-312.pyc,tests,2144,2144,664406e0407b057ab533900adb18f0bc7eb5062186cc2dbaf8c79717f89fa4e0,664406e0407b057ab533900adb18f0bc7eb5062186cc2dbaf8c79717f89fa4e0,unchanged
tests/__pycache__/test_units.cpython-314.pyc,tests,2268,2268,444419f672415264609328d03408c30831a736fce9311aae246aa1d5f3f0086d,444419f672415264609328d03408c30831a736fce9311aae246aa1d5f3f0086d,unchanged
tests/test_config.py,tests,760,760,820b813b8d707a9b32feae2f35d699684d7f96c30a138d2e6b0db0f7c9431f71,820b813b8d707a9b32feae2f35d699684d7f96c30a138d2e6b0db0f7c9431f71,unchanged
tests/test_import.py,tests,164,164,78b67735ff3a56dfa1f8f6f398cd5940c62bd5ad9e4897fc9871a464f7a43bd1,78b67735ff3a56dfa1f8f6f398cd5940c62bd5ad9e4897fc9871a464f7a43bd1,unchanged
tests/test_phase01_passive_core.py,tests,7483,7483,0204abcac10e20848ef2c26241476e9854b32f00347e77af37706f2ece1b60f5,0204abcac10e20848ef2c26241476e9854b32f00347e77af37706f2ece1b60f5,unchanged
tests/test_phase02_reproduction_outputs.py,tests,2736,2736,619d0e6cb489ef6fefaa8220077a110aae2e28f61ad96fc133aa115499fc2f33,619d0e6cb489ef6fefaa8220077a110aae2e28f61ad96fc133aa115499fc2f33,unchanged
tests/test_phase03_morphology_impedance.py,tests,4612,4612,d5551d9c812bfc34ae50fdc17f9028c03731180fda019720f656c160b3b1f298,d5551d9c812bfc34ae50fdc17f9028c03731180fda019720f656c160b3b1f298,unchanged
tests/test_phase04_active_nonlinear.py,tests,4580,4580,d154f0c8ac61a817dbb65a45fcce6cda705083cd2eb427a69d2f552cfa43b025,d154f0c8ac61a817dbb65a45fcce6cda705083cd2eb427a69d2f552cfa43b025,unchanged
tests/test_phase05_1_convergence_audit.py,tests,4552,4552,daa5d7ff94ebda1fb51960ef3133536f311b2b6180bb8b3d0d7ddcea9dfcc84a,daa5d7ff94ebda1fb51960ef3133536f311b2b6180bb8b3d0d7ddcea9dfcc84a,unchanged
tests/test_phase05_sensitivity_statistics.py,tests,5608,5608,39198fb2b6906fc016f3337c1fef76606f32e9ee2c2289d0739b8b8f09622101,39198fb2b6906fc016f3337c1fef76606f32e9ee2c2289d0739b8b8f09622101,unchanged
tests/test_phase06_epilepsy_exploratory.py,tests,4053,4053,2b04d4cd2c8cb4641de8c1434b3b311f9551ebaf24fa6fabf3b1d99ee2a1d46d,2b04d4cd2c8cb4641de8c1434b3b311f9551ebaf24fa6fabf3b1d99ee2a1d46d,unchanged
tests/test_phase07_release_package.py,tests,4332,4332,3cce223a4a06f30064d15503d0dd95a3e33bc59d7c62556f5b78339ac615b4de,3cce223a4a06f30064d15503d0dd95a3e33bc59d7c62556f5b78339ac615b4de,unchanged
tests/test_phase08_manuscript_package.py,tests,5100,5100,ebfc373e50bcc5a4d67a3ad59ded52d0d416a4ad66516f5577c58d360939a8b0,ebfc373e50bcc5a4d67a3ad59ded52d0d416a4ad66516f5577c58d360939a8b0,unchanged
tests/test_units.py,tests,1027,1027,63e1d4fd807b4846192c079f03298a3eaa1ac8262359f2e026c19cf404992a81,63e1d4fd807b4846192c079f03298a3eaa1ac8262359f2e026c19cf404992a81,unchanged
