condition,time_ms,V_h_mV,V_d_mV,V_s_mV,g_syn_nS
intermediate,0.0,-70.0,-70.0,-70.0,0.0
intermediate,0.01,-69.99999999999999,-70.0,-69.99999999999999,0.0
intermediate,0.02,-69.99999999999999,-70.0,-69.99999999999999,0.0
intermediate,0.030000000000000006,-69.99999999999999,-70.0,-69.99999999999999,0.0
intermediate,0.04,-69.99999999999999,-70.0,-69.99999999999999,0.0
intermediate,0.05,-69.99999999999999,-70.0,-69.99999999999999,0.0
intermediate,0.06000000000000001,-69.99999999999999,-70.0,-69.99999999999999,0.0
intermediate,0.07,-69.99999999999999,-70.0,-69.99999999999999,0.0
intermediate,0.08,-69.99999999999999,-70.0,-69.99999999999999,0.0
intermediate,0.09000000000000001,-69.99999999999999,-70.0,-69.99999999999999,0.0
intermediate,0.1,-69.99999999999999,-70.0,-69.99999999999999,0.0
intermediate,0.11,-69.99999999999999,-70.0,-69.99999999999999,0.0
intermediate,0.12000000000000002,-69.99999999999999,-70.0,-69.99999999999999,0.0
intermediate,0.13,-69.99999999999999,-70.0,-69.99999999999999,0.0
intermediate,0.14,-69.99999999999999,-70.0,-69.99999999999999,0.0
intermediate,0.15000000000000002,-69.99999999999999,-70.0,-69.99999999999999,0.0
intermediate,0.16,-69.99999999999999,-70.0,-69.99999999999999,0.0
intermediate,0.17,-69.99999999999999,-70.0,-69.99999999999999,0.0
intermediate,0.18000000000000002,-69.99999999999999,-70.0,-69.99999999999999,0.0
intermediate,0.19,-69.99999999999999,-70.0,-69.99999999999999,0.0
intermediate,0.2,-69.99999999999999,-70.0,-69.99999999999999,0.0
intermediate,0.21000000000000002,-69.99999999999999,-70.0,-69.99999999999999,0.0
intermediate,0.22,-69.99999999999999,-70.0,-69.99999999999999,0.0
intermediate,0.23,-69.99999999999999,-70.0,-69.99999999999999,0.0
intermediate,0.24000000000000005,-69.99999999999999,-70.0,-69.99999999999999,0.0
intermediate,0.25,-69.99999999999999,-70.0,-69.99999999999999,0.0
intermediate,0.26,-69.99999999999999,-70.0,-69.99999999999999,0.0
intermediate,0.27,-69.99999999999999,-70.0,-69.99999999999999,0.0
intermediate,0.28,-69.99999999999999,-70.0,-69.99999999999999,0.0
intermediate,0.29,-69.99999999999999,-70.0,-69.99999999999999,0.0
intermediate,0.30000000000000004,-69.99999999999999,-70.0,-69.99999999999999,0.0
intermediate,0.31,-69.99999999999999,-70.0,-69.99999999999999,0.0
intermediate,0.32,-69.99999999999999,-70.0,-69.99999999999999,0.0
intermediate,0.33000000000000007,-69.99999999999999,-70.0,-69.99999999999999,0.0
intermediate,0.34,-69.99999999999999,-70.0,-69.99999999999999,0.0
intermediate,0.35000000000000003,-69.99999999999999,-70.0,-69.99999999999999,0.0
intermediate,0.36000000000000004,-69.99999999999999,-70.0,-69.99999999999999,0.0
intermediate,0.37000000000000005,-69.99999999999999,-70.0,-69.99999999999999,0.0
intermediate,0.38,-69.99999999999999,-70.0,-69.99999999999999,0.0
intermediate,0.39000000000000007,-69.99999999999999,-70.0,-69.99999999999999,0.0
intermediate,0.4,-69.99999999999999,-70.0,-69.99999999999999,0.0
intermediate,0.41000000000000003,-69.99999999999999,-70.0,-69.99999999999999,0.0
intermediate,0.42000000000000004,-69.99999999999999,-70.0,-69.99999999999999,0.0
intermediate,0.43000000000000005,-69.99999999999999,-70.0,-69.99999999999999,0.0
intermediate,0.44,-69.99999999999999,-70.0,-69.99999999999999,0.0
intermediate,0.45000000000000007,-69.99999999999999,-70.0,-69.99999999999999,0.0
intermediate,0.46,-69.99999999999999,-70.0,-69.99999999999999,0.0
intermediate,0.47000000000000003,-69.99999999999999,-70.0,-69.99999999999999,0.0
intermediate,0.4800000000000001,-69.99999999999999,-70.0,-69.99999999999999,0.0
intermediate,0.4900000000000001,-69.99999999999999,-70.0,-69.99999999999999,0.0
intermediate,0.5,-69.99999999999999,-70.0,-69.99999999999999,0.0
intermediate,0.51,-69.99999999999999,-70.0,-69.99999999999999,0.0
intermediate,0.52,-69.99999999999999,-70.0,-69.99999999999999,0.0
intermediate,0.5300000000000001,-69.99999999999999,-70.0,-69.99999999999999,0.0
intermediate,0.54,-69.99999999999999,-70.0,-69.99999999999999,0.0
intermediate,0.55,-69.99999999999999,-70.0,-69.99999999999999,0.0
intermediate,0.56,-69.99999999999999,-70.0,-69.99999999999999,0.0
intermediate,0.5700000000000001,-69.99999999999999,-70.0,-69.99999999999999,0.0
intermediate,0.58,-69.99999999999999,-70.0,-69.99999999999999,0.0
intermediate,0.5900000000000001,-69.99999999999999,-70.0,-69.99999999999999,0.0
intermediate,0.6000000000000001,-69.99999999999999,-70.0,-69.99999999999999,0.0
intermediate,0.6100000000000001,-69.99999999999999,-70.0,-69.99999999999999,0.0
intermediate,0.62,-69.99999999999999,-70.0,-69.99999999999999,0.0
intermediate,0.63,-69.99999999999999,-70.0,-69.99999999999999,0.0
intermediate,0.64,-69.99999999999999,-70.0,-69.99999999999999,0.0
intermediate,0.6500000000000001,-69.99999999999999,-70.0,-69.99999999999999,0.0
intermediate,0.6600000000000001,-69.99999999999999,-70.0,-69.99999999999999,0.0
intermediate,0.67,-69.99999999999999,-70.0,-69.99999999999999,0.0
intermediate,0.68,-69.99999999999999,-70.0,-69.99999999999999,0.0
intermediate,0.6900000000000001,-69.99999999999999,-70.0,-69.99999999999999,0.0
intermediate,0.7000000000000001,-69.99999999999999,-70.0,-69.99999999999999,0.0
intermediate,0.71,-69.99999999999999,-70.0,-69.99999999999999,0.0
intermediate,0.7200000000000001,-69.99999999999999,-70.0,-69.99999999999999,0.0
intermediate,0.7300000000000001,-69.99999999999999,-70.0,-69.99999999999999,0.0
intermediate,0.7400000000000001,-69.99999999999999,-70.0,-69.99999999999999,0.0
intermediate,0.75,-69.99999999999999,-70.0,-69.99999999999999,0.0
intermediate,0.76,-69.99999999999999,-70.0,-69.99999999999999,0.0
intermediate,0.77,-69.99999999999999,-70.0,-69.99999999999999,0.0
intermediate,0.7800000000000001,-69.99999999999999,-70.0,-69.99999999999999,0.0
intermediate,0.79,-69.99999999999999,-70.0,-69.99999999999999,0.0
intermediate,0.8,-69.99999999999999,-70.0,-69.99999999999999,0.0
intermediate,0.81,-69.99999999999999,-70.0,-69.99999999999999,0.0
intermediate,0.8200000000000001,-69.99999999999999,-70.0,-69.99999999999999,0.0
intermediate,0.8300000000000001,-69.99999999999999,-70.0,-69.99999999999999,0.0
intermediate,0.8400000000000001,-69.99999999999999,-70.0,-69.99999999999999,0.0
intermediate,0.8500000000000001,-69.99999999999999,-70.0,-69.99999999999999,0.0
intermediate,0.8600000000000001,-69.99999999999999,-70.0,-69.99999999999999,0.0
intermediate,0.8700000000000001,-69.99999999999999,-70.0,-69.99999999999999,0.0
intermediate,0.88,-69.99999999999999,-70.0,-69.99999999999999,0.0
intermediate,0.89,-69.99999999999999,-70.0,-69.99999999999999,0.0
intermediate,0.9000000000000001,-69.99999999999999,-70.0,-69.99999999999999,0.0
intermediate,0.9100000000000001,-69.99999999999999,-70.0,-69.99999999999999,0.0
intermediate,0.92,-69.99999999999999,-70.0,-69.99999999999999,0.0
intermediate,0.93,-69.99999999999999,-70.0,-69.99999999999999,0.0
intermediate,0.9400000000000001,-69.99999999999999,-70.0,-69.99999999999999,0.0
intermediate,0.9500000000000001,-69.99999999999999,-70.0,-69.99999999999999,0.0
intermediate,0.9600000000000002,-69.99999999999999,-70.0,-69.99999999999999,0.0
intermediate,0.9700000000000001,-69.99999999999999,-70.0,-69.99999999999999,0.0
intermediate,0.9800000000000002,-69.99999999999999,-70.0,-69.99999999999999,0.0
intermediate,0.99,-69.99999999999999,-70.0,-69.99999999999999,0.0
intermediate,1.0,-69.99999999999999,-70.0,-69.99999999999999,0.0
intermediate,1.01,-69.99999999999999,-70.0,-69.99999999999999,0.0
intermediate,1.02,-69.99999999999999,-70.0,-69.99999999999999,0.0
intermediate,1.03,-69.99999999999999,-70.0,-69.99999999999999,0.0
intermediate,1.04,-69.99999999999999,-70.0,-69.99999999999999,0.0
intermediate,1.05,-69.99999999999999,-70.0,-69.99999999999999,0.0
intermediate,1.0600000000000003,-69.99999999999999,-70.0,-69.99999999999999,0.0
intermediate,1.07,-69.99999999999999,-70.0,-69.99999999999999,0.0
intermediate,1.08,-69.99999999999999,-70.0,-69.99999999999999,0.0
intermediate,1.09,-69.99999999999999,-70.0,-69.99999999999999,0.0
intermediate,1.1,-69.99999999999999,-70.0,-69.99999999999999,0.0
intermediate,1.11,-69.99999999999999,-70.0,-69.99999999999999,0.0
intermediate,1.12,-69.99999999999999,-70.0,-69.99999999999999,0.0
intermediate,1.1300000000000001,-69.99999999999999,-70.0,-69.99999999999999,0.0
intermediate,1.1400000000000001,-69.99999999999999,-70.0,-69.99999999999999,0.0
intermediate,1.1500000000000001,-69.99999999999999,-70.0,-69.99999999999999,0.0
intermediate,1.16,-69.99999999999999,-70.0,-69.99999999999999,0.0
intermediate,1.17,-69.99999999999999,-70.0,-69.99999999999999,0.0
intermediate,1.1800000000000002,-69.99999999999999,-70.0,-69.99999999999999,0.0
intermediate,1.1900000000000002,-69.99999999999999,-70.0,-69.99999999999999,0.0
intermediate,1.2000000000000002,-69.99999999999999,-70.0,-69.99999999999999,0.0
intermediate,1.2100000000000002,-69.99999999999999,-70.0,-69.99999999999999,0.0
intermediate,1.2200000000000002,-69.99999999999999,-70.0,-69.99999999999999,0.0
intermediate,1.2300000000000002,-69.99999999999999,-70.0,-69.99999999999999,0.0
intermediate,1.24,-69.99999999999999,-70.0,-69.99999999999999,0.0
intermediate,1.25,-69.99999999999999,-70.0,-69.99999999999999,0.0
intermediate,1.26,-69.99999999999999,-70.0,-69.99999999999999,0.0
intermediate,1.27,-69.99999999999999,-70.0,-69.99999999999999,0.0
intermediate,1.28,-69.99999999999999,-70.0,-69.99999999999999,0.0
intermediate,1.29,-69.99999999999999,-70.0,-69.99999999999999,0.0
intermediate,1.3000000000000003,-69.99999999999999,-70.0,-69.99999999999999,0.0
intermediate,1.3100000000000003,-69.99999999999999,-70.0,-69.99999999999999,0.0
intermediate,1.3200000000000003,-69.99999999999999,-70.0,-69.99999999999999,0.0
intermediate,1.33,-69.99999999999999,-70.0,-69.99999999999999,0.0
intermediate,1.34,-69.99999999999999,-70.0,-69.99999999999999,0.0
intermediate,1.35,-69.99999999999999,-70.0,-69.99999999999999,0.0
intermediate,1.36,-69.99999999999999,-70.0,-69.99999999999999,0.0
intermediate,1.37,-69.99999999999999,-70.0,-69.99999999999999,0.0
intermediate,1.3800000000000001,-69.99999999999999,-70.0,-69.99999999999999,0.0
intermediate,1.3900000000000001,-69.99999999999999,-70.0,-69.99999999999999,0.0
intermediate,1.4000000000000001,-69.99999999999999,-70.0,-69.99999999999999,0.0
intermediate,1.41,-69.99999999999999,-70.0,-69.99999999999999,0.0
intermediate,1.42,-69.99999999999999,-70.0,-69.99999999999999,0.0
intermediate,1.4300000000000002,-69.99999999999999,-70.0,-69.99999999999999,0.0
intermediate,1.4400000000000002,-69.99999999999999,-70.0,-69.99999999999999,0.0
intermediate,1.4500000000000002,-69.99999999999999,-70.0,-69.99999999999999,0.0
intermediate,1.4600000000000002,-69.99999999999999,-70.0,-69.99999999999999,0.0
intermediate,1.4700000000000002,-69.99999999999999,-70.0,-69.99999999999999,0.0
intermediate,1.4800000000000002,-69.99999999999999,-70.0,-69.99999999999999,0.0
intermediate,1.4900000000000002,-69.99999999999999,-70.0,-69.99999999999999,0.0
intermediate,1.5,-69.99999999999999,-70.0,-69.99999999999999,0.0
intermediate,1.51,-69.99999999999999,-70.0,-69.99999999999999,0.0
intermediate,1.52,-69.99999999999999,-70.0,-69.99999999999999,0.0
intermediate,1.53,-69.99999999999999,-70.0,-69.99999999999999,0.0
intermediate,1.54,-69.99999999999999,-70.0,-69.99999999999999,0.0
intermediate,1.5500000000000003,-69.99999999999999,-70.0,-69.99999999999999,0.0
intermediate,1.5600000000000003,-69.99999999999999,-70.0,-69.99999999999999,0.0
intermediate,1.5700000000000003,-69.99999999999999,-70.0,-69.99999999999999,0.0
intermediate,1.58,-69.99999999999999,-70.0,-69.99999999999999,0.0
intermediate,1.59,-69.99999999999999,-70.0,-69.99999999999999,0.0
intermediate,1.6,-69.99999999999999,-70.0,-69.99999999999999,0.0
intermediate,1.61,-69.99999999999999,-70.0,-69.99999999999999,0.0
intermediate,1.62,-69.99999999999999,-70.0,-69.99999999999999,0.0
intermediate,1.6300000000000001,-69.99999999999999,-70.0,-69.99999999999999,0.0
intermediate,1.6400000000000001,-69.99999999999999,-70.0,-69.99999999999999,0.0
intermediate,1.6500000000000001,-69.99999999999999,-70.0,-69.99999999999999,0.0
intermediate,1.6600000000000001,-69.99999999999999,-70.0,-69.99999999999999,0.0
intermediate,1.6700000000000002,-69.99999999999999,-70.0,-69.99999999999999,0.0
intermediate,1.6800000000000002,-69.99999999999999,-70.0,-69.99999999999999,0.0
intermediate,1.6900000000000002,-69.99999999999999,-70.0,-69.99999999999999,0.0
intermediate,1.7000000000000002,-69.99999999999999,-70.0,-69.99999999999999,0.0
intermediate,1.7100000000000002,-69.99999999999999,-70.0,-69.99999999999999,0.0
intermediate,1.7200000000000002,-69.99999999999999,-70.0,-69.99999999999999,0.0
intermediate,1.7300000000000002,-69.99999999999999,-70.0,-69.99999999999999,0.0
intermediate,1.7400000000000002,-69.99999999999999,-70.0,-69.99999999999999,0.0
intermediate,1.75,-69.99999999999999,-70.0,-69.99999999999999,0.0
intermediate,1.76,-69.99999999999999,-70.0,-69.99999999999999,0.0
intermediate,1.77,-69.99999999999999,-70.0,-69.99999999999999,0.0
intermediate,1.78,-69.99999999999999,-70.0,-69.99999999999999,0.0
intermediate,1.79,-69.99999999999999,-70.0,-69.99999999999999,0.0
intermediate,1.8000000000000003,-69.99999999999999,-70.0,-69.99999999999999,0.0
intermediate,1.8100000000000003,-69.99999999999999,-70.0,-69.99999999999999,0.0
intermediate,1.8200000000000003,-69.99999999999999,-70.0,-69.99999999999999,0.0
intermediate,1.8300000000000003,-69.99999999999999,-70.0,-69.99999999999999,0.0
intermediate,1.84,-69.99999999999999,-70.0,-69.99999999999999,0.0
intermediate,1.85,-69.99999999999999,-70.0,-69.99999999999999,0.0
intermediate,1.86,-69.99999999999999,-70.0,-69.99999999999999,0.0
intermediate,1.87,-69.99999999999999,-70.0,-69.99999999999999,0.0
intermediate,1.8800000000000001,-69.99999999999999,-70.0,-69.99999999999999,0.0
intermediate,1.8900000000000001,-69.99999999999999,-70.0,-69.99999999999999,0.0
intermediate,1.9000000000000001,-69.99999999999999,-70.0,-69.99999999999999,0.0
intermediate,1.9100000000000001,-69.99999999999999,-70.0,-69.99999999999999,0.0
intermediate,1.9200000000000004,-69.99999999999999,-70.0,-69.99999999999999,0.0
intermediate,1.9300000000000002,-69.99999999999999,-70.0,-69.99999999999999,0.0
intermediate,1.9400000000000002,-69.99999999999999,-70.0,-69.99999999999999,0.0
intermediate,1.9500000000000002,-69.99999999999999,-70.0,-69.99999999999999,0.0
intermediate,1.9600000000000004,-69.99999999999999,-70.0,-69.99999999999999,0.0
intermediate,1.97,-69.99999999999999,-70.0,-69.99999999999999,0.0
intermediate,1.98,-69.99999999999999,-70.0,-69.99999999999999,0.0
intermediate,1.99,-69.99999999999999,-70.0,-69.99999999999999,0.0
intermediate,2.0,-69.99999999999999,-70.0,-69.99999999999999,0.0
intermediate,2.0100000000000002,-69.99999999999999,-70.0,-69.99999999999999,0.0
intermediate,2.02,-69.99999999999999,-70.0,-69.99999999999999,0.0
intermediate,2.0300000000000002,-69.99999999999999,-70.0,-69.99999999999999,0.0
intermediate,2.04,-69.99999999999999,-70.0,-69.99999999999999,0.0
intermediate,2.0500000000000003,-69.99999999999999,-70.0,-69.99999999999999,0.0
intermediate,2.06,-69.99999999999999,-70.0,-69.99999999999999,0.0
intermediate,2.0700000000000003,-69.99999999999999,-70.0,-69.99999999999999,0.0
intermediate,2.08,-69.99999999999999,-70.0,-69.99999999999999,0.0
intermediate,2.0900000000000003,-69.99999999999999,-70.0,-69.99999999999999,0.0
intermediate,2.1,-69.99999999999999,-70.0,-69.99999999999999,0.0
intermediate,2.1100000000000003,-69.99999999999999,-70.0,-69.99999999999999,0.0
intermediate,2.1200000000000006,-69.99999999999999,-70.0,-69.99999999999999,0.0
intermediate,2.1300000000000003,-69.99999999999999,-70.0,-69.99999999999999,0.0
intermediate,2.14,-69.99999999999999,-70.0,-69.99999999999999,0.0
intermediate,2.15,-69.99999999999999,-70.0,-69.99999999999999,0.0
intermediate,2.16,-69.99999999999999,-70.0,-69.99999999999999,0.0
intermediate,2.17,-69.99999999999999,-70.0,-69.99999999999999,0.0
intermediate,2.18,-69.99999999999999,-70.0,-69.99999999999999,0.0
intermediate,2.19,-69.99999999999999,-70.0,-69.99999999999999,0.0
intermediate,2.2,-69.99999999999999,-70.0,-69.99999999999999,0.0
intermediate,2.21,-69.99999999999999,-70.0,-69.99999999999999,0.0
intermediate,2.22,-69.99999999999999,-70.0,-69.99999999999999,0.0
intermediate,2.2300000000000004,-69.99999999999999,-70.0,-69.99999999999999,0.0
intermediate,2.24,-69.99999999999999,-70.0,-69.99999999999999,0.0
intermediate,2.2500000000000004,-69.99999999999999,-70.0,-69.99999999999999,0.0
intermediate,2.2600000000000002,-69.99999999999999,-70.0,-69.99999999999999,0.0
intermediate,2.2700000000000005,-69.99999999999999,-70.0,-69.99999999999999,0.0
intermediate,2.2800000000000002,-69.99999999999999,-70.0,-69.99999999999999,0.0
intermediate,2.2900000000000005,-69.99999999999999,-70.0,-69.99999999999999,0.0
intermediate,2.3000000000000003,-69.99999999999999,-70.0,-69.99999999999999,0.0
intermediate,2.31,-69.99999999999999,-70.0,-69.99999999999999,0.0
intermediate,2.32,-69.99999999999999,-70.0,-69.99999999999999,0.0
intermediate,2.33,-69.99999999999999,-70.0,-69.99999999999999,0.0
intermediate,2.34,-69.99999999999999,-70.0,-69.99999999999999,0.0
intermediate,2.35,-69.99999999999999,-70.0,-69.99999999999999,0.0
intermediate,2.3600000000000003,-69.99999999999999,-70.0,-69.99999999999999,0.0
intermediate,2.37,-69.99999999999999,-70.0,-69.99999999999999,0.0
intermediate,2.3800000000000003,-69.99999999999999,-70.0,-69.99999999999999,0.0
intermediate,2.39,-69.99999999999999,-70.0,-69.99999999999999,0.0
intermediate,2.4000000000000004,-69.99999999999999,-70.0,-69.99999999999999,0.0
intermediate,2.41,-69.99999999999999,-70.0,-69.99999999999999,0.0
intermediate,2.4200000000000004,-69.99999999999999,-70.0,-69.99999999999999,0.0
intermediate,2.43,-69.99999999999999,-70.0,-69.99999999999999,0.0
intermediate,2.4400000000000004,-69.99999999999999,-70.0,-69.99999999999999,0.0
intermediate,2.45,-69.99999999999999,-70.0,-69.99999999999999,0.0
intermediate,2.4600000000000004,-69.99999999999999,-70.0,-69.99999999999999,0.0
intermediate,2.47,-69.99999999999999,-70.0,-69.99999999999999,0.0
intermediate,2.48,-69.99999999999999,-70.0,-69.99999999999999,0.0
intermediate,2.49,-69.99999999999999,-70.0,-69.99999999999999,0.0
intermediate,2.5,-69.99999999999999,-70.0,-69.99999999999999,0.0
intermediate,2.5100000000000002,-69.99999999999999,-70.0,-69.99999999999999,0.0
intermediate,2.52,-69.99999999999999,-70.0,-69.99999999999999,0.0
intermediate,2.5300000000000002,-69.99999999999999,-70.0,-69.99999999999999,0.0
intermediate,2.54,-69.99999999999999,-70.0,-69.99999999999999,0.0
intermediate,2.5500000000000003,-69.99999999999999,-70.0,-69.99999999999999,0.0
intermediate,2.56,-69.99999999999999,-70.0,-69.99999999999999,0.0
intermediate,2.5700000000000003,-69.99999999999999,-70.0,-69.99999999999999,0.0
intermediate,2.58,-69.99999999999999,-70.0,-69.99999999999999,0.0
intermediate,2.5900000000000003,-69.99999999999999,-70.0,-69.99999999999999,0.0
intermediate,2.6000000000000005,-69.99999999999999,-70.0,-69.99999999999999,0.0
intermediate,2.6100000000000003,-69.99999999999999,-70.0,-69.99999999999999,0.0
intermediate,2.6200000000000006,-69.99999999999999,-70.0,-69.99999999999999,0.0
intermediate,2.6300000000000003,-69.99999999999999,-70.0,-69.99999999999999,0.0
intermediate,2.6400000000000006,-69.99999999999999,-70.0,-69.99999999999999,0.0
intermediate,2.65,-69.99999999999999,-70.0,-69.99999999999999,0.0
intermediate,2.66,-69.99999999999999,-70.0,-69.99999999999999,0.0
intermediate,2.67,-69.99999999999999,-70.0,-69.99999999999999,0.0
intermediate,2.68,-69.99999999999999,-70.0,-69.99999999999999,0.0
intermediate,2.69,-69.99999999999999,-70.0,-69.99999999999999,0.0
intermediate,2.7,-69.99999999999999,-70.0,-69.99999999999999,0.0
intermediate,2.71,-69.99999999999999,-70.0,-69.99999999999999,0.0
intermediate,2.72,-69.99999999999999,-70.0,-69.99999999999999,0.0
intermediate,2.7300000000000004,-69.99999999999999,-70.0,-69.99999999999999,0.0
intermediate,2.74,-69.99999999999999,-70.0,-69.99999999999999,0.0
intermediate,2.7500000000000004,-69.99999999999999,-70.0,-69.99999999999999,0.0
intermediate,2.7600000000000002,-69.99999999999999,-70.0,-69.99999999999999,0.0
intermediate,2.7700000000000005,-69.99999999999999,-70.0,-69.99999999999999,0.0
intermediate,2.7800000000000002,-69.99999999999999,-70.0,-69.99999999999999,0.0
intermediate,2.7900000000000005,-69.99999999999999,-70.0,-69.99999999999999,0.0
intermediate,2.8000000000000003,-69.99999999999999,-70.0,-69.99999999999999,0.0
intermediate,2.8100000000000005,-69.99999999999999,-70.0,-69.99999999999999,0.0
intermediate,2.82,-69.99999999999999,-70.0,-69.99999999999999,0.0
intermediate,2.83,-69.99999999999999,-70.0,-69.99999999999999,0.0
intermediate,2.84,-69.99999999999999,-70.0,-69.99999999999999,0.0
intermediate,2.85,-69.99999999999999,-70.0,-69.99999999999999,0.0
intermediate,2.8600000000000003,-69.99999999999999,-70.0,-69.99999999999999,0.0
intermediate,2.87,-69.99999999999999,-70.0,-69.99999999999999,0.0
intermediate,2.8800000000000003,-69.99999999999999,-70.0,-69.99999999999999,0.0
intermediate,2.89,-69.99999999999999,-70.0,-69.99999999999999,0.0
intermediate,2.9000000000000004,-69.99999999999999,-70.0,-69.99999999999999,0.0
intermediate,2.91,-69.99999999999999,-70.0,-69.99999999999999,0.0
intermediate,2.9200000000000004,-69.99999999999999,-70.0,-69.99999999999999,0.0
intermediate,2.93,-69.99999999999999,-70.0,-69.99999999999999,0.0
intermediate,2.9400000000000004,-69.99999999999999,-70.0,-69.99999999999999,0.0
intermediate,2.95,-69.99999999999999,-70.0,-69.99999999999999,0.0
intermediate,2.9600000000000004,-69.99999999999999,-70.0,-69.99999999999999,0.0
intermediate,2.9700000000000006,-69.99999999999999,-70.0,-69.99999999999999,0.0
intermediate,2.9800000000000004,-69.99999999999999,-70.0,-69.99999999999999,0.0
intermediate,2.99,-69.99999999999999,-70.0,-69.99999999999999,0.0
intermediate,3.0,-69.99999999999999,-70.0,-69.99999999999999,0.0
intermediate,3.0100000000000002,-69.99999999999999,-70.0,-69.99999999999999,0.0
intermediate,3.02,-69.99999999999999,-70.0,-69.99999999999999,0.0
intermediate,3.0300000000000002,-69.99999999999999,-70.0,-69.99999999999999,0.0
intermediate,3.04,-69.99999999999999,-70.0,-69.99999999999999,0.0
intermediate,3.0500000000000003,-69.99999999999999,-70.0,-69.99999999999999,0.0
intermediate,3.06,-69.99999999999999,-70.0,-69.99999999999999,0.0
intermediate,3.0700000000000003,-69.99999999999999,-70.0,-69.99999999999999,0.0
intermediate,3.08,-69.99999999999999,-70.0,-69.99999999999999,0.0
intermediate,3.0900000000000003,-69.99999999999999,-70.0,-69.99999999999999,0.0
intermediate,3.1000000000000005,-69.99999999999999,-70.0,-69.99999999999999,0.0
intermediate,3.1100000000000003,-69.99999999999999,-70.0,-69.99999999999999,0.0
intermediate,3.1200000000000006,-69.99999999999999,-70.0,-69.99999999999999,0.0
intermediate,3.1300000000000003,-69.99999999999999,-70.0,-69.99999999999999,0.0
intermediate,3.1400000000000006,-69.99999999999999,-70.0,-69.99999999999999,0.0
intermediate,3.1500000000000004,-69.99999999999999,-70.0,-69.99999999999999,0.0
intermediate,3.16,-69.99999999999999,-70.0,-69.99999999999999,0.0
intermediate,3.17,-69.99999999999999,-70.0,-69.99999999999999,0.0
intermediate,3.18,-69.99999999999999,-70.0,-69.99999999999999,0.0
intermediate,3.19,-69.99999999999999,-70.0,-69.99999999999999,0.0
intermediate,3.2,-69.99999999999999,-70.0,-69.99999999999999,0.0
intermediate,3.21,-69.99999999999999,-70.0,-69.99999999999999,0.0
intermediate,3.22,-69.99999999999999,-70.0,-69.99999999999999,0.0
intermediate,3.2300000000000004,-69.99999999999999,-70.0,-69.99999999999999,0.0
intermediate,3.24,-69.99999999999999,-70.0,-69.99999999999999,0.0
intermediate,3.2500000000000004,-69.99999999999999,-70.0,-69.99999999999999,0.0
intermediate,3.2600000000000002,-69.99999999999999,-70.0,-69.99999999999999,0.0
intermediate,3.2700000000000005,-69.99999999999999,-70.0,-69.99999999999999,0.0
intermediate,3.2800000000000002,-69.99999999999999,-70.0,-69.99999999999999,0.0
intermediate,3.2900000000000005,-69.99999999999999,-70.0,-69.99999999999999,0.0
intermediate,3.3000000000000003,-69.99999999999999,-70.0,-69.99999999999999,0.0
intermediate,3.3100000000000005,-69.99999999999999,-70.0,-69.99999999999999,0.0
intermediate,3.3200000000000003,-69.99999999999999,-70.0,-69.99999999999999,0.0
intermediate,3.33,-69.99999999999999,-70.0,-69.99999999999999,0.0
intermediate,3.3400000000000003,-69.99999999999999,-70.0,-69.99999999999999,0.0
intermediate,3.35,-69.99999999999999,-70.0,-69.99999999999999,0.0
intermediate,3.3600000000000003,-69.99999999999999,-70.0,-69.99999999999999,0.0
intermediate,3.37,-69.99999999999999,-70.0,-69.99999999999999,0.0
intermediate,3.3800000000000003,-69.99999999999999,-70.0,-69.99999999999999,0.0
intermediate,3.39,-69.99999999999999,-70.0,-69.99999999999999,0.0
intermediate,3.4000000000000004,-69.99999999999999,-70.0,-69.99999999999999,0.0
intermediate,3.41,-69.99999999999999,-70.0,-69.99999999999999,0.0
intermediate,3.4200000000000004,-69.99999999999999,-70.0,-69.99999999999999,0.0
intermediate,3.43,-69.99999999999999,-70.0,-69.99999999999999,0.0
intermediate,3.4400000000000004,-69.99999999999999,-70.0,-69.99999999999999,0.0
intermediate,3.45,-69.99999999999999,-70.0,-69.99999999999999,0.0
intermediate,3.4600000000000004,-69.99999999999999,-70.0,-69.99999999999999,0.0
intermediate,3.4700000000000006,-69.99999999999999,-70.0,-69.99999999999999,0.0
intermediate,3.4800000000000004,-69.99999999999999,-70.0,-69.99999999999999,0.0
intermediate,3.4900000000000007,-69.99999999999999,-70.0,-69.99999999999999,0.0
intermediate,3.5,-69.99999999999999,-70.0,-69.99999999999999,0.0
intermediate,3.5100000000000002,-69.99999999999999,-70.0,-69.99999999999999,0.0
intermediate,3.52,-69.99999999999999,-70.0,-69.99999999999999,0.0
intermediate,3.5300000000000002,-69.99999999999999,-70.0,-69.99999999999999,0.0
intermediate,3.54,-69.99999999999999,-70.0,-69.99999999999999,0.0
intermediate,3.5500000000000003,-69.99999999999999,-70.0,-69.99999999999999,0.0
intermediate,3.56,-69.99999999999999,-70.0,-69.99999999999999,0.0
intermediate,3.5700000000000003,-69.99999999999999,-70.0,-69.99999999999999,0.0
intermediate,3.58,-69.99999999999999,-70.0,-69.99999999999999,0.0
intermediate,3.5900000000000003,-69.99999999999999,-70.0,-69.99999999999999,0.0
intermediate,3.6000000000000005,-69.99999999999999,-70.0,-69.99999999999999,0.0
intermediate,3.6100000000000003,-69.99999999999999,-70.0,-69.99999999999999,0.0
intermediate,3.6200000000000006,-69.99999999999999,-70.0,-69.99999999999999,0.0
intermediate,3.6300000000000003,-69.99999999999999,-70.0,-69.99999999999999,0.0
intermediate,3.6400000000000006,-69.99999999999999,-70.0,-69.99999999999999,0.0
intermediate,3.6500000000000004,-69.99999999999999,-70.0,-69.99999999999999,0.0
intermediate,3.6600000000000006,-69.99999999999999,-70.0,-69.99999999999999,0.0
intermediate,3.67,-69.99999999999999,-70.0,-69.99999999999999,0.0
intermediate,3.68,-69.99999999999999,-70.0,-69.99999999999999,0.0
intermediate,3.69,-69.99999999999999,-70.0,-69.99999999999999,0.0
intermediate,3.7,-69.99999999999999,-70.0,-69.99999999999999,0.0
intermediate,3.7100000000000004,-69.99999999999999,-70.0,-69.99999999999999,0.0
intermediate,3.72,-69.99999999999999,-70.0,-69.99999999999999,0.0
intermediate,3.7300000000000004,-69.99999999999999,-70.0,-69.99999999999999,0.0
intermediate,3.74,-69.99999999999999,-70.0,-69.99999999999999,0.0
intermediate,3.7500000000000004,-69.99999999999999,-70.0,-69.99999999999999,0.0
intermediate,3.7600000000000002,-69.99999999999999,-70.0,-69.99999999999999,0.0
intermediate,3.7700000000000005,-69.99999999999999,-70.0,-69.99999999999999,0.0
intermediate,3.7800000000000002,-69.99999999999999,-70.0,-69.99999999999999,0.0
intermediate,3.7900000000000005,-69.99999999999999,-70.0,-69.99999999999999,0.0
intermediate,3.8000000000000003,-69.99999999999999,-70.0,-69.99999999999999,0.0
intermediate,3.8100000000000005,-69.99999999999999,-70.0,-69.99999999999999,0.0
intermediate,3.8200000000000003,-69.99999999999999,-70.0,-69.99999999999999,0.0
intermediate,3.8300000000000005,-69.99999999999999,-70.0,-69.99999999999999,0.0
intermediate,3.8400000000000007,-69.99999999999999,-70.0,-69.99999999999999,0.0
intermediate,3.85,-69.99999999999999,-70.0,-69.99999999999999,0.0
intermediate,3.8600000000000003,-69.99999999999999,-70.0,-69.99999999999999,0.0
intermediate,3.87,-69.99999999999999,-70.0,-69.99999999999999,0.0
intermediate,3.8800000000000003,-69.99999999999999,-70.0,-69.99999999999999,0.0
intermediate,3.89,-69.99999999999999,-70.0,-69.99999999999999,0.0
intermediate,3.9000000000000004,-69.99999999999999,-70.0,-69.99999999999999,0.0
intermediate,3.91,-69.99999999999999,-70.0,-69.99999999999999,0.0
intermediate,3.920000000000001,-69.99999999999999,-70.0,-69.99999999999999,0.0
intermediate,3.93,-69.99999999999999,-70.0,-69.99999999999999,0.0
intermediate,3.94,-69.99999999999999,-70.0,-69.99999999999999,0.0
intermediate,3.95,-69.99999999999999,-70.0,-69.99999999999999,0.0
intermediate,3.96,-69.99999999999999,-70.0,-69.99999999999999,0.0
intermediate,3.9700000000000006,-69.99999999999999,-70.0,-69.99999999999999,0.0
intermediate,3.98,-69.99999999999999,-70.0,-69.99999999999999,0.0
intermediate,3.9900000000000007,-69.99999999999999,-70.0,-69.99999999999999,0.0
intermediate,4.0,-69.99999999999999,-70.0,-69.99999999999999,0.0
intermediate,4.010000000000001,-69.99999999999999,-70.0,-69.99999999999999,0.0
intermediate,4.0200000000000005,-69.99999999999999,-70.0,-69.99999999999999,0.0
intermediate,4.03,-69.99999999999999,-70.0,-69.99999999999999,0.0
intermediate,4.04,-69.99999999999999,-70.0,-69.99999999999999,0.0
intermediate,4.050000000000001,-69.99999999999999,-70.0,-69.99999999999999,0.0
intermediate,4.0600000000000005,-69.99999999999999,-70.0,-69.99999999999999,0.0
intermediate,4.07,-69.99999999999999,-70.0,-69.99999999999999,0.0
intermediate,4.08,-69.99999999999999,-70.0,-69.99999999999999,0.0
intermediate,4.090000000000001,-69.99999999999999,-70.0,-69.99999999999999,0.0
intermediate,4.1000000000000005,-69.99999999999999,-70.0,-69.99999999999999,0.0
intermediate,4.11,-69.99999999999999,-70.0,-69.99999999999999,0.0
intermediate,4.12,-69.99999999999999,-70.0,-69.99999999999999,0.0
intermediate,4.13,-69.99999999999999,-70.0,-69.99999999999999,0.0
intermediate,4.140000000000001,-69.99999999999999,-70.0,-69.99999999999999,0.0
intermediate,4.15,-69.99999999999999,-70.0,-69.99999999999999,0.0
intermediate,4.16,-69.99999999999999,-70.0,-69.99999999999999,0.0
intermediate,4.17,-69.99999999999999,-70.0,-69.99999999999999,0.0
intermediate,4.180000000000001,-69.99999999999999,-70.0,-69.99999999999999,0.0
intermediate,4.19,-69.99999999999999,-70.0,-69.99999999999999,0.0
intermediate,4.2,-69.99999999999999,-70.0,-69.99999999999999,0.0
intermediate,4.21,-69.99999999999999,-70.0,-69.99999999999999,0.0
intermediate,4.220000000000001,-69.99999999999999,-70.0,-69.99999999999999,0.0
intermediate,4.23,-69.99999999999999,-70.0,-69.99999999999999,0.0
intermediate,4.240000000000001,-69.99999999999999,-70.0,-69.99999999999999,0.0
intermediate,4.25,-69.99999999999999,-70.0,-69.99999999999999,0.0
intermediate,4.260000000000001,-69.99999999999999,-70.0,-69.99999999999999,0.0
intermediate,4.2700000000000005,-69.99999999999999,-70.0,-69.99999999999999,0.0
intermediate,4.28,-69.99999999999999,-70.0,-69.99999999999999,0.0
intermediate,4.29,-69.99999999999999,-70.0,-69.99999999999999,0.0
intermediate,4.3,-69.99999999999999,-70.0,-69.99999999999999,0.0
intermediate,4.3100000000000005,-69.99999999999999,-70.0,-69.99999999999999,0.0
intermediate,4.32,-69.99999999999999,-70.0,-69.99999999999999,0.0
intermediate,4.33,-69.99999999999999,-70.0,-69.99999999999999,0.0
intermediate,4.34,-69.99999999999999,-70.0,-69.99999999999999,0.0
intermediate,4.3500000000000005,-69.99999999999999,-70.0,-69.99999999999999,0.0
intermediate,4.36,-69.99999999999999,-70.0,-69.99999999999999,0.0
intermediate,4.370000000000001,-69.99999999999999,-70.0,-69.99999999999999,0.0
intermediate,4.38,-69.99999999999999,-70.0,-69.99999999999999,0.0
intermediate,4.390000000000001,-69.99999999999999,-70.0,-69.99999999999999,0.0
intermediate,4.4,-69.99999999999999,-70.0,-69.99999999999999,0.0
intermediate,4.410000000000001,-69.99999999999999,-70.0,-69.99999999999999,0.0
intermediate,4.42,-69.99999999999999,-70.0,-69.99999999999999,0.0
intermediate,4.430000000000001,-69.99999999999999,-70.0,-69.99999999999999,0.0
intermediate,4.44,-69.99999999999999,-70.0,-69.99999999999999,0.0
intermediate,4.45,-69.99999999999999,-70.0,-69.99999999999999,0.0
intermediate,4.460000000000001,-69.99999999999999,-70.0,-69.99999999999999,0.0
intermediate,4.47,-69.99999999999999,-70.0,-69.99999999999999,0.0
intermediate,4.48,-69.99999999999999,-70.0,-69.99999999999999,0.0
intermediate,4.49,-69.99999999999999,-70.0,-69.99999999999999,0.0
intermediate,4.500000000000001,-69.99999999999999,-70.0,-69.99999999999999,0.0
intermediate,4.51,-69.99999999999999,-70.0,-69.99999999999999,0.0
intermediate,4.5200000000000005,-69.99999999999999,-70.0,-69.99999999999999,0.0
intermediate,4.53,-69.99999999999999,-70.0,-69.99999999999999,0.0
intermediate,4.540000000000001,-69.99999999999999,-70.0,-69.99999999999999,0.0
intermediate,4.55,-69.99999999999999,-70.0,-69.99999999999999,0.0
intermediate,4.5600000000000005,-69.99999999999999,-70.0,-69.99999999999999,0.0
intermediate,4.57,-69.99999999999999,-70.0,-69.99999999999999,0.0
intermediate,4.580000000000001,-69.99999999999999,-70.0,-69.99999999999999,0.0
intermediate,4.590000000000001,-69.99999999999999,-70.0,-69.99999999999999,0.0
intermediate,4.6000000000000005,-69.99999999999999,-70.0,-69.99999999999999,0.0
intermediate,4.61,-69.99999999999999,-70.0,-69.99999999999999,0.0
intermediate,4.62,-69.99999999999999,-70.0,-69.99999999999999,0.0
intermediate,4.630000000000001,-69.99999999999999,-70.0,-69.99999999999999,0.0
intermediate,4.64,-69.99999999999999,-70.0,-69.99999999999999,0.0
intermediate,4.65,-69.99999999999999,-70.0,-69.99999999999999,0.0
intermediate,4.66,-69.99999999999999,-70.0,-69.99999999999999,0.0
intermediate,4.670000000000001,-69.99999999999999,-70.0,-69.99999999999999,0.0
intermediate,4.68,-69.99999999999999,-70.0,-69.99999999999999,0.0
intermediate,4.69,-69.99999999999999,-70.0,-69.99999999999999,0.0
intermediate,4.7,-69.99999999999999,-70.0,-69.99999999999999,0.0
intermediate,4.710000000000001,-69.99999999999999,-70.0,-69.99999999999999,0.0
intermediate,4.720000000000001,-69.99999999999999,-70.0,-69.99999999999999,0.0
intermediate,4.73,-69.99999999999999,-70.0,-69.99999999999999,0.0
intermediate,4.74,-69.99999999999999,-70.0,-69.99999999999999,0.0
intermediate,4.750000000000001,-69.99999999999999,-70.0,-69.99999999999999,0.0
intermediate,4.760000000000001,-69.99999999999999,-70.0,-69.99999999999999,0.0
intermediate,4.7700000000000005,-69.99999999999999,-70.0,-69.99999999999999,0.0
intermediate,4.78,-69.99999999999999,-70.0,-69.99999999999999,0.0
intermediate,4.79,-69.99999999999999,-70.0,-69.99999999999999,0.0
intermediate,4.800000000000001,-69.99999999999999,-70.0,-69.99999999999999,0.0
intermediate,4.81,-69.99999999999999,-70.0,-69.99999999999999,0.0
intermediate,4.82,-69.99999999999999,-70.0,-69.99999999999999,0.0
intermediate,4.83,-69.99999999999999,-70.0,-69.99999999999999,0.0
intermediate,4.840000000000001,-69.99999999999999,-70.0,-69.99999999999999,0.0
intermediate,4.8500000000000005,-69.99999999999999,-70.0,-69.99999999999999,0.0
intermediate,4.86,-69.99999999999999,-70.0,-69.99999999999999,0.0
intermediate,4.87,-69.99999999999999,-70.0,-69.99999999999999,0.0
intermediate,4.880000000000001,-69.99999999999999,-70.0,-69.99999999999999,0.0
intermediate,4.890000000000001,-69.99999999999999,-70.0,-69.99999999999999,0.0
intermediate,4.9,-69.99999999999999,-70.0,-69.99999999999999,0.0
intermediate,4.91,-69.99999999999999,-70.0,-69.99999999999999,0.0
intermediate,4.920000000000001,-69.99999999999999,-70.0,-69.99999999999999,0.0
intermediate,4.930000000000001,-69.99999999999999,-70.0,-69.99999999999999,0.0
intermediate,4.94,-69.99999999999999,-70.0,-69.99999999999999,0.0
intermediate,4.95,-69.99999999999999,-70.0,-69.99999999999999,0.0
intermediate,4.96,-69.99999999999999,-70.0,-69.99999999999999,0.0
intermediate,4.970000000000001,-69.99999999999999,-70.0,-69.99999999999999,0.0
intermediate,4.98,-69.99999999999999,-70.0,-69.99999999999999,0.0
intermediate,4.99,-69.99999999999999,-70.0,-69.99999999999999,0.0
intermediate,5.0,-69.99999999999999,-70.0,-69.99999999999999,0.0
intermediate,5.010000000000001,-69.99999999999999,-70.0,-69.99999999999999,0.0
intermediate,5.0200000000000005,-69.99999999999999,-70.0,-69.99999999999999,0.0
intermediate,5.03,-69.99999999999999,-70.0,-69.99999999999999,0.0
intermediate,5.04,-69.99999999999999,-70.0,-69.99999999999999,0.0
intermediate,5.050000000000001,-69.99999999999999,-70.0,-69.99999999999999,0.0
intermediate,5.0600000000000005,-69.99999999999999,-70.0,-69.99999999999999,0.0
intermediate,5.07,-69.99999999999999,-70.0,-69.99999999999999,0.0
intermediate,5.08,-69.99999999999999,-70.0,-69.99999999999999,0.0
intermediate,5.090000000000001,-69.99999999999999,-70.0,-69.99999999999999,0.0
intermediate,5.1000000000000005,-69.99999999999999,-70.0,-69.99999999999999,0.0
intermediate,5.110000000000001,-69.99999999999999,-70.0,-69.99999999999999,0.0
intermediate,5.12,-69.99999999999999,-70.0,-69.99999999999999,0.0
intermediate,5.13,-69.99999999999999,-70.0,-69.99999999999999,0.0
intermediate,5.140000000000001,-69.99999999999999,-70.0,-69.99999999999999,0.0
intermediate,5.15,-69.99999999999999,-70.0,-69.99999999999999,0.0
intermediate,5.16,-69.99999999999999,-70.0,-69.99999999999999,0.0
intermediate,5.17,-69.99999999999999,-70.0,-69.99999999999999,0.0
intermediate,5.180000000000001,-69.99999999999999,-70.0,-69.99999999999999,0.0
intermediate,5.19,-69.99999999999999,-70.0,-69.99999999999999,0.0
intermediate,5.200000000000001,-69.99999999999999,-70.0,-69.99999999999999,0.0
intermediate,5.21,-69.99999999999999,-70.0,-69.99999999999999,0.0
intermediate,5.220000000000001,-69.99999999999999,-70.0,-69.99999999999999,0.0
intermediate,5.23,-69.99999999999999,-70.0,-69.99999999999999,0.0
intermediate,5.240000000000001,-69.99999999999999,-70.0,-69.99999999999999,0.0
intermediate,5.25,-69.99999999999999,-70.0,-69.99999999999999,0.0
intermediate,5.260000000000001,-69.99999999999999,-70.0,-69.99999999999999,0.0
intermediate,5.2700000000000005,-69.99999999999999,-70.0,-69.99999999999999,0.0
intermediate,5.280000000000001,-69.99999999999999,-70.0,-69.99999999999999,0.0
intermediate,5.29,-69.99999999999999,-70.0,-69.99999999999999,0.0
intermediate,5.3,-69.99999999999999,-70.0,-69.99999999999999,0.0
intermediate,5.3100000000000005,-69.99999999999999,-70.0,-69.99999999999999,0.0
intermediate,5.32,-69.99999999999999,-70.0,-69.99999999999999,0.0
intermediate,5.330000000000001,-69.99999999999999,-70.0,-69.99999999999999,0.0
intermediate,5.34,-69.99999999999999,-70.0,-69.99999999999999,0.0
intermediate,5.3500000000000005,-69.99999999999999,-70.0,-69.99999999999999,0.0
intermediate,5.36,-69.99999999999999,-70.0,-69.99999999999999,0.0
intermediate,5.370000000000001,-69.99999999999999,-70.0,-69.99999999999999,0.0
intermediate,5.38,-69.99999999999999,-70.0,-69.99999999999999,0.0
intermediate,5.390000000000001,-69.99999999999999,-70.0,-69.99999999999999,0.0
intermediate,5.4,-69.99999999999999,-70.0,-69.99999999999999,0.0
intermediate,5.410000000000001,-69.99999999999999,-70.0,-69.99999999999999,0.0
intermediate,5.42,-69.99999999999999,-70.0,-69.99999999999999,0.0
intermediate,5.430000000000001,-69.99999999999999,-70.0,-69.99999999999999,0.0
intermediate,5.44,-69.99999999999999,-70.0,-69.99999999999999,0.0
intermediate,5.450000000000001,-69.99999999999999,-70.0,-69.99999999999999,0.0
intermediate,5.460000000000001,-69.99999999999999,-70.0,-69.99999999999999,0.0
intermediate,5.47,-69.99999999999999,-70.0,-69.99999999999999,0.0
intermediate,5.48,-69.99999999999999,-70.0,-69.99999999999999,0.0
intermediate,5.49,-69.99999999999999,-70.0,-69.99999999999999,0.0
intermediate,5.500000000000001,-69.99999999999999,-70.0,-69.99999999999999,0.0
intermediate,5.51,-69.99999999999999,-70.0,-69.99999999999999,0.0
intermediate,5.5200000000000005,-69.99999999999999,-70.0,-69.99999999999999,0.0
intermediate,5.53,-69.99999999999999,-70.0,-69.99999999999999,0.0
intermediate,5.540000000000001,-69.99999999999999,-70.0,-69.99999999999999,0.0
intermediate,5.55,-69.99999999999999,-70.0,-69.99999999999999,0.0
intermediate,5.5600000000000005,-69.99999999999999,-70.0,-69.99999999999999,0.0
intermediate,5.57,-69.99999999999999,-70.0,-69.99999999999999,0.0
intermediate,5.580000000000001,-69.99999999999999,-70.0,-69.99999999999999,0.0
intermediate,5.590000000000001,-69.99999999999999,-70.0,-69.99999999999999,0.0
intermediate,5.6000000000000005,-69.99999999999999,-70.0,-69.99999999999999,0.0
intermediate,5.61,-69.99999999999999,-70.0,-69.99999999999999,0.0
intermediate,5.620000000000001,-69.99999999999999,-70.0,-69.99999999999999,0.0
intermediate,5.630000000000001,-69.99999999999999,-70.0,-69.99999999999999,0.0
intermediate,5.64,-69.99999999999999,-70.0,-69.99999999999999,0.0
intermediate,5.65,-69.99999999999999,-70.0,-69.99999999999999,0.0
intermediate,5.66,-69.99999999999999,-70.0,-69.99999999999999,0.0
intermediate,5.670000000000001,-69.99999999999999,-70.0,-69.99999999999999,0.0
intermediate,5.68,-69.99999999999999,-70.0,-69.99999999999999,0.0
intermediate,5.69,-69.99999999999999,-70.0,-69.99999999999999,0.0
intermediate,5.7,-69.99999999999999,-70.0,-69.99999999999999,0.0
intermediate,5.710000000000001,-69.99999999999999,-70.0,-69.99999999999999,0.0
intermediate,5.720000000000001,-69.99999999999999,-70.0,-69.99999999999999,0.0
intermediate,5.73,-69.99999999999999,-70.0,-69.99999999999999,0.0
intermediate,5.74,-69.99999999999999,-70.0,-69.99999999999999,0.0
intermediate,5.750000000000001,-69.99999999999999,-70.0,-69.99999999999999,0.0
intermediate,5.760000000000001,-69.99999999999999,-70.0,-69.99999999999999,0.0
intermediate,5.7700000000000005,-69.99999999999999,-70.0,-69.99999999999999,0.0
intermediate,5.78,-69.99999999999999,-70.0,-69.99999999999999,0.0
intermediate,5.790000000000001,-69.99999999999999,-70.0,-69.99999999999999,0.0
intermediate,5.800000000000001,-69.99999999999999,-70.0,-69.99999999999999,0.0
intermediate,5.8100000000000005,-69.99999999999999,-70.0,-69.99999999999999,0.0
intermediate,5.82,-69.99999999999999,-70.0,-69.99999999999999,0.0
intermediate,5.83,-69.99999999999999,-70.0,-69.99999999999999,0.0
intermediate,5.840000000000001,-69.99999999999999,-70.0,-69.99999999999999,0.0
intermediate,5.8500000000000005,-69.99999999999999,-70.0,-69.99999999999999,0.0
intermediate,5.86,-69.99999999999999,-70.0,-69.99999999999999,0.0
intermediate,5.87,-69.99999999999999,-70.0,-69.99999999999999,0.0
intermediate,5.880000000000001,-69.99999999999999,-70.0,-69.99999999999999,0.0
intermediate,5.890000000000001,-69.99999999999999,-70.0,-69.99999999999999,0.0
intermediate,5.9,-69.99999999999999,-70.0,-69.99999999999999,0.0
intermediate,5.91,-69.99999999999999,-70.0,-69.99999999999999,0.0
intermediate,5.920000000000001,-69.99999999999999,-70.0,-69.99999999999999,0.0
intermediate,5.930000000000001,-69.99999999999999,-70.0,-69.99999999999999,0.0
intermediate,5.940000000000001,-69.99999999999999,-70.0,-69.99999999999999,0.0
intermediate,5.95,-69.99999999999999,-70.0,-69.99999999999999,0.0
intermediate,5.960000000000001,-69.99999999999999,-70.0,-69.99999999999999,0.0
intermediate,5.970000000000001,-69.99999999999999,-70.0,-69.99999999999999,0.0
intermediate,5.98,-69.99999999999999,-70.0,-69.99999999999999,0.0
intermediate,5.99,-69.99999999999999,-70.0,-69.99999999999999,0.0
intermediate,6.0,-69.99999999999999,-70.0,-69.99999999999999,0.0
intermediate,6.010000000000001,-69.99999999999999,-70.0,-69.99999999999999,0.0
intermediate,6.0200000000000005,-69.99999999999999,-70.0,-69.99999999999999,0.0
intermediate,6.03,-69.99999999999999,-70.0,-69.99999999999999,0.0
intermediate,6.04,-69.99999999999999,-70.0,-69.99999999999999,0.0
intermediate,6.050000000000001,-69.99999999999999,-70.0,-69.99999999999999,0.0
intermediate,6.0600000000000005,-69.99999999999999,-70.0,-69.99999999999999,0.0
intermediate,6.070000000000001,-69.99999999999999,-70.0,-69.99999999999999,0.0
intermediate,6.08,-69.99999999999999,-70.0,-69.99999999999999,0.0
intermediate,6.090000000000001,-69.99999999999999,-70.0,-69.99999999999999,0.0
intermediate,6.1000000000000005,-69.99999999999999,-70.0,-69.99999999999999,0.0
intermediate,6.110000000000001,-69.99999999999999,-70.0,-69.99999999999999,0.0
intermediate,6.12,-69.99999999999999,-70.0,-69.99999999999999,0.0
intermediate,6.130000000000001,-69.99999999999999,-70.0,-69.99999999999999,0.0
intermediate,6.140000000000001,-69.99999999999999,-70.0,-69.99999999999999,0.0
intermediate,6.15,-69.99999999999999,-70.0,-69.99999999999999,0.0
intermediate,6.16,-69.99999999999999,-70.0,-69.99999999999999,0.0
intermediate,6.17,-69.99999999999999,-70.0,-69.99999999999999,0.0
intermediate,6.180000000000001,-69.99999999999999,-70.0,-69.99999999999999,0.0
intermediate,6.19,-69.99999999999999,-70.0,-69.99999999999999,0.0
intermediate,6.200000000000001,-69.99999999999999,-70.0,-69.99999999999999,0.0
intermediate,6.21,-69.99999999999999,-70.0,-69.99999999999999,0.0
intermediate,6.220000000000001,-69.99999999999999,-70.0,-69.99999999999999,0.0
intermediate,6.23,-69.99999999999999,-70.0,-69.99999999999999,0.0
intermediate,6.240000000000001,-69.99999999999999,-70.0,-69.99999999999999,0.0
intermediate,6.25,-69.99999999999999,-70.0,-69.99999999999999,0.0
intermediate,6.260000000000001,-69.99999999999999,-70.0,-69.99999999999999,0.0
intermediate,6.2700000000000005,-69.99999999999999,-70.0,-69.99999999999999,0.0
intermediate,6.280000000000001,-69.99999999999999,-70.0,-69.99999999999999,0.0
intermediate,6.29,-69.99999999999999,-70.0,-69.99999999999999,0.0
intermediate,6.300000000000001,-69.99999999999999,-70.0,-69.99999999999999,0.0
intermediate,6.3100000000000005,-69.99999999999999,-70.0,-69.99999999999999,0.0
intermediate,6.32,-69.99999999999999,-70.0,-69.99999999999999,0.0
intermediate,6.330000000000001,-69.99999999999999,-70.0,-69.99999999999999,0.0
intermediate,6.34,-69.99999999999999,-70.0,-69.99999999999999,0.0
intermediate,6.3500000000000005,-69.99999999999999,-70.0,-69.99999999999999,0.0
intermediate,6.36,-69.99999999999999,-70.0,-69.99999999999999,0.0
intermediate,6.370000000000001,-69.99999999999999,-70.0,-69.99999999999999,0.0
intermediate,6.38,-69.99999999999999,-70.0,-69.99999999999999,0.0
intermediate,6.390000000000001,-69.99999999999999,-70.0,-69.99999999999999,0.0
intermediate,6.4,-69.99999999999999,-70.0,-69.99999999999999,0.0
intermediate,6.410000000000001,-69.99999999999999,-70.0,-69.99999999999999,0.0
intermediate,6.42,-69.99999999999999,-70.0,-69.99999999999999,0.0
intermediate,6.430000000000001,-69.99999999999999,-70.0,-69.99999999999999,0.0
intermediate,6.44,-69.99999999999999,-70.0,-69.99999999999999,0.0
intermediate,6.450000000000001,-69.99999999999999,-70.0,-69.99999999999999,0.0
intermediate,6.460000000000001,-69.99999999999999,-70.0,-69.99999999999999,0.0
intermediate,6.470000000000001,-69.99999999999999,-70.0,-69.99999999999999,0.0
intermediate,6.48,-69.99999999999999,-70.0,-69.99999999999999,0.0
intermediate,6.49,-69.99999999999999,-70.0,-69.99999999999999,0.0
intermediate,6.500000000000001,-69.99999999999999,-70.0,-69.99999999999999,0.0
intermediate,6.51,-69.99999999999999,-70.0,-69.99999999999999,0.0
intermediate,6.5200000000000005,-69.99999999999999,-70.0,-69.99999999999999,0.0
intermediate,6.53,-69.99999999999999,-70.0,-69.99999999999999,0.0
intermediate,6.540000000000001,-69.99999999999999,-70.0,-69.99999999999999,0.0
intermediate,6.550000000000001,-69.99999999999999,-70.0,-69.99999999999999,0.0
intermediate,6.5600000000000005,-69.99999999999999,-70.0,-69.99999999999999,0.0
intermediate,6.57,-69.99999999999999,-70.0,-69.99999999999999,0.0
intermediate,6.580000000000001,-69.99999999999999,-70.0,-69.99999999999999,0.0
intermediate,6.590000000000001,-69.99999999999999,-70.0,-69.99999999999999,0.0
intermediate,6.6000000000000005,-69.99999999999999,-70.0,-69.99999999999999,0.0
intermediate,6.61,-69.99999999999999,-70.0,-69.99999999999999,0.0
intermediate,6.620000000000001,-69.99999999999999,-70.0,-69.99999999999999,0.0
intermediate,6.630000000000001,-69.99999999999999,-70.0,-69.99999999999999,0.0
intermediate,6.640000000000001,-69.99999999999999,-70.0,-69.99999999999999,0.0
intermediate,6.65,-69.99999999999999,-70.0,-69.99999999999999,0.0
intermediate,6.66,-69.99999999999999,-70.0,-69.99999999999999,0.0
intermediate,6.670000000000001,-69.99999999999999,-70.0,-69.99999999999999,0.0
intermediate,6.680000000000001,-69.99999999999999,-70.0,-69.99999999999999,0.0
intermediate,6.69,-69.99999999999999,-70.0,-69.99999999999999,0.0
intermediate,6.7,-69.99999999999999,-70.0,-69.99999999999999,0.0
intermediate,6.710000000000001,-69.99999999999999,-70.0,-69.99999999999999,0.0
intermediate,6.720000000000001,-69.99999999999999,-70.0,-69.99999999999999,0.0
intermediate,6.73,-69.99999999999999,-70.0,-69.99999999999999,0.0
intermediate,6.74,-69.99999999999999,-70.0,-69.99999999999999,0.0
intermediate,6.750000000000001,-69.99999999999999,-70.0,-69.99999999999999,0.0
intermediate,6.760000000000001,-69.99999999999999,-70.0,-69.99999999999999,0.0
intermediate,6.7700000000000005,-69.99999999999999,-70.0,-69.99999999999999,0.0
intermediate,6.78,-69.99999999999999,-70.0,-69.99999999999999,0.0
intermediate,6.790000000000001,-69.99999999999999,-70.0,-69.99999999999999,0.0
intermediate,6.800000000000001,-69.99999999999999,-70.0,-69.99999999999999,0.0
intermediate,6.810000000000001,-69.99999999999999,-70.0,-69.99999999999999,0.0
intermediate,6.82,-69.99999999999999,-70.0,-69.99999999999999,0.0
intermediate,6.83,-69.99999999999999,-70.0,-69.99999999999999,0.0
intermediate,6.840000000000001,-69.99999999999999,-70.0,-69.99999999999999,0.0
intermediate,6.8500000000000005,-69.99999999999999,-70.0,-69.99999999999999,0.0
intermediate,6.86,-69.99999999999999,-70.0,-69.99999999999999,0.0
intermediate,6.87,-69.99999999999999,-70.0,-69.99999999999999,0.0
intermediate,6.880000000000001,-69.99999999999999,-70.0,-69.99999999999999,0.0
intermediate,6.890000000000001,-69.99999999999999,-70.0,-69.99999999999999,0.0
intermediate,6.9,-69.99999999999999,-70.0,-69.99999999999999,0.0
intermediate,6.91,-69.99999999999999,-70.0,-69.99999999999999,0.0
intermediate,6.920000000000001,-69.99999999999999,-70.0,-69.99999999999999,0.0
intermediate,6.930000000000001,-69.99999999999999,-70.0,-69.99999999999999,0.0
intermediate,6.940000000000001,-69.99999999999999,-70.0,-69.99999999999999,0.0
intermediate,6.95,-69.99999999999999,-70.0,-69.99999999999999,0.0
intermediate,6.960000000000001,-69.99999999999999,-70.0,-69.99999999999999,0.0
intermediate,6.970000000000001,-69.99999999999999,-70.0,-69.99999999999999,0.0
intermediate,6.980000000000001,-69.99999999999999,-70.0,-69.99999999999999,0.0
intermediate,6.99,-69.99999999999999,-70.0,-69.99999999999999,0.0
intermediate,7.0,-69.99999999999999,-70.0,-69.99999999999999,0.0
intermediate,7.010000000000001,-69.99999999999999,-70.0,-69.99999999999999,0.0
intermediate,7.0200000000000005,-69.99999999999999,-70.0,-69.99999999999999,0.0
intermediate,7.03,-69.99999999999999,-70.0,-69.99999999999999,0.0
intermediate,7.04,-69.99999999999999,-70.0,-69.99999999999999,0.0
intermediate,7.050000000000001,-69.99999999999999,-70.0,-69.99999999999999,0.0
intermediate,7.0600000000000005,-69.99999999999999,-70.0,-69.99999999999999,0.0
intermediate,7.070000000000001,-69.99999999999999,-70.0,-69.99999999999999,0.0
intermediate,7.08,-69.99999999999999,-70.0,-69.99999999999999,0.0
intermediate,7.090000000000001,-69.99999999999999,-70.0,-69.99999999999999,0.0
intermediate,7.1000000000000005,-69.99999999999999,-70.0,-69.99999999999999,0.0
intermediate,7.110000000000001,-69.99999999999999,-70.0,-69.99999999999999,0.0
intermediate,7.12,-69.99999999999999,-70.0,-69.99999999999999,0.0
intermediate,7.130000000000001,-69.99999999999999,-70.0,-69.99999999999999,0.0
intermediate,7.140000000000001,-69.99999999999999,-70.0,-69.99999999999999,0.0
intermediate,7.150000000000001,-69.99999999999999,-70.0,-69.99999999999999,0.0
intermediate,7.16,-69.99999999999999,-70.0,-69.99999999999999,0.0
intermediate,7.17,-69.99999999999999,-70.0,-69.99999999999999,0.0
intermediate,7.180000000000001,-69.99999999999999,-70.0,-69.99999999999999,0.0
intermediate,7.19,-69.99999999999999,-70.0,-69.99999999999999,0.0
intermediate,7.200000000000001,-69.99999999999999,-70.0,-69.99999999999999,0.0
intermediate,7.21,-69.99999999999999,-70.0,-69.99999999999999,0.0
intermediate,7.220000000000001,-69.99999999999999,-70.0,-69.99999999999999,0.0
intermediate,7.23,-69.99999999999999,-70.0,-69.99999999999999,0.0
intermediate,7.240000000000001,-69.99999999999999,-70.0,-69.99999999999999,0.0
intermediate,7.25,-69.99999999999999,-70.0,-69.99999999999999,0.0
intermediate,7.260000000000001,-69.99999999999999,-70.0,-69.99999999999999,0.0
intermediate,7.2700000000000005,-69.99999999999999,-70.0,-69.99999999999999,0.0
intermediate,7.280000000000001,-69.99999999999999,-70.0,-69.99999999999999,0.0
intermediate,7.29,-69.99999999999999,-70.0,-69.99999999999999,0.0
intermediate,7.300000000000001,-69.99999999999999,-70.0,-69.99999999999999,0.0
intermediate,7.3100000000000005,-69.99999999999999,-70.0,-69.99999999999999,0.0
intermediate,7.320000000000001,-69.99999999999999,-70.0,-69.99999999999999,0.0
intermediate,7.330000000000001,-69.99999999999999,-70.0,-69.99999999999999,0.0
intermediate,7.34,-69.99999999999999,-70.0,-69.99999999999999,0.0
intermediate,7.3500000000000005,-69.99999999999999,-70.0,-69.99999999999999,0.0
intermediate,7.36,-69.99999999999999,-70.0,-69.99999999999999,0.0
intermediate,7.370000000000001,-69.99999999999999,-70.0,-69.99999999999999,0.0
intermediate,7.38,-69.99999999999999,-70.0,-69.99999999999999,0.0
intermediate,7.390000000000001,-69.99999999999999,-70.0,-69.99999999999999,0.0
intermediate,7.4,-69.99999999999999,-70.0,-69.99999999999999,0.0
intermediate,7.410000000000001,-69.99999999999999,-70.0,-69.99999999999999,0.0
intermediate,7.420000000000001,-69.99999999999999,-70.0,-69.99999999999999,0.0
intermediate,7.430000000000001,-69.99999999999999,-70.0,-69.99999999999999,0.0
intermediate,7.44,-69.99999999999999,-70.0,-69.99999999999999,0.0
intermediate,7.450000000000001,-69.99999999999999,-70.0,-69.99999999999999,0.0
intermediate,7.460000000000001,-69.99999999999999,-70.0,-69.99999999999999,0.0
intermediate,7.470000000000001,-69.99999999999999,-70.0,-69.99999999999999,0.0
intermediate,7.48,-69.99999999999999,-70.0,-69.99999999999999,0.0
intermediate,7.490000000000001,-69.99999999999999,-70.0,-69.99999999999999,0.0
intermediate,7.500000000000001,-69.99999999999999,-70.0,-69.99999999999999,0.0
intermediate,7.51,-69.99999999999999,-70.0,-69.99999999999999,0.0
intermediate,7.5200000000000005,-69.99999999999999,-70.0,-69.99999999999999,0.0
intermediate,7.53,-69.99999999999999,-70.0,-69.99999999999999,0.0
intermediate,7.540000000000001,-69.99999999999999,-70.0,-69.99999999999999,0.0
intermediate,7.550000000000001,-69.99999999999999,-70.0,-69.99999999999999,0.0
intermediate,7.5600000000000005,-69.99999999999999,-70.0,-69.99999999999999,0.0
intermediate,7.57,-69.99999999999999,-70.0,-69.99999999999999,0.0
intermediate,7.580000000000001,-69.99999999999999,-70.0,-69.99999999999999,0.0
intermediate,7.590000000000001,-69.99999999999999,-70.0,-69.99999999999999,0.0
intermediate,7.6000000000000005,-69.99999999999999,-70.0,-69.99999999999999,0.0
intermediate,7.61,-69.99999999999999,-70.0,-69.99999999999999,0.0
intermediate,7.620000000000001,-69.99999999999999,-70.0,-69.99999999999999,0.0
intermediate,7.630000000000001,-69.99999999999999,-70.0,-69.99999999999999,0.0
intermediate,7.640000000000001,-69.99999999999999,-70.0,-69.99999999999999,0.0
intermediate,7.65,-69.99999999999999,-70.0,-69.99999999999999,0.0
intermediate,7.660000000000001,-69.99999999999999,-70.0,-69.99999999999999,0.0
intermediate,7.670000000000001,-69.99999999999999,-70.0,-69.99999999999999,0.0
intermediate,7.6800000000000015,-69.99999999999999,-70.0,-69.99999999999999,0.0
intermediate,7.69,-69.99999999999999,-70.0,-69.99999999999999,0.0
intermediate,7.7,-69.99999999999999,-70.0,-69.99999999999999,0.0
intermediate,7.710000000000001,-69.99999999999999,-70.0,-69.99999999999999,0.0
intermediate,7.720000000000001,-69.99999999999999,-70.0,-69.99999999999999,0.0
intermediate,7.73,-69.99999999999999,-70.0,-69.99999999999999,0.0
intermediate,7.74,-69.99999999999999,-70.0,-69.99999999999999,0.0
intermediate,7.750000000000001,-69.99999999999999,-70.0,-69.99999999999999,0.0
intermediate,7.760000000000001,-69.99999999999999,-70.0,-69.99999999999999,0.0
intermediate,7.7700000000000005,-69.99999999999999,-70.0,-69.99999999999999,0.0
intermediate,7.78,-69.99999999999999,-70.0,-69.99999999999999,0.0
intermediate,7.790000000000001,-69.99999999999999,-70.0,-69.99999999999999,0.0
intermediate,7.800000000000001,-69.99999999999999,-70.0,-69.99999999999999,0.0
intermediate,7.810000000000001,-69.99999999999999,-70.0,-69.99999999999999,0.0
intermediate,7.82,-69.99999999999999,-70.0,-69.99999999999999,0.0
intermediate,7.83,-69.99999999999999,-70.0,-69.99999999999999,0.0
intermediate,7.840000000000002,-69.99999999999999,-70.0,-69.99999999999999,0.0
intermediate,7.850000000000001,-69.99999999999999,-70.0,-69.99999999999999,0.0
intermediate,7.86,-69.99999999999999,-70.0,-69.99999999999999,0.0
intermediate,7.87,-69.99999999999999,-70.0,-69.99999999999999,0.0
intermediate,7.88,-69.99999999999999,-70.0,-69.99999999999999,0.0
intermediate,7.8900000000000015,-69.99999999999999,-70.0,-69.99999999999999,0.0
intermediate,7.9,-69.99999999999999,-70.0,-69.99999999999999,0.0
intermediate,7.91,-69.99999999999999,-70.0,-69.99999999999999,0.0
intermediate,7.92,-69.99999999999999,-70.0,-69.99999999999999,0.0
intermediate,7.9300000000000015,-69.99999999999999,-70.0,-69.99999999999999,0.0
intermediate,7.940000000000001,-69.99999999999999,-70.0,-69.99999999999999,0.0
intermediate,7.95,-69.99999999999999,-70.0,-69.99999999999999,0.0
intermediate,7.96,-69.99999999999999,-70.0,-69.99999999999999,0.0
intermediate,7.9700000000000015,-69.99999999999999,-70.0,-69.99999999999999,0.0
intermediate,7.980000000000001,-69.99999999999999,-70.0,-69.99999999999999,0.0
intermediate,7.99,-69.99999999999999,-70.0,-69.99999999999999,0.0
intermediate,8.0,-69.99999999999999,-70.0,-69.99999999999999,0.0
intermediate,8.010000000000002,-69.99999999999999,-70.0,-69.99999999999999,0.0
intermediate,8.020000000000001,-69.99999999999999,-70.0,-69.99999999999999,0.0
intermediate,8.030000000000001,-69.99999999999999,-70.0,-69.99999999999999,0.0
intermediate,8.040000000000001,-69.99999999999999,-70.0,-69.99999999999999,0.0
intermediate,8.05,-69.99999999999999,-70.0,-69.99999999999999,0.0
intermediate,8.06,-69.99999999999999,-70.0,-69.99999999999999,0.0
intermediate,8.07,-69.99999999999999,-70.0,-69.99999999999999,0.0
intermediate,8.08,-69.99999999999999,-70.0,-69.99999999999999,0.0
intermediate,8.09,-69.99999999999999,-70.0,-69.99999999999999,0.0
intermediate,8.100000000000001,-69.99999999999999,-70.0,-69.99999999999999,0.0
intermediate,8.110000000000001,-69.99999999999999,-70.0,-69.99999999999999,0.0
intermediate,8.120000000000001,-69.99999999999999,-70.0,-69.99999999999999,0.0
intermediate,8.13,-69.99999999999999,-70.0,-69.99999999999999,0.0
intermediate,8.14,-69.99999999999999,-70.0,-69.99999999999999,0.0
intermediate,8.15,-69.99999999999999,-70.0,-69.99999999999999,0.0
intermediate,8.16,-69.99999999999999,-70.0,-69.99999999999999,0.0
intermediate,8.17,-69.99999999999999,-70.0,-69.99999999999999,0.0
intermediate,8.180000000000001,-69.99999999999999,-70.0,-69.99999999999999,0.0
intermediate,8.190000000000001,-69.99999999999999,-70.0,-69.99999999999999,0.0
intermediate,8.200000000000001,-69.99999999999999,-70.0,-69.99999999999999,0.0
intermediate,8.21,-69.99999999999999,-70.0,-69.99999999999999,0.0
intermediate,8.22,-69.99999999999999,-70.0,-69.99999999999999,0.0
intermediate,8.23,-69.99999999999999,-70.0,-69.99999999999999,0.0
intermediate,8.24,-69.99999999999999,-70.0,-69.99999999999999,0.0
intermediate,8.25,-69.99999999999999,-70.0,-69.99999999999999,0.0
intermediate,8.26,-69.99999999999999,-70.0,-69.99999999999999,0.0
intermediate,8.270000000000001,-69.99999999999999,-70.0,-69.99999999999999,0.0
intermediate,8.280000000000001,-69.99999999999999,-70.0,-69.99999999999999,0.0
intermediate,8.290000000000001,-69.99999999999999,-70.0,-69.99999999999999,0.0
intermediate,8.3,-69.99999999999999,-70.0,-69.99999999999999,0.0
intermediate,8.310000000000002,-69.99999999999999,-70.0,-69.99999999999999,0.0
intermediate,8.32,-69.99999999999999,-70.0,-69.99999999999999,0.0
intermediate,8.33,-69.99999999999999,-70.0,-69.99999999999999,0.0
intermediate,8.34,-69.99999999999999,-70.0,-69.99999999999999,0.0
intermediate,8.350000000000001,-69.99999999999999,-70.0,-69.99999999999999,0.0
intermediate,8.360000000000001,-69.99999999999999,-70.0,-69.99999999999999,0.0
intermediate,8.370000000000001,-69.99999999999999,-70.0,-69.99999999999999,0.0
intermediate,8.38,-69.99999999999999,-70.0,-69.99999999999999,0.0
intermediate,8.39,-69.99999999999999,-70.0,-69.99999999999999,0.0
intermediate,8.4,-69.99999999999999,-70.0,-69.99999999999999,0.0
intermediate,8.41,-69.99999999999999,-70.0,-69.99999999999999,0.0
intermediate,8.42,-69.99999999999999,-70.0,-69.99999999999999,0.0
intermediate,8.43,-69.99999999999999,-70.0,-69.99999999999999,0.0
intermediate,8.440000000000001,-69.99999999999999,-70.0,-69.99999999999999,0.0
intermediate,8.450000000000001,-69.99999999999999,-70.0,-69.99999999999999,0.0
intermediate,8.46,-69.99999999999999,-70.0,-69.99999999999999,0.0
intermediate,8.47,-69.99999999999999,-70.0,-69.99999999999999,0.0
intermediate,8.480000000000002,-69.99999999999999,-70.0,-69.99999999999999,0.0
intermediate,8.49,-69.99999999999999,-70.0,-69.99999999999999,0.0
intermediate,8.5,-69.99999999999999,-70.0,-69.99999999999999,0.0
intermediate,8.51,-69.99999999999999,-70.0,-69.99999999999999,0.0
intermediate,8.520000000000001,-69.99999999999999,-70.0,-69.99999999999999,0.0
intermediate,8.530000000000001,-69.99999999999999,-70.0,-69.99999999999999,0.0
intermediate,8.540000000000001,-69.99999999999999,-70.0,-69.99999999999999,0.0
intermediate,8.55,-69.99999999999999,-70.0,-69.99999999999999,0.0
intermediate,8.56,-69.99999999999999,-70.0,-69.99999999999999,0.0
intermediate,8.570000000000002,-69.99999999999999,-70.0,-69.99999999999999,0.0
intermediate,8.58,-69.99999999999999,-70.0,-69.99999999999999,0.0
intermediate,8.59,-69.99999999999999,-70.0,-69.99999999999999,0.0
intermediate,8.6,-69.99999999999999,-70.0,-69.99999999999999,0.0
intermediate,8.610000000000001,-69.99999999999999,-70.0,-69.99999999999999,0.0
intermediate,8.620000000000001,-69.99999999999999,-70.0,-69.99999999999999,0.0
intermediate,8.63,-69.99999999999999,-70.0,-69.99999999999999,0.0
intermediate,8.64,-69.99999999999999,-70.0,-69.99999999999999,0.0
intermediate,8.650000000000002,-69.99999999999999,-70.0,-69.99999999999999,0.0
intermediate,8.66,-69.99999999999999,-70.0,-69.99999999999999,0.0
intermediate,8.67,-69.99999999999999,-70.0,-69.99999999999999,0.0
intermediate,8.68,-69.99999999999999,-70.0,-69.99999999999999,0.0
intermediate,8.690000000000001,-69.99999999999999,-70.0,-69.99999999999999,0.0
intermediate,8.700000000000001,-69.99999999999999,-70.0,-69.99999999999999,0.0
intermediate,8.71,-69.99999999999999,-70.0,-69.99999999999999,0.0
intermediate,8.72,-69.99999999999999,-70.0,-69.99999999999999,0.0
intermediate,8.73,-69.99999999999999,-70.0,-69.99999999999999,0.0
intermediate,8.740000000000002,-69.99999999999999,-70.0,-69.99999999999999,0.0
intermediate,8.75,-69.99999999999999,-70.0,-69.99999999999999,0.0
intermediate,8.76,-69.99999999999999,-70.0,-69.99999999999999,0.0
intermediate,8.77,-69.99999999999999,-70.0,-69.99999999999999,0.0
intermediate,8.780000000000001,-69.99999999999999,-70.0,-69.99999999999999,0.0
intermediate,8.790000000000001,-69.99999999999999,-70.0,-69.99999999999999,0.0
intermediate,8.8,-69.99999999999999,-70.0,-69.99999999999999,0.0
intermediate,8.81,-69.99999999999999,-70.0,-69.99999999999999,0.0
intermediate,8.820000000000002,-69.99999999999999,-70.0,-69.99999999999999,0.0
intermediate,8.830000000000002,-69.99999999999999,-70.0,-69.99999999999999,0.0
intermediate,8.84,-69.99999999999999,-70.0,-69.99999999999999,0.0
intermediate,8.85,-69.99999999999999,-70.0,-69.99999999999999,0.0
intermediate,8.860000000000001,-69.99999999999999,-70.0,-69.99999999999999,0.0
intermediate,8.870000000000001,-69.99999999999999,-70.0,-69.99999999999999,0.0
intermediate,8.88,-69.99999999999999,-70.0,-69.99999999999999,0.0
intermediate,8.89,-69.99999999999999,-70.0,-69.99999999999999,0.0
intermediate,8.9,-69.99999999999999,-70.0,-69.99999999999999,0.0
intermediate,8.910000000000002,-69.99999999999999,-70.0,-69.99999999999999,0.0
intermediate,8.920000000000002,-69.99999999999999,-70.0,-69.99999999999999,0.0
intermediate,8.93,-69.99999999999999,-70.0,-69.99999999999999,0.0
intermediate,8.94,-69.99999999999999,-70.0,-69.99999999999999,0.0
intermediate,8.950000000000001,-69.99999999999999,-70.0,-69.99999999999999,0.0
intermediate,8.96,-69.99999999999999,-70.0,-69.99999999999999,0.0
intermediate,8.97,-69.99999999999999,-70.0,-69.99999999999999,0.0
intermediate,8.98,-69.99999999999999,-70.0,-69.99999999999999,0.0
intermediate,8.990000000000002,-69.99999999999999,-70.0,-69.99999999999999,0.0
intermediate,9.000000000000002,-69.99999999999999,-70.0,-69.99999999999999,0.0
intermediate,9.01,-69.99999999999999,-70.0,-69.99999999999999,0.0
intermediate,9.02,-69.99999999999999,-70.0,-69.99999999999999,0.0
intermediate,9.030000000000001,-69.99999999999999,-70.0,-69.99999999999999,0.0
intermediate,9.040000000000001,-69.99999999999999,-70.0,-69.99999999999999,0.0
intermediate,9.05,-69.99999999999999,-70.0,-69.99999999999999,0.0
intermediate,9.06,-69.99999999999999,-70.0,-69.99999999999999,0.0
intermediate,9.07,-69.99999999999999,-70.0,-69.99999999999999,0.0
intermediate,9.080000000000002,-69.99999999999999,-70.0,-69.99999999999999,0.0
intermediate,9.090000000000002,-69.99999999999999,-70.0,-69.99999999999999,0.0
intermediate,9.1,-69.99999999999999,-70.0,-69.99999999999999,0.0
intermediate,9.11,-69.99999999999999,-70.0,-69.99999999999999,0.0
intermediate,9.120000000000001,-69.99999999999999,-70.0,-69.99999999999999,0.0
intermediate,9.13,-69.99999999999999,-70.0,-69.99999999999999,0.0
intermediate,9.14,-69.99999999999999,-70.0,-69.99999999999999,0.0
intermediate,9.15,-69.99999999999999,-70.0,-69.99999999999999,0.0
intermediate,9.160000000000002,-69.99999999999999,-70.0,-69.99999999999999,0.0
intermediate,9.170000000000002,-69.99999999999999,-70.0,-69.99999999999999,0.0
intermediate,9.180000000000001,-69.99999999999999,-70.0,-69.99999999999999,0.0
intermediate,9.19,-69.99999999999999,-70.0,-69.99999999999999,0.0
intermediate,9.200000000000001,-69.99999999999999,-70.0,-69.99999999999999,0.0
intermediate,9.21,-69.99999999999999,-70.0,-69.99999999999999,0.0
intermediate,9.22,-69.99999999999999,-70.0,-69.99999999999999,0.0
intermediate,9.23,-69.99999999999999,-70.0,-69.99999999999999,0.0
intermediate,9.24,-69.99999999999999,-70.0,-69.99999999999999,0.0
intermediate,9.250000000000002,-69.99999999999999,-70.0,-69.99999999999999,0.0
intermediate,9.260000000000002,-69.99999999999999,-70.0,-69.99999999999999,0.0
intermediate,9.27,-69.99999999999999,-70.0,-69.99999999999999,0.0
intermediate,9.28,-69.99999999999999,-70.0,-69.99999999999999,0.0
intermediate,9.290000000000001,-69.99999999999999,-70.0,-69.99999999999999,0.0
intermediate,9.3,-69.99999999999999,-70.0,-69.99999999999999,0.0
intermediate,9.31,-69.99999999999999,-70.0,-69.99999999999999,0.0
intermediate,9.32,-69.99999999999999,-70.0,-69.99999999999999,0.0
intermediate,9.330000000000002,-69.99999999999999,-70.0,-69.99999999999999,0.0
intermediate,9.340000000000002,-69.99999999999999,-70.0,-69.99999999999999,0.0
intermediate,9.350000000000001,-69.99999999999999,-70.0,-69.99999999999999,0.0
intermediate,9.36,-69.99999999999999,-70.0,-69.99999999999999,0.0
intermediate,9.370000000000001,-69.99999999999999,-70.0,-69.99999999999999,0.0
intermediate,9.38,-69.99999999999999,-70.0,-69.99999999999999,0.0
intermediate,9.39,-69.99999999999999,-70.0,-69.99999999999999,0.0
intermediate,9.4,-69.99999999999999,-70.0,-69.99999999999999,0.0
intermediate,9.41,-69.99999999999999,-70.0,-69.99999999999999,0.0
intermediate,9.420000000000002,-69.99999999999999,-70.0,-69.99999999999999,0.0
intermediate,9.430000000000001,-69.99999999999999,-70.0,-69.99999999999999,0.0
intermediate,9.440000000000001,-69.99999999999999,-70.0,-69.99999999999999,0.0
intermediate,9.45,-69.99999999999999,-70.0,-69.99999999999999,0.0
intermediate,9.46,-69.99999999999999,-70.0,-69.99999999999999,0.0
intermediate,9.47,-69.99999999999999,-70.0,-69.99999999999999,0.0
intermediate,9.48,-69.99999999999999,-70.0,-69.99999999999999,0.0
intermediate,9.49,-69.99999999999999,-70.0,-69.99999999999999,0.0
intermediate,9.500000000000002,-69.99999999999999,-70.0,-69.99999999999999,0.0
intermediate,9.510000000000002,-69.99999999999999,-70.0,-69.99999999999999,0.0
intermediate,9.520000000000001,-69.99999999999999,-70.0,-69.99999999999999,0.0
intermediate,9.530000000000001,-69.99999999999999,-70.0,-69.99999999999999,0.0
intermediate,9.540000000000001,-69.99999999999999,-70.0,-69.99999999999999,0.0
intermediate,9.55,-69.99999999999999,-70.0,-69.99999999999999,0.0
intermediate,9.56,-69.99999999999999,-70.0,-69.99999999999999,0.0
intermediate,9.57,-69.99999999999999,-70.0,-69.99999999999999,0.0
intermediate,9.58,-69.99999999999999,-70.0,-69.99999999999999,0.0
intermediate,9.590000000000002,-69.99999999999999,-70.0,-69.99999999999999,0.0
intermediate,9.600000000000001,-69.99999999999999,-70.0,-69.99999999999999,0.0
intermediate,9.610000000000001,-69.99999999999999,-70.0,-69.99999999999999,0.0
intermediate,9.62,-69.99999999999999,-70.0,-69.99999999999999,0.0
intermediate,9.63,-69.99999999999999,-70.0,-69.99999999999999,0.0
intermediate,9.64,-69.99999999999999,-70.0,-69.99999999999999,0.0
intermediate,9.65,-69.99999999999999,-70.0,-69.99999999999999,0.0
intermediate,9.66,-69.99999999999999,-70.0,-69.99999999999999,0.0
intermediate,9.670000000000002,-69.99999999999999,-70.0,-69.99999999999999,0.0
intermediate,9.680000000000001,-69.99999999999999,-70.0,-69.99999999999999,0.0
intermediate,9.690000000000001,-69.99999999999999,-70.0,-69.99999999999999,0.0
intermediate,9.700000000000001,-69.99999999999999,-70.0,-69.99999999999999,0.0
intermediate,9.71,-69.99999999999999,-70.0,-69.99999999999999,0.0
intermediate,9.72,-69.99999999999999,-70.0,-69.99999999999999,0.0
intermediate,9.73,-69.99999999999999,-70.0,-69.99999999999999,0.0
intermediate,9.74,-69.99999999999999,-70.0,-69.99999999999999,0.0
intermediate,9.75,-69.99999999999999,-70.0,-69.99999999999999,0.0
intermediate,9.760000000000002,-69.99999999999999,-70.0,-69.99999999999999,0.0
intermediate,9.770000000000001,-69.99999999999999,-70.0,-69.99999999999999,0.0
intermediate,9.780000000000001,-69.99999999999999,-70.0,-69.99999999999999,0.0
intermediate,9.790000000000001,-69.99999999999999,-70.0,-69.99999999999999,0.0
intermediate,9.8,-69.99999999999999,-70.0,-69.99999999999999,0.0
intermediate,9.81,-69.99999999999999,-70.0,-69.99999999999999,0.0
intermediate,9.82,-69.99999999999999,-70.0,-69.99999999999999,0.0
intermediate,9.83,-69.99999999999999,-70.0,-69.99999999999999,0.0
intermediate,9.840000000000002,-69.99999999999999,-70.0,-69.99999999999999,0.0
intermediate,9.850000000000001,-69.99999999999999,-70.0,-69.99999999999999,0.0
intermediate,9.860000000000001,-69.99999999999999,-70.0,-69.99999999999999,0.0
intermediate,9.870000000000001,-69.99999999999999,-70.0,-69.99999999999999,0.0
intermediate,9.88,-69.99999999999999,-70.0,-69.99999999999999,0.0
intermediate,9.89,-69.99999999999999,-70.0,-69.99999999999999,0.0
intermediate,9.9,-69.99999999999999,-70.0,-69.99999999999999,0.0
intermediate,9.91,-69.99999999999999,-70.0,-69.99999999999999,0.0
intermediate,9.92,-69.99999999999999,-70.0,-69.99999999999999,0.0
intermediate,9.930000000000001,-69.99999999999999,-70.0,-69.99999999999999,0.0
intermediate,9.940000000000001,-69.99999999999999,-70.0,-69.99999999999999,0.0
intermediate,9.950000000000001,-69.99999999999999,-70.0,-69.99999999999999,0.0
intermediate,9.96,-69.99999999999999,-70.0,-69.99999999999999,0.0
intermediate,9.97,-69.99999999999999,-70.0,-69.99999999999999,0.0
intermediate,9.98,-69.99999999999999,-70.0,-69.99999999999999,0.0
intermediate,9.99,-69.99999999999999,-70.0,-69.99999999999999,0.0
intermediate,10.0,-69.99999999999999,-70.0,-69.99999999999999,0.0
intermediate,10.010000000000002,-69.99999999999999,-70.0,-69.99999999999999,0.0
intermediate,10.020000000000001,-69.99999999999999,-70.0,-69.99999999999999,0.0
intermediate,10.030000000000001,-69.99999999999999,-70.0,-69.99999999999999,0.0
intermediate,10.040000000000001,-69.99999999999999,-70.0,-69.99999999999999,0.0
intermediate,10.050000000000002,-69.99999999999999,-70.0,-69.99999999999999,0.0
intermediate,10.06,-69.99999999999999,-70.0,-69.99999999999999,0.0
intermediate,10.07,-69.99999999999999,-70.0,-69.99999999999999,0.0
intermediate,10.08,-69.99999999999999,-70.0,-69.99999999999999,0.0
intermediate,10.09,-69.99999999999999,-70.0,-69.99999999999999,0.0
intermediate,10.100000000000001,-69.99999999999999,-70.0,-69.99999999999999,0.0
intermediate,10.110000000000001,-69.99999999999999,-70.0,-69.99999999999999,0.0
intermediate,10.120000000000001,-69.99999999999999,-70.0,-69.99999999999999,0.0
intermediate,10.13,-69.99999999999999,-70.0,-69.99999999999999,0.0
intermediate,10.14,-69.99999999999999,-70.0,-69.99999999999999,0.0
intermediate,10.15,-69.99999999999999,-70.0,-69.99999999999999,0.0
intermediate,10.16,-69.99999999999999,-70.0,-69.99999999999999,0.0
intermediate,10.17,-69.99999999999999,-70.0,-69.99999999999999,0.0
intermediate,10.180000000000001,-69.99999999999999,-70.0,-69.99999999999999,0.0
intermediate,10.190000000000001,-69.99999999999999,-70.0,-69.99999999999999,0.0
intermediate,10.200000000000001,-69.99999999999999,-70.0,-69.99999999999999,0.0
intermediate,10.21,-69.99999999999999,-70.0,-69.99999999999999,0.0
intermediate,10.220000000000002,-69.99999999999999,-70.0,-69.99999999999999,0.0
intermediate,10.23,-69.99999999999999,-70.0,-69.99999999999999,0.0
intermediate,10.24,-69.99999999999999,-70.0,-69.99999999999999,0.0
intermediate,10.25,-69.99999999999999,-70.0,-69.99999999999999,0.0
intermediate,10.26,-69.99999999999999,-70.0,-69.99999999999999,0.0
intermediate,10.270000000000001,-69.99999999999999,-70.0,-69.99999999999999,0.0
intermediate,10.280000000000001,-69.99999999999999,-70.0,-69.99999999999999,0.0
intermediate,10.290000000000001,-69.99999999999999,-70.0,-69.99999999999999,0.0
intermediate,10.3,-69.99999999999999,-70.0,-69.99999999999999,0.0
intermediate,10.310000000000002,-69.99999999999999,-70.0,-69.99999999999999,0.0
intermediate,10.32,-69.99999999999999,-70.0,-69.99999999999999,0.0
intermediate,10.33,-69.99999999999999,-70.0,-69.99999999999999,0.0
intermediate,10.34,-69.99999999999999,-70.0,-69.99999999999999,0.0
intermediate,10.350000000000001,-69.99999999999999,-70.0,-69.99999999999999,0.0
intermediate,10.360000000000001,-69.99999999999999,-70.0,-69.99999999999999,0.0
intermediate,10.370000000000001,-69.99999999999999,-70.0,-69.99999999999999,0.0
intermediate,10.38,-69.99999999999999,-70.0,-69.99999999999999,0.0
intermediate,10.390000000000002,-69.99999999999999,-70.0,-69.99999999999999,0.0
intermediate,10.400000000000002,-69.99999999999999,-70.0,-69.99999999999999,0.0
intermediate,10.41,-69.99999999999999,-70.0,-69.99999999999999,0.0
intermediate,10.42,-69.99999999999999,-70.0,-69.99999999999999,0.0
intermediate,10.43,-69.99999999999999,-70.0,-69.99999999999999,0.0
intermediate,10.440000000000001,-69.99999999999999,-70.0,-69.99999999999999,0.0
intermediate,10.450000000000001,-69.99999999999999,-70.0,-69.99999999999999,0.0
intermediate,10.46,-69.99999999999999,-70.0,-69.99999999999999,0.0
intermediate,10.47,-69.99999999999999,-70.0,-69.99999999999999,0.0
intermediate,10.480000000000002,-69.99999999999999,-70.0,-69.99999999999999,0.0
intermediate,10.49,-69.99999999999999,-70.0,-69.99999999999999,0.0
intermediate,10.5,-69.99999999999999,-70.0,-69.99999999999999,0.0
intermediate,10.51,-69.99999999999999,-70.0,-69.99999999999999,0.0
intermediate,10.520000000000001,-69.99999999999999,-70.0,-69.99999999999999,0.0
intermediate,10.530000000000001,-69.99999999999999,-70.0,-69.99999999999999,0.0
intermediate,10.540000000000001,-69.99999999999999,-70.0,-69.99999999999999,0.0
intermediate,10.55,-69.99999999999999,-70.0,-69.99999999999999,0.0
intermediate,10.560000000000002,-69.99999999999999,-70.0,-69.99999999999999,0.0
intermediate,10.570000000000002,-69.99999999999999,-70.0,-69.99999999999999,0.0
intermediate,10.58,-69.99999999999999,-70.0,-69.99999999999999,0.0
intermediate,10.59,-69.99999999999999,-70.0,-69.99999999999999,0.0
intermediate,10.6,-69.99999999999999,-70.0,-69.99999999999999,0.0
intermediate,10.610000000000001,-69.99999999999999,-70.0,-69.99999999999999,0.0
intermediate,10.620000000000001,-69.99999999999999,-70.0,-69.99999999999999,0.0
intermediate,10.63,-69.99999999999999,-70.0,-69.99999999999999,0.0
intermediate,10.64,-69.99999999999999,-70.0,-69.99999999999999,0.0
intermediate,10.650000000000002,-69.99999999999999,-70.0,-69.99999999999999,0.0
intermediate,10.660000000000002,-69.99999999999999,-70.0,-69.99999999999999,0.0
intermediate,10.67,-69.99999999999999,-70.0,-69.99999999999999,0.0
intermediate,10.68,-69.99999999999999,-70.0,-69.99999999999999,0.0
intermediate,10.690000000000001,-69.99999999999999,-70.0,-69.99999999999999,0.0
intermediate,10.700000000000001,-69.99999999999999,-70.0,-69.99999999999999,0.0
intermediate,10.71,-69.99999999999999,-70.0,-69.99999999999999,0.0
intermediate,10.72,-69.99999999999999,-70.0,-69.99999999999999,0.0
intermediate,10.730000000000002,-69.99999999999999,-70.0,-69.99999999999999,0.0
intermediate,10.740000000000002,-69.99999999999999,-70.0,-69.99999999999999,0.0
intermediate,10.75,-69.99999999999999,-70.0,-69.99999999999999,0.0
intermediate,10.76,-69.99999999999999,-70.0,-69.99999999999999,0.0
intermediate,10.77,-69.99999999999999,-70.0,-69.99999999999999,0.0
intermediate,10.780000000000001,-69.99999999999999,-70.0,-69.99999999999999,0.0
intermediate,10.790000000000001,-69.99999999999999,-70.0,-69.99999999999999,0.0
intermediate,10.8,-69.99999999999999,-70.0,-69.99999999999999,0.0
intermediate,10.81,-69.99999999999999,-70.0,-69.99999999999999,0.0
intermediate,10.820000000000002,-69.99999999999999,-70.0,-69.99999999999999,0.0
intermediate,10.830000000000002,-69.99999999999999,-70.0,-69.99999999999999,0.0
intermediate,10.84,-69.99999999999999,-70.0,-69.99999999999999,0.0
intermediate,10.85,-69.99999999999999,-70.0,-69.99999999999999,0.0
intermediate,10.860000000000001,-69.99999999999999,-70.0,-69.99999999999999,0.0
intermediate,10.870000000000001,-69.99999999999999,-70.0,-69.99999999999999,0.0
intermediate,10.88,-69.99999999999999,-70.0,-69.99999999999999,0.0
intermediate,10.89,-69.99999999999999,-70.0,-69.99999999999999,0.0
intermediate,10.900000000000002,-69.99999999999999,-70.0,-69.99999999999999,0.0
intermediate,10.910000000000002,-69.99999999999999,-70.0,-69.99999999999999,0.0
intermediate,10.920000000000002,-69.99999999999999,-70.0,-69.99999999999999,0.0
intermediate,10.93,-69.99999999999999,-70.0,-69.99999999999999,0.0
intermediate,10.94,-69.99999999999999,-70.0,-69.99999999999999,0.0
intermediate,10.950000000000001,-69.99999999999999,-70.0,-69.99999999999999,0.0
intermediate,10.96,-69.99999999999999,-70.0,-69.99999999999999,0.0
intermediate,10.97,-69.99999999999999,-70.0,-69.99999999999999,0.0
intermediate,10.98,-69.99999999999999,-70.0,-69.99999999999999,0.0
intermediate,10.990000000000002,-69.99999999999999,-70.0,-69.99999999999999,0.0
intermediate,11.000000000000002,-69.99999999999999,-70.0,-69.99999999999999,0.0
intermediate,11.010000000000002,-69.99999999999999,-70.0,-69.99999999999999,0.0
intermediate,11.02,-69.99999999999999,-70.0,-69.99999999999999,0.0
intermediate,11.030000000000001,-69.99999999999999,-70.0,-69.99999999999999,0.0
intermediate,11.040000000000001,-69.99999999999999,-70.0,-69.99999999999999,0.0
intermediate,11.05,-69.99999999999999,-70.0,-69.99999999999999,0.0
intermediate,11.06,-69.99999999999999,-70.0,-69.99999999999999,0.0
intermediate,11.070000000000002,-69.99999999999999,-70.0,-69.99999999999999,0.0
intermediate,11.080000000000002,-69.99999999999999,-70.0,-69.99999999999999,0.0
intermediate,11.090000000000002,-69.99999999999999,-70.0,-69.99999999999999,0.0
intermediate,11.1,-69.99999999999999,-70.0,-69.99999999999999,0.0
intermediate,11.11,-69.99999999999999,-70.0,-69.99999999999999,0.0
intermediate,11.120000000000001,-69.99999999999999,-70.0,-69.99999999999999,0.0
intermediate,11.13,-69.99999999999999,-70.0,-69.99999999999999,0.0
intermediate,11.14,-69.99999999999999,-70.0,-69.99999999999999,0.0
intermediate,11.15,-69.99999999999999,-70.0,-69.99999999999999,0.0
intermediate,11.160000000000002,-69.99999999999999,-70.0,-69.99999999999999,0.0
intermediate,11.170000000000002,-69.99999999999999,-70.0,-69.99999999999999,0.0
intermediate,11.180000000000001,-69.99999999999999,-70.0,-69.99999999999999,0.0
intermediate,11.19,-69.99999999999999,-70.0,-69.99999999999999,0.0
intermediate,11.200000000000001,-69.99999999999999,-70.0,-69.99999999999999,0.0
intermediate,11.21,-69.99999999999999,-70.0,-69.99999999999999,0.0
intermediate,11.22,-69.99999999999999,-70.0,-69.99999999999999,0.0
intermediate,11.23,-69.99999999999999,-70.0,-69.99999999999999,0.0
intermediate,11.240000000000002,-69.99999999999999,-70.0,-69.99999999999999,0.0
intermediate,11.250000000000002,-69.99999999999999,-70.0,-69.99999999999999,0.0
intermediate,11.260000000000002,-69.99999999999999,-70.0,-69.99999999999999,0.0
intermediate,11.270000000000001,-69.99999999999999,-70.0,-69.99999999999999,0.0
intermediate,11.28,-69.99999999999999,-70.0,-69.99999999999999,0.0
intermediate,11.290000000000001,-69.99999999999999,-70.0,-69.99999999999999,0.0
intermediate,11.3,-69.99999999999999,-70.0,-69.99999999999999,0.0
intermediate,11.31,-69.99999999999999,-70.0,-69.99999999999999,0.0
intermediate,11.32,-69.99999999999999,-70.0,-69.99999999999999,0.0
intermediate,11.330000000000002,-69.99999999999999,-70.0,-69.99999999999999,0.0
intermediate,11.340000000000002,-69.99999999999999,-70.0,-69.99999999999999,0.0
intermediate,11.350000000000001,-69.99999999999999,-70.0,-69.99999999999999,0.0
intermediate,11.36,-69.99999999999999,-70.0,-69.99999999999999,0.0
intermediate,11.370000000000001,-69.99999999999999,-70.0,-69.99999999999999,0.0
intermediate,11.38,-69.99999999999999,-70.0,-69.99999999999999,0.0
intermediate,11.39,-69.99999999999999,-70.0,-69.99999999999999,0.0
intermediate,11.4,-69.99999999999999,-70.0,-69.99999999999999,0.0
intermediate,11.410000000000002,-69.99999999999999,-70.0,-69.99999999999999,0.0
intermediate,11.420000000000002,-69.99999999999999,-70.0,-69.99999999999999,0.0
intermediate,11.430000000000001,-69.99999999999999,-70.0,-69.99999999999999,0.0
intermediate,11.440000000000001,-69.99999999999999,-70.0,-69.99999999999999,0.0
intermediate,11.45,-69.99999999999999,-70.0,-69.99999999999999,0.0
intermediate,11.46,-69.99999999999999,-70.0,-69.99999999999999,0.0
intermediate,11.47,-69.99999999999999,-70.0,-69.99999999999999,0.0
intermediate,11.48,-69.99999999999999,-70.0,-69.99999999999999,0.0
intermediate,11.49,-69.99999999999999,-70.0,-69.99999999999999,0.0
intermediate,11.500000000000002,-69.99999999999999,-70.0,-69.99999999999999,0.0
intermediate,11.510000000000002,-69.99999999999999,-70.0,-69.99999999999999,0.0
intermediate,11.520000000000001,-69.99999999999999,-70.0,-69.99999999999999,0.0
intermediate,11.530000000000001,-69.99999999999999,-70.0,-69.99999999999999,0.0
intermediate,11.540000000000001,-69.99999999999999,-70.0,-69.99999999999999,0.0
intermediate,11.55,-69.99999999999999,-70.0,-69.99999999999999,0.0
intermediate,11.56,-69.99999999999999,-70.0,-69.99999999999999,0.0
intermediate,11.57,-69.99999999999999,-70.0,-69.99999999999999,0.0
intermediate,11.580000000000002,-69.99999999999999,-70.0,-69.99999999999999,0.0
intermediate,11.590000000000002,-69.99999999999999,-70.0,-69.99999999999999,0.0
intermediate,11.600000000000001,-69.99999999999999,-70.0,-69.99999999999999,0.0
intermediate,11.610000000000001,-69.99999999999999,-70.0,-69.99999999999999,0.0
intermediate,11.620000000000001,-69.99999999999999,-70.0,-69.99999999999999,0.0
intermediate,11.63,-69.99999999999999,-70.0,-69.99999999999999,0.0
intermediate,11.64,-69.99999999999999,-70.0,-69.99999999999999,0.0
intermediate,11.65,-69.99999999999999,-70.0,-69.99999999999999,0.0
intermediate,11.66,-69.99999999999999,-70.0,-69.99999999999999,0.0
intermediate,11.670000000000002,-69.99999999999999,-70.0,-69.99999999999999,0.0
intermediate,11.680000000000001,-69.99999999999999,-70.0,-69.99999999999999,0.0
intermediate,11.690000000000001,-69.99999999999999,-70.0,-69.99999999999999,0.0
intermediate,11.700000000000001,-69.99999999999999,-70.0,-69.99999999999999,0.0
intermediate,11.71,-69.99999999999999,-70.0,-69.99999999999999,0.0
intermediate,11.72,-69.99999999999999,-70.0,-69.99999999999999,0.0
intermediate,11.73,-69.99999999999999,-70.0,-69.99999999999999,0.0
intermediate,11.74,-69.99999999999999,-70.0,-69.99999999999999,0.0
intermediate,11.750000000000002,-69.99999999999999,-70.0,-69.99999999999999,0.0
intermediate,11.760000000000002,-69.99999999999999,-70.0,-69.99999999999999,0.0
intermediate,11.770000000000001,-69.99999999999999,-70.0,-69.99999999999999,0.0
intermediate,11.780000000000001,-69.99999999999999,-70.0,-69.99999999999999,0.0
intermediate,11.790000000000001,-69.99999999999999,-70.0,-69.99999999999999,0.0
intermediate,11.8,-69.99999999999999,-70.0,-69.99999999999999,0.0
intermediate,11.81,-69.99999999999999,-70.0,-69.99999999999999,0.0
intermediate,11.82,-69.99999999999999,-70.0,-69.99999999999999,0.0
intermediate,11.83,-69.99999999999999,-70.0,-69.99999999999999,0.0
intermediate,11.840000000000002,-69.99999999999999,-70.0,-69.99999999999999,0.0
intermediate,11.850000000000001,-69.99999999999999,-70.0,-69.99999999999999,0.0
intermediate,11.860000000000001,-69.99999999999999,-70.0,-69.99999999999999,0.0
intermediate,11.870000000000001,-69.99999999999999,-70.0,-69.99999999999999,0.0
intermediate,11.880000000000003,-69.99999999999999,-70.0,-69.99999999999999,0.0
intermediate,11.89,-69.99999999999999,-70.0,-69.99999999999999,0.0
intermediate,11.9,-69.99999999999999,-70.0,-69.99999999999999,0.0
intermediate,11.91,-69.99999999999999,-70.0,-69.99999999999999,0.0
intermediate,11.920000000000002,-69.99999999999999,-70.0,-69.99999999999999,0.0
intermediate,11.930000000000001,-69.99999999999999,-70.0,-69.99999999999999,0.0
intermediate,11.940000000000001,-69.99999999999999,-70.0,-69.99999999999999,0.0
intermediate,11.950000000000001,-69.99999999999999,-70.0,-69.99999999999999,0.0
intermediate,11.96,-69.99999999999999,-70.0,-69.99999999999999,0.0
intermediate,11.97,-69.99999999999999,-70.0,-69.99999999999999,0.0
intermediate,11.98,-69.99999999999999,-70.0,-69.99999999999999,0.0
intermediate,11.99,-69.99999999999999,-70.0,-69.99999999999999,0.0
intermediate,12.0,-69.99999999999999,-70.0,-69.99999999999999,0.0
intermediate,12.010000000000002,-69.99999999999999,-70.0,-69.99999999999999,0.0
intermediate,12.020000000000001,-69.99999999999999,-70.0,-69.99999999999999,0.0
intermediate,12.030000000000001,-69.99999999999999,-70.0,-69.99999999999999,0.0
intermediate,12.040000000000001,-69.99999999999999,-70.0,-69.99999999999999,0.0
intermediate,12.050000000000002,-69.99999999999999,-70.0,-69.99999999999999,0.0
intermediate,12.06,-69.99999999999999,-70.0,-69.99999999999999,0.0
intermediate,12.07,-69.99999999999999,-70.0,-69.99999999999999,0.0
intermediate,12.08,-69.99999999999999,-70.0,-69.99999999999999,0.0
intermediate,12.090000000000002,-69.99999999999999,-70.0,-69.99999999999999,0.0
intermediate,12.100000000000001,-69.99999999999999,-70.0,-69.99999999999999,0.0
intermediate,12.110000000000001,-69.99999999999999,-70.0,-69.99999999999999,0.0
intermediate,12.120000000000001,-69.99999999999999,-70.0,-69.99999999999999,0.0
intermediate,12.13,-69.99999999999999,-70.0,-69.99999999999999,0.0
intermediate,12.140000000000002,-69.99999999999999,-70.0,-69.99999999999999,0.0
intermediate,12.15,-69.99999999999999,-70.0,-69.99999999999999,0.0
intermediate,12.16,-69.99999999999999,-70.0,-69.99999999999999,0.0
intermediate,12.17,-69.99999999999999,-70.0,-69.99999999999999,0.0
intermediate,12.180000000000001,-69.99999999999999,-70.0,-69.99999999999999,0.0
intermediate,12.190000000000001,-69.99999999999999,-70.0,-69.99999999999999,0.0
intermediate,12.200000000000001,-69.99999999999999,-70.0,-69.99999999999999,0.0
intermediate,12.21,-69.99999999999999,-70.0,-69.99999999999999,0.0
intermediate,12.220000000000002,-69.99999999999999,-70.0,-69.99999999999999,0.0
intermediate,12.23,-69.99999999999999,-70.0,-69.99999999999999,0.0
intermediate,12.24,-69.99999999999999,-70.0,-69.99999999999999,0.0
intermediate,12.25,-69.99999999999999,-70.0,-69.99999999999999,0.0
intermediate,12.260000000000002,-69.99999999999999,-70.0,-69.99999999999999,0.0
intermediate,12.270000000000001,-69.99999999999999,-70.0,-69.99999999999999,0.0
intermediate,12.280000000000001,-69.99999999999999,-70.0,-69.99999999999999,0.0
intermediate,12.290000000000001,-69.99999999999999,-70.0,-69.99999999999999,0.0
intermediate,12.3,-69.99999999999999,-70.0,-69.99999999999999,0.0
intermediate,12.310000000000002,-69.99999999999999,-70.0,-69.99999999999999,0.0
intermediate,12.32,-69.99999999999999,-70.0,-69.99999999999999,0.0
intermediate,12.33,-69.99999999999999,-70.0,-69.99999999999999,0.0
intermediate,12.34,-69.99999999999999,-70.0,-69.99999999999999,0.0
intermediate,12.350000000000001,-69.99999999999999,-70.0,-69.99999999999999,0.0
intermediate,12.360000000000001,-69.99999999999999,-70.0,-69.99999999999999,0.0
intermediate,12.370000000000001,-69.99999999999999,-70.0,-69.99999999999999,0.0
intermediate,12.38,-69.99999999999999,-70.0,-69.99999999999999,0.0
intermediate,12.390000000000002,-69.99999999999999,-70.0,-69.99999999999999,0.0
intermediate,12.400000000000002,-69.99999999999999,-70.0,-69.99999999999999,0.0
intermediate,12.41,-69.99999999999999,-70.0,-69.99999999999999,0.0
intermediate,12.42,-69.99999999999999,-70.0,-69.99999999999999,0.0
intermediate,12.430000000000001,-69.99999999999999,-70.0,-69.99999999999999,0.0
intermediate,12.440000000000001,-69.99999999999999,-70.0,-69.99999999999999,0.0
intermediate,12.450000000000001,-69.99999999999999,-70.0,-69.99999999999999,0.0
intermediate,12.46,-69.99999999999999,-70.0,-69.99999999999999,0.0
intermediate,12.47,-69.99999999999999,-70.0,-69.99999999999999,0.0
intermediate,12.480000000000002,-69.99999999999999,-70.0,-69.99999999999999,0.0
intermediate,12.490000000000002,-69.99999999999999,-70.0,-69.99999999999999,0.0
intermediate,12.5,-69.99999999999999,-70.0,-69.99999999999999,0.0
intermediate,12.51,-69.99999999999999,-70.0,-69.99999999999999,0.0
intermediate,12.520000000000001,-69.99999999999999,-70.0,-69.99999999999999,0.0
intermediate,12.530000000000001,-69.99999999999999,-70.0,-69.99999999999999,0.0
intermediate,12.540000000000001,-69.99999999999999,-70.0,-69.99999999999999,0.0
intermediate,12.55,-69.99999999999999,-70.0,-69.99999999999999,0.0
intermediate,12.560000000000002,-69.99999999999999,-70.0,-69.99999999999999,0.0
intermediate,12.570000000000002,-69.99999999999999,-70.0,-69.99999999999999,0.0
intermediate,12.58,-69.99999999999999,-70.0,-69.99999999999999,0.0
intermediate,12.59,-69.99999999999999,-70.0,-69.99999999999999,0.0
intermediate,12.600000000000001,-69.99999999999999,-70.0,-69.99999999999999,0.0
intermediate,12.610000000000001,-69.99999999999999,-70.0,-69.99999999999999,0.0
intermediate,12.620000000000001,-69.99999999999999,-70.0,-69.99999999999999,0.0
intermediate,12.63,-69.99999999999999,-70.0,-69.99999999999999,0.0
intermediate,12.64,-69.99999999999999,-70.0,-69.99999999999999,0.0
intermediate,12.650000000000002,-69.99999999999999,-70.0,-69.99999999999999,0.0
intermediate,12.660000000000002,-69.99999999999999,-70.0,-69.99999999999999,0.0
intermediate,12.67,-69.99999999999999,-70.0,-69.99999999999999,0.0
intermediate,12.68,-69.99999999999999,-70.0,-69.99999999999999,0.0
intermediate,12.690000000000001,-69.99999999999999,-70.0,-69.99999999999999,0.0
intermediate,12.700000000000001,-69.99999999999999,-70.0,-69.99999999999999,0.0
intermediate,12.71,-69.99999999999999,-70.0,-69.99999999999999,0.0
intermediate,12.72,-69.99999999999999,-70.0,-69.99999999999999,0.0
intermediate,12.730000000000002,-69.99999999999999,-70.0,-69.99999999999999,0.0
intermediate,12.740000000000002,-69.99999999999999,-70.0,-69.99999999999999,0.0
intermediate,12.750000000000002,-69.99999999999999,-70.0,-69.99999999999999,0.0
intermediate,12.76,-69.99999999999999,-70.0,-69.99999999999999,0.0
intermediate,12.770000000000001,-69.99999999999999,-70.0,-69.99999999999999,0.0
intermediate,12.780000000000001,-69.99999999999999,-70.0,-69.99999999999999,0.0
intermediate,12.790000000000001,-69.99999999999999,-70.0,-69.99999999999999,0.0
intermediate,12.8,-69.99999999999999,-70.0,-69.99999999999999,0.0
intermediate,12.81,-69.99999999999999,-70.0,-69.99999999999999,0.0
intermediate,12.820000000000002,-69.99999999999999,-70.0,-69.99999999999999,0.0
intermediate,12.830000000000002,-69.99999999999999,-70.0,-69.99999999999999,0.0
intermediate,12.84,-69.99999999999999,-70.0,-69.99999999999999,0.0
intermediate,12.85,-69.99999999999999,-70.0,-69.99999999999999,0.0
intermediate,12.860000000000001,-69.99999999999999,-70.0,-69.99999999999999,0.0
intermediate,12.870000000000001,-69.99999999999999,-70.0,-69.99999999999999,0.0
intermediate,12.88,-69.99999999999999,-70.0,-69.99999999999999,0.0
intermediate,12.89,-69.99999999999999,-70.0,-69.99999999999999,0.0
intermediate,12.900000000000002,-69.99999999999999,-70.0,-69.99999999999999,0.0
intermediate,12.910000000000002,-69.99999999999999,-70.0,-69.99999999999999,0.0
intermediate,12.920000000000002,-69.99999999999999,-70.0,-69.99999999999999,0.0
intermediate,12.93,-69.99999999999999,-70.0,-69.99999999999999,0.0
intermediate,12.940000000000001,-69.99999999999999,-70.0,-69.99999999999999,0.0
intermediate,12.950000000000001,-69.99999999999999,-70.0,-69.99999999999999,0.0
intermediate,12.96,-69.99999999999999,-70.0,-69.99999999999999,0.0
intermediate,12.97,-69.99999999999999,-70.0,-69.99999999999999,0.0
intermediate,12.98,-69.99999999999999,-70.0,-69.99999999999999,0.0
intermediate,12.990000000000002,-69.99999999999999,-70.0,-69.99999999999999,0.0
intermediate,13.000000000000002,-69.99999999999999,-70.0,-69.99999999999999,0.0
intermediate,13.010000000000002,-69.99999999999999,-70.0,-69.99999999999999,0.0
intermediate,13.02,-69.99999999999999,-70.0,-69.99999999999999,0.0
intermediate,13.030000000000001,-69.99999999999999,-70.0,-69.99999999999999,0.0
intermediate,13.040000000000001,-69.99999999999999,-70.0,-69.99999999999999,0.0
intermediate,13.05,-69.99999999999999,-70.0,-69.99999999999999,0.0
intermediate,13.06,-69.99999999999999,-70.0,-69.99999999999999,0.0
intermediate,13.070000000000002,-69.99999999999999,-70.0,-69.99999999999999,0.0
intermediate,13.080000000000002,-69.99999999999999,-70.0,-69.99999999999999,0.0
intermediate,13.090000000000002,-69.99999999999999,-70.0,-69.99999999999999,0.0
intermediate,13.100000000000001,-69.99999999999999,-70.0,-69.99999999999999,0.0
intermediate,13.110000000000001,-69.99999999999999,-70.0,-69.99999999999999,0.0
intermediate,13.120000000000001,-69.99999999999999,-70.0,-69.99999999999999,0.0
intermediate,13.13,-69.99999999999999,-70.0,-69.99999999999999,0.0
intermediate,13.14,-69.99999999999999,-70.0,-69.99999999999999,0.0
intermediate,13.15,-69.99999999999999,-70.0,-69.99999999999999,0.0
intermediate,13.160000000000002,-69.99999999999999,-70.0,-69.99999999999999,0.0
intermediate,13.170000000000002,-69.99999999999999,-70.0,-69.99999999999999,0.0
intermediate,13.180000000000001,-69.99999999999999,-70.0,-69.99999999999999,0.0
intermediate,13.19,-69.99999999999999,-70.0,-69.99999999999999,0.0
intermediate,13.200000000000001,-69.99999999999999,-70.0,-69.99999999999999,0.0
intermediate,13.21,-69.99999999999999,-70.0,-69.99999999999999,0.0
intermediate,13.22,-69.99999999999999,-70.0,-69.99999999999999,0.0
intermediate,13.23,-69.99999999999999,-70.0,-69.99999999999999,0.0
intermediate,13.240000000000002,-69.99999999999999,-70.0,-69.99999999999999,0.0
intermediate,13.250000000000002,-69.99999999999999,-70.0,-69.99999999999999,0.0
intermediate,13.260000000000002,-69.99999999999999,-70.0,-69.99999999999999,0.0
intermediate,13.270000000000001,-69.99999999999999,-70.0,-69.99999999999999,0.0
intermediate,13.280000000000001,-69.99999999999999,-70.0,-69.99999999999999,0.0
intermediate,13.290000000000001,-69.99999999999999,-70.0,-69.99999999999999,0.0
intermediate,13.3,-69.99999999999999,-70.0,-69.99999999999999,0.0
intermediate,13.31,-69.99999999999999,-70.0,-69.99999999999999,0.0
intermediate,13.32,-69.99999999999999,-70.0,-69.99999999999999,0.0
intermediate,13.330000000000002,-69.99999999999999,-70.0,-69.99999999999999,0.0
intermediate,13.340000000000002,-69.99999999999999,-70.0,-69.99999999999999,0.0
intermediate,13.350000000000001,-69.99999999999999,-70.0,-69.99999999999999,0.0
intermediate,13.360000000000001,-69.99999999999999,-70.0,-69.99999999999999,0.0
intermediate,13.370000000000001,-69.99999999999999,-70.0,-69.99999999999999,0.0
intermediate,13.38,-69.99999999999999,-70.0,-69.99999999999999,0.0
intermediate,13.39,-69.99999999999999,-70.0,-69.99999999999999,0.0
intermediate,13.4,-69.99999999999999,-70.0,-69.99999999999999,0.0
intermediate,13.410000000000002,-69.99999999999999,-70.0,-69.99999999999999,0.0
intermediate,13.420000000000002,-69.99999999999999,-70.0,-69.99999999999999,0.0
intermediate,13.430000000000001,-69.99999999999999,-70.0,-69.99999999999999,0.0
intermediate,13.440000000000001,-69.99999999999999,-70.0,-69.99999999999999,0.0
intermediate,13.450000000000001,-69.99999999999999,-70.0,-69.99999999999999,0.0
intermediate,13.46,-69.99999999999999,-70.0,-69.99999999999999,0.0
intermediate,13.47,-69.99999999999999,-70.0,-69.99999999999999,0.0
intermediate,13.48,-69.99999999999999,-70.0,-69.99999999999999,0.0
intermediate,13.49,-69.99999999999999,-70.0,-69.99999999999999,0.0
intermediate,13.500000000000002,-69.99999999999999,-70.0,-69.99999999999999,0.0
intermediate,13.510000000000002,-69.99999999999999,-70.0,-69.99999999999999,0.0
intermediate,13.520000000000001,-69.99999999999999,-70.0,-69.99999999999999,0.0
intermediate,13.530000000000001,-69.99999999999999,-70.0,-69.99999999999999,0.0
intermediate,13.540000000000001,-69.99999999999999,-70.0,-69.99999999999999,0.0
intermediate,13.55,-69.99999999999999,-70.0,-69.99999999999999,0.0
intermediate,13.56,-69.99999999999999,-70.0,-69.99999999999999,0.0
intermediate,13.57,-69.99999999999999,-70.0,-69.99999999999999,0.0
intermediate,13.580000000000002,-69.99999999999999,-70.0,-69.99999999999999,0.0
intermediate,13.590000000000002,-69.99999999999999,-70.0,-69.99999999999999,0.0
intermediate,13.600000000000001,-69.99999999999999,-70.0,-69.99999999999999,0.0
intermediate,13.610000000000001,-69.99999999999999,-70.0,-69.99999999999999,0.0
intermediate,13.620000000000003,-69.99999999999999,-70.0,-69.99999999999999,0.0
intermediate,13.63,-69.99999999999999,-70.0,-69.99999999999999,0.0
intermediate,13.64,-69.99999999999999,-70.0,-69.99999999999999,0.0
intermediate,13.65,-69.99999999999999,-70.0,-69.99999999999999,0.0
intermediate,13.66,-69.99999999999999,-70.0,-69.99999999999999,0.0
intermediate,13.670000000000002,-69.99999999999999,-70.0,-69.99999999999999,0.0
intermediate,13.680000000000001,-69.99999999999999,-70.0,-69.99999999999999,0.0
intermediate,13.690000000000001,-69.99999999999999,-70.0,-69.99999999999999,0.0
intermediate,13.700000000000001,-69.99999999999999,-70.0,-69.99999999999999,0.0
intermediate,13.71,-69.99999999999999,-70.0,-69.99999999999999,0.0
intermediate,13.72,-69.99999999999999,-70.0,-69.99999999999999,0.0
intermediate,13.73,-69.99999999999999,-70.0,-69.99999999999999,0.0
intermediate,13.74,-69.99999999999999,-70.0,-69.99999999999999,0.0
intermediate,13.750000000000002,-69.99999999999999,-70.0,-69.99999999999999,0.0
intermediate,13.760000000000002,-69.99999999999999,-70.0,-69.99999999999999,0.0
intermediate,13.770000000000001,-69.99999999999999,-70.0,-69.99999999999999,0.0
intermediate,13.780000000000001,-69.99999999999999,-70.0,-69.99999999999999,0.0
intermediate,13.790000000000003,-69.99999999999999,-70.0,-69.99999999999999,0.0
intermediate,13.8,-69.99999999999999,-70.0,-69.99999999999999,0.0
intermediate,13.81,-69.99999999999999,-70.0,-69.99999999999999,0.0
intermediate,13.82,-69.99999999999999,-70.0,-69.99999999999999,0.0
intermediate,13.83,-69.99999999999999,-70.0,-69.99999999999999,0.0
intermediate,13.840000000000002,-69.99999999999999,-70.0,-69.99999999999999,0.0
intermediate,13.850000000000001,-69.99999999999999,-70.0,-69.99999999999999,0.0
intermediate,13.860000000000001,-69.99999999999999,-70.0,-69.99999999999999,0.0
intermediate,13.870000000000001,-69.99999999999999,-70.0,-69.99999999999999,0.0
intermediate,13.880000000000003,-69.99999999999999,-70.0,-69.99999999999999,0.0
intermediate,13.89,-69.99999999999999,-70.0,-69.99999999999999,0.0
intermediate,13.9,-69.99999999999999,-70.0,-69.99999999999999,0.0
intermediate,13.91,-69.99999999999999,-70.0,-69.99999999999999,0.0
intermediate,13.920000000000002,-69.99999999999999,-70.0,-69.99999999999999,0.0
intermediate,13.930000000000001,-69.99999999999999,-70.0,-69.99999999999999,0.0
intermediate,13.940000000000001,-69.99999999999999,-70.0,-69.99999999999999,0.0
intermediate,13.950000000000001,-69.99999999999999,-70.0,-69.99999999999999,0.0
intermediate,13.960000000000003,-69.99999999999999,-70.0,-69.99999999999999,0.0
intermediate,13.97,-69.99999999999999,-70.0,-69.99999999999999,0.0
intermediate,13.98,-69.99999999999999,-70.0,-69.99999999999999,0.0
intermediate,13.99,-69.99999999999999,-70.0,-69.99999999999999,0.0
intermediate,14.0,-69.99999999999999,-70.0,-69.99999999999999,0.0
intermediate,14.010000000000002,-69.99999999999999,-70.0,-69.99999999999999,0.0
intermediate,14.020000000000001,-69.99999999999999,-70.0,-69.99999999999999,0.0
intermediate,14.030000000000001,-69.99999999999999,-70.0,-69.99999999999999,0.0
intermediate,14.040000000000001,-69.99999999999999,-70.0,-69.99999999999999,0.0
intermediate,14.050000000000002,-69.99999999999999,-70.0,-69.99999999999999,0.0
intermediate,14.06,-69.99999999999999,-70.0,-69.99999999999999,0.0
intermediate,14.07,-69.99999999999999,-70.0,-69.99999999999999,0.0
intermediate,14.08,-69.99999999999999,-70.0,-69.99999999999999,0.0
intermediate,14.090000000000002,-69.99999999999999,-70.0,-69.99999999999999,0.0
intermediate,14.100000000000001,-69.99999999999999,-70.0,-69.99999999999999,0.0
intermediate,14.110000000000001,-69.99999999999999,-70.0,-69.99999999999999,0.0
intermediate,14.120000000000001,-69.99999999999999,-70.0,-69.99999999999999,0.0
intermediate,14.130000000000003,-69.99999999999999,-70.0,-69.99999999999999,0.0
intermediate,14.140000000000002,-69.99999999999999,-70.0,-69.99999999999999,0.0
intermediate,14.15,-69.99999999999999,-70.0,-69.99999999999999,0.0
intermediate,14.16,-69.99999999999999,-70.0,-69.99999999999999,0.0
intermediate,14.17,-69.99999999999999,-70.0,-69.99999999999999,0.0
intermediate,14.180000000000001,-69.99999999999999,-70.0,-69.99999999999999,0.0
intermediate,14.190000000000001,-69.99999999999999,-70.0,-69.99999999999999,0.0
intermediate,14.200000000000001,-69.99999999999999,-70.0,-69.99999999999999,0.0
intermediate,14.21,-69.99999999999999,-70.0,-69.99999999999999,0.0
intermediate,14.220000000000002,-69.99999999999999,-70.0,-69.99999999999999,0.0
intermediate,14.230000000000002,-69.99999999999999,-70.0,-69.99999999999999,0.0
intermediate,14.24,-69.99999999999999,-70.0,-69.99999999999999,0.0
intermediate,14.25,-69.99999999999999,-70.0,-69.99999999999999,0.0
intermediate,14.260000000000002,-69.99999999999999,-70.0,-69.99999999999999,0.0
intermediate,14.270000000000001,-69.99999999999999,-70.0,-69.99999999999999,0.0
intermediate,14.280000000000001,-69.99999999999999,-70.0,-69.99999999999999,0.0
intermediate,14.290000000000001,-69.99999999999999,-70.0,-69.99999999999999,0.0
intermediate,14.300000000000002,-69.99999999999999,-70.0,-69.99999999999999,0.0
intermediate,14.310000000000002,-69.99999999999999,-70.0,-69.99999999999999,0.0
intermediate,14.32,-69.99999999999999,-70.0,-69.99999999999999,0.0
intermediate,14.33,-69.99999999999999,-70.0,-69.99999999999999,0.0
intermediate,14.34,-69.99999999999999,-70.0,-69.99999999999999,0.0
intermediate,14.350000000000001,-69.99999999999999,-70.0,-69.99999999999999,0.0
intermediate,14.360000000000001,-69.99999999999999,-70.0,-69.99999999999999,0.0
intermediate,14.370000000000001,-69.99999999999999,-70.0,-69.99999999999999,0.0
intermediate,14.38,-69.99999999999999,-70.0,-69.99999999999999,0.0
intermediate,14.390000000000002,-69.99999999999999,-70.0,-69.99999999999999,0.0
intermediate,14.400000000000002,-69.99999999999999,-70.0,-69.99999999999999,0.0
intermediate,14.41,-69.99999999999999,-70.0,-69.99999999999999,0.0
intermediate,14.42,-69.99999999999999,-70.0,-69.99999999999999,0.0
intermediate,14.430000000000001,-69.99999999999999,-70.0,-69.99999999999999,0.0
intermediate,14.440000000000001,-69.99999999999999,-70.0,-69.99999999999999,0.0
intermediate,14.450000000000001,-69.99999999999999,-70.0,-69.99999999999999,0.0
intermediate,14.46,-69.99999999999999,-70.0,-69.99999999999999,0.0
intermediate,14.470000000000002,-69.99999999999999,-70.0,-69.99999999999999,0.0
intermediate,14.480000000000002,-69.99999999999999,-70.0,-69.99999999999999,0.0
intermediate,14.490000000000002,-69.99999999999999,-70.0,-69.99999999999999,0.0
intermediate,14.5,-69.99999999999999,-70.0,-69.99999999999999,0.0
intermediate,14.51,-69.99999999999999,-70.0,-69.99999999999999,0.0
intermediate,14.520000000000001,-69.99999999999999,-70.0,-69.99999999999999,0.0
intermediate,14.530000000000001,-69.99999999999999,-70.0,-69.99999999999999,0.0
intermediate,14.540000000000001,-69.99999999999999,-70.0,-69.99999999999999,0.0
intermediate,14.55,-69.99999999999999,-70.0,-69.99999999999999,0.0
intermediate,14.560000000000002,-69.99999999999999,-70.0,-69.99999999999999,0.0
intermediate,14.570000000000002,-69.99999999999999,-70.0,-69.99999999999999,0.0
intermediate,14.58,-69.99999999999999,-70.0,-69.99999999999999,0.0
intermediate,14.59,-69.99999999999999,-70.0,-69.99999999999999,0.0
intermediate,14.600000000000001,-69.99999999999999,-70.0,-69.99999999999999,0.0
intermediate,14.610000000000001,-69.99999999999999,-70.0,-69.99999999999999,0.0
intermediate,14.620000000000001,-69.99999999999999,-70.0,-69.99999999999999,0.0
intermediate,14.63,-69.99999999999999,-70.0,-69.99999999999999,0.0
intermediate,14.640000000000002,-69.99999999999999,-70.0,-69.99999999999999,0.0
intermediate,14.650000000000002,-69.99999999999999,-70.0,-69.99999999999999,0.0
intermediate,14.660000000000002,-69.99999999999999,-70.0,-69.99999999999999,0.0
intermediate,14.67,-69.99999999999999,-70.0,-69.99999999999999,0.0
intermediate,14.68,-69.99999999999999,-70.0,-69.99999999999999,0.0
intermediate,14.690000000000001,-69.99999999999999,-70.0,-69.99999999999999,0.0
intermediate,14.700000000000001,-69.99999999999999,-70.0,-69.99999999999999,0.0
intermediate,14.71,-69.99999999999999,-70.0,-69.99999999999999,0.0
intermediate,14.72,-69.99999999999999,-70.0,-69.99999999999999,0.0
intermediate,14.730000000000002,-69.99999999999999,-70.0,-69.99999999999999,0.0
intermediate,14.740000000000002,-69.99999999999999,-70.0,-69.99999999999999,0.0
intermediate,14.750000000000002,-69.99999999999999,-70.0,-69.99999999999999,0.0
intermediate,14.76,-69.99999999999999,-70.0,-69.99999999999999,0.0
intermediate,14.770000000000001,-69.99999999999999,-70.0,-69.99999999999999,0.0
intermediate,14.780000000000001,-69.99999999999999,-70.0,-69.99999999999999,0.0
intermediate,14.790000000000001,-69.99999999999999,-70.0,-69.99999999999999,0.0
intermediate,14.8,-69.99999999999999,-70.0,-69.99999999999999,0.0
intermediate,14.810000000000002,-69.99999999999999,-70.0,-69.99999999999999,0.0
intermediate,14.820000000000002,-69.99999999999999,-70.0,-69.99999999999999,0.0
intermediate,14.830000000000002,-69.99999999999999,-70.0,-69.99999999999999,0.0
intermediate,14.840000000000002,-69.99999999999999,-70.0,-69.99999999999999,0.0
intermediate,14.85,-69.99999999999999,-70.0,-69.99999999999999,0.0
intermediate,14.860000000000001,-69.99999999999999,-70.0,-69.99999999999999,0.0
intermediate,14.870000000000001,-69.99999999999999,-70.0,-69.99999999999999,0.0
intermediate,14.88,-69.99999999999999,-70.0,-69.99999999999999,0.0
intermediate,14.89,-69.99999999999999,-70.0,-69.99999999999999,0.0
intermediate,14.900000000000002,-69.99999999999999,-70.0,-69.99999999999999,0.0
intermediate,14.910000000000002,-69.99999999999999,-70.0,-69.99999999999999,0.0
intermediate,14.920000000000002,-69.99999999999999,-70.0,-69.99999999999999,0.0
intermediate,14.93,-69.99999999999999,-70.0,-69.99999999999999,0.0
intermediate,14.940000000000001,-69.99999999999999,-70.0,-69.99999999999999,0.0
intermediate,14.950000000000001,-69.99999999999999,-70.0,-69.99999999999999,0.0
intermediate,14.96,-69.99999999999999,-70.0,-69.99999999999999,0.0
intermediate,14.97,-69.99999999999999,-70.0,-69.99999999999999,0.0
intermediate,14.980000000000002,-69.99999999999999,-70.0,-69.99999999999999,0.0
intermediate,14.990000000000002,-69.99999999999999,-70.0,-69.99999999999999,0.0
intermediate,15.000000000000002,-69.99999999999999,-70.0,-69.99999999999999,0.0
intermediate,15.010000000000002,-69.99999999999999,-70.0,-69.99999999999999,0.0
intermediate,15.02,-69.99999999999999,-70.0,-69.99999999999999,0.0
intermediate,15.030000000000001,-69.99999999999999,-70.0,-69.99999999999999,0.0
intermediate,15.040000000000001,-69.99999999999999,-70.0,-69.99999999999999,0.0
intermediate,15.05,-69.99999999999999,-70.0,-69.99999999999999,0.0
intermediate,15.06,-69.99999999999999,-70.0,-69.99999999999999,0.0
intermediate,15.070000000000002,-69.99999999999999,-70.0,-69.99999999999999,0.0
intermediate,15.080000000000002,-69.99999999999999,-70.0,-69.99999999999999,0.0
intermediate,15.090000000000002,-69.99999999999999,-70.0,-69.99999999999999,0.0
intermediate,15.100000000000001,-69.99999999999999,-70.0,-69.99999999999999,0.0
intermediate,15.110000000000001,-69.99999999999999,-70.0,-69.99999999999999,0.0
intermediate,15.120000000000001,-69.99999999999999,-70.0,-69.99999999999999,0.0
intermediate,15.13,-69.99999999999999,-70.0,-69.99999999999999,0.0
intermediate,15.14,-69.99999999999999,-70.0,-69.99999999999999,0.0
intermediate,15.150000000000002,-69.99999999999999,-70.0,-69.99999999999999,0.0
intermediate,15.160000000000002,-69.99999999999999,-70.0,-69.99999999999999,0.0
intermediate,15.170000000000002,-69.99999999999999,-70.0,-69.99999999999999,0.0
intermediate,15.180000000000001,-69.99999999999999,-70.0,-69.99999999999999,0.0
intermediate,15.19,-69.99999999999999,-70.0,-69.99999999999999,0.0
intermediate,15.200000000000001,-69.99999999999999,-70.0,-69.99999999999999,0.0
intermediate,15.21,-69.99999999999999,-70.0,-69.99999999999999,0.0
intermediate,15.22,-69.99999999999999,-70.0,-69.99999999999999,0.0
intermediate,15.23,-69.99999999999999,-70.0,-69.99999999999999,0.0
intermediate,15.240000000000002,-69.99999999999999,-70.0,-69.99999999999999,0.0
intermediate,15.250000000000002,-69.99999999999999,-70.0,-69.99999999999999,0.0
intermediate,15.260000000000002,-69.99999999999999,-70.0,-69.99999999999999,0.0
intermediate,15.270000000000001,-69.99999999999999,-70.0,-69.99999999999999,0.0
intermediate,15.280000000000001,-69.99999999999999,-70.0,-69.99999999999999,0.0
intermediate,15.290000000000001,-69.99999999999999,-70.0,-69.99999999999999,0.0
intermediate,15.3,-69.99999999999999,-70.0,-69.99999999999999,0.0
intermediate,15.31,-69.99999999999999,-70.0,-69.99999999999999,0.0
intermediate,15.320000000000002,-69.99999999999999,-70.0,-69.99999999999999,0.0
intermediate,15.330000000000002,-69.99999999999999,-70.0,-69.99999999999999,0.0
intermediate,15.340000000000002,-69.99999999999999,-70.0,-69.99999999999999,0.0
intermediate,15.350000000000001,-69.99999999999999,-70.0,-69.99999999999999,0.0
intermediate,15.360000000000003,-69.99999999999999,-70.0,-69.99999999999999,0.0
intermediate,15.370000000000001,-69.99999999999999,-70.0,-69.99999999999999,0.0
intermediate,15.38,-69.99999999999999,-70.0,-69.99999999999999,0.0
intermediate,15.39,-69.99999999999999,-70.0,-69.99999999999999,0.0
intermediate,15.4,-69.99999999999999,-70.0,-69.99999999999999,0.0
intermediate,15.410000000000002,-69.99999999999999,-70.0,-69.99999999999999,0.0
intermediate,15.420000000000002,-69.99999999999999,-70.0,-69.99999999999999,0.0
intermediate,15.430000000000001,-69.99999999999999,-70.0,-69.99999999999999,0.0
intermediate,15.440000000000001,-69.99999999999999,-70.0,-69.99999999999999,0.0
intermediate,15.450000000000001,-69.99999999999999,-70.0,-69.99999999999999,0.0
intermediate,15.46,-69.99999999999999,-70.0,-69.99999999999999,0.0
intermediate,15.47,-69.99999999999999,-70.0,-69.99999999999999,0.0
intermediate,15.48,-69.99999999999999,-70.0,-69.99999999999999,0.0
intermediate,15.490000000000002,-69.99999999999999,-70.0,-69.99999999999999,0.0
intermediate,15.500000000000002,-69.99999999999999,-70.0,-69.99999999999999,0.0
intermediate,15.510000000000002,-69.99999999999999,-70.0,-69.99999999999999,0.0
intermediate,15.520000000000001,-69.99999999999999,-70.0,-69.99999999999999,0.0
intermediate,15.530000000000003,-69.99999999999999,-70.0,-69.99999999999999,0.0
intermediate,15.540000000000001,-69.99999999999999,-70.0,-69.99999999999999,0.0
intermediate,15.55,-69.99999999999999,-70.0,-69.99999999999999,0.0
intermediate,15.56,-69.99999999999999,-70.0,-69.99999999999999,0.0
intermediate,15.57,-69.99999999999999,-70.0,-69.99999999999999,0.0
intermediate,15.580000000000002,-69.99999999999999,-70.0,-69.99999999999999,0.0
intermediate,15.590000000000002,-69.99999999999999,-70.0,-69.99999999999999,0.0
intermediate,15.600000000000001,-69.99999999999999,-70.0,-69.99999999999999,0.0
intermediate,15.610000000000001,-69.99999999999999,-70.0,-69.99999999999999,0.0
intermediate,15.620000000000003,-69.99999999999999,-70.0,-69.99999999999999,0.0
intermediate,15.63,-69.99999999999999,-70.0,-69.99999999999999,0.0
intermediate,15.64,-69.99999999999999,-70.0,-69.99999999999999,0.0
intermediate,15.65,-69.99999999999999,-70.0,-69.99999999999999,0.0
intermediate,15.66,-69.99999999999999,-70.0,-69.99999999999999,0.0
intermediate,15.67,-69.99999999999999,-70.0,-69.99999999999999,0.0
intermediate,15.680000000000003,-69.99999999999999,-70.0,-69.99999999999999,0.0
intermediate,15.690000000000003,-69.99999999999999,-70.0,-69.99999999999999,0.0
intermediate,15.700000000000003,-69.99999999999999,-70.0,-69.99999999999999,0.0
intermediate,15.71,-69.99999999999999,-70.0,-69.99999999999999,0.0
intermediate,15.72,-69.99999999999999,-70.0,-69.99999999999999,0.0
intermediate,15.73,-69.99999999999999,-70.0,-69.99999999999999,0.0
intermediate,15.74,-69.99999999999999,-70.0,-69.99999999999999,0.0
intermediate,15.75,-69.99999999999999,-70.0,-69.99999999999999,0.0
intermediate,15.76,-69.99999999999999,-70.0,-69.99999999999999,0.0
intermediate,15.770000000000003,-69.99999999999999,-70.0,-69.99999999999999,0.0
intermediate,15.780000000000003,-69.99999999999999,-70.0,-69.99999999999999,0.0
intermediate,15.790000000000003,-69.99999999999999,-70.0,-69.99999999999999,0.0
intermediate,15.8,-69.99999999999999,-70.0,-69.99999999999999,0.0
intermediate,15.81,-69.99999999999999,-70.0,-69.99999999999999,0.0
intermediate,15.82,-69.99999999999999,-70.0,-69.99999999999999,0.0
intermediate,15.83,-69.99999999999999,-70.0,-69.99999999999999,0.0
intermediate,15.84,-69.99999999999999,-70.0,-69.99999999999999,0.0
intermediate,15.850000000000003,-69.99999999999999,-70.0,-69.99999999999999,0.0
intermediate,15.860000000000003,-69.99999999999999,-70.0,-69.99999999999999,0.0
intermediate,15.870000000000003,-69.99999999999999,-70.0,-69.99999999999999,0.0
intermediate,15.880000000000003,-69.99999999999999,-70.0,-69.99999999999999,0.0
intermediate,15.89,-69.99999999999999,-70.0,-69.99999999999999,0.0
intermediate,15.9,-69.99999999999999,-70.0,-69.99999999999999,0.0
intermediate,15.91,-69.99999999999999,-70.0,-69.99999999999999,0.0
intermediate,15.92,-69.99999999999999,-70.0,-69.99999999999999,0.0
intermediate,15.93,-69.99999999999999,-70.0,-69.99999999999999,0.0
intermediate,15.940000000000003,-69.99999999999999,-70.0,-69.99999999999999,0.0
intermediate,15.950000000000003,-69.99999999999999,-70.0,-69.99999999999999,0.0
intermediate,15.960000000000003,-69.99999999999999,-70.0,-69.99999999999999,0.0
intermediate,15.970000000000002,-69.99999999999999,-70.0,-69.99999999999999,0.0
intermediate,15.98,-69.99999999999999,-70.0,-69.99999999999999,0.0
intermediate,15.99,-69.99999999999999,-70.0,-69.99999999999999,0.0
intermediate,16.0,-69.99999999999999,-70.0,-69.99999999999999,0.0
intermediate,16.01,-69.99999999999999,-70.0,-69.99999999999999,0.0
intermediate,16.020000000000003,-69.99999999999999,-70.0,-69.99999999999999,0.0
intermediate,16.03,-69.99999999999999,-70.0,-69.99999999999999,0.0
intermediate,16.040000000000003,-69.99999999999999,-70.0,-69.99999999999999,0.0
intermediate,16.05,-69.99999999999999,-70.0,-69.99999999999999,0.0
intermediate,16.060000000000002,-69.99999999999999,-70.0,-69.99999999999999,0.0
intermediate,16.07,-69.99999999999999,-70.0,-69.99999999999999,0.0
intermediate,16.080000000000002,-69.99999999999999,-70.0,-69.99999999999999,0.0
intermediate,16.09,-69.99999999999999,-70.0,-69.99999999999999,0.0
intermediate,16.1,-69.99999999999999,-70.0,-69.99999999999999,0.0
intermediate,16.110000000000003,-69.99999999999999,-70.0,-69.99999999999999,0.0
intermediate,16.12,-69.99999999999999,-70.0,-69.99999999999999,0.0
intermediate,16.130000000000003,-69.99999999999999,-70.0,-69.99999999999999,0.0
intermediate,16.14,-69.99999999999999,-70.0,-69.99999999999999,0.0
intermediate,16.150000000000002,-69.99999999999999,-70.0,-69.99999999999999,0.0
intermediate,16.16,-69.99999999999999,-70.0,-69.99999999999999,0.0
intermediate,16.17,-69.99999999999999,-70.0,-69.99999999999999,0.0
intermediate,16.18,-69.99999999999999,-70.0,-69.99999999999999,0.0
intermediate,16.19,-69.99999999999999,-70.0,-69.99999999999999,0.0
intermediate,16.200000000000003,-69.99999999999999,-70.0,-69.99999999999999,0.0
intermediate,16.21,-69.99999999999999,-70.0,-69.99999999999999,0.0
intermediate,16.220000000000002,-69.99999999999999,-70.0,-69.99999999999999,0.0
intermediate,16.23,-69.99999999999999,-70.0,-69.99999999999999,0.0
intermediate,16.240000000000002,-69.99999999999999,-70.0,-69.99999999999999,0.0
intermediate,16.25,-69.99999999999999,-70.0,-69.99999999999999,0.0
intermediate,16.26,-69.99999999999999,-70.0,-69.99999999999999,0.0
intermediate,16.27,-69.99999999999999,-70.0,-69.99999999999999,0.0
intermediate,16.28,-69.99999999999999,-70.0,-69.99999999999999,0.0
intermediate,16.290000000000003,-69.99999999999999,-70.0,-69.99999999999999,0.0
intermediate,16.3,-69.99999999999999,-70.0,-69.99999999999999,0.0
intermediate,16.310000000000002,-69.99999999999999,-70.0,-69.99999999999999,0.0
intermediate,16.32,-69.99999999999999,-70.0,-69.99999999999999,0.0
intermediate,16.330000000000002,-69.99999999999999,-70.0,-69.99999999999999,0.0
intermediate,16.34,-69.99999999999999,-70.0,-69.99999999999999,0.0
intermediate,16.35,-69.99999999999999,-70.0,-69.99999999999999,0.0
intermediate,16.360000000000003,-69.99999999999999,-70.0,-69.99999999999999,0.0
intermediate,16.37,-69.99999999999999,-70.0,-69.99999999999999,0.0
intermediate,16.380000000000003,-69.99999999999999,-70.0,-69.99999999999999,0.0
intermediate,16.39,-69.99999999999999,-70.0,-69.99999999999999,0.0
intermediate,16.400000000000002,-69.99999999999999,-70.0,-69.99999999999999,0.0
intermediate,16.41,-69.99999999999999,-70.0,-69.99999999999999,0.0
intermediate,16.42,-69.99999999999999,-70.0,-69.99999999999999,0.0
intermediate,16.43,-69.99999999999999,-70.0,-69.99999999999999,0.0
intermediate,16.44,-69.99999999999999,-70.0,-69.99999999999999,0.0
intermediate,16.450000000000003,-69.99999999999999,-70.0,-69.99999999999999,0.0
intermediate,16.46,-69.99999999999999,-70.0,-69.99999999999999,0.0
intermediate,16.470000000000002,-69.99999999999999,-70.0,-69.99999999999999,0.0
intermediate,16.48,-69.99999999999999,-70.0,-69.99999999999999,0.0
intermediate,16.490000000000002,-69.99999999999999,-70.0,-69.99999999999999,0.0
intermediate,16.5,-69.99999999999999,-70.0,-69.99999999999999,0.0
intermediate,16.51,-69.99999999999999,-70.0,-69.99999999999999,0.0
intermediate,16.52,-69.99999999999999,-70.0,-69.99999999999999,0.0
intermediate,16.530000000000005,-69.99999999999999,-70.0,-69.99999999999999,0.0
intermediate,16.540000000000003,-69.99999999999999,-70.0,-69.99999999999999,0.0
intermediate,16.55,-69.99999999999999,-70.0,-69.99999999999999,0.0
intermediate,16.560000000000002,-69.99999999999999,-70.0,-69.99999999999999,0.0
intermediate,16.57,-69.99999999999999,-70.0,-69.99999999999999,0.0
intermediate,16.580000000000002,-69.99999999999999,-70.0,-69.99999999999999,0.0
intermediate,16.59,-69.99999999999999,-70.0,-69.99999999999999,0.0
intermediate,16.6,-69.99999999999999,-70.0,-69.99999999999999,0.0
intermediate,16.61,-69.99999999999999,-70.0,-69.99999999999999,0.0
intermediate,16.620000000000005,-69.99999999999999,-70.0,-69.99999999999999,0.0
intermediate,16.630000000000003,-69.99999999999999,-70.0,-69.99999999999999,0.0
intermediate,16.64,-69.99999999999999,-70.0,-69.99999999999999,0.0
intermediate,16.650000000000002,-69.99999999999999,-70.0,-69.99999999999999,0.0
intermediate,16.66,-69.99999999999999,-70.0,-69.99999999999999,0.0
intermediate,16.67,-69.99999999999999,-70.0,-69.99999999999999,0.0
intermediate,16.68,-69.99999999999999,-70.0,-69.99999999999999,0.0
intermediate,16.69,-69.99999999999999,-70.0,-69.99999999999999,0.0
intermediate,16.700000000000003,-69.99999999999999,-70.0,-69.99999999999999,0.0
intermediate,16.71,-69.99999999999999,-70.0,-69.99999999999999,0.0
intermediate,16.720000000000002,-69.99999999999999,-70.0,-69.99999999999999,0.0
intermediate,16.73,-69.99999999999999,-70.0,-69.99999999999999,0.0
intermediate,16.740000000000002,-69.99999999999999,-70.0,-69.99999999999999,0.0
intermediate,16.75,-69.99999999999999,-70.0,-69.99999999999999,0.0
intermediate,16.76,-69.99999999999999,-70.0,-69.99999999999999,0.0
intermediate,16.77,-69.99999999999999,-70.0,-69.99999999999999,0.0
intermediate,16.78,-69.99999999999999,-70.0,-69.99999999999999,0.0
intermediate,16.790000000000003,-69.99999999999999,-70.0,-69.99999999999999,0.0
intermediate,16.8,-69.99999999999999,-70.0,-69.99999999999999,0.0
intermediate,16.810000000000002,-69.99999999999999,-70.0,-69.99999999999999,0.0
intermediate,16.82,-69.99999999999999,-70.0,-69.99999999999999,0.0
intermediate,16.830000000000002,-69.99999999999999,-70.0,-69.99999999999999,0.0
intermediate,16.84,-69.99999999999999,-70.0,-69.99999999999999,0.0
intermediate,16.85,-69.99999999999999,-70.0,-69.99999999999999,0.0
intermediate,16.86,-69.99999999999999,-70.0,-69.99999999999999,0.0
intermediate,16.870000000000005,-69.99999999999999,-70.0,-69.99999999999999,0.0
intermediate,16.880000000000003,-69.99999999999999,-70.0,-69.99999999999999,0.0
intermediate,16.89,-69.99999999999999,-70.0,-69.99999999999999,0.0
intermediate,16.900000000000002,-69.99999999999999,-70.0,-69.99999999999999,0.0
intermediate,16.91,-69.99999999999999,-70.0,-69.99999999999999,0.0
intermediate,16.92,-69.99999999999999,-70.0,-69.99999999999999,0.0
intermediate,16.93,-69.99999999999999,-70.0,-69.99999999999999,0.0
intermediate,16.94,-69.99999999999999,-70.0,-69.99999999999999,0.0
intermediate,16.95,-69.99999999999999,-70.0,-69.99999999999999,0.0
intermediate,16.960000000000004,-69.99999999999999,-70.0,-69.99999999999999,0.0
intermediate,16.970000000000002,-69.99999999999999,-70.0,-69.99999999999999,0.0
intermediate,16.98,-69.99999999999999,-70.0,-69.99999999999999,0.0
intermediate,16.990000000000002,-69.99999999999999,-70.0,-69.99999999999999,0.0
intermediate,17.0,-69.99999999999999,-70.0,-69.99999999999999,0.0
intermediate,17.01,-69.99999999999999,-70.0,-69.99999999999999,0.0
intermediate,17.02,-69.99999999999999,-70.0,-69.99999999999999,0.0
intermediate,17.03,-69.99999999999999,-70.0,-69.99999999999999,0.0
intermediate,17.040000000000003,-69.99999999999999,-70.0,-69.99999999999999,0.0
intermediate,17.050000000000004,-69.99999999999999,-70.0,-69.99999999999999,0.0
intermediate,17.060000000000002,-69.99999999999999,-70.0,-69.99999999999999,0.0
intermediate,17.07,-69.99999999999999,-70.0,-69.99999999999999,0.0
intermediate,17.080000000000002,-69.99999999999999,-70.0,-69.99999999999999,0.0
intermediate,17.09,-69.99999999999999,-70.0,-69.99999999999999,0.0
intermediate,17.1,-69.99999999999999,-70.0,-69.99999999999999,0.0
intermediate,17.11,-69.99999999999999,-70.0,-69.99999999999999,0.0
intermediate,17.12,-69.99999999999999,-70.0,-69.99999999999999,0.0
intermediate,17.130000000000003,-69.99999999999999,-70.0,-69.99999999999999,0.0
intermediate,17.140000000000004,-69.99999999999999,-70.0,-69.99999999999999,0.0
intermediate,17.150000000000002,-69.99999999999999,-70.0,-69.99999999999999,0.0
intermediate,17.16,-69.99999999999999,-70.0,-69.99999999999999,0.0
intermediate,17.17,-69.99999999999999,-70.0,-69.99999999999999,0.0
intermediate,17.18,-69.99999999999999,-70.0,-69.99999999999999,0.0
intermediate,17.19,-69.99999999999999,-70.0,-69.99999999999999,0.0
intermediate,17.2,-69.99999999999999,-70.0,-69.99999999999999,0.0
intermediate,17.210000000000004,-69.99999999999999,-70.0,-69.99999999999999,0.0
intermediate,17.220000000000002,-69.99999999999999,-70.0,-69.99999999999999,0.0
intermediate,17.230000000000004,-69.99999999999999,-70.0,-69.99999999999999,0.0
intermediate,17.240000000000002,-69.99999999999999,-70.0,-69.99999999999999,0.0
intermediate,17.25,-69.99999999999999,-70.0,-69.99999999999999,0.0
intermediate,17.26,-69.99999999999999,-70.0,-69.99999999999999,0.0
intermediate,17.27,-69.99999999999999,-70.0,-69.99999999999999,0.0
intermediate,17.28,-69.99999999999999,-70.0,-69.99999999999999,0.0
intermediate,17.29,-69.99999999999999,-70.0,-69.99999999999999,0.0
intermediate,17.300000000000004,-69.99999999999999,-70.0,-69.99999999999999,0.0
intermediate,17.310000000000002,-69.99999999999999,-70.0,-69.99999999999999,0.0
intermediate,17.32,-69.99999999999999,-70.0,-69.99999999999999,0.0
intermediate,17.330000000000002,-69.99999999999999,-70.0,-69.99999999999999,0.0
intermediate,17.34,-69.99999999999999,-70.0,-69.99999999999999,0.0
intermediate,17.35,-69.99999999999999,-70.0,-69.99999999999999,0.0
intermediate,17.36,-69.99999999999999,-70.0,-69.99999999999999,0.0
intermediate,17.37,-69.99999999999999,-70.0,-69.99999999999999,0.0
intermediate,17.380000000000003,-69.99999999999999,-70.0,-69.99999999999999,0.0
intermediate,17.390000000000004,-69.99999999999999,-70.0,-69.99999999999999,0.0
intermediate,17.400000000000002,-69.99999999999999,-70.0,-69.99999999999999,0.0
intermediate,17.41,-69.99999999999999,-70.0,-69.99999999999999,0.0
intermediate,17.42,-69.99999999999999,-70.0,-69.99999999999999,0.0
intermediate,17.43,-69.99999999999999,-70.0,-69.99999999999999,0.0
intermediate,17.44,-69.99999999999999,-70.0,-69.99999999999999,0.0
intermediate,17.45,-69.99999999999999,-70.0,-69.99999999999999,0.0
intermediate,17.46,-69.99999999999999,-70.0,-69.99999999999999,0.0
intermediate,17.470000000000002,-69.99999999999999,-70.0,-69.99999999999999,0.0
intermediate,17.480000000000004,-69.99999999999999,-70.0,-69.99999999999999,0.0
intermediate,17.490000000000002,-69.99999999999999,-70.0,-69.99999999999999,0.0
intermediate,17.5,-69.99999999999999,-70.0,-69.99999999999999,0.0
intermediate,17.51,-69.99999999999999,-70.0,-69.99999999999999,0.0
intermediate,17.52,-69.99999999999999,-70.0,-69.99999999999999,0.0
intermediate,17.53,-69.99999999999999,-70.0,-69.99999999999999,0.0
intermediate,17.54,-69.99999999999999,-70.0,-69.99999999999999,0.0
intermediate,17.550000000000004,-69.99999999999999,-70.0,-69.99999999999999,0.0
intermediate,17.560000000000002,-69.99999999999999,-70.0,-69.99999999999999,0.0
intermediate,17.570000000000004,-69.99999999999999,-70.0,-69.99999999999999,0.0
intermediate,17.580000000000002,-69.99999999999999,-70.0,-69.99999999999999,0.0
intermediate,17.59,-69.99999999999999,-70.0,-69.99999999999999,0.0
intermediate,17.6,-69.99999999999999,-70.0,-69.99999999999999,0.0
intermediate,17.61,-69.99999999999999,-70.0,-69.99999999999999,0.0
intermediate,17.62,-69.99999999999999,-70.0,-69.99999999999999,0.0
intermediate,17.63,-69.99999999999999,-70.0,-69.99999999999999,0.0
intermediate,17.640000000000004,-69.99999999999999,-70.0,-69.99999999999999,0.0
intermediate,17.650000000000002,-69.99999999999999,-70.0,-69.99999999999999,0.0
intermediate,17.660000000000004,-69.99999999999999,-70.0,-69.99999999999999,0.0
intermediate,17.67,-69.99999999999999,-70.0,-69.99999999999999,0.0
intermediate,17.68,-69.99999999999999,-70.0,-69.99999999999999,0.0
intermediate,17.69,-69.99999999999999,-70.0,-69.99999999999999,0.0
intermediate,17.7,-69.99999999999999,-70.0,-69.99999999999999,0.0
intermediate,17.71,-69.99999999999999,-70.0,-69.99999999999999,0.0
intermediate,17.720000000000002,-69.99999999999999,-70.0,-69.99999999999999,0.0
intermediate,17.730000000000004,-69.99999999999999,-70.0,-69.99999999999999,0.0
intermediate,17.740000000000002,-69.99999999999999,-70.0,-69.99999999999999,0.0
intermediate,17.750000000000004,-69.99999999999999,-70.0,-69.99999999999999,0.0
intermediate,17.76,-69.99999999999999,-70.0,-69.99999999999999,0.0
intermediate,17.77,-69.99999999999999,-70.0,-69.99999999999999,0.0
intermediate,17.78,-69.99999999999999,-70.0,-69.99999999999999,0.0
intermediate,17.79,-69.99999999999999,-70.0,-69.99999999999999,0.0
intermediate,17.8,-69.99999999999999,-70.0,-69.99999999999999,0.0
intermediate,17.810000000000002,-69.99999999999999,-70.0,-69.99999999999999,0.0
intermediate,17.820000000000004,-69.99999999999999,-70.0,-69.99999999999999,0.0
intermediate,17.830000000000002,-69.99999999999999,-70.0,-69.99999999999999,0.0
intermediate,17.840000000000003,-69.99999999999999,-70.0,-69.99999999999999,0.0
intermediate,17.85,-69.99999999999999,-70.0,-69.99999999999999,0.0
intermediate,17.86,-69.99999999999999,-70.0,-69.99999999999999,0.0
intermediate,17.87,-69.99999999999999,-70.0,-69.99999999999999,0.0
intermediate,17.88,-69.99999999999999,-70.0,-69.99999999999999,0.0
intermediate,17.890000000000004,-69.99999999999999,-70.0,-69.99999999999999,0.0
intermediate,17.900000000000002,-69.99999999999999,-70.0,-69.99999999999999,0.0
intermediate,17.910000000000004,-69.99999999999999,-70.0,-69.99999999999999,0.0
intermediate,17.92,-69.99999999999999,-70.0,-69.99999999999999,0.0
intermediate,17.93,-69.99999999999999,-70.0,-69.99999999999999,0.0
intermediate,17.94,-69.99999999999999,-70.0,-69.99999999999999,0.0
intermediate,17.95,-69.99999999999999,-70.0,-69.99999999999999,0.0
intermediate,17.96,-69.99999999999999,-70.0,-69.99999999999999,0.0
intermediate,17.97,-69.99999999999999,-70.0,-69.99999999999999,0.0
intermediate,17.980000000000004,-69.99999999999999,-70.0,-69.99999999999999,0.0
intermediate,17.990000000000002,-69.99999999999999,-70.0,-69.99999999999999,0.0
intermediate,18.000000000000004,-69.99999999999999,-70.0,-69.99999999999999,0.0
intermediate,18.01,-69.99999999999999,-70.0,-69.99999999999999,0.0
intermediate,18.02,-69.99999999999999,-70.0,-69.99999999999999,0.0
intermediate,18.03,-69.99999999999999,-70.0,-69.99999999999999,0.0
intermediate,18.04,-69.99999999999999,-70.0,-69.99999999999999,0.0
intermediate,18.05,-69.99999999999999,-70.0,-69.99999999999999,0.0
intermediate,18.060000000000002,-69.99999999999999,-70.0,-69.99999999999999,0.0
intermediate,18.070000000000004,-69.99999999999999,-70.0,-69.99999999999999,0.0
intermediate,18.080000000000002,-69.99999999999999,-70.0,-69.99999999999999,0.0
intermediate,18.090000000000003,-69.99999999999999,-70.0,-69.99999999999999,0.0
intermediate,18.1,-69.99999999999999,-70.0,-69.99999999999999,0.0
intermediate,18.11,-69.99999999999999,-70.0,-69.99999999999999,0.0
intermediate,18.12,-69.99999999999999,-70.0,-69.99999999999999,0.0
intermediate,18.13,-69.99999999999999,-70.0,-69.99999999999999,0.0
intermediate,18.14,-69.99999999999999,-70.0,-69.99999999999999,0.0
intermediate,18.150000000000002,-69.99999999999999,-70.0,-69.99999999999999,0.0
intermediate,18.160000000000004,-69.99999999999999,-70.0,-69.99999999999999,0.0
intermediate,18.17,-69.99999999999999,-70.0,-69.99999999999999,0.0
intermediate,18.180000000000003,-69.99999999999999,-70.0,-69.99999999999999,0.0
intermediate,18.19,-69.99999999999999,-70.0,-69.99999999999999,0.0
intermediate,18.2,-69.99999999999999,-70.0,-69.99999999999999,0.0
intermediate,18.21,-69.99999999999999,-70.0,-69.99999999999999,0.0
intermediate,18.22,-69.99999999999999,-70.0,-69.99999999999999,0.0
intermediate,18.230000000000004,-69.99999999999999,-70.0,-69.99999999999999,0.0
intermediate,18.240000000000002,-69.99999999999999,-70.0,-69.99999999999999,0.0
intermediate,18.250000000000004,-69.99999999999999,-70.0,-69.99999999999999,0.0
intermediate,18.26,-69.99999999999999,-70.0,-69.99999999999999,0.0
intermediate,18.270000000000003,-69.99999999999999,-70.0,-69.99999999999999,0.0
intermediate,18.28,-69.99999999999999,-70.0,-69.99999999999999,0.0
intermediate,18.29,-69.99999999999999,-70.0,-69.99999999999999,0.0
intermediate,18.3,-69.99999999999999,-70.0,-69.99999999999999,0.0
intermediate,18.31,-69.99999999999999,-70.0,-69.99999999999999,0.0
intermediate,18.320000000000004,-69.99999999999999,-70.0,-69.99999999999999,0.0
intermediate,18.330000000000002,-69.99999999999999,-70.0,-69.99999999999999,0.0
intermediate,18.340000000000003,-69.99999999999999,-70.0,-69.99999999999999,0.0
intermediate,18.35,-69.99999999999999,-70.0,-69.99999999999999,0.0
intermediate,18.360000000000003,-69.99999999999999,-70.0,-69.99999999999999,0.0
intermediate,18.37,-69.99999999999999,-70.0,-69.99999999999999,0.0
intermediate,18.38,-69.99999999999999,-70.0,-69.99999999999999,0.0
intermediate,18.39,-69.99999999999999,-70.0,-69.99999999999999,0.0
intermediate,18.400000000000002,-69.99999999999999,-70.0,-69.99999999999999,0.0
intermediate,18.410000000000004,-69.99999999999999,-70.0,-69.99999999999999,0.0
intermediate,18.42,-69.99999999999999,-70.0,-69.99999999999999,0.0
intermediate,18.430000000000003,-69.99999999999999,-70.0,-69.99999999999999,0.0
intermediate,18.44,-69.99999999999999,-70.0,-69.99999999999999,0.0
intermediate,18.450000000000003,-69.99999999999999,-70.0,-69.99999999999999,0.0
intermediate,18.46,-69.99999999999999,-70.0,-69.99999999999999,0.0
intermediate,18.47,-69.99999999999999,-70.0,-69.99999999999999,0.0
intermediate,18.48,-69.99999999999999,-70.0,-69.99999999999999,0.0
intermediate,18.490000000000002,-69.99999999999999,-70.0,-69.99999999999999,0.0
intermediate,18.500000000000004,-69.99999999999999,-70.0,-69.99999999999999,0.0
intermediate,18.51,-69.99999999999999,-70.0,-69.99999999999999,0.0
intermediate,18.520000000000003,-69.99999999999999,-70.0,-69.99999999999999,0.0
intermediate,18.53,-69.99999999999999,-70.0,-69.99999999999999,0.0
intermediate,18.54,-69.99999999999999,-70.0,-69.99999999999999,0.0
intermediate,18.55,-69.99999999999999,-70.0,-69.99999999999999,0.0
intermediate,18.56,-69.99999999999999,-70.0,-69.99999999999999,0.0
intermediate,18.570000000000004,-69.99999999999999,-70.0,-69.99999999999999,0.0
intermediate,18.580000000000002,-69.99999999999999,-70.0,-69.99999999999999,0.0
intermediate,18.590000000000003,-69.99999999999999,-70.0,-69.99999999999999,0.0
intermediate,18.6,-69.99999999999999,-70.0,-69.99999999999999,0.0
intermediate,18.610000000000003,-69.99999999999999,-70.0,-69.99999999999999,0.0
intermediate,18.62,-69.99999999999999,-70.0,-69.99999999999999,0.0
intermediate,18.63,-69.99999999999999,-70.0,-69.99999999999999,0.0
intermediate,18.64,-69.99999999999999,-70.0,-69.99999999999999,0.0
intermediate,18.65,-69.99999999999999,-70.0,-69.99999999999999,0.0
intermediate,18.660000000000004,-69.99999999999999,-70.0,-69.99999999999999,0.0
intermediate,18.67,-69.99999999999999,-70.0,-69.99999999999999,0.0
intermediate,18.680000000000003,-69.99999999999999,-70.0,-69.99999999999999,0.0
intermediate,18.69,-69.99999999999999,-70.0,-69.99999999999999,0.0
intermediate,18.700000000000003,-69.99999999999999,-70.0,-69.99999999999999,0.0
intermediate,18.71,-69.99999999999999,-70.0,-69.99999999999999,0.0
intermediate,18.72,-69.99999999999999,-70.0,-69.99999999999999,0.0
intermediate,18.73,-69.99999999999999,-70.0,-69.99999999999999,0.0
intermediate,18.740000000000002,-69.99999999999999,-70.0,-69.99999999999999,0.0
intermediate,18.750000000000004,-69.99999999999999,-70.0,-69.99999999999999,0.0
intermediate,18.76,-69.99999999999999,-70.0,-69.99999999999999,0.0
intermediate,18.770000000000003,-69.99999999999999,-70.0,-69.99999999999999,0.0
intermediate,18.78,-69.99999999999999,-70.0,-69.99999999999999,0.0
intermediate,18.790000000000003,-69.99999999999999,-70.0,-69.99999999999999,0.0
intermediate,18.8,-69.99999999999999,-70.0,-69.99999999999999,0.0
intermediate,18.81,-69.99999999999999,-70.0,-69.99999999999999,0.0
intermediate,18.82,-69.99999999999999,-70.0,-69.99999999999999,0.0
intermediate,18.830000000000002,-69.99999999999999,-70.0,-69.99999999999999,0.0
intermediate,18.840000000000003,-69.99999999999999,-70.0,-69.99999999999999,0.0
intermediate,18.85,-69.99999999999999,-70.0,-69.99999999999999,0.0
intermediate,18.860000000000003,-69.99999999999999,-70.0,-69.99999999999999,0.0
intermediate,18.87,-69.99999999999999,-70.0,-69.99999999999999,0.0
intermediate,18.880000000000003,-69.99999999999999,-70.0,-69.99999999999999,0.0
intermediate,18.89,-69.99999999999999,-70.0,-69.99999999999999,0.0
intermediate,18.9,-69.99999999999999,-70.0,-69.99999999999999,0.0
intermediate,18.910000000000004,-69.99999999999999,-70.0,-69.99999999999999,0.0
intermediate,18.92,-69.99999999999999,-70.0,-69.99999999999999,0.0
intermediate,18.930000000000003,-69.99999999999999,-70.0,-69.99999999999999,0.0
intermediate,18.94,-69.99999999999999,-70.0,-69.99999999999999,0.0
intermediate,18.950000000000003,-69.99999999999999,-70.0,-69.99999999999999,0.0
intermediate,18.96,-69.99999999999999,-70.0,-69.99999999999999,0.0
intermediate,18.970000000000002,-69.99999999999999,-70.0,-69.99999999999999,0.0
intermediate,18.98,-69.99999999999999,-70.0,-69.99999999999999,0.0
intermediate,18.99,-69.99999999999999,-70.0,-69.99999999999999,0.0
intermediate,19.000000000000004,-69.99999999999999,-70.0,-69.99999999999999,0.0
intermediate,19.01,-69.99999999999999,-70.0,-69.99999999999999,0.0
intermediate,19.020000000000003,-69.99999999999999,-70.0,-69.99999999999999,0.0
intermediate,19.03,-69.99999999999999,-70.0,-69.99999999999999,0.0
intermediate,19.040000000000003,-69.99999999999999,-70.0,-69.99999999999999,0.0
intermediate,19.05,-69.99999999999999,-70.0,-69.99999999999999,0.0
intermediate,19.060000000000002,-69.99999999999999,-70.0,-69.99999999999999,0.0
intermediate,19.07,-69.99999999999999,-70.0,-69.99999999999999,0.0
intermediate,19.080000000000002,-69.99999999999999,-70.0,-69.99999999999999,0.0
intermediate,19.090000000000003,-69.99999999999999,-70.0,-69.99999999999999,0.0
intermediate,19.1,-69.99999999999999,-70.0,-69.99999999999999,0.0
intermediate,19.110000000000003,-69.99999999999999,-70.0,-69.99999999999999,0.0
intermediate,19.12,-69.99999999999999,-70.0,-69.99999999999999,0.0
intermediate,19.130000000000003,-69.99999999999999,-70.0,-69.99999999999999,0.0
intermediate,19.14,-69.99999999999999,-70.0,-69.99999999999999,0.0
intermediate,19.15,-69.99999999999999,-70.0,-69.99999999999999,0.0
intermediate,19.16,-69.99999999999999,-70.0,-69.99999999999999,0.0
intermediate,19.17,-69.99999999999999,-70.0,-69.99999999999999,0.0
intermediate,19.180000000000003,-69.99999999999999,-70.0,-69.99999999999999,0.0
intermediate,19.19,-69.99999999999999,-70.0,-69.99999999999999,0.0
intermediate,19.200000000000003,-69.99999999999999,-70.0,-69.99999999999999,0.0
intermediate,19.21,-69.99999999999999,-70.0,-69.99999999999999,0.0
intermediate,19.220000000000002,-69.99999999999999,-70.0,-69.99999999999999,0.0
intermediate,19.23,-69.99999999999999,-70.0,-69.99999999999999,0.0
intermediate,19.24,-69.99999999999999,-70.0,-69.99999999999999,0.0
intermediate,19.250000000000004,-69.99999999999999,-70.0,-69.99999999999999,0.0
intermediate,19.26,-69.99999999999999,-70.0,-69.99999999999999,0.0
intermediate,19.270000000000003,-69.99999999999999,-70.0,-69.99999999999999,0.0
intermediate,19.28,-69.99999999999999,-70.0,-69.99999999999999,0.0
intermediate,19.290000000000003,-69.99999999999999,-70.0,-69.99999999999999,0.0
intermediate,19.3,-69.99999999999999,-70.0,-69.99999999999999,0.0
intermediate,19.310000000000002,-69.99999999999999,-70.0,-69.99999999999999,0.0
intermediate,19.32,-69.99999999999999,-70.0,-69.99999999999999,0.0
intermediate,19.33,-69.99999999999999,-70.0,-69.99999999999999,0.0
intermediate,19.340000000000003,-69.99999999999999,-70.0,-69.99999999999999,0.0
intermediate,19.35,-69.99999999999999,-70.0,-69.99999999999999,0.0
intermediate,19.360000000000003,-69.99999999999999,-70.0,-69.99999999999999,0.0
intermediate,19.37,-69.99999999999999,-70.0,-69.99999999999999,0.0
intermediate,19.380000000000003,-69.99999999999999,-70.0,-69.99999999999999,0.0
intermediate,19.39,-69.99999999999999,-70.0,-69.99999999999999,0.0
intermediate,19.400000000000002,-69.99999999999999,-70.0,-69.99999999999999,0.0
intermediate,19.41,-69.99999999999999,-70.0,-69.99999999999999,0.0
intermediate,19.42,-69.99999999999999,-70.0,-69.99999999999999,0.0
intermediate,19.430000000000003,-69.99999999999999,-70.0,-69.99999999999999,0.0
intermediate,19.44,-69.99999999999999,-70.0,-69.99999999999999,0.0
intermediate,19.450000000000003,-69.99999999999999,-70.0,-69.99999999999999,0.0
intermediate,19.46,-69.99999999999999,-70.0,-69.99999999999999,0.0
intermediate,19.470000000000002,-69.99999999999999,-70.0,-69.99999999999999,0.0
intermediate,19.48,-69.99999999999999,-70.0,-69.99999999999999,0.0
intermediate,19.490000000000002,-69.99999999999999,-70.0,-69.99999999999999,0.0
intermediate,19.5,-69.99999999999999,-70.0,-69.99999999999999,0.0
intermediate,19.51,-69.99999999999999,-70.0,-69.99999999999999,0.0
intermediate,19.520000000000003,-69.99999999999999,-70.0,-69.99999999999999,0.0
intermediate,19.53,-69.99999999999999,-70.0,-69.99999999999999,0.0
intermediate,19.540000000000003,-69.99999999999999,-70.0,-69.99999999999999,0.0
intermediate,19.55,-69.99999999999999,-70.0,-69.99999999999999,0.0
intermediate,19.560000000000002,-69.99999999999999,-70.0,-69.99999999999999,0.0
intermediate,19.57,-69.99999999999999,-70.0,-69.99999999999999,0.0
intermediate,19.580000000000002,-69.99999999999999,-70.0,-69.99999999999999,0.0
intermediate,19.590000000000003,-69.99999999999999,-70.0,-69.99999999999999,0.0
intermediate,19.6,-69.99999999999999,-70.0,-69.99999999999999,0.0
intermediate,19.610000000000003,-69.99999999999999,-70.0,-69.99999999999999,0.0
intermediate,19.62,-69.99999999999999,-70.0,-69.99999999999999,0.0
intermediate,19.630000000000003,-69.99999999999999,-70.0,-69.99999999999999,0.0
intermediate,19.64,-69.99999999999999,-70.0,-69.99999999999999,0.0
intermediate,19.650000000000002,-69.99999999999999,-70.0,-69.99999999999999,0.0
intermediate,19.66,-69.99999999999999,-70.0,-69.99999999999999,0.0
intermediate,19.67,-69.99999999999999,-70.0,-69.99999999999999,0.0
intermediate,19.680000000000003,-69.99999999999999,-70.0,-69.99999999999999,0.0
intermediate,19.69,-69.99999999999999,-70.0,-69.99999999999999,0.0
intermediate,19.700000000000003,-69.99999999999999,-70.0,-69.99999999999999,0.0
intermediate,19.71,-69.99999999999999,-70.0,-69.99999999999999,0.0
intermediate,19.720000000000002,-69.99999999999999,-70.0,-69.99999999999999,0.0
intermediate,19.73,-69.99999999999999,-70.0,-69.99999999999999,0.0
intermediate,19.740000000000002,-69.99999999999999,-70.0,-69.99999999999999,0.0
intermediate,19.75,-69.99999999999999,-70.0,-69.99999999999999,0.0
intermediate,19.76,-69.99999999999999,-70.0,-69.99999999999999,0.0
intermediate,19.770000000000003,-69.99999999999999,-70.0,-69.99999999999999,0.0
intermediate,19.78,-69.99999999999999,-70.0,-69.99999999999999,0.0
intermediate,19.790000000000003,-69.99999999999999,-70.0,-69.99999999999999,0.0
intermediate,19.8,-69.99999999999999,-70.0,-69.99999999999999,0.0
intermediate,19.810000000000002,-69.99999999999999,-70.0,-69.99999999999999,0.0
intermediate,19.82,-69.99999999999999,-70.0,-69.99999999999999,0.0
intermediate,19.830000000000002,-69.99999999999999,-70.0,-69.99999999999999,0.0
intermediate,19.84,-69.99999999999999,-70.0,-69.99999999999999,0.0
intermediate,19.85,-69.99999999999999,-70.0,-69.99999999999999,0.0
intermediate,19.860000000000003,-69.99999999999999,-70.0,-69.99999999999999,0.0
intermediate,19.87,-69.99999999999999,-70.0,-69.99999999999999,0.0
intermediate,19.880000000000003,-69.99999999999999,-70.0,-69.99999999999999,0.0
intermediate,19.89,-69.99999999999999,-70.0,-69.99999999999999,0.0
intermediate,19.900000000000002,-69.99999999999999,-70.0,-69.99999999999999,0.0
intermediate,19.91,-69.99999999999999,-70.0,-69.99999999999999,0.0
intermediate,19.92,-69.99999999999999,-70.0,-69.99999999999999,0.0
intermediate,19.930000000000003,-69.99999999999999,-70.0,-69.99999999999999,0.0
intermediate,19.94,-69.99999999999999,-70.0,-69.99999999999999,0.0
intermediate,19.950000000000003,-69.99999999999999,-70.0,-69.99999999999999,0.0
intermediate,19.96,-69.99999999999999,-70.0,-69.99999999999999,0.0
intermediate,19.970000000000002,-69.99999999999999,-70.0,-69.99999999999999,0.0
intermediate,19.98,-69.99999999999999,-70.0,-69.99999999999999,0.0
intermediate,19.990000000000002,-69.99999999999999,-70.0,-69.99999999999999,0.0
intermediate,20.0,-69.99999999999999,-70.0,-69.99999999999999,0.0
intermediate,20.01,-69.93276771608514,-69.99966414749876,-69.9999998169658,0.059179611867169225
intermediate,20.020000000000003,-69.86608083852973,-69.99899724768517,-69.99999927063988,0.11622214832311965
intermediate,20.03,-69.80154588312885,-69.99801210099493,-69.99999818789634,0.17119832639701757
intermediate,20.040000000000003,-69.7391258718405,-69.99672124366373,-69.99999640259064,0.22417654255720032
intermediate,20.05,-69.67874600312142,-69.99513676042741,-69.99999375530764,0.2752229487953895
intermediate,20.060000000000002,-69.62033343587683,-69.99327029711918,-69.99999009311655,0.32440152621663954
intermediate,20.07,-69.56381814889419,-69.99113307748188,-69.9999852693353,0.37177415621667786
intermediate,20.080000000000002,-69.50913284008043,-69.9887359193724,-69.99997914330392,0.41740068932574825
intermediate,20.09,-69.45621280812931,-69.98608925027443,-69.99997158016664,0.46133901179546505
intermediate,20.100000000000005,-69.40499583963762,-69.9832031221509,-69.99996245066225,0.5036451100026754
intermediate,20.110000000000003,-69.3554221018909,-69.9800872256687,-69.99995163092228,0.5443731327418211
intermediate,20.12,-69.30743404099854,-69.97675090382617,-69.99993900227696,0.5835754514752318
intermediate,20.130000000000003,-69.26097628506702,-69.97320316501222,-69.99992445106831,0.6213027186080101
intermediate,20.14,-69.2159955521196,-69.9694526955245,-69.99990786847036,0.6576039238524902
intermediate,20.150000000000002,-69.17244056249133,-69.96550787157211,-69.99988915031595,0.692526448744809
intermediate,20.16,-69.13026195544506,-69.96137677078727,-69.99986819692994,0.7261161193741899
intermediate,20.17,-69.08941220977181,-69.95706718326886,-69.9998449129687,0.7584172573835303
intermediate,20.18,-69.04984556815299,-69.95258662217951,-69.99981920726543,0.7894727292979702
intermediate,20.190000000000005,-69.01151796507742,-69.94794233391693,-69.99979099268117,0.8193239942362617
intermediate,20.200000000000003,-68.9743869581185,-69.9431413078785,-69.99976018596121,0.8480111500579022
intermediate,20.21,-68.9384116623893,-69.93819028583822,-69.99972670759692,0.8755729779974631
intermediate,20.220000000000002,-68.90355268800505,-69.93309577095249,-69.99969048169234,0.9020469858355059
intermediate,20.23,-68.86977208039266,-69.92786403641232,-69.99965143583579,0.9274694496542152
intermediate,20.240000000000002,-68.8370332632971,-69.92250113375658,-69.99960950097608,0.9518754542240869
intermediate,20.25,-68.80530098434372,-69.91701290086226,-69.99956461130314,0.9752989320665609
intermediate,20.26,-68.77454126302311,-69.9114049696247,-69.999516704133,0.9977727012360054
intermediate,20.270000000000003,-68.74472134097492,-69.90568277334212,-69.9994657197968,1.0193285018630438
intermediate,20.28,-68.7158096344526,-69.89985155381679,-69.99941160153392,1.0399970314997928
intermediate,20.290000000000003,-68.6877756888588,-69.89391636818482,-69.99935429538873,1.059807979306394
intermediate,20.3,-68.66059013524826,-69.88788209548646,-69.99929375011118,1.0787900591166826
intermediate,20.310000000000002,-68.63422464869896,-69.88175344298747,-69.99922991706079,1.0969710414198517
intermediate,20.32,-68.60865190846101,-69.87553495226221,-69.9991627501142,1.1143777842935974
intermediate,20.330000000000002,-68.58384555979458,-69.8692310050484,-69.99909220557576,1.1310362633231412
intermediate,20.34,-68.55978017741619,-69.8628458288828,-69.99901824209152,1.1469716005393586
intermediate,20.35,-68.53643123047495,-69.85638350252692,-69.99894082056605,1.1622080924081906
intermediate,20.360000000000003,-68.51377504898622,-69.84984796119153,-69.99885990408225,1.1767692369024279
intermediate,20.37,-68.49178879165328,-69.84324300156776,-69.99877545782407,1.1906777596859353
intermediate,20.380000000000003,-68.47045041501144,-69.83657228667289,-69.99868744900175,1.203955639439481
intermediate,20.39,-68.44973864383356,-69.82983935051833,-69.9985958467798,1.216624132356216
intermediate,20.400000000000002,-68.42963294273753,-69.82304760260656,-69.99850062220752,1.228703795834098
intermediate,20.41,-68.4101134889414,-69.81620033226423,-69.99840174815171,1.2402145113915606
intermediate,20.42,-68.39116114611278,-69.80930071281756,-69.9982991992321,1.251175506831894
intermediate,20.43,-68.37275743926357,-69.80235180561654,-69.99819295175863,1.261605377680972
intermediate,20.440000000000005,-68.35488453064258,-69.7953565639136,-69.99808298367121,1.2715221079221466
intermediate,20.450000000000003,-68.33752519658174,-69.78831783660254,-69.9979692744814,1.2809430900513357
intermediate,20.46,-68.32066280525314,-69.78123837182322,-69.99785180521607,1.2898851444746369
intermediate,20.470000000000002,-68.3042812952969,-69.77412082043693,-69.99773055836317,1.2983645382699607
intermediate,20.48,-68.2883651552822,-69.76696773937776,-69.99760551781925,1.306397003333576
intermediate,20.490000000000002,-68.27289940396422,-69.75978159488439,-69.99747666883881,1.3139977539317205
intermediate,20.5,-68.25786957130366,-69.75256476561702,-69.99734399798544,1.3211815036767767
intermediate,20.51,-68.24326168021526,-69.74531954566385,-69.9972074930845,1.3279624819468854
intermediate,20.52,-68.22906222901467,-69.73804814744108,-69.99706714317762,1.3343544497672346
intermediate,20.530000000000005,-68.215258174534,-69.73075270449064,-69.99692293847865,1.340370715170686
intermediate,20.540000000000003,-68.20183691587766,-69.72343527417935,-69.99677487033108,1.3460241480547825
intermediate,20.55,-68.18878627879197,-69.71609784030326,-69.99662293116705,1.3513271945516903
intermediate,20.560000000000002,-68.17609450062253,-69.70874231560066,-69.99646711446759,1.356291890926993
intermediate,20.57,-68.16375021583566,-69.70137054417712,-69.99630741472443,1.3609298770228235
intermediate,20.580000000000002,-68.15174244208022,-69.69398430384594,-69.99614382740285,1.3652524092602518
intermediate,20.59,-68.14006056676772,-69.68658530838688,-69.9959763489061,1.3692703732153833
intermediate,20.6,-68.12869433414977,-69.67917520972648,-69.99580497654074,1.3729942957831478
intermediate,20.610000000000003,-68.11763383287281,-69.67175560004247,-69.99562970848345,1.3764343569422868
intermediate,20.620000000000005,-68.10686948399066,-69.66432801379541,-69.99545054374865,1.379600401134619
intermediate,20.630000000000003,-68.09639202941685,-69.65689392968989,-69.9952674821575,1.3825019482712348
intermediate,20.64,-68.08619252079882,-69.64945477256808,-69.99508052430792,1.3851482043778394
intermediate,20.650000000000002,-68.07626230879771,-69.64201191523786,-69.99488967154534,1.3875480718910793
intermediate,20.66,-68.06659303275744,-69.63456668023805,-69.99469492593488,1.3897101596173023
intermediate,20.67,-68.0571766107479,-69.62712034154298,-69.99449629023415,1.3916427923648016
intermediate,20.68,-68.04800522996767,-69.61967412620838,-69.99429376786712,1.3933540202602654
intermediate,20.69,-68.03907133749219,-69.61222921596102,-69.99408736289878,1.3948516277597736
intermediate,20.700000000000003,-68.03036763135407,-69.60478674873379,-69.9938770800108,1.3961431423643598
intermediate,20.710000000000004,-68.02188705194288,-69.59734782014826,-69.9936629244779,1.3972358430498237
intermediate,20.720000000000002,-68.01362277371176,-69.58991348494675,-69.99344490214511,1.3981367684201633
intermediate,20.73,-68.00556819717966,-69.58248475837541,-69.99322301940563,1.3988527245936857
intermediate,20.740000000000002,-67.99771694121758,-69.57506261752027,-69.99299728317972,1.3993902928305597
intermediate,20.75,-67.9900628356082,-69.56764800259774,-69.99276770089399,1.3997558369102905
intermediate,20.76,-67.98259991386848,-69.56024181820123,-69.99253428046171,1.399955510267313
intermediate,20.77,-67.97532240632563,-69.55284493450566,-69.99229703026349,1.3999952628926298
intermediate,20.780000000000005,-67.96822473343639,-69.54545818843077,-69.99205595912882,1.399880848009173
intermediate,20.790000000000003,-67.96130149934139,-69.53808238476529,-69.99181107631823,1.3996178285282979
intermediate,20.800000000000004,-67.95454748564497,-69.53071829725286,-69.99156239150588,1.3992115832945928
intermediate,20.810000000000002,-67.94795764541267,-69.52336666964142,-69.99130991476292,1.3986673131259368
intermediate,20.82,-67.94152709737831,-69.51602821669688,-69.99105365654137,1.3979900466555257
intermediate,20.830000000000002,-67.93525112035263,-69.50870362518286,-69.99079362765849,1.3971846459823531
intermediate,20.84,-67.92912514782643,-69.50139355480712,-69.99052983928172,1.3962558121364272
intermediate,20.85,-67.92314476276108,-69.4940986391363,-69.99026230291418,1.3952080903648
intermediate,20.86,-67.91730569255921,-69.48681948647967,-69.98999103038057,1.3940458752442804
intermediate,20.870000000000005,-67.91160380420969,-69.4795566807433,-69.98971603381355,1.3927734156265135
intermediate,20.880000000000003,-67.90603509959976,-69.47231078225536,-69.98943732564082,1.3913948194209251
intermediate,20.89,-67.90059571098922,-69.46508232856387,-69.98915491857217,1.3899140582208394
intermediate,20.900000000000002,-67.89528189663986,-69.4578718352074,-69.98886882558746,1.3883349717779219
intermediate,20.91,-67.89009003659544,-69.45067979646015,-69.98857905992467,1.38666127232991
intermediate,20.92,-67.88501662860622,-69.44350668605196,-69.98828563506858,1.384896548786449
intermediate,20.93,-67.8800582841932,-69.43635295786414,-69.98798856473968,1.3830442707776793
intermediate,20.94,-67.87521172484688,-69.429219046602,-69.98768786288352,1.381107792570078
intermediate,20.950000000000003,-67.87047377835606,-69.42210536844492,-69.98738354366043,1.3790903568539075
intermediate,20.960000000000004,-67.86584137526162,-69.41501232167461,-69.98707562143554,1.3769950984064774
intermediate,20.970000000000002,-67.86131154543135,-69.4079402872824,-69.98676411076929,1.3748250476352903
intermediate,20.98,-67.85688141475123,-69.40088962955622,-69.98644902640807,1.3725831340050179
intermediate,20.990000000000002,-67.85254820192921,-69.3938606966479,-69.98613038327522,1.3702721893521017
intermediate,21.0,-67.84830921540743,-69.38685382112166,-69.98580819646253,1.3678949510906804
intermediate,21.01,-67.84416185037918,-69.37986932048412,-69.98548248122174,1.3654540653133844
intermediate,21.02,-67.8401035859069,-69.37290749769681,-69.98515325295655,1.3629520897904701
intermediate,21.03,-67.83613198213769,-69.36596864167143,-69.98482052721488,1.360391496870602
intermediate,21.040000000000003,-67.83224467761288,-69.35905302774862,-69.98448431968119,1.3577746762865253
intermediate,21.050000000000004,-67.82843938666853,-69.35216091816086,-69.9841446461694,1.3551039378687388
intermediate,21.060000000000002,-67.82471389692364,-69.34529256247995,-69.98380152261575,1.352381514170184
intermediate,21.07,-67.82106606685275,-69.33844819804936,-69.98345496507211,1.3496095630048703
intermediate,21.080000000000002,-67.81749382344057,-69.33162805040247,-69.98310498969941,1.3467901699032578
intermediate,21.09,-67.81399515991546,-69.32483233366672,-69.98275161276129,1.3439253504871251
intermediate,21.1,-67.81056813355886,-69.31806125095439,-69.98239485061809,1.3410170527665632
intermediate,21.11,-67.80721086358854,-69.31131499474026,-69.98203471972091,1.3380671593616473
intermediate,21.120000000000005,-67.80392152911271,-69.30459374722689,-69.98167123660598,1.3350774896512554
intermediate,21.130000000000003,-67.80069836715286,-69.29789768069756,-69.98130441788909,1.3320498018514302
intermediate,21.140000000000004,-67.79753967073262,-69.29122695785762,-69.98093428026041,1.328985795025574
intermediate,21.150000000000002,-67.79444378703084,-69.28458173216437,-69.98056084047937,1.3258871110287382
intermediate,21.16,-67.79140911559634,-69.27796214814609,-69.98018411536962,1.3227553363881481
intermediate,21.17,-67.78843410662228,-69.2713683417104,-69.97980412181442,1.3195920041220606
intermediate,21.18,-67.78551725927832,-69.26480044044237,-69.97942087675202,1.3163985954989763
intermediate,21.19,-67.7826571200983,-69.2582585638928,-69.97903439717112,1.3131765417391625
intermediate,21.2,-67.77985228142185,-69.25174282385674,-69.97864470010677,1.309927225660376
intermediate,21.210000000000004,-67.77710137988784,-69.24525332464303,-69.97825180263611,1.3066519832696142
intermediate,21.220000000000002,-67.77440309497814,-69.23879016333467,-69.97785572187449,1.3033521053026738
intermediate,21.230000000000004,-67.77175614760978,-69.2323534300406,-69.97745647497159,1.3000288387132066
intermediate,21.240000000000002,-67.76915929877401,-69.22594320813916,-69.9770540791077,1.2966833881129574
intermediate,21.25,-67.76661134822069,-69.21955957451341,-69.97664855149023,1.2933169171647563
intermediate,21.26,-67.76411113318629,-69.2132025997787,-69.97623990935021,1.289930549929837
intermediate,21.27,-67.76165752716422,-69.20687234850259,-69.97582816993899,1.2865253721709609
intermediate,21.28,-67.75924943871608,-69.2005688794176,-69.97541335052506,1.2831024326128082
intermediate,21.290000000000003,-67.75688581032229,-69.19429224562671,-69.97499546839087,1.2796627441610307
intermediate,21.300000000000004,-67.75456561727077,-69.18804249480226,-69.97457454083005,1.276207285081326
intermediate,21.310000000000002,-67.75228786658268,-69.18181966937799,-69.97415058514434,1.2727370001398344
intermediate,21.320000000000004,-67.75005159597363,-69.17562380673498,-69.97372361864102,1.2692528017061409
intermediate,21.330000000000002,-67.74785587284937,-69.16945493938117,-69.97329365863003,1.265755570820097
intermediate,21.34,-67.74569979333468,-69.16331309512505,-69.97286072242163,1.2622461582236524
intermediate,21.35,-67.74358248133456,-69.1571982972436,-69.97242482732379,1.2587253853588436
intermediate,21.36,-67.7415030876262,-69.1511105646445,-69.97198599063987,1.2551940453330497
intermediate,21.37,-67.73946078898138,-69.14504991202314,-69.97154422966625,1.2516529038525859
intermediate,21.380000000000003,-67.73745478731766,-69.13901635001429,-69.97109956169024,1.2481027001256768
intermediate,21.390000000000004,-67.73548430887746,-69.13300988533875,-69.9706520039879,1.2445441477358128
intermediate,21.400000000000002,-67.73354860343476,-69.12703052094515,-69.97020157382191,1.2409779354864499
intermediate,21.410000000000004,-67.73164694352748,-69.12107825614704,-69.96974828843979,1.2374047282180134
intermediate,21.42,-67.72977862371565,-69.1151530867554,-69.9692921650718,1.2338251675980954
intermediate,21.43,-67.7279429598637,-69.10925500520668,-69.9688332209293,1.2302398728857313
intermediate,21.44,-67.7261392884467,-69.10338400068677,-69.9683714732028,1.2266494416706064
intermediate,21.45,-67.72436696587931,-69.09754005925065,-69.96790693906048,1.2230544505880132
intermediate,21.460000000000004,-67.72262536786707,-69.0917231639381,-69.96743963564639,1.2194554560103525
intermediate,21.470000000000002,-67.72091388877884,-69.08593329488568,-69.966969580079,1.2158529947159558
intermediate,21.480000000000004,-67.7192319410401,-69.0801704294348,-69.96649678944961,1.2122475845359544
intermediate,21.490000000000002,-67.71757895454624,-69.07443454223639,-69.96602128082104,1.2086397249799377
intermediate,21.5,-67.71595437609493,-69.06872560535182,-69.96554307122607,1.2050298978410792
intermediate,21.51,-67.71435766883758,-69.06304358835077,-69.96506217766628,1.2014185677814118
intermediate,21.52,-67.71278831174867,-69.05738845840555,-69.96457861711065,1.1978061828978985
intermediate,21.53,-67.7112457991123,-69.05176018038252,-69.96409240649433,1.194193175269933
intermediate,21.54,-67.70972964002621,-69.04615871693021,-69.96360356271757,1.1905799614888717
intermediate,21.550000000000004,-67.70823935792151,-69.04058402856472,-69.96311210264449,1.1869669431701961
intermediate,21.560000000000002,-67.70677449009864,-69.03503607375217,-69.96261804310203,1.1833545074488703
intermediate,21.570000000000004,-67.70533458727843,-69.02951480898837,-69.9621214008789,1.1797430274584355
intermediate,21.580000000000002,-67.70391921316791,-69.02402018887588,-69.96162219272458,1.1761328627943932
intermediate,21.59,-67.7025279440403,-69.01855216619849,-69.96112043534833,1.1725243599623787
intermediate,21.6,-67.70116036832918,-69.01311069199316,-69.96061614541837,1.1689178528116255
intermediate,21.61,-67.69981608623547,-69.00769571561962,-69.96010933956092,1.165313662954207
intermediate,21.62,-67.69849470934776,-69.00230718482757,-69.95960003435933,1.1617121001705197
intermediate,21.630000000000003,-67.69719586027479,-68.9969450458217,-69.95908824635339,1.1581134628014556
intermediate,21.640000000000004,-67.69591917229027,-68.99160924332446,-69.95857399203844,1.1545180381277105
intermediate,21.650000000000002,-67.69466428898915,-68.98629972063681,-69.9580572878647,1.1509261027366309
intermediate,21.660000000000004,-67.69343086395531,-68.98101641969679,-69.95753815023662,1.1473379228770324
intermediate,21.67,-67.69221856044005,-68.97575928113629,-69.95701659551202,1.1437537548023637
intermediate,21.68,-67.69102705105126,-68.97052824433585,-69.95649264000164,1.140173845102612
intermediate,21.69,-67.68985601745258,-68.96532324747753,-69.95596629996848,1.1365984310253063
intermediate,21.7,-67.68870515007272,-68.96014422759612,-69.95543759162712,1.1330277407859903
intermediate,21.71,-67.68757414782398,-68.95499112062856,-69.9549065311433,1.1294619938684973
intermediate,21.720000000000002,-67.68646271783027,-68.94986386146174,-69.95437313463327,1.1259014013153683
intermediate,21.730000000000004,-67.68537057516394,-68.94476238397861,-69.95383741816339,1.122346166008743
intermediate,21.740000000000002,-67.68429744259122,-68.9396866211029,-69.95329939774956,1.11879648294201
intermediate,21.750000000000004,-67.68324305032597,-68.93463650484203,-69.95275908935685,1.115252539482558
intermediate,21.76,-67.68220713579166,-68.92961196632895,-69.95221650889896,1.1117145156258859
intermediate,21.77,-67.6811894433909,-68.92461293586221,-69.95167167223795,1.1081825842413748
intermediate,21.78,-67.68018972428278,-68.91963934294498,-69.95112459518371,1.1046569113099862
intermediate,21.79,-67.67920773616731,-68.91469111632242,-69.95057529349369,1.1011376561541535
intermediate,21.800000000000004,-67.67824324307693,-68.90976818401812,-69.95002378287249,1.097624971660126
intermediate,21.810000000000002,-67.677296015175,-68.90487047336906,-69.94947007897157,1.0941190044930111
intermediate,21.820000000000004,-67.67636582856079,-68.89999791105954,-69.94891419738896,1.090619895304745
intermediate,21.830000000000002,-67.67545246508065,-68.89515042315372,-69.94835615366885,1.0871277789352418
intermediate,21.840000000000003,-67.67455571214582,-68.89032793512742,-69.94779596330152,1.083642784606928
intermediate,21.85,-67.67367536255576,-68.88553037189845,-69.94723364172287,1.0801650361128916
intermediate,21.86,-67.67281121432742,-68.88075765785621,-69.94666920431433,1.0766946519988447
intermediate,21.87,-67.67196307053024,-68.87600971688997,-69.94610266640255,1.0732317457391094
intermediate,21.88,-67.6711307391262,-68.87128647241659,-69.94553404325923,1.0697764259068236
intermediate,21.890000000000004,-67.67031403281557,-68.8665878474069,-69.9449633501009,1.0663287963385464
intermediate,21.900000000000002,-67.66951276888713,-68.86191376441138,-69.94439060208877,1.062888956293466
intermediate,21.910000000000004,-67.66872676907387,-68.85726414558488,-69.94381581432854,1.0594570006073605
intermediate,21.92,-67.66795585941291,-68.85263891271057,-69.94323900187021,1.0560330198415109
intermediate,21.930000000000003,-67.66719987011035,-68.84803798722295,-69.94266017970803,1.0526171004267106
intermediate,21.94,-67.66645863541034,-68.84346129023021,-69.94207936278029,1.0492093248025471
intermediate,21.95,-67.66573199346843,-68.83890874253564,-69.94149656596923,1.0458097715521002
intermediate,21.96,-67.66501978622921,-68.83438026465845,-69.94091180410096,1.042418515532213
intermediate,21.970000000000002,-67.66432185930773,-68.8298757768538,-69.94032509194528,1.0390356279994788
intermediate,21.980000000000004,-67.663638061875,-68.82539519913215,-69.93973644421571,1.035661176732089
intermediate,21.990000000000002,-67.66296824654698,-68.82093845127785,-69.93914587556932,1.032295226147665
intermediate,22.000000000000004,-67.66231226927749,-68.81650545286736,-69.93855340060672,1.028937837417223
intermediate,22.01,-67.66166998925434,-68.81209612328638,-69.93795903387196,1.025589068575385
intermediate,22.020000000000003,-67.66104126879901,-68.80771038174682,-69.93736278985259,1.0222489746269663
intermediate,22.03,-67.66042597326955,-68.8033481473029,-69.93676468297944,1.0189176076500563
intermediate,22.04,-67.65982397096663,-68.7990093388668,-69.93616472762679,1.0155950168957042
intermediate,22.05,-67.65923513304266,-68.7946938752237,-69.93556293811218,1.0122812488843294
intermediate,22.060000000000002,-67.65865933341394,-68.79040167504643,-69.93495932869651,1.0089763474989533
intermediate,22.070000000000004,-67.6580964486755,-68.78613265690927,-69.93435391358399,1.0056803540753683
intermediate,22.080000000000002,-67.65754635801889,-68.7818867393017,-69.93374670692218,1.0023933074893319
intermediate,22.090000000000003,-67.65700894315263,-68.77766384064134,-69.93313772280192,0.9991152442408928
intermediate,22.1,-67.65648408822507,-68.77346387928648,-69.93252697525745,0.9958461985359437
intermediate,22.11,-67.65597167975,-68.76928677354836,-69.93191447826632,0.9925862023650822
intermediate,22.12,-67.65547160653448,-68.76513244170266,-69.93130024574955,0.9893352855798783
intermediate,22.13,-67.65498375960912,-68.76100080200095,-69.93068429157157,0.9860934759666271
intermediate,22.140000000000004,-67.6545080321607,-68.75689177268144,-69.93006662954024,0.9828607993176737
intermediate,22.150000000000002,-67.65404431946679,-68.75280527197954,-69.929447273407,0.9796372795003885
intermediate,22.160000000000004,-67.65359251883262,-68.74874121813782,-69.92882623686688,0.9764229385238627
intermediate,22.17,-67.65315252952998,-68.74469952941593,-69.9282035335585,0.9732177966034132
intermediate,22.180000000000003,-67.65272425273804,-68.74068012409971,-69.92757917706417,0.9700218722229573
intermediate,22.19,-67.65230759148633,-68.73668292051049,-69.92695318091002,0.9668351821953307
intermediate,22.2,-67.65190245059917,-68.73270783701359,-69.92632555856599,0.9636577417206164
intermediate,22.21,-67.65150873664224,-68.72875479202673,-69.92569632344595,0.9604895644425501
intermediate,22.22,-67.65112635787081,-68.72482370402815,-69.92506548890772,0.9573306625030638
intermediate,22.230000000000004,-67.65075522417942,-68.72091449156429,-69.92443306825326,0.9541810465950287
intermediate,22.240000000000002,-67.65039524705358,-68.71702707325728,-69.92379907472868,0.9510407260132643
intermediate,22.250000000000004,-67.65004633952275,-68.71316136781222,-69.92316352152434,0.9479097087038492
intermediate,22.26,-67.64970841611486,-68.70931729402395,-69.922526421775,0.9447880013118183
intermediate,22.270000000000003,-67.64938139281254,-68.7054947707838,-69.92188778855986,0.9416756092272771
intermediate,22.28,-67.64906518701032,-68.70169371708596,-69.92124763490268,0.9385725366299942
intermediate,22.29,-67.64875971747375,-68.69791405203361,-69.9206059737719,0.9354787865325213
intermediate,22.3,-67.64846490429942,-68.69415569484495,-69.91996281808075,0.932394360821886
intermediate,22.310000000000002,-67.64818066887653,-68.69041856485873,-69.91931818068734,0.9293192602999082
intermediate,22.320000000000004,-67.64790693384951,-68.68670258153985,-69.91867207439485,0.926253484722186
intermediate,22.330000000000002,-67.64764362308202,-68.68300766448452,-69.91802451195151,0.9231970328357838
intermediate,22.340000000000003,-67.64739066162197,-68.67933373342541,-69.91737550605089,0.9201499024156815
intermediate,22.35,-67.64714797566774,-68.67568070823637,-69.91672506933186,0.9171120903000153
intermediate,22.360000000000003,-67.64691549253547,-68.67204850893721,-69.91607321437886,0.9140835924241503
intermediate,22.37,-67.64669314062758,-68.66843705569806,-69.91541995372192,0.9110644038536267
intermediate,22.38,-67.64648084940178,-68.66484626884376,-69.91476529983689,0.9080545188160141
intermediate,22.39,-67.64627854934186,-68.66127606885787,-69.91410926514547,0.9050539307317098
intermediate,22.400000000000002,-67.64608617192863,-68.6577263763867,-69.91345186201539,0.9020626322437165
intermediate,22.410000000000004,-67.64590364961242,-68.65419711224305,-69.91279310276059,0.8990806152464368
intermediate,22.42,-67.64573091578606,-68.6506881974098,-69.91213299964132,0.8961078709135031
intermediate,22.430000000000003,-67.64556790475888,-68.6471995530435,-69.91147156486423,0.8931443897246946
intermediate,22.44,-67.64541455173172,-68.64373110047755,-69.91080881058262,0.8901901614919541
intermediate,22.450000000000003,-67.6452707927722,-68.64028276122544,-69.91014474889651,0.8872451753845455
intermediate,22.46,-67.6451365647915,-68.63685445698383,-69.90947939185281,0.8843094199533713
intermediate,22.47,-67.64501180552136,-68.6334461096354,-69.90881275144547,0.8813828831544858
intermediate,22.480000000000004,-67.64489645349205,-68.63005764125172,-69.90814483961556,0.8784655523718229
intermediate,22.490000000000002,-67.64479044801082,-68.62668897409583,-69.90747566825158,0.875557414439176
intermediate,22.500000000000004,-67.64469372914141,-68.62334003062475,-69.90680524918945,0.8726584556614331
intermediate,22.51,-67.6446062376839,-68.62001073349202,-69.9061335942127,0.8697686618351179
intermediate,22.520000000000003,-67.64452791515527,-68.61670100554996,-69.90546071505273,0.8668880182682404
intermediate,22.53,-67.64445870377068,-68.6134107698518,-69.90478662338882,0.864016509799488
intermediate,22.540000000000003,-67.64439854642532,-68.6101399496539,-69.90411133084834,0.8611541208167753
intermediate,22.55,-67.64434738667666,-68.60688846841768,-69.90343484900696,0.8583008352751783
intermediate,22.56,-67.64430516872756,-68.60365624981154,-69.90275718938874,0.8554566367142658
intermediate,22.570000000000004,-67.64427183740969,-68.60044321771262,-69.90207836346632,0.8526215082748552
intermediate,22.580000000000002,-67.64424733816756,-68.59724929620866,-69.90139838266104,0.8497954327152111
intermediate,22.590000000000003,-67.64423161704299,-68.5940744095994,-69.90071725834318,0.8469783924266939
intermediate,22.6,-67.6442246206603,-68.59091848239837,-69.900035001832,0.8441703694488936
intermediate,22.610000000000003,-67.6442262962116,-68.58778143933414,-69.899351624396,0.8413713454842532
intermediate,22.62,-67.64423659144285,-68.58466320535184,-69.89866713725311,0.8385813019122036
intermediate,22.630000000000003,-67.64425545464033,-68.58156370561447,-69.89798155157072,0.8358002198028232
intermediate,22.64,-67.64428283461724,-68.57848286550403,-69.89729487846596,0.8330280799300416
intermediate,22.650000000000002,-67.64431868070122,-68.57542061062273,-69.89660712900579,0.8302648627843981
intermediate,22.660000000000004,-67.64436294272174,-68.57237686679416,-69.89591831420724,0.827510548585376
intermediate,22.67,-67.64441557099836,-68.56935156006419,-69.89522844503746,0.824765117293315
intermediate,22.680000000000003,-67.64447651632894,-68.56634461670201,-69.89453753241402,0.8220285486209293
intermediate,22.69,-67.64454572997856,-68.56335596320103,-69.89384558720499,0.819300822044437
intermediate,22.700000000000003,-67.64462316366858,-68.5603855262797,-69.89315262022912,0.8165819168143125
intermediate,22.71,-67.64470876956612,-68.5574332328823,-69.89245864225602,0.8138718119656779
intermediate,22.72,-67.64480250027387,-68.55449901017964,-69.89176366400628,0.8111704863283432
intermediate,22.73,-67.64490430882017,-68.55158278556979,-69.89106769615172,0.8084779185365082
intermediate,22.740000000000002,-67.64501414864947,-68.54868448667868,-69.8903707493155,0.8057940870381344
intermediate,22.750000000000004,-67.64513197361303,-68.54580404136064,-69.88967283407226,0.8031189701040058
intermediate,22.76,-67.64525773795998,-68.54294137769897,-69.88897396094836,0.800452545836472
intermediate,22.770000000000003,-67.64539139632853,-68.54009642400638,-69.888274140422,0.7977947921779056
intermediate,22.78,-67.64553290373759,-68.53726910882546,-69.88757338292338,0.7951456869188668
intermediate,22.790000000000003,-67.64568221557857,-68.53445936092902,-69.88687169883488,0.7925052077059923
intermediate,22.8,-67.64583928760744,-68.53166710932048,-69.88616909849125,0.789873332049616
intermediate,22.81,-67.64600407593709,-68.52889228323417,-69.88546559217977,0.7872500373311285
intermediate,22.820000000000004,-67.64617653702989,-68.52613481213557,-69.88476119014037,0.7846353008100884
intermediate,22.830000000000002,-67.64635662769037,-68.5233946257216,-69.88405590256582,0.78202909963109
intermediate,22.840000000000003,-67.64654430505841,-68.52067165392072,-69.88334973960194,0.7794314108303937
intermediate,22.85,-67.64673952660232,-68.51796582689317,-69.88264271134771,0.7768422113423327
intermediate,22.860000000000003,-67.64694225011223,-68.51527707503112,-69.8819348278555,0.7742614780054995
intermediate,22.87,-67.64715243369393,-68.51260532895863,-69.88122609913114,0.7716891875687191
intermediate,22.880000000000003,-67.64737003576245,-68.50995051953183,-69.88051653513416,0.7691253166968174
intermediate,22.89,-67.6475950150362,-68.5073125778389,-69.87980614577799,0.7665698419761919
intermediate,22.9,-67.64782733053116,-68.50469143520012,-69.87909494093002,0.7640227399201892
intermediate,22.910000000000004,-67.64806694155523,-68.5020870231678,-69.87838293041183,0.7614839869742959
intermediate,22.92,-67.64831380770275,-68.49949927352624,-69.8776701239994,0.7589535595211566
intermediate,22.930000000000003,-67.64856788884926,-68.49692811829165,-69.87695653142315,0.7564314338854057
intermediate,22.94,-67.64882914514628,-68.49437348971207,-69.8762421623682,0.7539175863383446
intermediate,22.950000000000003,-67.64909753701636,-68.49183532026719,-69.87552702647457,0.7514119931024471
intermediate,22.96,-67.6493730251483,-68.48931354266827,-69.87481113333723,0.7489146303557142
intermediate,22.970000000000002,-67.64965557049237,-68.48680808985789,-69.87409449250634,0.7464254742358714
intermediate,22.98,-67.64994513425579,-68.48431889500984,-69.87337711348742,0.7439445008444239
intermediate,22.990000000000002,-67.65024167789838,-68.4818458915288,-69.87265900574148,0.7414716862505673
intermediate,23.000000000000004,-67.65054516312813,-68.47938901305022,-69.87194017868516,0.7390070064949631
intermediate,23.01,-67.65085555189725,-68.47694819344001,-69.87122064169102,0.7365504375933767
intermediate,23.020000000000003,-67.65117280639785,-68.47452336679422,-69.87050040408755,0.7341019555401925
intermediate,23.03,-67.65149688905836,-68.47211446743886,-69.86977947515942,0.7316615363118029
intermediate,23.040000000000003,-67.65182776253943,-68.46972142992948,-69.8690578641476,0.7292291558698757
intermediate,23.05,-67.65216538973037,-68.46734418905093,-69.8683355802496,0.7268047901645077
intermediate,23.060000000000002,-67.65250973374556,-68.46498267981697,-69.86761263261951,0.7243884151372654
intermediate,23.07,-67.65286075792098,-68.46263683746994,-69.86688903036827,0.7219800067241151
intermediate,23.080000000000002,-67.65321842581078,-68.46030659748043,-69.86616478256376,0.719579540858251
intermediate,23.090000000000003,-67.65358270118399,-68.45799189554675,-69.86543989823103,0.7171869934728227
intermediate,23.1,-67.6539535480214,-68.45569266759473,-69.86471438635242,0.7148023405035581
intermediate,23.110000000000003,-67.6543309305124,-68.45340884977715,-69.86398825586768,0.7124255578912991
intermediate,23.12,-67.654714813052,-68.45114037847343,-69.86326151567421,0.7100566215844414
intermediate,23.130000000000003,-67.65510516023782,-68.44888719028911,-69.86253417462717,0.707695507541286
intermediate,23.14,-67.65550193686745,-68.44664922205553,-69.86180624153971,0.7053421917323065
intermediate,23.150000000000002,-67.65590510793541,-68.44442641082917,-69.86107772518295,0.7029966501423315
intermediate,23.160000000000004,-67.65631463863066,-68.44221869389136,-69.86034863428637,0.700658858772648
intermediate,23.17,-67.65673049433394,-68.4400260087478,-69.8596189775378,0.698328793643029
intermediate,23.180000000000003,-67.65715264061522,-68.43784829312791,-69.85888876358369,0.6960064307936805
intermediate,23.19,-67.65758104323116,-68.43568548498455,-69.85815800102915,0.693691746287122
intermediate,23.200000000000003,-67.65801566812286,-68.43353752249334,-69.85742669843822,0.6913847162099949
intermediate,23.21,-67.6584564814134,-68.43140434405227,-69.85669486433395,0.6890853166748021
intermediate,23.220000000000002,-67.65890344940567,-68.42928588828113,-69.85596250719861,0.6867935238215833
intermediate,23.23,-67.65935653857994,-68.4271820940209,-69.85522963547379,0.6845093138195271
intermediate,23.240000000000002,-67.65981571559205,-68.42509290033342,-69.85449625756061,0.6822326628685204
intermediate,23.250000000000004,-67.66028094727099,-68.42301824650065,-69.85376238181986,0.67996354720064
intermediate,23.26,-67.66075220061704,-68.42095807202419,-69.8530280165721,0.6777019430815897
intermediate,23.270000000000003,-67.66122944279977,-68.41891231662478,-69.8522931700979,0.6754478268120735
intermediate,23.28,-67.66171264115603,-68.41688092024165,-69.85155785063793,0.6732011747291249
intermediate,23.290000000000003,-67.66220176318814,-68.41486382303198,-69.85082206639315,0.6709619632073794
intermediate,23.3,-67.6626967765621,-68.41286096537041,-69.85008582552493,0.6687301686602988
intermediate,23.310000000000002,-67.6631976491056,-68.41087228784832,-69.84934913615524,0.6665057675413455
intermediate,23.32,-67.66370434880649,-68.40889773127336,-69.8486120063668,0.6642887363451124
intermediate,23.330000000000002,-67.66421684381105,-68.40693723666878,-69.84787444420319,0.6620790516084047
intermediate,23.340000000000003,-67.66473510242226,-68.40499074527294,-69.84713645766898,0.6598766899112841
intermediate,23.35,-67.66525909309819,-68.4030581985386,-69.84639805473,0.6576816278780607
intermediate,23.360000000000003,-67.66578878445054,-68.40113953813241,-69.84565924331339,0.6554938421782542
intermediate,23.37,-67.66632414524297,-68.39923470593425,-69.84492003130777,0.6533133095275104
intermediate,23.380000000000003,-67.66686514438973,-68.39734364403664,-69.84418042656338,0.6511400066884809
intermediate,23.39,-67.66741175095412,-68.39546629474417,-69.8434404368923,0.6489739104716655
intermediate,23.400000000000002,-67.66796393414704,-68.39360260057278,-69.84270007006845,0.6468149977362203
intermediate,23.41,-67.6685216633257,-68.39175250424924,-69.8419593338279,0.6446632453907296
intermediate,23.42,-67.66908490799229,-68.38991594871055,-69.84121823586895,0.6425186303939456
intermediate,23.430000000000003,-67.66965363779242,-68.3880928771032,-69.84047678385222,0.6403811297554988
intermediate,23.44,-67.67022782251416,-68.38628323278265,-69.83973498540088,0.6382507205365693
intermediate,23.450000000000003,-67.67080743208652,-68.38448695931262,-69.83899284810079,0.6361273798505376
intermediate,23.46,-67.67139243657834,-68.3827040004646,-69.83825037950056,0.6340110848636002
intermediate,23.470000000000002,-67.67198280619708,-68.38093430021704,-69.83750758711182,0.6319018127953603
intermediate,23.48,-67.6725785112876,-68.37917780275482,-69.83676447840922,0.6297995409193892
intermediate,23.490000000000002,-67.673179522331,-68.3774344524686,-69.83602106083077,0.6277042465637638
intermediate,23.500000000000004,-67.67378580994361,-68.3757041939542,-69.83527734177775,0.6256159071115761
intermediate,23.51,-67.67439734487576,-68.37398697201193,-69.83453332861505,0.6235345000014233
intermediate,23.520000000000003,-67.67501409801079,-68.37228273164598,-69.83378902867118,0.6214600027278666
intermediate,23.53,-67.67563604036394,-68.37059141806374,-69.8330444492385,0.6193923928418744
intermediate,23.540000000000003,-67.6762631430814,-68.3689129766752,-69.83229959757332,0.6173316479512397
intermediate,23.55,-67.67689537743915,-68.36724735309227,-69.83155448089606,0.6152777457209778
intermediate,23.560000000000002,-67.67753271484219,-68.3655944931282,-69.83080910639133,0.6132306638737018
intermediate,23.57,-67.67817512682339,-68.36395434279683,-69.83006348120817,0.6111903801899804
intermediate,23.580000000000002,-67.67882258504268,-68.3623268483121,-69.82931761246012,0.6091568725086755
intermediate,23.590000000000003,-67.67947506128601,-68.3607119560872,-69.82857150722538,0.6071301187272591
intermediate,23.6,-67.68013252746451,-68.35910961273416,-69.82782517254695,0.605110096802119
intermediate,23.610000000000003,-67.68079495561364,-68.35751976506302,-69.82707861543275,0.6030967847488374
intermediate,23.62,-67.68146231789216,-68.35594236008124,-69.8263318428558,0.6010901606424616
intermediate,23.630000000000003,-67.68213458658154,-68.35437734499313,-69.82558486175428,0.5990902026177531
intermediate,23.64,-67.68281173408485,-68.35282466719906,-69.82483767903176,0.5970968888694254
intermediate,23.650000000000002,-67.68349373292611,-68.35128427429493,-69.8240903015573,0.5951101976523621
intermediate,23.66,-67.6841805557494,-68.3497561140715,-69.82334273616556,0.5931301072818247
intermediate,23.670000000000005,-67.68487217531816,-68.34824013451372,-69.82259498965693,0.5911565961336432
intermediate,23.680000000000003,-67.68556856451431,-68.34673628380006,-69.82184706879778,0.5891896426443972
intermediate,23.69,-67.68626969633755,-68.34524451030197,-69.82109898032039,0.5872292253115773
intermediate,23.700000000000003,-67.68697554390467,-68.34376476258313,-69.82035073092327,0.5852753226937415
intermediate,23.71,-67.68768608044861,-68.34229698939885,-69.8196023272712,0.5833279134106537
intermediate,23.720000000000002,-67.68840127931804,-68.34084113969541,-69.8188537759954,0.5813869761434143
intermediate,23.73,-67.68912111397634,-68.33939716260943,-69.81810508369362,0.5794524896345763
intermediate,23.740000000000002,-67.68984555800117,-68.33796500746726,-69.81735625693035,0.5775244326882528
intermediate,23.75,-67.69057458508361,-68.33654462378426,-69.81660730223683,0.575602784170213
intermediate,23.760000000000005,-67.69130816902754,-68.33513596126421,-69.81585822611133,0.5736875230079673
intermediate,23.770000000000003,-67.69204628374904,-68.33373896979869,-69.81510903501915,0.5717786281908463
intermediate,23.78,-67.69278890327564,-68.33235359946637,-69.81435973539284,0.5698760787700633
intermediate,23.790000000000003,-67.69353600174574,-68.33097980053249,-69.81361033363225,0.5679798538587739
intermediate,23.8,-67.69428755340795,-68.32961752344806,-69.81286083610478,0.5660899326321249
intermediate,23.810000000000002,-67.69504353262055,-68.32826671884936,-69.81211124914533,0.564206294327294
intermediate,23.82,-67.69580391385067,-68.32692733755725,-69.81136157905661,0.562328918243521
intermediate,23.830000000000002,-67.69656867167402,-68.32559933057657,-69.8106118321092,0.5604577837421332
intermediate,23.840000000000003,-67.69733778077399,-68.32428264909541,-69.8098620145416,0.5585928702465602
intermediate,23.85,-67.69811121594121,-68.3229772444846,-69.80911213256046,0.5567341572423453
intermediate,23.860000000000003,-67.69888895207298,-68.32168306829705,-69.8083621923407,0.554881624277144
intermediate,23.87,-67.69967096417268,-68.32040007226703,-69.80761220002555,0.5530352509607217
intermediate,23.880000000000003,-67.70045722734918,-68.31912820830965,-69.80686216172676,0.5511950169649407
intermediate,23.89,-67.70124771681635,-68.31786742852023,-69.80611208352471,0.5493609020237433
intermediate,23.900000000000002,-67.7020424078925,-68.31661768517355,-69.80536197146853,0.5475328859331272
intermediate,23.91,-67.70284127599976,-68.31537893072337,-69.8046118315762,0.5457109485511155
intermediate,23.92,-67.7036442966637,-68.31415111780171,-69.80386166983469,0.5438950697977213
intermediate,23.930000000000003,-67.7044514455127,-68.31293419921833,-69.80311149220007,0.5420852296549059
intermediate,23.94,-67.70526269827751,-68.31172812795998,-69.8023613045977,0.5402814081665349
intermediate,23.950000000000003,-67.7060780307906,-68.31053285718986,-69.80161111292229,0.5384835854383229
intermediate,23.96,-67.70689741898587,-68.30934834024701,-69.80086092303799,0.5366917416377794
intermediate,23.970000000000002,-67.707720838898,-68.30817453064569,-69.80011074077858,0.534905856994148
intermediate,23.98,-67.70854826666199,-68.3070113820747,-69.79936057194757,0.5331259117983396
intermediate,23.990000000000002,-67.70937967851273,-68.30585884839688,-69.79861042231835,0.5313518864028632
intermediate,24.0,-67.71021505078448,-68.30471688364837,-69.7978602976342,0.5295837612217512
intermediate,24.010000000000005,-67.71105435991038,-68.30358544203808,-69.79711020360855,0.5278215167304813
intermediate,24.020000000000003,-67.71189758242198,-68.30246447794713,-69.79636014592504,0.5260651334658961
intermediate,24.03,-67.71274469494892,-68.30135394592808,-69.7956101302376,0.5243145920261137
intermediate,24.040000000000003,-67.71359567421827,-68.30025380070454,-69.79486016217066,0.5225698730704413
intermediate,24.05,-67.71445049705417,-68.29916399717033,-69.79411024731915,0.5208309573192809
intermediate,24.060000000000002,-67.71530914037739,-68.29808449038909,-69.79336039124875,0.5190978255540329
intermediate,24.07,-67.71617158120496,-68.29701523559356,-69.79261059949587,0.5173704586169988
intermediate,24.080000000000002,-67.71703779664958,-68.295956188185,-69.79186087756788,0.5156488374112754
intermediate,24.09,-67.71790776391926,-68.29490730373263,-69.7911112309432,0.5139329429006518
intermediate,24.100000000000005,-67.71878146031693,-68.29386853797297,-69.79036166507134,0.5122227561095001
intermediate,24.110000000000003,-67.71965886324,-68.29283984680933,-69.78961218537313,0.5105182581226662
intermediate,24.12,-67.72053995017988,-68.29182118631114,-69.78886279724077,0.5088194300853531
intermediate,24.130000000000003,-67.72142469872168,-68.2908125127134,-69.78811350603793,0.5071262532030074
intermediate,24.14,-67.72231308654368,-68.28981378241612,-69.78736431709993,0.5054387087411999
intermediate,24.150000000000002,-67.72320509141697,-68.28882495198366,-69.78661523573379,0.5037567780255048
intermediate,24.16,-67.72410069120505,-68.28784597814416,-69.78586626721837,0.5020804424413772
intermediate,24.17,-67.72499986386347,-68.28687681778905,-69.78511741680445,0.5004096834340275
intermediate,24.180000000000003,-67.72590258743939,-68.28591742797235,-69.78436868971497,0.4987444825082942
intermediate,24.190000000000005,-67.72680884007117,-68.28496776591017,-69.78362009114493,0.49708482122851705
intermediate,24.200000000000003,-67.72771859998801,-68.28402778898005,-69.7828716262617,0.49543068121840267
intermediate,24.21,-67.72863184550955,-68.2830974547205,-69.78212330020499,0.4937820441608945
intermediate,24.220000000000002,-67.72954855504553,-68.2821767208303,-69.78137511808707,0.49213889179803727
intermediate,24.23,-67.73046870709533,-68.28126554516803,-69.78062708499284,0.49050120593084195
intermediate,24.240000000000002,-67.7313922802477,-68.28036388575146,-69.77987920597991,0.4888689684191477
intermediate,24.25,-67.7323192531803,-68.27947170075691,-69.7791314860787,0.4872421611814832
intermediate,24.26,-67.73324960465933,-68.27858894851886,-69.77838393029263,0.48562076619492633
intermediate,24.270000000000003,-67.73418331353925,-68.2777155875292,-69.77763654359818,0.48400476549496163
intermediate,24.280000000000005,-67.73512035876234,-68.27685157643675,-69.77688933094495,0.4823941411753401
intermediate,24.290000000000003,-67.73606071935835,-68.2759968740467,-69.77614229725589,0.48078887538793136
intermediate,24.3,-67.73700437444411,-68.27515143932006,-69.77539544742729,0.47918895034258063
intermediate,24.310000000000002,-67.73795130322327,-68.27431523137301,-69.77464878632892,0.4775943483069619
intermediate,24.32,-67.73890148498589,-68.2734882094765,-69.7739023188042,0.47600505160643053
intermediate,24.330000000000002,-67.73985489910807,-68.27267033305557,-69.77315604967025,0.47442104262387447
intermediate,24.34,-67.74081152505161,-68.27186156168887,-69.77240998371795,0.47284230379956577
intermediate,24.350000000000005,-67.74177134236368,-68.27106185510799,-69.77166412571216,0.4712688176310086
intermediate,24.360000000000003,-67.74273433067648,-68.2702711731971,-69.77091848039173,0.4697005666727914
intermediate,24.370000000000005,-67.74370046970694,-68.26948947599224,-69.77017305246967,0.46813753353643106
intermediate,24.380000000000003,-67.74466973925622,-68.26871672368084,-69.76942784663323,0.466579700890223
intermediate,24.39,-67.74564211920958,-68.26795287660119,-69.76868286754396,0.46502705145908724
intermediate,24.400000000000002,-67.74661758953594,-68.26719789524185,-69.76793811983785,0.46347956802441403
intermediate,24.41,-67.74759613028755,-68.26645174024118,-69.76719360812551,0.4619372334239097
intermediate,24.42,-67.74857772159963,-68.26571437238671,-69.76644933699215,0.46040003055144163
intermediate,24.43,-67.74956234369016,-68.26498575261468,-69.76570531099772,0.45886794235688183
intermediate,24.440000000000005,-67.7505499768594,-68.26426584200948,-69.76496153467703,0.45734095184595114
intermediate,24.450000000000003,-67.75154060148974,-68.26355460180311,-69.7642180125399,0.4558190420800639
intermediate,24.46,-67.75253419804517,-68.26285199337464,-69.76347474907118,0.45430219617616835
intermediate,24.470000000000002,-67.75353074707112,-68.26215797824968,-69.76273174873084,0.4527903973065904
intermediate,24.48,-67.75453022919413,-68.26147251809992,-69.76198901595421,0.4512836286988763
intermediate,24.490000000000002,-67.75553262512148,-68.26079557474253,-69.7612465551519,0.44978187363563343
intermediate,24.5,-67.75653791564086,-68.26012711013963,-69.76050437071,0.4482851154543724
intermediate,24.51,-67.75754608162015,-68.2594670863978,-69.75976246699015,0.4467933375473478
intermediate,24.520000000000003,-67.758557104007,-68.25881546576761,-69.75902084832974,0.4453065233613991
intermediate,24.530000000000005,-67.7595709638286,-68.25817221064295,-69.75827951904184,0.443824656397793
intermediate,24.540000000000003,-67.76058764219135,-68.25753728356068,-69.75753848341536,0.4423477202120609
intermediate,24.55,-67.76160712028053,-68.2569106472,-69.75679774571525,0.4408756984138417
intermediate,24.560000000000002,-67.76262937936005,-68.25629226438203,-69.75605731018247,0.43940857466672095
intermediate,24.57,-67.76365440077208,-68.25568209806919,-69.75531718103416,0.437946332688071
intermediate,24.580000000000002,-67.76468216593685,-68.25508011136479,-69.75457736246368,0.4364889562488911
intermediate,24.59,-67.76571265635219,-68.25448626751245,-69.75383785864076,0.4350364291736473
intermediate,24.6,-67.76674585359338,-68.25390052989562,-69.7530986737116,0.43358873534011183
intermediate,24.610000000000003,-67.76778173931282,-68.25332286203711,-69.75235981179887,0.4321458586792027
intermediate,24.620000000000005,-67.7688202952397,-68.25275322759855,-69.75162127700196,0.43070778317482533
intermediate,24.630000000000003,-67.76986150317975,-68.2521915903799,-69.75088307339696,0.4292744928637093
intermediate,24.64,-67.77090534501488,-68.25163791431888,-69.75014520503679,0.42784597183524953
intermediate,24.650000000000002,-67.77195180270301,-68.25109216349063,-69.74940767595128,0.42642220423134636
intermediate,24.66,-67.77300085827764,-68.25055430210705,-69.74867049014729,0.42500317424624456
intermediate,24.67,-67.77405249384763,-68.25002429451645,-69.74793365160882,0.42358886612637386
intermediate,24.68,-67.77510669159699,-68.24950210520291,-69.74719716429705,0.422179264170188
intermediate,24.690000000000005,-67.77616343378442,-68.2489876987859,-69.74646103215044,0.42077435272800506
intermediate,24.700000000000003,-67.7772227027432,-68.24848104001975,-69.74572525908488,0.4193741162018489
intermediate,24.710000000000004,-67.77828448088086,-68.24798209379318,-69.7449898489937,0.41797853904528687
intermediate,24.720000000000002,-67.7793487506788,-68.2474908251288,-69.7442548057479,0.4165876057632716
intermediate,24.73,-67.78041549469215,-68.24700719918263,-69.74352013319607,0.4152013009119817
intermediate,24.740000000000002,-67.78148469554938,-68.24653118124358,-69.74278583516457,0.41381960909866167
intermediate,24.75,-67.78255633595215,-68.2460627367331,-69.74205191545761,0.41244251498146317
intermediate,24.76,-67.78363039867492,-68.2456018312045,-69.74131837785738,0.4110700032692857
intermediate,24.77,-67.78470686656463,-68.24514843034261,-69.74058522612408,0.40970205872161813
intermediate,24.780000000000005,-67.78578572254071,-68.24470249996332,-69.73985246399607,0.40833866614837905
intermediate,24.790000000000003,-67.7868669495944,-68.24426400601303,-69.73912009518986,0.406979810409761
intermediate,24.800000000000004,-67.78795053078889,-68.24383291456819,-69.73838812340031,0.4056254764160685
intermediate,24.810000000000002,-67.7890364492587,-68.24340919183491,-69.73765655230069,0.4042756491275628
intermediate,24.82,-67.79012468820963,-68.24299280414837,-69.73692538554272,0.40293031355430314
intermediate,24.830000000000002,-67.79121523091845,-68.24258371797245,-69.73619462675667,0.4015894547559895
intermediate,24.84,-67.79230806073262,-68.24218189989922,-69.73546427955155,0.4002530578418052
intermediate,24.85,-67.79340316106997,-68.24178731664848,-69.73473434751504,0.39892110797026004
intermediate,24.860000000000003,-67.79450051541853,-68.2413999350673,-69.7340048342137,0.3975935903490333
intermediate,24.870000000000005,-67.7956001073362,-68.24101972212958,-69.73327574319302,0.39627049023481864
intermediate,24.880000000000003,-67.79670192045049,-68.24064664493552,-69.73254707797744,0.3949517929331657
intermediate,24.890000000000004,-67.79780593845838,-68.24028067071129,-69.7318188420706,0.39363748379832586
intermediate,24.900000000000002,-67.79891214512585,-68.23992176680846,-69.7310910389552,0.39232754823309623
intermediate,24.91,-67.80002052428786,-68.23956990070359,-69.73036367209332,0.3910219716886645
intermediate,24.92,-67.8011310598479,-68.23922503999778,-69.72963674492632,0.38972073966445403
intermediate,24.93,-67.80224373577781,-68.23888715241623,-69.72891026087507,0.3884238377079688
intermediate,24.94,-67.80335853611754,-68.23855620580775,-69.7281842233399,0.3871312514146396
intermediate,24.950000000000003,-67.80447544497491,-68.23823216814435,-69.72745863570077,0.3858429664276696
intermediate,24.960000000000004,-67.80559444652525,-68.23791500752078,-69.72673350131737,0.3845589684378822
intermediate,24.970000000000002,-67.80671552501124,-68.23760469215408,-69.72600882352913,0.383279243183565
intermediate,24.980000000000004,-67.80783866474276,-68.23730119038315,-69.72528460565536,0.3820037764503191
intermediate,24.990000000000002,-67.80896385009636,-68.2370044706683,-69.7245608509953,0.38073255407090534
intermediate,25.0,-67.81009106551534,-68.23671450159084,-69.72383756282828,0.37946556192509295
intermediate,25.01,-67.8112202955092,-68.23643125185258,-69.72311474441366,0.37820278593950657
intermediate,25.02,-67.81235152465365,-68.23615469027546,-69.72239239899105,0.37694421208747536
intermediate,25.030000000000005,-67.81348473759014,-68.23588478580105,-69.7216705297803,0.3756898263888814
intermediate,25.040000000000003,-67.81461991902587,-68.2356215074902,-69.72094913998167,0.3744396149100102
intermediate,25.050000000000004,-67.81575705373326,-68.23536482452252,-69.72022823277582,0.3731935637633979
intermediate,25.060000000000002,-67.81689612654989,-68.235114706196,-69.71950781132396,0.3719516591076828
intermediate,25.07,-67.81803712237829,-68.23487112192659,-69.7187878787679,0.3707138871474553
intermediate,25.080000000000002,-67.8191800261855,-68.2346340412477,-69.7180684382301,0.36948023413310843
intermediate,25.09,-67.82032482300309,-68.2344034338099,-69.71734949281382,0.3682506863606892
intermediate,25.1,-67.82147149792668,-68.23417926938039,-69.71663104560321,0.36702523017174943
intermediate,25.11,-67.82262003611591,-68.2339615178426,-69.71591309966323,0.3658038519531982
intermediate,25.120000000000005,-67.82377042279403,-68.23375014919581,-69.71519565803992,0.36458653813715297
intermediate,25.130000000000003,-67.82492264324776,-68.23354513355471,-69.71447872376042,0.36337327520079454
intermediate,25.140000000000004,-67.82607668282702,-68.23334644114892,-69.71376229983301,0.36216404966621696
intermediate,25.150000000000002,-67.82723252694475,-68.23315404232267,-69.71304638924718,0.3609588481002827
intermediate,25.16,-67.82839016107658,-68.2329679075343,-69.7123309949738,0.3597576571144764
intermediate,25.17,-67.82954957076068,-68.23278800735595,-69.7116161199651,0.35856046336475816
intermediate,25.18,-67.83071074159753,-68.23261431247305,-69.7109017671548,0.35736725355141896
intermediate,25.19,-67.83187365924961,-68.23244679368393,-69.71018793945815,0.35617801441893526
intermediate,25.200000000000003,-67.83303830944125,-68.23228542189949,-69.7094746397721,0.35499273275582377
intermediate,25.210000000000004,-67.83420467795837,-68.23213016814267,-69.70876187097524,0.35381139539449913
intermediate,25.220000000000002,-67.83537275064825,-68.2319810035481,-69.70804963592798,0.3526339892111275
intermediate,25.230000000000004,-67.83654251341927,-68.23183789936175,-69.70733793747253,0.3514605011254849
intermediate,25.240000000000002,-67.83771395224078,-68.23170082694043,-69.70662677843312,0.3502909181008133
intermediate,25.25,-67.8388870531428,-68.23156975775143,-69.70591616161595,0.34912522714367894
intermediate,25.26,-67.84006180221573,-68.23144466337217,-69.70520608980932,0.34796341530382896
intermediate,25.27,-67.84123818561035,-68.23132551548971,-69.70449656578367,0.34680546967405035
intermediate,25.28,-67.8424161895373,-68.2312122859004,-69.70378759229173,0.34565137739002855
intermediate,25.290000000000003,-67.84359580026712,-68.2311049465095,-69.70307917206848,0.34450112563020574
intermediate,25.300000000000004,-67.8447770041299,-68.23100346933079,-69.70237130783134,0.3433547016156421
intermediate,25.310000000000002,-67.845959787515,-68.23090782648607,-69.70166400228017,0.3422120926098732
intermediate,25.320000000000004,-67.84714413687098,-68.23081799020491,-69.70095725809739,0.3410732859187716
intermediate,25.330000000000002,-67.84833003870531,-68.23073393282422,-69.70025107794797,0.33993826889040774
intermediate,25.34,-67.84951747958411,-68.23065562678778,-69.69954546447963,0.3388070289149104
intermediate,25.35,-67.85070644613195,-68.23058304464594,-69.69884042032278,0.33767955342432826
intermediate,25.36,-67.85189692503178,-68.23051615905524,-69.69813594809072,0.3365558298924923
intermediate,25.370000000000005,-67.85308890302444,-68.23045494277798,-69.69743205037963,0.3354358458348771
intermediate,25.380000000000003,-67.8542823669087,-68.23039936868179,-69.69672872976865,0.3343195888084658
intermediate,25.390000000000004,-67.85547730354085,-68.23034940973938,-69.69602598881998,0.33320704641161
intermediate,25.400000000000002,-67.85667369983466,-68.23030503902805,-69.69532383007892,0.3320982062838959
intermediate,25.410000000000004,-67.85787154276103,-68.23026622972935,-69.69462225607398,0.3309930561060071
intermediate,25.42,-67.85907081934783,-68.23023295512871,-69.6939212693169,0.3298915835995893
intermediate,25.43,-67.86027151667973,-68.23020518861506,-69.6932208723028,0.3287937765271152
intermediate,25.44,-67.86147362189796,-68.23018290368043,-69.69252106751014,0.3276996226917496
intermediate,25.45,-67.86267712219995,-68.23016607391956,-69.69182185740088,0.32660910993721476
intermediate,25.460000000000004,-67.86388200483947,-68.23015467302963,-69.69112324442055,0.3255222261476565
intermediate,25.470000000000002,-67.865088257126,-68.2301486748098,-69.69042523099822,0.32443895924751215
intermediate,25.480000000000004,-67.86629586642495,-68.23014805316083,-69.6897278195467,0.3233592972013746
intermediate,25.490000000000002,-67.86750482015704,-68.23015278208474,-69.68903101246254,0.32228322801386183
intermediate,25.500000000000004,-67.8687151057984,-68.23016283568451,-69.68833481212606,0.32121073972948355
intermediate,25.51,-67.86992671088024,-68.23017818816355,-69.68763922090154,0.3201418204325099
intermediate,25.52,-67.87113962298864,-68.23019881382548,-69.68694424113718,0.3190764582468394
intermediate,25.53,-67.87235382976435,-68.23022468707376,-69.68624987516522,0.3180146413358684
intermediate,25.540000000000003,-67.87356931890268,-68.2302557824112,-69.68555612530193,0.31695635790235954
intermediate,25.550000000000004,-67.87478607815314,-68.23029207443979,-69.68486299384786,0.3159015961883134
intermediate,25.560000000000002,-67.87600409531933,-68.23033353786013,-69.68417048308766,0.31485034447483623
intermediate,25.570000000000004,-67.87722335825876,-68.23038014747128,-69.68347859529035,0.3138025910820119
intermediate,25.580000000000002,-67.8784438548826,-68.23043187817021,-69.68278733270927,0.31275832436877266
intermediate,25.590000000000003,-67.87966557315555,-68.23048870495161,-69.68209669758224,0.3117175327327703
intermediate,25.6,-67.88088850109547,-68.23055060290743,-69.68140669213153,0.31068020461024853
intermediate,25.61,-67.8821126267734,-68.23061754722656,-69.68071731856398,0.30964632847591417
intermediate,25.62,-67.88333793831325,-68.23068951319448,-69.68002857907106,0.30861589284281077
intermediate,25.630000000000003,-67.88456442389155,-68.2307664761929,-69.67934047582894,0.30758888626219044
intermediate,25.640000000000004,-67.88579207173738,-68.23084841169944,-69.67865301099854,0.3065652973233891
intermediate,25.650000000000002,-67.88702087013213,-68.23093529528724,-69.67796618672561,0.3055451146536983
intermediate,25.660000000000004,-67.88825080740926,-68.23102710262465,-69.67728000514079,0.3045283269182401
intermediate,25.67,-67.88948187195412,-68.23112380947484,-69.67659446835964,0.3035149228198424
intermediate,25.68,-67.89071405220378,-68.2312253916955,-69.67590957848279,0.302504891098913
intermediate,25.69,-67.89194733664687,-68.23133182523851,-69.67522533759589,0.30149822053331543
intermediate,25.7,-67.89318171382327,-68.23144308614951,-69.6745417477698,0.3004948999382448
intermediate,25.710000000000004,-67.89441717232404,-68.23155915056765,-69.67385881106054,0.29949491816610374
intermediate,25.720000000000002,-67.89565370079123,-68.23167999472523,-69.67317652950943,0.29849826410637986
intermediate,25.730000000000004,-67.89689128791754,-68.23180559494732,-69.67249490514315,0.2975049266855213
intermediate,25.740000000000002,-67.89812992244634,-68.23193592765149,-69.6718139399737,0.2965148948668152
intermediate,25.750000000000004,-67.89936959317131,-68.23207096934742,-69.67113363599863,0.29552815765026513
intermediate,25.76,-67.90061028893635,-68.23221069663656,-69.67045399520093,0.29454470407246935
intermediate,25.77,-67.90185199863534,-68.23235508621185,-69.66977501954925,0.2935645232064995
intermediate,25.78,-67.90309471121196,-68.23250411485736,-69.66909671099786,0.2925876041617793
intermediate,25.79,-67.9043384156596,-68.23265775944795,-69.66841907148671,0.2916139360839642
intermediate,25.800000000000004,-67.90558310102097,-68.23281599694893,-69.6677421029416,0.29064350815482054
intermediate,25.810000000000002,-67.9068287563881,-68.23297880441575,-69.66706580727408,0.28967630959210716
intermediate,25.820000000000004,-67.90807537090215,-68.23314615899372,-69.66639018638165,0.288712329649454
intermediate,25.830000000000002,-67.90932293375309,-68.23331803791757,-69.66571524214774,0.2877515576162444
intermediate,25.840000000000003,-67.91057143417959,-68.23349441851123,-69.6650409764418,0.2867939828174955
intermediate,25.85,-67.91182086146891,-68.23367527818745,-69.6643673911194,0.2858395946137409
intermediate,25.86,-67.91307120495661,-68.23386059444752,-69.66369448802216,0.28488838240091197
intermediate,25.87,-67.91432245402642,-68.23405034488088,-69.66302226897797,0.2839403356102204
intermediate,25.880000000000003,-67.91557459811006,-68.23424450716485,-69.66235073580096,0.2829954437080413
intermediate,25.890000000000004,-67.91682762668701,-68.23444305906433,-69.66167989029155,0.2820536961957969
intermediate,25.900000000000002,-67.91808152928444,-68.23464597843144,-69.66100973423657,0.2811150826098387
intermediate,25.910000000000004,-67.91933629547692,-68.23485324320521,-69.66034026940929,0.28017959252133284
intermediate,25.92,-67.92059191488633,-68.23506483141126,-69.65967149756942,0.2792472155361436
intermediate,25.930000000000003,-67.92184837718156,-68.23528072116154,-69.65900342046329,0.2783179412947189
intermediate,25.94,-67.92310567207848,-68.23550089065391,-69.65833603982378,0.2773917594719747
intermediate,25.95,-67.92436378933965,-68.23572531817194,-69.65766935737051,0.27646865977718094
intermediate,25.96,-67.92562271877424,-68.23595398208452,-69.65700337480976,0.27554863195384727
intermediate,25.970000000000002,-67.92688245023777,-68.23618686084562,-69.65633809383465,0.27463166577960907
intermediate,25.980000000000004,-67.92814297363202,-68.2364239329939,-69.65567351612506,0.27371775106611496
intermediate,25.990000000000002,-67.92940427890474,-68.23666517715243,-69.65500964334788,0.2728068776589126
intermediate,26.000000000000004,-67.93066635604964,-68.23691057202846,-69.65434647715689,0.2718990354373365
intermediate,26.01,-67.93192919510598,-68.23716009641298,-69.65368401919291,0.27099421431439574
intermediate,26.020000000000003,-67.93319278615867,-68.2374137291805,-69.65302227108378,0.2700924042366627
intermediate,26.03,-67.9344571193379,-68.23767144928875,-69.65236123444456,0.2691935951841602
intermediate,26.04,-67.9357221848191,-68.23793323577836,-69.65170091087741,0.2682977771702518
intermediate,26.050000000000004,-67.93698797282265,-68.23819906777251,-69.65104130197176,0.2674049402415294
intermediate,26.060000000000002,-67.93825447361381,-68.23846892447675,-69.65038240930436,0.2665150744777049
intermediate,26.070000000000004,-67.9395216775025,-68.23874278517856,-69.64972423443925,0.26562816999149785
intermediate,26.080000000000002,-67.94078957484312,-68.23902062924712,-69.64906677892793,0.26474421692852723
intermediate,26.090000000000003,-67.94205815603443,-68.23930243613307,-69.64841004430939,0.26386320546720127
intermediate,26.1,-67.94332741151938,-68.23958818536812,-69.64775403211003,0.2629851258186093
intermediate,26.110000000000003,-67.94459733178485,-68.23987785656477,-69.64709874384393,0.2621099682264122
intermediate,26.12,-67.94586790736165,-68.24017142941607,-69.64644418101273,0.2612377229667349
intermediate,26.13,-67.94713912882419,-68.24046888369526,-69.64579034510578,0.2603683803480578
intermediate,26.140000000000004,-67.94841098679044,-68.24077019925554,-69.64513723760017,0.25950193071110944
intermediate,26.150000000000002,-67.94968347192166,-68.24107535602974,-69.64448485996077,0.25863836442876015
intermediate,26.160000000000004,-67.95095657492232,-68.24138433403004,-69.64383321364029,0.2577776719059133
intermediate,26.17,-67.95223028653989,-68.24169711334767,-69.64318230007932,0.2569198435794007
intermediate,26.180000000000003,-67.95350459756472,-68.24201367415264,-69.64253212070642,0.2560648699178749
intermediate,26.19,-67.95477949882981,-68.24233399669345,-69.64188267693817,0.2552127414217048
intermediate,26.200000000000003,-67.95605498121071,-68.2426580612968,-69.64123397017916,0.2543634486228689
intermediate,26.21,-67.95733103562534,-68.2429858483673,-69.64058600182214,0.25351698208485157
intermediate,26.220000000000002,-67.95860765303387,-68.2433173383872,-69.63993877324799,0.25267333240253614
intermediate,26.230000000000004,-67.95988482443845,-68.24365251191611,-69.63929228582583,0.2518324902021038
intermediate,26.240000000000002,-67.96116254088314,-68.24399134959067,-69.63864654091299,0.25099444614092586
intermediate,26.250000000000004,-67.96244079345377,-68.24433383212435,-69.63800153985518,0.25015919090746275
intermediate,26.26,-67.96371957327767,-68.24467994030711,-69.63735728398646,0.24932671522115893
intermediate,26.270000000000003,-67.96499887152369,-68.24502965500514,-69.63671377462929,0.24849700983234124
intermediate,26.28,-67.96627867940182,-68.24538295716059,-69.6360710130946,0.24767006552211487
intermediate,26.29,-67.96755898816329,-68.24573982779125,-69.63542900068187,0.24684587310226214
intermediate,26.3,-67.96883978910016,-68.24610024799036,-69.63478773867918,0.24602442341513953
intermediate,26.310000000000002,-67.9701210735453,-68.24646419892623,-69.63414722836318,0.24520570733357652
intermediate,26.320000000000004,-67.9714028328723,-68.2468316618421,-69.63350747099922,0.24438971576077487
intermediate,26.330000000000002,-67.97268505849512,-68.24720261805568,-69.63286846784139,0.2435764396302058
intermediate,26.340000000000003,-67.97396774186815,-68.24757704895907,-69.63223022013251,0.24276586990551113
intermediate,26.35,-67.97525087448588,-68.24795493601839,-69.6315927291043,0.24195799758040185
intermediate,26.360000000000003,-67.97653444788284,-68.2483362607735,-69.63095599597727,0.24115281367855862
intermediate,26.37,-67.97781845363352,-68.24872100483773,-69.63032002196096,0.24035030925353174
intermediate,26.38,-67.97910288335196,-68.24910914989776,-69.62968480825377,0.23955047538864208
intermediate,26.390000000000004,-67.98038772869195,-68.24950067771309,-69.62905035604321,0.23875330319688198
intermediate,26.400000000000002,-67.98167298134656,-68.24989557011598,-69.62841666650583,0.2379587838208169
intermediate,26.410000000000004,-67.98295863304824,-68.25029380901114,-69.6277837408073,0.23716690843248597
intermediate,26.42,-67.98424467556845,-68.2506953763754,-69.6271515801025,0.23637766823330508
intermediate,26.430000000000003,-67.98553110071768,-68.25110025425751,-69.6265201855355,0.23559105445396858
intermediate,26.44,-67.9868179003453,-68.2515084247779,-69.62588955823963,0.23480705835435217
intermediate,26.450000000000003,-67.98810506633923,-68.2519198701283,-69.62525969933755,0.23402567122341544
intermediate,26.46,-67.98939259062601,-68.25233457257166,-69.62463060994128,0.2332468843791059
intermediate,26.47,-67.99068046517053,-68.25275251444165,-69.62400229115225,0.2324706891682614
intermediate,26.480000000000004,-67.99196868197586,-68.25317367814269,-69.62337474406135,0.23169707696651484
intermediate,26.490000000000002,-67.99325723308327,-68.25359804614945,-69.62274796974901,0.2309260391781989
intermediate,26.500000000000004,-67.99454611057193,-68.25402560100673,-69.62212196928517,0.23015756723624875
intermediate,26.51,-67.99583530655879,-68.25445632532914,-69.62149674372941,0.22939165260210878
intermediate,26.520000000000003,-67.99712481319841,-68.25489020180088,-69.6208722941309,0.22862828676563657
intermediate,26.53,-67.99841462268297,-68.25532721317543,-69.62024862152857,0.2278674612450089
intermediate,26.540000000000003,-67.9997047272419,-68.2557673422754,-69.61962572695107,0.22710916758662758
intermediate,26.55,-68.00099511914193,-68.25621057199218,-69.61900361141683,0.2263533973650251
intermediate,26.560000000000002,-68.00228579068687,-68.25665688528574,-69.61838227593412,0.2256001421827713
intermediate,26.570000000000004,-68.00357673421745,-68.25710626518435,-69.61776172150111,0.22484939367038081
intermediate,26.580000000000002,-68.00486794211118,-68.25755869478434,-69.61714194910584,0.22410114348621846
intermediate,26.590000000000003,-68.00615940678227,-68.2580141572499,-69.61652295972638,0.22335538331640814
intermediate,26.6,-68.00745112068144,-68.25847263581277,-69.61590475433081,0.22261210487473948
intermediate,26.610000000000003,-68.00874307629574,-68.25893411377197,-69.61528733387725,0.2218712999025766
intermediate,26.62,-68.01003526614853,-68.25939857449366,-69.61467069931392,0.22113296016876555
intermediate,26.630000000000003,-68.01132768279922,-68.25986600141077,-69.61405485157921,0.22039707746954357
intermediate,26.64,-68.0126203188432,-68.2603363780229,-69.61343979160173,0.21966364362844745
intermediate,26.650000000000002,-68.01391316691168,-68.26080968789587,-69.61282552030032,0.21893265049622293
intermediate,26.660000000000004,-68.01520621967157,-68.26128591466174,-69.61221203858409,0.2182040899507346
intermediate,26.67,-68.01649946982529,-68.26176504201834,-69.61159934735248,0.21747795389687485
intermediate,26.680000000000003,-68.01779291011071,-68.26224705372913,-69.6109874474953,0.21675423426647417
intermediate,26.69,-68.01908653330099,-68.26273193362299,-69.61037633989282,0.21603292301821214
intermediate,26.700000000000003,-68.02038033220441,-68.2632196655939,-69.60976602541574,0.2153140121375271
intermediate,26.71,-68.0216742996642,-68.26371023360075,-69.60915650492527,0.21459749363652822
intermediate,26.720000000000002,-68.02296842855861,-68.26420362166711,-69.60854777927318,0.21388335955390572
intermediate,26.730000000000004,-68.02426271180047,-68.26469981388097,-69.60793984930179,0.21317160195484303
intermediate,26.740000000000002,-68.02555714233729,-68.26519879439448,-69.60733271584414,0.21246221293092907
intermediate,26.750000000000004,-68.02685171315106,-68.26570054742382,-69.60672637972388,0.21175518460006904
intermediate,26.76,-68.02814641725806,-68.26620505724881,-69.60612084175541,0.21105050910639817
intermediate,26.770000000000003,-68.02944124770889,-68.26671230821286,-69.60551610274388,0.21034817862019348
intermediate,26.78,-68.03073619758808,-68.26722228472255,-69.60491216348525,0.2096481853377879
intermediate,26.790000000000003,-68.03203126001416,-68.2677349712475,-69.60430902476637,0.20895052148148222
intermediate,26.8,-68.03332642813952,-68.26825035232018,-69.6037066873649,0.20825517929946
intermediate,26.810000000000002,-68.0346216951502,-68.26876841253556,-69.60310515204951,0.2075621510657003
intermediate,26.820000000000004,-68.03591705426574,-68.269289136551,-69.60250441957982,0.2068714290798927
intermediate,26.830000000000002,-68.03721249873915,-68.2698125090859,-69.60190449070643,0.20618300566735165
intermediate,26.840000000000003,-68.03850802185679,-68.27033851492163,-69.60130536617105,0.20549687317893073
intermediate,26.85,-68.0398036169381,-68.27086713890118,-69.60070704670649,0.2048130239909377
intermediate,26.860000000000003,-68.04109927733562,-68.27139836592895,-69.60010953303663,0.20413145050505055
intermediate,26.87,-68.04239499643474,-68.27193218097055,-69.59951282587663,0.2034521451482321
intermediate,26.880000000000003,-68.04369076765366,-68.27246856905258,-69.5989169259328,0.2027751003726467
intermediate,26.89,-68.04498658444327,-68.27300751526239,-69.59832183390274,0.20210030865557577
intermediate,26.900000000000002,-68.04628244028693,-68.27354900474789,-69.59772755047537,0.20142776249933447
intermediate,26.910000000000004,-68.04757832870045,-68.27409302271724,-69.59713407633093,0.20075745443118892
intermediate,26.92,-68.04887424323192,-68.27463955443876,-69.59654141214105,0.20008937700327187
intermediate,26.930000000000003,-68.05017017746158,-68.27518858524063,-69.59594955856878,0.1994235227925013
intermediate,26.94,-68.05146612500164,-68.27574010051063,-69.59535851626865,0.19875988440049702
intermediate,26.950000000000003,-68.05276207949629,-68.276294085696,-69.59476828588666,0.1980984544534992
intermediate,26.96,-68.05405803462146,-68.2768505263032,-69.59417886806041,0.1974392256022857
intermediate,26.970000000000002,-68.05535398408477,-68.27740940789772,-69.59359026341903,0.19678219052209125
intermediate,26.98,-68.05664992162536,-68.27797071610378,-69.59300247258331,0.19612734191252518
intermediate,26.990000000000002,-68.05794584101379,-68.27853443660419,-69.59241549616567,0.19547467249749093
intermediate,27.000000000000004,-68.0592417360519,-68.27910055514008,-69.59182933477027,0.19482417502510535
intermediate,27.01,-68.06053760057272,-68.27966905751079,-69.59124398899296,0.1941758422676176
intermediate,27.020000000000003,-68.06183342844028,-68.28023992957351,-69.5906594594214,0.19352966702132882
intermediate,27.03,-68.06312921354962,-68.28081315724317,-69.59007574663508,0.19288564210651268
intermediate,27.040000000000003,-68.06442494982653,-68.2813887264922,-69.5894928512053,0.192243760367335
intermediate,27.05,-68.06572063122748,-68.28196662335031,-69.5889107736953,0.19160401467177487
intermediate,27.060000000000002,-68.06701625173956,-68.28254683390432,-69.58832951466022,0.19096639791154466
intermediate,27.070000000000004,-68.06831180538028,-68.28312934429786,-69.58774907464718,0.19033090300201158
intermediate,27.080000000000002,-68.06960728619748,-68.28371414073128,-69.5871694541953,0.18969752288211936
intermediate,27.090000000000003,-68.07090268826921,-68.28430120946135,-69.5865906538358,0.18906625051430845
intermediate,27.1,-68.07219800570363,-68.28489053680104,-69.58601267409188,0.18843707888443917
intermediate,27.110000000000003,-68.07349323263885,-68.28548210911947,-69.58543551547893,0.18781000100171294
intermediate,27.12,-68.07478836324292,-68.28607591284151,-69.58485917850452,0.1871850098985953
intermediate,27.130000000000003,-68.07608339171355,-68.28667193444765,-69.58428366366832,0.1865620986307377
intermediate,27.14,-68.07737831227811,-68.28727016047387,-69.5837089714623,0.1859412602769011
intermediate,27.150000000000002,-68.0786731191935,-68.28787057751128,-69.5831351023707,0.18532248793887876
intermediate,27.160000000000004,-68.07996780674598,-68.28847317220607,-69.58256205687005,0.18470577474141905
intermediate,27.17,-68.08126236925115,-68.28907793125924,-69.58198983542923,0.18409111383215046
intermediate,27.180000000000003,-68.0825568010537,-68.28968484142636,-69.58141843850946,0.1834784983815041
intermediate,27.19,-68.0838510965275,-68.29029388951747,-69.58084786656441,0.18286792158263804
intermediate,27.200000000000003,-68.08514525007526,-68.29090506239679,-69.58027812004022,0.18225937665136258
intermediate,27.21,-68.0864392561285,-68.29151834698254,-69.57970919937546,0.18165285682606366
intermediate,27.220000000000002,-68.08773310914754,-68.29213373024673,-69.57914110500127,0.18104835536762887
intermediate,27.23,-68.08902680362125,-68.29275119921506,-69.57857383734132,0.18044586555937153
intermediate,27.240000000000006,-68.09032033406699,-68.29337074096658,-69.57800739681187,0.17984538070695671
intermediate,27.250000000000004,-68.09161369503059,-68.29399234263364,-69.57744178382183,0.17924689413832728
intermediate,27.26,-68.09290688108602,-68.29461599140153,-69.57687699877276,0.1786503992036283
intermediate,27.270000000000003,-68.09419988683544,-68.2952416745084,-69.57631304205889,0.1780558892751347
intermediate,27.28,-68.09549270690917,-68.29586937924506,-69.57574991406723,0.17746335774717648
intermediate,27.290000000000003,-68.0967853359653,-68.29649909295473,-69.57518761517754,0.1768727980360662
intermediate,27.3,-68.09807776868986,-68.2971308030329,-69.57462614576241,0.1762842035800254
intermediate,27.310000000000002,-68.09936999979656,-68.2977644969271,-69.5740655061872,0.1756975678391114
intermediate,27.32,-68.10066202402676,-68.29840016213677,-69.5735056968102,0.1751128842951455
intermediate,27.330000000000002,-68.10195383614925,-68.29903778621295,-69.5729467179826,0.17453014645163942
intermediate,27.340000000000003,-68.10324543096026,-68.29967735675821,-69.57238857004852,0.17394934783372443
intermediate,27.35,-68.10453680328334,-68.30031886142643,-69.57183125334504,0.17337048198807822
intermediate,27.360000000000003,-68.10582794796912,-68.30096228792254,-69.57127476820227,0.1727935424828538
intermediate,27.37,-68.10711885989538,-68.30160762400243,-69.57071911494334,0.17221852290760803
intermediate,27.380000000000003,-68.10840953396685,-68.3022548574727,-69.57016429388452,0.17164541687323004
intermediate,27.39,-68.10969996511513,-68.30290397619054,-69.56961030533509,0.17107421801187078
intermediate,27.400000000000002,-68.11099014829853,-68.3035549680634,-69.56905714959755,0.1705049199768718
intermediate,27.410000000000004,-68.11228007850205,-68.30420782104899,-69.56850482696757,0.16993751644269486
intermediate,27.42,-68.11356975073723,-68.30486252315494,-69.56795333773398,0.1693720011048521
intermediate,27.430000000000003,-68.11485916004197,-68.30551906243876,-69.56740268217888,0.16880836767983523
intermediate,27.44,-68.11614830148065,-68.30617742700747,-69.56685286057767,0.168246609905046
intermediate,27.450000000000003,-68.11743717014376,-68.30683760501762,-69.56630387319899,0.16768672153872705
intermediate,27.46,-68.11872576114794,-68.30749958467494,-69.5657557203049,0.16712869635989178
intermediate,27.470000000000002,-68.12001406963587,-68.30816335423428,-69.56520840215082,0.16657252816825605
intermediate,27.48,-68.12130209077618,-68.30882890199936,-69.56466191898551,0.1660182107841686
intermediate,27.490000000000002,-68.12258981976326,-68.30949621632261,-69.56411627105123,0.16546573804854284
intermediate,27.500000000000004,-68.12387725181723,-68.31016528560498,-69.56357145858371,0.16491510382278804
intermediate,27.51,-68.12516438218385,-68.31083609829577,-69.5630274818121,0.16436630198874183
intermediate,27.520000000000003,-68.12645120613435,-68.31150864289243,-69.56248434095923,0.1638193264486013
intermediate,27.53,-68.12773771896545,-68.3121829079405,-69.56194203624133,0.1632741711248557
intermediate,27.540000000000003,-68.12902391599906,-68.3128588820332,-69.56140056786838,0.16273082996021915
intermediate,27.55,-68.13030979258242,-68.31353655381149,-69.56085993604387,0.16218929691756273
intermediate,27.560000000000002,-68.1315953440878,-68.31421591196373,-69.56032014096502,0.16164956597984806
intermediate,27.57,-68.13288056591254,-68.31489694522561,-69.55978118282269,0.16111163115005994
intermediate,27.580000000000005,-68.13416545347883,-68.31557964237989,-69.55924306180151,0.1605754864511399
intermediate,27.590000000000003,-68.1354500022337,-68.3162639922563,-69.55870577807987,0.1600411259259202
intermediate,27.6,-68.1367342076489,-68.31694998373132,-69.55816933182986,0.1595085436370568
intermediate,27.610000000000003,-68.13801806522079,-68.31763760572804,-69.55763372321748,0.15897773366696394
intermediate,27.62,-68.13930157047028,-68.31832684721593,-69.55709895240251,0.1584486901177484
intermediate,27.630000000000003,-68.14058471894263,-68.31901769721077,-69.55656501953867,0.15792140711114366
intermediate,27.64,-68.1418675062075,-68.31971014477436,-69.5560319247735,0.15739587878844505
intermediate,27.650000000000002,-68.14314992785872,-68.32040417901445,-69.55549966824859,0.15687209931044402
intermediate,27.66,-68.14443197951428,-68.32109978908444,-69.55496825009936,0.15635006285736405
intermediate,27.670000000000005,-68.14571365681618,-68.32179696418343,-69.55443767045534,0.15582976362879508
intermediate,27.680000000000003,-68.14699495543037,-68.3224956935558,-69.55390792944004,0.1553111958436301
intermediate,27.69,-68.14827587104668,-68.32319596649121,-69.55337902717103,0.15479435373999997
intermediate,27.700000000000003,-68.1495563993786,-68.32389777232439,-69.55285096375997,0.15427923157520984
intermediate,27.71,-68.15083653616338,-68.32460110043496,-69.5523237393126,0.15376582362567542
intermediate,27.720000000000002,-68.15211627716175,-68.32530594024726,-69.55179735392889,0.153254124186859
intermediate,27.73,-68.15339561815794,-68.32601228123018,-69.5512718077029,0.1527441275732067
intermediate,27.740000000000002,-68.15467455495956,-68.32672011289705,-69.55074710072294,0.15223582811808453
intermediate,27.750000000000004,-68.15595308339742,-68.32742942480537,-69.55022323307153,0.15172922017371598
intermediate,27.760000000000005,-68.1572311993256,-68.32814020655681,-69.54970020482548,0.15122429811111934
intermediate,27.770000000000003,-68.15850889862125,-68.32885244779682,-69.54917801605586,0.15072105632004476
intermediate,27.78,-68.15978617718451,-68.3295661382147,-69.54865666682808,0.15021948920891173
intermediate,27.790000000000003,-68.16106303093844,-68.33028126754326,-69.54813615720187,0.14971959120474787
intermediate,27.8,-68.16233945582889,-68.33099782555878,-69.54761648723138,0.14922135675312595
intermediate,27.810000000000002,-68.16361544782447,-68.33171580208077,-69.54709765696514,0.1487247803181031
intermediate,27.82,-68.16489100291635,-68.33243518697182,-69.54657966644609,0.14822985638215838
intermediate,27.830000000000002,-68.16616611711834,-68.33315597013753,-69.54606251571167,0.14773657944613242
intermediate,27.840000000000003,-68.16744078646667,-68.33387814152621,-69.54554620479381,0.14724494402916538
intermediate,27.850000000000005,-68.16871500701988,-68.33460169112881,-69.54503073371895,0.14675494466863712
intermediate,27.860000000000003,-68.16998877485885,-68.33532660897876,-69.54451610250803,0.14626657592010547
intermediate,27.87,-68.17126208608657,-68.33605288515176,-69.54400231117663,0.14577983235724626
intermediate,27.880000000000003,-68.17253493682821,-68.33678050976567,-69.54348935973492,0.14529470857179305
intermediate,27.89,-68.17380732323087,-68.33750947298036,-69.54297724818765,0.14481119917347668
intermediate,27.900000000000002,-68.17507924146358,-68.33823976499751,-69.54246597653429,0.14432929878996592
intermediate,27.91,-68.17635068771727,-68.33897137606047,-69.54195554476891,0.14384900206680745
intermediate,27.920000000000005,-68.1776216582045,-68.33970429645417,-69.54144595288041,0.1433703036673661
intermediate,27.930000000000003,-68.17889214915957,-68.34043851650486,-69.5409372008523,0.14289319827276642
intermediate,27.94,-68.18016215683828,-68.34117402658,-69.54042928866295,0.14241768058183255
intermediate,27.950000000000003,-68.18143167751793,-68.34191081708815,-69.53992221628548,0.1419437453110299
intermediate,27.96,-68.18270070749725,-68.34264887847876,-69.53941598368783,0.14147138719440644
intermediate,27.970000000000002,-68.18396924309624,-68.343388201242,-69.53891059083278,0.14100060098353395
intermediate,27.98,-68.18523728065611,-68.34412877590874,-69.53840603767802,0.14053138144745
intermediate,27.990000000000002,-68.1865048165392,-68.3448705930502,-69.53790232417606,0.14006372337259945
intermediate,28.0,-68.18777184712894,-68.34561364327799,-69.53739945027444,0.13959762156277697
intermediate,28.010000000000005,-68.18903836882969,-68.34635791724378,-69.53689741591553,0.13913307083906873
intermediate,28.020000000000003,-68.19030437806667,-68.34710340563933,-69.5363962210368,0.13867006603979573
intermediate,28.03,-68.19156987128595,-68.34785009919625,-69.53589586557064,0.1382086020204556
intermediate,28.040000000000003,-68.19283484495426,-68.34859798868582,-69.53539634944448,0.13774867365366558
intermediate,28.05,-68.19409929555901,-68.34934706491889,-69.53489767258085,0.13729027582910608
intermediate,28.060000000000002,-68.19536321960808,-68.35009731874572,-69.5343998348973,0.13683340345346334
intermediate,28.07,-68.19662661362982,-68.35084874105584,-69.53390283630652,0.13637805145037307
intermediate,28.080000000000002,-68.19788947417304,-68.35160132277791,-69.53340667671631,0.13592421476036412
intermediate,28.090000000000003,-68.19915179780672,-68.35235505487954,-69.53291135602969,0.1354718883408018
intermediate,28.100000000000005,-68.20041358112016,-68.35310992836718,-69.53241687414476,0.13502106716583287
intermediate,28.110000000000003,-68.2016748207227,-68.35386593428595,-69.53192323095489,0.1345717462263286
intermediate,28.12,-68.20293551324383,-68.35462306371956,-69.53143042634869,0.13412392052982938
intermediate,28.130000000000003,-68.20419565533287,-68.35538130779004,-69.53093846021004,0.13367758510048997
intermediate,28.14,-68.20545524365916,-68.35614065765772,-69.53044733241805,0.13323273497902305
intermediate,28.150000000000002,-68.20671427491176,-68.35690110452101,-69.52995704284713,0.1327893652226453
intermediate,28.16,-68.20797274579945,-68.35766263961635,-69.5294675913671,0.13234747090502152
intermediate,28.17,-68.20923065305072,-68.35842525421789,-69.52897897784308,0.13190704711621046
intermediate,28.180000000000003,-68.21048799341357,-68.35918893963759,-69.52849120213557,0.1314680889626098
intermediate,28.190000000000005,-68.21174476365547,-68.35995368722486,-69.52800426410052,0.13103059156690278
intermediate,28.200000000000003,-68.2130009605633,-68.36071948836654,-69.52751816358924,0.1305945500680025
intermediate,28.21,-68.21425658094334,-68.36148633448676,-69.52703290044856,0.13015995962099922
intermediate,28.220000000000002,-68.21551162162098,-68.36225421704673,-69.52654847452077,0.12972681539710562
intermediate,28.23,-68.21676607944087,-68.36302312754468,-69.52606488564363,0.12929511258360393
intermediate,28.240000000000002,-68.21801995126677,-68.36379305751566,-69.5255821336505,0.12886484638379173
intermediate,28.25,-68.21927323398135,-68.36456399853147,-69.52510021837017,0.1284360120169292
intermediate,28.260000000000005,-68.22052592448632,-68.36533594220043,-69.52461913962715,0.12800860471818556
intermediate,28.270000000000003,-68.22177801970219,-68.36610888016732,-69.52413889724143,0.12758261973858676
intermediate,28.280000000000005,-68.2230295165682,-68.36688280411322,-69.5236594910287,0.127158052344962
intermediate,28.290000000000003,-68.22428041204243,-68.36765770575538,-69.52318092080021,0.1267348978198914
intermediate,28.3,-68.22553070310141,-68.36843357684705,-69.52270318636299,0.1263131514616538
intermediate,28.310000000000002,-68.22678038674037,-68.36921040917738,-69.52222628751967,0.12589280858417423
intermediate,28.32,-68.2280294599729,-68.36998819457132,-69.52175022406864,0.12547386451697215
intermediate,28.330000000000002,-68.22927791983109,-68.37076692488937,-69.52127499580402,0.12505631460510908
intermediate,28.34,-68.23052576336525,-68.3715465920276,-69.52080060251566,0.12464015420913742
intermediate,28.350000000000005,-68.23177298764395,-68.37232718791736,-69.52032704398927,0.12422537870504832
intermediate,28.360000000000003,-68.23301958975404,-68.3731087045253,-69.51985432000626,0.12381198348422129
intermediate,28.370000000000005,-68.2342655668003,-68.37389113385308,-69.51938243034397,0.1233999639533716
intermediate,28.380000000000003,-68.23551091590568,-68.37467446793742,-69.51891137477554,0.12298931553450045
intermediate,28.39,-68.236755634211,-68.3754586988498,-69.51844115306999,0.12258003366484331
intermediate,28.400000000000002,-68.23799971887496,-68.37624381869642,-69.51797176499225,0.1221721137968198
intermediate,28.41,-68.23924316707405,-68.37702981961804,-69.51750321030315,0.1217655513979827
intermediate,28.42,-68.24048597600253,-68.3778166937899,-69.51703548875946,0.121360341950968
intermediate,28.430000000000003,-68.24172814287225,-68.37860443342147,-69.51656860011393,0.12095648095344418
intermediate,28.440000000000005,-68.24296966491269,-68.37939303075649,-69.51610254411533,0.12055396391806297
intermediate,28.450000000000003,-68.24421053937084,-68.3801824780727,-69.51563732050838,0.12015278637240871
intermediate,28.460000000000004,-68.24545076351107,-68.38097276768181,-69.51517292903384,0.11975294385894895
intermediate,28.470000000000002,-68.24669033461517,-68.38176389192925,-69.51470936942854,0.11935443193498514
intermediate,28.48,-68.24792924998219,-68.38255584319423,-69.51424664142542,0.11895724617260278
intermediate,28.490000000000002,-68.24916750692842,-68.38334861388938,-69.51378474475344,0.11856138215862289
intermediate,28.5,-68.25040510278728,-68.38414219646086,-69.5133236791377,0.11816683549455219
intermediate,28.51,-68.25164203490925,-68.38493658338807,-69.51286344429947,0.11777360179653494
intermediate,28.520000000000003,-68.2528783006619,-68.38573176718359,-69.51240403995615,0.11738167669530372
intermediate,28.530000000000005,-68.25411389742963,-68.38652774039303,-69.51194546582133,0.1169910558361314
intermediate,28.540000000000003,-68.25534882261378,-68.38732449559497,-69.51148772160481,0.1166017348787821
intermediate,28.55,-68.25658307363246,-68.38812202540069,-69.51103080701262,0.11621370949746346
intermediate,28.560000000000002,-68.2578166479205,-68.38892032245424,-69.51057472174699,0.11582697538077831
intermediate,28.57,-68.25904954292939,-68.38971937943215,-69.51011946550646,0.1154415282316771
intermediate,28.580000000000002,-68.26028175612721,-68.39051918904342,-69.50966503798585,0.11505736376740963
intermediate,28.59,-68.26151328499857,-68.39131974402935,-69.50921143887628,0.11467447771947806
intermediate,28.600000000000005,-68.26274412704448,-68.39212103716336,-69.5087586678652,0.11429286583358889
intermediate,28.610000000000003,-68.26397427978243,-68.39292306125104,-69.50830672463641,0.11391252386960635
intermediate,28.620000000000005,-68.26520374074612,-68.39372580912983,-69.50785560887009,0.11353344760150469
intermediate,28.630000000000003,-68.26643250748553,-68.39452927366902,-69.50740532024278,0.11315563281732145
intermediate,28.64,-68.26766057756687,-68.39533344776966,-69.50695585842746,0.11277907531911076
intermediate,28.650000000000002,-68.26888794857238,-68.39613832436427,-69.50650722309352,0.1124037709228965
intermediate,28.66,-68.27011461810041,-68.3969438964169,-69.50605941390684,0.11202971545862601
intermediate,28.67,-68.27134058376524,-68.39775015692295,-69.5056124305297,0.11165690477012372
intermediate,28.68,-68.27256584319704,-68.39855709890901,-69.50516627262093,0.1112853347150447
intermediate,28.690000000000005,-68.27379039404192,-68.39936471543278,-69.50472093983582,0.11091500116482897
intermediate,28.700000000000003,-68.27501423396164,-68.400172999583,-69.50427643182628,0.11054590000465571
intermediate,28.710000000000004,-68.27623736063376,-68.40098194447923,-69.50383274824071,0.11017802713339701
intermediate,28.720000000000002,-68.27745977175147,-68.40179154327181,-69.50338988872404,0.10981137846357279
intermediate,28.73,-68.2786814650235,-68.4026017891417,-69.50294785291786,0.10944594992130512
intermediate,28.740000000000002,-68.27990243817413,-68.40341267530043,-69.50250664046034,0.10908173744627322
intermediate,28.75,-68.28112268894309,-68.40422419498985,-69.5020662509863,0.10871873699166798
intermediate,28.76,-68.28234221508542,-68.40503634148222,-69.50162668412719,0.10835694452414739
intermediate,28.770000000000003,-68.28356101437163,-68.40584910807989,-69.5011879395111,0.10799635602379125
intermediate,28.780000000000005,-68.2847790845873,-68.40666248811532,-69.50075001676286,0.10763696748405722
intermediate,28.790000000000003,-68.28599642353339,-68.40747647495091,-69.500312915504,0.10727877491173549
intermediate,28.800000000000004,-68.2872130290258,-68.40829106197889,-69.49987663535273,0.10692177432690499
intermediate,28.810000000000002,-68.28842889889566,-68.40910624262123,-69.49944117592403,0.10656596176288881
intermediate,28.82,-68.28964403098898,-68.40992201032952,-69.49900653682967,0.10621133326621045
intermediate,28.830000000000002,-68.29085842316678,-68.41073835858484,-69.49857271767816,0.10585788489654958
intermediate,28.84,-68.2920720733049,-68.41155528089763,-69.49813971807485,0.10550561272669853
intermediate,28.85,-68.29328497929404,-68.41237277080768,-69.49770753762188,0.10515451284251837
intermediate,28.860000000000003,-68.29449713903958,-68.41319082188387,-69.49727617591826,0.10480458134289564
intermediate,28.870000000000005,-68.29570855046167,-68.4140094277242,-69.49684563255981,0.10445581433969922
intermediate,28.880000000000003,-68.29691921149502,-68.41482858195556,-69.49641590713925,0.10410820795773641
intermediate,28.890000000000004,-68.29812912008894,-68.41564827823372,-69.49598699924623,0.1037617583347106
intermediate,28.900000000000002,-68.2993382742072,-68.41646851024316,-69.49555890846723,0.1034164616211779
intermediate,28.91,-68.30054667182807,-68.417289271697,-69.49513163438573,0.1030723139805047
intermediate,28.92,-68.30175431094415,-68.41811055633686,-69.49470517658213,0.10272931158882471
intermediate,28.93,-68.3029611895624,-68.41893235793273,-69.4942795346338,0.10238745063499682
intermediate,28.940000000000005,-68.3041673057039,-68.41975467028293,-69.49385470811512,0.10204672732056225
intermediate,28.950000000000003,-68.30537265740415,-68.42057748721395,-69.49343069659746,0.10170713785970324
intermediate,28.960000000000004,-68.30657724271262,-68.42140080258038,-69.49300749964917,0.10136867847919988
intermediate,28.970000000000002,-68.30778105969291,-68.42222461026479,-69.49258511683567,0.10103134541838898
intermediate,28.980000000000004,-68.30898410642264,-68.42304890417756,-69.49216354771946,0.10069513492912187
intermediate,28.990000000000002,-68.31018638099336,-68.42387367825691,-69.49174279186009,0.10036004327572308
intermediate,29.0,-68.31138788151051,-68.42469892646864,-69.49132284881418,0.1000260667349485
intermediate,29.01,-68.31258860609346,-68.42552464280615,-69.4909037181355,0.09969320159594433
intermediate,29.02,-68.31378855287525,-68.4263508212903,-69.49048539937493,0.09936144416020554
intermediate,29.030000000000005,-68.31498772000265,-68.42717745596923,-69.49006789208046,0.09903079074153492
intermediate,29.040000000000003,-68.31618610563619,-68.42800454091837,-69.48965119579731,0.09870123766600242
intermediate,29.050000000000004,-68.31738370794989,-68.42883207024026,-69.48923531006783,0.09837278127190366
intermediate,29.060000000000002,-68.31858052513138,-68.4296600380645,-69.48882023443157,0.09804541790971986
intermediate,29.070000000000004,-68.31977655538172,-68.43048843854757,-69.48840596842531,0.09771914394207686
intermediate,29.080000000000002,-68.32097179691552,-68.43131726587282,-69.48799251158306,0.09739395574370512
intermediate,29.09,-68.32216624796057,-68.43214651425026,-69.48757986343604,0.097069849701399
intermediate,29.1,-68.32335990675817,-68.43297617791661,-69.48716802351278,0.09674682221397697
intermediate,29.110000000000003,-68.32455277156276,-68.43380625113508,-69.48675699133905,0.09642486969224123
intermediate,29.120000000000005,-68.32574484064203,-68.43463672819524,-69.48634676643795,0.09610398855893859
intermediate,29.130000000000003,-68.32693611227681,-68.43546760341309,-69.48593734832987,0.09578417524871957
intermediate,29.140000000000004,-68.328126584761,-68.4362988711307,-69.48552873653257,0.0954654262080998
intermediate,29.150000000000002,-68.32931625640151,-68.4371305257164,-69.48512093056112,0.09514773789541986
intermediate,29.16,-68.3305051255183,-68.43796256156445,-69.48471392992795,0.09483110678080646
intermediate,29.17,-68.3316931904442,-68.43879497309507,-69.48430773414286,0.09451552934613273
intermediate,29.18,-68.33288044952488,-68.43962775475427,-69.48390234271312,0.09420100208497963
intermediate,29.19,-68.33406690111889,-68.44046090101382,-69.48349775514332,0.09388752150259645
intermediate,29.200000000000003,-68.33525254359749,-68.44129440637109,-69.48309397093553,0.09357508411586235
intermediate,29.210000000000004,-68.33643737534464,-68.44212826534897,-69.48269098958924,0.09326368645324783
intermediate,29.220000000000002,-68.33762139475695,-68.4429624724958,-69.48228881060143,0.09295332505477549
intermediate,29.230000000000004,-68.3388046002436,-68.4437970223852,-69.48188743346655,0.09264399647198222
intermediate,29.240000000000002,-68.3399869902264,-68.44463190961608,-69.48148685767653,0.09233569726788052
intermediate,29.25,-68.3411685631395,-68.44546712881251,-69.4810870827208,0.09202842401692062
intermediate,29.26,-68.34234931742958,-68.44630267462351,-69.48068810808633,0.09172217330495197
intermediate,29.27,-68.34352925155565,-68.44713854172312,-69.48028993325764,0.09141694172918585
intermediate,29.280000000000005,-68.34470836398908,-68.4479747248102,-69.47989255771678,0.09111272589815707
intermediate,29.290000000000003,-68.34588665321344,-68.44881121860836,-69.47949598094337,0.09080952243168676
intermediate,29.300000000000004,-68.34706411772456,-68.44964801786588,-69.47910020241467,0.09050732796084428
intermediate,29.310000000000002,-68.34824075603042,-68.45048511735561,-69.47870522160547,0.09020613912791027
intermediate,29.320000000000004,-68.34941656665116,-68.45132251187488,-69.47831103798823,0.08990595258633893
intermediate,29.330000000000002,-68.3505915481189,-68.45216019624539,-69.47791765103302,0.08960676500072126
intermediate,29.34,-68.35176569897776,-68.4529981653131,-69.47752506020755,0.0893085730467476
intermediate,29.35,-68.3529390177839,-68.45383641394818,-69.47713326497723,0.08901137341117102
intermediate,29.36,-68.35411150310532,-68.45467493704494,-69.4767422648051,0.0887151627917702
intermediate,29.370000000000005,-68.35528315352184,-68.45551372952163,-69.47635205915192,0.08841993789731299
intermediate,29.380000000000003,-68.35645396762509,-68.45635278632044,-69.47596264747617,0.08812569544751991
intermediate,29.390000000000004,-68.35762394401853,-68.45719210240738,-69.47557402923404,0.08783243217302723
intermediate,29.400000000000002,-68.35879308131719,-68.45803167277221,-69.47518620387947,0.08754014481535122
intermediate,29.410000000000004,-68.35996137814783,-68.4588714924283,-69.47479917086413,0.08724883012685145
intermediate,29.42,-68.36112883314875,-68.45971155641257,-69.47441292963748,0.08695848487069507
intermediate,29.43,-68.3622954449698,-68.46055185978544,-69.47402747964676,0.0866691058208208
intermediate,29.44,-68.36346121227236,-68.46139239763068,-69.47364282033698,0.08638068976190279
intermediate,29.450000000000003,-68.36462613372922,-68.4622331650553,-69.47325895115101,0.08609323348931511
intermediate,29.460000000000004,-68.36579020802453,-68.46307415718954,-69.47287587152952,0.08580673380909647
intermediate,29.470000000000002,-68.36695343385385,-68.46391536918672,-69.472493580911,0.08552118753791395
intermediate,29.480000000000004,-68.36811580992399,-68.4647567962232,-69.47211207873187,0.08523659150302837
intermediate,29.490000000000002,-68.36927733495297,-68.46559843349823,-69.47173136442632,0.08495294254225856
intermediate,29.500000000000004,-68.37043800767006,-68.46644027623388,-69.47135143742648,0.08467023750394652
intermediate,29.51,-68.37159782681566,-68.46728231967504,-69.4709722971624,0.08438847324692222
intermediate,29.52,-68.37275679114121,-68.46812455908918,-69.47059394306197,0.08410764664046888
intermediate,29.53,-68.37391489940927,-68.46896698976639,-69.47021637455109,0.08382775456428787
intermediate,29.540000000000003,-68.37507215039335,-68.4698096070192,-69.46983959105354,0.08354879390846436
intermediate,29.550000000000004,-68.37622854287795,-68.47065240618261,-69.46946359199111,0.08327076157343273
intermediate,29.560000000000002,-68.37738407565838,-68.47149538261384,-69.4690883767835,0.08299365446994196
intermediate,29.570000000000004,-68.37853874754093,-68.4723385316924,-69.46871394484842,0.08271746951902129
intermediate,29.580000000000002,-68.3796925573426,-68.47318184881993,-69.46834029560158,0.08244220365194631
intermediate,29.590000000000003,-68.38084550389114,-68.47402532942013,-69.46796742845667,0.08216785381020443
intermediate,29.6,-68.38199758602507,-68.47486896893861,-69.46759534282549,0.08189441694546137
intermediate,29.61,-68.38314880259354,-68.47571276284293,-69.46722403811773,0.08162189001952681
intermediate,29.620000000000005,-68.3842991524563,-68.47655670662245,-69.46685351374131,0.08135027000432103
intermediate,29.630000000000003,-68.38544863448367,-68.4774007957882,-69.46648376910204,0.08107955388184118
intermediate,29.640000000000004,-68.38659724755655,-68.47824502587288,-69.46611480360394,0.08080973864412747
intermediate,29.650000000000002,-68.38774499056623,-68.47908939243071,-69.46574661664907,0.08054082129323004
intermediate,29.660000000000004,-68.38889186241447,-68.4799338910374,-69.46537920763758,0.08027279884117557
intermediate,29.67,-68.3900378620134,-68.48077851729005,-69.46501257596775,0.08000566830993407
intermediate,29.680000000000003,-68.39118298828551,-68.481623266807,-69.46464672103602,0.0797394267313857
intermediate,29.69,-68.3923272401635,-68.48246813522789,-69.46428164223691,0.07947407114728809
intermediate,29.7,-68.3934706165904,-68.4833131182134,-69.4639173389632,0.07920959860924302
intermediate,29.710000000000004,-68.39461311651941,-68.48415821144535,-69.46355381060575,0.078946006178664
intermediate,29.720000000000002,-68.39575473891387,-68.48500341062648,-69.4631910565536,0.07868329092674366
intermediate,29.730000000000004,-68.39689548274724,-68.48584871148044,-69.46282907619405,0.07842144993442089
intermediate,29.740000000000002,-68.39803534700303,-68.48669410975171,-69.46246786891258,0.07816048029234861
intermediate,29.750000000000004,-68.39917433067475,-68.48753960120543,-69.46210743409289,0.07790037910086148
intermediate,29.76,-68.40031243276596,-68.48838518162746,-69.46174777111689,0.07764114346994352
intermediate,29.77,-68.40144965229004,-68.4892308468242,-69.46138887936479,0.07738277051919627
intermediate,29.78,-68.40258598827032,-68.49007659262249,-69.46103075821503,0.07712525737780639
intermediate,29.790000000000003,-68.40372143973993,-68.49092241486966,-69.46067340704433,0.07686860118451412
intermediate,29.800000000000004,-68.40485600574182,-68.49176830943334,-69.46031682522768,0.07661279908758147
intermediate,29.810000000000002,-68.40598968532872,-68.49261427220138,-69.4599610121384,0.07635784824476016
intermediate,29.820000000000004,-68.407122477563,-68.49346029908183,-69.45960596714808,0.0761037458232605
intermediate,29.830000000000002,-68.40825438151671,-68.49430638600285,-69.45925168962665,0.07585048899971956
intermediate,29.840000000000003,-68.40938539627153,-68.49515252891256,-69.45889817894243,0.07559807496017013
intermediate,29.85,-68.41051552091878,-68.49599872377907,-69.45854543446201,0.07534650090000905
intermediate,29.86,-68.41164475455919,-68.49684496659032,-69.45819345555034,0.07509576402396653
intermediate,29.87,-68.41277309630308,-68.49769125335406,-69.45784224157082,0.07484586154607457
intermediate,29.880000000000003,-68.41390054527017,-68.49853758009772,-69.45749179188513,0.0745967906896364
intermediate,29.890000000000004,-68.4150271005896,-68.49938394286836,-69.45714210585345,0.07434854868719565
intermediate,29.900000000000002,-68.41615276139984,-68.50023033773262,-69.4567931828343,0.07410113278050522
intermediate,29.910000000000004,-68.41727752684875,-68.50107676077656,-69.45644502218465,0.0738545402204969
intermediate,29.92,-68.41840139609337,-68.50192320810571,-69.45609762325988,0.07360876826725084
intermediate,29.930000000000003,-68.41952436830007,-68.50276967584486,-69.45575098541384,0.07336381418996502
intermediate,29.94,-68.42064644264438,-68.5036161601381,-69.45540510799883,0.07311967526692499
intermediate,29.95,-68.42176761831095,-68.50446265714866,-69.4550599903656,0.0728763487854735
intermediate,29.960000000000004,-68.42288789449361,-68.50530916305891,-69.45471563186337,0.0726338320419804
intermediate,29.970000000000002,-68.42400727039515,-68.5061556740702,-69.45437203183991,0.0723921223418129
intermediate,29.980000000000004,-68.42512574522749,-68.50700218640284,-69.45402918964143,0.07215121699930506
intermediate,29.990000000000002,-68.42624331821152,-68.50784869629605,-69.4536871046127,0.0719111133377284
intermediate,30.000000000000004,-68.42735998857705,-68.50869520000779,-69.45334577609698,0.07167180868926194
intermediate,30.01,-68.42847575556279,-68.50954169381482,-69.45300520343609,0.07143330039496276
intermediate,30.020000000000003,-68.4295906184163,-68.5103881740125,-69.45266538597039,0.07119558580473619
intermediate,30.03,-68.43070457639405,-68.51123463691484,-69.4523263230388,0.07095866227730656
intermediate,30.04,-68.43181762876121,-68.51208107885427,-69.45198801397882,0.07072252718018783
intermediate,30.050000000000004,-68.43292977479172,-68.5129274961817,-69.45165045812654,0.07048717788965418
intermediate,30.060000000000002,-68.43404101376822,-68.51377388526647,-69.45131365481662,0.0702526117907112
intermediate,30.070000000000004,-68.43515134498205,-68.51462024249611,-69.45097760338233,0.07001882627706645
intermediate,30.080000000000002,-68.4362607677331,-68.51546656427642,-69.45064230315556,0.06978581875110067
intermediate,30.090000000000003,-68.43736928132994,-68.51631284703137,-69.45030775346684,0.06955358662383898
intermediate,30.1,-68.43847688508957,-68.51715908720297,-69.44997395364535,0.06932212731492197
intermediate,30.110000000000003,-68.43958357833762,-68.51800528125126,-69.44964090301889,0.06909143825257726
intermediate,30.12,-68.44068936040806,-68.51885142565422,-69.44930860091392,0.06886151687359059
intermediate,30.130000000000003,-68.44179423064342,-68.5196975169077,-69.44897704665557,0.06863236062327752
intermediate,30.140000000000004,-68.44289818839452,-68.52054355152534,-69.44864623956768,0.06840396695545536
intermediate,30.150000000000002,-68.4440012330206,-68.5213895260385,-69.44831617897276,0.06817633333241421
intermediate,30.160000000000004,-68.44510336388915,-68.52223543699623,-69.44798686419205,0.06794945722488925
intermediate,30.17,-68.44620458037598,-68.52308128096513,-69.44765829454545,0.06772333611203254
intermediate,30.180000000000003,-68.4473048818651,-68.52392705452934,-69.44733046935166,0.06749796748138491
intermediate,30.19,-68.44840426774871,-68.52477275429044,-69.44700338792806,0.0672733488288482
intermediate,30.200000000000003,-68.44950273742727,-68.52561837686741,-69.44667704959079,0.06704947765865718
intermediate,30.21,-68.45060029030924,-68.52646391889654,-69.44635145365476,0.06682635148335224
intermediate,30.220000000000002,-68.45169692581119,-68.52730937703134,-69.44602659943362,0.06660396782375119
intermediate,30.230000000000004,-68.45279264335782,-68.52815474794257,-69.44570248623984,0.06638232420892237
intermediate,30.240000000000002,-68.45388744238173,-68.52900002831798,-69.44537911338463,0.0661614181761566
intermediate,30.250000000000004,-68.45498132232359,-68.52984521486249,-69.44505648017804,0.0659412472709401
intermediate,30.26,-68.4560742826319,-68.5306903042979,-69.44473458592888,0.06572180904692726
intermediate,30.270000000000003,-68.45716632276314,-68.53153529336299,-69.44441342994486,0.06550310106591328
intermediate,30.28,-68.45825744218166,-68.53238017881334,-69.44409301153242,0.06528512089780732
intermediate,30.290000000000003,-68.45934764035955,-68.53322495742131,-69.44377332999692,0.06506786612060517
intermediate,30.300000000000004,-68.46043691677679,-68.53406962597599,-69.44345438464252,0.0648513343203626
intermediate,30.310000000000002,-68.461525270921,-68.53491418128306,-69.44313617477228,0.06463552309116863
intermediate,30.320000000000004,-68.4626127022876,-68.53575862016486,-69.44281869968809,0.06442043003511842
intermediate,30.330000000000002,-68.46369921037972,-68.53660293946018,-69.44250195869074,0.06420605276228693
intermediate,30.340000000000003,-68.46478479470804,-68.53744713602428,-69.4421859510799,0.06399238889070226
intermediate,30.35,-68.46586945479088,-68.53829120672881,-69.44187067615418,0.06377943604631914
intermediate,30.360000000000003,-68.46695319015414,-68.53913514846172,-69.44155613321101,0.06356719186299271
intermediate,30.37,-68.46803600033128,-68.53997895812722,-69.44124232154684,0.06335565398245208
intermediate,30.38,-68.46911788486325,-68.54082263264571,-69.44092924045697,0.06314482005427417
intermediate,30.390000000000004,-68.47019884329845,-68.54166616895371,-69.4406168892357,0.06293468773585754
intermediate,30.400000000000002,-68.4712788751927,-68.54250956400384,-69.44030526717621,0.0627252546923966
intermediate,30.410000000000004,-68.47235798010927,-68.54335281476463,-69.43999437357074,0.06251651859685539
intermediate,30.42,-68.47343615761869,-68.54419591822062,-69.43968420771037,0.06230847712994173
intermediate,30.430000000000003,-68.47451340729896,-68.54503887137221,-69.43937476888527,0.06210112798008169
intermediate,30.44,-68.47558972873527,-68.54588167123559,-69.43906605638452,0.06189446884339361
intermediate,30.450000000000003,-68.47666512152006,-68.54672431484269,-69.43875806949622,0.061688497423662836
intermediate,30.46,-68.47773958525303,-68.54756679924115,-69.4384508075075,0.06148321143231583
intermediate,30.470000000000002,-68.4788131195411,-68.54840912149417,-69.43814426970447,0.061278608588395005
intermediate,30.480000000000004,-68.47988572399827,-68.54925127868061,-69.43783845537229,0.061074686618533436
intermediate,30.490000000000002,-68.48095739824572,-68.55009326789472,-69.43753336379513,0.06087144325692932
intermediate,30.500000000000004,-68.48202814191167,-68.55093508624626,-69.4372289942562,0.06066887624532094
intermediate,30.51,-68.48309795463143,-68.55177673086033,-69.43692534603782,0.06046698333296171
intermediate,30.520000000000003,-68.48416683604735,-68.55261819887735,-69.4366224184213,0.060265762276594914
intermediate,30.53,-68.48523478580871,-68.553459487453,-69.43632021068701,0.060065210840429005
intermediate,30.540000000000003,-68.48630180357173,-68.55430059375811,-69.43601872211451,0.059865326796112575
intermediate,30.55,-68.48736788899967,-68.55514151497871,-69.43571795198234,0.05966610792270981
intermediate,30.560000000000002,-68.48843304176253,-68.55598224831587,-69.43541789956814,0.059467552006675514
intermediate,30.570000000000004,-68.48949726153728,-68.55682279098562,-69.43511856414874,0.05926965684183093
intermediate,30.580000000000002,-68.4905605480076,-68.55766314021902,-69.43481994499999,0.05907242022933882
intermediate,30.590000000000003,-68.49162290086404,-68.55850329326199,-69.43452204139693,0.0588758399776792
intermediate,30.6,-68.49268431980391,-68.55934324737524,-69.4342248526137,0.05867991390262507
intermediate,30.610000000000003,-68.49374480453119,-68.56018299983431,-69.43392837792358,0.05848463982721799
intermediate,30.62,-68.49480435475658,-68.56102254792943,-69.433632616599,0.05829001558174403
intermediate,30.630000000000003,-68.49586297019744,-68.56186188896547,-69.43333756791161,0.05809603900370954
intermediate,30.640000000000004,-68.49692065057775,-68.56270102026194,-69.43304323113213,0.057902707937817176
intermediate,30.650000000000002,-68.4979773956281,-68.56353993915285,-69.43274960553052,0.0577100202359421
intermediate,30.660000000000004,-68.49903320508564,-68.56437864298668,-69.4324566903759,0.05751797375710785
intermediate,30.67,-68.50008807869402,-68.56521712912638,-69.4321644849366,0.05732656636746261
intermediate,30.680000000000003,-68.50114201620345,-68.56605539494925,-69.43187298848017,0.05713579594025571
intermediate,30.69,-68.50219501737054,-68.56689343784683,-69.43158220027328,0.056945660355813714
intermediate,30.700000000000003,-68.50324708195836,-68.567731255225,-69.43129211958195,0.0567561575015171
intermediate,30.71,-68.50429820973646,-68.56856884450379,-69.43100274567134,0.05656728527177663
intermediate,30.720000000000006,-68.50534840048061,-68.56940620311734,-69.43071407780583,0.05637904156800997
intermediate,30.730000000000004,-68.50639765397308,-68.57024332851394,-69.43042611524913,0.05619142429861863
intermediate,30.740000000000002,-68.50744597000238,-68.57108021815583,-69.43013885726413,0.05600443137896422
intermediate,30.750000000000004,-68.50849334836333,-68.57191686951927,-69.42985230311298,0.05581806073134579
intermediate,30.76,-68.5095397888569,-68.57275328009439,-69.42956645205716,0.055632310284976394
intermediate,30.770000000000003,-68.51058529129045,-68.57358944738519,-69.42928130335737,0.055447177975960306
intermediate,30.78,-68.51162985547741,-68.57442536890949,-69.42899685627363,0.05526266174726993
intermediate,30.790000000000003,-68.51267348123743,-68.5752610421988,-69.42871311006523,0.05507875954872307
intermediate,30.8,-68.5137161683962,-68.57609646479837,-69.42843006399077,0.05489546933696009
intermediate,30.810000000000002,-68.51475791678565,-68.57693163426707,-69.42814771730815,0.054712789075421105
intermediate,30.820000000000004,-68.5157987262437,-68.57776654817732,-69.4278660692746,0.05453071673432368
intermediate,30.830000000000002,-68.51683859661428,-68.5786012041151,-69.42758511914667,0.054349250290639896
intermediate,30.840000000000003,-68.51787752774739,-68.57943559967984,-69.42730486618024,0.054168387728074016
intermediate,30.85,-68.518915519499,-68.5802697324844,-69.42702530963054,0.05398812703704021
intermediate,30.860000000000003,-68.51995257173105,-68.58110360015499,-69.42674644875214,0.05380846621463999
intermediate,30.87,-68.52098868431135,-68.58193720033111,-69.426468282799,0.053629403264640226
intermediate,30.880000000000003,-68.5220238571136,-68.58277053066553,-69.42619081102437,0.05345093619745067
intermediate,30.890000000000004,-68.52305809001743,-68.58360358882423,-69.42591403268096,0.05327306303010205
intermediate,30.900000000000002,-68.52409138290825,-68.58443637248632,-69.4256379470208,0.053095781786224136
intermediate,30.910000000000004,-68.52512373567734,-68.585268879344,-69.42536255329533,0.05291909049602342
intermediate,30.92,-68.5261551482217,-68.58610110710255,-69.42508785075536,0.052742987196261526
intermediate,30.930000000000003,-68.52718562044409,-68.58693305348018,-69.42481383865115,0.05256746993023336
intermediate,30.94,-68.528215152253,-68.5877647162081,-69.42454051623234,0.0523925367477452
intermediate,30.950000000000003,-68.52924374356262,-68.58859609303033,-69.42426788274797,0.052218185705093276
intermediate,30.96,-68.53027139429278,-68.58942718170378,-69.42399593744655,0.05204441486504196
intermediate,30.970000000000002,-68.53129810436896,-68.59025797999811,-69.42372467957601,0.051871222296802376
intermediate,30.980000000000004,-68.53232387372228,-68.59108848569572,-69.4234541083837,0.05169860607601078
intermediate,30.990000000000002,-68.53334870228936,-68.59191869659166,-69.42318422311641,0.05152656428470751
intermediate,31.000000000000004,-68.53437259001244,-68.59274861049366,-69.42291502302044,0.05135509501131532
intermediate,31.01,-68.53539553683927,-68.59357822522196,-69.4226465073415,0.05118419635061824
intermediate,31.020000000000003,-68.53641754272313,-68.59440753860937,-69.42237867532478,0.05101386640374055
intermediate,31.03,-68.53743860762266,-68.59523654850113,-69.42211152621495,0.050844103278125496
intermediate,31.040000000000003,-68.53845873150208,-68.59606525275497,-69.42184505925619,0.05067490508751442
intermediate,31.05,-68.5394779143309,-68.5968936492409,-69.42157927369212,0.050506269951925635
intermediate,31.060000000000006,-68.54049615608412,-68.59772173584132,-69.42131416876592,0.05033819599763366
intermediate,31.070000000000004,-68.54151345674202,-68.59854951045085,-69.42104974372022,0.05017068135714848
intermediate,31.080000000000002,-68.54252981629025,-68.59937697097638,-69.4207859977972,0.05000372416919456
intermediate,31.090000000000003,-68.54354523471977,-68.60020411533695,-69.42052293023852,0.049837322578690266
intermediate,31.1,-68.54455971202682,-68.60103094146369,-69.42026054028544,0.04967147473672738
intermediate,31.110000000000003,-68.5455732482129,-68.60185744729986,-69.41999882717867,0.04950617880055035
intermediate,31.12,-68.54658584328469,-68.6026836308007,-69.41973779015852,0.04934143293353601
intermediate,31.130000000000003,-68.54759749725412,-68.60350948993343,-69.4194774284648,0.04917723530517297
intermediate,31.14,-68.54860821013827,-68.60433502267722,-69.41921774133691,0.0490135840910415
intermediate,31.150000000000006,-68.54961798195936,-68.60516022702309,-69.41895872801382,0.04885047747279303
intermediate,31.160000000000004,-68.55062681274477,-68.6059851009739,-69.41870038773403,0.0486879136381302
intermediate,31.17,-68.55163470252688,-68.60680964254426,-69.41844271973565,0.0485258907807865
intermediate,31.180000000000003,-68.55264165134328,-68.60763384976057,-69.41818572325636,0.04836440710050624
intermediate,31.19,-68.55364765923649,-68.60845772066087,-69.4179293975334,0.0482034608030247
intermediate,31.200000000000003,-68.55465272625412,-68.60928125329484,-69.41767374180364,0.048043050100047974
intermediate,31.21,-68.55565685244869,-68.61010444572375,-69.41741875530353,0.047883173209233326
intermediate,31.220000000000002,-68.55666003787773,-68.61092729602045,-69.41716443726918,0.04772382835416917
intermediate,31.230000000000004,-68.55766228260376,-68.61174980226922,-69.41691078693626,0.04756501376435543
intermediate,31.240000000000006,-68.5586635866941,-68.6125719625658,-69.41665780354003,0.047406727675184036
intermediate,31.25,-68.5596639502211,-68.61339377501739,-69.41640548631548,0.04724896832791903
intermediate,31.26,-68.56066337326182,-68.61421523774248,-69.4161538344972,0.04709173396967701
intermediate,31.27,-68.56166185589831,-68.61503634887089,-69.41590284731934,0.046935022853408115
intermediate,31.28,-68.56265939821735,-68.61585710654371,-69.41565252401581,0.046778833237875926
intermediate,31.290000000000006,-68.56365600031046,-68.61667750891321,-69.4154028638201,0.04662316338763875
intermediate,31.3,-68.56465166227406,-68.61749755414286,-69.4151538659654,0.04646801157303008
intermediate,31.310000000000006,-68.56564638420922,-68.61831724040722,-69.41490552968452,0.04631337607013909
intermediate,31.32,-68.56664016622172,-68.61913656589196,-69.41465785421,0.04615925516079211
intermediate,31.330000000000005,-68.56763300842206,-68.6199555287938,-69.41441083877403,0.04600564713253283
intermediate,31.34,-68.56862491092541,-68.62077412732037,-69.41416448260851,0.04585255027860398
intermediate,31.35,-68.5696158738516,-68.62159235969031,-69.41391878494497,0.04569996289792764
intermediate,31.360000000000007,-68.570605897325,-68.62241022413312,-69.4136737450147,0.045547883295086994
intermediate,31.37,-68.57159498147466,-68.62322771888918,-69.41342936204869,0.04539630978030722
intermediate,31.380000000000006,-68.57258312643415,-68.62404484220963,-69.41318563527761,0.04524524066943638
intermediate,31.39,-68.57357033234159,-68.62486159235642,-69.41294256393186,0.045094674283927466
intermediate,31.400000000000006,-68.57455659933966,-68.62567796760219,-69.41270014724157,0.044944608950818865
intermediate,31.41,-68.57554192757549,-68.62649396623024,-69.41245838443658,0.04479504300271666
intermediate,31.42,-68.57652631720069,-68.62730958653454,-69.4122172747465,0.04464597477777525
intermediate,31.43,-68.57750976837137,-68.62812482681962,-69.41197681740063,0.04449740261967967
intermediate,31.44,-68.57849228124802,-68.62893968540052,-69.41173701162808,0.04434932487762644
intermediate,31.450000000000006,-68.57947385599557,-68.62975416060287,-69.41149785665763,0.0442017399063059
intermediate,31.46,-68.58045449278328,-68.63056825076265,-69.41125935171792,0.04405464606588362
intermediate,31.470000000000006,-68.5814341917848,-68.63138195422631,-69.41102149603726,0.04390804172198188
intermediate,31.48,-68.58241295317814,-68.63219526935066,-69.41078428884383,0.0437619252456622
intermediate,31.490000000000006,-68.58339077714557,-68.63300819450282,-69.41054772936546,0.04361629501340649
intermediate,31.5,-68.58436766387369,-68.6338207280602,-69.41031181682986,0.043471149407099764
intermediate,31.51,-68.58534361355335,-68.63463286841046,-69.4100765504645,0.043326486814011356
intermediate,31.52,-68.58631862637965,-68.63544461395146,-69.40984192949662,0.04318230562677784
intermediate,31.53,-68.58729270255188,-68.63625596309117,-69.4096079531533,0.04303860424338432
intermediate,31.540000000000006,-68.58826584227356,-68.63706691424771,-69.40937462066141,0.042895381067147416
intermediate,31.55,-68.5892380457524,-68.6378774658493,-69.4091419312476,0.042752634506697126
intermediate,31.560000000000006,-68.59020931320023,-68.63868761633414,-69.4089098841384,0.04261036297595886
intermediate,31.57,-68.591179644833,-68.6394973641504,-69.40867847856006,0.04246856489413658
intermediate,31.580000000000005,-68.59214904087085,-68.64030670775625,-69.4084477137388,0.04232723868569441
intermediate,31.59,-68.59311750153789,-68.64111564561976,-69.40821758890051,0.04218638278033984
intermediate,31.6,-68.5940850270624,-68.64192417621884,-69.4079881032711,0.04204599561300565
intermediate,31.61,-68.59505161767663,-68.6427322980412,-69.40775925607613,0.041906075623833174
intermediate,31.62,-68.59601727361692,-68.64354000958438,-69.40753104654115,0.0417666212581542
intermediate,31.630000000000006,-68.5969819951235,-68.64434730935562,-69.40730347389153,0.04162763096647447
intermediate,31.64,-68.5979457824407,-68.6451541958719,-69.40707653735247,0.04148910320445606
intermediate,31.650000000000006,-68.59890863581674,-68.64596066765984,-69.40685023614905,0.041351036432900015
intermediate,31.66,-68.5998705555038,-68.64676672325567,-69.40662456950623,0.041213429117729836
intermediate,31.670000000000005,-68.60083154175797,-68.64757236120519,-69.40639953664889,0.04107627972997377
intermediate,31.68,-68.60179159483917,-68.64837758006377,-69.40617513680168,0.04093958674574851
intermediate,31.69,-68.6027507150113,-68.64918237839625,-69.40595136918924,0.04080334864624153
intermediate,31.700000000000006,-68.603708902542,-68.64998675477695,-69.40572823303603,0.040667563917694834
intermediate,31.71,-68.60466615770284,-68.6507907077896,-69.40550572756648,0.04053223105138794
intermediate,31.720000000000006,-68.60562248076916,-68.65159423602732,-69.40528385200484,0.04039734854362074
intermediate,31.73,-68.60657787202004,-68.65239733809256,-69.40506260557534,0.0402629148956975
intermediate,31.740000000000006,-68.60753233173837,-68.65320001259704,-69.4048419875021,0.040128928613909466
intermediate,31.75,-68.60848586021082,-68.65400225816182,-69.40462199700913,0.03999538820951897
intermediate,31.760000000000005,-68.60943845772768,-68.65480407341715,-69.40440263332039,0.03986229219874218
intermediate,31.77,-68.61039012458308,-68.65560545700242,-69.40418389565976,0.03972963910273336
intermediate,31.78,-68.6113408610747,-68.6564064075662,-69.40396578325108,0.03959742744756767
intermediate,31.790000000000006,-68.61229066750394,-68.65720692376617,-69.4037482953181,0.03946565576422544
intermediate,31.8,-68.61323954417593,-68.65800700426911,-69.40353143108447,0.03933432258857559
intermediate,31.810000000000006,-68.61418749139922,-68.65880664775075,-69.40331518977389,0.039203426461359075
intermediate,31.82,-68.61513450948617,-68.6596058528959,-69.40309957060994,0.03907296592817335
intermediate,31.830000000000005,-68.61608059875263,-68.66040461839827,-69.40288457281618,0.038942939539455365
intermediate,31.84,-68.61702575951797,-68.66120294296054,-69.40267019561612,0.03881334585046636
intermediate,31.850000000000005,-68.61796999210523,-68.66200082529424,-69.40245643823326,0.038684183421274894
intermediate,31.86,-68.61891329684079,-68.66279826411969,-69.40224329989104,0.03855545081674175
intermediate,31.87,-68.61985567405472,-68.6635952581661,-69.40203077981293,0.03842714660650314
intermediate,31.880000000000006,-68.62079712408043,-68.6643918061714,-69.40181887722233,0.0382992693649555
intermediate,31.89,-68.62173764725492,-68.66518790688228,-69.40160759134264,0.038171817671239366
intermediate,31.900000000000006,-68.62267724391849,-68.66598355905411,-69.40139692139728,0.03804479010922331
intermediate,31.91,-68.623615914415,-68.66677876145091,-69.40118686660962,0.03791818526748886
intermediate,31.920000000000005,-68.62455365909162,-68.66757351284534,-69.40097742620308,0.03779200173931407
intermediate,31.93,-68.62549047829899,-68.66836781201862,-69.40076859940106,0.03766623812265859
intermediate,31.940000000000005,-68.62642637239101,-68.66916165776053,-69.40056038542697,0.03754089302014748
intermediate,31.95,-68.62736134172505,-68.6699550488694,-69.40035278350423,0.037415965039056226
intermediate,31.96,-68.6282953866617,-68.67074798415196,-69.4001457928563,0.0372914527912947
intermediate,31.970000000000006,-68.62922850756496,-68.67154046242344,-69.39993941270664,0.0371673548933923
intermediate,31.98,-68.63016070480202,-68.67233248250743,-69.39973364227876,0.03704366996648227
intermediate,31.990000000000006,-68.6310919787434,-68.67312404323593,-69.39952848079619,0.03692039663628625
intermediate,32.0,-68.63202232976288,-68.67391514344925,-69.39932392748253,0.03679753353309942
intermediate,32.010000000000005,-68.63295175823744,-68.67470578199602,-69.39911998156136,0.03667507929177478
intermediate,32.02,-68.63388026454733,-68.6754959577331,-69.39891664225635,0.03655303255170858
intermediate,32.03,-68.6348078490759,-68.6762856695256,-69.39871390879122,0.0364313919568245
intermediate,32.040000000000006,-68.63573451220981,-68.6770749162468,-69.39851178038975,0.03631015615555915
intermediate,32.050000000000004,-68.63666025433879,-68.67786369677816,-69.39831025627575,0.03618932380084699
intermediate,32.06,-68.63758507585571,-68.67865201000923,-69.39810933567313,0.03606889355010485
intermediate,32.07,-68.6385089771566,-68.67943985483771,-69.39790901780583,0.03594886406521775
intermediate,32.080000000000005,-68.63943195864063,-68.68022723016928,-69.39770930189792,0.03582923401252334
intermediate,32.09,-68.64035402070994,-68.68101413491767,-69.3975101871735,0.03571000206279778
intermediate,32.1,-68.64127516376989,-68.68180056800463,-69.39731167285676,0.03559116689124025
intermediate,32.11,-68.64219538822876,-68.68258652835979,-69.39711375817198,0.03547272717745884
intermediate,32.120000000000005,-68.64311469449794,-68.68337201492075,-69.39691644234355,0.03535468160545537
intermediate,32.13,-68.64403308299184,-68.68415702663299,-69.39671972459593,0.035237028863611276
intermediate,32.14,-68.6449505541278,-68.68494156244978,-69.39652360415366,0.03511976764467269
intermediate,32.150000000000006,-68.64586710832624,-68.68572562133228,-69.39632808024145,0.03500289664573583
intermediate,32.160000000000004,-68.64678274601044,-68.6865092022494,-69.39613315208405,0.034886414568233014
intermediate,32.17,-68.64769746760673,-68.68729230417777,-69.39593881890634,0.03477032011791759
intermediate,32.18,-68.64861127354429,-68.68807492610179,-69.39574507993338,0.03465461200485014
intermediate,32.190000000000005,-68.64952416425524,-68.68885706701352,-69.39555193439023,0.03453928894338363
intermediate,32.2,-68.6504361401746,-68.68963872591263,-69.39535938150215,0.034424349652149695
intermediate,32.21,-68.65134720174025,-68.69041990180646,-69.39516742049452,0.03430979285404378
intermediate,32.220000000000006,-68.65225734939295,-68.69120059370992,-69.39497605059285,0.03419561727621142
intermediate,32.230000000000004,-68.65316658357628,-68.69198080064544,-69.39478527102277,0.03408182165003402
intermediate,32.24,-68.65407490473669,-68.692760521643,-69.39459508101007,0.03396840471111442
intermediate,32.25,-68.65498231332339,-68.69353975574005,-69.39440547978066,0.033855365199263354
intermediate,32.260000000000005,-68.65588880978838,-68.6943185019815,-69.39421646656061,0.03374270185848496
intermediate,32.27,-68.65679439458647,-68.69509675941968,-69.39402804057615,0.03363041343696333
intermediate,32.28,-68.65769906817522,-68.6958745271143,-69.39384020105366,0.033518498687048044
intermediate,32.29,-68.65860283101493,-68.69665180413246,-69.39365294721968,0.033406956365240846
intermediate,32.300000000000004,-68.6595056835686,-68.69742858954851,-69.39346627830089,0.03329578523218131
intermediate,32.31,-68.66040762630199,-68.69820488244419,-69.39328019352419,0.03318498405263357
intermediate,32.32,-68.66130865968351,-68.69898068190842,-69.39309469211658,0.03307455159547236
intermediate,32.330000000000005,-68.66220878418424,-68.6997559870374,-69.39290977330528,0.03296448663366909
intermediate,32.34,-68.66310800027797,-68.70053079693454,-69.39272543631769,0.03285478794427873
intermediate,32.35,-68.6640063084411,-68.70130511071036,-69.3925416803814,0.032745454308425674
intermediate,32.36,-68.66490370915264,-68.70207892748256,-69.39235850472411,0.03263648451129079
intermediate,32.370000000000005,-68.66580020289426,-68.70285224637593,-69.39217590857382,0.0325278773420973
intermediate,32.38,-68.66669579015014,-68.70362506652233,-69.39199389115865,0.03241963159409779
intermediate,32.39,-68.66759047140717,-68.7043973870607,-69.39181245170693,0.03231174606456073
intermediate,32.400000000000006,-68.66848424715468,-68.70516920713693,-69.3916315894472,0.03220421955475675
intermediate,32.410000000000004,-68.6693771178846,-68.70594052590397,-69.3914513036082,0.03209705086994586
intermediate,32.42,-68.6702690840914,-68.70671134252166,-69.3912715934189,0.03199023881936365
intermediate,32.43,-68.67116014627207,-68.70748165615679,-69.39109245810845,0.031883782216208655
intermediate,32.440000000000005,-68.67205030492609,-68.70825146598303,-69.39091389690618,0.03177767987762846
intermediate,32.45,-68.67293956055533,-68.7090207711809,-69.39073590904174,0.03167193062470723
intermediate,32.46,-68.67382791366433,-68.70978957093783,-69.39055849374492,0.031566533282452035
intermediate,32.470000000000006,-68.67471536475993,-68.71055786444794,-69.39038165024577,0.03146148667978032
intermediate,32.480000000000004,-68.67560191435145,-68.71132565091219,-69.39020537777456,0.03135678964950656
intermediate,32.49,-68.67648756295063,-68.71209292953826,-69.39002967556176,0.0312524410283292
intermediate,32.5,-68.6773723110716,-68.71285969954056,-69.38985454283815,0.03114843965681821
intermediate,32.510000000000005,-68.67825615923094,-68.71362596014018,-69.38967997883469,0.03104478437940158
intermediate,32.52,-68.67913910794758,-68.71439171056484,-69.3895059827826,0.030941474044353066
intermediate,32.53,-68.68002115774279,-68.71515695004892,-69.38933255391333,0.03083850750377884
intermediate,32.54,-68.68090230914018,-68.71592167783339,-69.3891596914586,0.030735883613605342
intermediate,32.550000000000004,-68.68178256266576,-68.71668589316576,-69.3889873946504,0.03063360123356593
intermediate,32.56,-68.68266191884777,-68.71744959530011,-69.38881566272094,0.030531659227188687
intermediate,32.57,-68.6835403782168,-68.71821278349702,-69.3886444949027,0.030430056461783726
intermediate,32.580000000000005,-68.68441794130577,-68.71897545702353,-69.38847389042841,0.030328791808430212
intermediate,32.59,-68.68529460864977,-68.71973761515316,-69.38830384853114,0.030227864141964475
intermediate,32.6,-68.68617038078624,-68.72049925716586,-69.38813436844411,0.030127272340966755
intermediate,32.61,-68.68704525825481,-68.72126038234792,-69.38796544940091,0.03002701528774952
intermediate,32.620000000000005,-68.68791924159737,-68.72202098999207,-69.38779709063536,0.029927091868344326
intermediate,32.63,-68.68879233135802,-68.72278107939735,-69.38762929138156,0.029827500972490074
intermediate,32.64,-68.68966452808301,-68.7235406498691,-69.3874620508739,0.029728241493620116
intermediate,32.650000000000006,-68.69053583232089,-68.72429970071893,-69.38729536834711,0.029629312328850355
intermediate,32.660000000000004,-68.69140624462226,-68.72505823126477,-69.38712924303607,0.029530712378966928
intermediate,32.67,-68.69227576553996,-68.7258162408307,-69.38696367417609,0.029432440548413697
intermediate,32.68,-68.69314439562896,-68.72657372874706,-69.38679866100271,0.02933449574528053
intermediate,32.690000000000005,-68.6940121354463,-68.72733069435033,-69.3866342027518,0.029236876881290685
intermediate,32.7,-68.69487898555118,-68.72808713698312,-69.38647029865948,0.029139582871789287
intermediate,32.71,-68.69574494650493,-68.72884305599423,-69.38630694796223,0.029042612635730644
intermediate,32.720000000000006,-68.69661001887096,-68.7295984507385,-69.3861441498968,0.02894596509566672
intermediate,32.730000000000004,-68.69747420321468,-68.7303533205768,-69.38598190370028,0.02884963917773507
intermediate,32.74,-68.69833750010363,-68.73110766487608,-69.38582020861004,0.02875363381164659
intermediate,32.75,-68.6991999101074,-68.73186148300933,-69.38565906386381,0.028657947930674114
intermediate,32.760000000000005,-68.70006143379757,-68.73261477435547,-69.38549846869957,0.02856258047164007
intermediate,32.77,-68.70092207174777,-68.73336753829939,-69.3853384223557,0.0284675303749052
intermediate,32.78,-68.70178182453364,-68.73411977423194,-69.38517892407084,0.028372796584356205
intermediate,32.79,-68.7026406927328,-68.73487148154983,-69.38501997308403,0.028278378047394543
intermediate,32.800000000000004,-68.70349867692478,-68.73562265965566,-69.38486156863456,0.02818427371492426
intermediate,32.81,-68.7043557776912,-68.7363733079579,-69.38470370996211,0.028090482541340805
intermediate,32.82,-68.7052119956156,-68.73712342587083,-69.38454639630667,0.02799700348451907
intermediate,32.830000000000005,-68.70606733128339,-68.73787301281456,-69.3843896269086,0.027903835505801795
intermediate,32.84,-68.70692178528198,-68.73862206821492,-69.38423340100856,0.027810977569988397
intermediate,32.85,-68.70777535820062,-68.7393705915035,-69.3840777178476,0.02771842864532297
intermediate,32.86,-68.7086280506305,-68.74011858211765,-69.38392257666709,0.027626187703483258
intermediate,32.870000000000005,-68.7094798631647,-68.74086603950036,-69.38376797670875,0.02753425371956884
intermediate,32.88,-68.71033079639815,-68.74161296310032,-69.38361391721466,0.02744262567209021
intermediate,32.89,-68.7111808509277,-68.74235935237189,-69.38346039742727,0.02735130254295689
intermediate,32.900000000000006,-68.71203002735197,-68.74310520677501,-69.38330741658935,0.02726028331746652
intermediate,32.910000000000004,-68.71287832627145,-68.74385052577523,-69.3831549739441,0.02716956698429354
intermediate,32.92,-68.71372574828847,-68.74459530884364,-69.38300306873502,0.027079152535477623
intermediate,32.93,-68.71457229400711,-68.74533955545694,-69.38285170020599,0.02698903896641298
intermediate,32.940000000000005,-68.71541796403329,-68.74608326509728,-69.38270086760129,0.026899225275836696
intermediate,32.95,-68.71626275897474,-68.74682643725232,-69.38255057016555,0.026809710465818037
intermediate,32.96,-68.71710667944087,-68.74756907141523,-69.3824008071438,0.02672049354174697
intermediate,32.97,-68.71794972604296,-68.74831116708458,-69.38225157778139,0.026631573512323568
intermediate,32.980000000000004,-68.71879189939393,-68.74905272376436,-69.38210288132412,0.02654294938954646
intermediate,32.99,-68.71963320010853,-68.749793740964,-69.38195471701812,0.02645462018870229
intermediate,33.0,-68.72047362880313,-68.75053421819821,-69.38180708410997,0.026366584928354676
intermediate,33.010000000000005,-68.72131318609591,-68.75127415498714,-69.38165998184654,0.02627884263033304
intermediate,33.02,-68.72215187260666,-68.75201355085625,-69.38151340947518,0.02619139231972214
intermediate,33.03,-68.72298968895693,-68.75275240533624,-69.38136736624361,0.026104233024850848
intermediate,33.04,-68.72382663576987,-68.75349071796312,-69.38122185139991,0.026017363777281803
intermediate,33.050000000000004,-68.72466271367034,-68.75422848827816,-69.38107686419264,0.025930783611800123
intermediate,33.06000000000001,-68.72549792328483,-68.75496571582782,-69.38093240387064,0.025844491566403106
intermediate,33.07,-68.72633226524145,-68.75570240016381,-69.38078846968328,0.025758486682289458
intermediate,33.080000000000005,-68.72716574016998,-68.75643854084295,-69.38064506088025,0.025672768003848347
intermediate,33.09,-68.72799834870172,-68.7571741374273,-69.38050217671169,0.025587334578649222
intermediate,33.1,-68.72883009146972,-68.757909189484,-69.38035981642813,0.02550218545743082
intermediate,33.11,-68.72966096910845,-68.75864369658527,-69.38021797928053,0.025417319694091042
intermediate,33.120000000000005,-68.73049098225408,-68.7593776583085,-69.38007666452023,0.025332736345675986
intermediate,33.13,-68.73132013154432,-68.76011107423604,-69.37993587139906,0.025248434472369883
intermediate,33.14,-68.73214841761836,-68.76084394395536,-69.3797955991692,0.025164413137484277
intermediate,33.150000000000006,-68.73297584111702,-68.7615762670589,-69.37965584708328,0.025080671407448
intermediate,33.160000000000004,-68.7338024026826,-68.76230804314409,-69.37951661439439,0.024997208351796554
intermediate,33.17,-68.73462810295896,-68.76303927181337,-69.37937790035598,0.02491402304316167
intermediate,33.18,-68.73545294259141,-68.7637699526741,-69.37923970422197,0.024831114557261433
intermediate,33.190000000000005,-68.73627692222679,-68.76450008533853,-69.37910202524672,0.024748481972889452
intermediate,33.2,-68.73710004251345,-68.76522966942385,-69.378964862685,0.024666124371905206
intermediate,33.21,-68.73792230410115,-68.76595870455213,-69.37882821579201,0.024584040839223213
intermediate,33.22,-68.73874370764115,-68.76668719035028,-69.37869208382344,0.02450223046280353
intermediate,33.230000000000004,-68.73956425378616,-68.76741512645005,-69.37855646603538,0.024420692333641008
intermediate,33.24000000000001,-68.74038394319034,-68.768142512488,-69.37842136168436,0.02433942554575568
intermediate,33.25,-68.74120277650923,-68.76886934810547,-69.37828677002739,0.024258429196182422
intermediate,33.260000000000005,-68.74202075439987,-68.76959563294858,-69.3781526903219,0.02417770238496085
intermediate,33.27,-68.74283787752061,-68.77032136666818,-69.37801912182577,0.024097244215125695
intermediate,33.28,-68.74365414653127,-68.77104654891987,-69.37788606379736,0.024017053792696353
intermediate,33.29,-68.74446956209299,-68.7717711793639,-69.37775351549544,0.0239371302266674
intermediate,33.300000000000004,-68.74528412486836,-68.77249525766523,-69.37762147617927,0.023857472628998278
intermediate,33.31,-68.74609783552125,-68.77321878349349,-69.37748994510858,0.02377808011460388
intermediate,33.32,-68.74691069471697,-68.77394175652293,-69.37735892154352,0.023698951801344233
intermediate,33.330000000000005,-68.74772270312208,-68.77466417643241,-69.37722840474474,0.023620086810015057
intermediate,33.34,-68.74853386140455,-68.7753860429054,-69.37709839397334,0.023541484264337952
intermediate,33.35,-68.74934417023363,-68.77610735562989,-69.3769688884909,0.023463143290950384
intermediate,33.36,-68.75015363027984,-68.77682811429847,-69.37683988755943,0.023385063019396374
intermediate,33.370000000000005,-68.75096224221508,-68.77754831860827,-69.37671139044147,0.02330724258211643
intermediate,33.38,-68.75177000671249,-68.77826796826089,-69.3765833964,0.02322968111443836
intermediate,33.39,-68.75257692444652,-68.77898706296241,-69.37645590469845,0.02315237775456718
intermediate,33.400000000000006,-68.75338299609282,-68.7797056024234,-69.37632891460079,0.023075331643575888
intermediate,33.410000000000004,-68.75418822232835,-68.78042358635886,-69.37620242537142,0.022998541925395872
intermediate,33.42,-68.75499260383135,-68.78114101448824,-69.37607643627526,0.02292200774680716
intermediate,33.43,-68.75579614128122,-68.78185788653536,-69.3759509465777,0.022845728257429268
intermediate,33.440000000000005,-68.75659883535862,-68.78257420222845,-69.37582595554457,0.02276970260971144
intermediate,33.45,-68.75740068674543,-68.78328996130004,-69.37570146244227,0.022693929958923595
intermediate,33.46,-68.75820169612473,-68.78400516348708,-69.3755774665376,0.022618409463146503
intermediate,33.47,-68.75900186418082,-68.78471980853082,-69.37545396709795,0.022543140283262857
intermediate,33.480000000000004,-68.75980119159914,-68.78543389617676,-69.37533096339112,0.022468121582947552
intermediate,33.49000000000001,-68.7605996790663,-68.78614742617472,-69.37520845468543,0.022393352528658768
intermediate,33.5,-68.76139732727016,-68.7868603982788,-69.37508644024973,0.022318832289628547
intermediate,33.510000000000005,-68.76219413689962,-68.7875728122473,-69.37496491935333,0.022244560037853304
intermediate,33.52,-68.76299010864487,-68.78828466784276,-69.37484389126605,0.02217053494808517
intermediate,33.53,-68.76378524319706,-68.78899596483188,-69.37472335525823,0.022096756197822275
intermediate,33.54,-68.76457954124862,-68.78970670298564,-69.3746033106007,0.022023222967300075
intermediate,33.550000000000004,-68.765373003493,-68.79041688207904,-69.3744837565648,0.021949934439481827
intermediate,33.56,-68.76616563062483,-68.79112650189134,-69.37436469242236,0.021876889800049884
intermediate,33.57,-68.76695742333973,-68.79183556220585,-69.37424611744576,0.021804088237396282
intermediate,33.580000000000005,-68.76774838233455,-68.79254406281,-69.37412803090788,0.021731528942614108
intermediate,33.59,-68.76853850830707,-68.7932520034953,-69.37401043208207,0.021659211109488246
intermediate,33.6,-68.76932780195625,-68.79395938405733,-69.37389332024226,0.021587133934486368
intermediate,33.61,-68.77011626398205,-68.79466620429571,-69.37377669466284,0.021515296616750355
intermediate,33.620000000000005,-68.77090389508555,-68.79537246401408,-69.37366055461875,0.021443698358086957
intermediate,33.63,-68.77169069596877,-68.7960781630201,-69.37354489938548,0.021372338362959292
intermediate,33.64,-68.77247666733481,-68.79678330112536,-69.37342972823897,0.021301215838477713
intermediate,33.65,-68.77326180988783,-68.79748787814549,-69.37331504045574,0.02123032999439132
intermediate,33.660000000000004,-68.77404612433291,-68.79819189390001,-69.37320083531283,0.0211596800430788
intermediate,33.67000000000001,-68.77482961137622,-68.79889534821238,-69.37308711208777,0.02108926519953999
intermediate,33.68,-68.7756122717249,-68.79959824091002,-69.37297387005866,0.02101908468138709
intermediate,33.690000000000005,-68.77639410608704,-68.80030057182415,-69.37286110850411,0.020949137708835743
intermediate,33.7,-68.77717511517172,-68.80100234078992,-69.37274882670329,0.020879423504696727
intermediate,33.71,-68.777955299689,-68.80170354764634,-69.37263702393587,0.020809941294366956
intermediate,33.72,-68.77873466034993,-68.80240419223621,-69.37252569948207,0.02074069030582128
intermediate,33.730000000000004,-68.77951319786644,-68.8031042744062,-69.37241485262265,0.02067166976960345
intermediate,33.74000000000001,-68.78029091295141,-68.80380379400671,-69.37230448263892,0.02060287891881794
intermediate,33.75,-68.78106780631872,-68.804502750892,-69.37219458881269,0.020534316989121323
intermediate,33.760000000000005,-68.78184387868308,-68.80520114492002,-69.37208517042637,0.02046598321871359
intermediate,33.77,-68.78261913076017,-68.80589897595249,-69.37197622676285,0.02039787684832998
intermediate,33.78,-68.78339356326656,-68.80659624385486,-69.37186775710565,0.020329997121232266
intermediate,33.79,-68.78416717691972,-68.80729294849627,-69.37175976073874,0.02026234328320067
intermediate,33.800000000000004,-68.78493997243798,-68.80798908974958,-69.37165223694667,0.02019491458252507
intermediate,33.81,-68.78571195054056,-68.80868466749128,-69.37154518501461,0.02012771026999711
intermediate,33.82,-68.78648311194759,-68.80937968160154,-69.37143860422819,0.020060729598901383
intermediate,33.830000000000005,-68.78725345738,-68.81007413196416,-69.37133249387364,0.019993971825007582
intermediate,33.84,-68.78802298755961,-68.81076801846655,-69.37122685323774,0.01992743620656203
intermediate,33.85000000000001,-68.78879170320906,-68.81146134099968,-69.3711216816078,0.01986112200427932
intermediate,33.86,-68.78955960505185,-68.81215409945824,-69.37101697827173,0.019795028481334347
intermediate,33.870000000000005,-68.79032669381229,-68.8128462937403,-69.37091274251796,0.01972915490335388
intermediate,33.88,-68.7910929702155,-68.8135379237476,-69.37080897363549,0.0196635005384087
intermediate,33.89,-68.79185843498743,-68.81422898938537,-69.37070567091389,0.0195980646570051
intermediate,33.9,-68.79262308885482,-68.81491949056236,-69.37060283364333,0.019532846532077132
intermediate,33.910000000000004,-68.79338693254519,-68.8156094271908,-69.37050046111447,0.0194678454389782
intermediate,33.92000000000001,-68.7941499667869,-68.81629879918643,-69.37039855261858,0.019403060655473335
intermediate,33.93,-68.79491219230897,-68.8169876064684,-69.3702971074475,0.019338491461730962
intermediate,33.940000000000005,-68.79567360984134,-68.81767584895935,-69.37019612489361,0.01927413714031485
intermediate,33.95,-68.7964342201146,-68.81836352658536,-69.37009560424988,0.019209996976176417
intermediate,33.96,-68.79719402386014,-68.81905063927582,-69.36999554480987,0.019146070256646438
intermediate,33.97,-68.79795302181006,-68.81973718696364,-69.3698959458677,0.019082356271427424
intermediate,33.980000000000004,-68.79871121469722,-68.82042316958501,-69.36979680671803,0.019018854312585473
intermediate,33.99,-68.7994686032552,-68.82110858707956,-69.36969812665612,0.018955563674542715
intermediate,34.0,-68.80022518821832,-68.82179343939016,-69.36959990497786,0.018892483654069103
intermediate,34.010000000000005,-68.8009809703216,-68.82247772646313,-69.36950214097962,0.018829613550274883
intermediate,34.02,-68.80173595030074,-68.823161448248,-69.36940483395843,0.018766952664602772
intermediate,34.03,-68.80249012889216,-68.82384460469764,-69.36930798321185,0.018704500300819975
intermediate,34.04,-68.80324350683296,-68.82452719576816,-69.36921158803806,0.018642255765010766
intermediate,34.050000000000004,-68.80399608486093,-68.82520922141899,-69.36911564773577,0.01858021836556847
intermediate,34.06,-68.80474786371452,-68.82589068161275,-69.36902016160433,0.018518387413188103
intermediate,34.07,-68.80549884413288,-68.82657157631532,-69.36892512894369,0.018456762220858364
intermediate,34.080000000000005,-68.80624902685577,-68.82725190549577,-69.36883054905432,0.018395342103854285
intermediate,34.09,-68.80699841262363,-68.82793166912639,-69.36873642123733,0.018334126379729556
intermediate,34.10000000000001,-68.8077470021775,-68.82861086718263,-69.36864274479437,0.018273114368308724
intermediate,34.11,-68.80849479625914,-68.82928949964311,-69.36854951902772,0.018212305391680048
intermediate,34.120000000000005,-68.80924179561086,-68.82996756648959,-69.36845674324029,0.018151698774187465
intermediate,34.13,-68.8099880009756,-68.83064506770697,-69.36836441673549,0.018091293842423622
intermediate,34.14,-68.81073341309693,-68.83132200328325,-69.36827253881741,0.018031089925221875
intermediate,34.15,-68.81147803271904,-68.83199837320959,-69.36818110879065,0.0179710863536493
intermediate,34.160000000000004,-68.81222186058666,-68.83267417748014,-69.36809012596048,0.01791128246099884
intermediate,34.17000000000001,-68.8129648974452,-68.8333494160922,-69.36799958963275,0.017851677582782208
intermediate,34.18,-68.81370714404058,-68.83402408904611,-69.36790949911388,0.01779227105672242
intermediate,34.190000000000005,-68.81444860111928,-68.8346981963452,-69.36781985371096,0.01773306222274628
intermediate,34.2,-68.81518926942843,-68.8353717379959,-69.36773065273161,0.01767405042297731
intermediate,34.21,-68.8159291497157,-68.83604471400756,-69.36764189548406,0.017615235001728152
intermediate,34.22,-68.81666824272921,-68.83671712439258,-69.36755358127716,0.017556615305493628
intermediate,34.230000000000004,-68.81740654921774,-68.8373889691663,-69.3674657094204,0.017498190682943084
intermediate,34.24,-68.81814406993055,-68.83806024834708,-69.3673782792238,0.01743996048491352
intermediate,34.25,-68.8188808056175,-68.83873096195617,-69.36729128999805,0.017381924064402053
intermediate,34.260000000000005,-68.81961675702892,-68.83940111001779,-69.36720474105441,0.017324080776559034
intermediate,34.27,-68.82035192491566,-68.84007069255908,-69.36711863170478,0.017266429978680678
intermediate,34.28000000000001,-68.82108631002912,-68.84073970961005,-69.36703296126167,0.017208971030201903
intermediate,34.29,-68.82181991312115,-68.84140816120359,-69.36694772903816,0.017151703292689446
intermediate,34.300000000000004,-68.82255273494408,-68.8420760473755,-69.36686293434798,0.017094626129834447
intermediate,34.31,-68.82328477625084,-68.84274336816442,-69.36677857650544,0.017037738907445678
intermediate,34.32,-68.82401603779475,-68.84341012361183,-69.36669465482551,0.016981040993442234
intermediate,34.33,-68.82474652032963,-68.84407631376206,-69.36661116862373,0.0169245317578468
intermediate,34.34,-68.82547622460977,-68.84474193866222,-69.36652811721632,0.016868210572778316
intermediate,34.35000000000001,-68.82620515138994,-68.84540699836224,-69.36644549992003,0.01681207681244528
intermediate,34.36,-68.82693330142534,-68.84607149291482,-69.3663633160523,0.016756129853138724
intermediate,34.370000000000005,-68.82766067547162,-68.84673542237545,-69.36628156493114,0.016700369073225117
intermediate,34.38,-68.82838727428489,-68.84739878680236,-69.36620024587522,0.016644793853139727
intermediate,34.39,-68.8291130986217,-68.84806158625656,-69.36611935820383,0.01658940357537945
intermediate,34.4,-68.82983814923902,-68.84872382080174,-69.36603890123683,0.016534197624496295
intermediate,34.410000000000004,-68.83056242689423,-68.84938549050429,-69.36595887429476,0.016479175387090133
intermediate,34.42000000000001,-68.83128593234515,-68.85004659543337,-69.36587927669875,0.01642433625180227
intermediate,34.43,-68.83200866634999,-68.85070713566077,-69.36580010777058,0.016369679609308435
intermediate,34.440000000000005,-68.83273062966737,-68.85136711126096,-69.36572136683263,0.016315204852311957
intermediate,34.45,-68.83345182305631,-68.85202652231108,-69.36564305320793,0.01626091137553729
intermediate,34.46000000000001,-68.83417224727624,-68.8526853688909,-69.36556516622014,0.016206798575722953
intermediate,34.47,-68.83489190308693,-68.85334365108285,-69.36548770519352,0.016152865851615104
intermediate,34.480000000000004,-68.83561079124856,-68.85400136897194,-69.36541066945297,0.01609911260396064
intermediate,34.49,-68.83632891252171,-68.85465852264579,-69.36533405832404,0.01604553823550078
intermediate,34.5,-68.83704626766719,-68.8553151121946,-69.36525787113288,0.015992142150964138
intermediate,34.510000000000005,-68.83776285744635,-68.85597113771117,-69.36518210720632,0.015938923757060356
intermediate,34.52,-68.83847868262079,-68.85662659929086,-69.36510676587177,0.015885882462473456
intermediate,34.53000000000001,-68.83919374395246,-68.85728149703155,-69.36503184645731,0.015833017677855096
intermediate,34.54,-68.8399080422037,-68.85793583103369,-69.36495734829163,0.0157803288158183
intermediate,34.550000000000004,-68.84062157813713,-68.85858960140023,-69.36488327070404,0.015727815290930654
intermediate,34.56,-68.84133435251569,-68.85924280823659,-69.36480961302456,0.015675476519708097
intermediate,34.57,-68.8420463661027,-68.85989545165077,-69.36473637458376,0.015623311920608106
intermediate,34.58,-68.84275761966175,-68.86054753175318,-69.36466355471292,0.015571320914023553
intermediate,34.59,-68.84346811395676,-68.86119904865674,-69.3645911527439,0.015519502922275977
intermediate,34.60000000000001,-68.84417784975199,-68.86185000247681,-69.36451916800924,0.015467857369609442
intermediate,34.61,-68.84488682781188,-68.86250039333117,-69.36444759984211,0.01541638368218395
intermediate,34.620000000000005,-68.84559504890129,-68.86315022134006,-69.36437644757628,0.015365081288069049
intermediate,34.63,-68.84630251378529,-68.86379948662614,-69.36430571054623,0.015313949617237687
intermediate,34.64,-68.84700922322926,-68.86444818931442,-69.36423538808704,0.015262988101559597
intermediate,34.65,-68.84771517799885,-68.86509632953236,-69.36416547953446,0.015212196174795243
intermediate,34.660000000000004,-68.84842037886,-68.86574390740975,-69.36409598422485,0.0151615732725893
intermediate,34.67,-68.8491248265788,-68.86639092307878,-69.36402690149524,0.015111118832464628
intermediate,34.68,-68.84982852192176,-68.86703737667398,-69.3639582306833,0.015060832293815753
intermediate,34.690000000000005,-68.85053146565556,-68.86768326833221,-69.36388997112732,0.015010713097902854
intermediate,34.7,-68.85123365854712,-68.86832859819268,-69.36382212216628,0.014960760687845517
intermediate,34.71000000000001,-68.85193510136358,-68.86897336639687,-69.36375468313977,0.014910974508616363
intermediate,34.72,-68.85263579487237,-68.86961757308862,-69.36368765338807,0.014861354007035211
intermediate,34.730000000000004,-68.8533357398411,-68.87026121841399,-69.36362103225207,0.014811898631762533
intermediate,34.74,-68.85403493703765,-68.87090430252137,-69.36355481907333,0.01476260783329374
intermediate,34.75,-68.85473338723007,-68.87154682556138,-69.36348901319406,0.014713481063952719
intermediate,34.760000000000005,-68.85543109118662,-68.87218878768692,-69.3634236139571,0.014664517777886016
intermediate,34.77,-68.8561280496758,-68.87283018905313,-69.36335862070595,0.014615717431056625
intermediate,34.78000000000001,-68.85682426346634,-68.87347102981737,-69.36329403278482,0.01456707948123791
intermediate,34.79,-68.85751973332707,-68.87411131013917,-69.36322984953847,0.014518603388007784
intermediate,34.800000000000004,-68.85821446002704,-68.87475103018032,-69.36316607031237,0.01447028861274242
intermediate,34.81,-68.85890844433557,-68.87539019010477,-69.36310269445268,0.014422134618610541
intermediate,34.82,-68.85960168702202,-68.87602879007866,-69.36303972130612,0.014374140870567204
intermediate,34.83,-68.86029418885605,-68.87666683027032,-69.36297715022017,0.01432630683534813
intermediate,34.84,-68.86098595060739,-68.87730431085019,-69.3629149805429,0.014278631981463476
intermediate,34.85000000000001,-68.86167697304599,-68.8779412319909,-69.36285321162303,0.014231115779192173
intermediate,34.86,-68.86236725694194,-68.87857759386715,-69.36279184280997,0.014183757700575976
intermediate,34.870000000000005,-68.86305680306546,-68.8792133966558,-69.3627308734538,0.014136557219413459
intermediate,34.88,-68.863745612187,-68.87984864053583,-69.3626703029052,0.014089513811254402
intermediate,34.89000000000001,-68.86443368507703,-68.88048332568827,-69.36261013051558,0.014042626953393717
intermediate,34.9,-68.86512102250622,-68.8811174522963,-69.36255035563696,0.013995896124865913
intermediate,34.910000000000004,-68.8658076252454,-68.88175102054508,-69.36249097762203,0.01394932080643902
intermediate,34.92,-68.86649349406544,-68.8823840306219,-69.36243199582417,0.013902900480609064
intermediate,34.93,-68.86717862973742,-68.88301648271612,-69.36237340959735,0.013856634631594112
intermediate,34.940000000000005,-68.86786303303249,-68.88364837701906,-69.36231521829627,0.01381052274532875
intermediate,34.95,-68.86854670472191,-68.88427971372411,-69.36225742127628,0.013764564309458223
intermediate,34.96000000000001,-68.86922964557702,-68.88491049302668,-69.3622000178934,0.013718758813332708
intermediate,34.97,-68.86991185636937,-68.8855407151242,-69.36214300750424,0.01367310574800185
intermediate,34.980000000000004,-68.87059333787049,-68.88617038021603,-69.36208638946619,0.013627604606208838
intermediate,34.99,-68.87127409085201,-68.88679948850356,-69.3620301631372,0.013582254882385009
intermediate,35.0,-68.87195411608569,-68.88742804019013,-69.36197432787596,0.013537056072644015
intermediate,35.01,-68.87263341434337,-68.88805603548107,-69.36191888304175,0.013492007674776471
intermediate,35.02,-68.87331198639693,-68.88868347458363,-69.36186382799463,0.013447109188244093
intermediate,35.03000000000001,-68.87398983301833,-68.889310357707,-69.3618091620952,0.013402360114174365
intermediate,35.04,-68.87466695497963,-68.88993668506228,-69.36175488470481,0.013357759955354936
intermediate,35.050000000000004,-68.87534335305294,-68.89056245686254,-69.36170099518543,0.013313308216227955
intermediate,35.06,-68.87601902801036,-68.89118767332268,-69.36164749289973,0.013269004402884825
intermediate,35.07000000000001,-68.87669398062414,-68.89181233465956,-69.36159437721103,0.013224848023060438
intermediate,35.08,-68.8773682116665,-68.89243644109187,-69.36154164748336,0.013180838586127947
intermediate,35.09,-68.87804172190974,-68.89305999284021,-69.36148930308134,0.013136975603093091
intermediate,35.10000000000001,-68.87871451212618,-68.89368299012699,-69.36143734337031,0.013093258586588993
intermediate,35.11,-68.8793865830882,-68.89430543317654,-69.36138576771629,0.013049687050870583
intermediate,35.120000000000005,-68.88005793556817,-68.89492732221498,-69.36133457548593,0.013006260511809182
intermediate,35.13,-68.88072857033852,-68.89554865747027,-69.3612837660466,0.012962978486887313
intermediate,35.14000000000001,-68.88139848817167,-68.8961694391722,-69.3612333387663,0.012919840495193083
intermediate,35.15,-68.88206768984007,-68.89678966755233,-69.36118329301374,0.012876846057415077
intermediate,35.160000000000004,-68.88273617611617,-68.89740934284409,-69.36113362815824,0.012833994695836818
intermediate,35.17,-68.88340394777241,-68.8980284652826,-69.36108434356986,0.012791285934331697
intermediate,35.18,-68.88407100558126,-68.89864703510482,-69.36103543861928,0.012748719298357419
intermediate,35.190000000000005,-68.8847373503152,-68.89926505254948,-69.3609869126779,0.012706294314950939
intermediate,35.2,-68.88540298274665,-68.89988251785704,-69.36093876511775,0.012664010512723157
intermediate,35.21000000000001,-68.88606790364805,-68.90049943126971,-69.36089099531159,0.012621867421853564
intermediate,35.22,-68.88673211379181,-68.90111579303144,-69.36084360263278,0.0125798645740852
intermediate,35.230000000000004,-68.88739561395032,-68.90173160338789,-69.36079658645541,0.01253800150271927
intermediate,35.24,-68.88805840489594,-68.90234686258648,-69.36074994615423,0.012496277742610175
intermediate,35.25,-68.88872048740103,-68.90296157087627,-69.36070368110465,0.012454692830160092
intermediate,35.26,-68.88938186223787,-68.90357572850807,-69.36065779068278,0.012413246303314059
intermediate,35.27,-68.89004253017873,-68.90418933573433,-69.3606122742654,0.012371937701554623
intermediate,35.28000000000001,-68.89070249199584,-68.90480239280922,-69.36056713122996,0.012330766565896947
intermediate,35.29,-68.89136174846135,-68.90541489998853,-69.36052236095458,0.01228973243888355
intermediate,35.300000000000004,-68.89202030034737,-68.90602685752972,-69.36047796281807,0.012248834864579212
intermediate,35.31,-68.89267814842599,-68.90663826569192,-69.36043393619991,0.012208073388566085
intermediate,35.32000000000001,-68.89333529346919,-68.90724912473587,-69.36039028048026,0.012167447557938397
intermediate,35.33,-68.89399173624889,-68.90785943492392,-69.36034699503995,0.012126956921297687
intermediate,35.34,-68.894647477537,-68.90846919652006,-69.3603040792605,0.012086601028747488
intermediate,35.35,-68.89530251810527,-68.90907840978991,-69.36026153252412,0.012046379431888654
intermediate,35.36,-68.89595685872544,-68.90968707500063,-69.36021935421365,0.012006291683814077
intermediate,35.370000000000005,-68.89661050016916,-68.910295192421,-69.36017754371267,0.011966337339103966
intermediate,35.38,-68.89726344320793,-68.91090276232137,-69.36013610040538,0.011926515953820754
intermediate,35.39000000000001,-68.89791568861322,-68.91150978497363,-69.36009502367675,0.011886827085504141
intermediate,35.4,-68.89856723715646,-68.91211626065132,-69.36005431291231,0.011847270293166356
intermediate,35.410000000000004,-68.89921808960887,-68.91272218962942,-69.36001396749838,0.011807845137287028
intermediate,35.42,-68.89986824674159,-68.91332757218449,-69.35997398682186,0.011768551179808504
intermediate,35.43,-68.9005177093257,-68.91393240859463,-69.35993437027041,0.011729387984130802
intermediate,35.440000000000005,-68.90116647813218,-68.91453669913943,-69.35989511723233,0.011690355115106937
intermediate,35.45,-68.90181455393184,-68.91514044410006,-69.3598562270966,0.011651452139037977
intermediate,35.46000000000001,-68.90246193749543,-68.91574364375911,-69.35981769925293,0.011612678623668181
intermediate,35.47,-68.9031086295935,-68.91634629840073,-69.35977953309165,0.01157403413818037
intermediate,35.480000000000004,-68.90375463099659,-68.91694840831047,-69.35974172800381,0.01153551825319093
intermediate,35.49,-68.90439994247501,-68.91754997377545,-69.35970428338113,0.011497130540745222
intermediate,35.50000000000001,-68.90504456479897,-68.91815099508418,-69.35966719861601,0.011458870574312665
intermediate,35.51,-68.90568849873853,-68.91875147252667,-69.35963047310152,0.011420737928782187
intermediate,35.52,-68.90633174506368,-68.91935140639436,-69.35959410623144,0.011382732180457282
intermediate,35.53000000000001,-68.90697430454416,-68.91995079698012,-69.35955809740021,0.01134485290705148
intermediate,35.54,-68.90761617794963,-68.92054964457826,-69.35952244600298,0.011307099687683614
intermediate,35.550000000000004,-68.9082573660496,-68.9211479494845,-69.35948715143554,0.01126947210287303
intermediate,35.56,-68.9088978696134,-68.92174571199602,-69.3594522130944,0.011231969734535106
intermediate,35.57000000000001,-68.90953768941017,-68.92234293241133,-69.35941763037675,0.011194592165976423
intermediate,35.58,-68.910176826209,-68.92293961103036,-69.35938340268045,0.011157338981890343
intermediate,35.59,-68.91081528077866,-68.92353574815444,-69.35934952940404,0.011120209768352162
intermediate,35.6,-68.91145305388788,-68.92413134408625,-69.35931600994677,0.01108320411281472
intermediate,35.61,-68.91209014630516,-68.92472639912987,-69.35928284370856,0.01104632160410364
intermediate,35.620000000000005,-68.91272655879881,-68.92532091359071,-69.35925003008997,0.011009561832412914
intermediate,35.63,-68.91336229213698,-68.92591488777555,-69.35921756849231,0.010972924389300302
intermediate,35.64000000000001,-68.91399734708767,-68.9265083219925,-69.35918545831757,0.010936408867682644
intermediate,35.65,-68.91463172441861,-68.927101216551,-69.35915369896838,0.010900014861831614
intermediate,35.660000000000004,-68.91526542489743,-68.92769357176181,-69.35912228984812,0.010863741967368936
intermediate,35.67,-68.91589844929148,-68.92828538793702,-69.35909123036076,0.01082758978126214
intermediate,35.68000000000001,-68.91653079836793,-68.92887666539002,-69.35906051991103,0.010791557901819845
intermediate,35.69,-68.91716247289385,-68.9294674044355,-69.35903015790434,0.010755645928687498
intermediate,35.7,-68.91779347363594,-68.93005760538944,-69.35900014374677,0.010719853462842766
intermediate,35.71000000000001,-68.91842380136087,-68.9306472685691,-69.35897047684507,0.01068418010659125
intermediate,35.72,-68.91905345683492,-68.93123639429304,-69.3589411566067,0.010648625463561967
intermediate,35.730000000000004,-68.91968244082426,-68.93182498288101,-69.35891218243981,0.010613189138702918
intermediate,35.74,-68.92031075409486,-68.9324130346541,-69.35888355375319,0.010577870738276847
intermediate,35.75000000000001,-68.92093839741239,-68.93300054993463,-69.35885526995638,0.010542669869856676
intermediate,35.76,-68.92156537154231,-68.93358752904611,-69.35882733045953,0.010507586142321319
intermediate,35.77,-68.92219167724993,-68.93417397231333,-69.35879973467355,0.010472619165851174
intermediate,35.78000000000001,-68.92281731530022,-68.93475988006232,-69.35877248201002,0.010437768551923958
intermediate,35.79,-68.92344228645801,-68.93534525262025,-69.3587455718812,0.010403033913310277
intermediate,35.800000000000004,-68.92406659148782,-68.9359300903156,-69.35871900369999,0.010368414864069298
intermediate,35.81,-68.92469023115397,-68.93651439347796,-69.35869277688002,0.01033391101954462
intermediate,35.82000000000001,-68.9253132062205,-68.93709816243818,-69.35866689083562,0.010299521996359789
intermediate,35.83,-68.92593551745124,-68.93768139752825,-69.35864134498178,0.010265247412414233
intermediate,35.84,-68.92655716560978,-68.93826409908135,-69.35861613873418,0.01023108688687884
intermediate,35.85,-68.92717815145936,-68.93884626743184,-69.35859127150918,0.01019704004019192
intermediate,35.86,-68.92779847576308,-68.93942790291521,-69.35856674272387,0.010163106494054781
intermediate,35.870000000000005,-68.9284181392837,-68.94000900586815,-69.35854255179595,0.010129285871427684
intermediate,35.88,-68.92903714278377,-68.94058957662847,-69.3585186981439,0.010095577796525614
intermediate,35.89000000000001,-68.92965548702556,-68.94116961553507,-69.3584951811868,0.01006198189481402
intermediate,35.9,-68.93027317277098,-68.94174912292809,-69.35847200034445,0.010028497793004795
intermediate,35.910000000000004,-68.93089020078183,-68.94232809914868,-69.35844915503736,0.00999512511905197
intermediate,35.92,-68.93150657181951,-68.94290654453917,-69.35842664468669,0.009961863502147771
intermediate,35.93000000000001,-68.93212228664517,-68.94348445944298,-69.3584044687143,0.00992871257271828
intermediate,35.94,-68.9327373460197,-68.94406184420463,-69.35838262654276,0.009895671962419557
intermediate,35.95,-68.93335175070368,-68.94463869916972,-69.3583611175953,0.0098627413041333
intermediate,35.96000000000001,-68.93396550145744,-68.94521502468493,-69.35833994129581,0.009829920231963002
intermediate,35.97,-68.93457859904095,-68.94579082109806,-69.35831909706893,0.009797208381229772
intermediate,35.980000000000004,-68.93519104421398,-68.94636608875794,-69.35829858433995,0.00976460538846822
intermediate,35.99,-68.93580283773589,-68.94694082801446,-69.35827840253486,0.009732110891422572
intermediate,36.00000000000001,-68.93641398036584,-68.94751503921859,-69.35825855108033,0.009699724529042483
intermediate,36.01,-68.93702447286265,-68.9480887227223,-69.35823902940369,0.0096674459414792
intermediate,36.02,-68.9376343159848,-68.94866187887867,-69.35821983693299,0.00963527477008138
intermediate,36.03,-68.93824351049051,-68.94923450804176,-69.35820097309698,0.009603210657391255
intermediate,36.04,-68.93885205713768,-68.94980661056665,-69.35818243732504,0.009571253247140546
intermediate,36.050000000000004,-68.93945995668386,-68.95037818680949,-69.35816422904729,0.009539402184246615
intermediate,36.06,-68.94006720988635,-68.95094923712739,-69.35814634769453,0.009507657114808447
intermediate,36.07000000000001,-68.94067381750207,-68.95151976187847,-69.35812879269824,0.009476017686102676
intermediate,36.08,-68.94127978028762,-68.95208976142185,-69.35811156349055,0.009444483546579823
intermediate,36.09,-68.94188509899932,-68.95265923611768,-69.3580946595043,0.00941305434586019
intermediate,36.1,-68.94248977439312,-68.95322818632704,-69.35807808017306,0.00938172973473015
intermediate,36.11000000000001,-68.94309380722468,-68.953796612412,-69.35806182493101,0.009350509365138102
intermediate,36.120000000000005,-68.94369719824927,-68.9543645147356,-69.35804589321309,0.00931939289019076
intermediate,36.13,-68.94429994822185,-68.95493189366185,-69.35803028445488,0.009288379964149204
intermediate,36.14000000000001,-68.94490205789705,-68.9554987495557,-69.35801499809263,0.00925747024242501
intermediate,36.15,-68.94550352802914,-68.95606508278304,-69.35800003356333,0.00922666338157655
intermediate,36.160000000000004,-68.94610435937213,-68.95663089371074,-69.35798539030463,0.009195959039305018
intermediate,36.17,-68.94670455267948,-68.95719618270654,-69.35797106775486,0.00916535687445077
intermediate,36.18000000000001,-68.94730410870456,-68.95776095013919,-69.35795706535303,0.009134856546989395
intermediate,36.19,-68.94790302820017,-68.95832519637825,-69.35794338253886,0.009104457718028102
intermediate,36.2,-68.94850131191889,-68.95888892179428,-69.35793001875275,0.00907416004980177
intermediate,36.21000000000001,-68.9490989606129,-68.95945212675876,-69.35791697343572,0.009043963205669343
intermediate,36.22,-68.94969597503399,-68.96001481164399,-69.35790424602958,0.009013866850110045
intermediate,36.230000000000004,-68.95029235593363,-68.9605769768232,-69.35789183597677,0.008983870648719573
intermediate,36.24,-68.95088810406293,-68.96113862267053,-69.35787974272043,0.008953974268206544
intermediate,36.25000000000001,-68.95148322017256,-68.96169974956096,-69.35786796570436,0.008924177376388582
intermediate,36.26,-68.95207770501293,-68.96226035787039,-69.35785650437305,0.008894479642188861
intermediate,36.27,-68.95267155933401,-68.96282044797555,-69.3578453581717,0.008864880735632203
intermediate,36.28,-68.95326478388536,-68.96338002025398,-69.35783452654618,0.008835380327841612
intermediate,36.290000000000006,-68.95385737941625,-68.96393907508418,-69.35782400894306,0.008805978091034436
intermediate,36.300000000000004,-68.95444934667549,-68.96449761284545,-69.35781380480954,0.00877667369851886
intermediate,36.31,-68.9550406864116,-68.96505563391791,-69.35780391359357,0.008747466824690252
intermediate,36.32000000000001,-68.9556313993726,-68.96561313868253,-69.35779433474374,0.008718357145027453
intermediate,36.33,-68.95622148630625,-68.96617012752111,-69.35778506770936,0.00868934433608931
intermediate,36.34,-68.95681094795978,-68.96672660081626,-69.3577761119404,0.008660428075510943
intermediate,36.35,-68.95739978508017,-68.96728255895142,-69.35776746688751,0.008631608042000312
intermediate,36.36000000000001,-68.95798799841388,-68.96783800231081,-69.35775913200204,0.008602883915334491
intermediate,36.37,-68.95857558870706,-68.96839293127948,-69.357751106736,0.008574255376356253
intermediate,36.38,-68.95916255670545,-68.9689473462433,-69.35774339054211,0.008545722106970384
intermediate,36.39000000000001,-68.95974890315435,-68.96950124758885,-69.35773598287376,0.0085172837901403
intermediate,36.4,-68.96033462879868,-68.97005463570358,-69.35772888318502,0.008488940109884413
intermediate,36.410000000000004,-68.96091973438297,-68.97060751097564,-69.35772209093065,0.008460690751272615
intermediate,36.42,-68.96150422065128,-68.971159873794,-69.35771560556609,0.008432535400422896
intermediate,36.43000000000001,-68.96208808834734,-68.97171172454838,-69.35770942654746,0.0084044737444977
intermediate,36.44,-68.96267133821442,-68.97226306362926,-69.35770355333156,0.008376505471700593
intermediate,36.45,-68.9632539709954,-68.97281389142789,-69.35769798537588,0.008348630271272656
intermediate,36.46000000000001,-68.96383598743273,-68.97336420833622,-69.35769272213857,0.00832084783348919
intermediate,36.47,-68.96441738826842,-68.97391401474697,-69.35768776307849,0.008293157849656162
intermediate,36.480000000000004,-68.96499817424407,-68.9744633110536,-69.35768310765518,0.008265560012106762
intermediate,36.49,-68.96557834610091,-68.97501209765029,-69.35767875532885,0.008238054014198108
intermediate,36.50000000000001,-68.96615790457967,-68.97556037493194,-69.35767470556037,0.008210639550307685
intermediate,36.51,-68.9667368504207,-68.97610814329418,-69.35767095781132,0.008183316315830086
intermediate,36.52,-68.96731518436388,-68.97665540313335,-69.35766751154397,0.008156084007173499
intermediate,36.53,-68.9678929071487,-68.97720215484644,-69.35766436622123,0.008128942321756477
intermediate,36.540000000000006,-68.96847001951419,-68.97774839883121,-69.35766152130674,0.008101890958004418
intermediate,36.550000000000004,-68.96904652219894,-68.97829413548608,-69.35765897626477,0.008074929615346364
intermediate,36.56,-68.96962241594112,-68.97883936521015,-69.35765673056031,0.008048057994211572
intermediate,36.57000000000001,-68.97019770147844,-68.97938408840324,-69.357654783659,0.008021275796026156
intermediate,36.58,-68.97077237954821,-68.9799283054658,-69.35765313502719,0.00799458272320991
intermediate,36.59,-68.97134645088722,-68.98047201679897,-69.35765178413186,0.007967978479172824
intermediate,36.6,-68.9719199162319,-68.98101522280454,-69.35765073044074,0.007941462768311936
intermediate,36.61000000000001,-68.97249277631816,-68.98155792388499,-69.35764997342217,0.007915035296007938
intermediate,36.62,-68.97306503188152,-68.98210012044343,-69.35764951254521,0.007888695768622011
intermediate,36.63,-68.97363668365696,-68.98264181288363,-69.35764934727959,0.007862443893492436
intermediate,36.64000000000001,-68.97420773237911,-68.98318300160996,-69.35764947709569,0.00783627937893145
intermediate,36.65,-68.9747781787821,-68.98372368702749,-69.35764990146461,0.007810201934221983
intermediate,36.660000000000004,-68.97534802359957,-68.98426386954186,-69.35765061985813,0.007784211269614343
intermediate,36.67,-68.97591726756472,-68.98480354955937,-69.35765163174867,0.007758307096323132
intermediate,36.68000000000001,-68.97648591141031,-68.98534272748695,-69.3576529366093,0.007732489126523899
intermediate,36.69,-68.97705395586866,-68.98588140373212,-69.35765453391384,0.00770675707335009
intermediate,36.7,-68.97762140167151,-68.98641957870299,-69.35765642313679,0.007681110650889701
intermediate,36.71,-68.97818824955024,-68.98695725280832,-69.35765860375328,0.0076555495741822506
intermediate,36.720000000000006,-68.97875450023575,-68.98749442645743,-69.3576610752391,0.007630073559215476
intermediate,36.730000000000004,-68.97932015445839,-68.98803110006025,-69.35766383707075,0.007604682322922309
intermediate,36.74,-68.97988521294813,-68.98856727402732,-69.3576668887254,0.007579375583177647
intermediate,36.75000000000001,-68.98044967643442,-68.98910294876968,-69.3576702296809,0.0075541530587952006
intermediate,36.76,-68.98101354564625,-68.98963812469904,-69.3576738594158,0.007529014469524477
intermediate,36.77,-68.98157682131207,-68.99017280222762,-69.35767777740925,0.007503959536047529
intermediate,36.78,-68.98213950415995,-68.99070698176824,-69.35768198314115,0.007478987979975972
intermediate,36.790000000000006,-68.98270159491739,-68.99124066373426,-69.35768647609201,0.007454099523847784
intermediate,36.800000000000004,-68.98326309431148,-68.99177384853961,-69.35769125574306,0.007429293891124334
intermediate,36.81,-68.98382400306878,-68.99230653659878,-69.35769632157621,0.0074045708061872325
intermediate,36.82000000000001,-68.98438432191536,-68.99283872832673,-69.35770167307399,0.007379929994335247
intermediate,36.83,-68.98494405157676,-68.99337042413907,-69.35770730971969,0.0073553711817813654
intermediate,36.84,-68.98550319277811,-68.99390162445185,-69.35771323099715,0.0073308940956495995
intermediate,36.85,-68.98606174624405,-68.9944323296817,-69.357719436391,0.007306498463972124
intermediate,36.86000000000001,-68.98661971269864,-68.99496254024578,-69.35772592538648,0.007282184015686057
intermediate,36.87,-68.98717709286554,-68.99549225656175,-69.3577326974695,0.007257950480630659
intermediate,36.88,-68.98773388746778,-68.99602147904777,-69.35773975212669,0.007233797589544143
intermediate,36.89000000000001,-68.98829009722806,-68.99655020812254,-69.3577470888453,0.007209725074060825
intermediate,36.900000000000006,-68.98884572286846,-68.99707844420523,-69.35775470711326,0.0071857326667080735
intermediate,36.910000000000004,-68.98940076511057,-68.99760618771555,-69.35776260641921,0.007161820100903305
intermediate,36.92,-68.98995522467551,-68.99813343907367,-69.35777078625239,0.007137987110951136
intermediate,36.93000000000001,-68.9905091022839,-68.99866019870028,-69.35777924610275,0.00711423343204029
intermediate,36.94,-68.9910623986558,-68.99918646701653,-69.35778798546097,0.007090558800240782
intermediate,36.95,-68.9916151145108,-68.99971224444404,-69.35779700381826,0.007066962952500872
intermediate,36.96,-68.99216725056797,-69.00023753140493,-69.35780630066662,0.007043445626644269
intermediate,36.970000000000006,-68.99271880754587,-69.0007623283218,-69.35781587549867,0.007020006561367081
intermediate,36.980000000000004,-68.99326978616251,-69.00128663561766,-69.35782572780772,0.006996645496235013
intermediate,36.99,-68.99382018713548,-69.00181045371605,-69.35783585708772,0.00697336217168046
intermediate,37.00000000000001,-68.99437001118173,-69.0023337830409,-69.35784626283329,0.006950156328999544
intermediate,37.01,-68.99491925901775,-69.00285662401662,-69.35785694453975,0.006927027710349354
intermediate,37.02,-68.99546793135957,-69.0033789770681,-69.35786790170303,0.006903976058744972
intermediate,37.03,-68.99601602892255,-69.00390084262061,-69.3578791338198,0.006881001118056733
intermediate,37.040000000000006,-68.99656355242169,-69.0044222210999,-69.35789064038732,0.006858102633007253
intermediate,37.05,-68.99711050257136,-69.00494311293214,-69.3579024209036,0.00683528034916871
intermediate,37.06,-68.99765688008542,-69.0054635185439,-69.35791447486723,0.006812534012959904
intermediate,37.07000000000001,-68.9982026856772,-69.00598343836222,-69.35792680177754,0.006789863371643558
intermediate,37.08,-68.99874792005956,-69.00650287281454,-69.35793940113444,0.006767268173323431
intermediate,37.09,-68.99929258394472,-69.00702182232868,-69.3579522724386,0.006744748166941501
intermediate,37.1,-68.9998366780445,-69.00754028733293,-69.3579654151913,0.0067223031022752774
intermediate,37.11000000000001,-69.0003802030701,-69.00805826825592,-69.35797882889449,0.006699932729934895
intermediate,37.12,-69.00092315973215,-69.00857576552673,-69.35799251305077,0.006677636801360452
intermediate,37.13,-69.00146554874084,-69.0090927795748,-69.35800646716345,0.006655415068819152
intermediate,37.14000000000001,-69.00200737080577,-69.00960931083,-69.35802069073644,0.006633267285402642
intermediate,37.150000000000006,-69.00254862663601,-69.01012535972255,-69.35803518327437,0.006611193205024232
intermediate,37.160000000000004,-69.00308931694006,-69.01064092668305,-69.35804994428248,0.006589192582416104
intermediate,37.17,-69.00362944242593,-69.0111560121425,-69.35806497326674,0.0065672651731266945
intermediate,37.18000000000001,-69.00416900380104,-69.01167061653227,-69.3580802697337,0.006545410733517865
intermediate,37.19,-69.0047080017723,-69.01218474028408,-69.35809583319065,0.006523629020762323
intermediate,37.2,-69.00524643704607,-69.01269838383007,-69.35811166314546,0.006501919792840781
intermediate,37.21,-69.00578431032814,-69.01321154760268,-69.35812775910674,0.006480282808539396
intermediate,37.220000000000006,-69.00632162232375,-69.01372423203468,-69.3581441205837,0.006458717827446982
intermediate,37.230000000000004,-69.00685837373763,-69.01423643755929,-69.35816074708625,0.006437224609952436
intermediate,37.24,-69.0073945652739,-69.01474816461,-69.35817763812491,0.006415802917242017
intermediate,37.25000000000001,-69.00793019763617,-69.01525941362064,-69.35819479321094,0.006394452511296667
intermediate,37.26,-69.0084652715275,-69.01577018502547,-69.35821221185616,0.006373173154889469
intermediate,37.27,-69.00899978765037,-69.01628047925897,-69.35822989357311,0.0063519646115828814
intermediate,37.28,-69.0095337467067,-69.016790296756,-69.35824783787498,0.006330826645726228
intermediate,37.290000000000006,-69.0100671493979,-69.01729963795177,-69.35826604427562,0.006309759022452975
intermediate,37.3,-69.01059999642473,-69.01780850328176,-69.35828451228953,0.0062887615076782375
intermediate,37.31,-69.01113228848747,-69.0183168931818,-69.35830324143184,0.006267833868096051
intermediate,37.32000000000001,-69.01166402628584,-69.01882480808804,-69.35832223121838,0.006246975871176877
intermediate,37.330000000000005,-69.01219521051895,-69.01933224843691,-69.3583414811656,0.006226187285165003
intermediate,37.34,-69.01272584188536,-69.01983921466517,-69.35836099079064,0.0062054678790758955
intermediate,37.35,-69.01325592108307,-69.02034570720988,-69.35838075961128,0.006184817422693744
intermediate,37.36000000000001,-69.01378544880951,-69.02085172650838,-69.35840078714592,0.00616423568656879
intermediate,37.37,-69.01431442576158,-69.02135727299834,-69.35842107291367,0.0061437224420149
intermediate,37.38,-69.01484285263557,-69.02186234711766,-69.35844161643428,0.006123277461106895
intermediate,37.39,-69.01537073012719,-69.02236694930457,-69.3584624172281,0.006102900516678132
intermediate,37.400000000000006,-69.0158980589316,-69.02287107999757,-69.35848347481621,0.0060825913823178805
intermediate,37.410000000000004,-69.01642483974341,-69.02337473963546,-69.35850478872028,0.006062349832368906
intermediate,37.42,-69.0169510732566,-69.02387792865726,-69.3585263584627,0.006042175641924892
intermediate,37.43000000000001,-69.01747676016464,-69.02438064750231,-69.35854818356643,0.006022068586827935
intermediate,37.44,-69.01800190116037,-69.02488289661017,-69.35857026355515,0.006002028443666138
intermediate,37.45,-69.01852649693609,-69.02538467642071,-69.35859259795315,0.0059820549897710035
intermediate,37.46,-69.01905054818351,-69.02588598737405,-69.35861518628538,0.005962148003215097
intermediate,37.470000000000006,-69.01957405559376,-69.02638682991054,-69.35863802807744,0.005942307262809434
intermediate,37.480000000000004,-69.0200970198574,-69.02688720447077,-69.35866112285558,0.0059225325481011585
intermediate,37.49,-69.02061944166434,-69.0273871114956,-69.3586844701467,0.005902823639371032
intermediate,37.50000000000001,-69.02114132170405,-69.02788655142615,-69.35870806947837,0.00588318031763095
intermediate,37.510000000000005,-69.02166266066529,-69.02838552470374,-69.35873192037879,0.005863602364621601
intermediate,37.52,-69.02218345923629,-69.02888403176995,-69.3587560223768,0.005844089562809945
intermediate,37.53,-69.02270371810468,-69.02938207306657,-69.35878037500186,0.005824641695386906
intermediate,37.540000000000006,-69.02322343795751,-69.02987964903565,-69.35880497778415,0.00580525854626484
intermediate,37.55,-69.02374261948125,-69.03037676011942,-69.35882983025445,0.0057859399000752465
intermediate,37.56,-69.02426126336177,-69.03087340676039,-69.35885493194417,0.005766685542166275
intermediate,37.57000000000001,-69.02477937028436,-69.03136958940125,-69.35888028238541,0.005747495258600439
intermediate,37.580000000000005,-69.02529694093371,-69.03186530848487,-69.35890588111089,0.005728368836152172
intermediate,37.59,-69.02581397599393,-69.03236056445441,-69.35893172765398,0.005709306062305447
intermediate,37.6,-69.02633047614853,-69.03285535775314,-69.35895782154867,0.005690306725251502
intermediate,37.61000000000001,-69.02684644208043,-69.03334968882461,-69.35898416232965,0.005671370613886369
intermediate,37.62,-69.02736187447195,-69.03384355811255,-69.3590107495322,0.0056524975178086365
intermediate,37.63,-69.02787677400481,-69.03433696606086,-69.35903758269225,0.005633687227317019
intermediate,37.64,-69.02839114136019,-69.03482991311364,-69.35906466134644,0.005614939533408123
intermediate,37.650000000000006,-69.02890497721859,-69.03532239971523,-69.35909198503192,0.005596254227774023
intermediate,37.660000000000004,-69.02941828225994,-69.03581442631005,-69.35911955328662,0.0055776311028000215
intermediate,37.67,-69.02993105716362,-69.03630599334282,-69.35914736564901,0.00555906995156234
intermediate,37.68000000000001,-69.03044330260833,-69.03679710125832,-69.35917542165826,0.005540570567825746
intermediate,37.69,-69.03095501927226,-69.03728775050159,-69.35920372085417,0.005522132746041361
intermediate,37.7,-69.03146620783292,-69.03777794151782,-69.35923226277714,0.005503756281344286
intermediate,37.71,-69.03197686896725,-69.03826767475233,-69.35926104696826,0.005485440969551419
intermediate,37.720000000000006,-69.03248700335159,-69.03875695065067,-69.35929007296922,0.005467186607159083
intermediate,37.73,-69.03299661166166,-69.03924576965848,-69.35931934032239,0.005448992991340861
intermediate,37.74,-69.03350569457264,-69.03973413222161,-69.35934884857075,0.005430859919945254
intermediate,37.75000000000001,-69.03401425275898,-69.04022203878604,-69.3593785972579,0.0054127871914935195
intermediate,37.760000000000005,-69.03452228689463,-69.04070948979789,-69.35940858592811,0.005394774605177398
intermediate,37.77,-69.03502979765291,-69.04119648570345,-69.35943881412629,0.0053768219608568155
intermediate,37.78,-69.03553678570648,-69.04168302694914,-69.35946928139796,0.005358929059057797
intermediate,37.790000000000006,-69.03604325172748,-69.04216911398153,-69.3594999872893,0.005341095700970108
intermediate,37.8,-69.03654919638736,-69.04265474724731,-69.35953093134708,0.005323321688445172
intermediate,37.81,-69.03705462035697,-69.04313992719332,-69.35956211311877,0.0053056068239937535
intermediate,37.82000000000001,-69.03755952430662,-69.04362465426654,-69.35959353215242,0.005287950910783849
intermediate,37.830000000000005,-69.03806390890595,-69.04410892891406,-69.35962518799673,0.005270353752638479
intermediate,37.84,-69.03856777482396,-69.04459275158307,-69.35965708020103,0.005252815154033463
intermediate,37.85,-69.03907112272908,-69.0450761227209,-69.35968920831534,0.0052353349200953215
intermediate,37.86000000000001,-69.03957395328915,-69.04555904277504,-69.35972157189023,0.005217912856599028
intermediate,37.87,-69.04007626717134,-69.04604151219306,-69.35975417047692,0.005200548769965946
intermediate,37.88,-69.04057806504224,-69.0465235314226,-69.35978700362729,0.005183242467261583
intermediate,37.89,-69.04107934756777,-69.04700510091148,-69.35982007089382,0.005165993756193523
intermediate,37.900000000000006,-69.04158011541331,-69.04748622110758,-69.35985337182966,0.005148802445109223
intermediate,37.910000000000004,-69.04208036924356,-69.0479668924589,-69.35988690598856,0.005131668342993954
intermediate,37.92,-69.04258010972266,-69.04844711541354,-69.3599206729249,0.005114591259468635
intermediate,37.93000000000001,-69.04307933751409,-69.04892689041968,-69.35995467219368,0.005097571004787692
intermediate,37.940000000000005,-69.04357805328065,-69.0494062179256,-69.35998890335055,0.005080607389837039
intermediate,37.95,-69.04407625768467,-69.04988509837966,-69.3600233659518,0.005063700226131866
intermediate,37.96,-69.0445739513877,-69.05036353223034,-69.3600580595543,0.005046849325814644
intermediate,37.970000000000006,-69.04507113505079,-69.05084151992615,-69.36009298371559,0.005030054501652952
intermediate,37.98,-69.04556780933432,-69.05131906191575,-69.36012813799381,0.005013315567037485
intermediate,37.99,-69.04606397489803,-69.05179615864783,-69.36016352194777,0.004996632335979886
intermediate,38.00000000000001,-69.04655963240103,-69.05227281057114,-69.36019913513681,0.004980004623110756
intermediate,38.010000000000005,-69.04705478250186,-69.05274901813455,-69.360234977121,0.004963432243677575
intermediate,38.02,-69.04754942585842,-69.05322478178697,-69.36027104746098,0.0049469150135426
intermediate,38.03,-69.04804356312789,-69.05370010197737,-69.36030734571803,0.004930452749180902
intermediate,38.040000000000006,-69.04853719496695,-69.0541749791548,-69.36034387145405,0.0049140452676782395
intermediate,38.05,-69.04903032203157,-69.05464941376833,-69.36038062423152,0.0048976923867291204
intermediate,38.06,-69.04952294497714,-69.05512340626717,-69.36041760361364,0.004881393924634672
intermediate,38.07,-69.0500150644584,-69.05559695710049,-69.36045480916414,0.004865149700300737
intermediate,38.080000000000005,-69.05050668112948,-69.05607006671758,-69.36049224044743,0.004848959533235729
intermediate,38.09,-69.05099779564382,-69.05654273556776,-69.36052989702847,0.004832823243548754
intermediate,38.1,-69.05148840865434,-69.05701496410038,-69.36056777847293,0.004816740651947551
intermediate,38.11000000000001,-69.05197852081317,-69.0574867527648,-69.36060588434704,0.004800711579736472
intermediate,38.120000000000005,-69.05246813277196,-69.0579581020105,-69.36064421421767,0.004784735848814568
intermediate,38.13,-69.05295724518167,-69.05842901228696,-69.3606827676523,0.004768813281673529
intermediate,38.14,-69.05344585869263,-69.05889948404369,-69.36072154421906,0.004752943701395807
intermediate,38.150000000000006,-69.0539339739545,-69.05936951773022,-69.36076054348662,0.0047371269316525445
intermediate,38.160000000000004,-69.05442159161638,-69.05983911379613,-69.36079976502435,0.0047213627967017
intermediate,38.17,-69.05490871232662,-69.060308272691,-69.3608392084022,0.00470565112138607
intermediate,38.18000000000001,-69.05539533673307,-69.06077699486448,-69.36087887319071,0.004689991731131306
intermediate,38.190000000000005,-69.0558814654829,-69.06124528076623,-69.36091875896112,0.004674384451944034
intermediate,38.2,-69.05636709922258,-69.06171313084585,-69.36095886528518,0.004658829110409862
intermediate,38.21,-69.056852238598,-69.06218054555305,-69.36099919173535,0.004643325533691527
intermediate,38.220000000000006,-69.05733688425441,-69.06264752533752,-69.36103973788461,0.004627873549526883
intermediate,38.23,-69.05782103683646,-69.06311407064898,-69.36108050330665,0.004612472986227077
intermediate,38.24,-69.05830469698803,-69.06358018193708,-69.3611214875757,0.00459712367267456
intermediate,38.25000000000001,-69.05878786535251,-69.06404585965157,-69.36116269026664,0.00458182543832126
intermediate,38.260000000000005,-69.05927054257259,-69.06451110424217,-69.36120411095494,0.004566578113186643
intermediate,38.27,-69.05975272929028,-69.06497591615856,-69.36124574921672,0.00455138152785581
intermediate,38.28,-69.06023442614705,-69.06544029585046,-69.36128760462863,0.004536235513477678
intermediate,38.290000000000006,-69.06071563378363,-69.0659042437676,-69.36132967676802,0.004521139901763023
intermediate,38.3,-69.06119635284017,-69.06636776035964,-69.3613719652128,0.004506094524982688
intermediate,38.31,-69.06167658395613,-69.06683084607627,-69.36141446954151,0.004491099215965643
intermediate,38.32,-69.0621563277704,-69.06729350136719,-69.3614571893333,0.004476153808097216
intermediate,38.330000000000005,-69.06263558492114,-69.06775572668201,-69.36150012416786,0.004461258135317144
intermediate,38.34,-69.06311435604596,-69.06821752247043,-69.36154327362561,0.004446412032117802
intermediate,38.35,-69.06359264178175,-69.06867888918201,-69.36158663728752,0.004431615333542352
intermediate,38.36000000000001,-69.06407044276476,-69.06913982726635,-69.36163021473513,0.004416867875182855
intermediate,38.370000000000005,-69.06454775963067,-69.06960033717303,-69.36167400555061,0.004402169493178538
intermediate,38.38,-69.06502459301441,-69.07006041935158,-69.36171800931676,0.004387520024213865
intermediate,38.39,-69.06550094355039,-69.07052007425153,-69.36176222561696,0.004372919305516834
intermediate,38.400000000000006,-69.06597681187225,-69.07097930232231,-69.36180665403519,0.004358367174857064
intermediate,38.41,-69.06645219861306,-69.0714381040134,-69.36185129415607,0.004343863470544088
intermediate,38.42,-69.06692710440525,-69.07189647977418,-69.36189614556476,0.004329408031425467
intermediate,38.43000000000001,-69.06740152988056,-69.07235443005403,-69.3619412078471,0.0043150006968850655
intermediate,38.440000000000005,-69.06787547567009,-69.07281195530227,-69.36198648058947,0.004300641306841256
intermediate,38.45,-69.06834894240433,-69.07326905596814,-69.3620319633789,0.004286329701745094
intermediate,38.46,-69.06882193071306,-69.07372573250088,-69.36207765580296,0.004272065722578612
intermediate,38.470000000000006,-69.06929444122547,-69.07418198534968,-69.36212355744989,0.004257849210852988
intermediate,38.48,-69.0697664745701,-69.07463781496367,-69.36216966790847,0.004243680008606856
intermediate,38.49,-69.0702380313748,-69.07509322179187,-69.36221598676815,0.004229557958404471
intermediate,38.50000000000001,-69.0707091122668,-69.07554820628337,-69.36226251361889,0.0042154829033340235
intermediate,38.510000000000005,-69.07117971787267,-69.07600276888705,-69.36230924805132,0.004201454687005883
intermediate,38.52,-69.07164984881837,-69.07645691005185,-69.36235618965664,0.004187473153550814
intermediate,38.53,-69.07211950572912,-69.07691063022658,-69.36240333802664,0.004173538147618319
intermediate,38.540000000000006,-69.07258868922958,-69.07736392986001,-69.36245069275373,0.004159649514374834
intermediate,38.550000000000004,-69.07305739994372,-69.07781680940083,-69.36249825343089,0.004145807099502093
intermediate,38.56,-69.07352563849487,-69.07826926929764,-69.3625460196517,0.004132010749195325
intermediate,38.57,-69.07399340550566,-69.07872130999903,-69.36259399101037,0.004118260310161621
intermediate,38.580000000000005,-69.07446070159817,-69.07917293195345,-69.36264216710165,0.004104555629618165
intermediate,38.59,-69.07492752739375,-69.07962413560934,-69.36269054752096,0.0040908965552906035
intermediate,38.6,-69.07539388351312,-69.08007492141496,-69.3627391318642,0.004077282935411307
intermediate,38.61000000000001,-69.0758597705763,-69.0805252898186,-69.36278791972796,0.004063714618717673
intermediate,38.620000000000005,-69.07632518920275,-69.08097524126838,-69.36283691070939,0.00405019145445051
intermediate,38.63,-69.07679014001123,-69.08142477621239,-69.36288610440623,0.004036713292352281
intermediate,38.64,-69.07725462361984,-69.08187389509862,-69.36293550041684,0.004023279982665504
intermediate,38.650000000000006,-69.07771864064601,-69.08232259837494,-69.36298509834012,0.004009891376131026
intermediate,38.66,-69.07818219170659,-69.08277088648917,-69.36303489777556,0.003996547323986438
intermediate,38.67,-69.07864527741765,-69.08321875988901,-69.36308489832331,0.003983247677964332
intermediate,38.68000000000001,-69.07910789839477,-69.08366621902205,-69.36313509958404,0.003969992290290743
intermediate,38.690000000000005,-69.0795700552527,-69.08411326433583,-69.36318550115904,0.0039567810136834514
intermediate,38.7,-69.08003174860566,-69.08455989627772,-69.36323610265018,0.0039436137013503444
intermediate,38.71,-69.08049297906722,-69.08500611529507,-69.36328690365991,0.003930490206987833
intermediate,38.720000000000006,-69.08095374725018,-69.08545192183507,-69.36333790379128,0.003917410384779164
intermediate,38.730000000000004,-69.0814140537668,-69.0858973163448,-69.3633891026479,0.003904374089392857
intermediate,38.74,-69.08187389922863,-69.08634229927128,-69.36344049983401,0.003891381175981035
intermediate,38.75,-69.08233328424659,-69.08678687106138,-69.3634920949544,0.00387843150017788
intermediate,38.760000000000005,-69.0827922094309,-69.08723103216184,-69.36354388761444,0.0038655249180979553
intermediate,38.77,-69.08325067539118,-69.08767478301934,-69.36359587742012,0.0038526612863346633
intermediate,38.78,-69.08370868273637,-69.0881181240804,-69.36364806397799,0.0038398404619586443
intermediate,38.790000000000006,-69.08416623207472,-69.08856105579142,-69.3637004468952,0.0038270623025161445
intermediate,38.800000000000004,-69.08462332401389,-69.08900357859872,-69.36375302577942,0.003814326666027497
intermediate,38.81,-69.08507995916082,-69.08944569294846,-69.363805800239,0.0038016334109854813
intermediate,38.82,-69.08553613812185,-69.0898873992867,-69.3638587698828,0.0037889823963538206
intermediate,38.830000000000005,-69.0859918615026,-69.09032869805932,-69.36391193432029,0.003776373481565539
intermediate,38.84,-69.0864471299081,-69.09076958971218,-69.3639652931615,0.003763806526521456
intermediate,38.85,-69.08690194394264,-69.09121007469088,-69.36401884601703,0.003751281391588622
intermediate,38.86000000000001,-69.08735630420996,-69.09165015344098,-69.36407259249812,0.0037387979375987264
intermediate,38.870000000000005,-69.08781021131301,-69.09208982640787,-69.3641265322165,0.0037263560258466084
intermediate,38.88,-69.08826366585421,-69.0925290940368,-69.36418066478457,0.003713955518088661
intermediate,38.89,-69.08871666843524,-69.09296795677291,-69.36423498981524,0.0037015962765413555
intermediate,38.900000000000006,-69.08916921965718,-69.09340641506118,-69.36428950692202,0.003689278163879643
intermediate,38.91,-69.08962132012037,-69.09384446934644,-69.36434421571899,0.003677001043235491
intermediate,38.92,-69.09007297042457,-69.09428212007339,-69.36439911582082,0.003664764778196306
intermediate,38.93000000000001,-69.09052417116884,-69.09471936768658,-69.36445420684274,0.003652569232803474
intermediate,38.940000000000005,-69.09097492295162,-69.0951562126304,-69.36450948840054,0.0036404142715508133
intermediate,38.95,-69.09142522637062,-69.09559265534915,-69.36456496011064,0.003628299759383057
intermediate,38.96,-69.09187508202294,-69.09602869628688,-69.36462062158996,0.00361622556169441
intermediate,38.970000000000006,-69.09232449050505,-69.09646433588757,-69.36467647245604,0.0036041915443269755
intermediate,38.980000000000004,-69.09277345241271,-69.09689957459504,-69.364732512327,0.0035921975735693492
intermediate,38.99,-69.09322196834101,-69.0973344128529,-69.36478874082148,0.00358024351615504
intermediate,39.0,-69.09367003888445,-69.09776885110466,-69.36484515755873,0.003568329239261087
intermediate,39.010000000000005,-69.09411766463683,-69.09820288979364,-69.36490176215858,0.003556454610506493
intermediate,39.02,-69.09456484619126,-69.098636529363,-69.3649585542414,0.0035446194979508318
intermediate,39.03,-69.09501158414022,-69.09906977025574,-69.36501553342812,0.003532823770092732
intermediate,39.040000000000006,-69.09545787907552,-69.09950261291468,-69.36507269934029,0.003521067295868414
intermediate,39.050000000000004,-69.09590373158834,-69.0999350577825,-69.36513005159998,0.003509349944650285
intermediate,39.06,-69.09634914226916,-69.10036710530173,-69.36518758982982,0.003497671586245416
intermediate,39.07,-69.09679411170784,-69.10079875591465,-69.36524531365305,0.0034860320908941624
intermediate,39.080000000000005,-69.09723864049354,-69.10123001006347,-69.3653032226935,0.0034744313292686636
intermediate,39.089999999999996,-69.09768272921477,-69.10166086819017,-69.36536131657545,0.0034628691724714663
intermediate,39.1,-69.0981263784594,-69.10209133073653,-69.36541959492386,0.0034513454920340283
intermediate,39.11000000000001,-69.09856958881464,-69.1025213981442,-69.3654780573642,0.003439860159915339
intermediate,39.120000000000005,-69.099012360867,-69.10295107085466,-69.36553670352254,0.003428413048500492
intermediate,39.13,-69.09945469520238,-69.10338034930918,-69.36559553302546,0.003417004030599228
intermediate,39.14,-69.09989659240598,-69.10380923394884,-69.36565454550013,0.003405632979444575
intermediate,39.150000000000006,-69.10033805306239,-69.10423772521456,-69.3657137405743,0.0033942997686913887
intermediate,39.160000000000004,-69.10077907775543,-69.10466582354707,-69.36577311787623,0.0033830042724150066
intermediate,39.17,-69.10121966706839,-69.1050935293869,-69.36583267703482,0.0033717463651097832
intermediate,39.18000000000001,-69.10165982158387,-69.10552084317443,-69.36589241767946,0.0033605259216877466
intermediate,39.190000000000005,-69.10209954188373,-69.10594776534984,-69.36595233944014,0.0033493428174772
intermediate,39.2,-69.10253882854924,-69.10637429635307,-69.36601244194739,0.0033381969282213
intermediate,39.21,-69.10297768216101,-69.1068004366239,-69.36607272483228,0.00332708813007673
intermediate,39.220000000000006,-69.10341610329894,-69.10722618660193,-69.36613318772649,0.0033160162996122696
intermediate,39.230000000000004,-69.10385409254232,-69.10765154672656,-69.36619383026219,0.0033049813138074854
intermediate,39.24,-69.10429165046976,-69.10807651743697,-69.36625465207217,0.0032939830500512946
intermediate,39.25,-69.10472877765922,-69.10850109917217,-69.36631565278977,0.003283021386140666
intermediate,39.260000000000005,-69.105165474688,-69.10892529237097,-69.36637683204883,0.003272096200279206
intermediate,39.27,-69.10560174213269,-69.10934909747193,-69.3664381894838,0.0032612073710758566
intermediate,39.28,-69.10603758056928,-69.10977251491347,-69.36649972472966,0.0032503547775435244
intermediate,39.290000000000006,-69.10647299057305,-69.11019554513376,-69.36656143742195,0.00323953829909771
intermediate,39.300000000000004,-69.10690797271872,-69.11061818857078,-69.36662332719676,0.0032287578155552193
intermediate,39.31,-69.10734252758022,-69.11104044566231,-69.36668539369074,0.003218013207132778
intermediate,39.32,-69.10777665573087,-69.11146231684592,-69.3667476365411,0.0032073043544457542
intermediate,39.330000000000005,-69.10821035774335,-69.11188380255894,-69.36681005538557,0.0031966311385067704
intermediate,39.34,-69.1086436341897,-69.11230490323852,-69.36687264986246,0.0031859934407244403
intermediate,39.35,-69.10907648564122,-69.11272561932162,-69.36693541961058,0.0031753911429019993
intermediate,39.36000000000001,-69.10950891266862,-69.11314595124493,-69.36699836426939,0.00316482412723604
intermediate,39.370000000000005,-69.10994091584193,-69.11356589944495,-69.3670614834788,0.0031542922763151703
intermediate,39.38,-69.1103724957305,-69.11398546435794,-69.36712477687932,0.0031437954731187026
intermediate,39.39,-69.11080365290304,-69.11440464641997,-69.367188244112,0.0031333336010154
intermediate,39.400000000000006,-69.1112343879276,-69.1148234460669,-69.36725188481842,0.003122906543762117
intermediate,39.410000000000004,-69.11166470137157,-69.11524186373431,-69.36731569864071,0.0031125141855025654
intermediate,39.42,-69.11209459380167,-69.11565989985765,-69.36737968522158,0.0031021564107659772
intermediate,39.43,-69.11252406578396,-69.11607755487204,-69.36744384420425,0.003091833104465876
intermediate,39.440000000000005,-69.11295311788388,-69.11649482921244,-69.36750817523247,0.0030815441518987395
intermediate,39.45,-69.11338175066612,-69.11691172331356,-69.36757267795059,0.003071289438742769
intermediate,39.46,-69.11380996469481,-69.11732823760991,-69.36763735200347,0.0030610688510566133
intermediate,39.470000000000006,-69.11423776053336,-69.11774437253573,-69.3677021970365,0.0030508822752780664
intermediate,39.480000000000004,-69.11466513874457,-69.11816012852502,-69.36776721269563,0.0030407295982228604
intermediate,39.49,-69.11509209989046,-69.11857550601161,-69.36783239862736,0.0030306107070833545
intermediate,39.5,-69.11551864453261,-69.11899050542907,-69.36789775447872,0.0030205254894273364
intermediate,39.510000000000005,-69.11594477323172,-69.1194051272107,-69.36796327989727,0.0030104738331967152
intermediate,39.52,-69.11637048654794,-69.11981937178957,-69.36802897453114,0.0030004556267063213
intermediate,39.53,-69.11679578504076,-69.12023323959856,-69.36809483802898,0.002990470758642657
intermediate,39.540000000000006,-69.11722066926897,-69.1206467310703,-69.36816087003999,0.002980519118062627
intermediate,39.550000000000004,-69.11764513979078,-69.12105984663711,-69.36822707021388,0.0029706005943923555
intermediate,39.56,-69.11806919716362,-69.12147258673114,-69.36829343820092,0.002960715077425909
intermediate,39.57,-69.11849284194437,-69.12188495178428,-69.36835997365192,0.002950862457324124
intermediate,39.580000000000005,-69.11891607468921,-69.12229694222817,-69.3684266762182,0.0029410426246133273
intermediate,39.59,-69.11933889595365,-69.12270855849421,-69.36849354555167,0.002931255470184182
intermediate,39.6,-69.11976130629256,-69.12311980101354,-69.36856058130473,0.0029215008852904083
intermediate,39.61000000000001,-69.12018330626013,-69.12353067021706,-69.36862778313032,0.002911778761547639
intermediate,39.620000000000005,-69.12060489640993,-69.12394116653543,-69.36869515068193,0.0029020889909321845
intermediate,39.63,-69.12102607729487,-69.12435129039905,-69.36876268361357,0.002892431465779814
intermediate,39.64,-69.12144684946713,-69.12476104223806,-69.36883038157978,0.002882806078784604
intermediate,39.650000000000006,-69.12186721347835,-69.12517042248237,-69.36889824423565,0.002873212722997698
intermediate,39.660000000000004,-69.12228716987939,-69.1255794315616,-69.3689662712368,0.002863651291826171
intermediate,39.67,-69.12270671922053,-69.12598806990516,-69.36903446223934,0.002854121679031787
intermediate,39.68,-69.12312586205144,-69.1263963379422,-69.3691028169,0.002844623778729871
intermediate,39.690000000000005,-69.12354459892097,-69.12680423610155,-69.36917133487593,0.0028351574853880887
intermediate,39.7,-69.12396293037747,-69.12721176481186,-69.36924001582487,0.0028257226938253146
intermediate,39.71,-69.1243808569686,-69.12761892450148,-69.36930885940512,0.002816319299210437
intermediate,39.720000000000006,-69.1247983792413,-69.1280257155985,-69.36937786527541,0.002806947197061185
intermediate,39.730000000000004,-69.12521549774188,-69.12843213853074,-69.36944703309513,0.002797606283243007
intermediate,39.74,-69.12563221301605,-69.1288381937258,-69.36951636252405,0.002788296453967865
intermediate,39.75,-69.12604852560881,-69.12924388161096,-69.3695858532226,0.0027790176057931244
intermediate,39.760000000000005,-69.12646443606451,-69.12964920261328,-69.36965550485165,0.002769769635620366
intermediate,39.77,-69.12687994492681,-69.1300541571595,-69.36972531707262,0.0027605524406942826
intermediate,39.78,-69.12729505273887,-69.13045874567617,-69.36979528954748,0.0027513659186014926
intermediate,39.790000000000006,-69.12770976004299,-69.1308629685895,-69.36986542193867,0.0027422099672694345
intermediate,39.800000000000004,-69.12812406738094,-69.13126682632546,-69.36993571390919,0.002733084484965233
intermediate,39.81,-69.12853797529378,-69.13167031930975,-69.37000616512256,0.0027239893702945325
intermediate,39.82,-69.12895148432196,-69.1320734479678,-69.37007677524284,0.0027149245222004206
intermediate,39.830000000000005,-69.12936459500527,-69.13247621272477,-69.37014754393456,0.0027058898399622577
intermediate,39.84,-69.12977730788279,-69.1328786140055,-69.37021847086281,0.002696885223194606
intermediate,39.85,-69.13018962349301,-69.13328065223465,-69.3702895556932,0.0026879105718460644
intermediate,39.86000000000001,-69.13060154237378,-69.13368232783651,-69.37036079809185,0.0026789657861981944
intermediate,39.870000000000005,-69.1310130650622,-69.13408364123514,-69.3704321977254,0.002670050766864406
intermediate,39.88,-69.13142419209481,-69.13448459285428,-69.370503754261,0.0026611654147888227
intermediate,39.89,-69.13183492400745,-69.13488518311746,-69.37057546736635,0.002652309631245234
intermediate,39.900000000000006,-69.13224526133534,-69.13528541244789,-69.3706473367096,0.0026434833178359415
intermediate,39.910000000000004,-69.13265520461299,-69.13568528126847,-69.37071936195952,0.002634686376490715
intermediate,39.92,-69.13306475437436,-69.13608479000189,-69.37079154278528,0.00262591870946566
intermediate,39.93,-69.13347391115265,-69.13648393907049,-69.37086387885667,0.0026171802193421766
intermediate,39.940000000000005,-69.13388267548046,-69.13688272889634,-69.37093636984393,0.002608470809025829
intermediate,39.95,-69.13429104788976,-69.13728115990125,-69.37100901541783,0.0025997903817453045
intermediate,39.96,-69.1346990289118,-69.13767923250674,-69.37108181524967,0.0025911388410513312
intermediate,39.970000000000006,-69.13510661907725,-69.138076947134,-69.37115476901121,0.002582516090815578
intermediate,39.980000000000004,-69.13551381891605,-69.138474304204,-69.37122787637482,0.0025739220352296297
intermediate,39.99,-69.13592062895763,-69.13887130413737,-69.37130113701329,0.0025653565788038802
intermediate,40.0,-69.13632704973062,-69.13926794735445,-69.37137455059995,0.002556819626366517
intermediate,40.010000000000005,-69.13673308176304,-69.13966423427533,-69.37144811680868,0.002548311083062414
intermediate,40.02,-69.13713872558232,-69.14006016531975,-69.37152183531381,0.0025398308543521215
intermediate,40.03,-69.13754398171518,-69.14045574090721,-69.3715957057902,0.0025313788460107787
intermediate,40.040000000000006,-69.1379488506877,-69.1408509614569,-69.37166972791324,0.0025229549641271032
intermediate,40.050000000000004,-69.13835333302536,-69.1412458273877,-69.37174390135883,0.002514559115102324
intermediate,40.06,-69.13875742925292,-69.14164033911821,-69.37181822580332,0.0025061912056491306
intermediate,40.07,-69.13916113989454,-69.14203449706673,-69.37189270092364,0.0024978511427906796
intermediate,40.080000000000005,-69.13956446547371,-69.14242830165125,-69.3719673263972,0.002489538833859509
intermediate,40.09,-69.13996740651328,-69.1428217532895,-69.37204210190188,0.002481254186496554
intermediate,40.1,-69.14036996353543,-69.14321485239884,-69.37211702711613,0.0024729971086500805
intermediate,40.11,-69.14077213706175,-69.14360759939639,-69.37219210171887,0.002464767508574707
intermediate,40.120000000000005,-69.14117392761308,-69.14399999469896,-69.3722673253895,0.002456565294830339
intermediate,40.13,-69.14157533570976,-69.14439203872305,-69.37234269780797,0.0024483903762811837
intermediate,40.14,-69.14197636187134,-69.14478373188486,-69.3724182186547,0.0024402426620947384
intermediate,40.150000000000006,-69.14237700661684,-69.14517507460027,-69.37249388761063,0.002432122061740751
intermediate,40.160000000000004,-69.14277727046453,-69.14556606728489,-69.3725697043572,0.002424028484990253
intermediate,40.17,-69.14317715393211,-69.14595671035399,-69.37264566857635,0.0024159618419145215
intermediate,40.18,-69.14357665753663,-69.14634700422256,-69.37272177995052,0.002407922042884117
intermediate,40.190000000000005,-69.14397578179442,-69.14673694930528,-69.37279803816263,0.0023999089985678444
intermediate,40.20000000000001,-69.14437452722127,-69.14712654601648,-69.37287444289612,0.002391922619931804
intermediate,40.21,-69.14477289433223,-69.14751579477026,-69.37295099383496,0.0023839628182383754
intermediate,40.220000000000006,-69.14517088364182,-69.14790469598033,-69.37302769066356,0.0023760295050452252
intermediate,40.230000000000004,-69.14556849566377,-69.14829325006014,-69.37310453306685,0.00236812259220436
intermediate,40.24,-69.14596573091129,-69.14868145742282,-69.37318152073026,0.0023602419918611
intermediate,40.25,-69.14636258989688,-69.14906931848118,-69.37325865333972,0.002352387616453148
intermediate,40.260000000000005,-69.14675907313242,-69.1494568336477,-69.37333593058166,0.002344559378709574
intermediate,40.27,-69.14715518112914,-69.14984400333461,-69.37341335214299,0.00233675719164989
intermediate,40.28,-69.14755091439764,-69.15023082795376,-69.37349091771111,0.0023289809685830393
intermediate,40.290000000000006,-69.14794627344787,-69.15061730791672,-69.37356862697393,0.002321230623106465
intermediate,40.300000000000004,-69.14834125878915,-69.1510034436347,-69.37364647961986,0.002313506069105145
intermediate,40.31,-69.14873587093012,-69.15138923551866,-69.37372447533781,0.002305807220750613
intermediate,40.32,-69.1491301103788,-69.15177468397921,-69.37380261381713,0.002298133992500038
intermediate,40.330000000000005,-69.14952397764263,-69.15215978942662,-69.3738808947477,0.002290486299095239
intermediate,40.34,-69.1499174732283,-69.1525445522709,-69.37395931781991,0.002282864055561778
intermediate,40.35,-69.15031059764196,-69.15292897292167,-69.37403788272461,0.0022752671772079728
intermediate,40.36,-69.15070335138901,-69.15331305178829,-69.37411658915312,0.0022676955796239926
intermediate,40.370000000000005,-69.15109573497435,-69.15369678927975,-69.3741954367973,0.0022601491786808886
intermediate,40.38000000000001,-69.15148774890211,-69.15408018580476,-69.37427442534948,0.0022526278905296905
intermediate,40.39,-69.15187939367584,-69.15446324177165,-69.37435355450248,0.0022451316316004556
intermediate,40.400000000000006,-69.1522706697985,-69.15484595758853,-69.37443282394956,0.002237660318601331
intermediate,40.410000000000004,-69.15266157777229,-69.15522833366309,-69.37451223338455,0.002230213868517662
intermediate,40.42,-69.15305211809891,-69.1556103704027,-69.37459178250168,0.002222792198611028
intermediate,40.43,-69.1534422912793,-69.15599206821447,-69.37467147099575,0.0022153952264183626
intermediate,40.440000000000005,-69.15383209781386,-69.15637342750516,-69.37475129856199,0.0022080228697509987
intermediate,40.45,-69.15422153820232,-69.15675444868117,-69.37483126489613,0.002200675046693799
intermediate,40.46,-69.15461061294373,-69.15713513214861,-69.37491136969439,0.0021933516756041985
intermediate,40.470000000000006,-69.15499932253655,-69.15751547831321,-69.37499161265345,0.0021860526751113357
intermediate,40.480000000000004,-69.15538766747859,-69.15789548758045,-69.37507199347048,0.0021787779641151365
intermediate,40.49,-69.15577564826707,-69.15827516035543,-69.37515251184317,0.0021715274617853924
intermediate,40.5,-69.15616326539849,-69.15865449704292,-69.37523316746966,0.0021643010875609064
intermediate,40.510000000000005,-69.15655051936876,-69.15903349804738,-69.37531396004854,0.0021570987611485406
intermediate,40.52,-69.15693741067318,-69.1594121637729,-69.37539488927895,0.0021499204025223853
intermediate,40.53,-69.1573239398064,-69.15979049462331,-69.37547595486045,0.002142765931922816
intermediate,40.540000000000006,-69.15771010726239,-69.16016849100204,-69.3755571564931,0.0021356352698556473
intermediate,40.550000000000004,-69.15809591353452,-69.1605461533122,-69.37563849387746,0.0021285283370912306
intermediate,40.56,-69.1584813591156,-69.1609234819566,-69.37571996671454,0.002121445054663563
intermediate,40.57,-69.15886644449766,-69.16130047733769,-69.37580157470583,0.002114385343869446
intermediate,40.580000000000005,-69.15925117017224,-69.16167713985759,-69.37588331755333,0.0021073491262675642
intermediate,40.59,-69.15963553663015,-69.16205346991806,-69.37596519495945,0.0021003363236776597
intermediate,40.6,-69.16001954436162,-69.16242946792057,-69.37604720662713,0.0020933468581796205
intermediate,40.61,-69.16040319385621,-69.16280513426624,-69.37612935225977,0.0020863806521126595
intermediate,40.620000000000005,-69.16078648560291,-69.16318046935581,-69.37621163156125,0.002079437628074404
intermediate,40.63000000000001,-69.16116942009003,-69.16355547358975,-69.37629404423589,0.0020725177089200753
intermediate,40.64,-69.16155199780529,-69.16393014736816,-69.37637658998857,0.0020656208177616173
intermediate,40.650000000000006,-69.16193421923569,-69.16430449109076,-69.37645926852453,0.0020587468779668266
intermediate,40.660000000000004,-69.16231608486773,-69.16467850515703,-69.37654207954954,0.002051895813158531
intermediate,40.67,-69.1626975951872,-69.16505218996599,-69.37662502276986,0.0020450675472137086
intermediate,40.68,-69.16307875067929,-69.16542554591642,-69.37670809789218,0.002038262004262678
intermediate,40.690000000000005,-69.1634595518285,-69.1657985734067,-69.37679130462367,0.0020314791086882165
intermediate,40.7,-69.16383999911879,-69.16617127283487,-69.37687464267199,0.002024718785124755
intermediate,40.71,-69.16422009303349,-69.16654364459869,-69.37695811174525,0.002017980958457509
intermediate,40.720000000000006,-69.16459983405522,-69.16691568909549,-69.37704171155205,0.0020112655538216755
intermediate,40.730000000000004,-69.16497922266605,-69.16728740672231,-69.37712544180144,0.00200457249660158
intermediate,40.74,-69.1653582593474,-69.16765879787583,-69.37720930220293,0.001997901712429843
intermediate,40.75,-69.16573694458006,-69.1680298629524,-69.37729329246649,0.0019912531271865804
intermediate,40.760000000000005,-69.1661152788442,-69.16840060234802,-69.3773774123026,0.0019846266669985477
intermediate,40.77,-69.16649326261935,-69.16877101645831,-69.37746166142216,0.0019780222582383477
intermediate,40.78,-69.16687089638445,-69.16914110567859,-69.37754603953655,0.0019714398275235837
intermediate,40.79,-69.16724818061782,-69.16951087040384,-69.37763054635764,0.0019648793017160797
intermediate,40.800000000000004,-69.16762511579708,-69.16988031102865,-69.37771518159772,0.0019583406079210267
intermediate,40.81000000000001,-69.16800170239931,-69.17024942794728,-69.37779994496958,0.0019518236734862111
intermediate,40.82,-69.16837794090097,-69.17061822155364,-69.37788483618645,0.0019453284260011851
intermediate,40.830000000000005,-69.16875383177779,-69.1709866922413,-69.37796985496202,0.001938854793296456
intermediate,40.84,-69.16912937550501,-69.17135484040347,-69.37805500101045,0.0019324027034427161
intermediate,40.85,-69.16950457255719,-69.17172266643304,-69.37814027404637,0.0019259720847500026
intermediate,40.86,-69.16987942340828,-69.1720901707225,-69.37822567378487,0.0019195628657669376
intermediate,40.870000000000005,-69.17025392853154,-69.17245735366402,-69.37831119994146,0.0019131749752799025
intermediate,40.88000000000001,-69.17062808839972,-69.17282421564943,-69.37839685223216,0.0019068083423122773
intermediate,40.89,-69.1710019034849,-69.17319075707017,-69.37848263037341,0.001900462896123632
intermediate,40.900000000000006,-69.17137537425856,-69.1735569783174,-69.37856853408213,0.0018941385662089346
intermediate,40.910000000000004,-69.17174850119156,-69.17392287978184,-69.37865456307573,0.001887835282297799
intermediate,40.92,-69.17212128475404,-69.17428846185392,-69.37874071707198,0.001881552974353663
intermediate,40.93,-69.1724937254157,-69.17465372492367,-69.37882699578921,0.0018752915725730472
intermediate,40.940000000000005,-69.17286582364551,-69.17501866938083,-69.37891339894614,0.0018690510073847485
intermediate,40.95,-69.17323757991183,-69.17538329561471,-69.37899992626197,0.001862831209449099
intermediate,40.96,-69.1736089946824,-69.17574760401432,-69.37908657745635,0.0018566321096571603
intermediate,40.970000000000006,-69.17398006842441,-69.1761115949683,-69.37917335224938,0.0018504536391299841
intermediate,40.980000000000004,-69.17435080160436,-69.17647526886493,-69.37926025036164,0.001844295729217841
intermediate,40.99000000000001,-69.17472119468817,-69.17683862609213,-69.3793472715141,0.0018381583114994372
intermediate,41.0,-69.17509124814113,-69.1772016670375,-69.37943441542825,0.0018320413177811874
intermediate,41.010000000000005,-69.17546096242793,-69.1775643920882,-69.37952168182599,0.0018259446800964227
intermediate,41.02,-69.17583033801264,-69.17792680163113,-69.3796090704297,0.0018198683307046716
intermediate,41.03,-69.17619937535869,-69.17828889605278,-69.37969658096216,0.00181381220209087
intermediate,41.04,-69.176568074929,-69.17865067573929,-69.37978421314666,0.0018077762269646446
intermediate,41.050000000000004,-69.17693643718569,-69.17901214107644,-69.37987196670692,0.0018017603382595347
intermediate,41.06000000000001,-69.17730446259044,-69.17937329244967,-69.37995984136707,0.001795764469132277
intermediate,41.07,-69.17767215160427,-69.17973413024401,-69.38004783685174,0.0017897885529620434
intermediate,41.080000000000005,-69.17803950468752,-69.1800946548442,-69.380135952886,0.001783832523349696
intermediate,41.09,-69.17840652230005,-69.18045486663459,-69.38022418919529,0.0017778963141170758
intermediate,41.1,-69.17877320490098,-69.18081476599914,-69.38031254550562,0.0017719798593062324
intermediate,41.11,-69.17913955294888,-69.18117435332151,-69.38040102154336,0.001766083093178729
intermediate,41.120000000000005,-69.17950556690175,-69.18153362898494,-69.38048961703535,0.0017602059502148683
intermediate,41.13000000000001,-69.1798712472169,-69.18189259337234,-69.38057833170889,0.0017543483651130084
intermediate,41.14,-69.18023659435104,-69.18225124686626,-69.3806671652917,0.0017485102727888143
intermediate,41.150000000000006,-69.18060160876037,-69.18260958984888,-69.38075611751195,0.0017426916083745259
intermediate,41.160000000000004,-69.18096629090036,-69.18296762270202,-69.38084518809825,0.0017368923072182622
intermediate,41.17,-69.18133064122594,-69.18332534580713,-69.38093437677963,0.001731112304883277
intermediate,41.18,-69.1816946601914,-69.18368275954529,-69.38102368328563,0.0017253515371472715
intermediate,41.190000000000005,-69.18205834825051,-69.18403986429728,-69.38111310734618,0.0017196099400016483
intermediate,41.2,-69.1824217058563,-69.18439666044341,-69.38120264869163,0.0017138874496508308
intermediate,41.21,-69.18278473346132,-69.18475314836373,-69.38129230705283,0.0017081840025115265
intermediate,41.220000000000006,-69.18314743151741,-69.18510932843783,-69.38138208216101,0.0017024995352120478
intermediate,41.230000000000004,-69.18350980047585,-69.18546520104502,-69.38147197374789,0.0016968339845915895
intermediate,41.24000000000001,-69.18387184078732,-69.18582076656416,-69.38156198154559,0.001691187287699524
intermediate,41.25,-69.18423355290196,-69.18617602537385,-69.38165210528668,0.0016855593817947255
intermediate,41.260000000000005,-69.18459493726917,-69.18653097785226,-69.38174234470416,0.0016799502043448405
intermediate,41.27,-69.18495599433787,-69.18688562437717,-69.38183269953149,0.0016743596930256237
intermediate,41.28,-69.18531672455633,-69.18723996532606,-69.38192316950256,0.0016687877857202173
intermediate,41.29,-69.18567712837216,-69.18759400107596,-69.38201375435166,0.001663234420518492
intermediate,41.300000000000004,-69.18603720623251,-69.18794773200365,-69.38210445381354,0.0016576995357163256
intermediate,41.31000000000001,-69.18639695858379,-69.18830115848543,-69.3821952676234,0.0016521830698149424
intermediate,41.32,-69.18675638587187,-69.18865428089728,-69.38228619551685,0.0016466849615202259
intermediate,41.330000000000005,-69.18711548854206,-69.18900709961481,-69.38237723722995,0.0016412051497420202
intermediate,41.34,-69.187474267039,-69.18935961501329,-69.38246839249913,0.001635743573593477
intermediate,41.35,-69.18783272180674,-69.18971182746753,-69.38255966106138,0.0016303001723903538
intermediate,41.36,-69.18819085328879,-69.1900637373521,-69.382651042654,0.0016248748856503674
intermediate,41.370000000000005,-69.188548661928,-69.19041534504113,-69.38274253701479,0.001619467653092491
intermediate,41.38,-69.18890614816667,-69.19076665090837,-69.38283414388192,0.0016140784146363128
intermediate,41.39,-69.1892633124465,-69.19111765532722,-69.38292586299404,0.0016087071104013435
intermediate,41.400000000000006,-69.18962015520852,-69.1914683586707,-69.38301769409024,0.0016033536807063733
intermediate,41.410000000000004,-69.18997667689327,-69.1918187613115,-69.38310963690999,0.0015980180660687998
intermediate,41.42000000000001,-69.1903328779406,-69.19216886362189,-69.38320169119321,0.0015927002072039535
intermediate,41.43,-69.19068875878985,-69.19251866597375,-69.38329385668024,0.001587400045024465
intermediate,41.440000000000005,-69.1910443198797,-69.19286816873868,-69.38338613311184,0.0015821175206395812
intermediate,41.45,-69.19139956164828,-69.19321737228785,-69.38347852022926,0.0015768525753545415
intermediate,41.46,-69.1917544845331,-69.19356627699203,-69.38357101777407,0.0015716051506698924
intermediate,41.470000000000006,-69.19210908897112,-69.1939148832217,-69.38366362548837,0.0015663751882808623
intermediate,41.480000000000004,-69.19246337539863,-69.1942631913469,-69.3837563431146,0.0015611626300767103
intermediate,41.49000000000001,-69.19281734425141,-69.19461120173733,-69.38384917039565,0.001555967418140062
intermediate,41.5,-69.19317099596458,-69.1949589147623,-69.38394210707487,0.0015507894947462927
intermediate,41.510000000000005,-69.19352433097272,-69.19530633079076,-69.38403515289598,0.0015456288023628598
intermediate,41.52,-69.19387734970982,-69.19565345019129,-69.38412830760313,0.0015404852836486923
intermediate,41.53,-69.19423005260921,-69.19600027333207,-69.38422157094095,0.0015353588814535223
intermediate,41.54,-69.19458244010377,-69.19634680058097,-69.38431494265443,0.0015302495388172784
intermediate,41.550000000000004,-69.19493451262562,-69.19669303230542,-69.38440842248899,0.0015251571989694267
intermediate,41.56000000000001,-69.19528627060643,-69.19703896887249,-69.38450201019047,0.0015200818053283675
intermediate,41.57,-69.1956377144772,-69.1973846106489,-69.38459570550516,0.0015150233015007863
intermediate,41.580000000000005,-69.1959888446684,-69.19772995800098,-69.38468950817972,0.0015099816312810269
intermediate,41.59,-69.19633966160984,-69.19807501129472,-69.38478341796129,0.0015049567386504871
intermediate,41.60000000000001,-69.19669016573086,-69.19841977089567,-69.38487743459734,0.001499948567776968
intermediate,41.61,-69.19704035746005,-69.19876423716904,-69.38497155783585,0.001494957063014081
intermediate,41.620000000000005,-69.1973902372256,-69.19910841047971,-69.38506578742515,0.0014899821689006037
intermediate,41.63,-69.19773980545499,-69.19945229119212,-69.385160123114,0.0014850238301598918
intermediate,41.64,-69.19808906257514,-69.19979587967036,-69.38525456465163,0.0014800819916992347
intermediate,41.650000000000006,-69.19843800901242,-69.20013917627814,-69.3853491117876,0.0014751565986092666
intermediate,41.660000000000004,-69.19878664519258,-69.20048218137879,-69.38544376427193,0.0014702475961633527
intermediate,41.67000000000001,-69.1991349715408,-69.2008248953353,-69.38553852185505,0.0014653549298169638
intermediate,41.68,-69.1994829884817,-69.20116731851023,-69.38563338428781,0.0014604785452070957
intermediate,41.690000000000005,-69.19983069643929,-69.20150945126579,-69.38572835132145,0.0014556183881516403
intermediate,41.7,-69.200178095837,-69.20185129396386,-69.38582342270763,0.0014507744046488103
intermediate,41.71,-69.2005251870977,-69.20219284696586,-69.38591859819844,0.0014459465408765096
intermediate,41.72,-69.20087197064366,-69.20253411063287,-69.38601387754636,0.0014411347431917663
intermediate,41.730000000000004,-69.20121844689658,-69.20287508532562,-69.38610926050428,0.0014363389581301018
intermediate,41.74000000000001,-69.20156461627758,-69.20321577140443,-69.38620474682551,0.001431559132404972
intermediate,41.75,-69.2019104792072,-69.20355616922924,-69.38630033626376,0.0014267952129071561
intermediate,41.760000000000005,-69.2022560361054,-69.20389627915965,-69.38639602857317,0.0014220471467041597
intermediate,41.77,-69.20260128739159,-69.20423610155487,-69.38649182350825,0.0014173148810396484
intermediate,41.78,-69.20294623348454,-69.20457563677367,-69.38658772082395,0.0014125983633328377
intermediate,41.79,-69.2032908748025,-69.20491488517453,-69.38668372027563,0.0014078975411779336
intermediate,41.800000000000004,-69.20363521176314,-69.20525384711553,-69.386779821619,0.001403212362343525
intermediate,41.81000000000001,-69.20397924478355,-69.20559252295433,-69.38687602461027,0.0013985427747720217
intermediate,41.82,-69.20432297428023,-69.20593091304828,-69.38697232900597,0.001393888726579075
intermediate,41.830000000000005,-69.2046664006691,-69.20626901775428,-69.38706873456306,0.0013892501660529833
intermediate,41.84,-69.20500952436551,-69.20660683742891,-69.38716524103894,0.0013846270416541433
intermediate,41.85000000000001,-69.2053523457843,-69.20694437242834,-69.38726184819137,0.0013800193020144515
intermediate,41.86,-69.20569486533964,-69.2072816231084,-69.38735855577853,0.0013754268959367615
intermediate,41.870000000000005,-69.2060370834452,-69.20761858982446,-69.38745536355898,0.001370849772394286
intermediate,41.88,-69.20637900051403,-69.20795527293161,-69.38755227129174,0.0013662878805300537
intermediate,41.89,-69.20672061695863,-69.20829167278447,-69.38764927873616,0.0013617411696563242
intermediate,41.900000000000006,-69.20706193319096,-69.20862778973738,-69.38774638565205,0.0013572095892540469
intermediate,41.910000000000004,-69.20740294962233,-69.20896362414422,-69.38784359179955,0.0013526930889722819
intermediate,41.92000000000001,-69.2077436666636,-69.20929917635853,-69.3879408969393,0.0013481916186276408
intermediate,41.93,-69.20808408472494,-69.20963444673345,-69.38803830083225,0.001343705128203747
intermediate,41.940000000000005,-69.20842420421603,-69.20996943562177,-69.38813580323978,0.0013392335678506552
intermediate,41.95,-69.20876402554592,-69.21030414337586,-69.38823340392368,0.00133477688788432
intermediate,41.96,-69.2091035491232,-69.21063857034777,-69.38833110264612,0.0013303350387860234
intermediate,41.97,-69.20944277535574,-69.2109727168891,-69.38842889916968,0.0013259079712018478
intermediate,41.980000000000004,-69.209781704651,-69.21130658335112,-69.38852679325733,0.0013214956359421022
intermediate,41.99000000000001,-69.21012033741572,-69.2116401700847,-69.38862478467242,0.0013170979839807946
intermediate,42.0,-69.21045867405623,-69.21197347744034,-69.38872287317872,0.0013127149664550854
intermediate,42.010000000000005,-69.21079671497819,-69.21230650576815,-69.3888210585404,0.0013083465346647272
intermediate,42.02,-69.2111344605867,-69.21263925541787,-69.388919340522,0.0013039926400715514
intermediate,42.03000000000001,-69.21147191128638,-69.21297172673887,-69.38901771888844,0.001299653234298901
intermediate,42.04,-69.21180906748121,-69.21330392008012,-69.3891161934051,0.001295328269131116
intermediate,42.050000000000004,-69.21214592957465,-69.21363583579024,-69.38921476383767,0.0012910176965129775
intermediate,42.06,-69.21248249796956,-69.21396747421743,-69.38931342995228,0.0012867214685491968
intermediate,42.07,-69.21281877306822,-69.21429883570953,-69.38941219151543,0.001282439537503858
intermediate,42.080000000000005,-69.21315475527243,-69.21462992061397,-69.38951104829405,0.0012781718557999067
intermediate,42.09,-69.21349044498336,-69.21496072927788,-69.38961000005541,0.001273918376018617
intermediate,42.10000000000001,-69.21382584260168,-69.21529126204793,-69.38970904656723,0.0012696790508990538
intermediate,42.11,-69.21416094852744,-69.21562151927043,-69.38980818759755,0.0012654538333375656
intermediate,42.120000000000005,-69.21449576316014,-69.21595150129133,-69.38990742291482,0.0012612426763872412
intermediate,42.13,-69.21483028689876,-69.21628120845617,-69.39000675228789,0.0012570455332574111
intermediate,42.14,-69.21516452014171,-69.21661064111017,-69.39010617548603,0.0012528623573131034
intermediate,42.150000000000006,-69.21549846328682,-69.21693979959808,-69.39020569227881,0.001248693102074543
intermediate,42.160000000000004,-69.2158321167314,-69.21726868426434,-69.39030530243632,0.001244537721216633
intermediate,42.17000000000001,-69.2161654808722,-69.21759729545299,-69.39040500572888,0.0012403961685684276
intermediate,42.18,-69.21649855610535,-69.21792563350768,-69.3905048019273,0.0012362683981126364
intermediate,42.190000000000005,-69.2168313428265,-69.21825369877168,-69.39060469080276,0.0012321543639850954
intermediate,42.2,-69.21716384143069,-69.21858149158788,-69.39070467212679,0.0012280540204742782
intermediate,42.21000000000001,-69.21749605231248,-69.21890901229881,-69.39080474567132,0.0012239673220207654
intermediate,42.22,-69.21782797586583,-69.21923626124659,-69.39090491120868,0.001219894223216758
intermediate,42.230000000000004,-69.2181596124841,-69.219563238773,-69.39100516851157,0.001215834678805556
intermediate,42.24000000000001,-69.21849096256022,-69.21988994521938,-69.39110551735305,0.0012117886436810725
intermediate,42.25,-69.21882202648644,-69.22021638092673,-69.39120595750663,0.001207756072887321
intermediate,42.260000000000005,-69.21915280465453,-69.22054254623566,-69.3913064887461,0.0012037369216179128
intermediate,42.27,-69.21948329745571,-69.2208684414864,-69.3914071108457,0.0011997311452155766
intermediate,42.28000000000001,-69.21981350528061,-69.22119406701881,-69.39150782358008,0.0011957386991716394
intermediate,42.29,-69.22014342851935,-69.22151942317237,-69.39160862672418,0.0011917595391255523
intermediate,42.300000000000004,-69.22047306756154,-69.22184451028613,-69.39170952005337,0.0011877936208643798
intermediate,42.31,-69.2208024227961,-69.22216932869883,-69.39181050334341,0.0011838409003223295
intermediate,42.32,-69.22113149461154,-69.22249387874878,-69.39191157637039,0.0011799013335802365
intermediate,42.330000000000005,-69.22146028339577,-69.22281816077393,-69.39201273891085,0.001175974876865101
intermediate,42.34,-69.22178878953616,-69.22314217511185,-69.39211399074163,0.001172061486549587
intermediate,42.35000000000001,-69.22211701341955,-69.22346592209972,-69.39221533164,0.001168161119151534
intermediate,42.36,-69.22244495543218,-69.22378940207435,-69.39231676138358,0.0011642737313334929
intermediate,42.370000000000005,-69.2227726159598,-69.22411261537215,-69.39241827975034,0.0011603992799022204
intermediate,42.38,-69.22309999538763,-69.22443556232919,-69.3925198865187,0.0011565377218082206
intermediate,42.39,-69.22342709410027,-69.2247582432811,-69.39262158146741,0.0011526890141452474
intermediate,42.4,-69.22375391248183,-69.22508065856319,-69.39272336437556,0.0011488531141498489
intermediate,42.410000000000004,-69.2240804509159,-69.22540280851035,-69.39282523502268,0.0011450299792008694
intermediate,42.42000000000001,-69.22440670978548,-69.22572469345708,-69.39292719318864,0.0011412195668189938
intermediate,42.43,-69.22473268947304,-69.22604631373757,-69.39302923865367,0.0011374218346662714
intermediate,42.440000000000005,-69.22505839036054,-69.22636766968553,-69.39313137119836,0.0011336367405456334
intermediate,42.45,-69.22538381282934,-69.22668876163436,-69.39323359060373,0.0011298642424004447
intermediate,42.46000000000001,-69.22570895726032,-69.22700958991707,-69.39333589665111,0.0011261042983140147
intermediate,42.47,-69.22603382403379,-69.22733015486627,-69.39343828912226,0.0011223568665091545
intermediate,42.480000000000004,-69.22635841352951,-69.22765045681417,-69.39354076779924,0.0011186219053476894
intermediate,42.49000000000001,-69.22668272612677,-69.22797049609267,-69.39364333246453,0.001114899373330013
intermediate,42.5,-69.2270067622042,-69.22829027303321,-69.39374598290097,0.0011111892290946248
intermediate,42.510000000000005,-69.22733052214002,-69.22860978796692,-69.39384871889172,0.0011074914314176565
intermediate,42.52,-69.22765400631184,-69.22892904122448,-69.39395154022037,0.0011038059392124333
intermediate,42.53000000000001,-69.22797721509674,-69.22924803313624,-69.39405444667086,0.0011001327115289989
intermediate,42.54,-69.22830014887131,-69.22956676403219,-69.39415743802749,0.0010964717075536803
intermediate,42.550000000000004,-69.22862280801156,-69.22988523424186,-69.3942605140749,0.001092822886608613
intermediate,42.56,-69.22894519289295,-69.23020344409447,-69.39436367459817,0.0010891862081513087
intermediate,42.57,-69.22926730389047,-69.23052139391883,-69.39446691938265,0.0010855616317741869
intermediate,42.580000000000005,-69.22958914137851,-69.23083908404337,-69.39457024821412,0.0010819491172041418
intermediate,42.59,-69.22991070573102,-69.23115651479617,-69.39467366087871,0.0010783486243020894
intermediate,42.60000000000001,-69.23023199732133,-69.23147368650488,-69.39477715716288,0.0010747601130625085
intermediate,42.61,-69.23055301652224,-69.23179059949682,-69.39488073685348,0.0010711835436130216
intermediate,42.620000000000005,-69.23087376370606,-69.23210725409888,-69.39498439973777,0.0010676188762139258
intermediate,42.63,-69.23119423924459,-69.23242365063763,-69.39508814560325,0.0010640660712577749
intermediate,42.64000000000001,-69.23151444350901,-69.2327397894392,-69.39519197423792,0.0010605250892689164
intermediate,42.65,-69.23183437687005,-69.23305567082937,-69.39529588543004,0.0010569958909030731
intermediate,42.660000000000004,-69.2321540396979,-69.23337129513354,-69.39539987896826,0.0010534784369468895
intermediate,42.67000000000001,-69.2324734323622,-69.23368666267672,-69.39550395464163,0.0010499726883175112
intermediate,42.68,-69.23279255523207,-69.23400177378358,-69.39560811223947,0.0010464786060621408
intermediate,42.690000000000005,-69.23311140867612,-69.23431662877837,-69.39571235155157,0.0010429961513576007
intermediate,42.7,-69.23342999306242,-69.23463122798495,-69.39581667236797,0.0010395252855099203
intermediate,42.71000000000001,-69.23374830875849,-69.23494557172685,-69.39592107447913,0.0010360659699538827
intermediate,42.72,-69.23406635613135,-69.23525966032717,-69.39602555767587,0.0010326181662526168
intermediate,42.730000000000004,-69.23438413554753,-69.23557349410868,-69.39613012174932,0.0010291818360971523
intermediate,42.74,-69.234701647373,-69.23588707339373,-69.396234766491,0.0010257569413060135
intermediate,42.75,-69.23501889197318,-69.23620039850431,-69.39633949169283,0.0010223434438247734
intermediate,42.760000000000005,-69.23533586971301,-69.23651346976203,-69.39644429714697,0.0010189413057256486
intermediate,42.77,-69.23565258095691,-69.23682628748813,-69.39654918264604,0.001015550489207073
intermediate,42.78000000000001,-69.23596902606873,-69.23713885200344,-69.39665414798296,0.001012170956593268
intermediate,42.79,-69.23628520541183,-69.23745116362845,-69.39675919295104,0.0010088026703338406
intermediate,42.800000000000004,-69.23660111934906,-69.23776322268324,-69.39686431734387,0.001005445593003348
intermediate,42.81,-69.23691676824274,-69.23807502948753,-69.39696952095551,0.0010020996873009026
intermediate,42.82000000000001,-69.23723215245467,-69.23838658436067,-69.39707480358024,0.000998764916049735
intermediate,42.830000000000005,-69.23754727234612,-69.2386978876216,-69.39718016501278,0.000995441242196798
intermediate,42.84,-69.23786212827788,-69.23900893958894,-69.39728560504818,0.0009921286288123515
intermediate,42.85000000000001,-69.23817672061016,-69.23931974058084,-69.39739112348185,0.0009888270390895413
intermediate,42.86,-69.2384910497027,-69.23963029091516,-69.39749672010953,0.0009855364363440071
intermediate,42.870000000000005,-69.23880511591473,-69.23994059090936,-69.39760239472731,0.0009822567840134578
intermediate,42.88,-69.23911891960492,-69.2402506408805,-69.39770814713162,0.0009789880456572836
intermediate,42.89000000000001,-69.23943246113149,-69.24056044114528,-69.39781397711927,0.0009757301849561311
intermediate,42.9,-69.23974574085209,-69.24086999202001,-69.39791988448741,0.0009724831657115183
intermediate,42.910000000000004,-69.24005875912381,-69.24117929382062,-69.3980258690335,0.000969246951845416
intermediate,42.92000000000001,-69.24037151630336,-69.2414883468627,-69.3981319305554,0.000966021507399861
intermediate,42.93,-69.2406840127468,-69.2417971514614,-69.39823806885127,0.0009628067965365517
intermediate,42.940000000000005,-69.24099624880984,-69.24210570793156,-69.39834428371967,0.0009596027835364412
intermediate,42.95,-69.24130822484747,-69.2424140165876,-69.39845057495941,0.0009564094327993549
intermediate,42.96000000000001,-69.24161994121437,-69.2427220777436,-69.39855694236978,0.0009532267088435814
intermediate,42.97,-69.24193139826455,-69.24302989171322,-69.39866338575028,0.0009500545763054935
intermediate,42.980000000000004,-69.24224259635162,-69.24333745880976,-69.39876990490085,0.0009468929999391369
intermediate,42.99,-69.24255353582859,-69.24364477934614,-69.39887649962172,0.0009437419446158565
intermediate,43.0,-69.24286421704804,-69.24395185363493,-69.39898316971349,0.0009406013753238895
intermediate,43.010000000000005,-69.24317464036199,-69.24425868198828,-69.39908991497711,0.0009374712571679929
intermediate,43.02,-69.24348480612201,-69.24456526471803,-69.3991967352138,0.0009343515553690446
intermediate,43.03000000000001,-69.2437947146791,-69.24487160213559,-69.39930363022522,0.0009312422352636551
intermediate,43.04,-69.24410436638374,-69.24517769455198,-69.39941059981331,0.0009281432623037961
intermediate,43.050000000000004,-69.24441376158599,-69.24548354227791,-69.39951764378037,0.0009250546020563985
intermediate,43.06,-69.24472290063535,-69.24578914562366,-69.39962476192905,0.000921976220202987
intermediate,43.07000000000001,-69.24503178388082,-69.24609450489918,-69.39973195406229,0.000918908082539283
intermediate,43.08,-69.24534041167088,-69.24639962041397,-69.39983921998343,0.0009158501549748412
intermediate,43.09,-69.24564878435352,-69.24670449247724,-69.39994655949613,0.000912802403532653
intermediate,43.10000000000001,-69.2459569022762,-69.24700912139777,-69.40005397240435,0.0009097647943487833
intermediate,43.11,-69.246264765786,-69.247313507484,-69.40016145851244,0.0009067372936719907
intermediate,43.120000000000005,-69.24657237522928,-69.24761765104394,-69.40026901762505,0.0009037198678633436
intermediate,43.13,-69.2468797309521,-69.24792155238531,-69.4003766495472,0.0009007124833958608
intermediate,43.14000000000001,-69.24718683329993,-69.24822521181541,-69.4004843540842,0.0008977151068541244
intermediate,43.15,-69.24749368261772,-69.24852862964114,-69.40059213104175,0.0008947277049339244
intermediate,43.160000000000004,-69.24780027924997,-69.2488318061691,-69.40069998022581,0.0008917502444418717
intermediate,43.17000000000001,-69.24810662354065,-69.24913474170539,-69.40080790144276,0.0008887826922950418
intermediate,43.18,-69.24841271583328,-69.2494374365559,-69.40091589449928,0.000885825015520606
intermediate,43.190000000000005,-69.24871855647078,-69.24973989102602,-69.40102395920235,0.0008828771812554544
intermediate,43.2,-69.24902414579567,-69.25004210542083,-69.40113209535932,0.0008799391567458461
intermediate,43.21000000000001,-69.24932948414992,-69.25034408004501,-69.40124030277786,0.0008770109093470295
intermediate,43.22,-69.24963457187505,-69.25064581520284,-69.40134858126595,0.0008740924065228976
intermediate,43.230000000000004,-69.249939409312,-69.25094731119833,-69.40145693063198,0.0008711836158456066
intermediate,43.24,-69.25024399680134,-69.25124856833497,-69.40156535068456,0.0008682845049952351
intermediate,43.25000000000001,-69.25054833468303,-69.25154958691604,-69.40167384123272,0.0008653950417594045
intermediate,43.260000000000005,-69.25085242329658,-69.2518503672443,-69.40178240208577,0.0008625151940329413
intermediate,43.27,-69.25115626298103,-69.25215090962223,-69.40189103305337,0.0008596449298175099
intermediate,43.28000000000001,-69.25145985407485,-69.25245121435191,-69.4019997339455,0.0008567842172212524
intermediate,43.29,-69.25176319691612,-69.25275128173503,-69.4021085045725,0.0008539330244584466
intermediate,43.300000000000004,-69.25206629184237,-69.25305111207294,-69.40221734474498,0.0008510913198491402
intermediate,43.31,-69.25236913919063,-69.25335070566662,-69.40232625427393,0.0008482590718188128
intermediate,43.32000000000001,-69.25267173929747,-69.25365006281665,-69.40243523297063,0.0008454362488980087
intermediate,43.33,-69.252974092499,-69.25394918382325,-69.40254428064668,0.000842622819722003
intermediate,43.34,-69.25327619913071,-69.2542480689863,-69.40265339711408,0.0008398187530304387
intermediate,43.35000000000001,-69.25357805952773,-69.25454671860524,-69.40276258218506,0.0008370240176669933
intermediate,43.36,-69.25387967402462,-69.25484513297921,-69.40287183567223,0.0008342385825790237
intermediate,43.370000000000005,-69.25418104295555,-69.25514331240694,-69.40298115738852,0.0008314624168172188
intermediate,43.38,-69.25448216665413,-69.2554412571868,-69.40309054714717,0.0008286954895352683
intermediate,43.39000000000001,-69.25478304545345,-69.25573896761681,-69.40320000476176,0.0008259377699895035
intermediate,43.4,-69.25508367968621,-69.25603644399459,-69.40330953004617,0.0008231892275385707
intermediate,43.410000000000004,-69.25538406968455,-69.2563336866174,-69.40341912281461,0.0008204498316430772
intermediate,43.42,-69.25568421578018,-69.25663069578214,-69.40352878288164,0.0008177195518652674
intermediate,43.43000000000001,-69.25598411830424,-69.25692747178535,-69.40363851006211,0.0008149983578686674
intermediate,43.440000000000005,-69.2562837775875,-69.25722401492315,-69.40374830417119,0.000812286219417761
intermediate,43.45,-69.25658319396014,-69.25752032549134,-69.40385816502439,0.0008095831063776516
intermediate,43.46000000000001,-69.2568823677519,-69.25781640378536,-69.40396809243751,0.0008068889887137186
intermediate,43.47,-69.25718129929209,-69.25811225010023,-69.40407808622673,0.0008042038364912961
intermediate,43.480000000000004,-69.25747998890947,-69.25840786473064,-69.4041881462085,0.0008015276198753286
intermediate,43.49,-69.25777843693228,-69.2587032479709,-69.40429827219957,0.0007988603091300523
intermediate,43.50000000000001,-69.25807664368844,-69.25899840011496,-69.40440846401708,0.0007962018746186504
intermediate,43.510000000000005,-69.25837460950521,-69.25929332145638,-69.4045187214784,0.0007935522868029348
intermediate,43.52,-69.25867233470947,-69.25958801228842,-69.40462904440132,0.0007909115162430167
intermediate,43.53000000000001,-69.2589698196276,-69.25988247290387,-69.40473943260382,0.0007882795335969695
intermediate,43.54,-69.25926706458552,-69.26017670359522,-69.40484988590431,0.0007856563096205187
intermediate,43.550000000000004,-69.2595640699086,-69.26047070465458,-69.40496040412147,0.0007830418151667006
intermediate,43.56,-69.25986083592186,-69.2607644763737,-69.4050709870743,0.0007804360211855529
intermediate,43.57000000000001,-69.26015736294971,-69.26105801904394,-69.40518163458209,0.0007778388987237789
intermediate,43.58,-69.2604536513162,-69.26135133295634,-69.40529234646448,0.0007752504189244396
intermediate,43.59,-69.26074970134478,-69.26164441840153,-69.40540312254141,0.0007726705530266184
intermediate,43.60000000000001,-69.26104551335857,-69.2619372756698,-69.40551396263312,0.0007700992723651127
intermediate,43.61,-69.26134108768007,-69.262229905051,-69.40562486656022,0.0007675365483701137
intermediate,43.620000000000005,-69.2616364246314,-69.26252230683474,-69.40573583414354,0.0007649823525668807
intermediate,43.63,-69.26193152453418,-69.26281448131019,-69.40584686520431,0.0007624366565754366
intermediate,43.64000000000001,-69.2622263877096,-69.26310642876616,-69.405957959564,0.000759899432110241
intermediate,43.65,-69.26252101447828,-69.26339814949112,-69.40606911704444,0.0007573706509798885
intermediate,43.660000000000004,-69.26281540516044,-69.26368964377312,-69.40618033746779,0.0007548502850867819
intermediate,43.67,-69.26310956007585,-69.2639809118999,-69.40629162065643,0.0007523383064268327
intermediate,43.68000000000001,-69.26340347954371,-69.26427195415883,-69.40640296643315,0.0007498346870891373
intermediate,43.690000000000005,-69.26369716388291,-69.26456277083689,-69.40651437462097,0.0007473393992556801
intermediate,43.7,-69.26399061341166,-69.26485336222073,-69.40662584504327,0.0007448524152010158
intermediate,43.71000000000001,-69.26428382844792,-69.26514372859661,-69.40673737752373,0.0007423737072919594
intermediate,43.72,-69.26457680930902,-69.26543387025043,-69.40684897188632,0.0007399032479872901
intermediate,43.730000000000004,-69.26486955631188,-69.26572378746773,-69.40696062795533,0.0007374410098374317
intermediate,43.74,-69.26516206977301,-69.26601348053372,-69.40707234555538,0.0007349869654841594
intermediate,43.75000000000001,-69.26545435000835,-69.26630294973317,-69.40718412451135,0.0007325410876602856
intermediate,43.76,-69.26574639733344,-69.26659219535055,-69.40729596464843,0.0007301033491893686
intermediate,43.77,-69.26603821206331,-69.26688121766996,-69.40740786579214,0.000727673722985397
intermediate,43.78000000000001,-69.2663297945126,-69.26717001697513,-69.40751982776831,0.0007252521820524999
intermediate,43.79,-69.26662114499541,-69.26745859354943,-69.40763185040308,0.0007228386994846446
intermediate,43.800000000000004,-69.26691226382539,-69.26774694767586,-69.40774393352285,0.00072043324846533
intermediate,43.81,-69.2672031513158,-69.26803507963709,-69.40785607695436,0.0007180358022673003
intermediate,43.82000000000001,-69.2674938077793,-69.26832298971536,-69.40796828052466,0.0007156463342522368
intermediate,43.83,-69.26778423352822,-69.26861067819262,-69.40808054406106,0.0007132648178704738
intermediate,43.84,-69.26807442887441,-69.26889814535043,-69.40819286739124,0.0007108912266606901
intermediate,43.85000000000001,-69.26836439412914,-69.26918539147,-69.40830525034309,0.000708525534249628
intermediate,43.86000000000001,-69.26865412960335,-69.26947241683217,-69.4084176927449,0.0007061677143517927
intermediate,43.870000000000005,-69.26894363560749,-69.26975922171742,-69.4085301944252,0.000703817740769158
intermediate,43.88,-69.2692329124515,-69.27004580640588,-69.40864275521282,0.0007014755873908855
intermediate,43.89000000000001,-69.26952196044495,-69.2703321711773,-69.40875537493693,0.000699141228193022
intermediate,43.9,-69.26981077989686,-69.27061831631111,-69.40886805342696,0.0006968146372382212
intermediate,43.910000000000004,-69.27009937111585,-69.27090424208633,-69.40898079051266,0.0006944957886754457
intermediate,43.92,-69.27038773441006,-69.27118994878167,-69.40909358602407,0.0006921846567396914
intermediate,43.93000000000001,-69.2706758700872,-69.27147543667543,-69.4092064397915,0.0006898812157516873
intermediate,43.940000000000005,-69.27096377845449,-69.27176070604563,-69.40931935164566,0.0006875854401176219
intermediate,43.95,-69.27125145981869,-69.27204575716983,-69.40943232141744,0.0006852973043288558
intermediate,43.96000000000001,-69.27153891448617,-69.27233059032531,-69.40954534893808,0.0006830167829616315
intermediate,43.97,-69.27182614276278,-69.27261520578898,-69.4096584340391,0.0006807438506768015
intermediate,43.980000000000004,-69.27211314495393,-69.27289960383737,-69.40977157655234,0.0006784784822195364
intermediate,43.99,-69.2723999213646,-69.27318378474666,-69.40988477630994,0.0006762206524190556
intermediate,44.00000000000001,-69.2726864722993,-69.27346774879268,-69.40999803314428,0.0006739703361883347
intermediate,44.01,-69.27297279806209,-69.27375149625091,-69.41011134688812,0.0006717275085238406
intermediate,44.02,-69.27325889895661,-69.27403502739647,-69.41022471737442,0.0006694921445052395
intermediate,44.03000000000001,-69.273544775286,-69.2743183425041,-69.4103381444365,0.0006672642192951318
intermediate,44.040000000000006,-69.27383042735292,-69.2746014418482,-69.41045162790793,0.0006650437081387713
intermediate,44.050000000000004,-69.27411585545971,-69.27488432570284,-69.41056516762264,0.0006628305863637866
intermediate,44.06,-69.27440105990816,-69.27516699434172,-69.41067876341477,0.000660624829379915
intermediate,44.07000000000001,-69.27468604099963,-69.27544944803815,-69.41079241511882,0.0006584264126787199
intermediate,44.08,-69.274970799035,-69.27573168706512,-69.41090612256953,0.0006562353118333306
intermediate,44.09,-69.27525533431478,-69.27601371169526,-69.41101988560197,0.0006540515024981564
intermediate,44.1,-69.27553964713901,-69.27629552220084,-69.4111337040515,0.0006518749604086289
intermediate,44.11000000000001,-69.2758237378072,-69.2765771188538,-69.41124757775371,0.0006497056613809226
intermediate,44.120000000000005,-69.27610760661854,-69.27685850192569,-69.41136150654458,0.0006475435813116922
intermediate,44.13,-69.27639125387172,-69.27713967168773,-69.41147549026026,0.0006453886961778089
intermediate,44.14000000000001,-69.27667467986494,-69.27742062841078,-69.4115895287373,0.0006432409820360745
intermediate,44.15,-69.27695788489605,-69.27770137236534,-69.41170362181248,0.000641100415022983
intermediate,44.160000000000004,-69.27724086926234,-69.27798190382158,-69.41181776932287,0.0006389669713544308
intermediate,44.17,-69.27752363326078,-69.2782622230493,-69.41193197110584,0.0006368406273254684
intermediate,44.18000000000001,-69.27780617718781,-69.27854233031792,-69.41204622699905,0.0006347213593100271
intermediate,44.190000000000005,-69.27808850133945,-69.27882222589658,-69.41216053684045,0.0006326091437606628
intermediate,44.2,-69.27837060601135,-69.279101910054,-69.41227490046826,0.0006305039572082951
intermediate,44.21000000000001,-69.27865249149859,-69.27938138305859,-69.412389317721,0.0006284057762619375
intermediate,44.22,-69.27893415809592,-69.27966064517841,-69.41250378843743,0.0006263145776084489
intermediate,44.230000000000004,-69.27921560609758,-69.2799396966811,-69.41261831245667,0.0006242303380122652
intermediate,44.24,-69.27949683579742,-69.28021853783406,-69.41273288961808,0.0006221530343151493
intermediate,44.25000000000001,-69.27977784748883,-69.28049716890426,-69.41284751976131,0.0006200826434359254
intermediate,44.26,-69.28005864146473,-69.28077559015834,-69.41296220272632,0.0006180191423702313
intermediate,44.27,-69.28033921801769,-69.2810538018626,-69.4130769383533,0.0006159625081902531
intermediate,44.28000000000001,-69.28061957743977,-69.28133180428297,-69.41319172648276,0.0006139127180444817
intermediate,44.290000000000006,-69.2808997200226,-69.28160959768508,-69.41330656695548,0.00061186974915745
intermediate,44.300000000000004,-69.2811796460574,-69.28188718233412,-69.41342145961255,0.0006098335788294807
intermediate,44.31,-69.28145935583495,-69.28216455849504,-69.41353640429529,0.0006078041844364402
intermediate,44.32000000000001,-69.28173884964558,-69.28244172643235,-69.41365140084534,0.0006057815434294787
intermediate,44.33,-69.28201812777922,-69.28271868641029,-69.4137664491046,0.0006037656333347887
intermediate,44.34,-69.28229719052531,-69.2829954386927,-69.41388154891528,0.0006017564317533453
intermediate,44.35,-69.2825760381729,-69.28327198354305,-69.41399670011984,0.0005997539163606699
intermediate,44.36000000000001,-69.28285467101063,-69.28354832122453,-69.41411190256103,0.0005977580649065677
intermediate,44.370000000000005,-69.28313308932663,-69.28382445199995,-69.41422715608186,0.0005957688552148922
intermediate,44.38,-69.28341129340868,-69.28410037613176,-69.41434246052566,0.0005937862651832938
intermediate,44.39000000000001,-69.28368928354406,-69.28437609388207,-69.41445781573599,0.000591810272782972
intermediate,44.4,-69.28396706001969,-69.28465160551268,-69.41457322155674,0.0005898408560584374
intermediate,44.410000000000004,-69.28424462312204,-69.28492691128501,-69.41468867783203,0.0005878779931272586
intermediate,44.42,-69.28452197313707,-69.28520201146013,-69.41480418440628,0.0005859216621798312
intermediate,44.43000000000001,-69.28479911035048,-69.28547690629877,-69.4149197411242,0.000583971841479122
intermediate,44.44,-69.28507603504735,-69.28575159606133,-69.41503534783074,0.000582028509360438
intermediate,44.45,-69.28535274751248,-69.28602608100785,-69.41515100437114,0.0005800916442311783
intermediate,44.46000000000001,-69.28562924803015,-69.28630036139803,-69.41526671059093,0.0005781612245705994
intermediate,44.470000000000006,-69.28590553688427,-69.28657443749121,-69.4153824663359,0.0005762372289295769
intermediate,44.480000000000004,-69.28618161435833,-69.28684830954643,-69.41549827145212,0.0005743196359303587
intermediate,44.49,-69.28645748073532,-69.28712197782232,-69.41561412578594,0.0005724084242663385
intermediate,44.50000000000001,-69.28673313629793,-69.28739544257725,-69.41573002918395,0.000570503572701809
intermediate,44.51,-69.28700858132828,-69.28766870406918,-69.41584598149306,0.0005686050600717356
intermediate,44.52,-69.2872838161082,-69.28794176255575,-69.41596198256042,0.0005667128652815117
intermediate,44.53000000000001,-69.28755884091902,-69.28821461829426,-69.41607803223347,0.0005648269673067316
intermediate,44.540000000000006,-69.28783365604166,-69.28848727154165,-69.4161941303599,0.0005629473451929566
intermediate,44.550000000000004,-69.2881082617566,-69.28875972255456,-69.4163102767877,0.0005610739780554744
intermediate,44.56,-69.28838265834398,-69.28903197158922,-69.4164264713651,0.0005592068450790775
intermediate,44.57000000000001,-69.28865684608343,-69.2893040189016,-69.41654271394063,0.0005573459255178223
intermediate,44.58,-69.28893082525418,-69.28957586474725,-69.41665900436308,0.000555491198694808
intermediate,44.59,-69.28920459613508,-69.28984750938145,-69.41677534248151,0.0005536426440019375
intermediate,44.6,-69.28947815900453,-69.29011895305908,-69.41689172814523,0.0005518002408996973
intermediate,44.61000000000001,-69.28975151414049,-69.29039019603469,-69.41700816120384,0.0005499639689169198
intermediate,44.620000000000005,-69.29002466182057,-69.29066123856256,-69.4171246415072,0.0005481338076505672
intermediate,44.63,-69.2902976023219,-69.29093208089655,-69.41724116890545,0.0005463097367654953
intermediate,44.64000000000001,-69.29057033592123,-69.2912027232902,-69.41735774324899,0.0005444917359942293
intermediate,44.650000000000006,-69.29084286289488,-69.29147316599672,-69.41747436438847,0.0005426797851367436
intermediate,44.660000000000004,-69.29111518351871,-69.29174340926899,-69.41759103217483,0.0005408738640602306
intermediate,44.67,-69.29138729806824,-69.2920134533595,-69.41770774645927,0.0005390739526988837
intermediate,44.68000000000001,-69.29165920681857,-69.2922832985205,-69.41782450709323,0.0005372800310536664
intermediate,44.69,-69.29193091004431,-69.29255294500379,-69.41794131392848,0.0005354920791921014
intermediate,44.7,-69.29220240801976,-69.29282239306093,-69.41805816681699,0.0005337100772480357
intermediate,44.71000000000001,-69.29247370101875,-69.2930916429431,-69.41817506561101,0.0005319340054214304
intermediate,44.720000000000006,-69.29274478931463,-69.2933606949011,-69.41829201016309,0.0005301638439781365
intermediate,44.730000000000004,-69.29301567318046,-69.29362954918545,-69.418409000326,0.0005283995732496727
intermediate,44.74,-69.29328635288888,-69.29389820604635,-69.4185260359528,0.0005266411736330173
intermediate,44.75000000000001,-69.29355682871203,-69.29416666573361,-69.41864311689677,0.0005248886255903731
intermediate,44.76,-69.29382710092167,-69.29443492849671,-69.41876024301153,0.0005231419096489708
intermediate,44.77,-69.29409716978921,-69.29470299458484,-69.4188774141509,0.0005214010064008347
intermediate,44.78,-69.2943670355856,-69.2949708642468,-69.41899463016898,0.0005196658965025793
intermediate,44.790000000000006,-69.29463669858139,-69.29523853773112,-69.41911189092014,0.000517936560675186
intermediate,44.800000000000004,-69.29490615904669,-69.29550601528592,-69.41922919625898,0.0005162129797037946
intermediate,44.81,-69.2951754172513,-69.29577329715903,-69.41934654604039,0.0005144951344374901
intermediate,44.82000000000001,-69.29544447346449,-69.29604038359791,-69.41946394011951,0.0005127830057890829
intermediate,44.83,-69.29571332795521,-69.29630727484975,-69.41958137835177,0.0005110765747349053
intermediate,44.84,-69.29598198099198,-69.29657397116138,-69.41969886059277,0.0005093758223145931
intermediate,44.85,-69.29625043284292,-69.29684047277925,-69.4198163866985,0.0005076807296308814
intermediate,44.86000000000001,-69.2965186837757,-69.29710677994954,-69.4199339565251,0.0005059912778493875
intermediate,44.870000000000005,-69.29678673405766,-69.29737289291806,-69.42005156992902,0.0005043074481984079
intermediate,44.88,-69.29705458395566,-69.29763881193031,-69.42016922676694,0.0005026292219687095
intermediate,44.89000000000001,-69.29732223373625,-69.29790453723143,-69.42028692689584,0.0005009565805133144
intermediate,44.900000000000006,-69.29758968366549,-69.29817006906626,-69.4204046701729,0.0004992895052473019
intermediate,44.910000000000004,-69.29785693400908,-69.29843540767928,-69.4205224564556,0.0004976279776475948
intermediate,44.92,-69.29812398503229,-69.29870055331467,-69.42064028560165,0.0004959719792527596
intermediate,44.93000000000001,-69.29839083700006,-69.29896550621625,-69.42075815746904,0.0004943214916627957
intermediate,44.94,-69.29865749017682,-69.29923026662753,-69.420876071916,0.0004926764965389369
intermediate,44.95,-69.29892394482668,-69.29949483479167,-69.420994028801,0.0004910369756034398
intermediate,44.96000000000001,-69.29919020121334,-69.2997592109515,-69.42111202798282,0.0004894029106393909
intermediate,44.970000000000006,-69.29945625960012,-69.30002339534957,-69.4212300693204,0.0004877742834904962
intermediate,44.980000000000004,-69.29972212024981,-69.30028738822801,-69.42134815267303,0.00048615107606087986
intermediate,44.99,-69.29998778342501,-69.30055118982874,-69.42146627790021,0.0004845332703148889
intermediate,45.00000000000001,-69.30025324938778,-69.30081480039323,-69.42158444486168,0.00048292084827688544
intermediate,45.01,-69.30051851839981,-69.3010782201627,-69.42170265341746,0.0004813137920310542
intermediate,45.02,-69.30078359072243,-69.301341449378,-69.4218209034278,0.0004797120837211957
intermediate,45.03,-69.30104846661654,-69.3016044882797,-69.42193919475321,0.00047811570555053774
intermediate,45.040000000000006,-69.30131314634266,-69.30186733710799,-69.42205752725445,0.00047652463978152624
intermediate,45.050000000000004,-69.30157763016089,-69.30212999610279,-69.42217590079255,0.00047493886873563687
intermediate,45.06,-69.30184191833096,-69.3023924655036,-69.42229431522875,0.00047335837479317615
intermediate,45.07000000000001,-69.30210601111222,-69.30265474554969,-69.4224127704246,0.00047178314039308136
intermediate,45.080000000000005,-69.30236990876357,-69.30291683647995,-69.42253126624183,0.00047021314803273535
intermediate,45.09,-69.30263361154363,-69.30317873853298,-69.42264980254247,0.00046864838026775967
intermediate,45.1,-69.30289711971047,-69.30344045194703,-69.42276837918875,0.0004670888197118316
intermediate,45.11000000000001,-69.30316043352191,-69.30370197696004,-69.42288699604325,0.00046553444903648267
intermediate,45.12,-69.30342355323533,-69.30396331380959,-69.42300565296867,0.00046398525097091336
intermediate,45.13,-69.30368647910765,-69.30422446273296,-69.42312434982804,0.0004624412083017941
intermediate,45.14000000000001,-69.3039492113955,-69.30448542396711,-69.42324308648459,0.00046090230387307944
intermediate,45.150000000000006,-69.30421175035514,-69.3047461977487,-69.42336186280184,0.00045936852058581803
intermediate,45.160000000000004,-69.30447409624229,-69.30500678431399,-69.42348067864356,0.000457839841397955
intermediate,45.17,-69.30473624931241,-69.30526718389899,-69.4235995338737,0.00045631624932415183
intermediate,45.18000000000001,-69.30499820982057,-69.30552739673938,-69.42371842835652,0.00045479772743559055
intermediate,45.19,-69.30525997802138,-69.30578742307047,-69.42383736195652,0.00045328425885979165
intermediate,45.2,-69.30552155416915,-69.3060472631273,-69.42395633453837,0.0004517758267804205
intermediate,45.21000000000001,-69.30578293851772,-69.30630691714452,-69.42407534596711,0.0004502724144371051
intermediate,45.220000000000006,-69.30604413132059,-69.30656638535655,-69.42419439610794,0.00044877400512525085
intermediate,45.230000000000004,-69.30630513283089,-69.30682566799742,-69.4243134848263,0.00044728058219584756
intermediate,45.24,-69.3065659433013,-69.30708476530084,-69.42443261198792,0.00044579212905529334
intermediate,45.25000000000001,-69.30682656298423,-69.30734367750026,-69.42455177745875,0.00044430862916520304
intermediate,45.260000000000005,-69.30708699213157,-69.30760240482874,-69.42467098110497,0.00044283006604223083
intermediate,45.27,-69.30734723099492,-69.30786094751905,-69.424790222793,0.00044135642325788095
intermediate,45.28,-69.3076072798255,-69.30811930580363,-69.42490950238955,0.0004398876844383309
intermediate,45.290000000000006,-69.30786713887407,-69.30837747991463,-69.42502881976152,0.0004384238332642431
intermediate,45.300000000000004,-69.30812680839111,-69.30863547008386,-69.42514817477607,0.00043696485347059175
intermediate,45.31,-69.30838628862661,-69.30889327654278,-69.4252675673006,0.0004355107288464753
intermediate,45.32000000000001,-69.30864557983028,-69.30915089952256,-69.42538699720274,0.00043406144323493694
intermediate,45.330000000000005,-69.3089046822514,-69.3094083392541,-69.4255064643504,0.00043261698053278976
intermediate,45.34,-69.30916359613886,-69.30966559596789,-69.42562596861167,0.00043117732469043126
intermediate,45.35,-69.30942232174118,-69.30992266989414,-69.42574550985492,0.0004297424597116741
intermediate,45.36000000000001,-69.30968085930655,-69.31017956126279,-69.42586508794875,0.000428312369653555
intermediate,45.37,-69.30993920908274,-69.3104362703034,-69.42598470276198,0.0004268870386261733
intermediate,45.38,-69.31019737131713,-69.31069279724522,-69.4261043541637,0.00042546645079250087
intermediate,45.39000000000001,-69.31045534625675,-69.31094914231723,-69.42622404202321,0.0004240505903682144
intermediate,45.400000000000006,-69.31071313414819,-69.31120530574802,-69.42634376621008,0.00042263944162151767
intermediate,45.410000000000004,-69.31097073523777,-69.31146128776594,-69.42646352659406,0.0004212329888729634
intermediate,45.42,-69.3112281497714,-69.31171708859898,-69.42658332304522,0.0004198312164952873
intermediate,45.43000000000001,-69.31148537799454,-69.31197270847484,-69.42670315543378,0.0004184341089132241
intermediate,45.44,-69.3117424201524,-69.31222814762086,-69.42682302363025,0.0004170416506033434
intermediate,45.45,-69.31199927648967,-69.3124834062641,-69.42694292750537,0.00041565382609387027
intermediate,45.46,-69.31225594725085,-69.31273848463137,-69.42706286693009,0.0004142706199645196
intermediate,45.470000000000006,-69.31251243267987,-69.312993382949,-69.4271828417756,0.00041289201684631887
intermediate,45.480000000000004,-69.31276873302045,-69.31324810144318,-69.42730285191337,0.00041151800142144124
intermediate,45.49,-69.31302484851582,-69.31350264033965,-69.42742289721504,0.0004101485584230368
intermediate,45.50000000000001,-69.31328077940891,-69.31375699986394,-69.42754297755255,0.00040878367263505607
intermediate,45.510000000000005,-69.31353652594224,-69.31401118024121,-69.42766309279799,0.00040742332889208866
intermediate,45.52,-69.31379208835803,-69.31426518169631,-69.42778324282375,0.0004060675120791886
intermediate,45.53,-69.31404746689803,-69.31451900445381,-69.42790342750243,0.0004047162071317124
intermediate,45.540000000000006,-69.31430266180372,-69.31477264873796,-69.42802364670686,0.00040336939903514503
intermediate,45.550000000000004,-69.31455767331613,-69.31502611477268,-69.4281439003101,0.0004020270728249384
intermediate,45.56,-69.31481250167595,-69.31527940278157,-69.42826418818545,0.00040068921358634503
intermediate,45.57000000000001,-69.3150671471235,-69.31553251298794,-69.42838451020644,0.00039935580645424654
intermediate,45.580000000000005,-69.31532160989877,-69.3157854456148,-69.42850486624684,0.00039802683661299573
intermediate,45.59,-69.31557589024133,-69.31603820088482,-69.42862525618061,0.00039670228929624595
intermediate,45.6,-69.31582998839042,-69.31629077902038,-69.42874567988198,0.0003953821497867925
intermediate,45.61000000000001,-69.31608390458491,-69.31654318024356,-69.42886613722543,0.00039406640341640373
intermediate,45.62,-69.31633763906328,-69.31679540477609,-69.42898662808558,0.0003927550355656634
intermediate,45.63,-69.31659119206365,-69.31704745283943,-69.42910715233738,0.000391448031663802
intermediate,45.64000000000001,-69.31684456382385,-69.31729932465474,-69.42922770985595,0.0003901453771885425
intermediate,45.650000000000006,-69.31709775458123,-69.31755102044283,-69.42934830051664,0.00038884705766593306
intermediate,45.660000000000004,-69.31735076457282,-69.31780254042421,-69.42946892419506,0.00038755305867018634
intermediate,45.67,-69.31760359403535,-69.31805388481914,-69.42958958076703,0.00038626336582352373
intermediate,45.68000000000001,-69.31785624320513,-69.3183050538475,-69.42971027010859,0.0003849779647960096
intermediate,45.690000000000005,-69.31810871231811,-69.31855604772889,-69.42983099209599,0.0003836968413053996
intermediate,45.7,-69.31836100160987,-69.31880686668262,-69.42995174660574,0.00038241998111697315
intermediate,45.71,-69.31861311131567,-69.31905751092766,-69.43007253351456,0.0003811473700433831
intermediate,45.720000000000006,-69.31886504167036,-69.31930798068271,-69.43019335269942,0.00037987899394449187
intermediate,45.730000000000004,-69.31911679290847,-69.31955827616615,-69.43031420403747,0.0003786148387272194
intermediate,45.74,-69.31936836526417,-69.31980839759603,-69.43043508740612,0.0003773548903453841
intermediate,45.75000000000001,-69.31961975897129,-69.32005834519016,-69.43055600268299,0.0003760991347995448
intermediate,45.760000000000005,-69.31987097426321,-69.32030811916597,-69.43067694974594,0.0003748475581368517
intermediate,45.77,-69.32012201137304,-69.32055771974063,-69.43079792847303,0.00037360014645088254
intermediate,45.78,-69.3203728705335,-69.32080714713099,-69.43091893874255,0.00037235688588149605
intermediate,45.790000000000006,-69.32062355197698,-69.32105640155359,-69.43103998043303,0.0003711177626146717
intermediate,45.8,-69.32087405593546,-69.32130548322469,-69.43116105342318,0.0003698827628823618
intermediate,45.81,-69.32112438264065,-69.32155439236024,-69.43128215759202,0.0003686518729623331
intermediate,45.82000000000001,-69.32137453232383,-69.32180312917588,-69.43140329281867,0.00036742507917801836
intermediate,45.830000000000005,-69.32162450521595,-69.32205169388695,-69.43152445898257,0.0003662023678983647
intermediate,45.84,-69.32187430154761,-69.32230008670848,-69.43164565596334,0.0003649837255376768
intermediate,45.85,-69.32212392154906,-69.32254830785521,-69.43176688364083,0.0003637691385554727
intermediate,45.86000000000001,-69.32237336545018,-69.32279635754159,-69.43188814189512,0.0003625585934563277
intermediate,45.870000000000005,-69.32262263348053,-69.32304423598174,-69.4320094306065,0.00036135207678972964
intermediate,45.88,-69.32287172586929,-69.32329194338949,-69.43213074965546,0.0003601495751499239
intermediate,45.89000000000001,-69.3231206428453,-69.32353947997838,-69.43225209892275,0.00035895107517576886
intermediate,45.900000000000006,-69.323369384637,-69.32378684596164,-69.43237347828929,0.00035775656355058785
intermediate,45.910000000000004,-69.32361795147257,-69.3240340415522,-69.43249488763625,0.00035656602700201505
intermediate,45.92,-69.32386634357978,-69.32428106696268,-69.43261632684505,0.00035537945230185587
intermediate,45.93000000000001,-69.3241145611861,-69.32452792240547,-69.43273779579727,0.00035419682626593326
intermediate,45.940000000000005,-69.32436260451856,-69.32477460809254,-69.43285929437472,0.0003530181357539471
intermediate,45.95,-69.32461047380392,-69.32502112423566,-69.43298082245946,0.00035184336766932225
intermediate,45.96,-69.32485816926861,-69.32526747104629,-69.4331023799337,0.00035067250895907086
intermediate,45.970000000000006,-69.32510569113863,-69.32551364873552,-69.43322396667996,0.0003495055466136361
intermediate,45.980000000000004,-69.32535303963968,-69.32575965751424,-69.43334558258091,0.00034834246766675994
intermediate,45.99,-69.3256002149971,-69.32600549759297,-69.43346722751944,0.00034718325919533125
intermediate,46.00000000000001,-69.32584721743592,-69.32625116918197,-69.43358890137871,0.0003460279083192425
intermediate,46.010000000000005,-69.3260940471808,-69.3264966724912,-69.43371060404202,0.00034487640220125134
intermediate,46.02,-69.32634070445602,-69.3267420077303,-69.43383233539294,0.00034372872804683144
intermediate,46.03,-69.3265871894856,-69.32698717510866,-69.43395409531522,0.00034258487310403856
intermediate,46.040000000000006,-69.32683350249312,-69.32723217483533,-69.43407588369284,0.0003414448246633595
intermediate,46.05,-69.32707964370188,-69.32747700711909,-69.43419770041001,0.00034030857005757915
intermediate,46.06,-69.32732561333482,-69.32772167216838,-69.4343195453511,0.00033917609666163324
intermediate,46.07000000000001,-69.32757141161454,-69.32796617019143,-69.43444141840077,0.000338047391892473
intermediate,46.080000000000005,-69.32781703876329,-69.32821050139611,-69.43456331944384,0.00033692244320892347
intermediate,46.09,-69.32806249500297,-69.32845466599002,-69.43468524836533,0.0003358012381115412
intermediate,46.1,-69.32830778055516,-69.32869866418045,-69.4348072050505,0.00033468376414248286
intermediate,46.11000000000001,-69.32855289564111,-69.3289424961744,-69.43492918938485,0.0003335700088853576
intermediate,46.120000000000005,-69.32879784048167,-69.32918616217862,-69.43505120125404,0.00033245995996509684
intermediate,46.13,-69.32904261529741,-69.32942966239949,-69.43517324054397,0.000331353605047811
intermediate,46.14,-69.32928722030857,-69.32967299704316,-69.43529530714073,0.0003302509318406575
intermediate,46.150000000000006,-69.32953165573498,-69.32991616631547,-69.43541740093065,0.00032915192809169927
intermediate,46.160000000000004,-69.3297759217962,-69.33015917042195,-69.43553952180024,0.00032805658158977224
intermediate,46.17,-69.33002001871145,-69.3304020095679,-69.43566166963622,0.0003269648801643502
intermediate,46.18000000000001,-69.33026394669956,-69.33064468395824,-69.43578384432554,0.00032587681168540444
intermediate,46.190000000000005,-69.33050770597906,-69.33088719379766,-69.43590604575536,0.00032479236406327504
intermediate,46.2,-69.33075129676813,-69.33112953929054,-69.43602827381304,0.00032371152524853175
intermediate,46.21,-69.33099471928462,-69.33137172064097,-69.43615052838614,0.00032263428323184426
intermediate,46.220000000000006,-69.33123797374606,-69.33161373805277,-69.43627280936245,0.00032156062604384483
intermediate,46.230000000000004,-69.33148106036964,-69.33185559172944,-69.43639511662992,0.00032049054175499795
intermediate,46.24,-69.33172397937219,-69.3320972818742,-69.43651745007678,0.0003194240184754689
intermediate,46.25000000000001,-69.33196673097021,-69.33233880869001,-69.43663980959141,0.0003183610443549864
intermediate,46.260000000000005,-69.33220931537994,-69.33258017237951,-69.43676219506243,0.00031730160758271713
intermediate,46.27,-69.33245173281718,-69.33282137314507,-69.43688460637861,0.0003162456963871292
intermediate,46.28,-69.33269398349746,-69.33306241118873,-69.43700704342903,0.00031519329903586645
intermediate,46.290000000000006,-69.33293606763596,-69.33330328671232,-69.43712950610286,0.0003141444038356124
intermediate,46.300000000000004,-69.33317798544749,-69.33354399991731,-69.43725199428955,0.00031309899913196725
intermediate,46.31,-69.33341973714667,-69.33378455100492,-69.43737450787874,0.0003120570733093109
intermediate,46.32000000000001,-69.33366132294762,-69.3340249401761,-69.43749704676027,0.00031101861479067956
intermediate,46.330000000000005,-69.33390274306423,-69.33426516763149,-69.43761961082417,0.00030998361203763515
intermediate,46.34,-69.33414399770999,-69.33450523357139,-69.4377421999607,0.00030895205355013533
intermediate,46.35,-69.33438508709811,-69.33474513819591,-69.43786481406029,0.00030792392786640956
intermediate,46.36000000000001,-69.33462601144153,-69.33498488170484,-69.43798745301362,0.00030689922356282685
intermediate,46.370000000000005,-69.33486677095271,-69.33522446429765,-69.43811011671151,0.00030587792925377557
intermediate,46.38,-69.33510736584392,-69.3354638861736,-69.43823280504506,0.0003048600335915291
intermediate,46.39,-69.33534779632704,-69.33570314753159,-69.43835551790552,0.0003038455252661261
intermediate,46.400000000000006,-69.33558806261361,-69.33594224857028,-69.43847825518435,0.00030283439300524037
intermediate,46.410000000000004,-69.33582816491491,-69.33618118948802,-69.4386010167732,0.00030182662557405924
intermediate,46.42,-69.33606810344185,-69.33641997048292,-69.438723802564,0.00030082221177515683
intermediate,46.43000000000001,-69.33630787840498,-69.33665859175278,-69.43884661244873,0.00029982114044836797
intermediate,46.440000000000005,-69.3365474900146,-69.33689705349508,-69.43896944631972,0.0002988234004706698
intermediate,46.45,-69.3367869384806,-69.33713535590708,-69.43909230406943,0.0002978289807560506
intermediate,46.46,-69.33702622401262,-69.33737349918573,-69.43921518559051,0.0002968378702553933
intermediate,46.470000000000006,-69.33726534681998,-69.33761148352771,-69.43933809077585,0.00029585005795634774
intermediate,46.480000000000004,-69.33750430711162,-69.33784930912941,-69.4394610195185,0.0002948655328832126
intermediate,46.49,-69.33774310509621,-69.33808697618693,-69.43958397171177,0.0002938842840968093
intermediate,46.50000000000001,-69.33798174098202,-69.3383244848961,-69.43970694724908,0.00029290630069436335
intermediate,46.510000000000005,-69.3382202149771,-69.3385618354525,-69.43982994602412,0.000291931571809384
intermediate,46.52,-69.3384585272891,-69.33879902805134,-69.43995296793075,0.00029096008661153884
intermediate,46.53,-69.3386966781254,-69.33903606288766,-69.44007601286303,0.00028999183430653886
intermediate,46.540000000000006,-69.33893466769304,-69.33927294015616,-69.44019908071522,0.000289026804136014
intermediate,46.550000000000004,-69.33917249619874,-69.33950966005128,-69.44032217138178,0.0002880649853773982
intermediate,46.56,-69.33941016384891,-69.33974622276715,-69.44044528475736,0.0002871063673438046
intermediate,46.57000000000001,-69.33964767084959,-69.33998262849767,-69.4405684207368,0.00028615093938391364
intermediate,46.580000000000005,-69.33988501740659,-69.34021887743643,-69.44069157921516,0.0002851986908818491
intermediate,46.59,-69.34012220372536,-69.34045496977674,-69.44081476008769,0.00028424961125706144
intermediate,46.6,-69.34035923001096,-69.34069090571165,-69.44093796324982,0.00028330368996421244
intermediate,46.61000000000001,-69.3405960964683,-69.34092668543397,-69.44106118859717,0.0002823609164930551
intermediate,46.620000000000005,-69.34083280330182,-69.34116230913615,-69.44118443602558,0.00028142128036831983
intermediate,46.63,-69.3410693507157,-69.3413977770104,-69.44130770543107,0.000280484771149594
intermediate,46.64,-69.34130573891382,-69.34163308924867,-69.44143099670987,0.000279551378431212
intermediate,46.650000000000006,-69.34154196809973,-69.34186824604267,-69.44155430975837,0.00027862109184213264
intermediate,46.660000000000004,-69.34177803847665,-69.3421032475837,-69.44167764447317,0.00027769390104582907
intermediate,46.67,-69.3420139502475,-69.34233809406292,-69.44180100075111,0.0002767697957401723
intermediate,46.68000000000001,-69.34224970361491,-69.34257278567118,-69.44192437848915,0.0002758487656573152
intermediate,46.690000000000005,-69.34248529878114,-69.34280732259904,-69.44204777758446,0.00027493080056358157
intermediate,46.7,-69.34272073594825,-69.34304170503678,-69.44217119793444,0.0002740158902593484
intermediate,46.71,-69.3429560153178,-69.34327593317444,-69.44229463943667,0.0002731040245789382
intermediate,46.720000000000006,-69.3431911370912,-69.34351000720173,-69.44241810198889,0.0002721951933904991
intermediate,46.730000000000004,-69.3434261014695,-69.34374392730814,-69.44254158548905,0.00027128938659589866
intermediate,46.74,-69.34366090865343,-69.34397769368286,-69.44266508983529,0.00027038659413060643
intermediate,46.75000000000001,-69.3438955588434,-69.34421130651485,-69.44278861492596,0.0002694868059635864
intermediate,46.760000000000005,-69.34413005223955,-69.34444476599275,-69.44291216065956,0.0002685900120971833
intermediate,46.77,-69.34436438904169,-69.34467807230492,-69.44303572693484,0.00026769620256701025
intermediate,46.78,-69.34459856944926,-69.34491122563949,-69.44315931365065,0.00026680536744184307
intermediate,46.790000000000006,-69.3448325936615,-69.3451442261843,-69.44328292070614,0.0002659174968235029
intermediate,46.800000000000004,-69.34506646187724,-69.34537707412693,-69.44340654800058,0.0002650325808467527
intermediate,46.81,-69.34530017429509,-69.34560976965467,-69.44353019543341,0.00026415060967918246
intermediate,46.82,-69.34553373111333,-69.34584231295459,-69.44365386290433,0.00026327157352110456
intermediate,46.830000000000005,-69.34576713252991,-69.34607470421341,-69.44377755031319,0.0002623954626054405
intermediate,46.84,-69.34600037874243,-69.3463069436176,-69.44390125755999,0.00026152226719761563
intermediate,46.85,-69.3462334699483,-69.34653903135346,-69.44402498454498,0.000260651977595451
intermediate,46.86000000000001,-69.34646640634452,-69.34677096760689,-69.44414873116858,0.000259784584129052
intermediate,46.870000000000005,-69.34669918812781,-69.34700275256357,-69.44427249733137,0.00025892007716070534
intermediate,46.88,-69.34693181549463,-69.34723438640896,-69.44439628293415,0.00025805844708476827
intermediate,46.89,-69.34716428864112,-69.34746586932818,-69.44452008787788,0.00025719968432756516
intermediate,46.900000000000006,-69.34739660776307,-69.34769720150614,-69.44464391206373,0.00025634377934727765
intermediate,46.91000000000001,-69.347628773056,-69.34792838312744,-69.44476775539304,0.0002554907226338429
intermediate,46.92,-69.34786078471515,-69.34815941437643,-69.44489161776735,0.00025464050470884404
intermediate,46.93000000000001,-69.3480926429354,-69.3483902954372,-69.44501549908838,0.0002537931161254058
intermediate,46.940000000000005,-69.34832434791137,-69.34862102649356,-69.44513939925803,0.00025294854746809144
intermediate,46.95,-69.34855589983738,-69.34885160772906,-69.44526331817835,0.00025210678935279535
intermediate,46.96,-69.34878729890745,-69.34908203932702,-69.44538725575165,0.0002512678324266418
intermediate,46.970000000000006,-69.34901854531527,-69.34931232147044,-69.44551121188037,0.0002504316673678771
intermediate,46.980000000000004,-69.34924963925425,-69.34954245434207,-69.44563518646716,0.0002495982848857716
intermediate,46.99,-69.34948058091751,-69.34977243812442,-69.44575917941481,0.0002487676757205101
intermediate,47.00000000000001,-69.34971137049786,-69.35000227299972,-69.44588319062636,0.00024793983064309367
intermediate,47.010000000000005,-69.3499420081878,-69.35023195914991,-69.44600722000497,0.0002471147404552357
intermediate,47.02,-69.35017249417953,-69.35046149675672,-69.44613126745404,0.000246292395989258
intermediate,47.03,-69.35040282866497,-69.35069088600159,-69.4462553328771,0.0002454727881079923
intermediate,47.040000000000006,-69.35063301183575,-69.35092012706566,-69.44637941617789,0.00024465590770467453
intermediate,47.050000000000004,-69.3508630438832,-69.35114922012988,-69.44650351726031,0.00024384174570284923
intermediate,47.06,-69.35109292499828,-69.3513781653749,-69.4466276360285,0.00024303029305626213
intermediate,47.07,-69.35132265537179,-69.3516069629811,-69.44675177238668,0.00024222154074876533
intermediate,47.080000000000005,-69.35155223519415,-69.35183561312861,-69.44687592623936,0.00024141547979421288
intermediate,47.09,-69.35178166465546,-69.35206411599731,-69.44700009749116,0.00024061210123636398
intermediate,47.1,-69.35201094394557,-69.3522924717668,-69.4471242860469,0.0002398113961487825
intermediate,47.11000000000001,-69.35224007325407,-69.35252068061642,-69.44724849181156,0.0002390133556347357
intermediate,47.120000000000005,-69.35246905277013,-69.35274874272527,-69.44737271469037,0.0002382179708271002
intermediate,47.13,-69.35269788268279,-69.35297665827215,-69.44749695458864,0.0002374252328882576
intermediate,47.14,-69.35292656318066,-69.35320442743566,-69.44762121141193,0.00023663513301000136
intermediate,47.150000000000006,-69.35315509445215,-69.35343205039409,-69.44774548506595,0.00023584766241343478
intermediate,47.160000000000004,-69.35338347668532,-69.35365952732549,-69.4478697754566,0.00023506281234887745
intermediate,47.17,-69.35361171006795,-69.35388685840765,-69.44799408248993,0.00023428057409576373
intermediate,47.18000000000001,-69.35383979478758,-69.35411404381813,-69.44811840607224,0.00023350093896255065
intermediate,47.190000000000005,-69.35406773103138,-69.35434108373417,-69.4482427461099,0.00023272389828661762
intermediate,47.2,-69.35429551898626,-69.35456797833281,-69.44836710250954,0.00023194944343417055
intermediate,47.21,-69.35452315883889,-69.3547947277908,-69.44849147517796,0.00023117756580014838
intermediate,47.220000000000006,-69.35475065077557,-69.35502133228464,-69.44861586402209,0.00023040825680812414
intermediate,47.230000000000004,-69.35497799498235,-69.35524779199058,-69.44874026894908,0.00022964150791021307
intermediate,47.24,-69.35520519164501,-69.35547410708463,-69.44886468986623,0.0002288773105869739
intermediate,47.25000000000001,-69.35543224094897,-69.35570027774249,-69.44898912668104,0.0002281156563473186
intermediate,47.260000000000005,-69.35565914307946,-69.35592630413966,-69.44911357930117,0.00022735653672841433
intermediate,47.27,-69.35588589822137,-69.35615218645135,-69.44923804763445,0.00022659994329559026
intermediate,47.28,-69.35611250655931,-69.35637792485257,-69.44936253158892,0.00022584586764224553
intermediate,47.290000000000006,-69.35633896827758,-69.35660351951798,-69.44948703107272,0.0002250943013897533
intermediate,47.300000000000004,-69.35656528356022,-69.35682897062205,-69.44961154599424,0.0002243452361873705
intermediate,47.31,-69.35679145259094,-69.357054278339,-69.44973607626201,0.00022359866371214146
intermediate,47.32,-69.3570174755533,-69.35727944284281,-69.44986062178474,0.00022285457566881042
intermediate,47.330000000000005,-69.35724335263043,-69.35750446430714,-69.44998518247131,0.00022211296378972362
intermediate,47.34000000000001,-69.35746908400519,-69.35772934290542,-69.45010975823078,0.00022137381983474184
intermediate,47.35,-69.35769466986024,-69.35795407881089,-69.45023434897237,0.0002206371355911472
intermediate,47.36000000000001,-69.35792011037786,-69.35817867219646,-69.45035895460549,0.00021990290287355092
intermediate,47.370000000000005,-69.35814540574013,-69.35840312323484,-69.45048357503973,0.00021917111352380488
intermediate,47.38,-69.35837055612882,-69.35862743209844,-69.4506082101848,0.00021844175941090763
intermediate,47.39,-69.35859556172538,-69.35885159895948,-69.45073285995063,0.00021771483243091858
intermediate,47.400000000000006,-69.35882042271099,-69.35907562398985,-69.45085752424731,0.00021699032450686273
intermediate,47.410000000000004,-69.3590451392666,-69.35929950736127,-69.4509822029851,0.0002162682275886453
intermediate,47.42,-69.35926971157284,-69.35952324924517,-69.45110689607445,0.00021554853365295896
intermediate,47.43000000000001,-69.35949413981005,-69.35974684981272,-69.45123160342594,0.0002148312347031975
intermediate,47.440000000000005,-69.35971842415827,-69.35997030923484,-69.45135632495034,0.00021411632276936552
intermediate,47.45,-69.35994256479736,-69.36019362768224,-69.45148106055858,0.00021340378990798863
intermediate,47.46,-69.3601665619068,-69.36041680532534,-69.45160581016178,0.00021269362820202923
intermediate,47.470000000000006,-69.36039041566585,-69.36063984233434,-69.45173057367126,0.00021198582976079323
intermediate,47.480000000000004,-69.36061412625341,-69.36086273887918,-69.45185535099841,0.00021128038671984698
intermediate,47.49,-69.36083769384817,-69.36108549512952,-69.4519801420549,0.00021057729124092644
intermediate,47.5,-69.36106111862858,-69.36130811125481,-69.45210494675247,0.00020987653551185319
intermediate,47.510000000000005,-69.3612844007727,-69.36153058742424,-69.4522297650031,0.0002091781117464441
intermediate,47.52000000000001,-69.36150754045843,-69.36175292380678,-69.4523545967189,0.00020848201218442904
intermediate,47.53,-69.3617305378633,-69.36197512057112,-69.4524794418122,0.0002077882290913613
intermediate,47.540000000000006,-69.36195339316461,-69.3621971778857,-69.45260430019542,0.00020709675475853194
intermediate,47.550000000000004,-69.3621761065394,-69.36241909591874,-69.45272917178119,0.00020640758150288643
intermediate,47.56,-69.36239867816438,-69.36264087483818,-69.45285405648231,0.00020572070166693633
intermediate,47.57,-69.36262110821603,-69.36286251481177,-69.45297895421176,0.00020503610761867715
intermediate,47.580000000000005,-69.36284339687056,-69.36308401600694,-69.45310386488264,0.00020435379175150025
intermediate,47.59000000000001,-69.36306554430386,-69.36330537859092,-69.45322878840825,0.0002036737464841122
intermediate,47.6,-69.3632875506916,-69.36352660273072,-69.45335372470203,0.00020299596426044753
intermediate,47.61000000000001,-69.36350941620913,-69.36374768859305,-69.45347867367762,0.00020232043754958497
intermediate,47.620000000000005,-69.36373114103155,-69.3639686363444,-69.45360363524883,0.0002016471588456659
intermediate,47.63,-69.36395272533369,-69.36418944615102,-69.45372860932957,0.00020097612066780816
intermediate,47.64,-69.3641741692901,-69.3644101181789,-69.45385359583399,0.0002003073155600259
intermediate,47.650000000000006,-69.36439547307509,-69.36463065259383,-69.45397859467636,0.00019964073609114326
intermediate,47.660000000000004,-69.36461663686266,-69.36485104956132,-69.45410360577112,0.0001989763748547163
intermediate,47.67,-69.3648376608265,-69.3650713092466,-69.45422862903291,0.00019831422446894552
intermediate,47.68000000000001,-69.36505854514013,-69.36529143181475,-69.45435366437648,0.00019765427757659798
intermediate,47.690000000000005,-69.36527928997675,-69.36551141743055,-69.45447871171679,0.00019699652684492406
intermediate,47.7,-69.36549989550929,-69.36573126625856,-69.4546037709689,0.00019634096496557474
intermediate,47.71,-69.36572036191038,-69.36595097846308,-69.4547288420481,0.00019568758465452312
intermediate,47.720000000000006,-69.3659406893525,-69.36617055420815,-69.45485392486982,0.00019503637865198026
intermediate,47.730000000000004,-69.36616087800766,-69.36638999365763,-69.45497901934965,0.00019438733972231852
intermediate,47.74,-69.36638092804778,-69.3666092969751,-69.45510412540332,0.0001937404606539866
intermediate,47.75,-69.36660083964443,-69.36682846432387,-69.45522924294679,0.00019309573425943324
intermediate,47.760000000000005,-69.36682061296897,-69.3670474958671,-69.45535437189606,0.00019245315337502455
intermediate,47.77000000000001,-69.36704024819238,-69.36726639176761,-69.45547951216741,0.00019181271086096634
intermediate,47.78,-69.36725974548555,-69.36748515218807,-69.45560466367725,0.0001911743996012251
intermediate,47.790000000000006,-69.36747910501894,-69.36770377729083,-69.4557298263421,0.0001905382125034459
intermediate,47.800000000000004,-69.3676983269628,-69.36792226723804,-69.4558550000787,0.00018990414249887735
intermediate,47.81,-69.36791741148714,-69.36814062219167,-69.45598018480392,0.00018927218254228997
intermediate,47.82,-69.36813635876169,-69.36835884231333,-69.45610538043479,0.00018864232561190066
intermediate,47.830000000000005,-69.36835516895593,-69.36857692776448,-69.45623058688854,0.00018801456470929185
intermediate,47.84,-69.36857384223903,-69.36879487870631,-69.45635580408248,0.00018738889285933676
intermediate,47.85,-69.36879237877994,-69.36901269529982,-69.45648103193415,0.00018676530311011836
intermediate,47.86000000000001,-69.36901077874734,-69.36923037770568,-69.45660627036122,0.00018614378853285633
intermediate,47.870000000000005,-69.36922904230964,-69.36944792608442,-69.45673151928153,0.0001855243422218267
intermediate,47.88,-69.36944716963498,-69.36966534059628,-69.45685677861304,0.0001849069572942857
intermediate,47.89,-69.36966516089126,-69.36988262140127,-69.45698204827393,0.00018429162689039506
intermediate,47.900000000000006,-69.36988301624608,-69.3700997686592,-69.45710732818249,0.00018367834417314333
intermediate,47.910000000000004,-69.37010073586684,-69.37031678252958,-69.4572326182572,0.00018306710232827243
intermediate,47.92,-69.37031831992061,-69.37053366317177,-69.45735791841665,0.00018245789456419908
intermediate,47.93000000000001,-69.37053576857429,-69.3707504107448,-69.45748322857965,0.00018185071411194273
intermediate,47.940000000000005,-69.37075308199438,-69.37096702540755,-69.4576085486651,0.0001812455542250478
intermediate,47.95000000000001,-69.37097026034726,-69.37118350731862,-69.45773387859212,0.00018064240817950857
intermediate,47.96,-69.37118730379899,-69.37139985663637,-69.45785921827996,0.00018004126927369677
intermediate,47.970000000000006,-69.37140421251533,-69.37161607351895,-69.457984567648,0.0001794421308282844
intermediate,47.980000000000004,-69.37162098666185,-69.37183215812428,-69.4581099266158,0.00017884498618617216
intermediate,47.99,-69.37183762640389,-69.37204811061002,-69.4582352951031,0.00017824982871241242
intermediate,48.0,-69.37205413190645,-69.37226393113366,-69.45836067302973,0.0001776566517941395
intermediate,48.010000000000005,-69.37227050333429,-69.37247961985238,-69.45848606031572,0.00017706544884049172
intermediate,48.02000000000001,-69.37248674085194,-69.37269517692317,-69.45861145688129,0.00017647621328254165
intermediate,48.03,-69.37270284462367,-69.37291060250278,-69.45873686264673,0.00017588893857322166
intermediate,48.040000000000006,-69.37291881481349,-69.37312589674774,-69.45886227753253,0.0001753036181872507
intermediate,48.050000000000004,-69.37313465158512,-69.37334105981432,-69.45898770145935,0.0001747202456210634
intermediate,48.06,-69.37335035510208,-69.3735560918586,-69.45911313434797,0.00017413881439273546
intermediate,48.07,-69.37356592552761,-69.3737709930364,-69.45923857611933,0.00017355931804191523
intermediate,48.080000000000005,-69.37378136302469,-69.37398576350333,-69.45936402669456,0.00017298175012974736
intermediate,48.09,-69.37399666775606,-69.37420040341475,-69.45948948599488,0.00017240610423880533
intermediate,48.1,-69.37421183988421,-69.3744149129258,-69.45961495394171,0.00017183237397301718
intermediate,48.11000000000001,-69.37442687957132,-69.37462929219139,-69.45974043045659,0.00017126055295759625
intermediate,48.120000000000005,-69.37464178697942,-69.3748435413662,-69.45986591546125,0.0001706906348389707
intermediate,48.13000000000001,-69.37485656227017,-69.3750576606047,-69.45999140887753,0.00017012261328471027
intermediate,48.14,-69.3750712056051,-69.37527165006111,-69.46011691062746,0.00016955648198345907
intermediate,48.150000000000006,-69.37528571714536,-69.37548550988942,-69.46024242063322,0.00016899223464486292
intermediate,48.160000000000004,-69.37550009705198,-69.3756992402434,-69.4603679388171,0.00016842986499950174
intermediate,48.17,-69.37571434548563,-69.37591284127662,-69.46049346510156,0.00016786936679881752
intermediate,48.18,-69.37592846260682,-69.37612631314238,-69.46061899940923,0.00016731073381504727
intermediate,48.190000000000005,-69.37614244857572,-69.37633965599379,-69.46074454166289,0.00016675395984115126
intermediate,48.20000000000001,-69.3763563035523,-69.37655286998367,-69.46087009178542,0.00016619903869074712
intermediate,48.21,-69.37657002769627,-69.37676595526472,-69.46099564969991,0.00016564596419803862
intermediate,48.220000000000006,-69.37678362116712,-69.37697891198931,-69.46112121532957,0.0001650947302177473
intermediate,48.230000000000004,-69.37699708412404,-69.37719174030966,-69.46124678859778,0.00016454533062504605
intermediate,48.24,-69.37721041672604,-69.37740444037772,-69.46137236942802,0.0001639977593154888
intermediate,48.25,-69.37742361913179,-69.37761701234523,-69.46149795774397,0.00016345201020494477
intermediate,48.260000000000005,-69.3776366914998,-69.37782945636371,-69.46162355346945,0.00016290807722952848
intermediate,48.27000000000001,-69.37784963398829,-69.37804177258444,-69.4617491565284,0.0001623659543455355
intermediate,48.28,-69.37806244675522,-69.3782539611585,-69.46187476684494,0.00016182563552937266
intermediate,48.290000000000006,-69.37827512995833,-69.37846602223672,-69.46200038434331,0.00016128711477749136
intermediate,48.300000000000004,-69.37848768375511,-69.37867795596975,-69.46212600894792,0.00016075038610632275
intermediate,48.31,-69.37870010830281,-69.37888976250795,-69.46225164058332,0.00016021544355220886
intermediate,48.32,-69.37891240375842,-69.37910144200153,-69.46237727917422,0.00015968228117133862
intermediate,48.330000000000005,-69.3791245702787,-69.37931299460043,-69.46250292464542,0.00015915089303967917
intermediate,48.34,-69.37933660802013,-69.37952442045436,-69.46262857692197,0.00015862127325291366
intermediate,48.35,-69.37954851713899,-69.37973571971287,-69.46275423592897,0.00015809341592637146
intermediate,48.36000000000001,-69.3797602977913,-69.37994689252521,-69.4628799015917,0.00015756731519496602
intermediate,48.370000000000005,-69.37997195013283,-69.3801579390405,-69.4630055738356,0.00015704296521312856
intermediate,48.38000000000001,-69.38018347431913,-69.38036885940753,-69.46313125258621,0.0001565203601547419
intermediate,48.39,-69.38039487050544,-69.38057965377496,-69.46325693776929,0.0001559994942130792
intermediate,48.400000000000006,-69.3806061388469,-69.3807903222912,-69.46338262931067,0.00015548036160073405
intermediate,48.410000000000004,-69.38081727949825,-69.38100086510443,-69.4635083271364,0.00015496295654956243
intermediate,48.42,-69.38102829261405,-69.3812112823626,-69.46363403117257,0.0001544472733106131
intermediate,48.43,-69.38123917834864,-69.38142157421349,-69.46375974134551,0.0001539333061540676
intermediate,48.440000000000005,-69.38144993685613,-69.38163174080462,-69.46388545758167,0.00015342104936917386
intermediate,48.45000000000001,-69.38166056829033,-69.38184178228329,-69.46401117980761,0.0001529104972641846
intermediate,48.46,-69.38187107280484,-69.3820516987966,-69.46413690795009,0.0001524016441662942
intermediate,48.470000000000006,-69.38208145055303,-69.38226149049143,-69.46426264193595,0.00015189448442157324
intermediate,48.480000000000004,-69.38229170168805,-69.38247115751442,-69.46438838169222,0.00015138901239490887
intermediate,48.49,-69.38250182636274,-69.382680700012,-69.46451412714605,0.00015088522246993943
intermediate,48.5,-69.38271182472975,-69.38289011813043,-69.46463987822474,0.0001503831090489945
intermediate,48.510000000000005,-69.38292169694154,-69.38309941201571,-69.46476563485572,0.0001498826665530303
intermediate,48.52,-69.38313144315023,-69.38330858181362,-69.46489139696659,0.0001493838894215701
intermediate,48.53,-69.3833410635078,-69.38351762766973,-69.46501716448506,0.00014888677211263979
intermediate,48.540000000000006,-69.38355055816588,-69.38372654972939,-69.46514293733904,0.0001483913091027094
intermediate,48.550000000000004,-69.38375992727597,-69.38393534813777,-69.4652687154565,0.00014789749488662934
intermediate,48.56000000000001,-69.38396917098932,-69.38414402303975,-69.46539449876559,0.00014740532397756933
intermediate,48.57,-69.38417828945687,-69.38435257458008,-69.4655202871946,0.00014691479090695914
intermediate,48.580000000000005,-69.38438728282938,-69.38456100290324,-69.46564608067195,0.00014642589022442583
intermediate,48.59,-69.38459615125738,-69.38476930815352,-69.46577187912624,0.00014593861649773505
intermediate,48.6,-69.38480489489115,-69.384977490475,-69.46589768248614,0.00014545296431272848
intermediate,48.61000000000001,-69.38501351388072,-69.3851855500115,-69.46602349068056,0.0001449689282732665
intermediate,48.620000000000005,-69.38522200837589,-69.38539348690666,-69.46614930363845,0.00014448650300116596
intermediate,48.63000000000001,-69.38543037852631,-69.38560130130396,-69.46627512128896,0.00014400568313614054
intermediate,48.64,-69.38563862448125,-69.38580899334656,-69.46640094356134,0.00014352646333574287
intermediate,48.650000000000006,-69.38584674638987,-69.38601656317749,-69.466526770385,0.00014304883827530307
intermediate,48.660000000000004,-69.38605474440104,-69.38622401093954,-69.4666526016895,0.0001425728026478716
intermediate,48.67,-69.38626261866342,-69.38643133677529,-69.46677843740453,0.00014209835116415804
intermediate,48.68,-69.38647036932538,-69.38663854082708,-69.46690427745989,0.00014162547855247544
intermediate,48.690000000000005,-69.38667799653516,-69.3868456232371,-69.46703012178557,0.000141154179558678
intermediate,48.70000000000001,-69.38688550044066,-69.38705258414724,-69.46715597031164,0.00014068444894610563
intermediate,48.71,-69.38709288118962,-69.38725942369926,-69.46728182296836,0.00014021628149552473
intermediate,48.720000000000006,-69.38730013892953,-69.38746614203468,-69.4674076796861,0.00013974967200506912
intermediate,48.730000000000004,-69.38750727380766,-69.38767273929483,-69.46753354039538,0.00013928461529018522
intermediate,48.74000000000001,-69.38771428597109,-69.38787921562081,-69.46765940502684,0.00013882110618357055
intermediate,48.75,-69.38792117556653,-69.38808557115348,-69.46778527351124,0.00013835913953511974
intermediate,48.760000000000005,-69.38812794274061,-69.38829180603355,-69.46791114577954,0.00013789871021186473
intermediate,48.77,-69.38833458763969,-69.3884979204015,-69.46803702176278,0.0001374398130979199
intermediate,48.78,-69.38854111040986,-69.38870391439757,-69.46816290139216,0.00013698244309442328
intermediate,48.790000000000006,-69.388747511197,-69.38890978816181,-69.468288784599,0.00013652659511948116
intermediate,48.800000000000004,-69.38895379014677,-69.38911554183407,-69.46841467131478,0.00013607226410811214
intermediate,48.81000000000001,-69.38915994740462,-69.38932117555402,-69.46854056147107,0.0001356194450121884
intermediate,48.82,-69.38936598311575,-69.38952668946106,-69.46866645499964,0.00013516813280038258
intermediate,48.830000000000005,-69.38957189742511,-69.38973208369443,-69.46879235183233,0.00013471832245810935
intermediate,48.84,-69.38977769047752,-69.38993735839313,-69.46891825190117,0.00013427000898747187
intermediate,48.85,-69.38998336241742,-69.39014251369595,-69.46904415513829,0.0001338231874072043
intermediate,48.86,-69.3901889133892,-69.39034754974153,-69.46917006147596,0.00013337785275261823
intermediate,48.870000000000005,-69.39039434353688,-69.39055246666828,-69.46929597084659,0.0001329340000755456
intermediate,48.88000000000001,-69.39059965300433,-69.39075726461435,-69.4694218831827,0.00013249162444428614
intermediate,48.89,-69.39080484193519,-69.39096194371776,-69.46954779841701,0.0001320507209435505
intermediate,48.900000000000006,-69.39100991047283,-69.39116650411627,-69.46967371648229,0.00013161128467440586
intermediate,48.910000000000004,-69.39121485876045,-69.39137094594746,-69.46979963731148,0.00013117331075422297
intermediate,48.92,-69.39141968694102,-69.39157526934868,-69.46992556083765,0.00013073679431661997
intermediate,48.93,-69.39162439515722,-69.39177947445711,-69.47005148699405,0.0001303017305114102
intermediate,48.940000000000005,-69.39182898355163,-69.39198356140973,-69.47017741571398,0.0001298681145045462
intermediate,48.95000000000001,-69.3920334522665,-69.39218753034328,-69.47030334693089,0.00012943594147806856
intermediate,48.96,-69.39223780144391,-69.3923913813943,-69.47042928057841,0.00012900520663005035
intermediate,48.970000000000006,-69.39244203122568,-69.39259511469916,-69.47055521659028,0.0001285759051745439
intermediate,48.980000000000004,-69.39264614175346,-69.39279873039402,-69.47068115490035,0.0001281480323415291
intermediate,48.99000000000001,-69.39285013316862,-69.39300222861478,-69.47080709544261,0.00012772158337685826
intermediate,49.0,-69.39305400561236,-69.3932056094972,-69.4709330381512,0.00012729655354220624
intermediate,49.010000000000005,-69.39325775922565,-69.39340887317684,-69.47105898296037,0.0001268729381150137
intermediate,49.02,-69.39346139414923,-69.39361201978902,-69.47118492980452,0.00012645073238843924
intermediate,49.03,-69.3936649105236,-69.39381504946887,-69.47131087861814,0.00012602993167130317
intermediate,49.040000000000006,-69.39386830848906,-69.39401796235134,-69.4714368293359,0.00012561053128803783
intermediate,49.050000000000004,-69.39407158818575,-69.39422075857115,-69.47156278189257,0.00012519252657863485
intermediate,49.06000000000001,-69.39427474975345,-69.39442343826285,-69.47168873622307,0.0001247759128985925
intermediate,49.07,-69.39447779333187,-69.39462600156074,-69.47181469226243,0.00012436068561886654
intermediate,49.080000000000005,-69.39468071906037,-69.39482844859897,-69.4719406499458,0.00012394684012581554
intermediate,49.09,-69.39488352707825,-69.39503077951147,-69.47206660920847,0.00012353437182115244
intermediate,49.1,-69.39508621752444,-69.39523299443196,-69.4721925699859,0.00012312327612189138
intermediate,49.11,-69.39528879053772,-69.395435093494,-69.47231853221362,0.00012271354846029862
intermediate,49.120000000000005,-69.39549124625667,-69.3956370768309,-69.47244449582732,0.0001223051842838399
intermediate,49.13000000000001,-69.39569358481963,-69.3958389445758,-69.47257046076278,0.00012189817905513131
intermediate,49.14,-69.39589580636473,-69.39604069686165,-69.47269642695598,0.00012149252825188896
intermediate,49.150000000000006,-69.39609791102987,-69.39624233382115,-69.47282239434294,0.00012108822736687688
intermediate,49.160000000000004,-69.39629989895275,-69.39644385558687,-69.47294836285987,0.00012068527190785931
intermediate,49.17000000000001,-69.39650177027085,-69.39664526229114,-69.47307433244309,0.00012028365739754878
intermediate,49.18,-69.39670352512145,-69.39684655406612,-69.47320030302906,0.00011988337937355815
intermediate,49.190000000000005,-69.39690516364158,-69.39704773104371,-69.47332627455434,0.00011948443338834927
intermediate,49.2,-69.39710668596808,-69.39724879335573,-69.47345224695562,0.0001190868150091853
intermediate,49.21,-69.39730809223764,-69.39744974113368,-69.47357822016973,0.00011869051981807952
intermediate,49.220000000000006,-69.39750938258658,-69.39765057450893,-69.4737041941336,0.00011829554341174855
intermediate,49.230000000000004,-69.39771055715114,-69.39785129361265,-69.47383016878435,0.00011790188140156165
intermediate,49.24000000000001,-69.39791161606732,-69.39805189857579,-69.47395614405916,0.00011750952941349198
intermediate,49.25,-69.39811255947089,-69.39825238952912,-69.47408211989536,0.0001171184830880694
intermediate,49.260000000000005,-69.39831338749738,-69.39845276660324,-69.47420809623038,0.00011672873808033026
intermediate,49.27,-69.39851410028216,-69.3986530299285,-69.47433407300183,0.00011634029005977093
intermediate,49.28,-69.3987146979604,-69.3988531796351,-69.47446005014741,0.00011595313471029766
intermediate,49.290000000000006,-69.398915180667,-69.39905321585302,-69.47458602760496,0.00011556726773018099
intermediate,49.300000000000004,-69.39911554853667,-69.39925313871207,-69.47471200531238,0.00011518268483200604
intermediate,49.31000000000001,-69.39931580170396,-69.39945294834182,-69.4748379832078,0.0001147993817426251
intermediate,49.32,-69.39951594030312,-69.39965264487172,-69.47496396122939,0.0001144173542031115
intermediate,49.330000000000005,-69.39971596446827,-69.39985222843097,-69.47508993931548,0.0001140365979687102
intermediate,49.34,-69.39991587433327,-69.40005169914858,-69.47521591740453,0.0001136571088087933
intermediate,49.35000000000001,-69.40011567003182,-69.40025105715338,-69.47534189543508,0.00011327888250681003
intermediate,49.36,-69.40031535169734,-69.40045030257403,-69.47546787334585,0.00011290191486024248
intermediate,49.370000000000005,-69.40051491946312,-69.40064943553894,-69.47559385107567,0.00011252620168055693
intermediate,49.38000000000001,-69.40071437346216,-69.40084845617638,-69.47571982856346,0.00011215173879315884
intermediate,49.39,-69.40091371382738,-69.40104736461441,-69.47584580574828,0.00011177852203734582
intermediate,49.400000000000006,-69.40111294069135,-69.40124616098092,-69.47597178256933,0.00011140654726626057
intermediate,49.410000000000004,-69.4013120541865,-69.40144484540356,-69.47609775896589,0.00011103581034684706
intermediate,49.42000000000001,-69.40151105444507,-69.40164341800984,-69.4762237348774,0.00011066630715980176
intermediate,49.43,-69.40170994159907,-69.40184187892703,-69.47634971024341,0.00011029803359953032
intermediate,49.440000000000005,-69.40190871578025,-69.40204022828225,-69.4764756850036,0.00010993098557410011
intermediate,49.45,-69.40210737712027,-69.40223846620242,-69.47660165909777,0.00010956515900519634
intermediate,49.46,-69.40230592575051,-69.40243659281425,-69.4767276324658,0.00010920054982807518
intermediate,49.470000000000006,-69.40250436180216,-69.40263460824433,-69.47685360504775,0.00010883715399151984
intermediate,49.480000000000004,-69.4027026854062,-69.40283251261893,-69.47697957678378,0.00010847496745779562
intermediate,49.49000000000001,-69.40290089669341,-69.40303030606427,-69.47710554761414,0.0001081139862026034
intermediate,49.5,-69.40309899579438,-69.40322798870629,-69.47723151747925,0.00010775420621503703
intermediate,49.510000000000005,-69.40329698283945,-69.4034255606708,-69.47735748631962,0.00010739562349753699
intermediate,49.52,-69.40349485795882,-69.40362302208335,-69.47748345407585,0.00010703823406584757
intermediate,49.53,-69.40369262128246,-69.40382037306938,-69.47760942068874,0.000106682033948971
intermediate,49.54,-69.40389027294013,-69.40401761375412,-69.47773538609916,0.00010632701918912495
intermediate,49.550000000000004,-69.40408781306135,-69.40421474426256,-69.47786135024806,0.00010597318584169675
intermediate,49.56000000000001,-69.40428524177555,-69.40441176471958,-69.47798731307661,0.00010562052997520167
intermediate,49.57,-69.40448255921183,-69.40460867524982,-69.47811327452602,0.0001052690476712376
intermediate,49.580000000000005,-69.40467976549918,-69.40480547597777,-69.47823923453764,0.00010491873502444158
intermediate,49.59,-69.40487686076636,-69.4050021670277,-69.47836519305292,0.00010456958814244765
intermediate,49.60000000000001,-69.4050738451419,-69.4051987485237,-69.47849115001347,0.00010422160314584187
intermediate,49.61,-69.40527071875414,-69.4053952205897,-69.47861710536097,0.00010387477616812161
intermediate,49.620000000000005,-69.40546748173125,-69.4055915833494,-69.47874305903726,0.0001035291033556491
intermediate,49.63000000000001,-69.4056641342012,-69.40578783692638,-69.47886901098428,0.00010318458086761252
intermediate,49.64,-69.40586067629172,-69.40598398144395,-69.47899496114407,0.00010284120487598068
intermediate,49.650000000000006,-69.40605710813038,-69.40618001702535,-69.47912090945881,0.00010249897156546086
intermediate,49.660000000000004,-69.40625342984457,-69.40637594379353,-69.47924685587081,0.00010215787713345757
intermediate,49.67000000000001,-69.40644964156135,-69.40657176187129,-69.47937280032247,0.00010181791779002865
intermediate,49.68,-69.40664574340778,-69.40676747138124,-69.47949874275629,0.00010147908975784525
intermediate,49.690000000000005,-69.40684173551057,-69.40696307244588,-69.47962468311493,0.00010114138927214746
intermediate,49.7,-69.4070376179963,-69.40715856518737,-69.47975062134114,0.00010080481258070453
intermediate,49.71,-69.40723339099132,-69.40735394972788,-69.47987655737779,0.00010046935594377161
intermediate,49.720000000000006,-69.40742905462183,-69.40754922618922,-69.48000249116788,0.00010013501563404949
intermediate,49.730000000000004,-69.40762460901375,-69.40774439469313,-69.48012842265452,9.980178793664258e-05
intermediate,49.74000000000001,-69.40782005429291,-69.40793945536112,-69.48025435178089,9.946966914901692e-05
intermediate,49.75,-69.40801539058485,-69.40813440831452,-69.48038027849034,9.913865558096107e-05
intermediate,49.760000000000005,-69.40821061801499,-69.40832925367452,-69.48050620272635,9.880874355454256e-05
intermediate,49.77,-69.40840573670846,-69.40852399156208,-69.48063212443245,9.847992940406916e-05
intermediate,49.78000000000001,-69.40860074679031,-69.40871862209801,-69.48075804355234,9.815220947604657e-05
intermediate,49.79,-69.40879564838534,-69.40891314540292,-69.48088396002981,9.782558012913923e-05
intermediate,49.800000000000004,-69.40899044161812,-69.40910756159722,-69.48100987380874,9.75000377341285e-05
intermediate,49.81000000000001,-69.40918512661308,-69.4093018708012,-69.48113578483319,9.717557867387325e-05
intermediate,49.82,-69.40937970349441,-69.40949607313493,-69.48126169304726,9.685219934327005e-05
intermediate,49.830000000000005,-69.40957417238616,-69.40969016871829,-69.48138759839523,9.652989614921138e-05
intermediate,49.84,-69.40976853341218,-69.409884157671,-69.48151350082142,9.62086655105476e-05
intermediate,49.85000000000001,-69.40996278669601,-69.41007804011261,-69.48163940027034,9.588850385804584e-05
intermediate,49.86,-69.41015693236123,-69.41027181616246,-69.48176529668655,9.556940763435136e-05
intermediate,49.870000000000005,-69.410350970531,-69.41046548593975,-69.48189119001478,9.5251373293947e-05
intermediate,49.88,-69.41054490132838,-69.41065904956345,-69.4820170801998,9.493439730311492e-05
intermediate,49.89,-69.41073872487628,-69.4108525071524,-69.48214296718658,9.461847613989588e-05
intermediate,49.900000000000006,-69.41093244129733,-69.41104585882522,-69.48226885092015,9.430360629405203e-05
intermediate,49.910000000000004,-69.41112605071405,-69.4112391047004,-69.48239473134565,9.398978426702625e-05
intermediate,49.92000000000001,-69.41131955324872,-69.41143224489622,-69.48252060840834,9.367700657190358e-05
intermediate,49.93,-69.41151294902339,-69.4116252795308,-69.48264648205357,9.33652697333734e-05
intermediate,49.940000000000005,-69.41170623816008,-69.41181820872204,-69.48277235222686,9.305457028768935e-05
intermediate,49.95,-69.41189942078044,-69.41201103258773,-69.48289821887379,9.274490478263287e-05
intermediate,49.96000000000001,-69.41209249700599,-69.41220375124544,-69.48302408194006,9.243626977747242e-05
intermediate,49.970000000000006,-69.41228546695814,-69.41239636481258,-69.4831499413715,9.212866184292715e-05
intermediate,49.980000000000004,-69.41247833075798,-69.41258887340638,-69.483275797114,9.182207756112811e-05
intermediate,49.99000000000001,-69.4126710885265,-69.41278127714385,-69.48340164911366,9.151651352557984e-05
intermediate,50.0,-69.41286374038448,-69.41297357614192,-69.4835274973166,9.121196634112354e-05
intermediate,50.010000000000005,-69.41305628645252,-69.41316577051728,-69.48365334166907,9.090843262389797e-05
intermediate,50.02,-69.41324872685098,-69.41335786038645,-69.48377918211747,9.060590900130384e-05
intermediate,50.03000000000001,-69.41344106170013,-69.41354984586579,-69.48390501860823,9.03043921119639e-05
intermediate,50.04,-69.41363329111995,-69.41374172707144,-69.48403085108797,9.000387860568781e-05
intermediate,50.050000000000004,-69.41382541523028,-69.41393350411946,-69.48415667950337,8.970436514343312e-05
intermediate,50.06000000000001,-69.41401743415082,-69.41412517712563,-69.48428250380125,8.940584839726958e-05
intermediate,50.07,-69.41420934800098,-69.41431674620563,-69.48440832392852,8.910832505034153e-05
intermediate,50.080000000000005,-69.41440115690008,-69.41450821147494,-69.48453413983219,8.881179179683048e-05
intermediate,50.09,-69.41459286096719,-69.41469957304885,-69.4846599514594,8.85162453419201e-05
intermediate,50.10000000000001,-69.41478446032123,-69.41489083104253,-69.4847857587574,8.822168240175732e-05
intermediate,50.11,-69.4149759550809,-69.41508198557094,-69.48491156167353,8.792809970341793e-05
intermediate,50.120000000000005,-69.41516734536476,-69.41527303674883,-69.48503736015525,8.763549398486858e-05
intermediate,50.13,-69.41535863129123,-69.41546398469087,-69.48516315415013,8.734386199493192e-05
intermediate,50.14,-69.41554981297836,-69.41565482951147,-69.48528894360584,8.70532004932492e-05
intermediate,50.150000000000006,-69.4157408905442,-69.41584557132494,-69.48541472847016,8.676350625024521e-05
intermediate,50.160000000000004,-69.41593186410654,-69.41603621024535,-69.48554050869096,8.647477604709249e-05
intermediate,50.17000000000001,-69.41612273378298,-69.41622674638664,-69.48566628421626,8.618700667567423e-05
intermediate,50.18,-69.41631349969101,-69.41641717986259,-69.48579205499415,8.590019493855036e-05
intermediate,50.190000000000005,-69.41650416194781,-69.41660751078676,-69.48591782097284,8.561433764892047e-05
intermediate,50.2,-69.41669472067052,-69.41679773927261,-69.48604358210062,8.532943163058988e-05
intermediate,50.21000000000001,-69.41688517597598,-69.41698786543336,-69.48616933832594,8.504547371793276e-05
intermediate,50.22,-69.41707552798091,-69.41717788938209,-69.4862950895973,8.476246075585903e-05
intermediate,50.230000000000004,-69.41726577680184,-69.41736781123173,-69.48642083586336,8.448038959977638e-05
intermediate,50.24000000000001,-69.41745592255509,-69.417557631095,-69.48654657707283,8.41992571155586e-05
intermediate,50.25,-69.41764596535685,-69.4177473490845,-69.48667231317457,8.391906017950847e-05
intermediate,50.260000000000005,-69.41783590532309,-69.4179369653126,-69.48679804411755,8.363979567832358e-05
intermediate,50.27,-69.4180257425696,-69.41812647989158,-69.4869237698508,8.33614605090624e-05
intermediate,50.28000000000001,-69.41821547721202,-69.41831589293348,-69.48704949032347,8.308405157910867e-05
intermediate,50.29,-69.41840510936576,-69.41850520455017,-69.48717520548485,8.280756580613866e-05
intermediate,50.300000000000004,-69.41859463914614,-69.41869441485343,-69.4873009152843,8.253200011808493e-05
intermediate,50.31000000000001,-69.41878406666818,-69.4188835239548,-69.48742661967128,8.225735145310387e-05
intermediate,50.32,-69.41897339204681,-69.4190725319657,-69.48755231859536,8.198361675954089e-05
intermediate,50.330000000000005,-69.41916261539673,-69.41926143899731,-69.48767801200627,8.171079299589634e-05
intermediate,50.34,-69.4193517368325,-69.41945024516072,-69.48780369985374,8.143887713079253e-05
intermediate,50.35000000000001,-69.41954075646852,-69.41963895056683,-69.4879293820877,8.116786614293884e-05
intermediate,50.36,-69.41972967441892,-69.41982755532638,-69.48805505865813,8.089775702109987e-05
intermediate,50.370000000000005,-69.41991849079773,-69.42001605954988,-69.48818072951511,8.062854676405993e-05
intermediate,50.38,-69.42010720571881,-69.42020446334777,-69.48830639460884,8.036023238059148e-05
intermediate,50.39000000000001,-69.4202958192958,-69.42039276683029,-69.48843205388965,8.009281088942054e-05
intermediate,50.400000000000006,-69.42048433164217,-69.42058097010748,-69.48855770730796,7.982627931919458e-05
intermediate,50.410000000000004,-69.42067274287123,-69.42076907328924,-69.48868335481421,7.956063470844913e-05
intermediate,50.42000000000001,-69.4208610530961,-69.4209570764853,-69.48880899635908,7.929587410557424e-05
intermediate,50.43,-69.42104926242973,-69.42114497980523,-69.48893463189324,7.903199456878327e-05
intermediate,50.440000000000005,-69.42123737098491,-69.42133278335848,-69.48906026136753,7.876899316607823e-05
intermediate,50.45,-69.42142537887423,-69.42152048725424,-69.48918588473285,7.85068669752189e-05
intermediate,50.46000000000001,-69.42161328621012,-69.42170809160162,-69.48931150194024,7.824561308368903e-05
intermediate,50.47,-69.42180109310485,-69.42189559650951,-69.48943711294079,7.798522858866527e-05
intermediate,50.480000000000004,-69.42198879967043,-69.4220830020867,-69.48956271768573,7.772571059698352e-05
intermediate,50.49000000000001,-69.42217640601883,-69.42227030844171,-69.48968831612639,7.746705622510794e-05
intermediate,50.5,-69.42236391226176,-69.42245751568302,-69.48981390821422,7.720926259909878e-05
intermediate,50.510000000000005,-69.42255131851073,-69.42264462391887,-69.48993949390069,7.695232685457936e-05
intermediate,50.52,-69.42273862487717,-69.42283163325739,-69.4900650731375,7.669624613670572e-05
intermediate,50.53000000000001,-69.42292583147227,-69.42301854380646,-69.49019064587632,7.644101760013363e-05
intermediate,50.54,-69.42311293840709,-69.4232053556739,-69.490316212069,7.61866384089881e-05
intermediate,50.550000000000004,-69.42329994579242,-69.4233920689673,-69.49044177166743,7.593310573683065e-05
intermediate,50.56,-69.42348685373904,-69.42357868379413,-69.49056732462371,7.568041676662954e-05
intermediate,50.57000000000001,-69.42367366235737,-69.42376520026168,-69.4906928708899,7.542856869072653e-05
intermediate,50.580000000000005,-69.42386037175787,-69.42395161847708,-69.49081841041826,7.517755871080721e-05
intermediate,50.59,-69.42404698205061,-69.42413793854728,-69.49094394316107,7.492738403786933e-05
intermediate,50.60000000000001,-69.42423349334565,-69.42432416057909,-69.49106946907082,7.467804189219152e-05
intermediate,50.61,-69.4244199057528,-69.42451028467916,-69.4911949881,7.442952950330314e-05
intermediate,50.620000000000005,-69.4246062193817,-69.42469631095399,-69.49132050020125,7.41818441099525e-05
intermediate,50.63,-69.4247924343419,-69.4248822395099,-69.49144600532728,7.393498296007763e-05
intermediate,50.64000000000001,-69.42497855074268,-69.42506807045307,-69.4915715034309,7.368894331077395e-05
intermediate,50.650000000000006,-69.42516456869319,-69.42525380388948,-69.49169699446507,7.34437224282652e-05
intermediate,50.660000000000004,-69.42535048830241,-69.42543943992499,-69.49182247838279,7.319931758787247e-05
intermediate,50.67000000000001,-69.42553630967917,-69.4256249786653,-69.49194795513718,7.295572607398365e-05
intermediate,50.68,-69.42572203293209,-69.42581042021594,-69.49207342468144,7.271294518002414e-05
intermediate,50.690000000000005,-69.42590765816966,-69.4259957646823,-69.49219888696886,7.247097220842556e-05
intermediate,50.7,-69.42609318550018,-69.42618101216955,-69.49232434195291,7.222980447059737e-05
intermediate,50.71000000000001,-69.42627861503178,-69.42636616278277,-69.49244978958704,7.198943928689515e-05
intermediate,50.72,-69.42646394687245,-69.42655121662689,-69.4925752298249,7.174987398659246e-05
intermediate,50.730000000000004,-69.42664918112996,-69.4267361738066,-69.49270066262017,7.151110590784986e-05
intermediate,50.74000000000001,-69.42683431791197,-69.4269210344265,-69.49282608792664,7.12731323976864e-05
intermediate,50.75,-69.42701935732593,-69.42710579859104,-69.49295150569822,7.103595081194961e-05
intermediate,50.760000000000005,-69.42720429947914,-69.42729046640447,-69.49307691588889,7.079955851528579e-05
intermediate,50.77,-69.42738914447877,-69.42747503797094,-69.49320231845276,7.056395288111187e-05
intermediate,50.78000000000001,-69.42757389243174,-69.42765951339435,-69.49332771334399,7.03291312915847e-05
intermediate,50.79,-69.42775854344487,-69.42784389277854,-69.49345310051687,7.009509113757332e-05
intermediate,50.800000000000004,-69.42794309762478,-69.42802817622714,-69.49357847992576,6.986182981862896e-05
intermediate,50.81,-69.42812755507799,-69.42821236384368,-69.49370385152517,6.962934474295697e-05
intermediate,50.82000000000001,-69.42831191591075,-69.42839645573146,-69.49382921526966,6.939763332738714e-05
intermediate,50.830000000000005,-69.42849618022925,-69.42858045199365,-69.49395457111386,6.916669299734616e-05
intermediate,50.84,-69.42868034813938,-69.42876435273331,-69.49407991901258,6.893652118682795e-05
intermediate,50.85000000000001,-69.42886441974703,-69.42894815805327,-69.49420525892063,6.870711533836538e-05
intermediate,50.86,-69.42904839515782,-69.42913186805627,-69.49433059079297,6.847847290300243e-05
intermediate,50.870000000000005,-69.42923227447723,-69.42931548284488,-69.49445591458463,6.825059134026504e-05
intermediate,50.88,-69.42941605781056,-69.42949900252148,-69.49458123025079,6.80234681181337e-05
intermediate,50.89000000000001,-69.429599745263,-69.42968242718835,-69.49470653774665,6.779710071301439e-05
intermediate,50.9,-69.42978333693952,-69.42986575694758,-69.49483183702755,6.757148660971183e-05
intermediate,50.910000000000004,-69.42996683294497,-69.43004899190113,-69.4949571280489,6.73466233014e-05
intermediate,50.92000000000001,-69.43015023338398,-69.43023213215078,-69.49508241076623,6.71225082895955e-05
intermediate,50.93,-69.43033353836111,-69.43041517779817,-69.49520768513513,6.689913908412933e-05
intermediate,50.940000000000005,-69.43051674798063,-69.43059812894477,-69.49533295111132,6.667651320311894e-05
intermediate,50.95,-69.43069986234677,-69.43078098569195,-69.49545820865058,6.645462817294131e-05
intermediate,50.96000000000001,-69.43088288156353,-69.4309637481409,-69.4955834577088,6.623348152820461e-05
intermediate,50.97,-69.43106580573479,-69.43114641639262,-69.49570869824198,6.60130708117221e-05
intermediate,50.980000000000004,-69.43124863496422,-69.43132899054804,-69.49583393020619,6.579339357448322e-05
intermediate,50.99000000000001,-69.43143136935537,-69.43151147070783,-69.49595915355758,6.557444737562758e-05
intermediate,51.00000000000001,-69.4316140090116,-69.4316938569726,-69.49608436825244,6.535622978241756e-05
intermediate,51.010000000000005,-69.43179655403613,-69.43187614944279,-69.49620957424712,6.51387383702107e-05
intermediate,51.02,-69.43197900453204,-69.43205834821865,-69.49633477149803,6.492197072243379e-05
intermediate,51.03000000000001,-69.43216136060218,-69.4322404534003,-69.49645995996173,6.470592443055482e-05
intermediate,51.04,-69.43234362234934,-69.43242246508775,-69.49658513959486,6.449059709405767e-05
intermediate,51.050000000000004,-69.43252578987604,-69.4326043833808,-69.4967103103541,6.427598632041383e-05
intermediate,51.06,-69.43270786328475,-69.43278620837916,-69.49683547219632,6.406208972505717e-05
intermediate,51.07000000000001,-69.43288984267768,-69.4329679401823,-69.49696062507839,6.38489049313564e-05
intermediate,51.080000000000005,-69.43307172815693,-69.43314957888963,-69.49708576895732,6.363642957058953e-05
intermediate,51.09,-69.43325351982448,-69.43333112460037,-69.49721090379018,6.342466128191713e-05
intermediate,51.10000000000001,-69.4334352177821,-69.43351257741361,-69.49733602953415,6.321359771235573e-05
intermediate,51.11,-69.4336168221314,-69.43369393742825,-69.49746114614653,6.300323651675282e-05
intermediate,51.120000000000005,-69.43379833297386,-69.4338752047431,-69.49758625358466,6.279357535775927e-05
intermediate,51.13,-69.4339797504108,-69.43405637945679,-69.49771135180598,6.258461190580471e-05
intermediate,51.14000000000001,-69.43416107454335,-69.4342374616678,-69.49783644076804,6.237634383907066e-05
intermediate,51.15,-69.43434230547253,-69.43441845147449,-69.49796152042848,6.216876884346554e-05
intermediate,51.160000000000004,-69.43452344329918,-69.434599348975,-69.49808659074499,6.196188461259807e-05
intermediate,51.17000000000001,-69.43470448812397,-69.4347801542674,-69.49821165167543,6.175568884775276e-05
intermediate,51.18000000000001,-69.43488544004745,-69.4349608674496,-69.49833670317764,6.155017925786341e-05
intermediate,51.190000000000005,-69.43506629916999,-69.43514148861934,-69.49846174520967,6.134535355948786e-05
intermediate,51.2,-69.43524706559178,-69.4353220178742,-69.49858677772956,6.114120947678309e-05
intermediate,51.21000000000001,-69.43542773941293,-69.43550245531165,-69.4987118006955,6.093774474147919e-05
intermediate,51.22,-69.43560832073328,-69.43568280102899,-69.49883681406573,6.073495709285501e-05
intermediate,51.230000000000004,-69.43578880965268,-69.43586305512342,-69.49896181779859,6.0532844277712055e-05
intermediate,51.24,-69.43596920627063,-69.4360432176919,-69.49908681185255,6.0331404050350716e-05
intermediate,51.25000000000001,-69.4361495106866,-69.43622328883134,-69.4992117961861,6.013063417254397e-05
intermediate,51.260000000000005,-69.43632972299993,-69.43640326863846,-69.49933677075789,5.993053241351301e-05
intermediate,51.27,-69.43650984330972,-69.43658315720982,-69.49946173552658,5.973109654990352e-05
intermediate,51.28000000000001,-69.43668987171498,-69.43676295464189,-69.499586690451,5.9532324365759104e-05
intermediate,51.29,-69.43686980831447,-69.43694266103093,-69.49971163548999,5.933421365249789e-05
intermediate,51.300000000000004,-69.43704965320694,-69.4371222764731,-69.49983657060254,5.913676220888751e-05
intermediate,51.31,-69.43722940649091,-69.43730180106441,-69.49996149574768,5.893996784102137e-05
intermediate,51.32000000000001,-69.43740906826471,-69.43748123490069,-69.50008641088459,5.874382836229317e-05
intermediate,51.330000000000005,-69.43758863862662,-69.4376605780777,-69.50021131597248,5.8548341593373056e-05
intermediate,51.34,-69.43776811767466,-69.43783983069099,-69.50033621097066,5.835350536218443e-05
intermediate,51.35000000000001,-69.43794750550673,-69.43801899283595,-69.50046109583853,5.815931750387793e-05
intermediate,51.36,-69.43812680222068,-69.43819806460793,-69.50058597053557,5.7965775860808717e-05
intermediate,51.370000000000005,-69.43830600791402,-69.43837704610202,-69.50071083502138,5.777287828251188e-05
intermediate,51.38,-69.4384851226843,-69.43855593741326,-69.50083568925561,5.758062262567944e-05
intermediate,51.39000000000001,-69.43866414662877,-69.43873473863646,-69.50096053319801,5.7389006754135224e-05
intermediate,51.4,-69.43884307984463,-69.43891344986638,-69.50108536680843,5.719802853881203e-05
intermediate,51.410000000000004,-69.43902192242889,-69.43909207119755,-69.50121019004675,5.700768585772742e-05
intermediate,51.42000000000001,-69.4392006744784,-69.43927060272443,-69.50133500287302,5.681797659596137e-05
intermediate,51.43000000000001,-69.43937933608986,-69.4394490445413,-69.50145980524732,5.662889864563093e-05
intermediate,51.440000000000005,-69.43955790735984,-69.4396273967423,-69.50158459712982,5.6440449905867846e-05
intermediate,51.45,-69.43973638838476,-69.43980565942142,-69.50170937848081,5.6252628282795686e-05
intermediate,51.46000000000001,-69.43991477926087,-69.43998383267257,-69.50183414926062,5.6065431689505404e-05
intermediate,51.47,-69.44009308008432,-69.44016191658943,-69.50195890942969,5.587885804603292e-05
intermediate,51.480000000000004,-69.44027129095106,-69.44033991126561,-69.50208365894854,5.569290527933553e-05
intermediate,51.49,-69.44044941195692,-69.44051781679455,-69.50220839777779,5.5507571323270074e-05
intermediate,51.50000000000001,-69.44062744319753,-69.44069563326954,-69.50233312587812,5.5322854118568166e-05
intermediate,51.510000000000005,-69.44080538476844,-69.44087336078375,-69.50245784321032,5.513875161281422e-05
intermediate,51.52,-69.44098323676499,-69.44105099943019,-69.50258254973524,5.495526176042364e-05
intermediate,51.53000000000001,-69.44116099928247,-69.44122854930177,-69.50270724541383,5.477238252261791e-05
intermediate,51.54,-69.44133867241595,-69.44140601049122,-69.50283193020711,5.459011186740369e-05
intermediate,51.550000000000004,-69.44151625626033,-69.44158338309113,-69.50295660407618,5.440844776954935e-05
intermediate,51.56,-69.44169375091042,-69.44176066719399,-69.50308126698224,5.4227388210563604e-05
intermediate,51.57000000000001,-69.44187115646085,-69.44193786289212,-69.5032059188866,5.4046931178671426e-05
intermediate,51.58,-69.44204847300612,-69.4421149702777,-69.5033305597506,5.3867074668792834e-05
intermediate,51.59,-69.44222570064056,-69.4422919894428,-69.50345518953569,5.3687816682520014e-05
intermediate,51.60000000000001,-69.44240283945844,-69.44246892047931,-69.5035798082034,5.350915522809629e-05
intermediate,51.61000000000001,-69.44257988955374,-69.44264576347902,-69.50370441571535,5.333108832039228e-05
intermediate,51.620000000000005,-69.44275685102042,-69.44282251853357,-69.50382901203325,5.3153613980884754e-05
intermediate,51.63,-69.44293372395222,-69.44299918573446,-69.50395359711887,5.2976730237635174e-05
intermediate,51.64000000000001,-69.44311050844277,-69.44317576517304,-69.50407817093405,5.280043512526659e-05
intermediate,51.65,-69.44328720458553,-69.44335225694053,-69.50420273344078,5.262472668494261e-05
intermediate,51.660000000000004,-69.4434638124739,-69.44352866112804,-69.50432728460105,5.2449602964345146e-05
intermediate,51.67000000000001,-69.44364033220103,-69.44370497782654,-69.50445182437697,5.227506201765384e-05
intermediate,51.68000000000001,-69.44381676385996,-69.44388120712681,-69.50457635273078,5.210110190552276e-05
intermediate,51.690000000000005,-69.44399310754359,-69.44405734911953,-69.5047008696247,5.1927720695059796e-05
intermediate,51.7,-69.44416936334468,-69.44423340389525,-69.5048253750211,5.175491645980564e-05
intermediate,51.71000000000001,-69.44434553135586,-69.4444093715444,-69.50494986888245,5.158268727971128e-05
intermediate,51.72,-69.4445216116696,-69.44458525215721,-69.50507435117125,5.141103124111737e-05
intermediate,51.730000000000004,-69.44469760437823,-69.44476104582387,-69.50519882185009,5.123994643673257e-05
intermediate,51.74,-69.44487350957395,-69.44493675263436,-69.50532328088167,5.10694309656134e-05
intermediate,51.75000000000001,-69.44504932734878,-69.44511237267854,-69.50544772822876,5.0899482933141456e-05
intermediate,51.760000000000005,-69.44522505779467,-69.44528790604615,-69.50557216385418,5.0730100451003374e-05
intermediate,51.77,-69.44540070100335,-69.44546335282679,-69.50569658772088,5.056128163717017e-05
intermediate,51.78000000000001,-69.44557625706645,-69.44563871310993,-69.50582099979184,5.0393024615875334e-05
intermediate,51.790000000000006,-69.44575172607544,-69.44581398698487,-69.50594540003017,5.0225327517594684e-05
intermediate,51.800000000000004,-69.44592710812167,-69.44598917454086,-69.50606978839903,5.0058188479025106e-05
intermediate,51.81,-69.44610240329632,-69.4461642758669,-69.50619416486165,4.989160564306503e-05
intermediate,51.82000000000001,-69.44627761169048,-69.44633929105197,-69.5063185293814,4.972557715879205e-05
intermediate,51.83,-69.44645273339505,-69.44651422018484,-69.50644288192164,4.956010118144352e-05
intermediate,51.84,-69.44662776850083,-69.44668906335421,-69.5065672224459,4.93951758723956e-05
intermediate,51.85000000000001,-69.44680271709844,-69.44686382064857,-69.50669155091772,4.923079939914351e-05
intermediate,51.86000000000001,-69.44697757927838,-69.44703849215634,-69.50681586730077,4.906696993528011e-05
intermediate,51.870000000000005,-69.44715235513101,-69.44721307796577,-69.50694017155875,4.89036856604761e-05
intermediate,51.88,-69.44732704474653,-69.44738757816499,-69.5070644636555,4.874094476046059e-05
intermediate,51.89000000000001,-69.44750164821507,-69.44756199284201,-69.50718874355488,4.8578745426999425e-05
intermediate,51.9,-69.4476761656265,-69.44773632208471,-69.50731301122087,4.8417085857876114e-05
intermediate,51.910000000000004,-69.4478505970707,-69.4479105659808,-69.5074372666175,4.82559642568714e-05
intermediate,51.92,-69.44802494263729,-69.44808472461791,-69.5075615097089,4.809537883374395e-05
intermediate,51.93000000000001,-69.44819920241581,-69.44825879808351,-69.5076857404593,4.793532780420946e-05
intermediate,51.940000000000005,-69.44837337649564,-69.44843278646495,-69.50780995883292,4.777580938992125e-05
intermediate,51.95,-69.44854746496605,-69.44860668984944,-69.50793416479416,4.7616821818451384e-05
intermediate,51.96000000000001,-69.44872146791617,-69.44878050832406,-69.50805835830742,4.745836332326938e-05
intermediate,51.97,-69.44889538543494,-69.44895424197578,-69.50818253933726,4.7300432143723656e-05
intermediate,51.980000000000004,-69.44906921761124,-69.44912789089139,-69.50830670784823,4.714302652502156e-05
intermediate,51.99,-69.44924296453371,-69.4493014551576,-69.50843086380503,4.698614471821047e-05
intermediate,52.00000000000001,-69.44941662629103,-69.44947493486097,-69.5085550071724,4.682978498015742e-05
intermediate,52.010000000000005,-69.44959020297148,-69.44964833008794,-69.50867913791515,4.667394557353014e-05
intermediate,52.02,-69.44976369466346,-69.4498216409248,-69.5088032559982,4.651862476677855e-05
intermediate,52.03000000000001,-69.44993710145512,-69.44999486745773,-69.50892736138651,4.636382083411407e-05
intermediate,52.040000000000006,-69.4501104234345,-69.4501680097728,-69.50905145404516,4.6209532055491405e-05
intermediate,52.050000000000004,-69.45028366068941,-69.45034106795589,-69.50917553393928,4.605575671658904e-05
intermediate,52.06,-69.45045681330767,-69.4505140420928,-69.50929960103409,4.5902493108790856e-05
intermediate,52.07000000000001,-69.4506298813769,-69.4506869322692,-69.50942365529484,4.574973952916613e-05
intermediate,52.08,-69.45080286498454,-69.45085973857063,-69.50954769668691,4.559749428045128e-05
intermediate,52.09,-69.45097576421799,-69.45103246108246,-69.50967172517575,4.544575567103065e-05
intermediate,52.10000000000001,-69.45114857916445,-69.45120509989,-69.50979574072689,4.52945220149186e-05
intermediate,52.11000000000001,-69.45132130991097,-69.45137765507837,-69.50991974330587,4.5143791631739366e-05
intermediate,52.120000000000005,-69.45149395654455,-69.45155012673264,-69.51004373287842,4.4993562846709216e-05
intermediate,52.13,-69.45166651915198,-69.45172251493764,-69.51016770941025,4.48438339906182e-05
intermediate,52.14000000000001,-69.45183899781995,-69.45189481977819,-69.5102916728672,4.469460339981065e-05
intermediate,52.15,-69.45201139263497,-69.45206704133888,-69.51041562321515,4.454586941616737e-05
intermediate,52.160000000000004,-69.45218370368346,-69.45223917970425,-69.5105395604201,4.439763038708677e-05
intermediate,52.17,-69.45235593105174,-69.4524112349587,-69.51066348444805,4.424988466546747e-05
intermediate,52.18000000000001,-69.45252807482596,-69.45258320718648,-69.51078739526514,4.410263060968859e-05
intermediate,52.190000000000005,-69.45270013509212,-69.4527550964717,-69.51091129283758,4.39558665835922e-05
intermediate,52.2,-69.45287211193609,-69.45292690289843,-69.51103517713165,4.3809590956465864e-05
intermediate,52.21000000000001,-69.45304400544363,-69.45309862655049,-69.51115904811367,4.366380210302309e-05
intermediate,52.220000000000006,-69.45321581570039,-69.45327026751167,-69.51128290575006,4.351849840338632e-05
intermediate,52.230000000000004,-69.45338754279183,-69.45344182586558,-69.51140675000734,4.337367824306809e-05
intermediate,52.24,-69.45355918680333,-69.45361330169577,-69.51153058085208,4.3229340012954595e-05
intermediate,52.25000000000001,-69.4537307478201,-69.45378469508557,-69.5116543982509,4.308548210928598e-05
intermediate,52.26,-69.45390222592727,-69.4539560061183,-69.51177820217055,4.2942102933639636e-05
intermediate,52.27,-69.45407362120974,-69.45412723487703,-69.51190199257779,4.279920089291189e-05
intermediate,52.28000000000001,-69.45424493375242,-69.45429838144483,-69.51202576943952,4.2656774399301276e-05
intermediate,52.290000000000006,-69.45441616363999,-69.45446944590455,-69.51214953272266,4.2514821870289517e-05
intermediate,52.300000000000004,-69.45458731095702,-69.45464042833895,-69.51227328239422,4.237334172862467e-05
intermediate,52.31,-69.45475837578796,-69.45481132883067,-69.51239701842131,4.223233240230401e-05
intermediate,52.32000000000001,-69.4549293582171,-69.45498214746223,-69.51252074077107,4.209179232455564e-05
intermediate,52.33,-69.4551002583287,-69.45515288431604,-69.51264444941074,4.195171993382169e-05
intermediate,52.34,-69.45527107620673,-69.45532353947432,-69.51276814430764,4.181211367374062e-05
intermediate,52.35000000000001,-69.45544181193519,-69.45549411301927,-69.51289182542914,4.1672971993130755e-05
intermediate,52.36000000000001,-69.45561246559785,-69.45566460503287,-69.5130154927427,4.153429334597176e-05
intermediate,52.370000000000005,-69.4557830372784,-69.45583501559705,-69.51313914621582,4.139607619138822e-05
intermediate,52.38,-69.45595352706034,-69.45600534479357,-69.51326278581614,4.125831899363284e-05
intermediate,52.39000000000001,-69.45612393502714,-69.45617559270408,-69.5133864115113,4.1121020222068535e-05
intermediate,52.400000000000006,-69.45629426126209,-69.45634575941014,-69.51351002326908,4.098417835115196e-05
intermediate,52.410000000000004,-69.45646450584829,-69.45651584499312,-69.51363362105725,4.084779186041627e-05
intermediate,52.42,-69.45663466886882,-69.45668584953435,-69.51375720484373,4.071185923445506e-05
intermediate,52.43000000000001,-69.45680475040658,-69.45685577311498,-69.51388077459644,4.057637896290419e-05
intermediate,52.440000000000005,-69.45697475054438,-69.45702561581608,-69.51400433028346,4.0441349540425766e-05
intermediate,52.45,-69.45714466936482,-69.45719537771855,-69.51412787187286,4.0306769466691776e-05
intermediate,52.46000000000001,-69.45731450695048,-69.45736505890322,-69.51425139933284,4.017263724636654e-05
intermediate,52.470000000000006,-69.45748426338372,-69.45753465945074,-69.51437491263161,4.003895138909067e-05
intermediate,52.480000000000004,-69.4576539387468,-69.4577041794417,-69.51449841173752,3.990571040946417e-05
intermediate,52.49,-69.45782353312192,-69.45787361895654,-69.51462189661898,3.9772912827030765e-05
intermediate,52.50000000000001,-69.45799304659106,-69.4580429780756,-69.51474536724439,3.964055716626018e-05
intermediate,52.51,-69.45816247923615,-69.45821225687905,-69.51486882358232,3.95086419565326e-05
intermediate,52.52,-69.45833183113893,-69.458381455447,-69.51499226560136,3.937716573212197e-05
intermediate,52.53000000000001,-69.45850110238106,-69.45855057385941,-69.51511569327018,3.924612703218029e-05
intermediate,52.540000000000006,-69.45867029304408,-69.45871961219613,-69.51523910655753,3.9115524400720514e-05
intermediate,52.550000000000004,-69.45883940320938,-69.45888857053689,-69.51536250543222,3.898535638660073e-05
intermediate,52.56,-69.45900843295821,-69.45905744896129,-69.51548588986313,3.8855621543508765e-05
intermediate,52.57000000000001,-69.45917738237173,-69.45922624754881,-69.51560925981921,3.872631842994481e-05
intermediate,52.58,-69.45934625153096,-69.45939496637884,-69.5157326152695,3.859744560920627e-05
intermediate,52.59,-69.45951504051679,-69.45956360553062,-69.51585595618307,3.8469001649371456e-05
intermediate,52.6,-69.45968374941005,-69.45973216508328,-69.51597928252912,3.8340985123284205e-05
intermediate,52.61000000000001,-69.45985237829133,-69.45990064511585,-69.51610259427684,3.8213394608537234e-05
intermediate,52.620000000000005,-69.4600209272412,-69.46006904570723,-69.51622589139556,3.808622868745663e-05
intermediate,52.63,-69.46018939634004,-69.46023736693618,-69.51634917385465,3.7959485947086804e-05
intermediate,52.64000000000001,-69.46035778566815,-69.46040560888137,-69.51647244162353,3.783316497917358e-05
intermediate,52.650000000000006,-69.46052609530568,-69.46057377162136,-69.51659569467174,3.770726438014936e-05
intermediate,52.660000000000004,-69.46069432533267,-69.46074185523457,-69.51671893296884,3.758178275111717e-05
intermediate,52.67,-69.46086247582903,-69.4609098597993,-69.5168421564845,3.745671869783566e-05
intermediate,52.68000000000001,-69.4610305468746,-69.46107778539377,-69.51696536518843,3.733207083070281e-05
intermediate,52.690000000000005,-69.46119853854898,-69.46124563209605,-69.51708855905038,3.720783776474086e-05
intermediate,52.7,-69.4613664509318,-69.4614133999841,-69.51721173804025,3.708401811958149e-05
intermediate,52.71000000000001,-69.46153428410244,-69.46158108913576,-69.51733490212794,3.696061051944943e-05
intermediate,52.720000000000006,-69.46170203814022,-69.46174869962876,-69.51745805128346,3.6837613593147835e-05
intermediate,52.730000000000004,-69.46186971312429,-69.46191623154071,-69.51758118547684,3.6715025974042805e-05
intermediate,52.74,-69.46203730913378,-69.46208368494914,-69.51770430467823,3.659284630004866e-05
intermediate,52.75000000000001,-69.46220482624763,-69.46225105993139,-69.51782740885781,3.647107321361212e-05
intermediate,52.76,-69.46237226454458,-69.46241835656477,-69.51795049798585,3.63497053616976e-05
intermediate,52.77,-69.46253962410344,-69.4625855749264,-69.51807357203269,3.622874139577199e-05
intermediate,52.78000000000001,-69.46270690500275,-69.46275271509332,-69.51819663096873,3.610817997179035e-05
intermediate,52.790000000000006,-69.46287410732099,-69.46291977714249,-69.51831967476441,3.5988019750179894e-05
intermediate,52.800000000000004,-69.46304123113647,-69.46308676115068,-69.51844270339029,3.5868259395825596e-05
intermediate,52.81,-69.46320827652744,-69.46325366719458,-69.51856571681695,3.5748897578056027e-05
intermediate,52.82000000000001,-69.46337524357202,-69.46342049535079,-69.51868871501509,3.562993297062732e-05
intermediate,52.830000000000005,-69.46354213234815,-69.46358724569576,-69.5188116979554,3.551136425170937e-05
intermediate,52.84,-69.46370894293375,-69.46375391830587,-69.51893466560873,3.5393190103870415e-05
intermediate,52.85,-69.46387567540654,-69.46392051325734,-69.5190576179459,3.5275409214063585e-05
intermediate,52.86000000000001,-69.46404232984419,-69.4640870306263,-69.51918055493789,3.5158020273610954e-05
intermediate,52.870000000000005,-69.46420890632415,-69.46425347048874,-69.51930347655566,3.5041021978189544e-05
intermediate,52.88,-69.46437540492387,-69.46441983292061,-69.5194263827703,3.492441302781747e-05
intermediate,52.89000000000001,-69.46454182572059,-69.46458611799764,-69.51954927355295,3.480819212683835e-05
intermediate,52.900000000000006,-69.4647081687915,-69.46475232579552,-69.5196721488748,3.4692357983907626e-05
intermediate,52.910000000000004,-69.46487443421361,-69.46491845638981,-69.51979500870712,3.457690931197798e-05
intermediate,52.92,-69.46504062206388,-69.46508450985598,-69.51991785302125,3.446184482828541e-05
intermediate,52.93000000000001,-69.4652067324191,-69.46525048626935,-69.52004068178856,3.434716325433438e-05
intermediate,52.94,-69.46537276535597,-69.46541638570515,-69.52016349498054,3.4232863315883984e-05
intermediate,52.95,-69.46553872095106,-69.46558220823847,-69.52028629256871,3.4118943742933554e-05
intermediate,52.96000000000001,-69.46570459928078,-69.46574795394433,-69.52040907452468,3.400540326970924e-05
intermediate,52.970000000000006,-69.46587040042151,-69.46591362289762,-69.52053184082008,3.389224063464888e-05
intermediate,52.980000000000004,-69.46603612444953,-69.4660792151731,-69.52065459142668,3.377945458038858e-05
intermediate,52.99,-69.46620177144085,-69.46624473084545,-69.52077732631622,3.366704385374905e-05
intermediate,53.00000000000001,-69.46636734147154,-69.46641016998922,-69.52090004546059,3.355500720572093e-05
intermediate,53.010000000000005,-69.46653283461742,-69.46657553267887,-69.5210227488317,3.344334339145142e-05
intermediate,53.02,-69.4666982509543,-69.46674081898871,-69.52114543640153,3.333205117023015e-05
intermediate,53.03000000000001,-69.4668635905578,-69.46690602899297,-69.52126810814212,3.322112930547609e-05
intermediate,53.040000000000006,-69.46702885350341,-69.46707116276575,-69.52139076402561,3.311057656472276e-05
intermediate,53.050000000000004,-69.46719403986663,-69.4672362203811,-69.52151340402415,3.3000391719605126e-05
intermediate,53.06,-69.46735914972272,-69.46740120191286,-69.52163602811,3.2890573545846225e-05
intermediate,53.07000000000001,-69.46752418314689,-69.46756610743485,-69.52175863625547,3.278112082324288e-05
intermediate,53.080000000000005,-69.46768914021418,-69.46773093702072,-69.52188122843292,3.2672032335652597e-05
intermediate,53.09,-69.46785402099952,-69.46789569074402,-69.52200380461478,3.2563306870979785e-05
intermediate,53.1,-69.46801882557784,-69.46806036867824,-69.52212636477357,3.245494322116295e-05
intermediate,53.11000000000001,-69.46818355402382,-69.4682249708967,-69.52224890888185,3.234694018216025e-05
intermediate,53.120000000000005,-69.4683482064121,-69.46838949747266,-69.52237143691222,3.2239296553936695e-05
intermediate,53.13,-69.46851278281717,-69.46855394847921,-69.52249394883741,3.213201114045108e-05
intermediate,53.14000000000001,-69.46867728331341,-69.46871832398942,-69.52261644463012,3.2025082749642044e-05
intermediate,53.150000000000006,-69.46884170797514,-69.46888262407616,-69.5227389242632,3.191851019341527e-05
intermediate,53.160000000000004,-69.4690060568765,-69.46904684881225,-69.52286138770953,3.181229228762995e-05
intermediate,53.17,-69.4691703300915,-69.46921099827037,-69.52298383494202,3.170642785208641e-05
intermediate,53.18000000000001,-69.46933452769416,-69.46937507252314,-69.52310626593373,3.160091571051186e-05
intermediate,53.19,-69.46949864975825,-69.46953907164301,-69.5232286806577,3.14957546905481e-05
intermediate,53.2,-69.46966269635753,-69.46970299570235,-69.52335107908704,3.139094362373815e-05
intermediate,53.21000000000001,-69.46982666756557,-69.46986684477343,-69.52347346119497,3.128648134551375e-05
intermediate,53.220000000000006,-69.46999056345588,-69.47003061892842,-69.52359582695473,3.1182366695181734e-05
intermediate,53.230000000000004,-69.47015438410183,-69.47019431823935,-69.52371817633966,3.107859851591141e-05
intermediate,53.24,-69.47031812957668,-69.47035794277816,-69.52384050932311,3.097517565472229e-05
intermediate,53.25000000000001,-69.47048179995365,-69.47052149261671,-69.52396282587853,3.087209696247022e-05
intermediate,53.260000000000005,-69.47064539530572,-69.47068496782671,-69.52408512597944,3.076936129383535e-05
intermediate,53.27,-69.47080891570585,-69.47084836847978,-69.5242074095994,3.0666967507309085e-05
intermediate,53.28,-69.47097236122688,-69.47101169464746,-69.52432967671204,3.0564914465181836e-05
intermediate,53.290000000000006,-69.4711357319415,-69.47117494640115,-69.52445192729104,3.0463201033529778e-05
intermediate,53.300000000000004,-69.47129902792234,-69.47133812381213,-69.52457416131016,3.0361826082202446e-05
intermediate,53.31,-69.4714622492419,-69.47150122695164,-69.5246963787432,3.0260788484810777e-05
intermediate,53.32000000000001,-69.47162539597251,-69.47166425589074,-69.52481857956406,3.01600871187136e-05
intermediate,53.330000000000005,-69.47178846818652,-69.47182721070043,-69.52494076374666,3.0059720865005798e-05
intermediate,53.34,-69.47195146595605,-69.4719900914516,-69.525062931265,2.9959688608505655e-05
intermediate,53.35,-69.47211438935322,-69.47215289821504,-69.52518508209312,2.9859989237742824e-05
intermediate,53.36000000000001,-69.4722772384499,-69.4723156310614,-69.52530721620516,2.9760621644945392e-05
intermediate,53.370000000000005,-69.47244001331799,-69.47247829006126,-69.52542933357529,2.966158472602782e-05
intermediate,53.38,-69.47260271402918,-69.47264087528507,-69.52555143417776,2.9562877380579186e-05
intermediate,53.39000000000001,-69.4727653406551,-69.4728033868032,-69.52567351798683,2.9464498511850036e-05
intermediate,53.400000000000006,-69.47292789326728,-69.4729658246859,-69.5257955849769,2.9366447026740816e-05
intermediate,53.410000000000004,-69.47309037193712,-69.47312818900333,-69.5259176351224,2.9268721835789422e-05
intermediate,53.42,-69.4732527767359,-69.47329047982555,-69.52603966839777,2.9171321853159693e-05
intermediate,53.43000000000001,-69.47341510773488,-69.47345269722247,-69.52616168477758,2.907424599662845e-05
intermediate,53.440000000000005,-69.47357736500501,-69.47361484126394,-69.52628368423642,2.8977493187574117e-05
intermediate,53.45,-69.47373954861737,-69.47377691201972,-69.52640566674896,2.8881062350964232e-05
intermediate,53.46000000000001,-69.47390165864284,-69.47393890955941,-69.52652763228991,2.878495241534442e-05
intermediate,53.470000000000006,-69.4740636951521,-69.47410083395258,-69.52664958083409,2.8689162312825363e-05
intermediate,53.480000000000004,-69.47422565821586,-69.47426268526863,-69.52677151235628,2.859369097907145e-05
intermediate,53.49,-69.47438754790466,-69.4744244635769,-69.52689342683142,2.849853735328941e-05
intermediate,53.50000000000001,-69.47454936428893,-69.4745861689466,-69.52701532423445,2.8403700378215604e-05
intermediate,53.510000000000005,-69.47471110743898,-69.47474780144684,-69.52713720454041,2.8309179000104886e-05
intermediate,53.52,-69.47487277742509,-69.47490936114667,-69.52725906772437,2.8214972168718643e-05
intermediate,53.53,-69.47503437431735,-69.47507084811498,-69.52738091376146,2.8121078837313543e-05
intermediate,53.540000000000006,-69.47519589818577,-69.47523226242059,-69.52750274262687,2.8027497962629283e-05
intermediate,53.550000000000004,-69.47535734910028,-69.47539360413224,-69.52762455429587,2.7934228504877252e-05
intermediate,53.56,-69.47551872713068,-69.4755548733185,-69.52774634874376,2.7841269427729482e-05
intermediate,53.57000000000001,-69.47568003234665,-69.4757160700479,-69.52786812594591,2.774861969830623e-05
intermediate,53.580000000000005,-69.47584126481779,-69.47587719438883,-69.52798988587777,2.7656278287165102e-05
intermediate,53.59,-69.47600242461358,-69.4760382464096,-69.52811162851481,2.7564244168289373e-05
intermediate,53.6,-69.47616351180343,-69.47619922617844,-69.52823335383259,2.747251631907697e-05
intermediate,53.61000000000001,-69.47632452645661,-69.47636013376344,-69.5283550618067,2.738109372032854e-05
intermediate,53.620000000000005,-69.4764854686423,-69.4765209692326,-69.52847675241283,2.7289975356236473e-05
intermediate,53.63,-69.47664633842953,-69.47668173265382,-69.52859842562668,2.719916021437342e-05
intermediate,53.64000000000001,-69.47680713588731,-69.47684242409491,-69.52872008142404,2.7108647285681616e-05
intermediate,53.650000000000006,-69.47696786108449,-69.47700304362357,-69.52884171978074,2.701843556446077e-05
intermediate,53.660000000000004,-69.47712851408981,-69.47716359130742,-69.52896334067269,2.69285240483574e-05
intermediate,53.67,-69.47728909497197,-69.47732406721396,-69.52908494407582,2.683891173835393e-05
intermediate,53.68000000000001,-69.47744960379944,-69.47748447141055,-69.52920652996615,2.6749597638757e-05
intermediate,53.690000000000005,-69.47761004064076,-69.47764480396455,-69.52932809831975,2.6660580757186816e-05
intermediate,53.7,-69.4777704055642,-69.47780506494315,-69.52944964911278,2.6571860104565858e-05
intermediate,53.71000000000001,-69.47793069863805,-69.47796525441345,-69.52957118232135,2.6483434695108465e-05
intermediate,53.720000000000006,-69.47809091993041,-69.47812537244245,-69.52969269792175,2.6395303546309033e-05
intermediate,53.730000000000004,-69.47825106950934,-69.47828541909706,-69.52981419589027,2.6307465678931584e-05
intermediate,53.74,-69.47841114744277,-69.47844539444411,-69.52993567620325,2.621992011699909e-05
intermediate,53.75000000000001,-69.47857115379857,-69.47860529855028,-69.5300571388371,2.6132665887782092e-05
intermediate,53.760000000000005,-69.47873108864437,-69.47876513148219,-69.53017858376828,2.604570202178826e-05
intermediate,53.77,-69.47889095204789,-69.47892489330638,-69.53030001097333,2.5959027552751377e-05
intermediate,53.78,-69.4790507440766,-69.47908458408925,-69.53042142042884,2.5872641517621176e-05
intermediate,53.790000000000006,-69.47921046479799,-69.4792442038971,-69.53054281211142,2.5786542956551796e-05
intermediate,53.800000000000004,-69.4793701142793,-69.47940375279617,-69.53066418599776,2.5700730912891576e-05
intermediate,53.81,-69.4795296925878,-69.47956323085258,-69.53078554206462,2.5615204433172672e-05
intermediate,53.82000000000001,-69.47968919979058,-69.47972263813234,-69.53090688028881,2.552996256709989e-05
intermediate,53.830000000000005,-69.47984863595468,-69.47988197470141,-69.53102820064719,2.5445004367540507e-05
intermediate,53.84,-69.48000800114703,-69.48004124062558,-69.53114950311665,2.536032889051352e-05
intermediate,53.85,-69.48016729543441,-69.48020043597062,-69.53127078767419,2.527593519517969e-05
intermediate,53.86000000000001,-69.48032651888359,-69.48035956080214,-69.53139205429682,2.5191822343830292e-05
intermediate,53.870000000000005,-69.48048567156114,-69.4805186151857,-69.53151330296163,2.5107989401877225e-05
intermediate,53.88,-69.48064475353357,-69.48067759918673,-69.53163453364576,2.5024435437842402e-05
intermediate,53.89000000000001,-69.48080376486733,-69.48083651287058,-69.53175574632641,2.4941159523347765e-05
intermediate,53.900000000000006,-69.48096270562873,-69.48099535630251,-69.5318769409808,2.4858160733104426e-05
intermediate,53.910000000000004,-69.48112157588398,-69.48115412954766,-69.53199811758627,2.4775438144902618e-05
intermediate,53.92,-69.48128037569919,-69.48131283267111,-69.53211927612017,2.4692990839601895e-05
intermediate,53.93000000000001,-69.4814391051404,-69.4814714657378,-69.5322404165599,2.46108179011201e-05
intermediate,53.940000000000005,-69.48159776427352,-69.4816300288126,-69.53236153888294,2.452891841642373e-05
intermediate,53.95,-69.48175635316436,-69.4817885219603,-69.53248264306681,2.4447291475517592e-05
intermediate,53.96,-69.48191487187863,-69.48194694524555,-69.5326037290891,2.4365936171435008e-05
intermediate,53.970000000000006,-69.48207332048199,-69.48210529873296,-69.53272479692741,2.4284851600227226e-05
intermediate,53.980000000000004,-69.48223169903994,-69.482263582487,-69.53284584655947,2.4204036860953608e-05
intermediate,53.99,-69.4823900076179,-69.48242179657204,-69.53296687796299,2.412349105567203e-05
intermediate,54.00000000000001,-69.48254824628123,-69.48257994105242,-69.53308789111578,2.4043213289428142e-05
intermediate,54.010000000000005,-69.48270641509512,-69.48273801599233,-69.53320888599569,2.3963202670245943e-05
intermediate,54.02,-69.4828645141247,-69.48289602145586,-69.53332986258062,2.3883458309117597e-05
intermediate,54.03,-69.48302254343508,-69.48305395750704,-69.53345082084851,2.3803979319994082e-05
intermediate,54.040000000000006,-69.4831805030911,-69.48321182420977,-69.5335717607774,2.3724764819774582e-05
intermediate,54.050000000000004,-69.48333839315764,-69.48336962162789,-69.53369268234536,2.364581392829707e-05
intermediate,54.06,-69.48349621369945,-69.48352734982514,-69.53381358553047,2.3567125768328782e-05
intermediate,54.07000000000001,-69.48365396478118,-69.48368500886517,-69.53393447031094,2.348869946555594e-05
intermediate,54.080000000000005,-69.48381164646737,-69.48384259881148,-69.53405533666499,2.341053414857436e-05
intermediate,54.09,-69.48396925882246,-69.48400011972755,-69.5341761845709,2.333262894887961e-05
intermediate,54.1,-69.48412680191079,-69.48415757167672,-69.53429701400697,2.3254983000857794e-05
intermediate,54.11000000000001,-69.48428427579668,-69.48431495472228,-69.53441782495162,2.3177595441775237e-05
intermediate,54.120000000000005,-69.48444168054422,-69.48447226892739,-69.53453861738329,2.310046541176937e-05
intermediate,54.13,-69.48459901621753,-69.4846295143551,-69.53465939128047,2.3023592053838992e-05
intermediate,54.14000000000001,-69.48475628288057,-69.48478669106846,-69.53478014662169,2.294697451383505e-05
intermediate,54.150000000000006,-69.4849134805972,-69.48494379913032,-69.53490088338557,2.2870611940450677e-05
intermediate,54.160000000000004,-69.48507060943119,-69.4851008386035,-69.53502160155074,2.2794503485211926e-05
intermediate,54.17,-69.48522766944627,-69.48525780955069,-69.5351423010959,2.2718648302468755e-05
intermediate,54.18000000000001,-69.48538466070602,-69.48541471203453,-69.53526298199984,2.2643045549384895e-05
intermediate,54.190000000000005,-69.48554158327386,-69.48557154611753,-69.53538364424132,2.2567694385928984e-05
intermediate,54.2,-69.48569843721326,-69.4857283118621,-69.53550428779924,2.2492593974865015e-05
intermediate,54.21,-69.4858552225875,-69.48588500933064,-69.53562491265248,2.2417743481743363e-05
intermediate,54.220000000000006,-69.48601193945983,-69.48604163858538,-69.53574551878005,2.234314207489103e-05
intermediate,54.230000000000004,-69.48616858789332,-69.48619819968847,-69.53586610616091,2.226878892540261e-05
intermediate,54.24,-69.48632516795098,-69.48635469270197,-69.53598667477418,2.2194683207131478e-05
intermediate,54.25000000000001,-69.48648167969577,-69.48651111768787,-69.53610722459894,2.212082409667987e-05
intermediate,54.260000000000005,-69.48663812319049,-69.48666747470806,-69.53622775561438,2.204721077339025e-05
intermediate,54.27,-69.48679449849791,-69.48682376382432,-69.53634826779972,2.1973842419335974e-05
intermediate,54.28,-69.48695080568068,-69.48697998509837,-69.53646876113426,2.1900718219312498e-05
intermediate,54.290000000000006,-69.48710704480132,-69.48713613859182,-69.53658923559729,2.1827837360827893e-05
intermediate,54.300000000000004,-69.4872632159223,-69.4872922243662,-69.53670969116821,2.1755199034094078e-05
intermediate,54.31,-69.48741931910598,-69.48744824248294,-69.53683012782643,2.1682802432017683e-05
intermediate,54.32000000000001,-69.48757535441467,-69.4876041930034,-69.53695054555145,2.1610646750191503e-05
intermediate,54.330000000000005,-69.4877313219105,-69.48776007598879,-69.5370709443228,2.153873118688487e-05
intermediate,54.34,-69.48788722165555,-69.48791589150034,-69.53719132412006,2.146705494303517e-05
intermediate,54.35,-69.48804305371185,-69.48807163959907,-69.53731168492286,2.13956172222391e-05
intermediate,54.36000000000001,-69.48819881814129,-69.48822732034597,-69.53743202671087,2.1324417230743395e-05
intermediate,54.370000000000005,-69.48835451500565,-69.48838293380197,-69.53755234946387,2.1253454177436306e-05
intermediate,54.38,-69.48851014436671,-69.48853848002787,-69.53767265316161,2.118272727383862e-05
intermediate,54.39000000000001,-69.48866570628603,-69.48869395908437,-69.53779293778392,2.1112235734095358e-05
intermediate,54.400000000000006,-69.48882120082517,-69.4888493710321,-69.53791320331071,2.1041978774966343e-05
intermediate,54.410000000000004,-69.48897662804556,-69.48900471593163,-69.53803344972191,2.09719556158179e-05
intermediate,54.42,-69.48913198800858,-69.48915999384337,-69.53815367699751,2.090216547861436e-05
intermediate,54.43000000000001,-69.48928728077546,-69.48931520482773,-69.53827388511753,2.0832607587908954e-05
intermediate,54.440000000000005,-69.48944250640736,-69.48947034894495,-69.53839407406207,2.076328117083552e-05
intermediate,54.45,-69.48959766496537,-69.48962542625524,-69.53851424381128,2.0694185457099712e-05
intermediate,54.46,-69.48975275651047,-69.48978043681868,-69.53863439434532,2.0625319678970883e-05
intermediate,54.470000000000006,-69.48990778110354,-69.4899353806953,-69.53875452564445,2.0556683071272906e-05
intermediate,54.48000000000001,-69.49006273880543,-69.49009025794501,-69.53887463768898,2.0488274871376024e-05
intermediate,54.49,-69.49021762967683,-69.49024506862767,-69.53899473045918,2.0420094319188572e-05
intermediate,54.50000000000001,-69.49037245377835,-69.49039981280302,-69.53911480393549,2.0352140657148083e-05
intermediate,54.510000000000005,-69.49052721117049,-69.4905544905307,-69.53923485809833,2.028441313021317e-05
intermediate,54.52,-69.49068190191375,-69.49070910187031,-69.53935489292817,2.0216910985854946e-05
intermediate,54.53,-69.49083652606848,-69.49086364688131,-69.53947490840557,2.0149633474049112e-05
intermediate,54.540000000000006,-69.49099108369491,-69.49101812562316,-69.53959490451109,2.0082579847266954e-05
intermediate,54.550000000000004,-69.49114557485325,-69.49117253815511,-69.53971488122538,2.0015749360467494e-05
intermediate,54.56,-69.49129999960351,-69.49132688453639,-69.53983483852912,1.9949141271089002e-05
intermediate,54.57000000000001,-69.49145435800578,-69.4914811648262,-69.53995477640304,1.988275483904105e-05
intermediate,54.580000000000005,-69.4916086501199,-69.49163537908353,-69.54007469482791,1.9816589326695864e-05
intermediate,54.59,-69.49176287600571,-69.4917895273674,-69.54019459378456,1.9750643998880298e-05
intermediate,54.6,-69.49191703572293,-69.49194360973667,-69.54031447325387,1.9684918122868025e-05
intermediate,54.61000000000001,-69.4920711293312,-69.49209762625011,-69.54043433321675,1.9619410968370747e-05
intermediate,54.620000000000005,-69.49222515689004,-69.49225157696647,-69.54055417365421,1.955412180753052e-05
intermediate,54.63,-69.49237911845898,-69.49240546194436,-69.54067399454726,1.9489049914911444e-05
intermediate,54.64,-69.49253301409735,-69.49255928124234,-69.54079379587695,1.9424194567492034e-05
intermediate,54.650000000000006,-69.49268684386445,-69.49271303491884,-69.54091357762442,1.9359555044656543e-05
intermediate,54.660000000000004,-69.49284060781947,-69.49286672303224,-69.5410333397708,1.9295130628187318e-05
intermediate,54.67,-69.49299430602152,-69.49302034564082,-69.54115308229737,1.9230920602256984e-05
intermediate,54.68000000000001,-69.4931479385296,-69.49317390280277,-69.54127280518533,1.916692425342008e-05
intermediate,54.690000000000005,-69.49330150540268,-69.49332739457621,-69.54139250841602,1.9103140870605406e-05
intermediate,54.7,-69.49345500669956,-69.49348082101918,-69.54151219197078,1.903956974510795e-05
intermediate,54.71,-69.49360844247907,-69.49363418218964,-69.54163185583104,1.897621017058142e-05
intermediate,54.720000000000006,-69.49376181279985,-69.4937874781454,-69.54175149997822,1.891306144302979e-05
intermediate,54.73000000000001,-69.49391511772045,-69.49394070894431,-69.54187112439386,1.885012286079982e-05
intermediate,54.74,-69.4940683572994,-69.49409387464401,-69.54199072905948,1.878739372457341e-05
intermediate,54.75000000000001,-69.49422153159514,-69.49424697530212,-69.54211031395667,1.872487333735945e-05
intermediate,54.760000000000005,-69.49437464066592,-69.49440001097615,-69.5422298790671,1.8662561004486323e-05
intermediate,54.77,-69.49452768457007,-69.49455298172357,-69.54234942437245,1.8600456033594037e-05
intermediate,54.78,-69.49468066336568,-69.49470588760174,-69.54246894985444,1.853855773462692e-05
intermediate,54.790000000000006,-69.49483357711087,-69.49485872866791,-69.54258845549488,1.8476865419825362e-05
intermediate,54.800000000000004,-69.49498642586354,-69.49501150497927,-69.54270794127558,1.8415378403718555e-05
intermediate,54.81,-69.49513920968167,-69.49516421659297,-69.54282740717844,1.8354096003116742e-05
intermediate,54.82000000000001,-69.495291928623,-69.49531686356598,-69.54294685318536,1.8293017537103852e-05
intermediate,54.830000000000005,-69.49544458274531,-69.49546944595527,-69.5430662792783,1.823214232702958e-05
intermediate,54.84,-69.49559717210622,-69.49562196381768,-69.54318568543933,1.817146969650197e-05
intermediate,54.85,-69.49574969676326,-69.49577441721003,-69.54330507165047,1.8110998971380258e-05
intermediate,54.86000000000001,-69.49590215677394,-69.49592680618898,-69.54342443789383,1.8050729479766775e-05
intermediate,54.870000000000005,-69.4960545521956,-69.49607913081113,-69.54354378415161,1.799066055199989e-05
intermediate,54.88,-69.49620688308555,-69.49623139113302,-69.54366311040597,1.7930791520646385e-05
intermediate,54.89,-69.49635914950103,-69.49638358721111,-69.54378241663916,1.7871121720494305e-05
intermediate,54.900000000000006,-69.49651135149917,-69.49653571910176,-69.54390170283351,1.781165048854521e-05
intermediate,54.91000000000001,-69.49666348913695,-69.49668778686124,-69.54402096897132,1.7752377164006917e-05
intermediate,54.92,-69.49681556247141,-69.49683979054578,-69.544140215035,1.7693301088286507e-05
intermediate,54.93000000000001,-69.49696757155941,-69.49699173021146,-69.54425944100696,1.7634421604982447e-05
intermediate,54.940000000000005,-69.49711951645767,-69.49714360591436,-69.54437864686972,1.7575738059877642e-05
intermediate,54.95,-69.49727139722303,-69.49729541771042,-69.54449783260574,1.7517249800932034e-05
intermediate,54.96,-69.49742321391201,-69.49744716565552,-69.54461699819765,1.745895617827561e-05
intermediate,54.970000000000006,-69.49757496658121,-69.49759884980546,-69.54473614362803,1.740085654420079e-05
intermediate,54.980000000000004,-69.49772665528705,-69.49775047021593,-69.54485526887957,1.7342950253155478e-05
intermediate,54.99,-69.49787828008593,-69.49790202694258,-69.54497437393496,1.7285236661735752e-05
intermediate,55.00000000000001,-69.49802984103412,-69.49805352004097,-69.54509345877695,1.7227715128679086e-05
intermediate,55.010000000000005,-69.49818133818783,-69.49820494956656,-69.54521252338833,1.7170385014856643e-05
intermediate,55.02,-69.49833277160323,-69.49835631557475,-69.54533156775194,1.711324568326651e-05
intermediate,55.03,-69.49848414133632,-69.49850761812085,-69.54545059185068,1.705629649902676e-05
intermediate,55.040000000000006,-69.49863544744306,-69.49865885726007,-69.54556959566746,1.699953682936803e-05
intermediate,55.050000000000004,-69.49878668997933,-69.49881003304759,-69.54568857918528,1.694296604362674e-05
intermediate,55.06,-69.49893786900098,-69.49896114553849,-69.54580754238714,1.6886583513237936e-05
intermediate,55.07000000000001,-69.49908898456366,-69.49911219478773,-69.5459264852561,1.683038861172865e-05
intermediate,55.080000000000005,-69.499240036723,-69.49926318085024,-69.5460454077753,1.677438071471043e-05
intermediate,55.09000000000001,-69.4993910255346,-69.49941410378084,-69.54616430992787,1.6718559199872664e-05
intermediate,55.1,-69.49954195105389,-69.4995649636343,-69.54628319169701,1.6662923446975846e-05
intermediate,55.11000000000001,-69.49969281333628,-69.49971576046528,-69.54640205306598,1.6607472837844313e-05
intermediate,55.120000000000005,-69.49984361243705,-69.49986649432837,-69.54652089401804,1.6552206756359616e-05
intermediate,55.13,-69.49999434841145,-69.50001716527812,-69.54663971453655,1.6497124588453525e-05
intermediate,55.14,-69.5001450213146,-69.50016777336893,-69.54675851460486,1.644222572210156e-05
intermediate,55.150000000000006,-69.50029563120157,-69.50031831865518,-69.5468772942064,1.6387509547315665e-05
intermediate,55.16000000000001,-69.50044617812736,-69.50046880119113,-69.54699605332463,1.6332975456137697e-05
intermediate,55.17,-69.50059666214685,-69.50061922103102,-69.54711479194305,1.6278622842632947e-05
intermediate,55.18000000000001,-69.50074708331486,-69.50076957822893,-69.54723351004522,1.6224451102882783e-05
intermediate,55.190000000000005,-69.50089744168612,-69.50091987283892,-69.54735220761472,1.617045963497846e-05
intermediate,55.2,-69.50104773731532,-69.50107010491496,-69.54747088463522,1.6116647839014133e-05
intermediate,55.21,-69.501197970257,-69.50122027451093,-69.54758954109036,1.606301511708058e-05
intermediate,55.220000000000006,-69.50134814056568,-69.50137038168066,-69.54770817696391,1.600956087325803e-05
intermediate,55.230000000000004,-69.50149824829577,-69.50152042647785,-69.54782679223959,1.5956284513609894e-05
intermediate,55.24,-69.50164829350163,-69.50167040895619,-69.54794538690125,1.5903185446175977e-05
intermediate,55.25000000000001,-69.5017982762375,-69.50182032916925,-69.54806396093272,1.5850263080966275e-05
intermediate,55.260000000000005,-69.50194819655754,-69.50197018717053,-69.5481825143179,1.5797516829953873e-05
intermediate,55.27,-69.50209805451588,-69.50211998301343,-69.54830104704074,1.574494610706872e-05
intermediate,55.28,-69.50224785016653,-69.50226971675133,-69.54841955908522,1.569255032819124e-05
intermediate,55.290000000000006,-69.50239758356342,-69.50241938843747,-69.54853805043537,1.564032891114552e-05
intermediate,55.300000000000004,-69.50254725476043,-69.50256899812507,-69.54865652107524,1.5588281275693055e-05
intermediate,55.31,-69.50269686381134,-69.50271854586721,-69.54877497098894,1.5536406843526165e-05
intermediate,55.32,-69.50284641076983,-69.50286803171699,-69.54889340016065,1.5484705038261906e-05
intermediate,55.330000000000005,-69.50299589568957,-69.50301745572732,-69.54901180857455,1.5433175285435153e-05
intermediate,55.34000000000001,-69.50314531862408,-69.5031668179511,-69.54913019621488,1.538181701249252e-05
intermediate,55.35,-69.50329467962682,-69.50331611844115,-69.54924856306592,1.5330629648786107e-05
intermediate,55.36000000000001,-69.50344397875116,-69.50346535725018,-69.54936690911201,1.527961262556685e-05
intermediate,55.370000000000005,-69.50359321605046,-69.50361453443087,-69.5494852343375,1.5228765375978403e-05
intermediate,55.38,-69.50374239157794,-69.50376365003578,-69.5496035387268,1.5178087335050729e-05
intermediate,55.39,-69.50389150538676,-69.50391270411745,-69.54972182226436,1.5127577939694123e-05
intermediate,55.400000000000006,-69.50404055752999,-69.50406169672831,-69.54984008493469,1.507723662869248e-05
intermediate,55.41000000000001,-69.50418954806064,-69.50421062792071,-69.54995832672228,1.502706284269733e-05
intermediate,55.42,-69.5043384770316,-69.5043594977469,-69.55007654761175,1.4977056024221753e-05
intermediate,55.43000000000001,-69.50448734449574,-69.50450830625911,-69.5501947475877,1.4927215617633861e-05
intermediate,55.440000000000005,-69.50463615050585,-69.50465705350946,-69.55031292663479,1.487754106915085e-05
intermediate,55.45,-69.50478489511457,-69.50480573955001,-69.55043108473771,1.48280318268327e-05
intermediate,55.46,-69.50493357837453,-69.50495436443273,-69.55054922188123,1.4778687340576365e-05
intermediate,55.470000000000006,-69.50508220033831,-69.50510292820954,-69.55066733805012,1.4729507062109195e-05
intermediate,55.480000000000004,-69.50523076105833,-69.50525143093225,-69.5507854332292,1.468049044498314e-05
intermediate,55.49,-69.50537926058699,-69.50539987265266,-69.55090350740332,1.4631636944568567e-05
intermediate,55.50000000000001,-69.50552769897659,-69.5055482534224,-69.55102156055744,1.4582946018048408e-05
intermediate,55.510000000000005,-69.50567607627934,-69.50569657329311,-69.55113959267646,1.453441712441181e-05
intermediate,55.52000000000001,-69.50582439254747,-69.50584483231633,-69.55125760374541,1.4486049724448275e-05
intermediate,55.53,-69.50597264783296,-69.5059930305435,-69.55137559374928,1.4437843280741898e-05
intermediate,55.540000000000006,-69.5061208421879,-69.50614116802598,-69.55149356267316,1.438979725766495e-05
intermediate,55.550000000000004,-69.50626897566414,-69.50628924481511,-69.55161151050218,1.4341911121372251e-05
intermediate,55.56,-69.50641704831362,-69.50643726096216,-69.55172943722145,1.429418433979506e-05
intermediate,55.57,-69.50656506018805,-69.50658521651826,-69.55184734281622,1.4246616382635423e-05
intermediate,55.580000000000005,-69.50671301133914,-69.5067331115345,-69.55196522727168,1.4199206721359942e-05
intermediate,55.59000000000001,-69.50686090181853,-69.50688094606188,-69.55208309057312,1.4151954829194039e-05
intermediate,55.6,-69.50700873167774,-69.50702872015138,-69.55220093270586,1.4104860181116354e-05
intermediate,55.61000000000001,-69.50715650096829,-69.50717643385384,-69.55231875365527,1.4057922253852459e-05
intermediate,55.620000000000005,-69.50730420974153,-69.50732408722008,-69.55243655340671,1.4011140525869348e-05
intermediate,55.63,-69.50745185804885,-69.50747168030082,-69.55255433194564,1.396451447736951e-05
intermediate,55.64,-69.50759944594142,-69.50761921314671,-69.55267208925754,1.3918043590285359e-05
intermediate,55.650000000000006,-69.50774697347047,-69.50776668580833,-69.55278982532792,1.387172734827318e-05
intermediate,55.660000000000004,-69.5078944406871,-69.5079140983362,-69.55290754014234,1.3825565236707587e-05
intermediate,55.67,-69.50804184764232,-69.50806145078074,-69.5530252336864,1.3779556742675675e-05
intermediate,55.68000000000001,-69.50818919438709,-69.50820874319231,-69.55314290594572,1.3733701354971628e-05
intermediate,55.690000000000005,-69.50833648097228,-69.50835597562121,-69.55326055690598,1.36879985640906e-05
intermediate,55.70000000000001,-69.5084837074487,-69.50850314811767,-69.55337818655292,1.364244786222328e-05
intermediate,55.71,-69.50863087386709,-69.50865026073181,-69.55349579487229,1.359704874325039e-05
intermediate,55.720000000000006,-69.50877798027808,-69.50879731351372,-69.55361338184987,1.3551800702736752e-05
intermediate,55.730000000000004,-69.50892502673231,-69.50894430651341,-69.55373094747151,1.3506703237925902e-05
intermediate,55.74,-69.50907201328023,-69.5090912397808,-69.55384849172307,1.3461755847734359e-05
intermediate,55.75000000000001,-69.50921893997229,-69.50923811336575,-69.55396601459049,1.3416958032746359e-05
intermediate,55.760000000000005,-69.50936580685887,-69.50938492731805,-69.55408351605969,1.337230929520787e-05
intermediate,55.77000000000001,-69.50951261399024,-69.50953168168743,-69.5542009961167,1.3327809139021274e-05
intermediate,55.78,-69.50965936141664,-69.50967837652352,-69.55431845474752,1.32834570697401e-05
intermediate,55.790000000000006,-69.5098060491882,-69.50982501187592,-69.55443589193823,1.3239252594563008e-05
intermediate,55.800000000000004,-69.50995267735499,-69.5099715877941,-69.55455330767494,1.3195195222328727e-05
intermediate,55.81,-69.51009924596701,-69.51011810432752,-69.55467070194379,1.315128446351038e-05
intermediate,55.82,-69.5102457550742,-69.51026456152552,-69.55478807473098,1.3107519830210329e-05
intermediate,55.830000000000005,-69.51039220472639,-69.51041095943742,-69.55490542602274,1.3063900836154353e-05
intermediate,55.84000000000001,-69.51053859497341,-69.51055729811245,-69.55502275580533,1.3020426996686446e-05
intermediate,55.85,-69.51068492586492,-69.51070357759973,-69.55514006406504,1.2977097828763637e-05
intermediate,55.86000000000001,-69.51083119745059,-69.51084979794835,-69.55525735078824,1.2933912850950215e-05
intermediate,55.870000000000005,-69.51097740977994,-69.51099595920736,-69.55537461596128,1.2890871583412644e-05
intermediate,55.88,-69.5111235629025,-69.51114206142564,-69.55549185957061,1.2847973547914132e-05
intermediate,55.89,-69.5112696568677,-69.51128810465211,-69.55560908160267,1.280521826780949e-05
intermediate,55.900000000000006,-69.51141569172486,-69.51143408893554,-69.55572628204395,1.2762605268039564e-05
intermediate,55.910000000000004,-69.51156166752325,-69.5115800143247,-69.55584346088101,1.2720134075126142e-05
intermediate,55.92,-69.51170758431216,-69.51172588086823,-69.55596061810039,1.2677804217166576e-05
intermediate,55.93000000000001,-69.51185344214065,-69.5118716886147,-69.5560777536887,1.2635615223828808e-05
intermediate,55.940000000000005,-69.51199924105781,-69.5120174376127,-69.55619486763263,1.2593566626345748e-05
intermediate,55.95000000000001,-69.51214498111261,-69.51216312791063,-69.55631195991882,1.2551657957510272e-05
intermediate,55.96,-69.512290662354,-69.51230875955689,-69.55642903053402,1.250988875167017e-05
intermediate,55.970000000000006,-69.51243628483084,-69.5124543325998,-69.556546079465,1.2468258544722681e-05
intermediate,55.980000000000004,-69.5125818485919,-69.51259984708761,-69.55666310669852,1.2426766874109514e-05
intermediate,55.99,-69.51272735368592,-69.51274530306853,-69.55678011222145,1.238541327881162e-05
intermediate,56.0,-69.51287280016149,-69.51289070059063,-69.55689709602068,1.2344197299344315e-05
intermediate,56.010000000000005,-69.5130181880672,-69.51303603970196,-69.55701405808307,1.2303118477751773e-05
intermediate,56.02000000000001,-69.51316351745157,-69.51318132045051,-69.5571309983956,1.2262176357602188e-05
intermediate,56.03,-69.51330878836302,-69.51332654288417,-69.55724791694529,1.222137048398277e-05
intermediate,56.040000000000006,-69.5134540008499,-69.51347170705078,-69.5573648137191,1.2180700403494465e-05
intermediate,56.050000000000004,-69.51359915496054,-69.51361681299812,-69.55748168870414,1.214016566424707e-05
intermediate,56.06,-69.51374425074312,-69.5137618607739,-69.55759854188747,1.2099765815854113e-05
intermediate,56.07,-69.5138892882458,-69.51390685042576,-69.55771537325626,1.20595004094281e-05
intermediate,56.080000000000005,-69.5140342675167,-69.51405178200123,-69.55783218279765,1.201936899757515e-05
intermediate,56.09000000000001,-69.51417918860379,-69.51419665554785,-69.55794897049887,1.1979371134390232e-05
intermediate,56.1,-69.51432405155504,-69.51434147111301,-69.55806573634717,1.1939506375452317e-05
intermediate,56.11000000000001,-69.51446885641832,-69.51448622874412,-69.55818248032985,1.1899774277819186e-05
intermediate,56.120000000000005,-69.5146136032414,-69.51463092848843,-69.55829920243418,1.1860174400022677e-05
intermediate,56.13000000000001,-69.51475829207207,-69.5147755703932,-69.55841590264757,1.182070630206368e-05
intermediate,56.14,-69.51490292295796,-69.51492015450557,-69.55853258095739,1.1781369545407492e-05
intermediate,56.150000000000006,-69.51504749594672,-69.51506468087267,-69.55864923735105,1.1742163692978572e-05
intermediate,56.160000000000004,-69.51519201108582,-69.5152091495415,-69.55876587181605,1.1703088309155933e-05
intermediate,56.17,-69.51533646842277,-69.51535356055905,-69.55888248433988,1.1664142959768202e-05
intermediate,56.18000000000001,-69.51548086800496,-69.5154979139722,-69.55899907491008,1.1625327212088955e-05
intermediate,56.190000000000005,-69.51562520987972,-69.51564220982779,-69.55911564351422,1.1586640634831668e-05
intermediate,56.20000000000001,-69.51576949409427,-69.51578644817255,-69.55923219013992,1.154808279814502e-05
intermediate,56.21,-69.51591372069583,-69.5159306290532,-69.55934871477483,1.1509653273608333e-05
intermediate,56.220000000000006,-69.51605788973153,-69.51607475251637,-69.55946521740663,1.147135163422643e-05
intermediate,56.230000000000004,-69.5162020012484,-69.51621881860865,-69.55958169802302,1.1433177454425148e-05
intermediate,56.24,-69.51634605529345,-69.51636282737648,-69.55969815661179,1.13951303100465e-05
intermediate,56.25,-69.5164900519136,-69.51650677886634,-69.5598145931607,1.1357209778344127e-05
intermediate,56.260000000000005,-69.51663399115571,-69.51665067312457,-69.5599310076576,1.1319415437978355e-05
intermediate,56.27000000000001,-69.51677787306653,-69.51679451019749,-69.56004740009037,1.1281746869011623e-05
intermediate,56.28,-69.51692169769282,-69.51693829013134,-69.56016377044686,1.124420365290401e-05
intermediate,56.290000000000006,-69.51706546508123,-69.51708201297227,-69.56028011871506,1.1206785372508219e-05
intermediate,56.300000000000004,-69.5172091752783,-69.51722567876641,-69.5603964448829,1.1169491612065199e-05
intermediate,56.31000000000001,-69.51735282833059,-69.51736928755976,-69.56051274893838,1.1132321957199405e-05
intermediate,56.32,-69.51749642428454,-69.51751283939834,-69.56062903086956,1.1095275994914373e-05
intermediate,56.330000000000005,-69.51763996318655,-69.51765633432802,-69.56074529066453,1.105835331358788e-05
intermediate,56.34,-69.51778344508288,-69.51779977239467,-69.56086152831138,1.1021553502967527e-05
intermediate,56.35,-69.51792687001983,-69.51794315364405,-69.56097774379828,1.0984876154166093e-05
intermediate,56.36000000000001,-69.5180702380436,-69.5180864781219,-69.56109393711337,1.0948320859657224e-05
intermediate,56.370000000000005,-69.51821354920025,-69.51822974587384,-69.5612101082449,1.0911887213270544e-05
intermediate,56.38000000000001,-69.5183568035359,-69.51837295694547,-69.56132625718112,1.0875574810187324e-05
intermediate,56.39,-69.5185000010965,-69.51851611138233,-69.5614423839103,1.0839383246936186e-05
intermediate,56.400000000000006,-69.51864314192797,-69.51865920922984,-69.56155848842079,1.0803312121388176e-05
intermediate,56.410000000000004,-69.51878622607619,-69.51880225053343,-69.56167457070092,1.076736103275266e-05
intermediate,56.42,-69.51892925358692,-69.51894523533842,-69.5617906307391,1.073152958157267e-05
intermediate,56.43000000000001,-69.51907222450592,-69.51908816369009,-69.56190666852375,1.069581736972072e-05
intermediate,56.440000000000005,-69.5192151388788,-69.5192310356336,-69.56202268404333,1.0660224000394025e-05
intermediate,56.45000000000001,-69.51935799675122,-69.51937385121411,-69.56213867728633,1.0624749078110286e-05
intermediate,56.46,-69.51950079816866,-69.5195166104767,-69.5622546482413,1.0589392208703445e-05
intermediate,56.470000000000006,-69.51964354317661,-69.51965931346638,-69.56237059689677,1.055415299931898e-05
intermediate,56.480000000000004,-69.51978623182043,-69.51980196022807,-69.56248652324136,1.0519031058409754e-05
intermediate,56.49,-69.51992886414551,-69.5199445508067,-69.5626024272637,1.0484025995731583e-05
intermediate,56.5,-69.52007144019704,-69.52008708524703,-69.56271830895246,1.0449137422339041e-05
intermediate,56.510000000000005,-69.52021396002031,-69.52022956359386,-69.56283416829633,1.0414364950580915e-05
intermediate,56.52000000000001,-69.5203564236604,-69.52037198589187,-69.56295000528408,1.0379708194095994e-05
intermediate,56.53,-69.52049883116243,-69.5205143521857,-69.56306581990442,1.0345166767808962e-05
intermediate,56.540000000000006,-69.52064118257138,-69.52065666251991,-69.56318161214621,1.0310740287925781e-05
intermediate,56.550000000000004,-69.5207834779322,-69.52079891693901,-69.56329738199827,1.0276428371929653e-05
intermediate,56.56000000000001,-69.5209257172898,-69.52094111548747,-69.56341312944946,1.0242230638576682e-05
intermediate,56.57,-69.52106790068899,-69.52108325820964,-69.56352885448868,1.0208146707891772e-05
intermediate,56.580000000000005,-69.52121002817451,-69.52122534514984,-69.5636445571049,1.0174176201164192e-05
intermediate,56.59,-69.52135209979105,-69.52136737635234,-69.56376023728707,1.0140318740943518e-05
intermediate,56.6,-69.52149411558324,-69.52150935186131,-69.5638758950242,1.010657395103535e-05
intermediate,56.61000000000001,-69.52163607559568,-69.5216512717209,-69.5639915303053,1.0072941456497333e-05
intermediate,56.620000000000005,-69.52177797987281,-69.52179313597516,-69.5641071431195,1.0039420883634686e-05
intermediate,56.63000000000001,-69.5219198284591,-69.52193494466812,-69.56422273345588,1.0006011859996221e-05
intermediate,56.64,-69.52206162139896,-69.52207669784372,-69.56433830130356,9.97271401437029e-06
intermediate,56.650000000000006,-69.52220335873663,-69.52221839554583,-69.56445384665176,9.939526976780451e-06
intermediate,56.660000000000004,-69.52234504051641,-69.5223600378183,-69.56456936948965,9.9064503784815e-06
intermediate,56.67,-69.52248666678246,-69.52250162470487,-69.56468486980646,9.87348385195529e-06
intermediate,56.68,-69.52262823757893,-69.52264315624926,-69.56480034759149,9.84062703090684e-06
intermediate,56.690000000000005,-69.52276975294984,-69.52278463249507,-69.56491580283402,9.807879550259978e-06
intermediate,56.70000000000001,-69.52291121293922,-69.52292605348589,-69.56503123552342,9.77524104615343e-06
intermediate,56.71,-69.52305261759098,-69.52306741926527,-69.56514664564904,9.74271115593689e-06
intermediate,56.720000000000006,-69.52319396694901,-69.52320872987663,-69.56526203320031,9.710289518166758e-06
intermediate,56.730000000000004,-69.52333526105713,-69.52334998536338,-69.56537739816662,9.677975772602283e-06
intermediate,56.74000000000001,-69.52347649995905,-69.52349118576885,-69.56549274053747,9.645769560201467e-06
intermediate,56.75,-69.52361768369849,-69.52363233113631,-69.56560806030238,9.613670523117272e-06
intermediate,56.760000000000005,-69.52375881231906,-69.52377342150896,-69.56572335745085,9.581678304693353e-06
intermediate,56.77000000000001,-69.5238998858643,-69.52391445692997,-69.56583863197247,9.54979254946025e-06
intermediate,56.78,-69.52404090437777,-69.52405543744243,-69.56595388385682,9.518012903131535e-06
intermediate,56.790000000000006,-69.52418186790288,-69.52419636308937,-69.56606911309356,9.486339012599667e-06
intermediate,56.800000000000004,-69.52432277648299,-69.52433723391376,-69.56618431967233,9.4547705259322e-06
intermediate,56.81000000000001,-69.5244636301614,-69.5244780499585,-69.56629950358285,9.423307092367799e-06
intermediate,56.82,-69.5246044289814,-69.52461881126644,-69.56641466481483,9.391948362312533e-06
intermediate,56.830000000000005,-69.5247451729862,-69.52475951788038,-69.56652980335804,9.360693987335694e-06
intermediate,56.84,-69.5248858622189,-69.52490016984305,-69.56664491920226,9.329543620166132e-06
intermediate,56.85,-69.52502649672253,-69.52504076719713,-69.56676001233734,9.298496914688296e-06
intermediate,56.86000000000001,-69.52516707654017,-69.52518130998521,-69.56687508275314,9.267553525938543e-06
intermediate,56.870000000000005,-69.52530760171476,-69.52532179824986,-69.56699013043952,9.236713110101091e-06
intermediate,56.88000000000001,-69.52544807228917,-69.52546223203358,-69.56710515538641,9.205975324504285e-06
intermediate,56.89,-69.52558848830621,-69.52560261137876,-69.56722015758379,9.175339827616957e-06
intermediate,56.900000000000006,-69.52572884980867,-69.5257429363278,-69.56733513702163,9.14480627904433e-06
intermediate,56.910000000000004,-69.52586915683926,-69.52588320692304,-69.56745009368993,9.114374339524445e-06
intermediate,56.92000000000001,-69.52600940944063,-69.52602342320671,-69.56756502757877,9.08404367092429e-06
intermediate,56.93,-69.52614960765534,-69.52616358522101,-69.56767993867821,9.05381393623619e-06
intermediate,56.940000000000005,-69.52628975152594,-69.52630369300806,-69.56779482697836,9.023684799573862e-06
intermediate,56.95000000000001,-69.52642984109487,-69.52644374660996,-69.56790969246937,8.99365592616876e-06
intermediate,56.96,-69.52656987640454,-69.52658374606872,-69.56802453514142,8.963726982366526e-06
intermediate,56.970000000000006,-69.5267098574973,-69.52672369142631,-69.5681393549847,8.933897635622983e-06
intermediate,56.980000000000004,-69.52684978441548,-69.52686358272466,-69.56825415198946,8.904167554500637e-06
intermediate,56.99000000000001,-69.52698965720126,-69.52700342000554,-69.56836892614596,8.874536408664899e-06
intermediate,57.0,-69.52712947589681,-69.52714320331081,-69.56848367744453,8.845003868880621e-06
intermediate,57.010000000000005,-69.52726924054423,-69.52728293268218,-69.56859840587546,8.815569607008094e-06
intermediate,57.02,-69.5274089511856,-69.52742260816129,-69.56871311142913,8.786233295999669e-06
intermediate,57.03,-69.52754860786288,-69.52756222978977,-69.56882779409594,8.756994609895994e-06
intermediate,57.040000000000006,-69.52768821061801,-69.5277017976092,-69.5689424538663,8.727853223822567e-06
intermediate,57.050000000000004,-69.52782775949288,-69.52784131166105,-69.56905709073067,8.698808813985863e-06
intermediate,57.06000000000001,-69.52796725452927,-69.52798077198676,-69.56917170467952,8.669861057669875e-06
intermediate,57.07,-69.52810669576894,-69.5281201786277,-69.56928629570339,8.64100963323266e-06
intermediate,57.080000000000005,-69.52824608325359,-69.52825953162522,-69.56940086379282,8.61225422010249e-06
intermediate,57.09,-69.52838541702485,-69.52839883102058,-69.56951540893839,8.583594498774479e-06
intermediate,57.1,-69.5285246971243,-69.52853807685497,-69.56962993113069,8.555030150806956e-06
intermediate,57.11000000000001,-69.52866392359346,-69.52867726916956,-69.56974443036039,8.526560858818041e-06
intermediate,57.120000000000005,-69.52880309647381,-69.52881640800544,-69.56985890661812,8.49818630648195e-06
intermediate,57.13000000000001,-69.52894221580671,-69.52895549340366,-69.56997335989462,8.469906178525534e-06
intermediate,57.14,-69.52908128163351,-69.52909452540517,-69.5700877901806,8.441720160724953e-06
intermediate,57.150000000000006,-69.52922029399552,-69.52923350405092,-69.5702021974668,8.413627939901896e-06
intermediate,57.160000000000004,-69.52935925293397,-69.52937242938177,-69.57031658174405,8.385629203920288e-06
intermediate,57.17000000000001,-69.52949815849003,-69.52951130143853,-69.57043094300315,8.357723641682741e-06
intermediate,57.18,-69.52963701070477,-69.52965012026195,-69.57054528123496,8.32991094312723e-06
intermediate,57.190000000000005,-69.5297758096193,-69.52978888589274,-69.57065959643036,8.30219079922345e-06
intermediate,57.20000000000001,-69.52991455527456,-69.52992759837153,-69.57077388858023,8.274562901969476e-06
intermediate,57.21,-69.53005324771155,-69.5300662577389,-69.57088815767555,8.247026944388477e-06
intermediate,57.220000000000006,-69.53019188697111,-69.53020486403538,-69.57100240370728,8.219582620525037e-06
intermediate,57.230000000000004,-69.53033047309408,-69.53034341730145,-69.57111662666641,8.192229625441946e-06
intermediate,57.24000000000001,-69.53046900612121,-69.53048191757753,-69.57123082654398,8.164967655216723e-06
intermediate,57.25,-69.53060748609323,-69.53062036490395,-69.57134500333105,8.137796406938366e-06
intermediate,57.260000000000005,-69.53074591305078,-69.53075875932106,-69.57145915701871,8.110715578703809e-06
intermediate,57.27,-69.53088428703447,-69.53089710086908,-69.57157328759807,8.08372486961468e-06
intermediate,57.28,-69.53102260808483,-69.53103538958821,-69.57168739506028,8.056823979773893e-06
intermediate,57.290000000000006,-69.53116087624235,-69.53117362551858,-69.57180147939654,8.03001261028248e-06
intermediate,57.300000000000004,-69.53129909154742,-69.53131180870027,-69.57191554059804,8.003290463236018e-06
intermediate,57.31000000000001,-69.53143725404047,-69.53144993917331,-69.57202957865601,7.976657241721455e-06
intermediate,57.32,-69.53157536376176,-69.5315880169777,-69.57214359356175,7.950112649813894e-06
intermediate,57.330000000000005,-69.53171342075159,-69.5317260421533,-69.57225758530653,7.923656392573123e-06
intermediate,57.34,-69.53185142505009,-69.53186401474,-69.57237155388165,7.897288176040454e-06
intermediate,57.35000000000001,-69.5319893766975,-69.53200193477761,-69.57248549927853,7.871007707235393e-06
intermediate,57.36,-69.53212727573387,-69.5321398023059,-69.57259942148849,7.844814694152541e-06
intermediate,57.370000000000005,-69.53226512219918,-69.53227761736454,-69.57271332050298,7.818708845758109e-06
intermediate,57.38000000000001,-69.53240291613346,-69.53241537999317,-69.57282719631344,7.792689871986823e-06
intermediate,57.39,-69.53254065757665,-69.53255309023137,-69.57294104891132,7.766757483738755e-06
intermediate,57.400000000000006,-69.53267834656856,-69.5326907481187,-69.57305487828813,7.740911392875969e-06
intermediate,57.410000000000004,-69.53281598314905,-69.53282835369461,-69.5731686844354,7.715151312219408e-06
intermediate,57.42000000000001,-69.53295356735781,-69.53296590699853,-69.5732824673447,7.689476955545651e-06
intermediate,57.43,-69.53309109923458,-69.5331034080698,-69.57339622700758,7.66388803758388e-06
intermediate,57.440000000000005,-69.53322857881899,-69.5332408569478,-69.57350996341569,7.63838427401249e-06
intermediate,57.45000000000001,-69.53336600615066,-69.53337825367174,-69.57362367656066,7.61296538145603e-06
intermediate,57.46,-69.53350338126909,-69.53351559828084,-69.57373736643416,7.587631077482161e-06
intermediate,57.470000000000006,-69.53364070421374,-69.53365289081427,-69.57385103302789,7.562381080598326e-06
intermediate,57.480000000000004,-69.53377797502408,-69.5337901313111,-69.57396467633359,7.5372151102487435e-06
intermediate,57.49000000000001,-69.53391519373946,-69.53392731981039,-69.574078296343,7.512132886811223e-06
intermediate,57.5,-69.53405236039917,-69.53406445635112,-69.57419189304791,7.487134131594214e-06
intermediate,57.510000000000005,-69.5341894750425,-69.53420154097225,-69.57430546644014,7.462218566833473e-06
intermediate,57.52,-69.53432653770864,-69.53433857371263,-69.57441901651154,7.437385915689137e-06
intermediate,57.53000000000001,-69.53446354843673,-69.53447555461112,-69.57453254325397,7.412635902242576e-06
intermediate,57.540000000000006,-69.53460050726586,-69.53461248370647,-69.57464604665932,7.387968251493437e-06
intermediate,57.550000000000004,-69.53473741423512,-69.53474936103743,-69.57475952671953,7.3633826893564356e-06
intermediate,57.56000000000001,-69.53487426938341,-69.53488618664265,-69.57487298342656,7.338878942658365e-06
intermediate,57.57,-69.53501107274974,-69.53502296056075,-69.57498641677238,7.314456739135198e-06
intermediate,57.580000000000005,-69.53514782437297,-69.53515968283033,-69.57509982674901,7.29011580742883e-06
intermediate,57.59,-69.53528452429187,-69.53529635348981,-69.57521321334846,7.265855877084212e-06
intermediate,57.60000000000001,-69.53542117254527,-69.53543297257775,-69.57532657656283,7.241676678546286e-06
intermediate,57.61,-69.53555776917189,-69.53556954013251,-69.57543991638421,7.217577943157096e-06
intermediate,57.620000000000005,-69.53569431421032,-69.53570605619244,-69.57555323280471,7.19355940315264e-06
intermediate,57.63000000000001,-69.53583080769926,-69.53584252079585,-69.57566652581649,7.169620791659967e-06
intermediate,57.64,-69.53596724967721,-69.53597893398099,-69.5757797954117,7.145761842694335e-06
intermediate,57.650000000000006,-69.53610364018269,-69.53611529578603,-69.57589304158257,7.121982291156025e-06
intermediate,57.660000000000004,-69.5362399792541,-69.53625160624912,-69.57600626432134,7.098281872827555e-06
intermediate,57.67000000000001,-69.53637626692993,-69.5363878654084,-69.57611946362024,7.074660324370664e-06
intermediate,57.68,-69.53651250324845,-69.53652407330186,-69.57623263947158,7.05111738332353e-06
intermediate,57.690000000000005,-69.53664868824798,-69.53666022996751,-69.57634579186768,7.027652788097644e-06
intermediate,57.7,-69.53678482196675,-69.53679633544326,-69.57645892080086,7.004266277975049e-06
intermediate,57.71,-69.53692090444291,-69.536932389767,-69.57657202626349,6.980957593105332e-06
intermediate,57.720000000000006,-69.53705693571465,-69.5370683929766,-69.576685108248,6.957726474502952e-06
intermediate,57.730000000000004,-69.53719291582,-69.53720434510979,-69.57679816674677,6.934572664044091e-06
intermediate,57.74000000000001,-69.53732884479702,-69.53734024620431,-69.57691120175227,6.911495904463916e-06
intermediate,57.75,-69.53746472268364,-69.53747609629785,-69.57702421325698,6.888495939353822e-06
intermediate,57.760000000000005,-69.53760054951782,-69.53761189542803,-69.5771372012534,6.865572513158368e-06
intermediate,57.77,-69.53773632533743,-69.53774764363243,-69.57725016573407,6.842725371172582e-06
intermediate,57.78000000000001,-69.53787205018027,-69.53788334094854,-69.57736310669154,6.819954259539071e-06
intermediate,57.790000000000006,-69.53800772408408,-69.53801898741386,-69.57747602411837,6.797258925245301e-06
intermediate,57.800000000000004,-69.5381433470866,-69.5381545830658,-69.57758891800722,6.77463911612063e-06
intermediate,57.81000000000001,-69.53827891922546,-69.53829012794174,-69.57770178835071,6.752094580833578e-06
intermediate,57.82,-69.5384144405383,-69.53842562207896,-69.5778146351415,6.729625068889149e-06
intermediate,57.830000000000005,-69.53854991106267,-69.53856106551477,-69.57792745837227,6.70723033062583e-06
intermediate,57.84,-69.53868533083606,-69.53869645828637,-69.57804025803574,6.684910117212967e-06
intermediate,57.85000000000001,-69.53882069989592,-69.53883180043093,-69.57815303412468,6.662664180647937e-06
intermediate,57.86,-69.53895601827968,-69.53896709198557,-69.57826578663185,6.640492273753482e-06
intermediate,57.870000000000005,-69.53909128602466,-69.53910233298733,-69.57837851555003,6.618394150174832e-06
intermediate,57.88000000000001,-69.53922650316817,-69.53923752347323,-69.57849122087208,6.596369564377016e-06
intermediate,57.89,-69.53936166974744,-69.53937266348025,-69.57860390259083,6.574418271642259e-06
intermediate,57.900000000000006,-69.53949678579968,-69.53950775304529,-69.57871656069915,6.552540028067048e-06
intermediate,57.910000000000004,-69.53963185136202,-69.5396427922052,-69.57882919518995,6.530734590559561e-06
intermediate,57.92000000000001,-69.53976686647157,-69.53977778099681,-69.57894180605618,6.509001716836913e-06
intermediate,57.93,-69.53990183116537,-69.53991271945691,-69.57905439329075,6.487341165422551e-06
intermediate,57.940000000000005,-69.54003674548036,-69.54004760762217,-69.57916695688668,6.465752695643436e-06
intermediate,57.95,-69.54017160945358,-69.54018244552925,-69.57927949683697,6.44423606762746e-06
intermediate,57.96000000000001,-69.54030642312183,-69.54031723321481,-69.57939201313465,6.422791042300721e-06
intermediate,57.970000000000006,-69.540441186522,-69.54045197071535,-69.57950450577279,6.401417381385009e-06
intermediate,57.980000000000004,-69.54057589969084,-69.54058665806744,-69.57961697474445,6.380114847394949e-06
intermediate,57.99000000000001,-69.54071056266513,-69.5407212953075,-69.57972942004275,6.358883203635476e-06
intermediate,58.0,-69.54084517548151,-69.54085588247197,-69.57984184166084,6.337722214199265e-06
intermediate,58.010000000000005,-69.54097973817666,-69.54099041959721,-69.57995423959187,6.3166316439639696e-06
intermediate,58.02,-69.54111425078712,-69.5411249067195,-69.58006661382903,6.295611258589703e-06
intermediate,58.03000000000001,-69.54124871334946,-69.54125934387515,-69.58017896436556,6.2746608245163805e-06
intermediate,58.04,-69.54138312590015,-69.54139373110038,-69.58029129119465,6.253780108961252e-06
intermediate,58.050000000000004,-69.54151748847563,-69.54152806843133,-69.58040359430962,6.2329688799161175e-06
intermediate,58.06000000000001,-69.54165180111231,-69.54166235590415,-69.58051587370373,6.2122269061448625e-06
intermediate,58.07,-69.54178606384652,-69.5417965935549,-69.58062812937028,6.191553957180943e-06
intermediate,58.080000000000005,-69.54192027671454,-69.54193078141958,-69.58074036130266,6.1709498033246914e-06
intermediate,58.09,-69.54205443975256,-69.54206491953417,-69.5808525694942,6.150414215640853e-06
intermediate,58.10000000000001,-69.54218855299683,-69.54219900793461,-69.5809647539383,6.129946965955986e-06
intermediate,58.11,-69.54232261648345,-69.54233304665675,-69.5810769146284,6.1095478268560625e-06
intermediate,58.120000000000005,-69.54245663024854,-69.54246703573642,-69.5811890515579,6.089216571683736e-06
intermediate,58.13000000000001,-69.54259059432813,-69.54260097520944,-69.58130116472029,6.068952974535943e-06
intermediate,58.14000000000001,-69.54272450875818,-69.5427348651115,-69.58141325410907,6.048756810261437e-06
intermediate,58.150000000000006,-69.54285837357466,-69.54286870547827,-69.58152531971774,6.028627854458163e-06
intermediate,58.160000000000004,-69.54299218881346,-69.54300249634541,-69.58163736153988,6.008565883470852e-06
intermediate,58.17000000000001,-69.54312595451044,-69.54313623774851,-69.58174937956902,5.9885706743884746e-06
intermediate,58.18,-69.54325967070132,-69.54326992972308,-69.58186137379874,5.968642005041899e-06
intermediate,58.190000000000005,-69.54339333742196,-69.54340357230464,-69.58197334422273,5.94877965400123e-06
intermediate,58.2,-69.54352695470797,-69.5435371655286,-69.58208529083456,5.928983400573475e-06
intermediate,58.21000000000001,-69.543660522595,-69.54367070943037,-69.58219721362792,5.909253024800035e-06
intermediate,58.220000000000006,-69.5437940411187,-69.54380420404532,-69.5823091125965,5.889588307454353e-06
intermediate,58.230000000000004,-69.54392751031457,-69.54393764940869,-69.58242098773404,5.869989030039347e-06
intermediate,58.24000000000001,-69.54406093021815,-69.54407104555578,-69.58253283903426,5.850454974785033e-06
intermediate,58.25,-69.54419430086489,-69.54420439252178,-69.58264466649094,5.830985924646217e-06
intermediate,58.260000000000005,-69.54432762229017,-69.54433769034182,-69.58275647009785,5.8115816632998866e-06
intermediate,58.27,-69.54446089452934,-69.54447093905102,-69.58286824984881,5.792241975142937e-06
intermediate,58.28000000000001,-69.54459411761773,-69.54460413868448,-69.58298000573768,5.772966645289717e-06
intermediate,58.29,-69.54472729159063,-69.54473728927717,-69.5830917377583,5.753755459569758e-06
intermediate,58.300000000000004,-69.54486041648322,-69.54487039086408,-69.58320344590457,5.7346082045252085e-06
intermediate,58.31000000000001,-69.54499349233066,-69.5450034434801,-69.5833151301704,5.715524667408579e-06
intermediate,58.32,-69.54512651916806,-69.54513644716012,-69.58342679054974,5.696504636180408e-06
intermediate,58.330000000000005,-69.54525949703054,-69.54526940193898,-69.58353842703653,5.6775478995068e-06
intermediate,58.34,-69.5453924259531,-69.54540230785145,-69.58365003962477,5.6586542467571526e-06
intermediate,58.35000000000001,-69.54552530597066,-69.54553516493226,-69.58376162830845,5.639823468001768e-06
intermediate,58.36,-69.54565813711822,-69.54566797321607,-69.58387319308163,5.621055354009637e-06
intermediate,58.370000000000005,-69.54579091943063,-69.54580073273755,-69.58398473393834,5.602349696245935e-06
intermediate,58.38,-69.5459236529427,-69.54593344353128,-69.58409625087269,5.583706286869828e-06
intermediate,58.39000000000001,-69.54605633768928,-69.54606610563182,-69.58420774387878,5.565124918732113e-06
intermediate,58.400000000000006,-69.54618897370506,-69.54619871907366,-69.5843192129507,5.546605385372991e-06
intermediate,58.410000000000004,-69.5463215610247,-69.54633128389123,-69.58443065808267,5.528147481019659e-06
intermediate,58.42000000000001,-69.54645409968289,-69.54646380011897,-69.5845420792688,5.509751000584072e-06
intermediate,58.43,-69.54658658971424,-69.54659626779123,-69.58465347650333,5.491415739660761e-06
intermediate,58.440000000000005,-69.5467190311533,-69.54672868694234,-69.58476484978047,5.473141494524387e-06
intermediate,58.45,-69.54685142403453,-69.54686105760653,-69.5848761990945,5.454928062127593e-06
intermediate,58.46000000000001,-69.54698376839241,-69.54699337981806,-69.58498752443964,5.436775240098702e-06
intermediate,58.470000000000006,-69.54711606426135,-69.54712565361109,-69.58509882581022,5.418682826739544e-06
intermediate,58.480000000000004,-69.54724831167573,-69.54725787901977,-69.58521010320055,5.400650621023096e-06
intermediate,58.49000000000001,-69.54738051066984,-69.54739005607814,-69.58532135660498,5.382678422591305e-06
intermediate,58.5,-69.54751266127798,-69.5475221848203,-69.58543258601784,5.364766031752949e-06
intermediate,58.510000000000005,-69.54764476353434,-69.5476542652802,-69.58554379143357,5.346913249481249e-06
intermediate,58.52,-69.54777681747312,-69.5477862974918,-69.58565497284656,5.329119877411776e-06
intermediate,58.53000000000001,-69.54790882312845,-69.547918281489,-69.58576613025123,5.3113857178401926e-06
intermediate,58.54,-69.54804078053444,-69.54805021730569,-69.58587726364208,5.293710573720136e-06
intermediate,58.550000000000004,-69.54817268972508,-69.54818210497564,-69.58598837301355,5.276094248660917e-06
intermediate,58.56000000000001,-69.54830455073439,-69.54831394453264,-69.58609945836017,5.258536546925379e-06
intermediate,58.57000000000001,-69.54843636359631,-69.54844573601041,-69.58621051967647,5.241037273427826e-06
intermediate,58.580000000000005,-69.54856812834477,-69.54857747944261,-69.58632155695697,5.223596233731674e-06
intermediate,58.59,-69.54869984501359,-69.5487091748629,-69.58643257019627,5.206213234047417e-06
intermediate,58.60000000000001,-69.54883151363663,-69.54884082230488,-69.58654355938897,5.188888081230412e-06
intermediate,58.61,-69.54896313424759,-69.54897242180205,-69.58665452452966,5.171620582778826e-06
intermediate,58.620000000000005,-69.54909470688025,-69.54910397338793,-69.58676546561303,5.154410546831365e-06
intermediate,58.63,-69.54922623156824,-69.54923547709598,-69.58687638263372,5.137257782165229e-06
intermediate,58.64000000000001,-69.54935770834523,-69.54936693295959,-69.58698727558642,5.120162098193944e-06
intermediate,58.650000000000006,-69.54948913724478,-69.54949834101214,-69.58709814446584,5.1031233049653424e-06
intermediate,58.660000000000004,-69.54962051830043,-69.54962970128695,-69.58720898926673,5.086141213159297e-06
intermediate,58.67000000000001,-69.54975185154568,-69.5497610138173,-69.58731980998382,5.069215634085707e-06
intermediate,58.68,-69.54988313701398,-69.5498922786364,-69.58743060661192,5.052346379682443e-06
intermediate,58.690000000000005,-69.55001437473874,-69.55002349577748,-69.58754137914582,5.035533262513155e-06
intermediate,58.7,-69.55014556475331,-69.55015466527364,-69.58765212758033,5.0187760957652565e-06
intermediate,58.71000000000001,-69.550276707091,-69.550285787158,-69.5877628519103,5.002074693247807e-06
intermediate,58.72,-69.55040780178511,-69.55041686146363,-69.58787355213063,4.985428869389547e-06
intermediate,58.730000000000004,-69.55053884886883,-69.5505478882235,-69.58798422823617,4.968838439236683e-06
intermediate,58.74000000000001,-69.55066984837535,-69.5506788674706,-69.58809488022187,4.9523032184509125e-06
intermediate,58.75000000000001,-69.55080080033783,-69.55080979923787,-69.58820550808267,4.935823023307426e-06
intermediate,58.760000000000005,-69.5509317047893,-69.55094068355815,-69.58831611181348,4.9193976706927545e-06
intermediate,58.77,-69.55106256176286,-69.5510715204643,-69.58842669140934,4.903026978102813e-06
intermediate,58.78000000000001,-69.55119337129153,-69.55120230998914,-69.58853724686523,4.886710763640825e-06
intermediate,58.79,-69.55132413340822,-69.55133305216538,-69.58864777817617,4.8704488460153986e-06
intermediate,58.800000000000004,-69.55145484814588,-69.55146374702574,-69.5887582853372,4.854241044538369e-06
intermediate,58.81000000000001,-69.55158551553738,-69.55159439460289,-69.58886876834343,4.838087179122861e-06
intermediate,58.82000000000001,-69.55171613561552,-69.55172499492943,-69.5889792271899,4.821987070281374e-06
intermediate,58.830000000000005,-69.55184670841308,-69.55185554803795,-69.58908966187175,4.8059405391236005e-06
intermediate,58.84,-69.55197723396283,-69.55198605396097,-69.58920007238413,4.789947407354596e-06
intermediate,58.85000000000001,-69.55210771229747,-69.552116512731,-69.58931045872217,4.774007497272705e-06
intermediate,58.86,-69.55223814344961,-69.55224692438047,-69.58942082088107,4.758120631767702e-06
intermediate,58.870000000000005,-69.5523685274519,-69.55237728894181,-69.58953115885602,4.742286634318669e-06
intermediate,58.88,-69.5524988643369,-69.55250760644735,-69.58964147264227,4.726505328992141e-06
intermediate,58.89000000000001,-69.55262915413712,-69.55263787692944,-69.58975176223503,4.710776540440092e-06
intermediate,58.900000000000006,-69.55275939688501,-69.5527681004203,-69.58986202762956,4.695100093898093e-06
intermediate,58.910000000000004,-69.55288959261304,-69.55289827695222,-69.5899722688212,4.679475815183218e-06
intermediate,58.92000000000001,-69.5530197413536,-69.55302840655736,-69.59008248580521,4.663903530692195e-06
intermediate,58.93,-69.55314984313902,-69.55315848926789,-69.59019267857695,4.648383067399511e-06
intermediate,58.940000000000005,-69.55327989800165,-69.55328852511589,-69.59030284713177,4.6329142528554e-06
intermediate,58.95,-69.55340990597368,-69.55341851413344,-69.59041299146502,4.617496915183983e-06
intermediate,58.96000000000001,-69.55353986708738,-69.55354845635256,-69.59052311157213,4.602130883081328e-06
intermediate,58.97,-69.55366978137491,-69.55367835180522,-69.5906332074485,4.5868159858136325e-06
intermediate,58.980000000000004,-69.55379964886842,-69.55380820052338,-69.59074327908957,4.5715520532151904e-06
intermediate,58.99000000000001,-69.5539294696,-69.55393800253891,-69.5908533264908,4.556338915686581e-06
intermediate,59.00000000000001,-69.55405924360169,-69.55406775788367,-69.59096334964768,4.541176404192814e-06
intermediate,59.010000000000005,-69.55418897090546,-69.55419746658944,-69.5910733485557,4.526064350261369e-06
intermediate,59.02,-69.55431865154331,-69.55432712868804,-69.5911833232104,4.5110025859803805e-06
intermediate,59.03000000000001,-69.55444828554715,-69.55445674421118,-69.59129327360732,4.495990943996733e-06
intermediate,59.04,-69.55457787294885,-69.55458631319051,-69.59140319974199,4.481029257514297e-06
intermediate,59.050000000000004,-69.55470741378028,-69.55471583565773,-69.59151310161005,4.466117360291936e-06
intermediate,59.06,-69.5548369080732,-69.5548453116444,-69.59162297920707,4.451255086641748e-06
intermediate,59.07000000000001,-69.55496635585939,-69.5549747411821,-69.59173283252872,4.436442271427189e-06
intermediate,59.080000000000005,-69.55509575717052,-69.55510412430232,-69.59184266157062,4.4216787500613054e-06
intermediate,59.09,-69.5552251120383,-69.5552334610366,-69.59195246632845,4.406964358504801e-06
intermediate,59.10000000000001,-69.55535442049431,-69.5553627514163,-69.5920622467979,4.392298933264264e-06
intermediate,59.11,-69.55548368257017,-69.55549199547286,-69.59217200297468,4.377682311390417e-06
intermediate,59.120000000000005,-69.5556128982974,-69.55562119323763,-69.59228173485452,4.363114330476181e-06
intermediate,59.13,-69.55574206770751,-69.55575034474191,-69.5923914424332,4.348594828654948e-06
intermediate,59.14000000000001,-69.55587119083198,-69.555879450017,-69.59250112570645,4.334123644598758e-06
intermediate,59.150000000000006,-69.55600026770219,-69.55600850909408,-69.5926107846701,4.3197006175165575e-06
intermediate,59.160000000000004,-69.55612929834952,-69.55613752200439,-69.59272041931996,4.305325587152325e-06
intermediate,59.17000000000001,-69.55625828280532,-69.55626648877903,-69.59283002965188,4.290998393783332e-06
intermediate,59.18000000000001,-69.55638722110085,-69.55639540944915,-69.59293961566168,4.276718878218439e-06
intermediate,59.190000000000005,-69.5565161132674,-69.55652428404579,-69.59304917734526,4.262486881796191e-06
intermediate,59.2,-69.55664495933615,-69.55665311259999,-69.59315871469853,4.248302246383151e-06
intermediate,59.21000000000001,-69.55677375933828,-69.55678189514272,-69.5932682277174,4.234164814372095e-06
intermediate,59.22,-69.55690251330495,-69.55691063170495,-69.5933777163978,4.2200744286803305e-06
intermediate,59.230000000000004,-69.55703122126718,-69.55703932231756,-69.59348718073569,4.206030932747856e-06
intermediate,59.24000000000001,-69.55715988325606,-69.55716796701144,-69.59359662072707,4.192034170535663e-06
intermediate,59.25000000000001,-69.55728849930257,-69.55729656581737,-69.59370603636793,4.1780839865240695e-06
intermediate,59.260000000000005,-69.55741706943766,-69.55742511876618,-69.59381542765426,4.164180225710867e-06
intermediate,59.27,-69.5575455936923,-69.55755362588857,-69.59392479458215,4.15032273360968e-06
intermediate,59.28000000000001,-69.55767407209736,-69.55768208721528,-69.59403413714764,4.136511356248217e-06
intermediate,59.29,-69.55780250468365,-69.55781050277697,-69.59414345534681,4.122745940166618e-06
intermediate,59.300000000000004,-69.55793089148199,-69.55793887260425,-69.59425274917575,4.109026332415658e-06
intermediate,59.31,-69.55805923252314,-69.5580671967277,-69.5943620186306,4.095352380555109e-06
intermediate,59.32000000000001,-69.5581875278378,-69.55819547517787,-69.59447126370749,4.0817239326520115e-06
intermediate,59.330000000000005,-69.55831577745668,-69.55832370798527,-69.59458048440258,4.068140837279068e-06
intermediate,59.34,-69.55844398141042,-69.55845189518037,-69.59468968071207,4.054602943512838e-06
intermediate,59.35000000000001,-69.55857213972958,-69.55858003679356,-69.59479885263214,4.041110100932125e-06
intermediate,59.36000000000001,-69.55870025244475,-69.55870813285526,-69.59490800015901,4.027662159616344e-06
intermediate,59.370000000000005,-69.55882831958642,-69.55883618339578,-69.59501712328893,4.014258970143774e-06
intermediate,59.38,-69.55895634118512,-69.55896418844547,-69.59512622201817,4.000900383589949e-06
intermediate,59.39000000000001,-69.55908431727123,-69.55909214803457,-69.59523529634296,3.987586251525972e-06
intermediate,59.4,-69.55921224787518,-69.55922006219328,-69.59534434625968,3.9743164260169435e-06
intermediate,59.410000000000004,-69.5593401330273,-69.55934793095183,-69.59545337176458,3.961090759620206e-06
intermediate,59.42000000000001,-69.55946797275794,-69.55947575434037,-69.59556237285402,3.947909105383749e-06
intermediate,59.43000000000001,-69.55959576709736,-69.55960353238896,-69.59567134952438,3.934771316844664e-06
intermediate,59.440000000000005,-69.55972351607578,-69.55973126512771,-69.59578030177201,3.92167724802735e-06
intermediate,59.45,-69.55985121972346,-69.55985895258664,-69.59588922959331,3.908626753442029e-06
intermediate,59.46000000000001,-69.55997887807051,-69.55998659479576,-69.5959981329847,3.895619688083048e-06
intermediate,59.47,-69.56010649114708,-69.56011419178499,-69.59610701194262,3.882655907427368e-06
intermediate,59.480000000000004,-69.5602340589832,-69.56024174358427,-69.59621586646352,3.869735267432826e-06
intermediate,59.49000000000001,-69.56036158160896,-69.56036925022346,-69.5963246965439,3.856857624536602e-06
intermediate,59.50000000000001,-69.56048905905433,-69.5604967117324,-69.59643350218025,3.844022835653685e-06
intermediate,59.510000000000005,-69.56061649134931,-69.56062412814089,-69.59654228336903,3.831230758175155e-06
intermediate,59.52,-69.56074387852382,-69.5607514994787,-69.59665104010683,3.818481249966688e-06
intermediate,59.53000000000001,-69.5608712206077,-69.56087882577553,-69.59675977239019,3.805774169366937e-06
intermediate,59.54,-69.56099851763082,-69.56100610706108,-69.59686848021566,3.7931093751860126e-06
intermediate,59.550000000000004,-69.56112576962302,-69.56113334336497,-69.59697716357987,3.780486726703836e-06
intermediate,59.56,-69.56125297661401,-69.56126053471682,-69.59708582247939,3.7679060836686284e-06
intermediate,59.57000000000001,-69.56138013863355,-69.56138768114621,-69.59719445691084,3.7553673062953166e-06
intermediate,59.580000000000005,-69.56150725571133,-69.56151478268265,-69.59730306687091,3.742870255264064e-06
intermediate,59.59,-69.561634327877,-69.56164183935563,-69.59741165235626,3.730414791718599e-06
intermediate,59.60000000000001,-69.56176135516017,-69.56176885119463,-69.59752021336355,3.7180007772647406e-06
intermediate,59.61000000000001,-69.56188833759043,-69.56189581822902,-69.5976287498895,3.7056280739688933e-06
intermediate,59.620000000000005,-69.56201527519728,-69.56202274048822,-69.59773726193082,3.693296544356437e-06
intermediate,59.63,-69.56214216801027,-69.56214961800154,-69.59784574948426,3.6810060514102477e-06
intermediate,59.64000000000001,-69.56226901605882,-69.5622764507983,-69.59795421254658,3.6687564585691466e-06
intermediate,59.65,-69.56239581937236,-69.56240323890775,-69.59806265111456,3.656547629726461e-06
intermediate,59.660000000000004,-69.56252257798023,-69.5625299823591,-69.59817106518501,3.644379429228391e-06
intermediate,59.67000000000001,-69.56264929191184,-69.56265668118155,-69.59827945475473,3.6322517218725706e-06
intermediate,59.68000000000001,-69.56277596119648,-69.56278333540428,-69.59838781982056,3.6201643729065984e-06
intermediate,59.690000000000005,-69.56290258586341,-69.56290994505638,-69.59849616037934,3.6081172480264576e-06
intermediate,59.7,-69.56302916594187,-69.56303651016692,-69.59860447642798,3.596110213375082e-06
intermediate,59.71000000000001,-69.56315570146103,-69.56316303076493,-69.59871276796333,3.584143135540833e-06
intermediate,59.72,-69.56328219245005,-69.56328950687943,-69.59882103498232,3.5722158815560947e-06
intermediate,59.730000000000004,-69.56340863893806,-69.56341593853938,-69.59892927748189,3.5603283188956794e-06
intermediate,59.74,-69.56353504095412,-69.5635423257737,-69.59903749545896,3.548480315475437e-06
intermediate,59.75000000000001,-69.5636613985273,-69.56366866861127,-69.59914568891048,3.53667173965075e-06
intermediate,59.760000000000005,-69.56378771168659,-69.56379496708097,-69.59925385783349,3.5249024602151234e-06
intermediate,59.77,-69.56391398046094,-69.56392122121157,-69.59936200222495,3.513172346398653e-06
intermediate,59.78000000000001,-69.56404020487929,-69.56404743103188,-69.5994701220819,3.5014812678666004e-06
intermediate,59.790000000000006,-69.56416638497052,-69.56417359657064,-69.59957821740136,3.489829094718011e-06
intermediate,59.800000000000004,-69.56429252076352,-69.56429971785653,-69.5996862881804,3.4782156974841552e-06
intermediate,59.81,-69.56441861228706,-69.56442579491824,-69.59979433441607,3.466640947127167e-06
intermediate,59.82000000000001,-69.56454465956995,-69.5645518277844,-69.5999023561055,3.4551047150385773e-06
intermediate,59.830000000000005,-69.56467066264092,-69.56467781648358,-69.60001035324576,3.4436068730379354e-06
intermediate,59.84,-69.56479662152866,-69.56480376104435,-69.60011832583403,3.432147293371311e-06
intermediate,59.85000000000001,-69.56492253626188,-69.56492966149524,-69.6002262738674,3.4207258487099045e-06
intermediate,59.86000000000001,-69.56504840686915,-69.56505551786474,-69.60033419734307,3.4093424121486948e-06
intermediate,59.870000000000005,-69.56517423337914,-69.56518133018128,-69.6004420962582,3.397996857204918e-06
intermediate,59.88,-69.56530001582033,-69.56530709847326,-69.60054997061002,3.3866890578167356e-06
intermediate,59.89000000000001,-69.5654257542213,-69.56543282276907,-69.60065782039574,3.375418888341804e-06
intermediate,59.9,-69.5655514486105,-69.56555850309707,-69.60076564561257,3.3641862235559255e-06
intermediate,59.910000000000004,-69.56567709901638,-69.56568413948551,-69.6008734462578,3.3529909386515863e-06
intermediate,59.92000000000001,-69.56580270546736,-69.56580973196269,-69.60098122232866,3.3418329092365994e-06
intermediate,59.93000000000001,-69.5659282679918,-69.56593528055684,-69.60108897382248,3.3307120113327804e-06
intermediate,59.940000000000005,-69.56605378661804,-69.56606078529613,-69.60119670073654,3.319628121374465e-06
intermediate,59.95,-69.5661792613744,-69.56618624620874,-69.60130440306818,3.308581116207206e-06
intermediate,59.96000000000001,-69.56630469228914,-69.56631166332282,-69.60141208081473,3.297570873086377e-06
intermediate,59.970000000000006,-69.56643007939046,-69.5664370366664,-69.60151973397356,3.286597269675853e-06
intermediate,59.980000000000004,-69.56655542270657,-69.56656236626756,-69.60162736254205,3.275660184046582e-06
intermediate,59.99,-69.5666807222656,-69.56668765215429,-69.6017349665176,3.2647594946752787e-06
intermediate,60.00000000000001,-69.56680597809572,-69.5668128943546,-69.6018425458976,3.253895080443043e-06
intermediate,60.010000000000005,-69.566931190225,-69.56693809289642,-69.60195010067949,3.2430668206340828e-06
intermediate,60.02,-69.56705635868144,-69.56706324780765,-69.60205763086071,3.232274594934273e-06
intermediate,60.03000000000001,-69.56718148349309,-69.56718835911616,-69.60216513643877,3.221518283429865e-06
intermediate,60.040000000000006,-69.5673065646879,-69.5673134268498,-69.6022726174111,3.2107977666062172e-06
intermediate,60.050000000000004,-69.56743160229385,-69.56743845103635,-69.60238007377521,3.200112925346337e-06
intermediate,60.06,-69.56755659633882,-69.56756343170362,-69.60248750552864,3.189463640929661e-06
intermediate,60.07000000000001,-69.56768154685068,-69.56768836887929,-69.60259491266889,3.1788497950306802e-06
intermediate,60.08,-69.56780645385727,-69.56781326259109,-69.60270229519354,3.1682712697176996e-06
intermediate,60.09,-69.56793131738635,-69.56793811286667,-69.60280965310014,3.157727947451422e-06
intermediate,60.10000000000001,-69.5680561374657,-69.56806291973363,-69.60291698638629,3.1472197110836976e-06
intermediate,60.11000000000001,-69.56818091412306,-69.56818768321959,-69.6030242950496,3.1367464438562694e-06
intermediate,60.120000000000005,-69.5683056473861,-69.5683124033521,-69.60313157908766,3.126308029399377e-06
intermediate,60.13,-69.5684303372825,-69.56843708015867,-69.60323883849813,3.115904351730531e-06
intermediate,60.14000000000001,-69.56855498383987,-69.5685617136668,-69.60334607327866,3.1055352952531942e-06
intermediate,60.15,-69.56867958708578,-69.56868630390392,-69.60345328342692,3.095200744755543e-06
intermediate,60.160000000000004,-69.56880414704779,-69.56881085089746,-69.60356046894059,3.0849005854091218e-06
intermediate,60.17000000000001,-69.5689286637534,-69.56893535467479,-69.60366762981738,3.0746347027675936e-06
intermediate,60.18000000000001,-69.5690531372301,-69.56905981526326,-69.60377476605503,3.0644029827655215e-06
intermediate,60.190000000000005,-69.56917756750533,-69.5691842326902,-69.60388187765123,3.0542053117170073e-06
intermediate,60.2,-69.5693019546065,-69.56930860698287,-69.60398896460379,3.04404157631449e-06
intermediate,60.21000000000001,-69.569426298561,-69.56943293816853,-69.60409602691045,3.0339116636274603e-06
intermediate,60.220000000000006,-69.56955059939615,-69.56955722627436,-69.60420306456902,3.0238154611012503e-06
intermediate,60.230000000000004,-69.56967485713923,-69.56968147132753,-69.6043100775773,3.013752856555717e-06
intermediate,60.24,-69.56979907181757,-69.5698056733552,-69.60441706593308,3.00372373818404e-06
intermediate,60.25000000000001,-69.56992324345835,-69.56992983238449,-69.60452402963423,2.993727994551452e-06
intermediate,60.260000000000005,-69.57004737208877,-69.57005394844244,-69.60463096867862,2.9837655145940634e-06
intermediate,60.27,-69.57017145773604,-69.5701780215561,-69.60473788306409,2.973836187617534e-06
intermediate,60.28000000000001,-69.57029550042724,-69.57030205175245,-69.60484477278854,2.9639399032958963e-06
intermediate,60.290000000000006,-69.57041950018952,-69.5704260390585,-69.60495163784987,2.954076551670354e-06
intermediate,60.300000000000004,-69.57054345704988,-69.57054998350115,-69.60505847824602,2.944246023148e-06
intermediate,60.31,-69.5706673710354,-69.57067388510734,-69.6051652939749,2.934448208500638e-06
intermediate,60.32000000000001,-69.57079124217304,-69.57079774390388,-69.6052720850345,2.924682998863545e-06
intermediate,60.33,-69.57091507048976,-69.57092155991765,-69.60537885142277,2.914950285734322e-06
intermediate,60.34,-69.5710388560125,-69.57104533317543,-69.6054855931377,2.905249960971596e-06
intermediate,60.35000000000001,-69.57116259876815,-69.57116906370398,-69.60559231017729,2.8955819167938714e-06
intermediate,60.36000000000001,-69.57128629878356,-69.57129275153004,-69.60569900253955,2.8859460457783558e-06
intermediate,60.370000000000005,-69.57140995608555,-69.5714163966803,-69.60580567022254,2.876342240859706e-06
intermediate,60.38,-69.57153357070092,-69.57153999918145,-69.6059123132243,2.866770395328881e-06
intermediate,60.39000000000001,-69.57165714265639,-69.57166355906008,-69.6060189315429,2.8572304028319256e-06
intermediate,60.400000000000006,-69.57178067197873,-69.57178707634282,-69.60612552517644,2.847722157368857e-06
intermediate,60.410000000000004,-69.5719041586946,-69.57191055105623,-69.60623209412299,2.8382455532923904e-06
intermediate,60.42,-69.57202760283064,-69.57203398322685,-69.60633863838069,2.828800485306827e-06
intermediate,60.43000000000001,-69.57215100441348,-69.57215737288114,-69.60644515794766,2.8193868484668598e-06
intermediate,60.440000000000005,-69.57227436346975,-69.5722807200456,-69.60655165282205,2.810004538176448e-06
intermediate,60.45,-69.57239768002592,-69.57240402474665,-69.60665812300203,2.8006534501875907e-06
intermediate,60.46000000000001,-69.57252095410857,-69.57252728701067,-69.6067645684858,2.7913334805992014e-06
intermediate,60.470000000000006,-69.57264418574418,-69.57265050686408,-69.60687098927154,2.7820445258559952e-06
intermediate,60.480000000000004,-69.57276737495918,-69.57277368433316,-69.60697738535744,2.7727864827472536e-06
intermediate,60.49,-69.57289052178001,-69.57289681944421,-69.60708375674177,2.763559248405736e-06
intermediate,60.50000000000001,-69.57301362623302,-69.57301991222351,-69.60719010342274,2.7543627203065117e-06
intermediate,60.510000000000005,-69.5731366883446,-69.57314296269732,-69.60729642539863,2.7451967962658597e-06
intermediate,60.52,-69.57325970814104,-69.5732659708918,-69.60740272266771,2.7360613744400753e-06
intermediate,60.53000000000001,-69.57338268564867,-69.57338893683314,-69.60750899522827,2.726956353324364e-06
intermediate,60.540000000000006,-69.5735056208937,-69.57351186054746,-69.60761524307863,2.717881631751759e-06
intermediate,60.550000000000004,-69.57362851390235,-69.57363474206088,-69.60772146621709,2.7088371088919127e-06
intermediate,60.56,-69.57375136470081,-69.57375758139946,-69.60782766464202,2.6998226842500345e-06
intermediate,60.57000000000001,-69.57387417331528,-69.57388037858924,-69.60793383835176,2.690838257665747e-06
intermediate,60.580000000000005,-69.5739969397718,-69.5740031336562,-69.60803998734467,2.6818837293120163e-06
intermediate,60.59,-69.57411966409653,-69.57412584662637,-69.60814611161915,2.6729589996939797e-06
intermediate,60.60000000000001,-69.57424234631549,-69.57424851752563,-69.6082522111736,2.66406396964787e-06
intermediate,60.61000000000001,-69.5743649864547,-69.57437114637993,-69.60835828600644,2.6551985403399556e-06
intermediate,60.620000000000005,-69.57448758454017,-69.57449373321515,-69.60846433611609,2.6463626132653627e-06
intermediate,60.63,-69.57461014059785,-69.57461627805709,-69.608570361501,2.6375560902470318e-06
intermediate,60.64000000000001,-69.57473265465366,-69.5747387809316,-69.60867636215963,2.628778873434603e-06
intermediate,60.650000000000006,-69.57485512673348,-69.57486124186443,-69.60878233809046,2.6200308653033872e-06
intermediate,60.660000000000004,-69.5749775568632,-69.57498366088134,-69.60888828929201,2.6113119686531802e-06
intermediate,60.67,-69.57509994506862,-69.57510603800806,-69.60899421576276,2.602622086607268e-06
intermediate,60.68000000000001,-69.57522229137554,-69.57522837327025,-69.60910011750124,2.5939611226113035e-06
intermediate,60.690000000000005,-69.57534459580975,-69.57535066669357,-69.60920599450598,2.58532898043229e-06
intermediate,60.7,-69.57546685839694,-69.57547291830366,-69.60931184677555,2.576725564157435e-06
intermediate,60.71000000000001,-69.57558907916284,-69.57559512812605,-69.60941767430853,2.568150778193122e-06
intermediate,60.720000000000006,-69.5757112581331,-69.57571729618637,-69.6095234771035,2.5596045272638906e-06
intermediate,60.730000000000004,-69.57583339533333,-69.57583942251009,-69.60962925515904,2.551086716411296e-06
intermediate,60.74,-69.57595549078923,-69.57596150712273,-69.60973500847376,2.542597250992907e-06
intermediate,60.75000000000001,-69.57607754452624,-69.57608355004974,-69.60984073704634,2.5341360366812333e-06
intermediate,60.76,-69.57619955657002,-69.57620555131656,-69.60994644087539,2.525702979462715e-06
intermediate,60.77,-69.57632152694597,-69.57632751094859,-69.61005211995956,2.517297985636619e-06
intermediate,60.78000000000001,-69.57644345567962,-69.57644942897116,-69.61015777429755,2.508920961814027e-06
intermediate,60.790000000000006,-69.57656534279643,-69.57657130540964,-69.61026340388804,2.5005718149168355e-06
intermediate,60.800000000000004,-69.57668718832176,-69.57669314028934,-69.61036900872975,2.4922504521766467e-06
intermediate,60.81,-69.57680899228104,-69.5768149336355,-69.61047458882138,2.4839567811337894e-06
intermediate,60.82000000000001,-69.57693075469959,-69.5769366854734,-69.61058014416166,2.475690709636269e-06
intermediate,60.830000000000005,-69.5770524756027,-69.5770583958282,-69.61068567474936,2.4674521458387786e-06
intermediate,60.84,-69.5771741550157,-69.57718006472511,-69.61079118058323,2.4592409982016277e-06
intermediate,60.85000000000001,-69.57729579296385,-69.57730169218931,-69.61089666166207,2.451057175489744e-06
intermediate,60.86000000000001,-69.57741738947236,-69.57742327824587,-69.61100211798465,2.442900586771707e-06
intermediate,60.870000000000005,-69.5775389445664,-69.57754482291989,-69.6111075495498,2.4347711414186556e-06
intermediate,60.88,-69.57766045827117,-69.57766632623644,-69.61121295635634,2.426668749103336e-06
intermediate,60.89000000000001,-69.57778193061175,-69.5777877882205,-69.61131833840311,2.418593319799074e-06
intermediate,60.900000000000006,-69.57790336161328,-69.57790920889713,-69.61142369568894,2.410544763778813e-06
intermediate,60.910000000000004,-69.5780247513008,-69.57803058829123,-69.61152902821273,2.4025229916140594e-06
intermediate,60.92,-69.57814609969935,-69.57815192642778,-69.61163433597333,2.394527914173931e-06
intermediate,60.93000000000001,-69.57826740683394,-69.57827322333164,-69.61173961896968,2.3865594426241377e-06
intermediate,60.940000000000005,-69.57838867272953,-69.57839447902771,-69.61184487720064,2.37861748842605e-06
intermediate,60.95,-69.5785098974111,-69.57851569354082,-69.61195011066516,2.370701963335639e-06
intermediate,60.96000000000001,-69.57863108090352,-69.57863686689578,-69.6120553193622,2.3628127794025346e-06
intermediate,60.970000000000006,-69.57875222323167,-69.57875799911734,-69.61216050329068,2.354949848969075e-06
intermediate,60.980000000000004,-69.57887332442044,-69.57887909023032,-69.61226566244959,2.347113084669276e-06
intermediate,60.99,-69.57899438449462,-69.57900014025938,-69.61237079683791,2.339302399427898e-06
intermediate,61.00000000000001,-69.57911540347898,-69.57912114922921,-69.61247590645462,2.3315177064594575e-06
intermediate,61.010000000000005,-69.57923638139833,-69.57924211716448,-69.61258099129876,2.32375891926731e-06
intermediate,61.02,-69.57935731827736,-69.57936304408983,-69.61268605136935,2.3160259516426165e-06
intermediate,61.03000000000001,-69.57947821414078,-69.57948393002984,-69.61279108666542,2.3083187176634276e-06
intermediate,61.040000000000006,-69.57959906901324,-69.57960477500909,-69.61289609718602,2.3006371316937473e-06
intermediate,61.050000000000004,-69.57971988291942,-69.57972557905211,-69.61300108293025,2.292981108382532e-06
intermediate,61.06,-69.57984065588387,-69.5798463421834,-69.61310604389716,2.285350562662778e-06
intermediate,61.07000000000001,-69.57996138793119,-69.57996706442745,-69.61321098008584,2.277745409750553e-06
intermediate,61.080000000000005,-69.58008207908594,-69.58008774580871,-69.61331589149545,2.270165565144105e-06
intermediate,61.09,-69.5802027293726,-69.58020838635157,-69.61342077812506,2.2626109446228475e-06
intermediate,61.1,-69.5803233388157,-69.58032898608043,-69.61352563997384,2.2550814642464746e-06
intermediate,61.11000000000001,-69.58044390743966,-69.58044954501968,-69.61363047704094,2.247577040354008e-06
intermediate,61.120000000000005,-69.5805644352689,-69.58057006319359,-69.61373528932553,2.2400975895628987e-06
intermediate,61.13,-69.58068492232785,-69.58069054062652,-69.61384007682678,2.2326430287680533e-06
intermediate,61.14000000000001,-69.58080536864084,-69.58081097734268,-69.61394483954389,2.2252132751409296e-06
intermediate,61.150000000000006,-69.58092577423221,-69.58093137336635,-69.61404957747608,2.2178082461286565e-06
intermediate,61.160000000000004,-69.58104613912629,-69.58105172872173,-69.61415429062257,2.210427859453046e-06
intermediate,61.17,-69.58116646334733,-69.58117204343299,-69.61425897898259,2.2030720331097274e-06
intermediate,61.18000000000001,-69.58128674691959,-69.58129231752429,-69.61436364255539,2.195740685367211e-06
intermediate,61.190000000000005,-69.58140698986729,-69.58141255101974,-69.61446828134022,2.1884337347660183e-06
intermediate,61.2,-69.58152719221457,-69.58153274394344,-69.6145728953364,2.1811511001177275e-06
intermediate,61.21000000000001,-69.58164735398564,-69.58165289631944,-69.61467748454318,2.173892700504088e-06
intermediate,61.220000000000006,-69.5817674752046,-69.5817730081718,-69.61478204895991,2.1666584552761646e-06
intermediate,61.230000000000004,-69.58188755589558,-69.5818930795245,-69.61488658858585,2.1594482840533676e-06
intermediate,61.24,-69.5820075960826,-69.58201311040152,-69.61499110342037,2.1522621067226103e-06
intermediate,61.25000000000001,-69.58212759578971,-69.58213310082681,-69.61509559346283,2.1450998434373925e-06
intermediate,61.260000000000005,-69.58224755504096,-69.5822530508243,-69.61520005871255,2.1379614146169637e-06
intermediate,61.27,-69.58236747386029,-69.58237296041784,-69.61530449916894,2.1308467409453554e-06
intermediate,61.28000000000001,-69.58248735227163,-69.58249282963132,-69.61540891483138,2.1237557433705574e-06
intermediate,61.290000000000006,-69.58260719029896,-69.58261265848856,-69.61551330569927,2.1166883431036575e-06
intermediate,61.300000000000004,-69.58272698796617,-69.58273244701337,-69.615617671772,2.109644461617902e-06
intermediate,61.31,-69.58284674529705,-69.5828521952295,-69.61572201304904,2.1026240206478687e-06
intermediate,61.32000000000001,-69.5829664623155,-69.5829719031607,-69.6158263295298,2.095626942188575e-06
intermediate,61.330000000000005,-69.58308613904528,-69.58309157083069,-69.61593062121375,2.0886531484946536e-06
intermediate,61.34,-69.5832057755102,-69.58321119826314,-69.61603488810034,2.0817025620794264e-06
intermediate,61.35,-69.58332537173398,-69.58333078548175,-69.61613913018907,2.0747751057140837e-06
intermediate,61.36000000000001,-69.58344492774036,-69.5834503325101,-69.61624334747943,2.0678707024268093e-06
intermediate,61.370000000000005,-69.58356444355303,-69.5835698393718,-69.61634753997092,2.060989275501954e-06
intermediate,61.38,-69.58368391919564,-69.58368930609046,-69.61645170766307,2.0541307484791417e-06
intermediate,61.39000000000001,-69.58380335469181,-69.58380873268959,-69.61655585055541,2.0472950451524346e-06
intermediate,61.400000000000006,-69.58392275006517,-69.58392811919269,-69.6166599686475,2.0404820895695245e-06
intermediate,61.410000000000004,-69.58404210533925,-69.58404746562326,-69.61676406193887,2.033691806030825e-06
intermediate,61.42,-69.58416142053765,-69.58416677200476,-69.61686813042913,2.0269241190886708e-06
intermediate,61.43000000000001,-69.58428069568386,-69.58428603836064,-69.61697217411785,2.0201789535464632e-06
intermediate,61.44000000000001,-69.58439993080135,-69.58440526471426,-69.61707619300462,2.0134562344578642e-06
intermediate,61.45,-69.58451912591363,-69.58452445108904,-69.61718018708909,2.0067558871259175e-06
intermediate,61.46000000000001,-69.58463828104406,-69.58464359750828,-69.61728415637086,2.0000778371022408e-06
intermediate,61.470000000000006,-69.5847573962161,-69.58476270399531,-69.61738810084958,1.993422010186231e-06
intermediate,61.480000000000004,-69.5848764714531,-69.58488177057345,-69.61749202052489,1.986788332424176e-06
intermediate,61.49,-69.58499550677844,-69.58500079726592,-69.61759591539646,1.980176730108477e-06
intermediate,61.50000000000001,-69.58511450221539,-69.58511978409595,-69.61769978546398,1.973587129776811e-06
intermediate,61.510000000000005,-69.58523345778727,-69.58523873108679,-69.61780363072711,1.967019458211343e-06
intermediate,61.52,-69.58535237351734,-69.58535763826158,-69.6179074511856,1.960473642437869e-06
intermediate,61.53000000000001,-69.58547124942879,-69.58547650564348,-69.61801124683913,1.9539496097250266e-06
intermediate,61.540000000000006,-69.58559008554488,-69.5855953332556,-69.61811501768743,1.947447287583516e-06
intermediate,61.550000000000004,-69.58570888188876,-69.58571412112106,-69.61821876373027,1.940966603765235e-06
intermediate,61.56,-69.58582763848362,-69.5858328692629,-69.6183224849674,1.934507486262522e-06
intermediate,61.57000000000001,-69.58594635535253,-69.58595157770417,-69.61842618139858,1.9280698633073284e-06
intermediate,61.580000000000005,-69.58606503251862,-69.58607024646787,-69.61852985302356,1.921653663370459e-06
intermediate,61.59,-69.58618367000491,-69.586188875577,-69.61863349984218,1.9152588151607308e-06
intermediate,61.6,-69.58630226783448,-69.58630746505449,-69.61873712185424,1.9088852476242087e-06
intermediate,61.61000000000001,-69.58642082603032,-69.58642601492329,-69.61884071905955,1.9025328899433996e-06
intermediate,61.620000000000005,-69.58653934461542,-69.58654452520629,-69.61894429145794,1.896201671536507e-06
intermediate,61.63,-69.58665782361273,-69.58666299592637,-69.61904783904924,1.8898915220565842e-06
intermediate,61.64000000000001,-69.58677626304518,-69.58678142710637,-69.61915136183335,1.8836023713907874e-06
intermediate,61.650000000000006,-69.58689466293569,-69.58689981876911,-69.6192548598101,1.8773341496596137e-06
intermediate,61.660000000000004,-69.5870130233071,-69.58701817093738,-69.61935833297939,1.8710867872160838e-06
intermediate,61.67,-69.58713134418227,-69.58713648363396,-69.61946178134112,1.8648602146449953e-06
intermediate,61.68000000000001,-69.58724962558401,-69.58725475688158,-69.61956520489518,1.8586543627621337e-06
intermediate,61.690000000000005,-69.58736786753512,-69.58737299070293,-69.61966860364151,1.852469162613546e-06
intermediate,61.7,-69.58748607005836,-69.58749118512071,-69.61977197758003,1.8463045454747125e-06
intermediate,61.71000000000001,-69.58760423317649,-69.58760934015758,-69.61987532671067,1.8401604428498166e-06
intermediate,61.720000000000006,-69.58772235691214,-69.58772745583614,-69.6199786510334,1.834036786471002e-06
intermediate,61.730000000000004,-69.58784044128811,-69.58784553217905,-69.6200819505482,1.8279335082975725e-06
intermediate,61.74,-69.58795848632691,-69.58796356920881,-69.62018522525503,1.8218505405152635e-06
intermediate,61.75000000000001,-69.58807649205127,-69.588081566948,-69.62028847515388,1.8157878155354711e-06
intermediate,61.760000000000005,-69.58819445848377,-69.58819952541918,-69.62039170024481,1.8097452659945425e-06
intermediate,61.77,-69.58831238564697,-69.5883174446448,-69.62049490052779,1.8037228247529657e-06
intermediate,61.78000000000001,-69.58843027356345,-69.58843532464734,-69.62059807600286,1.7977204248946586e-06
intermediate,61.790000000000006,-69.58854812225563,-69.58855316544923,-69.62070122667006,1.791737999726241e-06
intermediate,61.800000000000004,-69.58866593174612,-69.58867096707289,-69.62080435252946,1.7857754827762535e-06
intermediate,61.81,-69.58878370205733,-69.58878872954072,-69.62090745358111,1.7798328077944472e-06
intermediate,61.82000000000001,-69.58890143321167,-69.58890645287507,-69.6210105298251,1.773909908751029e-06
intermediate,61.830000000000005,-69.5890191252316,-69.58902413709826,-69.62111358126151,1.7680067198359677e-06
intermediate,61.84,-69.58913677813949,-69.58914178223263,-69.62121660789046,1.7621231754582047e-06
intermediate,61.85,-69.5892543919577,-69.58925938830045,-69.62131960971205,1.7562592102449648e-06
intermediate,61.86000000000001,-69.58937196670855,-69.58937695532397,-69.62142258672641,1.750414759041009e-06
intermediate,61.87000000000001,-69.58948950241437,-69.58949448332542,-69.62152553893368,1.744589756907952e-06
intermediate,61.88,-69.5896069990974,-69.58961197232702,-69.62162846633402,1.738784139123473e-06
intermediate,61.89000000000001,-69.5897244567799,-69.58972942235091,-69.62173136892758,1.7329978411806413e-06
intermediate,61.900000000000006,-69.58984187548414,-69.58984683341927,-69.62183424671457,1.7272307987872168e-06
intermediate,61.910000000000004,-69.58995925523227,-69.58996420555421,-69.62193709969515,1.721482947864882e-06
intermediate,61.92,-69.59007659604646,-69.59008153877784,-69.6220399278695,1.7157542245485677e-06
intermediate,61.93000000000001,-69.59019389794886,-69.59019883311223,-69.62214273123786,1.7100445651857242e-06
intermediate,61.940000000000005,-69.59031116096162,-69.59031608857941,-69.62224550980044,1.7043539063356514e-06
intermediate,61.95,-69.59042838510683,-69.59043330520142,-69.62234826355747,1.6986821847687393e-06
intermediate,61.96000000000001,-69.59054557040655,-69.59055048300024,-69.62245099250921,1.693029337465795e-06
intermediate,61.970000000000006,-69.59066271688279,-69.59066762199784,-69.62255369665591,1.6873953016173574e-06
intermediate,61.980000000000004,-69.5907798245576,-69.59078472221618,-69.62265637599785,1.6817800146229644e-06
intermediate,61.99,-69.59089689345296,-69.59090178367715,-69.6227590305353,1.6761834140904806e-06
intermediate,62.00000000000001,-69.59101392359081,-69.59101880640266,-69.62286166026857,1.670605437835389e-06
intermediate,62.010000000000005,-69.59113091499313,-69.59113579041455,-69.62296426519794,1.6650460238801366e-06
intermediate,62.02,-69.59124786768179,-69.59125273573468,-69.62306684532373,1.6595051104533905e-06
intermediate,62.03,-69.59136478167869,-69.59136964238486,-69.6231694006463,1.6539826359893895e-06
intermediate,62.040000000000006,-69.5914816570057,-69.59148651038689,-69.62327193116596,1.6484785391272431e-06
intermediate,62.05000000000001,-69.59159849368463,-69.59160333976249,-69.62337443688307,1.6429927587102746e-06
intermediate,62.06,-69.59171529173732,-69.59172013053345,-69.62347691779799,1.637525233785306e-06
intermediate,62.07000000000001,-69.59183205118553,-69.59183688272145,-69.6235793739111,1.6320759036019958e-06
intermediate,62.080000000000005,-69.59194877205103,-69.59195359634819,-69.62368180522279,1.6266447076121917e-06
intermediate,62.09,-69.59206545435552,-69.59207027143532,-69.62378421173344,1.6212315854692075e-06
intermediate,62.1,-69.59218209812074,-69.59218690800448,-69.62388659344346,1.615836477027185e-06
intermediate,62.11000000000001,-69.59229870336834,-69.59230350607727,-69.62398895035328,1.6104593223404148e-06
intermediate,62.12000000000001,-69.59241527012,-69.59242006567527,-69.62409128246334,1.6051000616626891e-06
intermediate,62.13,-69.59253179839735,-69.59253658682006,-69.62419358977408,1.5997586354466065e-06
intermediate,62.14000000000001,-69.59264828822194,-69.59265306953316,-69.62429587228593,1.594434984342923e-06
intermediate,62.150000000000006,-69.59276473961542,-69.5927695138361,-69.62439812999939,1.5891290491999222e-06
intermediate,62.160000000000004,-69.59288115259929,-69.59288591975033,-69.62450036291492,1.5838407710627062e-06
intermediate,62.17,-69.59299752719511,-69.59300228729732,-69.62460257103301,1.5785700911725743e-06
intermediate,62.18000000000001,-69.59311386342436,-69.59311861649851,-69.62470475435416,1.573316950966357e-06
intermediate,62.190000000000005,-69.59323016130851,-69.59323490737532,-69.62480691287888,1.5680812920757868e-06
intermediate,62.2,-69.59334642086904,-69.59335115994911,-69.62490904660768,1.5628630563268166e-06
intermediate,62.21000000000001,-69.59346264212734,-69.59346737424123,-69.62501115554113,1.5576621857389872e-06
intermediate,62.220000000000006,-69.59357882510483,-69.59358355027304,-69.62511323967975,1.552478622524811e-06
intermediate,62.230000000000004,-69.59369496982289,-69.59369968806584,-69.62521529902409,1.547312309089079e-06
intermediate,62.24,-69.59381107630284,-69.5938157876409,-69.62531733357471,1.5421631880282559e-06
intermediate,62.25000000000001,-69.59392714456607,-69.59393184901951,-69.62541934333221,1.5370312021298266e-06
intermediate,62.260000000000005,-69.59404317463384,-69.59404787222289,-69.62552132829718,1.5319162943716845e-06
intermediate,62.27,-69.59415916652742,-69.59416385727222,-69.6256232884702,1.526818407921462e-06
intermediate,62.28,-69.59427512026805,-69.59427980418873,-69.62572522385189,1.5217374861359247e-06
intermediate,62.290000000000006,-69.59439103587698,-69.59439571299355,-69.62582713444286,1.5166734725603254e-06
intermediate,62.30000000000001,-69.59450691337541,-69.59451158370781,-69.62592902024376,1.5116263109278105e-06
intermediate,62.31,-69.59462275278452,-69.59462741635265,-69.62603088125523,1.5065959451587468e-06
intermediate,62.32000000000001,-69.59473855412541,-69.59474321094913,-69.62613271747792,1.5015823193601238e-06
intermediate,62.330000000000005,-69.59485431741928,-69.59485896751833,-69.6262345289125,1.4965853778249474e-06
intermediate,62.34,-69.5949700426872,-69.5949746860813,-69.62633631555966,1.491605065031588e-06
intermediate,62.35,-69.59508572995027,-69.59509036665905,-69.62643807742008,1.4866413256431864e-06
intermediate,62.36000000000001,-69.5952013792295,-69.59520600927253,-69.62653981449444,1.4816941045070226e-06
intermediate,62.370000000000005,-69.59531699054595,-69.59532161394274,-69.62664152678346,1.4767633466539387e-06
intermediate,62.38,-69.59543256392062,-69.59543718069062,-69.62674321428786,1.471848997297677e-06
intermediate,62.39000000000001,-69.59554809937448,-69.59555270953707,-69.62684487700837,1.4669510018343007e-06
intermediate,62.400000000000006,-69.59566359692849,-69.59566820050298,-69.62694651494571,1.4620693058415972e-06
intermediate,62.410000000000004,-69.59577905660356,-69.59578365360923,-69.6270481281007,1.4572038550784453e-06
intermediate,62.42,-69.59589447842063,-69.59589906887666,-69.62714971647404,1.4523545954842303e-06
intermediate,62.43000000000001,-69.59600986240058,-69.59601444632608,-69.62725128006652,1.4475214731782329e-06
intermediate,62.440000000000005,-69.59612520856425,-69.59612978597832,-69.62735281887893,1.442704434459059e-06
intermediate,62.45,-69.59624051693248,-69.59624508785411,-69.62745433291207,1.4379034258040004e-06
intermediate,62.46000000000001,-69.5963557875261,-69.59636035197423,-69.62755582216671,1.4331183938684578e-06
intermediate,62.470000000000006,-69.59647102036588,-69.59647557835937,-69.62765728664372,1.4283492854853769e-06
intermediate,62.48000000000001,-69.59658621547257,-69.59659076703028,-69.62775872634388,1.4235960476646098e-06
intermediate,62.49,-69.59670137286692,-69.59670591800759,-69.62786014126807,1.4188586275923494e-06
intermediate,62.5,-69.59681649256963,-69.59682103131196,-69.62796153141711,1.4141369726305483e-06
intermediate,62.51000000000001,-69.59693157460141,-69.59693610696402,-69.62806289679186,1.4094310303163176e-06
intermediate,62.52,-69.5970466189829,-69.59705114498439,-69.62816423739318,1.404740748361376e-06
intermediate,62.53,-69.59716162573477,-69.59716614539364,-69.628265553222,1.400066074651424e-06
intermediate,62.54,-69.59727659487761,-69.59728110821233,-69.62836684427914,1.395406957245594e-06
intermediate,62.55000000000001,-69.59739152643205,-69.59739603346098,-69.62846811056554,1.3907633443758602e-06
intermediate,62.56,-69.59750642041863,-69.59751092116012,-69.6285693520821,1.3861351844464904e-06
intermediate,62.57,-69.59762127685791,-69.59762577133024,-69.62867056882973,1.3815224260334308e-06
intermediate,62.58000000000001,-69.5977360957704,-69.5977405839918,-69.6287717608094,1.3769250178837574e-06
intermediate,62.59,-69.59785087717663,-69.59785535916522,-69.62887292802202,1.3723429089151204e-06
intermediate,62.6,-69.59796562109705,-69.59797009687094,-69.62897407046854,1.3677760482151457e-06
intermediate,62.61,-69.59808032755211,-69.59808479712936,-69.62907518814994,1.3632243850408894e-06
intermediate,62.62000000000001,-69.59819499656227,-69.59819945996081,-69.62917628106719,1.3586878688182625e-06
intermediate,62.63,-69.59830962814787,-69.59831408538567,-69.62927734922124,1.354166449141497e-06
intermediate,62.64,-69.59842422232937,-69.59842867342425,-69.62937839261313,1.3496600757725424e-06
intermediate,62.65000000000001,-69.59853877912708,-69.59854322409686,-69.62947941124384,1.3451686986405325e-06
intermediate,62.66000000000001,-69.59865329856135,-69.59865773742375,-69.62958040511438,1.3406922678412404e-06
intermediate,62.67,-69.59876778065247,-69.5987722134252,-69.62968137422578,1.3362307336364955e-06
intermediate,62.68,-69.59888222542074,-69.59888665212144,-69.62978231857907,1.3317840464536489e-06
intermediate,62.69000000000001,-69.59899663288645,-69.59900105353267,-69.6298832381753,1.3273521568850133e-06
intermediate,62.7,-69.59911100306981,-69.59911541767907,-69.62998413301553,1.3229350156873392e-06
intermediate,62.71,-69.59922533599105,-69.59922974458081,-69.63008500310079,1.3185325737812274e-06
intermediate,62.72000000000001,-69.59933963167038,-69.59934403425804,-69.63018584843219,1.3141447822506073e-06
intermediate,62.73000000000001,-69.59945389012793,-69.59945828673084,-69.63028666901081,1.3097715923422034e-06
intermediate,62.74,-69.5995681113839,-69.59957250201933,-69.63038746483774,1.3054129554649672e-06
intermediate,62.75,-69.59968229545838,-69.59968668014356,-69.63048823591407,1.3010688231895552e-06
intermediate,62.76000000000001,-69.59979644237148,-69.5998008211236,-69.63058898224094,1.2967391472477794e-06
intermediate,62.77,-69.59991055214329,-69.59991492497946,-69.63068970381944,1.292423879532099e-06
intermediate,62.78,-69.60002462479386,-69.60002899173114,-69.63079040065074,1.288122972095043e-06
intermediate,62.79,-69.60013866034323,-69.60014302139862,-69.63089107273596,1.2838363771487068e-06
intermediate,62.80000000000001,-69.60025265881143,-69.60025701400187,-69.63099172007625,1.2795640470642097e-06
intermediate,62.81,-69.60036662021838,-69.6003709695608,-69.6310923426728,1.2753059343711817e-06
intermediate,62.82,-69.60048054458412,-69.60048488809534,-69.63119294052676,1.271061991757212e-06
intermediate,62.83000000000001,-69.60059443192857,-69.60059876962536,-69.63129351363932,1.2668321720673314e-06
intermediate,62.84,-69.60070828227161,-69.60071261417073,-69.63139406201168,1.2626164283035138e-06
intermediate,62.85,-69.60082209563322,-69.60082642175132,-69.63149458564503,1.258414713624112e-06
intermediate,62.86,-69.60093587203319,-69.60094019238693,-69.6315950845406,1.2542269813433636e-06
intermediate,62.87000000000001,-69.60104961149143,-69.60105392609735,-69.63169555869959,1.2500531849308626e-06
intermediate,62.88,-69.60116331402776,-69.60116762290237,-69.63179600812325,1.2458932780110593e-06
intermediate,62.89,-69.60127697966196,-69.60128128282173,-69.63189643281281,1.2417472143627182e-06
intermediate,62.90000000000001,-69.60139060841384,-69.60139490587517,-69.63199683276953,1.2376149479184166e-06
intermediate,62.91000000000001,-69.60150420030314,-69.60150849208239,-69.63209720799466,1.2334964327640533e-06
intermediate,62.92,-69.60161775534962,-69.60162204146309,-69.6321975584895,1.2293916231382998e-06
intermediate,62.93,-69.60173127357298,-69.6017355540369,-69.6322978842553,1.2253004734321184e-06
intermediate,62.94000000000001,-69.60184475499292,-69.60184902982351,-69.63239818529335,1.2212229381882432e-06
intermediate,62.95,-69.60195819962914,-69.60196246884253,-69.63249846160497,1.217158972100694e-06
intermediate,62.96,-69.60207160750124,-69.60207587111353,-69.63259871319146,1.213108530014246e-06
intermediate,62.97000000000001,-69.60218497862891,-69.60218923665609,-69.63269894005414,1.2090715669239384e-06
intermediate,62.98000000000001,-69.60229831303172,-69.60230256548981,-69.63279914219433,1.2050480379745984e-06
intermediate,62.99,-69.60241161072925,-69.60241585763417,-69.63289931961337,1.2010378984602998e-06
intermediate,63.0,-69.60252487174107,-69.6025291131087,-69.63299947231262,1.197041103823896e-06
intermediate,63.01000000000001,-69.60263809608672,-69.60264233193288,-69.63309960029343,1.1930576096565125e-06
intermediate,63.02,-69.6027512837857,-69.60275551412619,-69.63319970355715,1.1890873716970704e-06
intermediate,63.03,-69.60286443485751,-69.60286865970807,-69.63329978210517,1.1851303458317694e-06
intermediate,63.04,-69.60297754932166,-69.60298176869793,-69.63339983593887,1.1811864880936144e-06
intermediate,63.05000000000001,-69.60309062719759,-69.60309484111518,-69.63349986505965,1.177255754661918e-06
intermediate,63.06,-69.60320366850469,-69.6032078769792,-69.63359986946892,1.1733381018618354e-06
intermediate,63.07,-69.60331667326238,-69.60332087630933,-69.63369984916808,1.1694334861638449e-06
intermediate,63.08000000000001,-69.60342964149008,-69.60343383912493,-69.63379980415856,1.1655418641832832e-06
intermediate,63.09000000000001,-69.60354257320712,-69.60354676544529,-69.63389973444178,1.1616631926798745e-06
intermediate,63.1,-69.60365546843286,-69.60365965528972,-69.63399964001921,1.1577974285572248e-06
intermediate,63.11,-69.60376832718663,-69.6037725086775,-69.63409952089226,1.1539445288623594e-06
intermediate,63.12000000000001,-69.60388114948768,-69.60388532562784,-69.6341993770624,1.150104450785236e-06
intermediate,63.13,-69.60399393535535,-69.60399810616,-69.63429920853113,1.146277151658293e-06
intermediate,63.14,-69.60410668480885,-69.6041108502932,-69.6343990152999,1.1424625889559392e-06
intermediate,63.15000000000001,-69.60421939786745,-69.60422355804658,-69.6344987973702,1.1386607202940994e-06
intermediate,63.16000000000001,-69.60433207455033,-69.60433622943933,-69.63459855474352,1.134871503429761e-06
intermediate,63.17,-69.60444471487669,-69.60444886449058,-69.63469828742137,1.1310948962604698e-06
intermediate,63.18,-69.6045573188657,-69.60456146321945,-69.63479799540528,1.1273308568238872e-06
intermediate,63.19000000000001,-69.60466988653651,-69.60467402564507,-69.63489767869676,1.1235793432973035e-06
intermediate,63.2,-69.60478241790828,-69.60478655178648,-69.63499733729735,1.119840313997211e-06
intermediate,63.21,-69.60489491300007,-69.60489904166275,-69.63509697120857,1.116113727378795e-06
intermediate,63.22,-69.60500737183094,-69.60501149529293,-69.635196580432,1.112399542035499e-06
intermediate,63.23000000000001,-69.60511979442,-69.605123912696,-69.63529616496918,1.1086977166985532e-06
intermediate,63.24,-69.6052321807863,-69.60523629389098,-69.63539572482168,1.1050082102365385e-06
intermediate,63.25,-69.60534453094883,-69.60534863889684,-69.63549525999107,1.1013309816548947e-06
intermediate,63.26000000000001,-69.6054568449266,-69.60546094773251,-69.63559477047897,1.0976659900954851e-06
intermediate,63.27000000000001,-69.60556912273857,-69.60557322041696,-69.63569425628695,1.0940131948361511e-06
intermediate,63.28,-69.60568136440372,-69.60568545696904,-69.63579371741662,1.090372555290237e-06
intermediate,63.29,-69.60579356994097,-69.60579765740769,-69.63589315386959,1.0867440310061548e-06
intermediate,63.30000000000001,-69.60590573936922,-69.60590982175175,-69.63599256564748,1.0831275816669256e-06
intermediate,63.31,-69.6060178727074,-69.60602195002008,-69.63609195275193,1.079523167089753e-06
intermediate,63.32,-69.60612996997438,-69.60613404223152,-69.63619131518458,1.0759307472255428e-06
intermediate,63.33000000000001,-69.60624203118897,-69.60624609840482,-69.63629065294708,1.0723502821584783e-06
intermediate,63.34000000000001,-69.60635405637001,-69.6063581185588,-69.63638996604108,1.0687817321055855e-06
intermediate,63.35,-69.60646604553637,-69.60647010271225,-69.63648925446823,1.065225057416267e-06
intermediate,63.36,-69.60657799870674,-69.60658205088386,-69.63658851823025,1.0616802185718791e-06
intermediate,63.37000000000001,-69.60668991589993,-69.60669396309235,-69.63668775732879,1.058147176185281e-06
intermediate,63.38,-69.60680179713475,-69.60680583935648,-69.63678697176553,1.0546258910004216e-06
intermediate,63.39,-69.60691364242984,-69.60691767969489,-69.63688616154222,1.0511163238918677e-06
intermediate,63.40000000000001,-69.60702545180393,-69.60702948412623,-69.63698532666055,1.0476184358643893e-06
intermediate,63.41000000000001,-69.60713722527572,-69.60714125266917,-69.63708446712222,1.0441321880525357e-06
intermediate,63.42,-69.60724896286388,-69.60725298534229,-69.63718358292896,1.0406575417201805e-06
intermediate,63.43,-69.607360664587,-69.6073646821642,-69.63728267408253,1.037194458260106e-06
intermediate,63.44000000000001,-69.60747233046372,-69.6074763431535,-69.63738174058464,1.0337428991935665e-06
intermediate,63.45,-69.6075839605127,-69.60758796832872,-69.63748078243708,1.030302826169881e-06
intermediate,63.46,-69.60769555475247,-69.60769955770841,-69.63757979964159,1.0268742009659749e-06
intermediate,63.47,-69.60780711320156,-69.60781111131108,-69.63767879219994,1.0234569854859775e-06
intermediate,63.48000000000001,-69.60791863587856,-69.60792262915521,-69.63777776011393,1.0200511417607888e-06
intermediate,63.49,-69.60803012280198,-69.60803411125931,-69.63787670338532,1.0166566319476734e-06
intermediate,63.5,-69.60814157399034,-69.60814555764183,-69.63797562201593,1.0132734183298167e-06
intermediate,63.51000000000001,-69.60825298946207,-69.6082569683212,-69.63807451600755,1.0099014633159166e-06
intermediate,63.52000000000001,-69.60836436923567,-69.6083683433158,-69.638173385362,1.0065407294397817e-06
intermediate,63.53,-69.60847571332955,-69.60847968264406,-69.6382722300811,1.0031911793598849e-06
intermediate,63.54,-69.60858702176213,-69.60859098632434,-69.63837105016667,9.998527758589685e-07
intermediate,63.55000000000001,-69.60869829455184,-69.60870225437502,-69.63846984562055,9.965254818436223e-07
intermediate,63.56,-69.60880953171703,-69.6088134868144,-69.63856861644462,9.932092603438858e-07
intermediate,63.57,-69.60892073327602,-69.60892468366082,-69.6386673626407,9.89904074512816e-07
intermediate,63.58000000000001,-69.60903189924723,-69.60903584493254,-69.63876608421066,9.866098876260865e-07
intermediate,63.59000000000001,-69.60914302964892,-69.60914697064788,-69.63886478115637,9.833266630815968e-07
intermediate,63.6,-69.60925412449939,-69.60925806082504,-69.63896345347972,9.800543643990362e-07
intermediate,63.61,-69.60936518381693,-69.60936911548231,-69.63906210118259,9.76792955219496e-07
intermediate,63.62000000000001,-69.60947620761982,-69.60948013463788,-69.63916072426689,9.735423993050596e-07
intermediate,63.63,-69.60958719592625,-69.60959111830994,-69.63925932273452,9.703026605384122e-07
intermediate,63.64,-69.60969814875445,-69.60970206651666,-69.63935789658737,9.670737029224207e-07
intermediate,63.65000000000001,-69.60980906612265,-69.60981297927621,-69.6394564458274,9.638554905797389e-07
intermediate,63.66000000000001,-69.60991994804898,-69.60992385660673,-69.63955497045652,9.606479877524292e-07
intermediate,63.67,-69.61003079455158,-69.61003469852628,-69.63965347047667,9.574511588015335e-07
intermediate,63.68,-69.61014160564865,-69.61014550505303,-69.6397519458898,9.542649682066969e-07
intermediate,63.69000000000001,-69.6102523813583,-69.61025627620499,-69.63985039669785,9.510893805657655e-07
intermediate,63.70000000000001,-69.61036312169858,-69.61036701200027,-69.63994882290281,9.479243605944068e-07
intermediate,63.71,-69.61047382668758,-69.61047771245687,-69.64004722450662,9.447698731256955e-07
intermediate,63.72,-69.61058449634339,-69.61058837759285,-69.64014560151128,9.416258831097388e-07
intermediate,63.73000000000001,-69.61069513068404,-69.61069900742615,-69.64024395391877,9.384923556132772e-07
intermediate,63.74,-69.61080572972752,-69.61080960197478,-69.64034228173108,9.353692558193161e-07
intermediate,63.75,-69.61091629349183,-69.6109201612567,-69.64044058495023,9.322565490267093e-07
intermediate,63.76000000000001,-69.61102682199497,-69.61103068528983,-69.6405388635782,9.291542006497889e-07
intermediate,63.77000000000001,-69.61113731525491,-69.61114117409211,-69.64063711761703,9.260621762179954e-07
intermediate,63.78,-69.61124777328956,-69.61125162768144,-69.64073534706876,9.229804413754651e-07
intermediate,63.79,-69.61135819611687,-69.6113620460757,-69.6408335519354,9.199089618806697e-07
intermediate,63.80000000000001,-69.61146858375471,-69.61147242929273,-69.64093173221902,9.168477036060193e-07
intermediate,63.81,-69.61157893622101,-69.6115827773504,-69.64102988792163,9.137966325375131e-07
intermediate,63.82,-69.61168925353357,-69.61169309026651,-69.64112801904533,9.107557147743254e-07
intermediate,63.83000000000001,-69.61179953571029,-69.61180336805889,-69.64122612559217,9.077249165284445e-07
intermediate,63.84000000000001,-69.61190978276896,-69.6119136107453,-69.64132420756421,9.04704204124313e-07
intermediate,63.85,-69.61201999472736,-69.6120238183435,-69.64142226496357,9.016935439984242e-07
intermediate,63.86,-69.61213017160334,-69.61213399087126,-69.6415202977923,8.986929026989674e-07
intermediate,63.87000000000001,-69.61224031341462,-69.61224412834628,-69.64161830605255,8.957022468854497e-07
intermediate,63.88000000000001,-69.61235042017897,-69.6123542307863,-69.64171628974637,8.92721543328338e-07
intermediate,63.89,-69.61246049191408,-69.61246429820898,-69.6418142488759,8.897507589086701e-07
intermediate,63.9,-69.61257052863769,-69.61257433063199,-69.64191218344328,8.867898606176992e-07
intermediate,63.91000000000001,-69.61268053036748,-69.61268432807299,-69.6420100934506,8.838388155565204e-07
intermediate,63.92,-69.61279049712111,-69.61279429054962,-69.64210797890003,8.808975909357235e-07
intermediate,63.93,-69.61290042891626,-69.61290421807949,-69.64220583979369,8.779661540749996e-07
intermediate,63.94000000000001,-69.61301032577053,-69.61301411068018,-69.64230367613376,8.750444724027949e-07
intermediate,63.95000000000001,-69.61312018770158,-69.61312396836928,-69.64240148792238,8.721325134559558e-07
intermediate,63.96,-69.61323001472695,-69.61323379116433,-69.64249927516174,8.6923024487935e-07
intermediate,63.97,-69.61333980686423,-69.61334357908288,-69.642597037854,8.663376344255188e-07
intermediate,63.98000000000001,-69.61344956413099,-69.61345333214246,-69.64269477600135,8.634546499543119e-07
intermediate,63.99,-69.61355928654474,-69.61356305036054,-69.64279248960598,8.605812594325477e-07
intermediate,64.0,-69.61366897412303,-69.61367273375461,-69.64289017867007,8.577174309336311e-07
intermediate,64.01,-69.61377862688335,-69.61378238234214,-69.64298784319587,8.548631326372127e-07
intermediate,64.02000000000001,-69.61388824484317,-69.61389199614058,-69.64308548318556,8.520183328288437e-07
intermediate,64.03,-69.61399782801995,-69.61400157516734,-69.64318309864136,8.491829998996052e-07
intermediate,64.04,-69.61410737643115,-69.61411111943983,-69.64328068956551,8.463571023457686e-07
intermediate,64.05000000000001,-69.61421689009416,-69.61422062897543,-69.64337825596027,8.435406087684389e-07
intermediate,64.06,-69.61432636902644,-69.61433010379153,-69.64347579782785,8.407334878732226e-07
intermediate,64.07000000000001,-69.61443581324534,-69.61443954390546,-69.6435733151705,8.379357084698546e-07
intermediate,64.08000000000001,-69.61454522276821,-69.61454894933456,-69.64367080799052,8.35147239471865e-07
intermediate,64.09,-69.61465459761249,-69.61465832009617,-69.64376827629013,8.323680498962424e-07
intermediate,64.10000000000001,-69.61476393779542,-69.61476765620756,-69.64386572007164,8.295981088630711e-07
intermediate,64.11,-69.61487324333432,-69.614876957686,-69.6439631393373,8.268373855951997e-07
intermediate,64.12,-69.61498251424649,-69.61498622454873,-69.64406053408943,8.240858494178927e-07
intermediate,64.13000000000001,-69.61509175054927,-69.61509545681304,-69.6441579043303,8.213434697585065e-07
intermediate,64.14,-69.61520095225983,-69.61520465449611,-69.64425525006224,8.186102161461229e-07
intermediate,64.15,-69.61531011939543,-69.61531381761516,-69.64435257128757,8.158860582112296e-07
intermediate,64.16000000000001,-69.61541925197334,-69.61542294618738,-69.64444986800856,8.131709656853742e-07
intermediate,64.17,-69.6155283500107,-69.61553204022992,-69.64454714022759,8.104649084008398e-07
intermediate,64.18,-69.61563741352475,-69.61564109975996,-69.64464438794694,8.077678562902922e-07
intermediate,64.19000000000001,-69.6157464425326,-69.6157501247946,-69.644741611169,8.05079779386454e-07
intermediate,64.2,-69.61585543705144,-69.61585911535096,-69.6448388098961,8.024006478217849e-07
intermediate,64.21000000000001,-69.61596439709835,-69.61596807144613,-69.64493598413058,7.997304318281244e-07
intermediate,64.22,-69.61607332269051,-69.6160769930972,-69.64503313387483,7.970691017363787e-07
intermediate,64.23,-69.61618221384497,-69.61618588032121,-69.64513025913122,7.94416627976183e-07
intermediate,64.24000000000001,-69.6162910705788,-69.61629473313523,-69.6452273599021,7.917729810755851e-07
intermediate,64.25,-69.61639989290906,-69.61640355155625,-69.64532443618987,7.891381316607006e-07
intermediate,64.26,-69.61650868085282,-69.61651233560129,-69.64542148799693,7.865120504553934e-07
intermediate,64.27000000000001,-69.61661743442706,-69.61662108528733,-69.64551851532568,7.838947082809651e-07
intermediate,64.28,-69.6167261536488,-69.61672980063135,-69.64561551817849,7.812860760558045e-07
intermediate,64.29,-69.616834838535,-69.61683848165028,-69.64571249655782,7.786861247950825e-07
intermediate,64.30000000000001,-69.61694348910267,-69.61694712836108,-69.64580945046606,7.760948256104222e-07
intermediate,64.31,-69.61705210536873,-69.61705574078061,-69.64590637990565,7.735121497095893e-07
intermediate,64.32000000000001,-69.61716068735011,-69.61716431892584,-69.64600328487903,7.709380683961554e-07
intermediate,64.33000000000001,-69.61726923506373,-69.6172728628136,-69.64610016538863,7.683725530691867e-07
intermediate,64.34,-69.6173777485265,-69.61738137246077,-69.64619702143692,7.658155752229392e-07
intermediate,64.35000000000001,-69.61748622775524,-69.61748984788419,-69.64629385302632,7.632671064465173e-07
intermediate,64.36,-69.61759467276687,-69.61759828910067,-69.64639066015933,7.60727118423575e-07
intermediate,64.37,-69.6177030835782,-69.61770669612704,-69.64648744283839,7.581955829319933e-07
intermediate,64.38000000000001,-69.61781146020607,-69.61781506898008,-69.646584201066,7.556724718435818e-07
intermediate,64.39,-69.61791980266726,-69.61792340767656,-69.64668093484465,7.531577571237431e-07
intermediate,64.4,-69.61802811097857,-69.61803171223323,-69.64677764417681,7.506514108311776e-07
intermediate,64.41000000000001,-69.61813638515679,-69.61813998266685,-69.64687432906497,7.481534051175612e-07
intermediate,64.42,-69.61824462521865,-69.61824821899411,-69.64697098951166,7.456637122272582e-07
intermediate,64.43,-69.6183528311809,-69.61835642123174,-69.64706762551938,7.431823044969847e-07
intermediate,64.44000000000001,-69.61846100306023,-69.61846458939641,-69.64716423709065,7.407091543555143e-07
intermediate,64.45,-69.61856914087338,-69.6185727235048,-69.64726082422801,7.382442343233833e-07
intermediate,64.46000000000001,-69.61867724463703,-69.61868082357356,-69.64735738693396,7.357875170125622e-07
intermediate,64.47,-69.6187853143678,-69.61878888961931,-69.64745392521107,7.333389751261666e-07
intermediate,64.48,-69.61889335008236,-69.61889692165866,-69.64755043906189,7.308985814581477e-07
intermediate,64.49000000000001,-69.61900135179732,-69.61900491970822,-69.64764692848894,7.284663088930005e-07
intermediate,64.5,-69.61910931952936,-69.61911288378458,-69.64774339349479,7.260421304054466e-07
intermediate,64.51,-69.619217253295,-69.6192208139043,-69.64783983408203,7.236260190601408e-07
intermediate,64.52000000000001,-69.61932515311086,-69.6193287100839,-69.64793625025321,7.212179480113841e-07
intermediate,64.53,-69.61943301899349,-69.61943657233994,-69.64803264201095,7.188178905028031e-07
intermediate,64.54,-69.61954085095942,-69.61954440068891,-69.64812900935779,7.164258198670673e-07
intermediate,64.55000000000001,-69.61964864902518,-69.61965219514731,-69.64822535229632,7.140417095255872e-07
intermediate,64.56,-69.61975641320731,-69.61975995573162,-69.64832167082919,7.11665532988228e-07
intermediate,64.57000000000001,-69.61986414352224,-69.6198676824583,-69.64841796495898,7.092972638530017e-07
intermediate,64.58,-69.6199718399865,-69.6199753753438,-69.64851423468829,7.069368758057819e-07
intermediate,64.59,-69.62007950261655,-69.62008303440454,-69.64861048001977,7.045843426200071e-07
intermediate,64.60000000000001,-69.62018713142876,-69.62019065965694,-69.64870670095604,7.022396381564029e-07
intermediate,64.61,-69.62029472643961,-69.62029825111738,-69.6488028974997,6.999027363626697e-07
intermediate,64.62,-69.62040228766553,-69.62040580880223,-69.64889906965345,6.975736112732051e-07
intermediate,64.63000000000001,-69.62050981512284,-69.62051333272785,-69.6489952174199,6.952522370088229e-07
intermediate,64.64,-69.62061730882793,-69.6206208229106,-69.6490913408017,6.92938587776449e-07
intermediate,64.65,-69.62072476879719,-69.62072827936677,-69.64918743980152,6.906326378688461e-07
intermediate,64.66000000000001,-69.62083219504692,-69.6208357021127,-69.64928351442202,6.883343616643211e-07
intermediate,64.67,-69.62093958759347,-69.62094309116466,-69.6493795646659,6.860437336264555e-07
intermediate,64.68,-69.62104694645313,-69.62105044653894,-69.64947559053583,6.837607283037995e-07
intermediate,64.69000000000001,-69.62115427164217,-69.6211577682518,-69.64957159203449,6.81485320329601e-07
intermediate,64.7,-69.62126156317689,-69.62126505631946,-69.64966756916455,6.792174844215309e-07
intermediate,64.71000000000001,-69.6213688210735,-69.62137231075815,-69.64976352192873,6.769571953813868e-07
intermediate,64.72,-69.6214760453483,-69.62147953158409,-69.64985945032979,6.747044280948225e-07
intermediate,64.73,-69.62158323601746,-69.62158671881343,-69.64995535437036,6.724591575310638e-07
intermediate,64.74000000000001,-69.62169039309718,-69.6216938724624,-69.6500512340532,6.702213587426441e-07
intermediate,64.75,-69.62179751660368,-69.62180099254712,-69.65014708938102,6.679910068651054e-07
intermediate,64.76,-69.62190460655313,-69.62190807908375,-69.65024292035659,6.657680771167355e-07
intermediate,64.77000000000001,-69.62201166296163,-69.62201513208839,-69.6503387269826,6.635525447982963e-07
intermediate,64.78,-69.62211868584535,-69.62212215157714,-69.65043450926183,6.613443852927372e-07
intermediate,64.79,-69.6222256752204,-69.62222913756614,-69.650530267197,6.591435740649298e-07
intermediate,64.80000000000001,-69.62233263110289,-69.62233609007141,-69.65062600079091,6.569500866613897e-07
intermediate,64.81,-69.62243955350893,-69.62244300910903,-69.6507217100463,6.547638987100192e-07
intermediate,64.82000000000001,-69.62254644245452,-69.62254989469506,-69.65081739496593,6.525849859198151e-07
intermediate,64.83,-69.62265329795581,-69.6226567468455,-69.65091305555259,6.50413324080613e-07
intermediate,64.84,-69.62276012002874,-69.62276356557635,-69.65100869180908,6.482488890628118e-07
intermediate,64.85000000000001,-69.62286690868939,-69.62287035090363,-69.65110430373817,6.460916568171163e-07
intermediate,64.86,-69.62297366395374,-69.62297710284328,-69.65119989134264,6.439416033742547e-07
intermediate,64.87,-69.62308038583778,-69.62308382141129,-69.65129545462531,6.417987048447187e-07
intermediate,64.88000000000001,-69.62318707435749,-69.62319050662359,-69.65139099358899,6.396629374185096e-07
intermediate,64.89,-69.6232937295288,-69.6232971584961,-69.65148650823652,6.375342773648525e-07
intermediate,64.9,-69.62340035136769,-69.62340377704474,-69.65158199857069,6.354127010319475e-07
intermediate,64.91000000000001,-69.62350693989005,-69.62351036228542,-69.65167746459433,6.332981848467e-07
intermediate,64.92,-69.62361349511177,-69.62361691423396,-69.65177290631027,6.311907053144684e-07
intermediate,64.93,-69.62372001704878,-69.62372343290627,-69.65186832372136,6.290902390187895e-07
intermediate,64.94000000000001,-69.62382650571693,-69.62382991831821,-69.65196371683045,6.269967626211242e-07
intermediate,64.95,-69.62393296113206,-69.62393637048555,-69.6520590856404,6.249102528606086e-07
intermediate,64.96000000000001,-69.62403938331,-69.62404278942415,-69.65215443015404,6.22830686553776e-07
intermediate,64.97,-69.62414577226664,-69.62414917514978,-69.65224975037425,6.207580405943129e-07
intermediate,64.98,-69.62425212801776,-69.62425552767824,-69.65234504630389,6.186922919527951e-07
intermediate,64.99000000000001,-69.6243584505791,-69.6243618470253,-69.65244031794587,6.166334176764452e-07
intermediate,65.0,-69.62446473996648,-69.62446813320668,-69.65253556530304,6.145813948888578e-07
intermediate,65.01000000000002,-69.6245709961957,-69.62457438623815,-69.6526307883783,6.125362007897568e-07
intermediate,65.02000000000001,-69.62467721928243,-69.62468060613539,-69.65272598717455,6.104978126547461e-07
intermediate,65.03,-69.62478340924243,-69.62478679291412,-69.65282116169466,6.084662078350457e-07
intermediate,65.04,-69.6248895660914,-69.62489294659001,-69.65291631194158,6.064413637572478e-07
intermediate,65.05000000000001,-69.62499568984504,-69.62499906717875,-69.65301143791821,6.04423257923061e-07
intermediate,65.06,-69.62510178051906,-69.625105154696,-69.65310653962744,6.024118679090727e-07
intermediate,65.07000000000001,-69.62520783812906,-69.62521120915737,-69.65320161707224,6.004071713664811e-07
intermediate,65.08,-69.62531386269073,-69.62531723057847,-69.65329667025551,5.984091460208595e-07
intermediate,65.09,-69.62541985421969,-69.62542321897496,-69.65339169918019,5.964177696719034e-07
intermediate,65.10000000000001,-69.62552581273155,-69.62552917436238,-69.65348670384925,5.94433020193193e-07
intermediate,65.11,-69.62563173824198,-69.62563509675633,-69.65358168426562,5.924548755319336e-07
intermediate,65.12,-69.62573763076645,-69.62574098617236,-69.65367664043225,5.904833137087167e-07
intermediate,65.13000000000001,-69.62584349032058,-69.625846842626,-69.6537715723521,5.885183128172857e-07
intermediate,65.14,-69.62594931691993,-69.62595266613279,-69.65386648002814,5.86559851024274e-07
intermediate,65.15,-69.62605511058004,-69.62605845670825,-69.65396136346334,5.84607906568975e-07
intermediate,65.16000000000001,-69.62616087131639,-69.62616421436785,-69.6540562226607,5.826624577630947e-07
intermediate,65.17,-69.62626659914456,-69.6262699391271,-69.65415105762318,5.807234829905194e-07
intermediate,65.18,-69.62637229407999,-69.62637563100147,-69.65424586835378,5.787909607070631e-07
intermediate,65.19000000000001,-69.62647795613816,-69.62648129000638,-69.6543406548555,5.768648694402326e-07
intermediate,65.2,-69.62658358533454,-69.6265869161573,-69.65443541713132,5.749451877890005e-07
intermediate,65.21000000000001,-69.62668918168458,-69.62669250946959,-69.65453015518429,5.73031894423548e-07
intermediate,65.22,-69.62679474520365,-69.6267980699587,-69.65462486901738,5.7112496808504e-07
intermediate,65.23,-69.62690027590723,-69.62690359763998,-69.65471955863364,5.692243875853843e-07
intermediate,65.24000000000001,-69.62700577381068,-69.62700909252884,-69.65481422403607,5.673301318070047e-07
intermediate,65.25,-69.6271112389294,-69.62711455464063,-69.65490886522774,5.654421797025928e-07
intermediate,65.26,-69.62721667127875,-69.62721998399068,-69.65500348221164,5.635605102948839e-07
intermediate,65.27000000000001,-69.62732207087407,-69.62732538059431,-69.65509807499083,5.616851026764178e-07
intermediate,65.28,-69.6274274377307,-69.62743074446684,-69.65519264356837,5.598159360093183e-07
intermediate,65.29,-69.62753277186398,-69.62753607562357,-69.65528718794731,5.579529895250453e-07
intermediate,65.30000000000001,-69.62763807328916,-69.62764137407976,-69.65538170813069,5.560962425241719e-07
intermediate,65.31,-69.62774334202159,-69.62774663985068,-69.6554762041216,5.542456743761608e-07
intermediate,65.32000000000001,-69.6278485780765,-69.62785187295161,-69.6555706759231,5.524012645191226e-07
intermediate,65.33,-69.62795378146917,-69.62795707339775,-69.65566512353826,5.505629924595954e-07
intermediate,65.34,-69.62805895221486,-69.62806224120432,-69.65575954697016,5.487308377723126e-07
intermediate,65.35000000000001,-69.62816409032877,-69.62816737638656,-69.65585394622191,5.469047800999865e-07
intermediate,65.36,-69.62826919582609,-69.62827247895962,-69.65594832129658,5.45084799153066e-07
intermediate,65.37,-69.62837426872207,-69.62837754893867,-69.65604267219729,5.432708747095199e-07
intermediate,65.38000000000001,-69.62847930903187,-69.62848258633892,-69.65613699892711,5.414629866146172e-07
intermediate,65.39,-69.62858431677063,-69.62858759117543,-69.6562313014892,5.396611147806919e-07
intermediate,65.4,-69.62868929195353,-69.62869256346339,-69.65632557988663,5.378652391869272e-07
intermediate,65.41000000000001,-69.62879423459573,-69.62879750321792,-69.65641983412254,5.36075339879129e-07
intermediate,65.42,-69.62889914471229,-69.62890241045406,-69.65651406420008,5.34291396969514e-07
intermediate,65.43,-69.62900402231837,-69.62900728518694,-69.65660827012235,5.325133906364731e-07
intermediate,65.44000000000001,-69.62910886742901,-69.62911212743163,-69.6567024518925,5.307413011243605e-07
intermediate,65.45,-69.62921368005934,-69.62921693720315,-69.65679660951366,5.289751087432779e-07
intermediate,65.46000000000001,-69.6293184602244,-69.62932171451658,-69.656890742989,5.272147938688462e-07
intermediate,65.47,-69.62942320793924,-69.62942645938692,-69.65698485232164,5.254603369419922e-07
intermediate,65.48,-69.62952792321889,-69.62953117182919,-69.65707893751478,5.237117184687297e-07
intermediate,65.49000000000001,-69.62963260607835,-69.62963585185835,-69.65717299857157,5.21968919019952e-07
intermediate,65.5,-69.62973725653262,-69.6297404994894,-69.65726703549517,5.202319192312004e-07
intermediate,65.51,-69.6298418745967,-69.62984511473732,-69.65736104828878,5.185006998024589e-07
intermediate,65.52000000000001,-69.62994646028558,-69.62994969761705,-69.65745503695555,5.167752414979366e-07
intermediate,65.53,-69.63005101361422,-69.63005424814352,-69.65754900149871,5.150555251458606e-07
intermediate,65.54,-69.63015553459753,-69.63015876633165,-69.6576429419214,5.133415316382519e-07
intermediate,65.55000000000001,-69.63026002325044,-69.63026325219634,-69.65773685822685,5.116332419307176e-07
intermediate,65.56,-69.63036447958787,-69.63036770575249,-69.65783075041826,5.09930637042249e-07
intermediate,65.57000000000001,-69.63046890362473,-69.630472127015,-69.65792461849882,5.082336980549937e-07
intermediate,65.58,-69.63057329537591,-69.63057651599868,-69.65801846247179,5.065424061140567e-07
intermediate,65.59,-69.63067765485627,-69.63068087271843,-69.65811228234033,5.048567424272853e-07
intermediate,65.60000000000001,-69.63078198208065,-69.63078519718903,-69.6582060781077,5.031766882650706e-07
intermediate,65.61,-69.6308862770639,-69.63088948942533,-69.65829984977714,5.015022249601247e-07
intermediate,65.62,-69.63099053982081,-69.63099374944213,-69.65839359735183,4.998333339072802e-07
intermediate,65.63000000000001,-69.63109477036622,-69.63109797725419,-69.65848732083508,4.981699965632903e-07
intermediate,65.64,-69.63119896871495,-69.63120217287631,-69.65858102023007,4.965121944466094e-07
intermediate,65.65,-69.63130313488176,-69.63130633632326,-69.6586746955401,4.948599091371972e-07
intermediate,65.66000000000001,-69.63140726888143,-69.63141046760977,-69.6587683467684,4.932131222763085e-07
intermediate,65.67,-69.63151137072866,-69.63151456675057,-69.65886197391823,4.915718155662995e-07
intermediate,65.68,-69.63161544043825,-69.63161863376038,-69.6589555769929,4.899359707704097e-07
intermediate,65.69000000000001,-69.63171947802492,-69.63172266865391,-69.6590491559956,4.883055697125672e-07
intermediate,65.7,-69.63182348350331,-69.63182667144582,-69.65914271092967,4.866805942771916e-07
intermediate,65.71000000000001,-69.63192745688822,-69.63193064215082,-69.65923624179837,4.850610264089816e-07
intermediate,65.72,-69.63203139819421,-69.63203458078353,-69.659329748605,4.834468481127219e-07
intermediate,65.73,-69.63213530743604,-69.63213848735862,-69.65942323135283,4.818380414530791e-07
intermediate,65.74000000000001,-69.63223918462832,-69.6322423618907,-69.65951669004518,4.802345885544122e-07
intermediate,65.75,-69.6323430297857,-69.63234620439442,-69.65961012468534,4.786364716005588e-07
intermediate,65.76,-69.6324468429228,-69.63245001488437,-69.65970353527663,4.770436728346475e-07
intermediate,65.77000000000001,-69.63255062405423,-69.63255379337511,-69.65979692182235,4.7545617455889604e-07
intermediate,65.78,-69.63265437319454,-69.63265753988124,-69.65989028432583,4.738739591344218e-07
intermediate,65.79,-69.63275809035838,-69.6327612544173,-69.65998362279036,4.722970089810353e-07
intermediate,65.80000000000001,-69.6328617755603,-69.63286493699788,-69.66007693721932,4.707253065770497e-07
intermediate,65.81,-69.63296542881481,-69.63296858763744,-69.66017022761599,4.691588344590936e-07
intermediate,65.82000000000001,-69.6330690501365,-69.63307220635055,-69.66026349398373,4.675975752219026e-07
intermediate,65.83,-69.63317263953982,-69.6331757931517,-69.6603567363259,4.6604151151813597e-07
intermediate,65.84,-69.63327619703938,-69.63327934805537,-69.66044995464583,4.644906260581792e-07
intermediate,65.85000000000001,-69.6333797226496,-69.63338287107604,-69.66054314894684,4.629449016099589e-07
intermediate,65.86,-69.63348321638497,-69.63348636222817,-69.66063631923237,4.6140432099874157e-07
intermediate,65.87000000000002,-69.63358667825997,-69.63358982152621,-69.66072946550571,4.598688671069465e-07
intermediate,65.88000000000001,-69.63369010828907,-69.63369324898461,-69.66082258777026,4.583385228739641e-07
intermediate,65.89,-69.63379350648668,-69.63379664461775,-69.66091568602938,4.568132712959512e-07
intermediate,65.9,-69.63389687286723,-69.63390000844005,-69.66100876028646,4.552930954256525e-07
intermediate,65.91000000000001,-69.63400020744514,-69.63400334046592,-69.66110181054488,4.537779783722075e-07
intermediate,65.92,-69.63410351023481,-69.6341066407097,-69.66119483680802,4.5226790330097016e-07
intermediate,65.93,-69.6342067812506,-69.6342099091858,-69.66128783907928,4.507628534333113e-07
intermediate,65.94,-69.63431002050689,-69.63431314590854,-69.66138081736204,4.492628120464393e-07
intermediate,65.95,-69.63441322801806,-69.63441635089225,-69.66147377165974,4.477677624732096e-07
intermediate,65.96000000000001,-69.6345164037984,-69.63451952415126,-69.66156670197574,4.462776881019498e-07
intermediate,65.97,-69.63461954786227,-69.63462266569988,-69.6616596083135,4.4479257237626025e-07
intermediate,65.98,-69.63472266022401,-69.63472577555241,-69.66175249067639,4.4331239879483823e-07
intermediate,65.99000000000001,-69.63482574089788,-69.63482885372314,-69.66184534906787,4.418371509112986e-07
intermediate,66.0,-69.63492878989817,-69.6349319002263,-69.66193818349134,4.403668123339814e-07
intermediate,66.01,-69.63503180723917,-69.63503491507618,-69.66203099395024,4.3890136672577613e-07
intermediate,66.02000000000001,-69.6351347929351,-69.63513789828698,-69.662123780448,4.3744079780393656e-07
intermediate,66.03,-69.63523774700028,-69.63524084987297,-69.66221654298808,4.3598508933990866e-07
intermediate,66.04,-69.63534066944887,-69.63534376984833,-69.6623092815739,4.345342251591366e-07
intermediate,66.05000000000001,-69.63544356029507,-69.63544665822727,-69.66240199620893,4.330881891408909e-07
intermediate,66.06,-69.63554641955317,-69.63554951502397,-69.66249468689661,4.3164696521809286e-07
intermediate,66.07000000000001,-69.63564924723728,-69.6356523402526,-69.66258735364043,4.3021053737712694e-07
intermediate,66.08,-69.63575204336165,-69.63575513392733,-69.66267999644384,4.2877888965766894e-07
intermediate,66.09,-69.63585480794036,-69.6358578960623,-69.66277261531029,4.273520061525051e-07
intermediate,66.10000000000001,-69.63595754098763,-69.63596062667165,-69.66286521024325,4.2592987100736406e-07
intermediate,66.11,-69.63606024251756,-69.63606332576947,-69.66295778124623,4.245124684207273e-07
intermediate,66.12000000000002,-69.6361629125443,-69.63616599336987,-69.6630503283227,4.2309978264366047e-07
intermediate,66.13000000000001,-69.6362655510819,-69.63626862948696,-69.66314285147614,4.2169179797964545e-07
intermediate,66.14,-69.63636815814452,-69.63637123413481,-69.66323535071005,4.2028849878439017e-07
intermediate,66.15,-69.63647073374624,-69.63647380732749,-69.66332782602792,4.1888986946566744e-07
intermediate,66.16000000000001,-69.63657327790106,-69.63657634907902,-69.66342027743327,4.174958944831351e-07
intermediate,66.17,-69.6366757906231,-69.63667885940346,-69.6635127049296,4.161065583481722e-07
intermediate,66.18,-69.63677827192637,-69.63678133831483,-69.6636051085204,4.147218456236941e-07
intermediate,66.19,-69.63688072182494,-69.63688378582714,-69.66369748820922,4.133417409239897e-07
intermediate,66.2,-69.63698314033275,-69.63698620195439,-69.66378984399955,4.1196622891454574e-07
intermediate,66.21000000000001,-69.63708552746387,-69.63708858671056,-69.66388217589495,4.1059529431188586e-07
intermediate,66.22,-69.63718788323226,-69.6371909401096,-69.66397448389891,4.0922892188338704e-07
intermediate,66.23000000000002,-69.63729020765187,-69.63729326216549,-69.66406676801498,4.0786709644711784e-07
intermediate,66.24000000000001,-69.63739250073671,-69.63739555289217,-69.66415902824671,4.0650980287167343e-07
intermediate,66.25,-69.6374947625007,-69.63749781230358,-69.66425126459764,4.0515702607599873e-07
intermediate,66.26,-69.6375969929578,-69.63760004041363,-69.66434347707128,4.0380875102922643e-07
intermediate,66.27000000000001,-69.63769919212191,-69.63770223723623,-69.66443566567125,4.024649627505067e-07
intermediate,66.28,-69.63780136000695,-69.63780440278525,-69.66452783040106,4.011256463088492e-07
intermediate,66.29,-69.63790349662679,-69.6379065370746,-69.66461997126427,3.997907868229442e-07
intermediate,66.30000000000001,-69.63800560199536,-69.63800864011812,-69.66471208826447,3.984603694610044e-07
intermediate,66.31,-69.63810767612647,-69.63811071192966,-69.6648041814052,3.9713437944060384e-07
intermediate,66.32000000000001,-69.63820971903401,-69.63821275252305,-69.66489625069006,3.958128020285051e-07
intermediate,66.33,-69.63831173073183,-69.63831476191216,-69.66498829612264,3.94495622540501e-07
intermediate,66.34,-69.63841371123372,-69.63841674011074,-69.6650803177065,3.9318282634124825e-07
intermediate,66.35000000000001,-69.63851566055355,-69.63851868713266,-69.6651723154452,3.918743988441132e-07
intermediate,66.36,-69.6386175787051,-69.63862060299165,-69.66526428934242,3.905703255109969e-07
intermediate,66.37000000000002,-69.63871946570214,-69.63872248770151,-69.66535623940167,3.892705918521809e-07
intermediate,66.38000000000001,-69.63882132155848,-69.638824341276,-69.6654481656266,3.879751834261695e-07
intermediate,66.39,-69.63892314628791,-69.63892616372888,-69.66554006802079,3.86684085839521e-07
intermediate,66.4,-69.63902493990409,-69.63902795507386,-69.66563194658787,3.853972847466934e-07
intermediate,66.41000000000001,-69.63912670242084,-69.63912971532466,-69.66572380133142,3.8411476584988156e-07
intermediate,66.42,-69.63922843385186,-69.63923144449501,-69.66581563225512,3.8283651489886624e-07
intermediate,66.43,-69.63933013421085,-69.63933314259859,-69.66590743936253,3.81562517690844e-07
intermediate,66.44,-69.63943180351151,-69.63943480964907,-69.66599922265732,3.8029276007027724e-07
intermediate,66.45,-69.63953344176755,-69.63953644566017,-69.66609098214309,3.790272279287335e-07
intermediate,66.46000000000001,-69.63963504899266,-69.6396380506455,-69.6661827178235,3.7776590720473417e-07
intermediate,66.47,-69.63973662520043,-69.63973962461873,-69.66627442970218,3.7650878388359037e-07
intermediate,66.48000000000002,-69.63983817040459,-69.63984116759347,-69.66636611778279,3.7525584399725005e-07
intermediate,66.49000000000001,-69.63993968461871,-69.63994267958337,-69.66645778206895,3.740070736241501e-07
intermediate,66.5,-69.64004116785647,-69.64004416060203,-69.66654942256434,3.7276245888904947e-07
intermediate,66.51,-69.64014262013144,-69.64014561066304,-69.6666410392726,3.715219859628825e-07
intermediate,66.52000000000001,-69.64024404145725,-69.64024702977996,-69.6667326321974,3.702856410626028e-07
intermediate,66.53,-69.64034543184745,-69.6403484179664,-69.66682420134241,3.6905341045103453e-07
intermediate,66.54,-69.64044679131564,-69.64044977523587,-69.66691574671127,3.678252804367127e-07
intermediate,66.55000000000001,-69.64054811987536,-69.64055110160194,-69.6670072683077,3.666012373737334e-07
intermediate,66.56,-69.64064941754017,-69.64065239707816,-69.66709876613534,3.6538126766160965e-07
intermediate,66.57000000000001,-69.64075068432359,-69.64075366167799,-69.66719024019791,3.6416535774510794e-07
intermediate,66.58,-69.64085192023917,-69.64085489541499,-69.66728169049907,3.629534941141054e-07
intermediate,66.59,-69.6409531253004,-69.64095609830265,-69.6673731170425,3.61745663303437e-07
intermediate,66.60000000000001,-69.64105429952075,-69.64105727035441,-69.66746451983194,3.6054185189275045e-07
intermediate,66.61,-69.64115544291376,-69.64115841158379,-69.66755589887106,3.5934204650634983e-07
intermediate,66.62,-69.64125655549287,-69.64125952200422,-69.66764725416355,3.5814623381305174e-07
intermediate,66.63000000000001,-69.64135763727155,-69.64136060162913,-69.66773858571314,3.569544005260342e-07
intermediate,66.64,-69.64145868826323,-69.64146165047198,-69.66782989352352,3.557665334026969e-07
intermediate,66.65,-69.64155970848135,-69.64156266854617,-69.66792117759843,3.5458261924450195e-07
intermediate,66.66000000000001,-69.64166069793936,-69.6416636558651,-69.66801243794158,3.5340264489683423e-07
intermediate,66.67,-69.64176165665063,-69.6417646124422,-69.6681036745567,3.52226597248858e-07
intermediate,66.68,-69.64186258462857,-69.64186553829082,-69.66819488744754,3.5105446323336377e-07
intermediate,66.69,-69.64196348188658,-69.64196643342433,-69.66828607661778,3.4988622982662834e-07
intermediate,66.7,-69.642064348438,-69.64206729785609,-69.66837724207119,3.4872188404826645e-07
intermediate,66.71000000000001,-69.64216518429625,-69.64216813159946,-69.6684683838115,3.4756141296109473e-07
intermediate,66.72,-69.6422659894746,-69.64226893466774,-69.66855950184245,3.46404803670976e-07
intermediate,66.73000000000002,-69.64236676398642,-69.64236970707427,-69.6686505961678,3.4525204332668234e-07
intermediate,66.74000000000001,-69.64246750784504,-69.64247044883237,-69.66874166679128,3.441031191197578e-07
intermediate,66.75,-69.64256822106377,-69.64257115995532,-69.66883271371668,3.429580182843631e-07
intermediate,66.76,-69.64266890365592,-69.64267184045642,-69.66892373694775,3.418167280971443e-07
intermediate,66.77000000000001,-69.64276955563474,-69.6427724903489,-69.66901473648824,3.4067923587708587e-07
intermediate,66.78,-69.64287017701352,-69.64287310964606,-69.66910571234193,3.395455289853772e-07
intermediate,66.79,-69.64297076780554,-69.64297369836115,-69.66919666451258,3.3841559482526175e-07
intermediate,66.80000000000001,-69.643071328024,-69.64307425650736,-69.66928759300399,3.372894208419019e-07
intermediate,66.81,-69.64317185768222,-69.64317478409794,-69.66937849781993,3.3616699452224555e-07
intermediate,66.82000000000001,-69.64327235679335,-69.64327528114613,-69.66946937896418,3.350483033948757e-07
intermediate,66.83,-69.64337282537063,-69.64337574766508,-69.66956023644052,3.339333350298795e-07
intermediate,66.84,-69.64347326342727,-69.643476183668,-69.66965107025274,3.328220770387068e-07
intermediate,66.85000000000001,-69.64357367097645,-69.64357658916806,-69.66974188040467,3.317145170740376e-07
intermediate,66.86,-69.64367404803136,-69.64367696417843,-69.66983266690008,3.306106428296375e-07
intermediate,66.87,-69.6437743946051,-69.64377730871223,-69.66992342974278,3.295104420402257e-07
intermediate,66.88000000000001,-69.64387471071095,-69.64387762278264,-69.67001416893658,3.2841390248133593e-07
intermediate,66.89,-69.6439749963619,-69.64397790640275,-69.67010488448528,3.273210119691876e-07
intermediate,66.9,-69.6440752515712,-69.6440781595857,-69.67019557639271,3.2623175836053984e-07
intermediate,66.91000000000001,-69.6441754763519,-69.64417838234459,-69.67028624466269,3.2514612955256227e-07
intermediate,66.92,-69.64427567071711,-69.64427857469249,-69.67037688929905,3.240641134827038e-07
intermediate,66.93,-69.64437583467998,-69.64437873664251,-69.67046751030557,3.2298569812855125e-07
intermediate,66.94,-69.6444759682535,-69.64447886820767,-69.67055810768613,3.219108715077009e-07
intermediate,66.95,-69.64457607145079,-69.64457896940105,-69.67064868144456,3.208396216776219e-07
intermediate,66.96000000000001,-69.64467614428493,-69.64467904023573,-69.67073923158468,3.197719367355307e-07
intermediate,66.97,-69.64477618676891,-69.64477908072467,-69.67082975811033,3.187078048182486e-07
intermediate,66.98000000000002,-69.64487619891581,-69.64487909088095,-69.67092026102537,3.1764721410207556e-07
intermediate,66.99000000000001,-69.64497618073861,-69.64497907071754,-69.67101074033366,3.165901528026617e-07
intermediate,67.0,-69.64507613225037,-69.64507902024745,-69.67110119603903,3.155366091748694e-07
intermediate,67.01,-69.64517605346403,-69.64517893948367,-69.67119162814535,3.144865715126475e-07
intermediate,67.02000000000001,-69.64527594439262,-69.64527882843917,-69.67128203665646,3.1344002814889847e-07
intermediate,67.03,-69.64537580504911,-69.6453786871269,-69.67137242157627,3.1239696745535515e-07
intermediate,67.04,-69.64547563544642,-69.6454785155598,-69.6714627829086,3.1135737784244205e-07
intermediate,67.05000000000001,-69.64557543559755,-69.64557831375083,-69.67155312065734,3.103212477591515e-07
intermediate,67.06,-69.64567520551543,-69.64567808171292,-69.6716434348264,3.092885656929187e-07
intermediate,67.07000000000001,-69.64577494521295,-69.64577781945894,-69.67173372541959,3.0825932016948664e-07
intermediate,67.08,-69.64587465470306,-69.64587752700183,-69.67182399244085,3.0723349975278356e-07
intermediate,67.09000000000002,-69.64597433399865,-69.64597720435447,-69.67191423589402,3.062110930447923e-07
intermediate,67.10000000000001,-69.64607398311261,-69.64607685152974,-69.67200445578304,3.051920886854314e-07
intermediate,67.11,-69.64617360205789,-69.64617646854052,-69.67209465211178,3.0417647535241794e-07
intermediate,67.12,-69.64627319084725,-69.64627605539965,-69.67218482488414,3.031642417611488e-07
intermediate,67.13000000000001,-69.64637274949362,-69.64637561212,-69.67227497410403,3.0215537666457274e-07
intermediate,67.14,-69.64647227800981,-69.64647513871435,-69.67236509977533,3.011498688530693e-07
intermediate,67.15,-69.64657177640866,-69.64657463519555,-69.67245520190198,3.00147707154318e-07
intermediate,67.16000000000001,-69.646671244703,-69.64667410157642,-69.67254528048785,2.9914888043317703e-07
intermediate,67.17,-69.64677068290564,-69.64677353786975,-69.67263533553691,2.9815337759156456e-07
intermediate,67.18,-69.6468700910294,-69.64687294408832,-69.67272536705305,2.9716118756832614e-07
intermediate,67.19,-69.64696946908701,-69.64697232024491,-69.67281537504019,2.961722993391178e-07
intermediate,67.2,-69.64706881709132,-69.6470716663523,-69.67290535950227,2.951867019162815e-07
intermediate,67.21000000000001,-69.64716813505501,-69.64717098242319,-69.6729953204432,2.942043843487267e-07
intermediate,67.22,-69.64726742299094,-69.64727026847038,-69.67308525786693,2.9322533572180247e-07
intermediate,67.23000000000002,-69.64736668091173,-69.64736952450656,-69.67317517177739,2.922495451571793e-07
intermediate,67.24000000000001,-69.64746590883021,-69.64746875054448,-69.67326506217853,2.912770018127327e-07
intermediate,67.25,-69.64756510675907,-69.64756794659682,-69.67335492907428,2.9030769488241405e-07
intermediate,67.26,-69.64766427471102,-69.6476671126763,-69.6734447724686,2.8934161359613644e-07
intermediate,67.27000000000001,-69.64776341269874,-69.64776624879559,-69.67353459236544,2.883787472196522e-07
intermediate,67.28,-69.64786252073493,-69.64786535496738,-69.67362438876877,2.874190850544383e-07
intermediate,67.29,-69.64796159883227,-69.6479644312043,-69.67371416168251,2.864626164375709e-07
intermediate,67.3,-69.6480606470034,-69.64806347751902,-69.67380391111065,2.855093307416111e-07
intermediate,67.31,-69.648159665261,-69.64816249392416,-69.67389363705715,2.845592173744842e-07
intermediate,67.32000000000001,-69.64825865361769,-69.64826148043238,-69.67398333952598,2.836122657793683e-07
intermediate,67.33,-69.6483576120861,-69.64836043705627,-69.67407301852109,2.826684654345679e-07
intermediate,67.34000000000002,-69.64845654067884,-69.64845936380846,-69.6741626740465,2.81727805853401e-07
intermediate,67.35000000000001,-69.64855543940853,-69.6485582607015,-69.67425230610614,2.8079027658408857e-07
intermediate,67.36,-69.64865430828777,-69.64865712774802,-69.67434191470403,2.7985586720962637e-07
intermediate,67.37,-69.64875314732915,-69.64875596496057,-69.67443149984415,2.7892456734767913e-07
intermediate,67.38000000000001,-69.6488519565452,-69.64885477235173,-69.67452106153047,2.779963666504594e-07
intermediate,67.39,-69.64895073594855,-69.64895354993402,-69.67461059976698,2.770712548046195e-07
intermediate,67.4,-69.64904948555169,-69.64905229771999,-69.67470011455771,2.761492215311279e-07
intermediate,67.41000000000001,-69.64914820536717,-69.64915101572217,-69.67478960590662,2.752302565851596e-07
intermediate,67.42,-69.64924689540757,-69.64924970395309,-69.67487907381776,2.7431434975598646e-07
intermediate,67.43,-69.64934555568536,-69.64934836242524,-69.6749685182951,2.7340149086685495e-07
intermediate,67.44,-69.64944418621303,-69.64944699115111,-69.67505793934266,2.724916697748792e-07
intermediate,67.45000000000002,-69.64954278700311,-69.64954559014319,-69.67514733696444,2.7158487637092553e-07
intermediate,67.46000000000001,-69.64964135806808,-69.64964415941395,-69.67523671116449,2.7068110057950453e-07
intermediate,67.47,-69.64973989942042,-69.64974269897587,-69.67532606194679,2.6978033235865234e-07
intermediate,67.48000000000002,-69.6498384110726,-69.64984120884138,-69.67541538931538,2.688825616998228e-07
intermediate,67.49000000000001,-69.649936893037,-69.64993968902291,-69.67550469327429,2.6798777862777984e-07
intermediate,67.5,-69.65003534532616,-69.65003813953294,-69.67559397382755,2.670959732004787e-07
intermediate,67.51,-69.65013376795243,-69.65013656038383,-69.67568323097919,2.66207135508961e-07
intermediate,67.52000000000001,-69.65023216092828,-69.65023495158799,-69.67577246473323,2.653212556772424e-07
intermediate,67.53,-69.6503305242661,-69.65033331315786,-69.67586167509374,2.6443832386220623e-07
intermediate,67.54,-69.65042885797826,-69.65043164510577,-69.67595086206474,2.635583302534891e-07
intermediate,67.55,-69.65052716207717,-69.65052994744414,-69.67604002565028,2.626812650733753e-07
intermediate,67.56,-69.65062543657521,-69.65062822018531,-69.67612916585442,2.618071185766855e-07
intermediate,67.57000000000001,-69.65072368148475,-69.65072646334164,-69.67621828268119,2.6093588105067485e-07
intermediate,67.58,-69.65082189681814,-69.65082467692548,-69.67630737613467,2.6006754281491595e-07
intermediate,67.59000000000002,-69.6509200825877,-69.65092286094914,-69.67639644621892,2.592020942211963e-07
intermediate,67.60000000000001,-69.65101823880579,-69.65102101542496,-69.67648549293797,2.583395256534134e-07
intermediate,67.61,-69.65111636548471,-69.65111914036522,-69.6765745162959,2.574798275274622e-07
intermediate,67.62,-69.65121446263679,-69.65121723578227,-69.6766635162968,2.5662299029113255e-07
intermediate,67.63000000000001,-69.6513125302743,-69.65131530168834,-69.67675249294471,2.557690044240005e-07
intermediate,67.64,-69.65141056840953,-69.65141333809575,-69.67684144624374,2.5491786043732806e-07
intermediate,67.65,-69.65150857705478,-69.65151134501676,-69.67693037619793,2.5406954887394975e-07
intermediate,67.66000000000001,-69.65160655622232,-69.6516093224636,-69.67701928281139,2.532240603081719e-07
intermediate,67.67,-69.65170450592441,-69.65170727044855,-69.67710816608819,2.5238138534567026e-07
intermediate,67.68,-69.65180242617328,-69.65180518898383,-69.67719702603242,2.515415146233801e-07
intermediate,67.69,-69.65190031698116,-69.65190307808165,-69.67728586264818,2.507044388093959e-07
intermediate,67.70000000000002,-69.65199817836024,-69.65200093775421,-69.67737467593955,2.4987014860286517e-07
intermediate,67.71000000000001,-69.65209601032282,-69.65209876801377,-69.67746346591062,2.4903863473389103e-07
intermediate,67.72,-69.65219381288107,-69.65219656887248,-69.67755223256553,2.4820988796342045e-07
intermediate,67.73000000000002,-69.65229158604716,-69.65229434034255,-69.67764097590833,2.473838990831467e-07
intermediate,67.74000000000001,-69.65238932983327,-69.65239208243612,-69.67772969594317,2.465606589154087e-07
intermediate,67.75,-69.65248704425159,-69.65248979516537,-69.67781839267411,2.457401583130841e-07
intermediate,67.76,-69.65258472931427,-69.65258747854243,-69.67790706610532,2.449223881594912e-07
intermediate,67.77000000000001,-69.65268238503347,-69.65268513257946,-69.67799571624086,2.4410733936828523e-07
intermediate,67.78,-69.65278001142134,-69.65278275728859,-69.67808434308489,2.4329500288336276e-07
intermediate,67.79,-69.65287760848999,-69.65288035268192,-69.67817294664154,2.424853696787531e-07
intermediate,67.8,-69.65297517625153,-69.65297791877158,-69.6782615269149,2.416784307585235e-07
intermediate,67.81,-69.65307271471809,-69.65307545556965,-69.6783500839091,2.408741771566767e-07
intermediate,67.82000000000001,-69.65317022390175,-69.65317296308822,-69.67843861762827,2.400725999370551e-07
intermediate,67.83,-69.65326770381462,-69.65327044133937,-69.67852712807657,2.392736901932361e-07
intermediate,67.84000000000002,-69.65336515446877,-69.65336789033518,-69.67861561525811,2.3847743904843507e-07
intermediate,67.85000000000001,-69.65346257587622,-69.65346531008768,-69.67870407917705,2.376838376554116e-07
intermediate,67.86,-69.65355996804911,-69.65356270060892,-69.67879251983751,2.3689287719636292e-07
intermediate,67.87,-69.65365733099942,-69.65366006191097,-69.67888093724366,2.361045488828314e-07
intermediate,67.88000000000001,-69.65375466473924,-69.65375739400582,-69.67896933139964,2.3531884395560458e-07
intermediate,67.89,-69.65385196928052,-69.6538546969055,-69.67905770230959,2.3453575368462127e-07
intermediate,67.9,-69.65394924463534,-69.65395197062199,-69.67914604997767,2.337552693688696e-07
intermediate,67.91000000000001,-69.65404649081567,-69.65404921516732,-69.67923437440804,2.3297738233629235e-07
intermediate,67.92,-69.65414370783353,-69.65414643055345,-69.67932267560487,2.3220208394369477e-07
intermediate,67.93,-69.65424089570091,-69.65424361679237,-69.6794109535723,2.3142936557664097e-07
intermediate,67.94,-69.65433805442974,-69.65434077389604,-69.67949920831452,2.3065921864936346e-07
intermediate,67.95000000000002,-69.65443518403201,-69.65443790187639,-69.67958743983569,2.29891634604665e-07
intermediate,67.96000000000001,-69.65453228451966,-69.65453500074538,-69.67967564813996,2.2912660491382888e-07
intermediate,67.97,-69.65462935590465,-69.65463207051495,-69.67976383323155,2.2836412107651535e-07
intermediate,67.98,-69.6547263981989,-69.65472911119701,-69.67985199511459,2.2760417462067435e-07
intermediate,67.99000000000001,-69.65482341141436,-69.65482612280348,-69.6799401337933,2.2684675710244724e-07
intermediate,68.0,-69.65492039556291,-69.65492310534627,-69.68002824927183,2.2609186010607857e-07
intermediate,68.01,-69.65501735065645,-69.65502005883725,-69.6801163415544,2.253394752438153e-07
intermediate,68.02000000000001,-69.65511427670691,-69.65511698328832,-69.68020441064516,2.2458959415581582e-07
intermediate,68.03,-69.65521117372613,-69.65521387871136,-69.68029245654834,2.2384220851006287e-07
intermediate,68.04,-69.65530804172602,-69.65531074511821,-69.68038047926812,2.2309731000226374e-07
intermediate,68.05,-69.65540488071841,-69.65540758252074,-69.6804684788087,2.2235489035575909e-07
intermediate,68.06,-69.65550169071513,-69.65550439093077,-69.6805564551743,2.2161494132143404e-07
intermediate,68.07000000000001,-69.65559847172808,-69.65560117036014,-69.68064440836908,2.2087745467762748e-07
intermediate,68.08,-69.65569522376906,-69.65569792082069,-69.68073233839726,2.201424222300334e-07
intermediate,68.09000000000002,-69.6557919468499,-69.6557946423242,-69.68082024526308,2.1940983581161783e-07
intermediate,68.10000000000001,-69.65588864098241,-69.65589133488251,-69.68090812897073,2.1867968728252416e-07
intermediate,68.11,-69.65598530617838,-69.65598799850736,-69.6809959895244,2.1795196852998416e-07
intermediate,68.12,-69.6560819424496,-69.65608463321058,-69.68108382692834,2.1722667146822493e-07
intermediate,68.13000000000001,-69.65617854980786,-69.65618123900393,-69.68117164118678,2.1650378803838273e-07
intermediate,68.14,-69.65627512826498,-69.65627781589917,-69.68125943230392,2.1578331020841437e-07
intermediate,68.15,-69.65637167783265,-69.65637436390804,-69.681347200284,2.150652299730009e-07
intermediate,68.16000000000001,-69.65646819852263,-69.6564708830423,-69.68143494513122,2.1434953935346638e-07
intermediate,68.17,-69.65656469034668,-69.65656737331368,-69.68152266684982,2.1363623039768547e-07
intermediate,68.18,-69.65666115331653,-69.65666383473388,-69.68161036544407,2.1292529517999656e-07
intermediate,68.19,-69.6567575874439,-69.65676026731461,-69.68169804091818,2.1221672580111056e-07
intermediate,68.20000000000002,-69.6568539927405,-69.65685667106759,-69.68178569327638,2.1151051438802715e-07
intermediate,68.21000000000001,-69.65695036921802,-69.65695304600453,-69.68187332252293,2.1080665309394781e-07
intermediate,68.22,-69.6570467168882,-69.6570493921371,-69.68196092866206,2.1010513409818197e-07
intermediate,68.23,-69.65714303576266,-69.65714570947695,-69.68204851169804,2.0940594960606845e-07
intermediate,68.24000000000001,-69.65723932585311,-69.65724199803577,-69.6821360716351,2.0870909184888123e-07
intermediate,68.25,-69.65733558717122,-69.6573382578252,-69.6822236084775,2.0801455308375212e-07
intermediate,68.26,-69.6574318197286,-69.6574344888569,-69.6823111222295,2.073223255935744e-07
intermediate,68.27000000000001,-69.65752802353693,-69.65753069114247,-69.68239861289535,2.0663240168692436e-07
intermediate,68.28,-69.65762419860782,-69.65762686469357,-69.68248608047932,2.0594477369797599e-07
intermediate,68.29,-69.65772034495292,-69.65772300952179,-69.68257352498567,2.052594339864089e-07
intermediate,68.3,-69.65781646258381,-69.65781912563874,-69.68266094641865,2.0457637493733193e-07
intermediate,68.31000000000002,-69.65791255151211,-69.65791521305603,-69.68274834478254,2.0389558896119084e-07
intermediate,68.32000000000001,-69.65800861174945,-69.65801127178524,-69.6828357200816,2.0321706849369286e-07
intermediate,68.33,-69.65810464330737,-69.65810730183794,-69.68292307232015,2.0254080599571263e-07
intermediate,68.34000000000002,-69.65820064619746,-69.65820330322569,-69.68301040150241,2.0186679395321536e-07
intermediate,68.35000000000001,-69.65829662043126,-69.65829927596005,-69.68309770763271,2.011950248771736e-07
intermediate,68.36,-69.65839256602035,-69.65839522005257,-69.68318499071529,2.005254913034775e-07
intermediate,68.37,-69.65848848297628,-69.65849113551478,-69.68327225075447,1.9985818579285955e-07
intermediate,68.38000000000001,-69.65858437131058,-69.65858702235822,-69.68335948775452,1.9919310093080516e-07
intermediate,68.39,-69.6586802310348,-69.65868288059441,-69.6834467017197,1.985302293274785e-07
intermediate,68.4,-69.65877606216041,-69.65877871023486,-69.68353389265435,1.9786956361763063e-07
intermediate,68.41000000000001,-69.65887186469894,-69.65887451129105,-69.68362106056276,1.972110964605246e-07
intermediate,68.42,-69.65896763866189,-69.65897028377448,-69.68370820544918,1.96554820539854e-07
intermediate,68.43,-69.65906338406077,-69.65906602769662,-69.68379532731797,1.9590072856365534e-07
intermediate,68.44,-69.65915910090702,-69.65916174306896,-69.6838824261734,1.952488132642346e-07
intermediate,68.45000000000002,-69.65925478921214,-69.65925742990296,-69.68396950201979,1.9459906739807972e-07
intermediate,68.46000000000001,-69.65935044898755,-69.65935308821004,-69.68405655486143,1.9395148374578826e-07
intermediate,68.47,-69.65944608024475,-69.65944871800168,-69.68414358470264,1.9330605511197753e-07
intermediate,68.48,-69.65954168299515,-69.6595443192893,-69.68423059154773,1.9266277432521304e-07
intermediate,68.49000000000001,-69.6596372572502,-69.6596398920843,-69.68431757540101,1.9202163423792183e-07
intermediate,68.5,-69.6597328030213,-69.65973543639812,-69.68440453626681,1.9138262772632057e-07
intermediate,68.51,-69.65982832031986,-69.65983095224216,-69.68449147414944,1.9074574769033036e-07
intermediate,68.52000000000001,-69.6599238091573,-69.65992643962781,-69.68457838905323,1.9011098705349773e-07
intermediate,68.53,-69.66001926954505,-69.66002189856646,-69.68466528098251,1.8947833876292298e-07
intermediate,68.54,-69.66011470149441,-69.66011732906948,-69.68475214994159,1.8884779578917202e-07
intermediate,68.55,-69.66021010501682,-69.66021273114822,-69.68483899593481,1.8821935112620672e-07
intermediate,68.56000000000002,-69.6603054801236,-69.66030810481406,-69.6849258189665,1.8759299779130016e-07
intermediate,68.57000000000001,-69.66040082682615,-69.66040345007835,-69.685012619041,1.8696872882496631e-07
intermediate,68.58,-69.66049614513578,-69.66049876695241,-69.68509939616266,1.8634653729087697e-07
intermediate,68.59000000000002,-69.66059143506385,-69.6605940554476,-69.6851861503358,1.8572641627578448e-07
intermediate,68.60000000000001,-69.66068669662171,-69.66068931557521,-69.68527288156474,1.851083588894509e-07
intermediate,68.61,-69.66078192982064,-69.66078454734658,-69.68535958985387,1.8449235826456562e-07
intermediate,68.62,-69.66087713467194,-69.66087975077295,-69.68544627520752,1.8387840755667023e-07
intermediate,68.63000000000001,-69.66097231118694,-69.66097492586569,-69.68553293763004,1.8326649994408257e-07
intermediate,68.64,-69.66106745937692,-69.66107007263604,-69.68561957712576,1.8265662862782484e-07
intermediate,68.65,-69.66116257925317,-69.66116519109528,-69.68570619369908,1.8204878683154281e-07
intermediate,68.66,-69.66125767082696,-69.66126028125467,-69.6857927873543,1.814429678014312e-07
intermediate,68.67000000000002,-69.66135273410953,-69.66135534312546,-69.68587935809583,1.8083916480616123e-07
intermediate,68.68,-69.66144776911217,-69.66145037671893,-69.68596590592803,1.8023737113680643e-07
intermediate,68.69,-69.66154277584609,-69.66154538204627,-69.68605243085523,1.7963758010676236e-07
intermediate,68.70000000000002,-69.66163775432254,-69.66164035911875,-69.68613893288179,1.790397850516787e-07
intermediate,68.71000000000001,-69.66173270455278,-69.66173530794755,-69.68622541201212,1.78443979329382e-07
intermediate,68.72,-69.66182762654798,-69.66183022854392,-69.68631186825056,1.7785015631980328e-07
intermediate,68.73,-69.66192252031934,-69.66192512091902,-69.68639830160149,1.7725830942490163e-07
intermediate,68.74000000000001,-69.66201738587812,-69.66201998508407,-69.68648471206929,1.7666843206859435e-07
intermediate,68.75,-69.66211222323547,-69.66211482105025,-69.68657109965832,1.760805176966845e-07
intermediate,68.76,-69.66220703240255,-69.66220962882872,-69.686657464373,1.754945597767822e-07
intermediate,68.77000000000001,-69.66230181339058,-69.66230440843064,-69.68674380621769,1.749105517982384e-07
intermediate,68.78,-69.66239656621067,-69.66239915986719,-69.68683012519676,1.7432848727206967e-07
intermediate,68.79,-69.66249129087406,-69.6624938831495,-69.68691642131462,1.7374835973088695e-07
intermediate,68.8,-69.6625859873918,-69.66258857828869,-69.68700269457564,1.7317016272882152e-07
intermediate,68.81000000000002,-69.66268065577506,-69.66268324529592,-69.68708894498423,1.7259388984145625e-07
intermediate,68.82000000000001,-69.66277529603498,-69.6627778841823,-69.68717517254476,1.7201953466575498e-07
intermediate,68.83,-69.66286990818269,-69.66287249495893,-69.68726137726163,1.7144709081998586e-07
intermediate,68.84000000000002,-69.66296449222924,-69.66296707763692,-69.68734755913927,1.7087655194365634e-07
intermediate,68.85000000000001,-69.66305904818577,-69.66306163222734,-69.68743371818206,1.7030791169743974e-07
intermediate,68.86,-69.66315357606337,-69.6631561587413,-69.6875198543944,1.6974116376310585e-07
intermediate,68.87,-69.66324807587314,-69.66325065718986,-69.68760596778067,1.6917630184344837e-07
intermediate,68.88000000000001,-69.66334254762607,-69.66334512758408,-69.68769205834532,1.6861331966221792e-07
intermediate,68.89,-69.66343699133331,-69.66343956993504,-69.68777812609275,1.68052210964053e-07
intermediate,68.9,-69.66353140700592,-69.66353398425376,-69.68786417102736,1.6749296951440485e-07
intermediate,68.91,-69.66362579465488,-69.66362837055131,-69.68795019315357,1.6693558909947512e-07
intermediate,68.92000000000002,-69.66372015429125,-69.66372272883868,-69.68803619247579,1.6638006352614053e-07
intermediate,68.93,-69.66381448592608,-69.6638170591269,-69.68812216899845,1.6582638662189134e-07
intermediate,68.94,-69.66390878957037,-69.663911361427,-69.68820812272595,1.6527455223475454e-07
intermediate,68.95000000000002,-69.66400306523514,-69.66400563574997,-69.68829405366274,1.647245542332312e-07
intermediate,68.96000000000001,-69.66409731293139,-69.66409988210681,-69.68837996181323,1.6417638650622855e-07
intermediate,68.97,-69.66419153267012,-69.6641941005085,-69.68846584718185,1.6363004296298666e-07
intermediate,68.98,-69.66428572446227,-69.66428829096603,-69.68855170977302,1.6308551753301727e-07
intermediate,68.99000000000001,-69.66437988831889,-69.66438245349036,-69.68863754959118,1.6254280416603045e-07
intermediate,69.0,-69.66447402425088,-69.66447658809244,-69.68872336664077,1.620018968318745e-07
intermediate,69.01,-69.66456813226925,-69.66457069478324,-69.68880916092621,1.6146278952046053e-07
intermediate,69.02000000000001,-69.6646622123849,-69.66466477357369,-69.68889493245194,1.6092547624170178e-07
intermediate,69.03,-69.66475626460881,-69.66475882447473,-69.68898068122242,1.6038995102544696e-07
intermediate,69.04,-69.66485028895188,-69.66485284749726,-69.68906640724207,1.598562079214086e-07
intermediate,69.05,-69.66494428542504,-69.6649468426522,-69.68915211051534,1.5932424099910342e-07
intermediate,69.06000000000002,-69.66503825403922,-69.66504080995048,-69.68923779104668,1.5879404434778073e-07
intermediate,69.07000000000001,-69.66513219480528,-69.66513474940298,-69.68932344884051,1.5826561207636335e-07
intermediate,69.08,-69.66522610773418,-69.66522866102059,-69.68940908390134,1.5773893831337447e-07
intermediate,69.09000000000002,-69.66531999283676,-69.6653225448142,-69.68949469623358,1.5721401720687809e-07
intermediate,69.10000000000001,-69.66541385012394,-69.66541640079468,-69.68958028584169,1.5669084292441358e-07
intermediate,69.11,-69.66550767960655,-69.66551022897289,-69.68966585273012,1.5616940965292646e-07
intermediate,69.12,-69.66560148129545,-69.66560402935967,-69.68975139690335,1.5564971159870936e-07
intermediate,69.13000000000001,-69.66569525520153,-69.66569780196589,-69.68983691836583,1.5513174298733245e-07
intermediate,69.14,-69.66578900133561,-69.66579154680238,-69.68992241712203,1.5461549806358586e-07
intermediate,69.15,-69.66588271970852,-69.66588526387997,-69.69000789317639,1.541009710914079e-07
intermediate,69.16,-69.66597641033111,-69.66597895320947,-69.6900933465334,1.53588156353828e-07
intermediate,69.17000000000002,-69.66607007321417,-69.66607261480169,-69.69017877719753,1.5307704815289776e-07
intermediate,69.18,-69.66616370836853,-69.66616624866745,-69.69026418517323,1.525676408096335e-07
intermediate,69.19,-69.66625731580498,-69.66625985481753,-69.690349570465,1.520599286639484e-07
intermediate,69.20000000000002,-69.66635089553434,-69.66635343326273,-69.6904349330773,1.5155390607458955e-07
intermediate,69.21000000000001,-69.66644444756736,-69.6664469840138,-69.69052027301461,1.510495674190802e-07
intermediate,69.22,-69.66653797191482,-69.66654050708155,-69.69060559028141,1.5054690709365224e-07
intermediate,69.23,-69.66663146858752,-69.66663400247673,-69.69069088488219,1.5004591951318528e-07
intermediate,69.24000000000001,-69.66672493759619,-69.66672747021008,-69.6907761568214,1.495465991111444e-07
intermediate,69.25,-69.66681837895158,-69.66682091029232,-69.69086140610356,1.4904894033952164e-07
intermediate,69.26,-69.66691179266444,-69.66691432273423,-69.69094663273313,1.4855293766876992e-07
intermediate,69.27000000000001,-69.66700517874548,-69.66700770754652,-69.69103183671463,1.4805858558774178e-07
intermediate,69.28,-69.66709853720548,-69.6671010647399,-69.69111701805252,1.4756587860363284e-07
intermediate,69.29,-69.6671918680551,-69.66719439432508,-69.69120217675133,1.4707481124191593e-07
intermediate,69.3,-69.66728517130507,-69.66728769631277,-69.69128731281553,1.4658537804628101e-07
intermediate,69.31000000000002,-69.66737844696613,-69.66738097071367,-69.6913724262496,1.460975735785769e-07
intermediate,69.32000000000001,-69.66747169504887,-69.66747421753844,-69.69145751705807,1.456113924187489e-07
intermediate,69.33,-69.66756491556407,-69.6675674367978,-69.69154258524543,1.4512682916477974e-07
intermediate,69.34,-69.66765810852237,-69.66766062850236,-69.69162763081617,1.4464387843262718e-07
intermediate,69.35000000000001,-69.66775127393441,-69.66775379266282,-69.6917126537748,1.4416253485616698e-07
intermediate,69.36,-69.66784441181092,-69.66784692928984,-69.69179765412585,1.4368279308713388e-07
intermediate,69.37,-69.66793752216248,-69.66794003839402,-69.69188263187381,1.4320464779505716e-07
intermediate,69.38000000000001,-69.66803060499976,-69.66803311998602,-69.69196758702319,1.4272809366720708e-07
intermediate,69.39,-69.66812366033334,-69.66812617407648,-69.6920525195785,1.422531254085328e-07
intermediate,69.4,-69.66821668817391,-69.66821920067598,-69.69213742954425,1.4177973774160484e-07
intermediate,69.41,-69.66830968853209,-69.66831219979517,-69.69222231692497,1.4130792540655432e-07
intermediate,69.42000000000002,-69.66840266141845,-69.66840517144462,-69.69230718172517,1.408376831610172e-07
intermediate,69.43,-69.6684956068436,-69.66849811563496,-69.69239202394938,1.4036900578007626e-07
intermediate,69.44,-69.66858852481815,-69.66859103237672,-69.69247684360211,1.3990188805619873e-07
intermediate,69.45000000000002,-69.66868141535264,-69.66868392168054,-69.69256164068788,1.3943632479918338e-07
intermediate,69.46000000000001,-69.66877427845768,-69.66877678355694,-69.69264641521123,1.3897231083610031e-07
intermediate,69.47,-69.66886711414382,-69.66886961801649,-69.69273116717667,1.3850984101123456e-07
intermediate,69.48,-69.66895992242165,-69.66896242506978,-69.69281589658874,1.380489101860268e-07
intermediate,69.49000000000001,-69.6690527033017,-69.66905520472731,-69.69290060345197,1.375895132390186e-07
intermediate,69.5,-69.6691454567945,-69.66914795699964,-69.6929852877709,1.3713164506579624e-07
intermediate,69.51,-69.6692381829106,-69.66924068189726,-69.69306994955005,1.3667530057892942e-07
intermediate,69.52000000000001,-69.6693308816605,-69.66933337943075,-69.69315458879394,1.362204747079196e-07
intermediate,69.53000000000002,-69.66942355305477,-69.66942604961059,-69.69323920550715,1.3576716239914128e-07
intermediate,69.54,-69.66951619710386,-69.66951869244727,-69.6933237996942,1.353153586157869e-07
intermediate,69.55,-69.66960881381831,-69.6696113079513,-69.69340837135964,1.3486505833780882e-07
intermediate,69.56000000000002,-69.66970140320858,-69.66970389613316,-69.69349292050799,1.3441625656186594e-07
intermediate,69.57000000000001,-69.66979396528521,-69.66979645700334,-69.69357744714382,1.3396894830126868e-07
intermediate,69.58,-69.66988650005862,-69.66988899057232,-69.69366195127168,1.3352312858591925e-07
intermediate,69.59,-69.66997900753931,-69.66998149685054,-69.69374643289609,1.3307879246226162e-07
intermediate,69.60000000000001,-69.67007148773774,-69.67007397584847,-69.69383089202164,1.3263593499322175e-07
intermediate,69.61,-69.67016394066435,-69.67016642757655,-69.69391532865285,1.321945512581584e-07
intermediate,69.62,-69.6702563663296,-69.67025885204521,-69.69399974279428,1.3175463635280194e-07
intermediate,69.63000000000001,-69.67034876474389,-69.6703512492649,-69.69408413445048,1.3131618538920446e-07
intermediate,69.64,-69.67044113591768,-69.67044361924603,-69.69416850362602,1.3087919349568538e-07
intermediate,69.65,-69.6705334798614,-69.67053596199901,-69.69425285032546,1.3044365581677346e-07
intermediate,69.66,-69.67062579658544,-69.67062827753426,-69.69433717455337,1.300095675131575e-07
intermediate,69.67000000000002,-69.67071808610024,-69.67072056586218,-69.69442147631429,1.2957692376162832e-07
intermediate,69.68,-69.67081034841614,-69.67081282699316,-69.6945057556128,1.291457197550305e-07
intermediate,69.69,-69.67090258354357,-69.67090506093757,-69.69459001245346,1.2871595070220262e-07
intermediate,69.70000000000002,-69.6709947914929,-69.67099726770579,-69.69467424684083,1.2828761182792855e-07
intermediate,69.71000000000001,-69.6710869722745,-69.67108944730819,-69.69475845877952,1.2786069837288442e-07
intermediate,69.72,-69.67117912589873,-69.67118159975513,-69.69484264827406,1.2743520559358164e-07
intermediate,69.73,-69.67127125237594,-69.67127372505696,-69.69492681532903,1.2701112876231916e-07
intermediate,69.74000000000001,-69.67136335171654,-69.67136582322404,-69.69501095994902,1.2658846316712654e-07
intermediate,69.75,-69.67145542393078,-69.67145789426667,-69.69509508213858,1.2616720411171678e-07
intermediate,69.76,-69.67154746902908,-69.6715499381952,-69.69517918190229,1.2574734691542806e-07
intermediate,69.77000000000001,-69.67163948702168,-69.67164195501995,-69.69526325924477,1.2532888691317612e-07
intermediate,69.78000000000002,-69.67173147791895,-69.67173394475122,-69.69534731417058,1.2491181945540237e-07
intermediate,69.79,-69.67182344173119,-69.67182590739931,-69.69543134668429,1.2449613990801832e-07
intermediate,69.8,-69.6719153784687,-69.67191784297455,-69.6955153567905,1.24081843652359e-07
intermediate,69.81000000000002,-69.6720072881418,-69.67200975148721,-69.69559934449379,1.23668926085127e-07
intermediate,69.82000000000001,-69.67209917076072,-69.67210163294756,-69.69568330979875,1.2325738261834653e-07
intermediate,69.83,-69.67219102633578,-69.67219348736587,-69.69576725270997,1.228472086793081e-07
intermediate,69.84,-69.67228285487725,-69.67228531475243,-69.69585117323204,1.2243839971051884e-07
intermediate,69.85000000000001,-69.67237465639538,-69.67237711511748,-69.69593507136956,1.220309511696518e-07
intermediate,69.86,-69.6724664309004,-69.67246888847127,-69.69601894712711,1.2162485852949816e-07
intermediate,69.87,-69.6725581784026,-69.67256063482404,-69.69610280050931,1.2122011727791317e-07
intermediate,69.88000000000001,-69.67264989891221,-69.67265235418603,-69.69618663152073,1.2081672291776643e-07
intermediate,69.89000000000001,-69.67274159243945,-69.67274404656747,-69.69627044016597,1.2041467096689552e-07
intermediate,69.9,-69.67283325899457,-69.67283571197858,-69.69635422644967,1.200139569580524e-07
intermediate,69.91,-69.67292489858777,-69.67292735042955,-69.6964379903764,1.196145764388542e-07
intermediate,69.92000000000002,-69.67301651122922,-69.67301896193058,-69.69652173195077,1.1921652497173594e-07
intermediate,69.93,-69.67310809692914,-69.67311054649188,-69.69660545117736,1.188197981338994e-07
intermediate,69.94,-69.67319965569777,-69.67320210412366,-69.69668914806083,1.1842439151726497e-07
intermediate,69.95000000000002,-69.67329118754526,-69.67329363483607,-69.69677282260577,1.1803030072842051e-07
intermediate,69.96000000000001,-69.67338269248178,-69.6733851386393,-69.69685647481677,1.1763752138857661e-07
intermediate,69.97,-69.67347417051754,-69.67347661554352,-69.69694010469846,1.172460491335144e-07
intermediate,69.98,-69.67356562166266,-69.67356806555885,-69.69702371225544,1.1685587961353726e-07
intermediate,69.99000000000001,-69.67365704592729,-69.67365948869549,-69.69710729749235,1.164670084934247e-07
intermediate,70.0,-69.67374844332161,-69.67375088496352,-69.6971908604138,1.1607943145238254e-07
intermediate,70.01,-69.67383981385574,-69.67384225437311,-69.69727440102439,1.1569314418399559e-07
intermediate,70.02,-69.6739311575398,-69.67393359693442,-69.69735791932874,1.1530814239617831e-07
intermediate,70.03000000000002,-69.67402247438395,-69.67402491265752,-69.6974414153315,1.1492442181112911e-07
intermediate,70.04,-69.67411376439827,-69.67411620155254,-69.69752488903725,1.145419781652832e-07
intermediate,70.05,-69.67420502759292,-69.67420746362957,-69.69760834045066,1.1416080720926155e-07
intermediate,70.06000000000002,-69.67429626397794,-69.67429869889872,-69.69769176957634,1.1378090470782787e-07
intermediate,70.07000000000001,-69.67438747356346,-69.67438990737008,-69.6977751764189,1.1340226643983927e-07
intermediate,70.08,-69.67447865635955,-69.67448108905373,-69.69785856098297,1.1302488819820044e-07
intermediate,70.09,-69.6745698123763,-69.67457224395974,-69.6979419232732,1.1264876578981512e-07
intermediate,70.10000000000001,-69.6746609416238,-69.67466337209818,-69.69802526329423,1.1227389503554157e-07
intermediate,70.11,-69.67475204411207,-69.67475447347911,-69.69810858105068,1.1190027177014649e-07
intermediate,70.12,-69.67484311985119,-69.67484554811257,-69.69819187654717,1.1152789184225526e-07
intermediate,70.13000000000001,-69.67493416885121,-69.6749365960086,-69.69827514978836,1.111567511143097e-07
intermediate,70.14000000000001,-69.67502519112217,-69.67502761717728,-69.69835840077887,1.1078684546252008e-07
intermediate,70.15,-69.67511618667409,-69.67511861162859,-69.69844162952334,1.1041817077682024e-07
intermediate,70.16,-69.67520715551704,-69.67520957937258,-69.69852483602644,1.1005072296082018e-07
intermediate,70.17000000000002,-69.675298097661,-69.67530052041926,-69.69860802029278,1.0968449793176261e-07
intermediate,70.18,-69.67538901311599,-69.67539143477862,-69.69869118232701,1.0931949162047797e-07
intermediate,70.19,-69.67547990189203,-69.67548232246068,-69.69877432213379,1.0895569997133561e-07
intermediate,70.20000000000002,-69.67557076399906,-69.67557318347541,-69.69885743971774,1.0859311894220275e-07
intermediate,70.21000000000001,-69.67566159944714,-69.6756640178328,-69.69894053508352,1.082317445043976e-07
intermediate,70.22,-69.67575240824623,-69.67575482554285,-69.69902360823579,1.0787157264264526e-07
intermediate,70.23,-69.67584319040627,-69.67584560661551,-69.6991066591792,1.0751259935503168e-07
intermediate,70.24000000000001,-69.67593394593729,-69.67593636106075,-69.69918968791838,1.0715482065296112e-07
intermediate,70.25,-69.67602467484917,-69.6760270888885,-69.69927269445802,1.0679823256111209e-07
intermediate,70.26,-69.67611537715196,-69.67611779010875,-69.69935567880275,1.0644283111738986e-07
intermediate,70.27,-69.67620605285552,-69.6762084647314,-69.69943864095723,1.0608861237288665e-07
intermediate,70.28000000000002,-69.67629670196982,-69.67629911276642,-69.6995215809261,1.0573557239183384e-07
intermediate,70.29,-69.67638732450479,-69.6763897342237,-69.69960449871405,1.0538370725156282e-07
intermediate,70.3,-69.67647792047035,-69.67648032911319,-69.69968739432574,1.050330130424562e-07
intermediate,70.31000000000002,-69.67656848987642,-69.67657089744478,-69.69977026776581,1.0468348586790806e-07
intermediate,70.32000000000001,-69.67665903273291,-69.67666143922838,-69.69985311903893,1.043351218442806e-07
intermediate,70.33,-69.67674954904972,-69.67675195447389,-69.6999359481498,1.039879171008578e-07
intermediate,70.34,-69.67684003883672,-69.67684244319118,-69.70001875510303,1.0364186777980631e-07
intermediate,70.35000000000001,-69.67693050210386,-69.67693290539017,-69.70010153990332,1.0329697003612905e-07
intermediate,70.36,-69.67702093886095,-69.67702334108071,-69.70018430255534,1.0295322003762674e-07
intermediate,70.37,-69.67711134911791,-69.67711375027267,-69.70026704306376,1.0261061396485035e-07
intermediate,70.38000000000001,-69.67720173288455,-69.6772041329759,-69.70034976143323,1.0226914801106219e-07
intermediate,70.39000000000001,-69.67729209017081,-69.67729448920028,-69.70043245766844,1.0192881838219371e-07
intermediate,70.4,-69.67738242098646,-69.67738481895563,-69.70051513177405,1.0158962129679999e-07
intermediate,70.41,-69.67747272534139,-69.6774751222518,-69.70059778375476,1.0125155298602175e-07
intermediate,70.42000000000002,-69.67756300324541,-69.67756539909863,-69.70068041361523,1.0091460969353987e-07
intermediate,70.43,-69.67765325470839,-69.67765564950592,-69.70076302136013,1.0057878767553761e-07
intermediate,70.44,-69.67774347974013,-69.67774587348353,-69.70084560699418,1.0024408320065576e-07
intermediate,70.45000000000002,-69.67783367835042,-69.67783607104124,-69.700928170522,9.991049254995119e-08
intermediate,70.46000000000001,-69.67792385054909,-69.67792624218885,-69.70101071194833,9.957801201685909e-08
intermediate,70.47,-69.67801399634594,-69.67801638693615,-69.70109323127782,9.924663790714684e-08
intermediate,70.48,-69.67810411575074,-69.67810650529294,-69.70117572851517,9.89163665388772e-08
intermediate,70.49000000000001,-69.67819420877333,-69.67819659726904,-69.70125820366505,9.858719424236384e-08
intermediate,70.5,-69.67828427542345,-69.67828666287416,-69.70134065673216,9.825911736013445e-08
intermediate,70.51,-69.67837431571087,-69.6783767021181,-69.7014230877212,9.793213224688699e-08
intermediate,70.52,-69.67846432964537,-69.6784667150106,-69.70150549663683,9.760623526944944e-08
intermediate,70.53000000000002,-69.67855431723667,-69.67855670156143,-69.70158788348375,9.72814228067413e-08
intermediate,70.54,-69.67864427849456,-69.67864666178035,-69.70167024826667,9.695769124973185e-08
intermediate,70.55,-69.6787342134288,-69.67873659567707,-69.70175259099027,9.66350370014008e-08
intermediate,70.56000000000002,-69.67882412204904,-69.67882650326133,-69.70183491165923,9.631345647669661e-08
intermediate,70.57000000000001,-69.67891400436513,-69.67891638454287,-69.7019172102783,9.599294610250005e-08
intermediate,70.58,-69.6790038603867,-69.67900623953139,-69.70199948685213,9.567350231758142e-08
intermediate,70.59,-69.6790936901235,-69.67909606823662,-69.70208174138541,9.53551215725614e-08
intermediate,70.60000000000001,-69.67918349358521,-69.67918587066825,-69.70216397388288,9.50378003298732e-08
intermediate,70.61,-69.67927327078162,-69.67927564683599,-69.7022461843492,9.472153506372198e-08
intermediate,70.62,-69.67936302172231,-69.6793653967495,-69.70232837278911,9.440632226004631e-08
intermediate,70.63000000000001,-69.67945274641704,-69.6794551204185,-69.70241053920729,9.409215841647744e-08
intermediate,70.64000000000001,-69.67954244487547,-69.67954481785264,-69.70249268360847,9.37790400423038e-08
intermediate,70.65,-69.67963211710725,-69.6796344890616,-69.70257480599732,9.346696365842908e-08
intermediate,70.66,-69.67972176312209,-69.67972413405505,-69.70265690637856,9.315592579733407e-08
intermediate,70.67000000000002,-69.67981138292961,-69.67981375284263,-69.70273898475692,9.284592300303963e-08
intermediate,70.68,-69.67990097653947,-69.67990334543398,-69.70282104113708,9.253695183106709e-08
intermediate,70.69,-69.67999054396135,-69.67999291183878,-69.70290307552376,9.222900884840062e-08
intermediate,70.7,-69.68008008520488,-69.68008245206664,-69.70298508792168,9.192209063344762e-08
intermediate,70.71000000000001,-69.68016960027964,-69.68017196612719,-69.70306707833554,9.161619377600262e-08
intermediate,70.72,-69.68025908919532,-69.68026145403005,-69.70314904677006,9.131131487720943e-08
intermediate,70.73,-69.68034855196149,-69.68035091578483,-69.70323099322998,9.100745054952064e-08
intermediate,70.74000000000001,-69.6804379885878,-69.68044035140115,-69.70331291771998,9.070459741666314e-08
intermediate,70.75000000000001,-69.68052739908381,-69.68052976088858,-69.70339482024481,9.040275211359898e-08
intermediate,70.76,-69.68061678345914,-69.68061914425672,-69.70347670080915,9.010191128648873e-08
intermediate,70.77,-69.68070614172339,-69.6807085015152,-69.70355855941773,8.980207159265272e-08
intermediate,70.78000000000002,-69.68079547388615,-69.68079783267358,-69.70364039607531,8.95032297005358e-08
intermediate,70.79,-69.68088477995695,-69.68088713774138,-69.70372221078658,8.920538228967029e-08
intermediate,70.8,-69.68097405994541,-69.68097641672824,-69.70380400355626,8.890852605063658e-08
intermediate,70.81000000000002,-69.68106331386109,-69.68106566964369,-69.7038857743891,8.861265768502924e-08
intermediate,70.82000000000001,-69.68115254171353,-69.68115489649728,-69.70396752328978,8.831777390541892e-08
intermediate,70.83,-69.68124174351227,-69.68124409729855,-69.70404925026308,8.80238714353165e-08
intermediate,70.84,-69.68133091926688,-69.68133327205705,-69.70413095531369,8.77309470091353e-08
intermediate,70.85000000000001,-69.68142006898688,-69.6814224207823,-69.70421263844636,8.743899737215648e-08
intermediate,70.86,-69.68150919268177,-69.68151154348382,-69.70429429966582,8.714801928049312e-08
intermediate,70.87,-69.68159829036112,-69.68160064017117,-69.7043759389768,8.685800950105134e-08
intermediate,70.88000000000001,-69.68168736203442,-69.68168971085382,-69.70445755638401,8.656896481149764e-08
intermediate,70.89000000000001,-69.6817764077112,-69.68177875554127,-69.70453915189222,8.628088200022137e-08
intermediate,70.9,-69.68186542740094,-69.68186777424305,-69.70462072550613,8.599375786629972e-08
intermediate,70.91,-69.68195442111313,-69.68195676696863,-69.7047022772305,8.570758921946099e-08
intermediate,70.92000000000002,-69.6820433888573,-69.6820457337275,-69.70478380707006,8.54223728800506e-08
intermediate,70.93,-69.68213233064289,-69.68213467452915,-69.70486531502955,8.513810567899612e-08
intermediate,70.94,-69.68222124647939,-69.68222358938303,-69.7049468011137,8.485478445776921e-08
intermediate,70.95,-69.68231013637624,-69.68231247829861,-69.70502826532726,8.457240606835403e-08
intermediate,70.96000000000001,-69.68239900034298,-69.68240134128538,-69.70510970767496,8.429096737320907e-08
intermediate,70.97,-69.68248783838898,-69.68249017835275,-69.70519112816154,8.401046524523606e-08
intermediate,70.98,-69.68257665052374,-69.68257898951019,-69.70527252679177,8.373089656774088e-08
intermediate,70.99000000000001,-69.68266543675668,-69.68266777476711,-69.70535390357038,8.345225823440207e-08
intermediate,71.00000000000001,-69.68275419709724,-69.68275653413298,-69.7054352585021,8.31745471492361e-08
intermediate,71.01,-69.68284293155486,-69.6828452676172,-69.7055165915917,8.289776022656053e-08
intermediate,71.02,-69.68293164013897,-69.6829339752292,-69.70559790284392,8.262189439096286e-08
intermediate,71.03000000000002,-69.68302032285892,-69.68302265697837,-69.70567919226349,8.23469465772634e-08
intermediate,71.04,-69.68310897972418,-69.68311131287413,-69.70576045985517,8.207291373048452e-08
intermediate,71.05,-69.68319761074416,-69.68319994292591,-69.70584170562371,8.179979280581396e-08
intermediate,71.06000000000002,-69.68328621592826,-69.68328854714306,-69.70592292957389,8.152758076857113e-08
intermediate,71.07000000000001,-69.6833747952858,-69.68337712553497,-69.70600413171043,8.125627459417617e-08
intermediate,71.08,-69.68346334882624,-69.68346567811103,-69.70608531203808,8.098587126811239e-08
intermediate,71.09,-69.68355187655888,-69.68355420488061,-69.70616647056161,8.071636778589616e-08
intermediate,71.10000000000001,-69.68364037849317,-69.68364270585307,-69.70624760728579,8.044776115304074e-08
intermediate,71.11000000000001,-69.68372885463839,-69.68373118103777,-69.70632872221536,8.018004838502607e-08
intermediate,71.12,-69.68381730500397,-69.68381963044406,-69.70640981535506,7.991322650726308e-08
intermediate,71.13000000000001,-69.68390572959922,-69.6839080540813,-69.70649088670967,7.964729255506064e-08
intermediate,71.14000000000001,-69.6839941284335,-69.68399645195882,-69.70657193628395,7.938224357359546e-08
intermediate,71.15,-69.68408250151614,-69.68408482408594,-69.70665296408264,7.91180766178753e-08
intermediate,71.16,-69.68417084885647,-69.68417317047201,-69.70673397011052,7.885478875270958e-08
intermediate,71.17000000000002,-69.68425917046379,-69.68426149112635,-69.70681495437236,7.859237705267404e-08
intermediate,71.18,-69.68434746634748,-69.68434978605825,-69.7068959168729,7.833083860208125e-08
intermediate,71.19,-69.68443573651678,-69.68443805527704,-69.70697685761692,7.807017049494575e-08
intermediate,71.2,-69.68452398098103,-69.68452629879202,-69.70705777660919,7.781036983495202e-08
intermediate,71.21000000000001,-69.68461219974954,-69.68461451661247,-69.70713867385446,7.755143373542362e-08
intermediate,71.22,-69.68470039283156,-69.68470270874768,-69.7072195493575,7.729335931929015e-08
intermediate,71.23,-69.68478856023641,-69.68479087520693,-69.7073004031231,7.703614371905567e-08
intermediate,71.24000000000001,-69.68487670197338,-69.68487901599951,-69.707381235156,7.677978407676566e-08
intermediate,71.25000000000001,-69.6849648180517,-69.68496713113468,-69.707462045461,7.65242775439778e-08
intermediate,71.26,-69.68505290848066,-69.6850552206217,-69.70754283404283,7.626962128172796e-08
intermediate,71.27,-69.68514097326953,-69.68514328446986,-69.70762360090629,7.601581246049901e-08
intermediate,71.28000000000002,-69.68522901242754,-69.68523132268835,-69.70770434605615,7.576284826019055e-08
intermediate,71.29,-69.68531702596397,-69.68531933528647,-69.70778506949719,7.551072587008666e-08
intermediate,71.3,-69.68540501388799,-69.68540732227339,-69.70786577123418,7.525944248882512e-08
intermediate,71.31000000000002,-69.6854929762089,-69.6854952836584,-69.7079464512719,7.5008995324365e-08
intermediate,71.32000000000001,-69.68558091293592,-69.6855832194507,-69.7080271096151,7.475938159395818e-08
intermediate,71.33,-69.68566882407826,-69.68567112965951,-69.70810774626858,7.451059852411628e-08
intermediate,71.34,-69.68575670964512,-69.68575901429404,-69.70818836123712,7.426264335057983e-08
intermediate,71.35000000000001,-69.68584456964572,-69.6858468733635,-69.7082689545255,7.401551331828907e-08
intermediate,71.36000000000001,-69.68593240408927,-69.68593470687708,-69.70834952613848,7.376920568135221e-08
intermediate,71.37,-69.68602021298494,-69.68602251484397,-69.70843007608086,7.352371770301547e-08
intermediate,71.38,-69.68610799634196,-69.6861102972734,-69.70851060435743,7.327904665563157e-08
intermediate,71.39000000000001,-69.68619575416952,-69.68619805417448,-69.70859111097295,7.303518982063083e-08
intermediate,71.4,-69.68628348647673,-69.68628578555644,-69.70867159593222,7.279214448849111e-08
intermediate,71.41,-69.68637119327279,-69.68637349142841,-69.70875205924001,7.254990795870546e-08
intermediate,71.42000000000002,-69.68645887456688,-69.68646117179956,-69.70883250090112,7.230847753975462e-08
intermediate,71.43,-69.68654653036816,-69.68654882667906,-69.70891292092034,7.206785054907593e-08
intermediate,71.44,-69.68663416068577,-69.68663645607604,-69.70899331930242,7.182802431303391e-08
intermediate,71.45,-69.68672176552887,-69.68672405999966,-69.7090736960522,7.158899616688966e-08
intermediate,71.46000000000001,-69.68680934490656,-69.68681163845903,-69.70915405117444,7.135076345477239e-08
intermediate,71.47,-69.68689689882802,-69.68689919146331,-69.70923438467392,7.111332352965033e-08
intermediate,71.48,-69.68698442730233,-69.68698671902162,-69.70931469655545,7.087667375329882e-08
intermediate,71.49000000000001,-69.68707193033869,-69.68707422114305,-69.70939498682381,7.064081149627378e-08
intermediate,71.50000000000001,-69.6871594079461,-69.68716169783671,-69.70947525548381,7.040573413788099e-08
intermediate,71.51,-69.68724686013374,-69.68724914911175,-69.70955550254023,7.017143906614767e-08
intermediate,71.52,-69.68733428691073,-69.68733657497724,-69.70963572799785,6.993792367779231e-08
intermediate,71.53000000000002,-69.68742168828611,-69.68742397544226,-69.70971593186148,6.97051853781971e-08
intermediate,71.54,-69.68750906426902,-69.68751135051593,-69.70979611413591,6.947322158137926e-08
intermediate,71.55,-69.68759641486851,-69.68759870020729,-69.70987627482594,6.924202970996018e-08
intermediate,71.56000000000002,-69.68768374009366,-69.68768602452543,-69.70995641393637,6.90116071951391e-08
intermediate,71.57000000000001,-69.68777103995355,-69.68777332347945,-69.710036531472,6.878195147666355e-08
intermediate,71.58,-69.68785831445724,-69.68786059707837,-69.7101166274376,6.855306000280116e-08
intermediate,71.59,-69.6879455636138,-69.68794784533125,-69.710196701838,6.832493023031052e-08
intermediate,71.60000000000001,-69.68803278743226,-69.68803506824716,-69.710276754678,6.809755962441398e-08
intermediate,71.61000000000001,-69.68811998592173,-69.68812226583515,-69.71035678596239,6.787094565876992e-08
intermediate,71.62,-69.68820715909116,-69.68820943810424,-69.71043679569598,6.764508581544231e-08
intermediate,71.63,-69.68829430694964,-69.68829658506345,-69.71051678388356,6.741997758487551e-08
intermediate,71.64000000000001,-69.68838142950618,-69.68838370672181,-69.71059675052994,6.719561846586389e-08
intermediate,71.65,-69.6884685267698,-69.68847080308836,-69.71067669563993,6.697200596552676e-08
intermediate,71.66,-69.68855559874952,-69.68855787417209,-69.71075661921834,6.674913759927853e-08
intermediate,71.67000000000002,-69.68864264545435,-69.68864491998201,-69.71083652126995,6.652701089080095e-08
intermediate,71.68,-69.68872966689331,-69.68873194052715,-69.7109164017996,6.63056233720182e-08
intermediate,71.69,-69.68881666307537,-69.68881893581647,-69.71099626081205,6.608497258306595e-08
intermediate,71.7,-69.68890363400956,-69.68890590585897,-69.71107609831215,6.586505607226694e-08
intermediate,71.71000000000001,-69.68899057970484,-69.68899285066364,-69.7111559143047,6.564587139610146e-08
intermediate,71.72,-69.68907750017017,-69.68907977023946,-69.7112357087945,6.542741611918267e-08
intermediate,71.73,-69.68916439541456,-69.68916666459538,-69.71131548178637,6.520968781422742e-08
intermediate,71.74000000000001,-69.68925126544697,-69.68925353374038,-69.7113952332851,6.499268406202942e-08
intermediate,71.75000000000001,-69.68933811027634,-69.68934037768341,-69.71147496329553,6.477640245143456e-08
intermediate,71.76,-69.68942492991164,-69.68942719643343,-69.71155467182247,6.45608405793109e-08
intermediate,71.77,-69.6895117243618,-69.68951398999936,-69.71163435887071,6.434599605052479e-08
intermediate,71.78000000000002,-69.6895984936358,-69.68960075839017,-69.71171402444506,6.41318664779119e-08
intermediate,71.79,-69.68968523774255,-69.6896875016148,-69.71179366855037,6.39184494822532e-08
intermediate,71.8,-69.689771956691,-69.68977421968218,-69.71187329119145,6.370574269224659e-08
intermediate,71.81000000000002,-69.68985865049007,-69.68986091260119,-69.7119528923731,6.34937437444804e-08
intermediate,71.82000000000001,-69.68994531914866,-69.6899475803808,-69.71203247210012,6.32824502834095e-08
intermediate,71.83,-69.69003196267573,-69.6900342230299,-69.71211203037734,6.307185996132592e-08
intermediate,71.84,-69.69011858108016,-69.6901208405574,-69.7121915672096,6.286197043833544e-08
intermediate,71.85000000000001,-69.69020517437085,-69.69020743297219,-69.71227108260169,6.265277938232947e-08
intermediate,71.86000000000001,-69.6902917425567,-69.69029400028316,-69.71235057655846,6.244428446896143e-08
intermediate,71.87,-69.69037828564659,-69.69038054249923,-69.7124300490847,6.223648338161903e-08
intermediate,71.88,-69.69046480364943,-69.69046705962924,-69.71250950018525,6.202937381139872e-08
intermediate,71.89000000000001,-69.69055129657406,-69.69055355168207,-69.7125889298649,6.182295345708115e-08
intermediate,71.9,-69.69063776442937,-69.69064001866661,-69.71266833812852,6.161722002510469e-08
intermediate,71.91,-69.69072420722425,-69.69072646059172,-69.7127477249809,6.141217122954043e-08
intermediate,71.92000000000002,-69.69081062496753,-69.69081287746623,-69.71282709042688,6.120780479206566e-08
intermediate,71.93,-69.69089701766806,-69.69089926929902,-69.71290643447126,6.10041184419407e-08
intermediate,71.94,-69.69098338533472,-69.69098563609894,-69.7129857571189,6.080110991598184e-08
intermediate,71.95,-69.69106972797633,-69.69107197787483,-69.71306505837458,6.059877695853624e-08
intermediate,71.96000000000001,-69.69115604560173,-69.6911582946355,-69.71314433824317,6.039711732145808e-08
intermediate,71.97000000000001,-69.69124233821978,-69.69124458638981,-69.71322359672948,6.019612876408262e-08
intermediate,71.98,-69.69132860583926,-69.69133085314657,-69.71330283383833,5.999580905320185e-08
intermediate,71.99000000000001,-69.69141484846905,-69.69141709491458,-69.71338204957456,5.979615596303847e-08
intermediate,72.00000000000001,-69.69150106611788,-69.69150331170266,-69.71346124394299,5.959716727522343e-08
intermediate,72.01,-69.69158725879463,-69.69158950351964,-69.71354041694843,5.939884077876923e-08
intermediate,72.02,-69.69167342650803,-69.69167567037428,-69.71361956859576,5.920117427004568e-08
intermediate,72.03000000000002,-69.69175956926699,-69.6917618122754,-69.71369869888977,5.900416555275642e-08
intermediate,72.04,-69.69184568708019,-69.69184792923178,-69.7137778078353,5.880781243791369e-08
intermediate,72.05,-69.69193177995646,-69.69193402125224,-69.71385689543719,5.861211274381437e-08
intermediate,72.06,-69.69201784790461,-69.69202008834549,-69.71393596170027,5.841706429601501e-08
intermediate,72.07000000000001,-69.69210389093335,-69.69210613052033,-69.71401500662937,5.822266492730861e-08
intermediate,72.08,-69.69218990905148,-69.69219214778553,-69.71409403022932,5.8028912477700815e-08
intermediate,72.09,-69.69227590226778,-69.69227814014988,-69.71417303250497,5.783580479438403e-08
intermediate,72.10000000000001,-69.692361870591,-69.69236410762208,-69.71425201346113,5.764333973171552e-08
intermediate,72.11000000000001,-69.69244781402986,-69.6924500502109,-69.71433097310266,5.745151515119264e-08
intermediate,72.12,-69.6925337325931,-69.69253596792507,-69.71440991143437,5.7260328921429356e-08
intermediate,72.13,-69.69261962628953,-69.69262186077336,-69.71448882846113,5.706977891813188e-08
intermediate,72.14000000000001,-69.69270549512784,-69.69270772876447,-69.71456772418775,5.687986302407598e-08
intermediate,72.15,-69.6927913391167,-69.69279357190713,-69.71464659861907,5.669057912908373e-08
intermediate,72.16,-69.69287715826493,-69.69287939021007,-69.71472545175993,5.6501925129998154e-08
intermediate,72.17000000000002,-69.6929629525812,-69.69296518368199,-69.71480428361517,5.631389893066199e-08
intermediate,72.18,-69.69304872207418,-69.69305095233162,-69.71488309418963,5.612649844189331e-08
intermediate,72.19,-69.69313446675265,-69.69313669616764,-69.71496188348816,5.593972158146273e-08
intermediate,72.2,-69.69322018662527,-69.69322241519875,-69.7150406515156,5.575356627406947e-08
intermediate,72.21000000000001,-69.69330588170075,-69.69330810943366,-69.71511939827678,5.5568030451319326e-08
intermediate,72.22000000000001,-69.69339155198776,-69.69339377888102,-69.71519812377653,5.5383112051701835e-08
intermediate,72.23,-69.693477197495,-69.69347942354955,-69.71527682801973,5.519880902056561e-08
intermediate,72.24000000000001,-69.69356281823113,-69.69356504344789,-69.71535551101118,5.5015119310097314e-08
intermediate,72.25000000000001,-69.69364841420484,-69.69365063858474,-69.71543417275576,5.4832040879298865e-08
intermediate,72.26,-69.69373398542477,-69.69373620896874,-69.71551281325829,5.464957169396297e-08
intermediate,72.27,-69.6938195318996,-69.69382175460855,-69.71559143252362,5.44677097266528e-08
intermediate,72.28000000000002,-69.69390505363796,-69.69390727551281,-69.7156700305566,5.4286452956677345e-08
intermediate,72.29,-69.69399055064854,-69.6939927716902,-69.71574860736206,5.4105799370071395e-08
intermediate,72.3,-69.69407602293997,-69.69407824314935,-69.71582716294486,5.392574695957047e-08
intermediate,72.31,-69.69416147052087,-69.69416368989889,-69.71590569730986,5.374629372459073e-08
intermediate,72.32000000000001,-69.69424689339985,-69.69424911194744,-69.71598421046188,5.3567437671204944e-08
intermediate,72.33000000000001,-69.69433229158558,-69.69433450930363,-69.71606270240578,5.338917681212236e-08
intermediate,72.34,-69.69441766508672,-69.69441988197609,-69.71614117314643,5.321150916666492e-08
intermediate,72.35000000000001,-69.69450301391177,-69.6945052299734,-69.71621962268863,5.303443276074529e-08
intermediate,72.36000000000001,-69.69458833806944,-69.69459055330422,-69.71629805103727,5.285794562684678e-08
intermediate,72.37,-69.69467363756827,-69.69467585197711,-69.71637645819717,5.2682045803998855e-08
intermediate,72.38,-69.6947589124169,-69.69476112600069,-69.7164548441732,5.25067313377576e-08
intermediate,72.39000000000001,-69.6948441626239,-69.69484637538352,-69.7165332089702,5.233200028018214e-08
intermediate,72.4,-69.69492938819788,-69.69493160013421,-69.71661155259304,5.2157850689815044e-08
intermediate,72.41,-69.69501458914738,-69.69501680026134,-69.71668987504654,5.198428063165906e-08
intermediate,72.42000000000002,-69.69509976548102,-69.69510197577347,-69.71676817633558,5.181128817715567e-08
intermediate,72.43,-69.69518491720737,-69.69518712667919,-69.716846456465,5.1638871404165416e-08
intermediate,72.44,-69.69527004433496,-69.69527225298702,-69.71692471543966,5.1467028396944067e-08
intermediate,72.45,-69.69535514687237,-69.69535735470556,-69.7170029532644,5.1295757246123485e-08
intermediate,72.46000000000001,-69.69544022482813,-69.69544243184336,-69.71708116994408,5.112505604868856e-08
intermediate,72.47000000000001,-69.69552527821087,-69.69552748440896,-69.71715936548357,5.0954922907958105e-08
intermediate,72.48,-69.69561030702904,-69.69561251241088,-69.71723753988769,5.078535593356216e-08
intermediate,72.49000000000001,-69.69569531129125,-69.69569751585769,-69.71731569316134,5.0616353241420925e-08
intermediate,72.50000000000001,-69.69578029100596,-69.69578249475788,-69.71739382530934,5.044791295372571e-08
intermediate,72.51,-69.69586524618175,-69.69586744912002,-69.71747193633655,5.028003319891546e-08
intermediate,72.52,-69.69595017682713,-69.6959523789526,-69.71755002624785,5.0112712111658227e-08
intermediate,72.53000000000002,-69.6960350829506,-69.69603728426414,-69.71762809504808,4.994594783282856e-08
intermediate,72.54,-69.69611996456071,-69.69612216506316,-69.71770614274212,4.977973850948883e-08
intermediate,72.55,-69.69620482166592,-69.69620702135815,-69.7177841693348,4.961408229486707e-08
intermediate,72.56,-69.69628965427476,-69.69629185315762,-69.71786217483098,4.9448977348336626e-08
intermediate,72.57000000000001,-69.69637446239574,-69.69637666047005,-69.71794015923554,4.928442183539657e-08
intermediate,72.58000000000001,-69.6964592460373,-69.69646144330393,-69.7180181225533,4.912041392765061e-08
intermediate,72.59,-69.69654400520794,-69.69654620166774,-69.71809606478917,4.8956951802787156e-08
intermediate,72.60000000000001,-69.69662873991619,-69.69663093557,-69.71817398594797,4.8794033644558166e-08
intermediate,72.61000000000001,-69.69671345017045,-69.69671564501911,-69.71825188603458,4.863165764276073e-08
intermediate,72.62,-69.69679813597924,-69.69680033002358,-69.71832976505387,4.8469821993215385e-08
intermediate,72.63,-69.69688279735101,-69.69688499059185,-69.71840762301066,4.830852489774622e-08
intermediate,72.64000000000001,-69.6969674342942,-69.69696962673241,-69.71848545990987,4.8147764564161814e-08
intermediate,72.65,-69.69705204681728,-69.69705423845367,-69.71856327575632,4.7987539206234584e-08
intermediate,72.66,-69.69713663492865,-69.69713882576407,-69.7186410705549,4.782784704368129e-08
intermediate,72.67000000000002,-69.69722119863683,-69.69722338867209,-69.71871884431044,4.766868630214242e-08
intermediate,72.68,-69.69730573795019,-69.69730792718612,-69.71879659702783,4.7510055213164154e-08
intermediate,72.69,-69.69739025287718,-69.69739244131462,-69.71887432871193,4.7351952014177225e-08
intermediate,72.7,-69.69747474342626,-69.69747693106599,-69.7189520393676,4.719437494847744e-08
intermediate,72.71000000000001,-69.69755920960583,-69.69756139644869,-69.7190297289997,4.7037322265207064e-08
intermediate,72.72000000000001,-69.69764365142427,-69.69764583747109,-69.7191073976131,4.688079221933467e-08
intermediate,72.73,-69.69772806889003,-69.69773025414159,-69.71918504521267,4.672478307163608e-08
intermediate,72.74,-69.69781246201148,-69.69781464646863,-69.71926267180326,4.6569293088674386e-08
intermediate,72.75000000000001,-69.69789683079705,-69.69789901446057,-69.71934027738976,4.64143205427815e-08
intermediate,72.76,-69.69798117525514,-69.69798335812584,-69.71941786197704,4.625986371203917e-08
intermediate,72.77,-69.6980654953941,-69.6980676774728,-69.71949542556993,4.610592088025828e-08
intermediate,72.78000000000002,-69.6981497912223,-69.69815197250983,-69.71957296817332,4.5952490336961516e-08
intermediate,72.79,-69.69823406274823,-69.69823624324532,-69.71965048979209,4.579957037736348e-08
intermediate,72.8,-69.69831830998014,-69.69832048968763,-69.7197279904311,4.5647159302352096e-08
intermediate,72.81,-69.69840253292642,-69.69840471184513,-69.7198054700952,4.5495255418469094e-08
intermediate,72.82000000000001,-69.6984867315955,-69.69848890972618,-69.71988292878926,4.534385703789197e-08
intermediate,72.83000000000001,-69.69857090599565,-69.69857308333914,-69.71996036651818,4.519296247841541e-08
intermediate,72.84,-69.6986550561353,-69.69865723269236,-69.72003778328681,4.50425700634312e-08
intermediate,72.85000000000001,-69.69873918202272,-69.69874135779415,-69.72011517910002,4.489267812191091e-08
intermediate,72.86000000000001,-69.69882328366631,-69.6988254586529,-69.72019255396268,4.47432849883875e-08
intermediate,72.87,-69.6989073610744,-69.69890953527693,-69.72026990787968,4.459438900293524e-08
intermediate,72.88,-69.69899141425532,-69.69899358767454,-69.72034724085586,4.444598851115306e-08
intermediate,72.89000000000001,-69.69907544321734,-69.69907761585408,-69.72042455289609,4.429808186414463e-08
intermediate,72.9,-69.69915944796882,-69.69916161982385,-69.72050184400526,4.4150667418501846e-08
intermediate,72.91,-69.6992434285181,-69.69924559959217,-69.72057911418824,4.4003743536284454e-08
intermediate,72.92000000000002,-69.69932738487346,-69.69932955516737,-69.72065636344989,4.385730858500335e-08
intermediate,72.93,-69.69941131704321,-69.69941348655773,-69.7207335917951,4.37113609376025e-08
intermediate,72.94,-69.69949522503569,-69.69949739377157,-69.72081079922872,4.3565898972439386e-08
intermediate,72.95,-69.69957910885911,-69.69958127681716,-69.72088798575564,4.3420921073268774e-08
intermediate,72.96000000000001,-69.69966296852182,-69.69966513570277,-69.72096515138074,4.327642562922316e-08
intermediate,72.97000000000001,-69.69974680403212,-69.69974897043673,-69.72104229610888,4.313241103479674e-08
intermediate,72.98,-69.69983061539824,-69.69983278102728,-69.72111941994494,4.298887568982543e-08
intermediate,72.99,-69.69991440262848,-69.69991656748273,-69.72119652289378,4.284581799947087e-08
intermediate,73.00000000000001,-69.69999816573109,-69.7000003298113,-69.7212736049603,4.2703236374201234e-08
intermediate,73.01,-69.70008190471435,-69.7000840680213,-69.72135066614936,4.2561129229775254e-08
intermediate,73.02,-69.70016561958653,-69.70016778212093,-69.72142770646583,4.2419494987223176e-08
intermediate,73.03000000000002,-69.70024931035587,-69.7002514721185,-69.7215047259146,4.227833207282929e-08
intermediate,73.04,-69.70033297703064,-69.70033513802224,-69.72158172450054,4.2137638918115926e-08
intermediate,73.05,-69.70041661961905,-69.70041877984036,-69.72165870222852,4.1997413959823906e-08
intermediate,73.06,-69.70050023812932,-69.70050239758112,-69.72173565910343,4.185765563989699e-08
intermediate,73.07000000000001,-69.70058383256975,-69.70058599125275,-69.72181259513012,4.1718362405463084e-08
intermediate,73.08000000000001,-69.70066740294853,-69.70066956086349,-69.72188951031349,4.1579532708818586e-08
intermediate,73.09,-69.7007509492739,-69.70075310642156,-69.72196640465843,4.1441165007409874e-08
intermediate,73.10000000000001,-69.70083447155403,-69.70083662793513,-69.72204327816979,4.1303257763816204e-08
intermediate,73.11000000000001,-69.70091796979719,-69.70092012541247,-69.72212013085246,4.116580944573402e-08
intermediate,73.12,-69.70100144401158,-69.70100359886176,-69.72219696271131,4.1028818525957927e-08
intermediate,73.13,-69.70108489420537,-69.7010870482912,-69.72227377375123,4.08922834823655e-08
intermediate,73.14000000000001,-69.70116832038676,-69.70117047370898,-69.72235056397709,4.0756202797898825e-08
intermediate,73.15,-69.70125172256398,-69.70125387512333,-69.72242733339377,4.062057496054937e-08
intermediate,73.16,-69.70133510074523,-69.70133725254239,-69.72250408200614,4.0485398463339744e-08
intermediate,73.17000000000002,-69.70141845493863,-69.70142060597436,-69.7225808098191,4.035067180430705e-08
intermediate,73.18,-69.7015017851524,-69.70150393542743,-69.72265751683751,4.02163934864876e-08
intermediate,73.19000000000001,-69.7015850913947,-69.70158724090975,-69.72273420306627,4.008256201789827e-08
intermediate,73.2,-69.70166837367371,-69.7016705224295,-69.72281086851024,3.994917591152166e-08
intermediate,73.21000000000001,-69.70175163199761,-69.70175377999483,-69.7228875131743,3.981623368528811e-08
intermediate,73.22000000000001,-69.70183486637451,-69.70183701361391,-69.72296413706334,3.9683733862060844e-08
intermediate,73.23,-69.70191807681259,-69.70192022329488,-69.72304074018224,3.9551674969618227e-08
intermediate,73.24,-69.70200126332,-69.70200340904589,-69.72311732253588,3.94200555406376e-08
intermediate,73.25000000000001,-69.70208442590489,-69.70208657087508,-69.72319388412915,3.928887411267964e-08
intermediate,73.26,-69.70216756457539,-69.70216970879059,-69.72327042496693,3.9158129228171595e-08
intermediate,73.27,-69.7022506793396,-69.70225282280055,-69.72334694505408,3.902781943439131e-08
intermediate,73.28000000000002,-69.70233377020571,-69.70233591291309,-69.7234234443955,3.889794328345042e-08
intermediate,73.29,-69.7024168371818,-69.70241897913631,-69.72349992299607,3.876849933227967e-08
intermediate,73.3,-69.70249988027601,-69.70250202147837,-69.72357638086068,3.8639486142611604e-08
intermediate,73.31,-69.70258289949643,-69.70258503994732,-69.72365281799418,3.851090228096473e-08
intermediate,73.32000000000001,-69.7026658948512,-69.70266803455132,-69.7237292344015,3.838274631862829e-08
intermediate,73.33000000000001,-69.7027488663484,-69.70275100529848,-69.7238056300875,3.825501683164583e-08
intermediate,73.34,-69.70283181399614,-69.70283395219685,-69.72388200505705,3.8127712400799655e-08
intermediate,73.35000000000001,-69.70291473780253,-69.70291687525457,-69.72395835931505,3.8000831611594375e-08
intermediate,73.36000000000001,-69.70299763777562,-69.7029997744797,-69.72403469286638,3.787437305424253e-08
intermediate,73.37,-69.70308051392354,-69.7030826498803,-69.72411100571593,3.774833532364774e-08
intermediate,73.38,-69.70316336625432,-69.7031655014645,-69.72418729786855,3.762271701938922e-08
intermediate,73.39000000000001,-69.70324619477607,-69.70324832924032,-69.72426356932918,3.7497516745706857e-08
intermediate,73.4,-69.70332899949688,-69.70333113321588,-69.72433982010264,3.7372733111485237e-08
intermediate,73.41,-69.70341178042474,-69.70341391339922,-69.72441605019388,3.724836473023836e-08
intermediate,73.42,-69.70349453756776,-69.70349666979838,-69.72449225960774,3.7124410220093796e-08
intermediate,73.43,-69.703577270934,-69.70357940242144,-69.7245684483491,3.700086820377793e-08
intermediate,73.44000000000001,-69.70365998053148,-69.70366211127644,-69.72464461642289,3.687773730860081e-08
intermediate,73.45,-69.70374266636833,-69.70374479637144,-69.72472076383396,3.6755016166439717e-08
intermediate,73.46000000000001,-69.70382532845248,-69.70382745771443,-69.72479689058719,3.663270341372516e-08
intermediate,73.47000000000001,-69.70390796679203,-69.7039100953135,-69.7248729966875,3.651079769142566e-08
intermediate,73.48,-69.70399058139498,-69.70399270917666,-69.72494908213973,3.6389297645031704e-08
intermediate,73.49,-69.70407317226939,-69.70407529931191,-69.72502514694881,3.626820192454137e-08
intermediate,73.50000000000001,-69.70415573942323,-69.7041578657273,-69.7251011911196,3.6147509184445434e-08
intermediate,73.51,-69.70423828286457,-69.70424040843083,-69.725177214657,3.6027218083712576e-08
intermediate,73.52,-69.70432080260142,-69.70432292743054,-69.72525321756588,3.590732728577339e-08
intermediate,73.53000000000002,-69.70440329864175,-69.7044054227344,-69.72532919985113,3.578783545850666e-08
intermediate,73.54,-69.7044857709936,-69.70448789435042,-69.72540516151766,3.56687412742246e-08
intermediate,73.55000000000001,-69.70456821966492,-69.7045703422866,-69.7254811025703,3.555004340965686e-08
intermediate,73.56,-69.70465064466374,-69.70465276655092,-69.725557023014,3.5431740545937304e-08
intermediate,73.57000000000001,-69.70473304599804,-69.7047351671514,-69.7256329228536,3.53138313685881e-08
intermediate,73.58000000000001,-69.7048154236758,-69.70481754409596,-69.72570880209403,3.519631456750654e-08
intermediate,73.59,-69.704897777705,-69.70489989739264,-69.72578466074015,3.507918883694883e-08
intermediate,73.60000000000001,-69.70498010809362,-69.70498222704938,-69.72586049879685,3.496245287551675e-08
intermediate,73.61000000000001,-69.7050624148496,-69.70506453307415,-69.72593631626901,3.484610538614322e-08
intermediate,73.62,-69.70514469798097,-69.70514681547493,-69.72601211316154,3.4730145076076804e-08
intermediate,73.63,-69.70522695749564,-69.70522907425966,-69.7260878894793,3.461457065686867e-08
intermediate,73.64000000000001,-69.70530919340156,-69.7053113094363,-69.7261636452272,3.449938084435703e-08
intermediate,73.65,-69.7053914057067,-69.7053935210128,-69.72623938041014,3.438457435865439e-08
intermediate,73.66,-69.70547359441899,-69.70547570899708,-69.72631509503296,3.42701499241316e-08
intermediate,73.67,-69.70555575954639,-69.70555787339713,-69.72639078910059,3.415610626940511e-08
intermediate,73.68,-69.70563790109682,-69.70564001422083,-69.72646646261789,3.404244212732164e-08
intermediate,73.69000000000001,-69.70572001907821,-69.70572213147614,-69.72654211558977,3.39291562349455e-08
intermediate,73.7,-69.70580211349849,-69.70580422517098,-69.72661774802111,3.381624733354338e-08
intermediate,73.71000000000001,-69.70588418436562,-69.70588629531326,-69.7266933599168,3.370371416857041e-08
intermediate,73.72000000000001,-69.70596623168744,-69.70596834191092,-69.72676895128173,3.359155548965741e-08
intermediate,73.73,-69.70604825547193,-69.70605036497186,-69.7268445221208,3.347977005059532e-08
intermediate,73.74,-69.70613025572699,-69.706132364504,-69.72692007243887,3.3368356609322805e-08
intermediate,73.75000000000001,-69.7062122324605,-69.70621434051522,-69.72699560224085,3.325731392791123e-08
intermediate,73.76,-69.70629418568036,-69.70629629301341,-69.72707111153163,3.3146640772552225e-08
intermediate,73.77,-69.70637611539446,-69.70637822200646,-69.72714660031609,3.3036335913542943e-08
intermediate,73.78000000000002,-69.70645802161071,-69.70646012750231,-69.72722206859912,3.292639812527234e-08
intermediate,73.79,-69.70653990433698,-69.70654200950878,-69.72729751638559,3.281682618620879e-08
intermediate,73.80000000000001,-69.70662176358118,-69.70662386803379,-69.72737294368044,3.270761887888481e-08
intermediate,73.81,-69.70670359935113,-69.70670570308519,-69.72744835048852,3.259877498988498e-08
intermediate,73.82000000000001,-69.70678541165474,-69.70678751467086,-69.72752373681472,3.249029330983131e-08
intermediate,73.83000000000001,-69.70686720049986,-69.70686930279867,-69.72759910266393,3.2382172633371004e-08
intermediate,73.84,-69.70694896589436,-69.70695106747645,-69.72767444804106,3.227441175916211e-08
intermediate,73.85000000000001,-69.70703070784609,-69.7070328087121,-69.72774977295097,3.216700948986014e-08
intermediate,73.86000000000001,-69.70711242636293,-69.70711452651345,-69.72782507739859,3.205996463210588e-08
intermediate,73.87,-69.7071941214527,-69.70719622088833,-69.72790036138878,3.19532759965106e-08
intermediate,73.88,-69.70727579312324,-69.70727789184463,-69.72797562492643,3.1846942397644125e-08
intermediate,73.89000000000001,-69.70735744138243,-69.70735953939014,-69.72805086801644,3.174096265402059e-08
intermediate,73.9,-69.70743906623805,-69.7074411635327,-69.7281260906637,3.163533558808655e-08
intermediate,73.91,-69.70752066769796,-69.70752276428016,-69.72820129287308,3.1530060026206846e-08
intermediate,73.92,-69.70760224576993,-69.70760434164032,-69.7282764746495,3.1425134798651704e-08
intermediate,73.93,-69.7076838004619,-69.70768589562101,-69.72835163599784,3.132055873958429e-08
intermediate,73.94000000000001,-69.70776533178159,-69.70776742623006,-69.72842677692299,3.121633068704732e-08
intermediate,73.95,-69.70784683973686,-69.70784893347528,-69.72850189742982,3.111244948295037e-08
intermediate,73.96000000000001,-69.70792832433547,-69.70793041736444,-69.72857699752326,3.1008913973056433e-08
intermediate,73.97000000000001,-69.70800978558525,-69.70801187790536,-69.72865207720815,3.0905723006970214e-08
intermediate,73.98,-69.70809122349398,-69.70809331510583,-69.72872713648943,3.0802875438124355e-08
intermediate,73.99,-69.70817263806946,-69.70817472897365,-69.72880217537194,3.0700370123766835e-08
intermediate,74.00000000000001,-69.7082540293195,-69.7082561195166,-69.72887719386061,3.059820592494876e-08
intermediate,74.01,-69.70833539725189,-69.7083374867425,-69.72895219196033,3.049638170651131e-08
intermediate,74.02,-69.70841674187436,-69.70841883065907,-69.72902716967599,3.0394896337073335e-08
intermediate,74.03000000000002,-69.70849806319475,-69.70850015127414,-69.72910212701244,3.0293748689018275e-08
intermediate,74.04,-69.70857936122079,-69.70858144859542,-69.7291770639746,3.019293763848264e-08
intermediate,74.05000000000001,-69.7086606359602,-69.70866272263072,-69.72925198056737,3.009246206534261e-08
intermediate,74.06,-69.70874188742086,-69.7087439733878,-69.72932687679561,2.999232085320168e-08
intermediate,74.07000000000001,-69.70882311561043,-69.70882520087439,-69.72940175266424,2.989251288937869e-08
intermediate,74.08000000000001,-69.70890432053669,-69.70890640509825,-69.72947660817813,2.9793037064895554e-08
intermediate,74.09,-69.70898550220738,-69.70898758606712,-69.72955144334219,2.9693892274464092e-08
intermediate,74.1,-69.7090666606303,-69.70906874378878,-69.72962625816129,2.9595077416474397e-08
intermediate,74.11000000000001,-69.70914779581311,-69.70914987827092,-69.72970105264032,2.9496591392982595e-08
intermediate,74.12,-69.70922890776362,-69.70923098952132,-69.72977582678422,2.9398433109698835e-08
intermediate,74.13,-69.70930999648948,-69.70931207754768,-69.72985058059781,2.930060147597419e-08
intermediate,74.14000000000001,-69.70939106199849,-69.70939314235771,-69.72992531408602,2.920309540478952e-08
intermediate,74.15,-69.70947210429831,-69.70947418395916,-69.73000002725372,2.9105913812743318e-08
intermediate,74.16,-69.7095531233967,-69.70955520235974,-69.73007472010582,2.9009055620038827e-08
intermediate,74.17,-69.70963411930137,-69.70963619756715,-69.73014939264719,2.8912519750473115e-08
intermediate,74.18,-69.70971509202,-69.70971716958911,-69.73022404488276,2.8816305131424096e-08
intermediate,74.19000000000001,-69.70979604156032,-69.70979811843331,-69.73029867681737,2.872041069383987e-08
intermediate,74.2,-69.70987696793001,-69.70987904410745,-69.73037328845595,2.86248353722254e-08
intermediate,74.21000000000001,-69.70995787113684,-69.70995994661925,-69.73044787980336,2.852957810463168e-08
intermediate,74.22000000000001,-69.71003875118838,-69.71004082597638,-69.73052245086451,2.8434637832643948e-08
intermediate,74.23,-69.71011960809237,-69.7101216821865,-69.73059700164427,2.834001350136902e-08
intermediate,74.24,-69.71020044185651,-69.71020251525734,-69.73067153214755,2.8245704059424657e-08
intermediate,74.25000000000001,-69.71028125248847,-69.71028332519653,-69.73074604237924,2.8151708458926903e-08
intermediate,74.26,-69.71036203999591,-69.71036411201177,-69.73082053234423,2.805802565547963e-08
intermediate,74.27,-69.71044280438652,-69.71044487571072,-69.73089500204739,2.7964654608161538e-08
intermediate,74.28000000000002,-69.71052354566793,-69.71052561630104,-69.73096945149362,2.7871594279515578e-08
intermediate,74.29,-69.71060426384783,-69.7106063337904,-69.73104388068782,2.7778843635537456e-08
intermediate,74.30000000000001,-69.71068495893385,-69.71068702818643,-69.73111828963486,2.7686401645663192e-08
intermediate,74.31,-69.71076563093371,-69.71076769949681,-69.73119267833965,2.759426728275882e-08
intermediate,74.32000000000001,-69.71084627985495,-69.71084834772917,-69.73126704680709,2.750243952310795e-08
intermediate,74.33000000000001,-69.71092690570528,-69.71092897289115,-69.73134139504204,2.741091734640159e-08
intermediate,74.34,-69.71100750849234,-69.7110095749904,-69.73141572304941,2.7319699735725432e-08
intermediate,74.35,-69.71108808822375,-69.71109015403454,-69.73149003083407,2.7228785677549724e-08
intermediate,74.36000000000001,-69.71116864490713,-69.7111707100312,-69.73156431840091,2.713817416171704e-08
intermediate,74.37,-69.71124917855013,-69.71125124298803,-69.73163858575485,2.7047864181432116e-08
intermediate,74.38,-69.71132968916037,-69.71133175291261,-69.73171283290074,2.695785473324979e-08
intermediate,74.39000000000001,-69.71141017674543,-69.71141223981257,-69.7317870598435,2.6868144817063882e-08
intermediate,74.4,-69.71149064131293,-69.71149270369551,-69.731861266588,2.6778733436096996e-08
intermediate,74.41000000000001,-69.71157108287052,-69.71157314456907,-69.73193545313913,2.668961959688814e-08
intermediate,74.42,-69.71165150142578,-69.71165356244084,-69.7320096195018,2.6600802309282815e-08
intermediate,74.43,-69.71173189698631,-69.7117339573184,-69.73208376568088,2.651228058642108e-08
intermediate,74.44000000000001,-69.71181226955967,-69.71181432920935,-69.73215789168127,2.6424053444727597e-08
intermediate,74.45,-69.71189261915352,-69.71189467812128,-69.73223199750785,2.6336119903899894e-08
intermediate,74.46000000000001,-69.71197294577537,-69.71197500406178,-69.7323060831655,2.624847898689744e-08
intermediate,74.47000000000001,-69.71205324943287,-69.71205530703844,-69.73238014865913,2.6161129719931743e-08
intermediate,74.48,-69.71213353013358,-69.71213558705884,-69.73245419399363,2.6074071132454203e-08
intermediate,74.49,-69.71221378788506,-69.71221584413054,-69.73252821917386,2.5987302257146487e-08
intermediate,74.50000000000001,-69.71229402269489,-69.7122960782611,-69.73260222420473,2.59008221299088e-08
intermediate,74.51,-69.71237423457063,-69.7123762894581,-69.73267620909112,2.5814629789850227e-08
intermediate,74.52,-69.71245442351984,-69.71245647772909,-69.73275017383794,2.572872427927722e-08
intermediate,74.53000000000002,-69.71253458955009,-69.71253664308165,-69.73282411845004,2.564310464368294e-08
intermediate,74.54,-69.71261473266891,-69.71261678552331,-69.73289804293232,2.555776993173759e-08
intermediate,74.55000000000001,-69.71269485288386,-69.7126969050616,-69.7329719472897,2.5472719195276553e-08
intermediate,74.56,-69.71277495020249,-69.71277700170408,-69.73304583152702,2.5387951489290954e-08
intermediate,74.57000000000001,-69.71285502463232,-69.7128570754583,-69.73311969564921,2.530346587191625e-08
intermediate,74.58000000000001,-69.7129350761809,-69.71293712633178,-69.73319353966113,2.5219261404422756e-08
intermediate,74.59,-69.71301510485578,-69.71301715433206,-69.73326736356769,2.5135337151204412e-08
intermediate,74.6,-69.71309511066447,-69.71309715946668,-69.73334116737375,2.505169217976848e-08
intermediate,74.61000000000001,-69.71317509361447,-69.71317714174312,-69.73341495108421,2.4968325560725607e-08
intermediate,74.62,-69.71325505371334,-69.71325710116894,-69.73348871470397,2.4885236367779178e-08
intermediate,74.63,-69.71333499096859,-69.71333703775163,-69.73356245823788,2.4802423677715166e-08
intermediate,74.64000000000001,-69.71341490538771,-69.71341695149871,-69.73363618169087,2.4719886570391453e-08
intermediate,74.65,-69.71349479697822,-69.7134968424177,-69.73370988506781,2.4637624128728485e-08
intermediate,74.66000000000001,-69.71357466574761,-69.71357671051607,-69.7337835683736,2.455563543869829e-08
intermediate,74.67,-69.7136545117034,-69.71365655580132,-69.73385723161309,2.44739195893144e-08
intermediate,74.68,-69.71373433485307,-69.71373637828097,-69.73393087479118,2.439247567262209e-08
intermediate,74.69000000000001,-69.71381413520409,-69.71381617796247,-69.73400449791278,2.431130278368838e-08
intermediate,74.7,-69.71389391276396,-69.71389595485334,-69.73407810098276,2.4230400020591276e-08
intermediate,74.71000000000001,-69.71397366754019,-69.71397570896106,-69.734151684006,2.4149766484410175e-08
intermediate,74.72000000000001,-69.71405339954022,-69.71405544029308,-69.73422524698739,2.4069401279216332e-08
intermediate,74.73,-69.71413310877155,-69.71413514885688,-69.73429878993181,2.3989303512062192e-08
intermediate,74.74,-69.71421279524164,-69.71421483465994,-69.73437231284417,2.390947229297157e-08
intermediate,74.75000000000001,-69.71429245895791,-69.7142944977097,-69.73444581572933,2.3829906734930107e-08
intermediate,74.76,-69.71437209992789,-69.71437413801365,-69.73451929859218,2.375060595387547e-08
intermediate,74.77000000000001,-69.714451718159,-69.71445375557923,-69.73459276143761,2.3671569068686812e-08
intermediate,74.78,-69.71453131365872,-69.7145333504139,-69.73466620427051,2.359279520117586e-08
intermediate,74.79,-69.71461088643446,-69.71461292252509,-69.73473962709575,2.3514283476076376e-08
intermediate,74.80000000000001,-69.7146904364937,-69.71469247192026,-69.73481302991824,2.3436033021035368e-08
intermediate,74.81,-69.71476996384385,-69.71477199860685,-69.73488641274285,2.3358042966602295e-08
intermediate,74.82000000000001,-69.71484946849237,-69.71485150259228,-69.73495977557444,2.3280312446220187e-08
intermediate,74.83000000000001,-69.71492895044668,-69.714930983884,-69.73503311841792,2.3202840596216047e-08
intermediate,74.84,-69.71500840971423,-69.71501044248943,-69.73510644127816,2.3125626555790493e-08
intermediate,74.85,-69.7150878463024,-69.71508987841597,-69.73517974416006,2.304866946700911e-08
intermediate,74.86000000000001,-69.71516726021866,-69.71516929167107,-69.7352530270685,2.2971968474792108e-08
intermediate,74.87,-69.71524665147038,-69.71524868226214,-69.73532629000836,2.2895522726905767e-08
intermediate,74.88,-69.715326020065,-69.71532805019659,-69.73539953298452,2.281933137395186e-08
intermediate,74.89000000000001,-69.71540536600993,-69.7154073954818,-69.73547275600187,2.2743393569359017e-08
intermediate,74.9,-69.71548468931256,-69.7154867181252,-69.73554595906528,2.2667708469373316e-08
intermediate,74.91000000000001,-69.71556398998027,-69.71556601813418,-69.73561914217966,2.259227523304818e-08
intermediate,74.92,-69.7156432680205,-69.71564529551614,-69.73569230534986,2.251709302223592e-08
intermediate,74.93,-69.71572252344063,-69.71572455027847,-69.73576544858078,2.2442161001577627e-08
intermediate,74.94000000000001,-69.71580175624801,-69.71580378242854,-69.7358385718773,2.236747833849484e-08
intermediate,74.95,-69.71588096645007,-69.71588299197374,-69.7359116752443,2.2293044203179187e-08
intermediate,74.96000000000001,-69.71596015405417,-69.71596217892149,-69.73598475868664,2.2218857768583958e-08
intermediate,74.97000000000001,-69.71603931906768,-69.71604134327909,-69.73605782220925,2.2144918210414903e-08
intermediate,74.98,-69.71611846149797,-69.71612048505396,-69.73613086581697,2.2071224707120377e-08
intermediate,74.99,-69.71619758135242,-69.71619960425346,-69.73620388951471,2.199777643988308e-08
intermediate,75.00000000000001,-69.71627667863841,-69.71627870088494,-69.73627689330733,2.1924572592610166e-08
intermediate,75.01,-69.71635575336326,-69.71635777495575,-69.73634987719973,2.1851612351925105e-08
intermediate,75.02000000000001,-69.71643480553435,-69.71643682647328,-69.73642284119676,2.1778894907157578e-08
intermediate,75.03,-69.71651383515899,-69.71651585544484,-69.73649578530332,2.1706419450335377e-08
intermediate,75.04,-69.7165928422446,-69.71659486187782,-69.73656870952429,2.163418517617468e-08
intermediate,75.05000000000001,-69.71667182679846,-69.71667384577952,-69.73664161386456,2.1562191282071924e-08
intermediate,75.06,-69.71675078882795,-69.71675280715732,-69.736714498329,2.1490436968094214e-08
intermediate,75.07000000000001,-69.7168297283404,-69.71683174601851,-69.73678736292248,2.1418921436970427e-08
intermediate,75.08000000000001,-69.7169086453431,-69.71691066237044,-69.7368602076499,2.1347643894083115e-08
intermediate,75.09,-69.71698753984342,-69.71698955622044,-69.7369330325161,2.127660354745862e-08
intermediate,75.1,-69.71706641184868,-69.71706842757582,-69.737005837526,2.120579960775918e-08
intermediate,75.11000000000001,-69.71714526136616,-69.71714727644391,-69.73707862268445,2.1135231288273394e-08
intermediate,75.12,-69.71722408840323,-69.71722610283203,-69.73715138799635,2.1064897804908335e-08
intermediate,75.13,-69.71730289296715,-69.71730490674747,-69.73722413346658,2.0994798376180116e-08
intermediate,75.14000000000001,-69.71738167506528,-69.71738368819756,-69.73729685910001,2.0924932223205257e-08
intermediate,75.15,-69.7174604347049,-69.71746244718959,-69.73736956490153,2.0855298569692754e-08
intermediate,75.16000000000001,-69.7175391718933,-69.71754118373084,-69.73744225087599,2.0785896641934396e-08
intermediate,75.17,-69.71761788663777,-69.71761989782864,-69.73751491702828,2.071672566879709e-08
intermediate,75.18,-69.71769657894562,-69.71769858949025,-69.73758756336328,2.064778488171354e-08
intermediate,75.19000000000001,-69.71777524882414,-69.71777725872298,-69.73766018988584,2.0579073514674505e-08
intermediate,75.2,-69.71785389628059,-69.71785590553411,-69.7377327966009,2.051059080421965e-08
intermediate,75.21000000000001,-69.71793252132228,-69.71793452993093,-69.73780538351328,2.0442335989429042e-08
intermediate,75.22000000000001,-69.71801112395652,-69.71801313192069,-69.73787795062788,2.0374308311915442e-08
intermediate,75.23,-69.71808970419046,-69.71809171151067,-69.73795049794956,2.0306507015814846e-08
intermediate,75.24,-69.7181682620315,-69.71817026870814,-69.7380230254832,2.023893134777897e-08
intermediate,75.25000000000001,-69.71824679748681,-69.71824880352034,-69.73809553323368,2.0171580556966146e-08
intermediate,75.26,-69.7183253105637,-69.71832731595457,-69.73816802120588,2.0104453895033773e-08
intermediate,75.27000000000001,-69.7184038012694,-69.71840580601805,-69.73824048940466,2.0037550616129366e-08
intermediate,75.28,-69.7184822696112,-69.71848427371806,-69.73831293783492,1.9970869976882322e-08
intermediate,75.29,-69.71856071559633,-69.71856271906184,-69.7383853665015,1.990441123639597e-08
intermediate,75.30000000000001,-69.71863913923201,-69.71864114205663,-69.73845777540933,1.9838173656239386e-08
intermediate,75.31,-69.71871754052553,-69.71871954270966,-69.73853016456322,1.9772156500438636e-08
intermediate,75.32000000000001,-69.7187959194841,-69.7187979210282,-69.73860253396808,1.9706359035468942e-08
intermediate,75.33000000000001,-69.71887427611493,-69.71887627701945,-69.73867488362876,1.9640780530246903e-08
intermediate,75.34,-69.71895261042528,-69.71895461069063,-69.73874721355017,1.9575420256121773e-08
intermediate,75.35,-69.71903092242239,-69.71903292204901,-69.73881952373715,1.9510277486867484e-08
intermediate,75.36000000000001,-69.71910921211345,-69.71911121110178,-69.73889181419457,1.944535149867481e-08
intermediate,75.37,-69.71918747950569,-69.71918947785615,-69.73896408492732,1.9380641570143427e-08
intermediate,75.38,-69.71926572460632,-69.71926772231934,-69.73903633594027,1.9316146982273254e-08
intermediate,75.39000000000001,-69.71934394742256,-69.71934594449858,-69.73910856723828,1.925186701845717e-08
intermediate,75.4,-69.71942214796158,-69.71942414440105,-69.73918077882624,1.9187800964472684e-08
intermediate,75.41000000000001,-69.71950032623064,-69.71950232203396,-69.739252970709,1.912394810847417e-08
intermediate,75.42,-69.71957848223691,-69.71958047740452,-69.73932514289145,1.906030774098465e-08
intermediate,75.43,-69.71965661598759,-69.7196586105199,-69.73939729537844,1.899687915488828e-08
intermediate,75.44000000000001,-69.71973472748984,-69.7197367213873,-69.73946942817486,1.893366164542254e-08
intermediate,75.45,-69.7198128167509,-69.71981481001392,-69.73954154128558,1.8870654510169803e-08
intermediate,75.46,-69.71989088377795,-69.71989287640694,-69.73961363471544,1.880785704905028e-08
intermediate,75.47000000000001,-69.7199689285781,-69.7199709205735,-69.73968570846934,1.8745268564313555e-08
intermediate,75.48,-69.72004695115857,-69.72004894252082,-69.73975776255213,1.868288836053164e-08
intermediate,75.49,-69.72012495152656,-69.72012694225606,-69.7398297969687,1.862071574459032e-08
intermediate,75.50000000000001,-69.72020292968922,-69.72020491978638,-69.73990181172391,1.855875002568211e-08
intermediate,75.51,-69.72028088565368,-69.72028287511895,-69.73997380682262,1.849699051529859e-08
intermediate,75.52000000000001,-69.72035881942718,-69.72036080826093,-69.74004578226969,1.8435436527222135e-08
intermediate,75.53,-69.7204367310168,-69.72043871921949,-69.74011773807001,1.8374087377519045e-08
intermediate,75.54,-69.72051462042973,-69.72051660800174,-69.74018967422846,1.8312942384531277e-08
intermediate,75.55000000000001,-69.72059248767307,-69.72059447461487,-69.74026159074987,1.825200086886965e-08
intermediate,75.56,-69.72067033275404,-69.72067231906601,-69.7403334876391,1.8191262153405387e-08
intermediate,75.57000000000001,-69.72074815567974,-69.72075014136229,-69.7404053649011,1.8130725563263255e-08
intermediate,75.58000000000001,-69.7208259564573,-69.72082794151086,-69.74047722254062,1.8070390425814038e-08
intermediate,75.59,-69.7209037350939,-69.72090571951887,-69.7405490605626,1.801025607066651e-08
intermediate,75.6,-69.72098149159666,-69.72098347539344,-69.74062087897188,1.7950321829660674e-08
intermediate,75.61000000000001,-69.72105922597262,-69.72106120914165,-69.74069267777332,1.789058703685972e-08
intermediate,75.62,-69.72113693822898,-69.72113892077067,-69.74076445697182,1.7831051028543358e-08
intermediate,75.63000000000001,-69.7212146283729,-69.72121661028763,-69.7408362165722,1.7771713143199588e-08
intermediate,75.64000000000001,-69.7212922964114,-69.7212942776996,-69.74090795657936,1.7712572721517958e-08
intermediate,75.65,-69.72136994235166,-69.72137192301372,-69.74097967699815,1.7653629106382257e-08
intermediate,75.66000000000001,-69.72144756620075,-69.72144954623708,-69.74105137783341,1.7594881642862628e-08
intermediate,75.67,-69.7215251679658,-69.72152714737682,-69.74112305909004,1.7536329678209002e-08
intermediate,75.68,-69.7216027476539,-69.72160472644,-69.74119472077288,1.74779725618432e-08
intermediate,75.69000000000001,-69.72168030527216,-69.72168228343375,-69.7412663628868,1.7419809645352465e-08
intermediate,75.7,-69.72175784082765,-69.72175981836514,-69.74133798543666,1.7361840282481397e-08
intermediate,75.71,-69.72183535432748,-69.72183733124126,-69.74140958842735,1.7304063829125477e-08
intermediate,75.72000000000001,-69.72191284577873,-69.72191482206921,-69.74148117186367,1.7246479643323338e-08
intermediate,75.73,-69.72199031518848,-69.72199229085606,-69.74155273575053,1.7189087085250287e-08
intermediate,75.74,-69.72206776256381,-69.72206973760889,-69.74162428009278,1.7131885517210643e-08
intermediate,75.75000000000001,-69.72214518791179,-69.72214716233475,-69.74169580489529,1.7074874303630655e-08
intermediate,75.76,-69.7222225912395,-69.72222456504075,-69.74176731016288,1.7018052811052054e-08
intermediate,75.77000000000001,-69.722299972554,-69.72230194573393,-69.74183879590048,1.696142040812415e-08
intermediate,75.78,-69.72237733186236,-69.72237930442138,-69.74191026211287,1.6904976465597567e-08
intermediate,75.79,-69.72245466917161,-69.72245664111013,-69.74198170880496,1.684872035631662e-08
intermediate,75.80000000000001,-69.72253198448885,-69.72253395580724,-69.74205313598159,1.6792651455213034e-08
intermediate,75.81,-69.72260927782114,-69.7226112485198,-69.74212454364763,1.673676913929844e-08
intermediate,75.82000000000001,-69.72268654917546,-69.72268851925479,-69.74219593180793,1.6681072787657468e-08
intermediate,75.83000000000001,-69.72276379855893,-69.7227657680193,-69.74226730046735,1.6625561781441424e-08
intermediate,75.84,-69.72284102597855,-69.72284299482037,-69.74233864963075,1.6570235503860607e-08
intermediate,75.85,-69.72291823144137,-69.72292019966504,-69.74240997930299,1.651509334017814e-08
intermediate,75.86000000000001,-69.72299541495447,-69.72299738256035,-69.74248128948891,1.6460134677702577e-08
intermediate,75.87,-69.72307257652481,-69.7230745435133,-69.74255258019338,1.6405358905781725e-08
intermediate,75.88000000000001,-69.72314971615944,-69.72315168253093,-69.74262385142126,1.6350765415795335e-08
intermediate,75.89000000000001,-69.72322683386537,-69.72322879962027,-69.7426951031774,1.6296353601148328e-08
intermediate,75.9,-69.72330392964965,-69.72330589478833,-69.74276633546664,1.6242122857264606e-08
intermediate,75.91000000000001,-69.7233810035193,-69.72338296804213,-69.74283754829388,1.6188072581579792e-08
intermediate,75.92,-69.7234580554813,-69.72346001938868,-69.74290874166391,1.613420217353465e-08
intermediate,75.93,-69.72353508554268,-69.723537048835,-69.74297991558163,1.608051103456842e-08
intermediate,75.94000000000001,-69.72361209371046,-69.72361405638809,-69.74305107005188,1.6026998568112513e-08
intermediate,75.95,-69.72368907999162,-69.72369104205495,-69.74312220507953,1.5973664179583416e-08
intermediate,75.96,-69.72376604439316,-69.72376800584259,-69.7431933206694,1.5920507276376156e-08
intermediate,75.97000000000001,-69.72384298692208,-69.72384494775797,-69.74326441682636,1.5867527267857922e-08
intermediate,75.98,-69.72391990758537,-69.72392186780809,-69.74333549355528,1.5814723565361578e-08
intermediate,75.99000000000001,-69.72399680638998,-69.72399876599994,-69.743406550861,1.576209558217861e-08
intermediate,76.00000000000001,-69.72407368334297,-69.72407564234052,-69.74347758874835,1.5709642733553162e-08
intermediate,76.01,-69.72415053845128,-69.72415249683682,-69.74354860722221,1.5657364436675262e-08
intermediate,76.02000000000001,-69.72422737172191,-69.72422932949578,-69.7436196062874,1.560526011067446e-08
intermediate,76.03,-69.72430418316176,-69.72430614032439,-69.7436905859488,1.5553329176613162e-08
intermediate,76.04,-69.7243809727779,-69.72438292932962,-69.74376154621125,1.5501571057480454e-08
intermediate,76.05000000000001,-69.72445774057725,-69.72445969651845,-69.74383248707959,1.544998517818575e-08
intermediate,76.06,-69.72453448656675,-69.72453644189783,-69.74390340855868,1.539857096555192e-08
intermediate,76.07000000000001,-69.7246112107534,-69.7246131654747,-69.74397431065339,1.5347327848309466e-08
intermediate,76.08000000000001,-69.72468791314411,-69.724689867256,-69.74404519336852,1.529625525708989e-08
intermediate,76.09,-69.72476459374585,-69.72476654724875,-69.74411605670895,1.524535262441948e-08
intermediate,76.1,-69.72484125256561,-69.72484320545985,-69.74418690067954,1.5194619384712795e-08
intermediate,76.11000000000001,-69.72491788961028,-69.72491984189624,-69.7442577252851,1.514405497426666e-08
intermediate,76.12,-69.72499450488685,-69.7249964565649,-69.7443285305305,1.5093658831253924e-08
intermediate,76.13000000000001,-69.7250710984022,-69.72507304947271,-69.74439931642057,1.5043430395716762e-08
intermediate,76.14,-69.72514767016331,-69.72514962062665,-69.74447008296016,1.4993369109561047e-08
intermediate,76.15,-69.72522422017708,-69.72522617003362,-69.74454083015414,1.4943474416549584e-08
intermediate,76.16000000000001,-69.7253007484505,-69.72530269770058,-69.74461155800732,1.4893745762296594e-08
intermediate,76.17,-69.7253772549904,-69.72537920363442,-69.74468226652456,1.4844182594260805e-08
intermediate,76.18,-69.72545373980377,-69.72545568784209,-69.74475295571072,1.479478436173984e-08
intermediate,76.19000000000001,-69.7255302028975,-69.72553215033047,-69.74482362557065,1.4745550515864097e-08
intermediate,76.2,-69.7256066442785,-69.7256085911065,-69.74489427610915,1.4696480509590182e-08
intermediate,76.21,-69.7256830639537,-69.72568501017706,-69.7449649073311,1.46475737976954e-08
intermediate,76.22000000000001,-69.72575946192998,-69.72576140754909,-69.74503551924131,1.4598829836771185e-08
intermediate,76.23,-69.72583583821425,-69.72583778322948,-69.74510611184466,1.4550248085217676e-08
intermediate,76.24000000000001,-69.72591219281342,-69.72591413722512,-69.74517668514596,1.4501828003236979e-08
intermediate,76.25000000000001,-69.7259885257344,-69.72599046954292,-69.74524723915007,1.4453569052827681e-08
intermediate,76.26,-69.72606483698404,-69.72606678018977,-69.74531777386184,1.4405470697778888e-08
intermediate,76.27000000000001,-69.72614112656927,-69.72614306917254,-69.7453882892861,1.4357532403663777e-08
intermediate,76.28,-69.72621739449694,-69.72621933649813,-69.74545878542767,1.4309753637834247e-08
intermediate,76.29,-69.72629364077397,-69.72629558217344,-69.74552926229143,1.426213386941448e-08
intermediate,76.30000000000001,-69.72636986540722,-69.7263718062053,-69.74559971988218,1.4214672569295645e-08
intermediate,76.31,-69.72644606840355,-69.7264480086006,-69.74567015820477,1.4167369210129329e-08
intermediate,76.32000000000001,-69.72652224976987,-69.72652418936624,-69.74574057726406,1.4120223266322162e-08
intermediate,76.33000000000001,-69.72659840951299,-69.72660034850907,-69.74581097706486,1.4073234214029992e-08
intermediate,76.34,-69.72667454763983,-69.72667648603594,-69.74588135761203,1.4026401531151602e-08
intermediate,76.35,-69.7267506641572,-69.7267526019537,-69.7459517189104,1.3979724697323467e-08
intermediate,76.36000000000001,-69.72682675907198,-69.72682869626925,-69.7460220609648,1.3933203193913476e-08
intermediate,76.37,-69.72690283239106,-69.72690476898943,-69.74609238378007,1.3886836504015747e-08
intermediate,76.38000000000001,-69.72697888412125,-69.72698082012109,-69.74616268736105,1.3840624112444215e-08
intermediate,76.39,-69.72705491426943,-69.72705684967106,-69.74623297171254,1.3794565505727489e-08
intermediate,76.4,-69.72713092284239,-69.72713285764617,-69.74630323683945,1.3748660172102648e-08
intermediate,76.41000000000001,-69.72720690984703,-69.72720884405331,-69.74637348274655,1.3702907601510102e-08
intermediate,76.42,-69.72728287529016,-69.72728480889928,-69.7464437094387,1.3657307285587488e-08
intermediate,76.43,-69.7273588191786,-69.72736075219092,-69.74651391692073,1.3611858717664011e-08
intermediate,76.44000000000001,-69.72743474151919,-69.72743667393506,-69.74658410519746,1.3566561392755315e-08
intermediate,76.45,-69.72751064231873,-69.72751257413852,-69.74665427427375,1.3521414807557172e-08
intermediate,76.46,-69.72758652158413,-69.72758845280815,-69.74672442415442,1.3476418460440495e-08
intermediate,76.47000000000001,-69.72766237932214,-69.72766430995073,-69.7467945548443,1.3431571851445259e-08
intermediate,76.48,-69.72773821553957,-69.72774014557311,-69.74686466634822,1.3386874482275496e-08
intermediate,76.49000000000001,-69.72781403024327,-69.72781595968206,-69.746934758671,1.334232585629331e-08
intermediate,76.50000000000001,-69.72788982344002,-69.72789175228445,-69.74700483181749,1.3297925478513364e-08
intermediate,76.51,-69.72796559513664,-69.72796752338704,-69.7470748857925,1.3253672855597816e-08
intermediate,76.52000000000001,-69.72804134533995,-69.72804327299663,-69.74714492060089,1.3209567495850397e-08
intermediate,76.53,-69.7281170740567,-69.72811900112004,-69.74721493624746,1.3165608909211056e-08
intermediate,76.54,-69.72819278129374,-69.72819470776406,-69.74728493273706,1.3121796607250504e-08
intermediate,76.55000000000001,-69.72826846705784,-69.72827039293549,-69.7473549100745,1.3078130103165079e-08
intermediate,76.56,-69.72834413135578,-69.7283460566411,-69.74742486826462,1.303460891177095e-08
intermediate,76.57000000000001,-69.72841977419438,-69.72842169888769,-69.74749480731224,1.299123254949874e-08
intermediate,76.58000000000001,-69.72849539558035,-69.72849731968202,-69.74756472722218,1.2948000534388556e-08
intermediate,76.59,-69.72857099552056,-69.7285729190309,-69.74763462799928,1.2904912386084234e-08
intermediate,76.6,-69.72864657402175,-69.7286484969411,-69.74770450964837,1.2861967625828034e-08
intermediate,76.61000000000001,-69.72872213109069,-69.72872405341938,-69.74777437217426,1.2819165776455555e-08
intermediate,76.62,-69.72879766673412,-69.72879958847251,-69.7478442155818,1.2776506362390256e-08
intermediate,76.63000000000001,-69.72887318095883,-69.72887510210727,-69.74791403987578,1.273398890963825e-08
intermediate,76.64,-69.72894867377161,-69.72895059433039,-69.74798384506103,1.2691612945782871e-08
intermediate,76.65,-69.7290241451792,-69.72902606514864,-69.7480536311424,1.2649377999979639e-08
intermediate,76.66000000000001,-69.72909959518832,-69.72910151456881,-69.74812339812468,1.2607283602951082e-08
intermediate,76.67,-69.72917502380577,-69.72917694259762,-69.74819314601271,1.2565329286981101e-08
intermediate,76.68,-69.72925043103827,-69.7292523492418,-69.74826287481132,1.2523514585910253e-08
intermediate,76.69000000000001,-69.72932581689258,-69.72932773450816,-69.74833258452531,1.248183903513031e-08
intermediate,76.7,-69.72940118137547,-69.72940309840337,-69.74840227515952,1.2440302171579217e-08
intermediate,76.71,-69.7294765244936,-69.72947844093419,-69.74847194671877,1.2398903533735749e-08
intermediate,76.72000000000001,-69.72955184625378,-69.72955376210739,-69.74854159920787,1.235764266161462e-08
intermediate,76.73,-69.72962714666274,-69.72962906192967,-69.74861123263165,1.2316519096761399e-08
intermediate,76.74000000000001,-69.72970242572717,-69.72970434040778,-69.74868084699492,1.2275532382247033e-08
intermediate,76.75000000000001,-69.7297776834538,-69.7297795975484,-69.74875044230248,1.2234682062663206e-08
intermediate,76.76,-69.72985291984938,-69.72985483335829,-69.74882001855919,1.2193967684117058e-08
intermediate,76.77000000000001,-69.72992813492058,-69.72993004784416,-69.74888957576984,1.215338879422623e-08
intermediate,76.78,-69.7300033286742,-69.73000524101275,-69.74895911393926,1.2112944942113659e-08
intermediate,76.79,-69.73007850111689,-69.73008041287075,-69.74902863307226,1.2072635678402802e-08
intermediate,76.80000000000001,-69.7301536522554,-69.73015556342487,-69.74909813317365,1.203246055521266e-08
intermediate,76.81,-69.7302287820964,-69.73023069268181,-69.74916761424825,1.1992419126152435e-08
intermediate,76.82,-69.73030389064658,-69.73030580064828,-69.74923707630089,1.1952510946317035e-08
intermediate,76.83000000000001,-69.7303789779127,-69.73038088733097,-69.74930651933636,1.1912735572281698e-08
intermediate,76.84,-69.73045404390137,-69.73045595273658,-69.7493759433595,1.1873092562097586e-08
intermediate,76.85000000000001,-69.73052908861939,-69.73053099687182,-69.74944534837509,1.1833581475286271e-08
intermediate,76.86000000000001,-69.73060411207337,-69.73060601974336,-69.74951473438797,1.1794201872835277e-08
intermediate,76.87,-69.73067911427,-69.7306810213579,-69.74958410140295,1.175495331719318e-08
intermediate,76.88000000000001,-69.73075409521601,-69.73075600172209,-69.74965344942483,1.171583537226439e-08
intermediate,76.89,-69.73082905491805,-69.73083096084264,-69.74972277845842,1.1676847603404757e-08
intermediate,76.9,-69.7309039933828,-69.73090589872622,-69.74979208850856,1.1637989577416321e-08
intermediate,76.91000000000001,-69.7309789106169,-69.7309808153795,-69.74986137958003,1.1599260862543004e-08
intermediate,76.92,-69.7310538066271,-69.73105571080914,-69.74993065167766,1.1560661028465233e-08
intermediate,76.93,-69.73112868141999,-69.73113058502184,-69.74999990480624,1.1522189646295562e-08
intermediate,76.94000000000001,-69.73120353500228,-69.73120543802423,-69.75006913897062,1.1483846288573917e-08
intermediate,76.95,-69.73127836738061,-69.73128026982297,-69.75013835417555,1.1445630529262474e-08
intermediate,76.96,-69.73135317856163,-69.73135508042475,-69.75020755042587,1.1407541943741369e-08
intermediate,76.97000000000001,-69.73142796855201,-69.73142986983619,-69.75027672772637,1.1369580108803588e-08
intermediate,76.98,-69.73150273735843,-69.73150463806395,-69.75034588608187,1.1331744602650735e-08
intermediate,76.99000000000001,-69.73157748498748,-69.73157938511469,-69.75041502549719,1.1294035004887787e-08
intermediate,77.00000000000001,-69.73165221144583,-69.73165411099504,-69.75048414597711,1.1256450896518823e-08
intermediate,77.01,-69.73172691674012,-69.73172881571165,-69.75055324752645,1.1218991859942376e-08
intermediate,77.02000000000001,-69.731801600877,-69.73180349927114,-69.75062233015001,1.1181657478946421e-08
intermediate,77.03,-69.73187626386311,-69.73187816168016,-69.75069139385259,1.1144447338704195e-08
intermediate,77.04,-69.73195090570502,-69.7319528029453,-69.750760438639,1.1107361025769201e-08
intermediate,77.05000000000001,-69.73202552640942,-69.73202742307326,-69.75082946451406,1.1070398128071066e-08
intermediate,77.06,-69.73210012598294,-69.73210202207063,-69.75089847148254,1.103355823491043e-08
intermediate,77.07,-69.73217470443217,-69.73217659994403,-69.75096745954926,1.0996840936954846e-08
intermediate,77.08000000000001,-69.73224926176374,-69.73225115670007,-69.75103642871902,1.0960245826233845e-08
intermediate,77.09,-69.73232379798428,-69.73232569234538,-69.75110537899661,1.092377249613482e-08
intermediate,77.10000000000001,-69.73239831310035,-69.73240020688657,-69.75117431038686,1.0887420541398176e-08
intermediate,77.11000000000001,-69.73247280711861,-69.73247470033023,-69.75124322289453,1.0851189558112813e-08
intermediate,77.12,-69.73254728004568,-69.73254917268298,-69.75131211652445,1.0815079143711995e-08
intermediate,77.13000000000001,-69.73262173188813,-69.73262362395144,-69.7513809912814,1.0779088896968524e-08
intermediate,77.14,-69.73269616265256,-69.73269805414219,-69.75144984717019,1.0743218417990359e-08
intermediate,77.15,-69.73277057234556,-69.73277246326181,-69.7515186841956,1.0707467308216178e-08
intermediate,77.16000000000001,-69.73284496097376,-69.73284685131695,-69.75158750236244,1.0671835170411174e-08
intermediate,77.17,-69.73291932854374,-69.73292121831413,-69.75165630167552,1.0636321608662338e-08
intermediate,77.18,-69.73299367506205,-69.73299556425998,-69.75172508213963,1.0600926228374063e-08
intermediate,77.19000000000001,-69.73306800053528,-69.73306988916106,-69.75179384375956,1.056564863626409e-08
intermediate,77.2,-69.73314230497006,-69.73314419302396,-69.7518625865401,1.0530488440358815e-08
intermediate,77.21000000000001,-69.73321658837294,-69.73321847585527,-69.75193131048606,1.0495445249988957e-08
intermediate,77.22000000000001,-69.73329085075046,-69.73329273766153,-69.7520000156022,1.0460518675785408e-08
intermediate,77.23,-69.73336509210924,-69.73336697844935,-69.75206870189336,1.0425708329674765e-08
intermediate,77.24000000000001,-69.73343931245584,-69.73344119822528,-69.7521373693643,1.0391013824875081e-08
intermediate,77.25000000000001,-69.73351351179679,-69.73351539699587,-69.75220601801983,1.0356434775891394e-08
intermediate,77.26,-69.73358769013868,-69.7335895747677,-69.75227464786474,1.0321970798511801e-08
intermediate,77.27000000000001,-69.73366184748807,-69.73366373154732,-69.75234325890379,1.0287621509802865e-08
intermediate,77.28,-69.73373598385153,-69.73373786734132,-69.75241185114183,1.0253386528105397e-08
intermediate,77.29,-69.7338100992356,-69.7338119821562,-69.75248042458358,1.0219265473030397e-08
intermediate,77.30000000000001,-69.73388419364677,-69.73388607599853,-69.75254897923388,1.0185257965454677e-08
intermediate,77.31,-69.73395826709168,-69.73396014887484,-69.7526175150975,1.0151363627516727e-08
intermediate,77.32,-69.73403231957685,-69.73403420079171,-69.75268603217923,1.0117582082612376e-08
intermediate,77.33000000000001,-69.73410635110878,-69.73410823175566,-69.75275453048386,1.0083912955390776e-08
intermediate,77.34,-69.73418036169403,-69.73418224177323,-69.75282301001616,1.0050355871750273e-08
intermediate,77.35000000000001,-69.73425435133915,-69.73425623085095,-69.75289147078095,1.001691045883393e-08
intermediate,77.36000000000001,-69.73432832005065,-69.73433019899534,-69.752959912783,9.983576345025741e-09
intermediate,77.37,-69.73440226783505,-69.73440414621292,-69.75302833602707,9.950353159946318e-09
intermediate,77.38000000000001,-69.7344761946989,-69.73447807251026,-69.75309674051799,9.917240534448856e-09
intermediate,77.39,-69.7345501006487,-69.73455197789383,-69.75316512626053,9.884238100614879e-09
intermediate,77.4,-69.73462398569097,-69.73462586237015,-69.75323349325946,9.851345491750345e-09
intermediate,77.41000000000001,-69.73469784983223,-69.73469972594577,-69.75330184151957,9.818562342381584e-09
intermediate,77.42,-69.73477169307901,-69.7347735686272,-69.75337017104565,9.78588828825094e-09
intermediate,77.43,-69.73484551543778,-69.73484739042092,-69.75343848184247,9.753322966313063e-09
intermediate,77.44000000000001,-69.7349193169151,-69.73492119133346,-69.75350677391481,9.720866014730714e-09
intermediate,77.45,-69.7349930975174,-69.73499497137128,-69.75357504726746,9.688517072870794e-09
intermediate,77.46000000000001,-69.73506685725125,-69.73506873054093,-69.7536433019052,9.656275781300213e-09
intermediate,77.47000000000001,-69.73514059612313,-69.73514246884888,-69.7537115378328,9.624141781782066e-09
intermediate,77.48,-69.7352143141395,-69.73521618630163,-69.75377975505505,9.592114717271691e-09
intermediate,77.49000000000001,-69.73528801130686,-69.73528988290568,-69.75384795357672,9.560194231912377e-09
intermediate,77.5,-69.73536168763172,-69.7353635586675,-69.75391613340261,9.528379971031809e-09
intermediate,77.51,-69.73543534312057,-69.73543721359357,-69.75398429453747,9.496671581137768e-09
intermediate,77.52000000000001,-69.73550897777986,-69.73551084769039,-69.75405243698609,9.465068709914623e-09
intermediate,77.53,-69.7355825916161,-69.73558446096443,-69.75412056075324,9.43357100621893e-09
intermediate,77.54,-69.73565618463574,-69.73565805342217,-69.7541886658437,9.402178120075885e-09
intermediate,77.55000000000001,-69.73572975684526,-69.73573162507009,-69.75425675226222,9.37088970267541e-09
intermediate,77.56,-69.73580330825115,-69.73580517591463,-69.75432482001362,9.339705406368009e-09
intermediate,77.57,-69.73587683885984,-69.73587870596226,-69.75439286910263,9.308624884661245e-09
intermediate,77.58000000000001,-69.73595034867782,-69.73595221521947,-69.75446089953407,9.277647792215568e-09
intermediate,77.59,-69.73602383771153,-69.7360257036927,-69.75452891131266,9.246773784840872e-09
intermediate,77.60000000000001,-69.73609730596748,-69.73609917138843,-69.75459690444322,9.21600251949222e-09
intermediate,77.61000000000001,-69.73617075345206,-69.73617261831308,-69.7546648789305,9.185333654266345e-09
intermediate,77.62,-69.73624418017172,-69.73624604447312,-69.75473283477926,9.154766848397858e-09
intermediate,77.63000000000001,-69.73631758613297,-69.73631944987498,-69.75480077199428,9.124301762255171e-09
intermediate,77.64,-69.7363909713422,-69.73639283452513,-69.75486869058032,9.093938057337082e-09
intermediate,77.65,-69.73646433580586,-69.73646619843001,-69.75493659054219,9.06367539626868e-09
intermediate,77.66000000000001,-69.73653767953041,-69.73653954159603,-69.7550044718846,9.033513442797993e-09
intermediate,77.67,-69.73661100252227,-69.73661286402964,-69.75507233461236,9.003451861791796e-09
intermediate,77.68,-69.73668430478789,-69.73668616573728,-69.75514017873023,8.973490319232217e-09
intermediate,77.69000000000001,-69.73675758633365,-69.73675944672537,-69.75520800424296,8.943628482213014e-09
intermediate,77.7,-69.73683084716605,-69.73683270700035,-69.75527581115533,8.913866018935592e-09
intermediate,77.71000000000001,-69.73690408729146,-69.73690594656863,-69.7553435994721,8.884202598705675e-09
intermediate,77.72000000000001,-69.73697730671633,-69.73697916543662,-69.75541136919803,8.854637891929304e-09
intermediate,77.73,-69.73705050544706,-69.73705236361079,-69.75547912033787,8.825171570109527e-09
intermediate,77.74000000000001,-69.7371236834901,-69.73712554109751,-69.75554685289642,8.795803305842468e-09
intermediate,77.75,-69.73719684085181,-69.73719869790318,-69.75561456687842,8.766532772813738e-09
intermediate,77.76,-69.73726997753862,-69.73727183403423,-69.75568226228864,8.737359645794838e-09
intermediate,77.77000000000001,-69.73734309355694,-69.73734494949709,-69.75574993913185,8.708283600639704e-09
intermediate,77.78,-69.7374161889132,-69.73741804429811,-69.75581759741279,8.679304314280862e-09
intermediate,77.79,-69.73748926361375,-69.73749111844374,-69.75588523713621,8.650421464725857e-09
intermediate,77.80000000000001,-69.73756231766504,-69.73756417194035,-69.75595285830693,8.62163473105393e-09
intermediate,77.81,-69.7376353510734,-69.73763720479434,-69.75602046092965,8.592943793412191e-09
intermediate,77.82,-69.7377083638453,-69.7377102170121,-69.75608804500914,8.564348333012085e-09
intermediate,77.83000000000001,-69.73778135598705,-69.7377832086,-69.75615561055018,8.535848032126013e-09
intermediate,77.84,-69.73785432750508,-69.73785617956446,-69.7562231575575,8.507442574083672e-09
intermediate,77.85000000000001,-69.73792727840576,-69.73792912991183,-69.75629068603587,8.479131643268599e-09
intermediate,77.86000000000001,-69.73800020869545,-69.73800205964851,-69.75635819599003,8.45091492511451e-09
intermediate,77.87,-69.73807311838058,-69.73807496878086,-69.75642568742477,8.422792106102122e-09
intermediate,77.88000000000001,-69.7381460074675,-69.73814785731525,-69.75649316034482,8.394762873755373e-09
intermediate,77.89,-69.73821887596254,-69.73822072525807,-69.75656061475493,8.366826916638001e-09
intermediate,77.9,-69.73829172387214,-69.7382935726157,-69.75662805065988,8.338983924350226e-09
intermediate,77.91000000000001,-69.73836455120258,-69.73836639939447,-69.75669546806441,8.31123358752518e-09
intermediate,77.92,-69.7384373579603,-69.73843920560076,-69.75676286697325,8.283575597825533e-09
intermediate,77.93,-69.73851014415162,-69.73851199124091,-69.75683024739116,8.256009647939914e-09
intermediate,77.94000000000001,-69.73858290978289,-69.73858475632129,-69.75689760932292,8.228535431579795e-09
intermediate,77.95,-69.73865565486048,-69.73865750084826,-69.75696495277326,8.201152643475821e-09
intermediate,77.96000000000001,-69.73872837939075,-69.73873022482816,-69.75703227774692,8.173860979374456e-09
intermediate,77.97000000000001,-69.73880108338001,-69.73880292826733,-69.75709958424865,8.146660136034731e-09
intermediate,77.98,-69.73887376683463,-69.73887561117212,-69.75716687228321,8.119549811224774e-09
intermediate,77.99000000000001,-69.73894642976094,-69.73894827354887,-69.75723414185536,8.092529703718507e-09
intermediate,78.0,-69.73901907216532,-69.73902091540393,-69.75730139296984,8.065599513292176e-09
intermediate,78.01,-69.73909169405407,-69.73909353674364,-69.75736862563137,8.038758940721164e-09
intermediate,78.02000000000001,-69.73916429543348,-69.73916613757429,-69.75743583984472,8.0120076877767e-09
intermediate,78.03,-69.73923687630996,-69.73923871790225,-69.75750303561462,7.985345457222278e-09
intermediate,78.04,-69.73930943668982,-69.73931127773385,-69.75757021294584,7.958771952810644e-09
intermediate,78.05000000000001,-69.73938197657932,-69.73938381707536,-69.75763737184309,7.932286879280366e-09
intermediate,78.06,-69.73945449598483,-69.73945633593316,-69.75770451231114,7.905889942352606e-09
intermediate,78.07000000000001,-69.73952699491268,-69.73952883431355,-69.75777163435473,7.879580848727735e-09
intermediate,78.08000000000001,-69.73959947336918,-69.73960131222283,-69.7578387379786,7.85335930608222e-09
intermediate,78.09,-69.7396719313606,-69.73967376966732,-69.75790582318749,7.827225023065404e-09
intermediate,78.10000000000001,-69.7397443688933,-69.73974620665332,-69.75797288998612,7.80117770929601e-09
intermediate,78.11000000000001,-69.73981678597357,-69.73981862318718,-69.75803993837926,7.775217075359201e-09
intermediate,78.12,-69.73988918260774,-69.73989101927516,-69.75810696837164,7.74934283280322e-09
intermediate,78.13000000000001,-69.73996155880205,-69.73996339492358,-69.75817397996798,7.723554694136245e-09
intermediate,78.14,-69.74003391456283,-69.74003575013872,-69.75824097317303,7.697852372823083e-09
intermediate,78.15,-69.74010624989639,-69.74010808492687,-69.75830794799154,7.672235583282124e-09
intermediate,78.16000000000001,-69.740178564809,-69.74018039929436,-69.75837490442822,7.646704040882186e-09
intermediate,78.17,-69.74025085930698,-69.74025269324744,-69.75844184248784,7.621257461939122e-09
intermediate,78.17999999999999,-69.74032313339656,-69.74032496679241,-69.75850876217511,7.595895563712958e-09
intermediate,78.19000000000001,-69.74039538708406,-69.74039721993556,-69.75857566349478,7.570618064404487e-09
intermediate,78.2,-69.74046762037578,-69.74046945268317,-69.75864254645155,7.545424683152449e-09
intermediate,78.21000000000001,-69.74053983327798,-69.7405416650415,-69.75870941105022,7.520315140030048e-09
intermediate,78.22000000000001,-69.7406120257969,-69.74061385701685,-69.75877625729547,7.4952891560421e-09
intermediate,78.23,-69.74068419793889,-69.74068602861549,-69.75884308519205,7.47034645312194e-09
intermediate,78.24000000000001,-69.74075634971014,-69.74075817984365,-69.75890989474468,7.4454867541280865e-09
intermediate,78.25,-69.74082848111696,-69.74083031070765,-69.75897668595809,7.420709782841463e-09
intermediate,78.26,-69.74090059216559,-69.74090242121369,-69.75904345883703,7.3960152639620515e-09
intermediate,78.27000000000001,-69.74097268286232,-69.7409745113681,-69.75911021338621,7.371402923106162e-09
intermediate,78.28,-69.7410447532134,-69.7410465811771,-69.75917694961036,7.346872486803004e-09
intermediate,78.29,-69.74111680322508,-69.74111863064695,-69.75924366751423,7.322423682491927e-09
intermediate,78.30000000000001,-69.74118883290359,-69.7411906597839,-69.7593103671025,7.298056238519374e-09
intermediate,78.31,-69.74126084225523,-69.7412626685942,-69.75937704837995,7.27376988413564e-09
intermediate,78.32000000000001,-69.74133283128619,-69.74133465708411,-69.75944371135127,7.249564349492143e-09
intermediate,78.33000000000001,-69.74140480000277,-69.74140662525987,-69.75951035602122,7.225439365638174e-09
intermediate,78.34,-69.74147674841115,-69.74147857312771,-69.75957698239449,7.201394664518185e-09
intermediate,78.35000000000001,-69.74154867651762,-69.74155050069386,-69.75964359047582,7.177429978968581e-09
intermediate,78.36000000000001,-69.74162058432842,-69.74162240796458,-69.75971018026992,7.153545042714758e-09
intermediate,78.37,-69.74169247184975,-69.74169429494609,-69.75977675178153,7.129739590368389e-09
intermediate,78.38000000000001,-69.74176433908782,-69.7417661616446,-69.75984330501537,7.106013357424128e-09
intermediate,78.39,-69.74183618604891,-69.74183800806638,-69.75990983997615,7.08236608025697e-09
intermediate,78.4,-69.74190801273922,-69.74190983421762,-69.7599763566686,7.058797496119074e-09
intermediate,78.41000000000001,-69.74197981916498,-69.74198164010454,-69.76004285509744,7.035307343137113e-09
intermediate,78.42,-69.7420516053324,-69.74205342573339,-69.76010933526737,7.011895360309149e-09
intermediate,78.43,-69.74212337124769,-69.74212519111035,-69.76017579718314,6.988561287501747e-09
intermediate,78.44000000000001,-69.74219511691705,-69.74219693624164,-69.76024224084944,6.965304865447214e-09
intermediate,78.45,-69.74226684234675,-69.7422686611335,-69.760308666271,6.942125835740625e-09
intermediate,78.46000000000001,-69.74233854754293,-69.74234036579209,-69.76037507345254,6.9190239408369895e-09
intermediate,78.47000000000001,-69.74241023251183,-69.74241205022365,-69.76044146239876,6.895998924048274e-09
intermediate,78.48,-69.74248189725964,-69.74248371443437,-69.7605078331144,6.8730505295407994e-09
intermediate,78.49000000000001,-69.74255354179257,-69.74255535843044,-69.76057418560416,6.8501785023321646e-09
intermediate,78.5,-69.74262516611682,-69.74262698221807,-69.76064051987275,6.82738258828845e-09
intermediate,78.51,-69.74269677023857,-69.74269858580345,-69.76070683592489,6.804662534121514e-09
intermediate,78.52000000000001,-69.742768354164,-69.74277016919277,-69.76077313376528,6.782018087386074e-09
intermediate,78.53,-69.74283991789933,-69.74284173239222,-69.76083941339866,6.759448996476959e-09
intermediate,78.54,-69.74291146145073,-69.74291327540797,-69.76090567482969,6.736955010626187e-09
intermediate,78.55000000000001,-69.74298298482435,-69.74298479824624,-69.76097191806313,6.714535879900422e-09
intermediate,78.56,-69.74305448802643,-69.74305630091317,-69.76103814310368,6.692191355197983e-09
intermediate,78.57000000000001,-69.74312597106312,-69.74312778341495,-69.76110434995604,6.669921188246094e-09
intermediate,78.58000000000001,-69.7431974339406,-69.74319924575775,-69.76117053862491,6.64772513159825e-09
intermediate,78.59,-69.74326887666503,-69.74327068794777,-69.761236709115,6.625602938631372e-09
intermediate,78.60000000000001,-69.74334029924259,-69.74334210999113,-69.76130286143102,6.6035543635431115e-09
intermediate,78.61000000000001,-69.74341170167943,-69.74341351189405,-69.76136899557768,6.5815791613490045e-09
intermediate,78.62,-69.74348308398172,-69.74348489366264,-69.7614351115597,6.5596770878799786e-09
intermediate,78.63000000000001,-69.74355444615566,-69.74355625530309,-69.76150120938176,6.5378478997794404e-09
intermediate,78.64,-69.74362578820734,-69.74362759682155,-69.76156728904857,6.5160913545005834e-09
intermediate,78.65,-69.74369711014296,-69.7436989182242,-69.76163335056485,6.4944072103038126e-09
intermediate,78.66000000000001,-69.74376841196865,-69.74377021951715,-69.76169939393527,6.472795226253973e-09
intermediate,78.67,-69.74383969369057,-69.74384150070658,-69.76176541916455,6.451255162217706e-09
intermediate,78.68,-69.7439109553149,-69.74391276179861,-69.7618314262574,6.4297867788607015e-09
intermediate,78.69000000000001,-69.74398219684771,-69.74398400279941,-69.76189741521851,6.408389837645144e-09
intermediate,78.7,-69.74405341829522,-69.74405522371511,-69.76196338605259,6.387064100827092e-09
intermediate,78.71000000000001,-69.7441246196635,-69.74412642455184,-69.76202933876432,6.3658093314536265e-09
intermediate,78.72000000000001,-69.7441958009587,-69.74419760531575,-69.76209527335841,6.344625293360446e-09
intermediate,78.73,-69.74426696218701,-69.74426876601296,-69.76216118983956,6.323511751169132e-09
intermediate,78.74000000000001,-69.74433810335452,-69.74433990664961,-69.76222708821244,6.302468470284578e-09
intermediate,78.75,-69.74440922446736,-69.74441102723185,-69.76229296848179,6.281495216892289e-09
intermediate,78.76,-69.74448032553165,-69.74448212776576,-69.76235883065226,6.2605917579559e-09
intermediate,78.77000000000001,-69.74455140655351,-69.7445532082575,-69.76242467472859,6.23975786121461e-09
intermediate,78.78,-69.7446224675391,-69.74462426871315,-69.76249050071547,6.218993295180395e-09
intermediate,78.79,-69.74469350849446,-69.74469530913886,-69.76255630861755,6.198297829135664e-09
intermediate,78.80000000000001,-69.74476452942578,-69.74476632954074,-69.76262209843956,6.177671233130579e-09
intermediate,78.81,-69.74483553033916,-69.7448373299249,-69.76268787018617,6.157113277980553e-09
intermediate,78.82000000000001,-69.74490651124066,-69.74490831029745,-69.76275362386207,6.136623735263605e-09
intermediate,78.83000000000001,-69.74497747213641,-69.74497927066447,-69.76281935947198,6.116202377317939e-09
intermediate,78.84,-69.74504841303253,-69.7450502110321,-69.76288507702056,6.095848977239432e-09
intermediate,78.85000000000001,-69.74511933393514,-69.74512113140642,-69.76295077651251,6.075563308878921e-09
intermediate,78.86,-69.74519023485028,-69.74519203179352,-69.76301645795252,6.0553451468399255e-09
intermediate,78.87,-69.74526111578407,-69.74526291219952,-69.76308212134529,6.035194266475926e-09
intermediate,78.88000000000001,-69.74533197674265,-69.7453337726305,-69.76314776669548,6.015110443888133e-09
intermediate,78.89,-69.74540281773203,-69.74540461309256,-69.7632133940078,5.995093455922689e-09
intermediate,78.9,-69.74547363875837,-69.74547543359178,-69.76327900328693,5.975143080168413e-09
intermediate,78.91000000000001,-69.74554443982771,-69.74554623413424,-69.76334459453751,5.955259094954322e-09
intermediate,78.92,-69.74561522094615,-69.74561701472602,-69.7634101677643,5.935441279346975e-09
intermediate,78.93,-69.74568598211975,-69.7456877753732,-69.76347572297193,5.915689413148263e-09
intermediate,78.94000000000001,-69.7457567233546,-69.74575851608186,-69.76354126016511,5.8960032768927374e-09
intermediate,78.95,-69.74582744465681,-69.74582923685809,-69.76360677934849,5.876382651845413e-09
intermediate,78.96000000000001,-69.74589814603237,-69.74589993770793,-69.76367228052678,5.856827319999142e-09
intermediate,78.97000000000001,-69.74596882748742,-69.74597061863747,-69.76373776370465,5.8373370640721954e-09
intermediate,78.98,-69.746039489028,-69.74604127965277,-69.76380322888677,5.817911667506058e-09
intermediate,78.99000000000001,-69.74611013066017,-69.7461119207599,-69.76386867607783,5.798550914462726e-09
intermediate,79.0,-69.74618075239002,-69.74618254196493,-69.76393410528252,5.779254589822566e-09
intermediate,79.01,-69.74625135422356,-69.74625314327388,-69.76399951650549,5.76002247918171e-09
intermediate,79.02000000000001,-69.7463219361669,-69.74632372469281,-69.76406490975145,5.740854368849901e-09
intermediate,79.03,-69.74639249822603,-69.74639428622784,-69.76413028502505,5.721750045847939e-09
intermediate,79.04,-69.7464630404071,-69.74646482788496,-69.76419564233098,5.702709297905313e-09
intermediate,79.05000000000001,-69.74653356271605,-69.74653534967025,-69.7642609816739,5.68373191345804e-09
intermediate,79.06,-69.74660406515899,-69.74660585158972,-69.7643263030585,5.664817681646038e-09
intermediate,79.07000000000001,-69.74667454774195,-69.74667633364943,-69.76439160648944,5.645966392311021e-09
intermediate,79.08000000000001,-69.74674501047096,-69.74674679585542,-69.76445689197138,5.627177835993965e-09
intermediate,79.09,-69.74681545335204,-69.74681723821372,-69.764522159509,5.6084518039329995e-09
intermediate,79.10000000000001,-69.74688587639126,-69.74688766073038,-69.764587409107,5.589788088060908e-09
intermediate,79.11,-69.74695627959466,-69.74695806341143,-69.76465264077001,5.571186481002839e-09
intermediate,79.12,-69.74702666296821,-69.74702844626287,-69.7647178545027,5.552646776074098e-09
intermediate,79.13000000000001,-69.74709702651799,-69.74709880929075,-69.76478305030979,5.534168767277774e-09
intermediate,79.14,-69.74716737025001,-69.7471691525011,-69.76484822819589,5.515752249302485e-09
intermediate,79.15,-69.74723769417028,-69.74723947589993,-69.7649133881657,5.497397017520006e-09
intermediate,79.16000000000001,-69.74730799828484,-69.74730977949326,-69.76497853022386,5.479102867983189e-09
intermediate,79.17,-69.74737828259971,-69.74738006328714,-69.76504365437505,5.460869597423516e-09
intermediate,79.18,-69.74744854712088,-69.74745032728754,-69.76510876062393,5.442697003248866e-09
intermediate,79.19000000000001,-69.74751879185436,-69.74752057150046,-69.76517384897518,5.424584883541357e-09
intermediate,79.2,-69.74758901680617,-69.74759079593194,-69.76523891943346,5.40653303705503e-09
intermediate,79.21000000000001,-69.74765922198233,-69.74766100058798,-69.7653039720034,5.388541263213645e-09
intermediate,79.22000000000001,-69.74772940738883,-69.74773118547458,-69.76536900668968,5.3706093621083626e-09
intermediate,79.23,-69.74779957303164,-69.74780135059773,-69.76543402349698,5.352737134495708e-09
intermediate,79.24000000000001,-69.7478697189168,-69.74787149596344,-69.76549902242995,5.3349243817951925e-09
intermediate,79.25,-69.74793984505031,-69.74794162157771,-69.76556400349325,5.31717090608712e-09
intermediate,79.26,-69.74800995143815,-69.74801172744654,-69.76562896669152,5.299476510110485e-09
intermediate,79.27000000000001,-69.74808003808631,-69.74808181357591,-69.76569391202945,5.281840997260706e-09
intermediate,79.28,-69.74815010500078,-69.7481518799718,-69.76575883951166,5.264264171587477e-09
intermediate,79.29,-69.74822015218756,-69.74822192664021,-69.76582374914284,5.246745837792498e-09
intermediate,79.30000000000001,-69.7482901796526,-69.74829195358711,-69.76588864092761,5.229285801227493e-09
intermediate,79.31,-69.7483601874019,-69.7483619608185,-69.76595351487066,5.2118838678918744e-09
intermediate,79.32000000000001,-69.74843017544144,-69.74843194834034,-69.76601837097665,5.194539844430613e-09
intermediate,79.33000000000001,-69.74850014377718,-69.7485019161586,-69.76608320925021,5.1772535381321754e-09
intermediate,79.34,-69.7485700924151,-69.74857186427926,-69.76614802969598,5.160024756926313e-09
intermediate,79.35000000000001,-69.74864002136117,-69.74864179270827,-69.76621283231863,5.142853309381968e-09
intermediate,79.36,-69.74870993062139,-69.74871170145165,-69.7662776171228,5.125739004705062e-09
intermediate,79.37,-69.74877982020163,-69.7487815905153,-69.76634238411316,5.10868165273648e-09
intermediate,79.38000000000001,-69.748849690108,-69.74885145990525,-69.76640713329434,5.091681063949968e-09
intermediate,79.39,-69.74891954034634,-69.7489213096274,-69.766471864671,5.074737049449865e-09
intermediate,79.4,-69.74898937092264,-69.74899113968775,-69.76653657824778,5.057849420969187e-09
intermediate,79.41000000000001,-69.74905918184287,-69.74906095009221,-69.76660127402936,5.041017990867445e-09
intermediate,79.42,-69.74912897311295,-69.74913074084678,-69.76666595202035,5.024242572128593e-09
intermediate,79.43,-69.74919874473888,-69.74920051195738,-69.76673061222539,5.00752297835888e-09
intermediate,79.44000000000001,-69.74926849672659,-69.74927026342996,-69.76679525464915,4.990859023784872e-09
intermediate,79.45,-69.74933822908199,-69.74933999527047,-69.76685987929628,4.974250523251398e-09
intermediate,79.46000000000001,-69.74940794181101,-69.74940970748484,-69.76692448617138,4.9576972922193406e-09
intermediate,79.47000000000001,-69.74947763491967,-69.74947940007904,-69.76698907527913,4.941199146763758e-09
intermediate,79.48,-69.74954730841387,-69.74954907305899,-69.76705364662416,4.92475590357175e-09
intermediate,79.49000000000001,-69.74961696229953,-69.7496187264306,-69.76711820021113,4.908367379940469e-09
intermediate,79.5,-69.74968659658258,-69.74968836019981,-69.76718273604465,4.8920333937749985e-09
intermediate,79.51,-69.74975621126897,-69.74975797437259,-69.76724725412937,4.8757537635864385e-09
intermediate,79.52000000000001,-69.74982580636458,-69.74982756895481,-69.76731175446994,4.859528308489892e-09
intermediate,79.53,-69.74989538187542,-69.74989714395245,-69.76737623707099,4.843356848202308e-09
intermediate,79.54,-69.74996493780735,-69.74996669937138,-69.76744070193715,4.827239203040661e-09
intermediate,79.55000000000001,-69.75003447416626,-69.75003623521755,-69.76750514907307,4.811175193919786e-09
intermediate,79.56,-69.75010399095812,-69.75010575149687,-69.76756957848337,4.795164642350582e-09
intermediate,79.57000000000001,-69.75017348818885,-69.75017524821526,-69.7676339901727,4.7792073704378645e-09
intermediate,79.58000000000001,-69.75024296586433,-69.75024472537861,-69.76769838414567,4.763303200878398e-09
intermediate,79.59,-69.75031242399051,-69.75031418299285,-69.76776276040695,4.747451956959092e-09
intermediate,79.60000000000001,-69.75038186257325,-69.75038362106388,-69.76782711896116,4.7316534625547994e-09
intermediate,79.61,-69.75045128161847,-69.7504530395976,-69.76789145981292,4.715907542126565e-09
intermediate,79.62,-69.75052068113209,-69.75052243859994,-69.76795578296687,4.700214020719504e-09
intermediate,79.63000000000001,-69.75059006112,-69.75059181807676,-69.76802008842763,4.684572723961047e-09
intermediate,79.64,-69.7506594215881,-69.75066117803398,-69.76808437619984,4.6689834780588465e-09
intermediate,79.65,-69.75072876254227,-69.75073051847748,-69.76814864628813,4.653446109798846e-09
intermediate,79.66000000000001,-69.7507980839884,-69.75079983941316,-69.7682128986971,4.637960446543531e-09
intermediate,79.67,-69.75086738593238,-69.7508691408469,-69.76827713343141,4.622526316229766e-09
intermediate,79.68,-69.75093666838013,-69.7509384227846,-69.76834135049567,4.607143547367086e-09
intermediate,79.69000000000001,-69.75100593133747,-69.75100768523212,-69.76840554989451,4.591811969035632e-09
intermediate,79.7,-69.75107517481035,-69.75107692819537,-69.76846973163258,4.576531410884426e-09
intermediate,79.71000000000001,-69.75114439880461,-69.75114615168022,-69.76853389571447,4.56130170312933e-09
intermediate,79.72000000000001,-69.75121360332615,-69.75121535569255,-69.7685980421448,4.546122676551162e-09
intermediate,79.73,-69.75128278838083,-69.75128454023825,-69.76866217092822,4.53099416249398e-09
intermediate,79.74000000000001,-69.75135195397453,-69.75135370532314,-69.76872628206932,4.5159159928629825e-09
intermediate,79.75,-69.75142110011309,-69.7514228509531,-69.76879037557275,4.5008880001228255e-09
intermediate,79.76,-69.75149022680242,-69.75149197713405,-69.76885445144312,4.4859100172956095e-09
intermediate,79.77000000000001,-69.75155933404838,-69.75156108387182,-69.76891850968505,4.470981877959198e-09
intermediate,79.78,-69.7516284218568,-69.75163017117227,-69.76898255030316,4.456103416245222e-09
intermediate,79.79,-69.75169749023355,-69.75169923904126,-69.76904657330205,4.441274466837255e-09
intermediate,79.80000000000001,-69.7517665391845,-69.75176828748464,-69.76911057868635,4.426494864969056e-09
intermediate,79.81,-69.75183556871549,-69.75183731650827,-69.7691745664607,4.411764446422675e-09
intermediate,79.82000000000001,-69.7519045788324,-69.75190632611802,-69.76923853662967,4.397083047526658e-09
intermediate,79.83000000000001,-69.75197356954104,-69.75197531631973,-69.7693024891979,4.382450505154154e-09
intermediate,79.84,-69.7520425408473,-69.75204428711925,-69.76936642416999,4.367866656721252e-09
intermediate,79.85000000000001,-69.752111492757,-69.7521132385224,-69.76943034155057,4.353331340185045e-09
intermediate,79.86,-69.75218042527598,-69.75218217053504,-69.76949424134423,4.3388443940418355e-09
intermediate,79.87,-69.75224933841007,-69.752251083163,-69.76955812355561,4.3244056573254195e-09
intermediate,79.88000000000001,-69.75231823216515,-69.75231997641215,-69.7696219881893,4.310014969605242e-09
intermediate,79.89,-69.75238710654702,-69.7523888502883,-69.7696858352499,4.295672170984638e-09
intermediate,79.9,-69.75245596156154,-69.75245770479728,-69.76974966474206,4.281377102098986e-09
intermediate,79.91000000000001,-69.7525247972145,-69.75252653994494,-69.76981347667035,4.267129604114088e-09
intermediate,79.92,-69.75259361351176,-69.75259535573707,-69.7698772710394,4.252929518724262e-09
intermediate,79.93,-69.75266241045915,-69.75266415217952,-69.7699410478538,4.238776688150605e-09
intermediate,79.94000000000001,-69.75273118806246,-69.75273292927812,-69.77000480711816,4.2246709551393144e-09
intermediate,79.95,-69.75279994632753,-69.75280168703868,-69.77006854883709,4.210612162959878e-09
intermediate,79.96000000000001,-69.75286868526018,-69.75287042546702,-69.77013227301521,4.196600155403364e-09
intermediate,79.97000000000001,-69.75293740486624,-69.75293914456896,-69.77019597965709,4.1826347767806104e-09
intermediate,79.98,-69.75300610515148,-69.75300784435031,-69.77025966876735,4.168715871920646e-09
intermediate,79.99000000000001,-69.75307478612177,-69.75307652481686,-69.77032334035057,4.154843286168827e-09
intermediate,80.0,-69.75314344778288,-69.75314518597446,-69.7703869944114,4.14101686538514e-09
