condition,time_ms,V_h_mV,V_d_mV,V_s_mV,g_syn_nS
low,0.0,-70.0,-70.0,-70.0,0.0
low,0.01,-70.0,-70.0,-70.0,0.0
low,0.02,-70.0,-70.0,-70.0,0.0
low,0.030000000000000006,-70.0,-70.0,-70.0,0.0
low,0.04,-70.0,-70.0,-70.0,0.0
low,0.05,-70.0,-70.0,-70.0,0.0
low,0.06000000000000001,-70.0,-70.0,-70.0,0.0
low,0.07,-70.0,-70.0,-70.0,0.0
low,0.08,-70.0,-70.0,-70.0,0.0
low,0.09000000000000001,-70.0,-70.0,-70.0,0.0
low,0.1,-70.0,-70.0,-70.0,0.0
low,0.11,-70.0,-70.0,-70.0,0.0
low,0.12000000000000002,-70.0,-70.0,-70.0,0.0
low,0.13,-70.0,-70.0,-70.0,0.0
low,0.14,-70.0,-70.0,-70.0,0.0
low,0.15000000000000002,-70.0,-70.0,-70.0,0.0
low,0.16,-70.0,-70.0,-70.0,0.0
low,0.17,-70.0,-70.0,-70.0,0.0
low,0.18000000000000002,-70.0,-70.0,-70.0,0.0
low,0.19,-70.0,-70.0,-70.0,0.0
low,0.2,-70.0,-70.0,-70.0,0.0
low,0.21000000000000002,-70.0,-70.0,-70.0,0.0
low,0.22,-70.0,-70.0,-70.0,0.0
low,0.23,-70.0,-70.0,-70.0,0.0
low,0.24000000000000005,-70.0,-70.0,-70.0,0.0
low,0.25,-70.0,-70.0,-70.0,0.0
low,0.26,-70.0,-70.0,-70.0,0.0
low,0.27,-70.0,-70.0,-70.0,0.0
low,0.28,-70.0,-70.0,-70.0,0.0
low,0.29,-70.0,-70.0,-70.0,0.0
low,0.30000000000000004,-70.0,-70.0,-70.0,0.0
low,0.31,-70.0,-70.0,-70.0,0.0
low,0.32,-70.0,-70.0,-70.0,0.0
low,0.33000000000000007,-70.0,-70.0,-70.0,0.0
low,0.34,-70.0,-70.0,-70.0,0.0
low,0.35000000000000003,-70.0,-70.0,-70.0,0.0
low,0.36000000000000004,-70.0,-70.0,-70.0,0.0
low,0.37000000000000005,-70.0,-70.0,-70.0,0.0
low,0.38,-70.0,-70.0,-70.0,0.0
low,0.39000000000000007,-70.0,-70.0,-70.0,0.0
low,0.4,-70.0,-70.0,-70.0,0.0
low,0.41000000000000003,-70.0,-70.0,-70.0,0.0
low,0.42000000000000004,-70.0,-70.0,-70.0,0.0
low,0.43000000000000005,-70.0,-70.0,-70.0,0.0
low,0.44,-70.0,-70.0,-70.0,0.0
low,0.45000000000000007,-70.0,-70.0,-70.0,0.0
low,0.46,-70.0,-70.0,-70.0,0.0
low,0.47000000000000003,-70.0,-70.0,-70.0,0.0
low,0.4800000000000001,-70.0,-70.0,-70.0,0.0
low,0.4900000000000001,-70.0,-70.0,-70.0,0.0
low,0.5,-70.0,-70.0,-70.0,0.0
low,0.51,-70.0,-70.0,-70.0,0.0
low,0.52,-70.0,-70.0,-70.0,0.0
low,0.5300000000000001,-70.0,-70.0,-70.0,0.0
low,0.54,-70.0,-70.0,-70.0,0.0
low,0.55,-70.0,-70.0,-70.0,0.0
low,0.56,-70.0,-70.0,-70.0,0.0
low,0.5700000000000001,-70.0,-70.0,-70.0,0.0
low,0.58,-70.0,-70.0,-70.0,0.0
low,0.5900000000000001,-70.0,-70.0,-70.0,0.0
low,0.6000000000000001,-70.0,-70.0,-70.0,0.0
low,0.6100000000000001,-70.0,-70.0,-70.0,0.0
low,0.62,-70.0,-70.0,-70.0,0.0
low,0.63,-70.0,-70.0,-70.0,0.0
low,0.64,-70.0,-70.0,-70.0,0.0
low,0.6500000000000001,-70.0,-70.0,-70.0,0.0
low,0.6600000000000001,-70.0,-70.0,-70.0,0.0
low,0.67,-70.0,-70.0,-70.0,0.0
low,0.68,-70.0,-70.0,-70.0,0.0
low,0.6900000000000001,-70.0,-70.0,-70.0,0.0
low,0.7000000000000001,-70.0,-70.0,-70.0,0.0
low,0.71,-70.0,-70.0,-70.0,0.0
low,0.7200000000000001,-70.0,-70.0,-70.0,0.0
low,0.7300000000000001,-70.0,-70.0,-70.0,0.0
low,0.7400000000000001,-70.0,-70.0,-70.0,0.0
low,0.75,-70.0,-70.0,-70.0,0.0
low,0.76,-70.0,-70.0,-70.0,0.0
low,0.77,-70.0,-70.0,-70.0,0.0
low,0.7800000000000001,-70.0,-70.0,-70.0,0.0
low,0.79,-70.0,-70.0,-70.0,0.0
low,0.8,-70.0,-70.0,-70.0,0.0
low,0.81,-70.0,-70.0,-70.0,0.0
low,0.8200000000000001,-70.0,-70.0,-70.0,0.0
low,0.8300000000000001,-70.0,-70.0,-70.0,0.0
low,0.8400000000000001,-70.0,-70.0,-70.0,0.0
low,0.8500000000000001,-70.0,-70.0,-70.0,0.0
low,0.8600000000000001,-70.0,-70.0,-70.0,0.0
low,0.8700000000000001,-70.0,-70.0,-70.0,0.0
low,0.88,-70.0,-70.0,-70.0,0.0
low,0.89,-70.0,-70.0,-70.0,0.0
low,0.9000000000000001,-70.0,-70.0,-70.0,0.0
low,0.9100000000000001,-70.0,-70.0,-70.0,0.0
low,0.92,-70.0,-70.0,-70.0,0.0
low,0.93,-70.0,-70.0,-70.0,0.0
low,0.9400000000000001,-70.0,-70.0,-70.0,0.0
low,0.9500000000000001,-70.0,-70.0,-70.0,0.0
low,0.9600000000000002,-70.0,-70.0,-70.0,0.0
low,0.9700000000000001,-70.0,-70.0,-70.0,0.0
low,0.9800000000000002,-70.0,-70.0,-70.0,0.0
low,0.99,-70.0,-70.0,-70.0,0.0
low,1.0,-70.0,-70.0,-70.0,0.0
low,1.01,-70.0,-70.0,-70.0,0.0
low,1.02,-70.0,-70.0,-70.0,0.0
low,1.03,-70.0,-70.0,-70.0,0.0
low,1.04,-70.0,-70.0,-70.0,0.0
low,1.05,-70.0,-70.0,-70.0,0.0
low,1.0600000000000003,-70.0,-70.0,-70.0,0.0
low,1.07,-70.0,-70.0,-70.0,0.0
low,1.08,-70.0,-70.0,-70.0,0.0
low,1.09,-70.0,-70.0,-70.0,0.0
low,1.1,-70.0,-70.0,-70.0,0.0
low,1.11,-70.0,-70.0,-70.0,0.0
low,1.12,-70.0,-70.0,-70.0,0.0
low,1.1300000000000001,-70.0,-70.0,-70.0,0.0
low,1.1400000000000001,-70.0,-70.0,-70.0,0.0
low,1.1500000000000001,-70.0,-70.0,-70.0,0.0
low,1.16,-70.0,-70.0,-70.0,0.0
low,1.17,-70.0,-70.0,-70.0,0.0
low,1.1800000000000002,-70.0,-70.0,-70.0,0.0
low,1.1900000000000002,-70.0,-70.0,-70.0,0.0
low,1.2000000000000002,-70.0,-70.0,-70.0,0.0
low,1.2100000000000002,-70.0,-70.0,-70.0,0.0
low,1.2200000000000002,-70.0,-70.0,-70.0,0.0
low,1.2300000000000002,-70.0,-70.0,-70.0,0.0
low,1.24,-70.0,-70.0,-70.0,0.0
low,1.25,-70.0,-70.0,-70.0,0.0
low,1.26,-70.0,-70.0,-70.0,0.0
low,1.27,-70.0,-70.0,-70.0,0.0
low,1.28,-70.0,-70.0,-70.0,0.0
low,1.29,-70.0,-70.0,-70.0,0.0
low,1.3000000000000003,-70.0,-70.0,-70.0,0.0
low,1.3100000000000003,-70.0,-70.0,-70.0,0.0
low,1.3200000000000003,-70.0,-70.0,-70.0,0.0
low,1.33,-70.0,-70.0,-70.0,0.0
low,1.34,-70.0,-70.0,-70.0,0.0
low,1.35,-70.0,-70.0,-70.0,0.0
low,1.36,-70.0,-70.0,-70.0,0.0
low,1.37,-70.0,-70.0,-70.0,0.0
low,1.3800000000000001,-70.0,-70.0,-70.0,0.0
low,1.3900000000000001,-70.0,-70.0,-70.0,0.0
low,1.4000000000000001,-70.0,-70.0,-70.0,0.0
low,1.41,-70.0,-70.0,-70.0,0.0
low,1.42,-70.0,-70.0,-70.0,0.0
low,1.4300000000000002,-70.0,-70.0,-70.0,0.0
low,1.4400000000000002,-70.0,-70.0,-70.0,0.0
low,1.4500000000000002,-70.0,-70.0,-70.0,0.0
low,1.4600000000000002,-70.0,-70.0,-70.0,0.0
low,1.4700000000000002,-70.0,-70.0,-70.0,0.0
low,1.4800000000000002,-70.0,-70.0,-70.0,0.0
low,1.4900000000000002,-70.0,-70.0,-70.0,0.0
low,1.5,-70.0,-70.0,-70.0,0.0
low,1.51,-70.0,-70.0,-70.0,0.0
low,1.52,-70.0,-70.0,-70.0,0.0
low,1.53,-70.0,-70.0,-70.0,0.0
low,1.54,-70.0,-70.0,-70.0,0.0
low,1.5500000000000003,-70.0,-70.0,-70.0,0.0
low,1.5600000000000003,-70.0,-70.0,-70.0,0.0
low,1.5700000000000003,-70.0,-70.0,-70.0,0.0
low,1.58,-70.0,-70.0,-70.0,0.0
low,1.59,-70.0,-70.0,-70.0,0.0
low,1.6,-70.0,-70.0,-70.0,0.0
low,1.61,-70.0,-70.0,-70.0,0.0
low,1.62,-70.0,-70.0,-70.0,0.0
low,1.6300000000000001,-70.0,-70.0,-70.0,0.0
low,1.6400000000000001,-70.0,-70.0,-70.0,0.0
low,1.6500000000000001,-70.0,-70.0,-70.0,0.0
low,1.6600000000000001,-70.0,-70.0,-70.0,0.0
low,1.6700000000000002,-70.0,-70.0,-70.0,0.0
low,1.6800000000000002,-70.0,-70.0,-70.0,0.0
low,1.6900000000000002,-70.0,-70.0,-70.0,0.0
low,1.7000000000000002,-70.0,-70.0,-70.0,0.0
low,1.7100000000000002,-70.0,-70.0,-70.0,0.0
low,1.7200000000000002,-70.0,-70.0,-70.0,0.0
low,1.7300000000000002,-70.0,-70.0,-70.0,0.0
low,1.7400000000000002,-70.0,-70.0,-70.0,0.0
low,1.75,-70.0,-70.0,-70.0,0.0
low,1.76,-70.0,-70.0,-70.0,0.0
low,1.77,-70.0,-70.0,-70.0,0.0
low,1.78,-70.0,-70.0,-70.0,0.0
low,1.79,-70.0,-70.0,-70.0,0.0
low,1.8000000000000003,-70.0,-70.0,-70.0,0.0
low,1.8100000000000003,-70.0,-70.0,-70.0,0.0
low,1.8200000000000003,-70.0,-70.0,-70.0,0.0
low,1.8300000000000003,-70.0,-70.0,-70.0,0.0
low,1.84,-70.0,-70.0,-70.0,0.0
low,1.85,-70.0,-70.0,-70.0,0.0
low,1.86,-70.0,-70.0,-70.0,0.0
low,1.87,-70.0,-70.0,-70.0,0.0
low,1.8800000000000001,-70.0,-70.0,-70.0,0.0
low,1.8900000000000001,-70.0,-70.0,-70.0,0.0
low,1.9000000000000001,-70.0,-70.0,-70.0,0.0
low,1.9100000000000001,-70.0,-70.0,-70.0,0.0
low,1.9200000000000004,-70.0,-70.0,-70.0,0.0
low,1.9300000000000002,-70.0,-70.0,-70.0,0.0
low,1.9400000000000002,-70.0,-70.0,-70.0,0.0
low,1.9500000000000002,-70.0,-70.0,-70.0,0.0
low,1.9600000000000004,-70.0,-70.0,-70.0,0.0
low,1.97,-70.0,-70.0,-70.0,0.0
low,1.98,-70.0,-70.0,-70.0,0.0
low,1.99,-70.0,-70.0,-70.0,0.0
low,2.0,-70.0,-70.0,-70.0,0.0
low,2.0100000000000002,-70.0,-70.0,-70.0,0.0
low,2.02,-70.0,-70.0,-70.0,0.0
low,2.0300000000000002,-70.0,-70.0,-70.0,0.0
low,2.04,-70.0,-70.0,-70.0,0.0
low,2.0500000000000003,-70.0,-70.0,-70.0,0.0
low,2.06,-70.0,-70.0,-70.0,0.0
low,2.0700000000000003,-70.0,-70.0,-70.0,0.0
low,2.08,-70.0,-70.0,-70.0,0.0
low,2.0900000000000003,-70.0,-70.0,-70.0,0.0
low,2.1,-70.0,-70.0,-70.0,0.0
low,2.1100000000000003,-70.0,-70.0,-70.0,0.0
low,2.1200000000000006,-70.0,-70.0,-70.0,0.0
low,2.1300000000000003,-70.0,-70.0,-70.0,0.0
low,2.14,-70.0,-70.0,-70.0,0.0
low,2.15,-70.0,-70.0,-70.0,0.0
low,2.16,-70.0,-70.0,-70.0,0.0
low,2.17,-70.0,-70.0,-70.0,0.0
low,2.18,-70.0,-70.0,-70.0,0.0
low,2.19,-70.0,-70.0,-70.0,0.0
low,2.2,-70.0,-70.0,-70.0,0.0
low,2.21,-70.0,-70.0,-70.0,0.0
low,2.22,-70.0,-70.0,-70.0,0.0
low,2.2300000000000004,-70.0,-70.0,-70.0,0.0
low,2.24,-70.0,-70.0,-70.0,0.0
low,2.2500000000000004,-70.0,-70.0,-70.0,0.0
low,2.2600000000000002,-70.0,-70.0,-70.0,0.0
low,2.2700000000000005,-70.0,-70.0,-70.0,0.0
low,2.2800000000000002,-70.0,-70.0,-70.0,0.0
low,2.2900000000000005,-70.0,-70.0,-70.0,0.0
low,2.3000000000000003,-70.0,-70.0,-70.0,0.0
low,2.31,-70.0,-70.0,-70.0,0.0
low,2.32,-70.0,-70.0,-70.0,0.0
low,2.33,-70.0,-70.0,-70.0,0.0
low,2.34,-70.0,-70.0,-70.0,0.0
low,2.35,-70.0,-70.0,-70.0,0.0
low,2.3600000000000003,-70.0,-70.0,-70.0,0.0
low,2.37,-70.0,-70.0,-70.0,0.0
low,2.3800000000000003,-70.0,-70.0,-70.0,0.0
low,2.39,-70.0,-70.0,-70.0,0.0
low,2.4000000000000004,-70.0,-70.0,-70.0,0.0
low,2.41,-70.0,-70.0,-70.0,0.0
low,2.4200000000000004,-70.0,-70.0,-70.0,0.0
low,2.43,-70.0,-70.0,-70.0,0.0
low,2.4400000000000004,-70.0,-70.0,-70.0,0.0
low,2.45,-70.0,-70.0,-70.0,0.0
low,2.4600000000000004,-70.0,-70.0,-70.0,0.0
low,2.47,-70.0,-70.0,-70.0,0.0
low,2.48,-70.0,-70.0,-70.0,0.0
low,2.49,-70.0,-70.0,-70.0,0.0
low,2.5,-70.0,-70.0,-70.0,0.0
low,2.5100000000000002,-70.0,-70.0,-70.0,0.0
low,2.52,-70.0,-70.0,-70.0,0.0
low,2.5300000000000002,-70.0,-70.0,-70.0,0.0
low,2.54,-70.0,-70.0,-70.0,0.0
low,2.5500000000000003,-70.0,-70.0,-70.0,0.0
low,2.56,-70.0,-70.0,-70.0,0.0
low,2.5700000000000003,-70.0,-70.0,-70.0,0.0
low,2.58,-70.0,-70.0,-70.0,0.0
low,2.5900000000000003,-70.0,-70.0,-70.0,0.0
low,2.6000000000000005,-70.0,-70.0,-70.0,0.0
low,2.6100000000000003,-70.0,-70.0,-70.0,0.0
low,2.6200000000000006,-70.0,-70.0,-70.0,0.0
low,2.6300000000000003,-70.0,-70.0,-70.0,0.0
low,2.6400000000000006,-70.0,-70.0,-70.0,0.0
low,2.65,-70.0,-70.0,-70.0,0.0
low,2.66,-70.0,-70.0,-70.0,0.0
low,2.67,-70.0,-70.0,-70.0,0.0
low,2.68,-70.0,-70.0,-70.0,0.0
low,2.69,-70.0,-70.0,-70.0,0.0
low,2.7,-70.0,-70.0,-70.0,0.0
low,2.71,-70.0,-70.0,-70.0,0.0
low,2.72,-70.0,-70.0,-70.0,0.0
low,2.7300000000000004,-70.0,-70.0,-70.0,0.0
low,2.74,-70.0,-70.0,-70.0,0.0
low,2.7500000000000004,-70.0,-70.0,-70.0,0.0
low,2.7600000000000002,-70.0,-70.0,-70.0,0.0
low,2.7700000000000005,-70.0,-70.0,-70.0,0.0
low,2.7800000000000002,-70.0,-70.0,-70.0,0.0
low,2.7900000000000005,-70.0,-70.0,-70.0,0.0
low,2.8000000000000003,-70.0,-70.0,-70.0,0.0
low,2.8100000000000005,-70.0,-70.0,-70.0,0.0
low,2.82,-70.0,-70.0,-70.0,0.0
low,2.83,-70.0,-70.0,-70.0,0.0
low,2.84,-70.0,-70.0,-70.0,0.0
low,2.85,-70.0,-70.0,-70.0,0.0
low,2.8600000000000003,-70.0,-70.0,-70.0,0.0
low,2.87,-70.0,-70.0,-70.0,0.0
low,2.8800000000000003,-70.0,-70.0,-70.0,0.0
low,2.89,-70.0,-70.0,-70.0,0.0
low,2.9000000000000004,-70.0,-70.0,-70.0,0.0
low,2.91,-70.0,-70.0,-70.0,0.0
low,2.9200000000000004,-70.0,-70.0,-70.0,0.0
low,2.93,-70.0,-70.0,-70.0,0.0
low,2.9400000000000004,-70.0,-70.0,-70.0,0.0
low,2.95,-70.0,-70.0,-70.0,0.0
low,2.9600000000000004,-70.0,-70.0,-70.0,0.0
low,2.9700000000000006,-70.0,-70.0,-70.0,0.0
low,2.9800000000000004,-70.0,-70.0,-70.0,0.0
low,2.99,-70.0,-70.0,-70.0,0.0
low,3.0,-70.0,-70.0,-70.0,0.0
low,3.0100000000000002,-70.0,-70.0,-70.0,0.0
low,3.02,-70.0,-70.0,-70.0,0.0
low,3.0300000000000002,-70.0,-70.0,-70.0,0.0
low,3.04,-70.0,-70.0,-70.0,0.0
low,3.0500000000000003,-70.0,-70.0,-70.0,0.0
low,3.06,-70.0,-70.0,-70.0,0.0
low,3.0700000000000003,-70.0,-70.0,-70.0,0.0
low,3.08,-70.0,-70.0,-70.0,0.0
low,3.0900000000000003,-70.0,-70.0,-70.0,0.0
low,3.1000000000000005,-70.0,-70.0,-70.0,0.0
low,3.1100000000000003,-70.0,-70.0,-70.0,0.0
low,3.1200000000000006,-70.0,-70.0,-70.0,0.0
low,3.1300000000000003,-70.0,-70.0,-70.0,0.0
low,3.1400000000000006,-70.0,-70.0,-70.0,0.0
low,3.1500000000000004,-70.0,-70.0,-70.0,0.0
low,3.16,-70.0,-70.0,-70.0,0.0
low,3.17,-70.0,-70.0,-70.0,0.0
low,3.18,-70.0,-70.0,-70.0,0.0
low,3.19,-70.0,-70.0,-70.0,0.0
low,3.2,-70.0,-70.0,-70.0,0.0
low,3.21,-70.0,-70.0,-70.0,0.0
low,3.22,-70.0,-70.0,-70.0,0.0
low,3.2300000000000004,-70.0,-70.0,-70.0,0.0
low,3.24,-70.0,-70.0,-70.0,0.0
low,3.2500000000000004,-70.0,-70.0,-70.0,0.0
low,3.2600000000000002,-70.0,-70.0,-70.0,0.0
low,3.2700000000000005,-70.0,-70.0,-70.0,0.0
low,3.2800000000000002,-70.0,-70.0,-70.0,0.0
low,3.2900000000000005,-70.0,-70.0,-70.0,0.0
low,3.3000000000000003,-70.0,-70.0,-70.0,0.0
low,3.3100000000000005,-70.0,-70.0,-70.0,0.0
low,3.3200000000000003,-70.0,-70.0,-70.0,0.0
low,3.33,-70.0,-70.0,-70.0,0.0
low,3.3400000000000003,-70.0,-70.0,-70.0,0.0
low,3.35,-70.0,-70.0,-70.0,0.0
low,3.3600000000000003,-70.0,-70.0,-70.0,0.0
low,3.37,-70.0,-70.0,-70.0,0.0
low,3.3800000000000003,-70.0,-70.0,-70.0,0.0
low,3.39,-70.0,-70.0,-70.0,0.0
low,3.4000000000000004,-70.0,-70.0,-70.0,0.0
low,3.41,-70.0,-70.0,-70.0,0.0
low,3.4200000000000004,-70.0,-70.0,-70.0,0.0
low,3.43,-70.0,-70.0,-70.0,0.0
low,3.4400000000000004,-70.0,-70.0,-70.0,0.0
low,3.45,-70.0,-70.0,-70.0,0.0
low,3.4600000000000004,-70.0,-70.0,-70.0,0.0
low,3.4700000000000006,-70.0,-70.0,-70.0,0.0
low,3.4800000000000004,-70.0,-70.0,-70.0,0.0
low,3.4900000000000007,-70.0,-70.0,-70.0,0.0
low,3.5,-70.0,-70.0,-70.0,0.0
low,3.5100000000000002,-70.0,-70.0,-70.0,0.0
low,3.52,-70.0,-70.0,-70.0,0.0
low,3.5300000000000002,-70.0,-70.0,-70.0,0.0
low,3.54,-70.0,-70.0,-70.0,0.0
low,3.5500000000000003,-70.0,-70.0,-70.0,0.0
low,3.56,-70.0,-70.0,-70.0,0.0
low,3.5700000000000003,-70.0,-70.0,-70.0,0.0
low,3.58,-70.0,-70.0,-70.0,0.0
low,3.5900000000000003,-70.0,-70.0,-70.0,0.0
low,3.6000000000000005,-70.0,-70.0,-70.0,0.0
low,3.6100000000000003,-70.0,-70.0,-70.0,0.0
low,3.6200000000000006,-70.0,-70.0,-70.0,0.0
low,3.6300000000000003,-70.0,-70.0,-70.0,0.0
low,3.6400000000000006,-70.0,-70.0,-70.0,0.0
low,3.6500000000000004,-70.0,-70.0,-70.0,0.0
low,3.6600000000000006,-70.0,-70.0,-70.0,0.0
low,3.67,-70.0,-70.0,-70.0,0.0
low,3.68,-70.0,-70.0,-70.0,0.0
low,3.69,-70.0,-70.0,-70.0,0.0
low,3.7,-70.0,-70.0,-70.0,0.0
low,3.7100000000000004,-70.0,-70.0,-70.0,0.0
low,3.72,-70.0,-70.0,-70.0,0.0
low,3.7300000000000004,-70.0,-70.0,-70.0,0.0
low,3.74,-70.0,-70.0,-70.0,0.0
low,3.7500000000000004,-70.0,-70.0,-70.0,0.0
low,3.7600000000000002,-70.0,-70.0,-70.0,0.0
low,3.7700000000000005,-70.0,-70.0,-70.0,0.0
low,3.7800000000000002,-70.0,-70.0,-70.0,0.0
low,3.7900000000000005,-70.0,-70.0,-70.0,0.0
low,3.8000000000000003,-70.0,-70.0,-70.0,0.0
low,3.8100000000000005,-70.0,-70.0,-70.0,0.0
low,3.8200000000000003,-70.0,-70.0,-70.0,0.0
low,3.8300000000000005,-70.0,-70.0,-70.0,0.0
low,3.8400000000000007,-70.0,-70.0,-70.0,0.0
low,3.85,-70.0,-70.0,-70.0,0.0
low,3.8600000000000003,-70.0,-70.0,-70.0,0.0
low,3.87,-70.0,-70.0,-70.0,0.0
low,3.8800000000000003,-70.0,-70.0,-70.0,0.0
low,3.89,-70.0,-70.0,-70.0,0.0
low,3.9000000000000004,-70.0,-70.0,-70.0,0.0
low,3.91,-70.0,-70.0,-70.0,0.0
low,3.920000000000001,-70.0,-70.0,-70.0,0.0
low,3.93,-70.0,-70.0,-70.0,0.0
low,3.94,-70.0,-70.0,-70.0,0.0
low,3.95,-70.0,-70.0,-70.0,0.0
low,3.96,-70.0,-70.0,-70.0,0.0
low,3.9700000000000006,-70.0,-70.0,-70.0,0.0
low,3.98,-70.0,-70.0,-70.0,0.0
low,3.9900000000000007,-70.0,-70.0,-70.0,0.0
low,4.0,-70.0,-70.0,-70.0,0.0
low,4.010000000000001,-70.0,-70.0,-70.0,0.0
low,4.0200000000000005,-70.0,-70.0,-70.0,0.0
low,4.03,-70.0,-70.0,-70.0,0.0
low,4.04,-70.0,-70.0,-70.0,0.0
low,4.050000000000001,-70.0,-70.0,-70.0,0.0
low,4.0600000000000005,-70.0,-70.0,-70.0,0.0
low,4.07,-70.0,-70.0,-70.0,0.0
low,4.08,-70.0,-70.0,-70.0,0.0
low,4.090000000000001,-70.0,-70.0,-70.0,0.0
low,4.1000000000000005,-70.0,-70.0,-70.0,0.0
low,4.11,-70.0,-70.0,-70.0,0.0
low,4.12,-70.0,-70.0,-70.0,0.0
low,4.13,-70.0,-70.0,-70.0,0.0
low,4.140000000000001,-70.0,-70.0,-70.0,0.0
low,4.15,-70.0,-70.0,-70.0,0.0
low,4.16,-70.0,-70.0,-70.0,0.0
low,4.17,-70.0,-70.0,-70.0,0.0
low,4.180000000000001,-70.0,-70.0,-70.0,0.0
low,4.19,-70.0,-70.0,-70.0,0.0
low,4.2,-70.0,-70.0,-70.0,0.0
low,4.21,-70.0,-70.0,-70.0,0.0
low,4.220000000000001,-70.0,-70.0,-70.0,0.0
low,4.23,-70.0,-70.0,-70.0,0.0
low,4.240000000000001,-70.0,-70.0,-70.0,0.0
low,4.25,-70.0,-70.0,-70.0,0.0
low,4.260000000000001,-70.0,-70.0,-70.0,0.0
low,4.2700000000000005,-70.0,-70.0,-70.0,0.0
low,4.28,-70.0,-70.0,-70.0,0.0
low,4.29,-70.0,-70.0,-70.0,0.0
low,4.3,-70.0,-70.0,-70.0,0.0
low,4.3100000000000005,-70.0,-70.0,-70.0,0.0
low,4.32,-70.0,-70.0,-70.0,0.0
low,4.33,-70.0,-70.0,-70.0,0.0
low,4.34,-70.0,-70.0,-70.0,0.0
low,4.3500000000000005,-70.0,-70.0,-70.0,0.0
low,4.36,-70.0,-70.0,-70.0,0.0
low,4.370000000000001,-70.0,-70.0,-70.0,0.0
low,4.38,-70.0,-70.0,-70.0,0.0
low,4.390000000000001,-70.0,-70.0,-70.0,0.0
low,4.4,-70.0,-70.0,-70.0,0.0
low,4.410000000000001,-70.0,-70.0,-70.0,0.0
low,4.42,-70.0,-70.0,-70.0,0.0
low,4.430000000000001,-70.0,-70.0,-70.0,0.0
low,4.44,-70.0,-70.0,-70.0,0.0
low,4.45,-70.0,-70.0,-70.0,0.0
low,4.460000000000001,-70.0,-70.0,-70.0,0.0
low,4.47,-70.0,-70.0,-70.0,0.0
low,4.48,-70.0,-70.0,-70.0,0.0
low,4.49,-70.0,-70.0,-70.0,0.0
low,4.500000000000001,-70.0,-70.0,-70.0,0.0
low,4.51,-70.0,-70.0,-70.0,0.0
low,4.5200000000000005,-70.0,-70.0,-70.0,0.0
low,4.53,-70.0,-70.0,-70.0,0.0
low,4.540000000000001,-70.0,-70.0,-70.0,0.0
low,4.55,-70.0,-70.0,-70.0,0.0
low,4.5600000000000005,-70.0,-70.0,-70.0,0.0
low,4.57,-70.0,-70.0,-70.0,0.0
low,4.580000000000001,-70.0,-70.0,-70.0,0.0
low,4.590000000000001,-70.0,-70.0,-70.0,0.0
low,4.6000000000000005,-70.0,-70.0,-70.0,0.0
low,4.61,-70.0,-70.0,-70.0,0.0
low,4.62,-70.0,-70.0,-70.0,0.0
low,4.630000000000001,-70.0,-70.0,-70.0,0.0
low,4.64,-70.0,-70.0,-70.0,0.0
low,4.65,-70.0,-70.0,-70.0,0.0
low,4.66,-70.0,-70.0,-70.0,0.0
low,4.670000000000001,-70.0,-70.0,-70.0,0.0
low,4.68,-70.0,-70.0,-70.0,0.0
low,4.69,-70.0,-70.0,-70.0,0.0
low,4.7,-70.0,-70.0,-70.0,0.0
low,4.710000000000001,-70.0,-70.0,-70.0,0.0
low,4.720000000000001,-70.0,-70.0,-70.0,0.0
low,4.73,-70.0,-70.0,-70.0,0.0
low,4.74,-70.0,-70.0,-70.0,0.0
low,4.750000000000001,-70.0,-70.0,-70.0,0.0
low,4.760000000000001,-70.0,-70.0,-70.0,0.0
low,4.7700000000000005,-70.0,-70.0,-70.0,0.0
low,4.78,-70.0,-70.0,-70.0,0.0
low,4.79,-70.0,-70.0,-70.0,0.0
low,4.800000000000001,-70.0,-70.0,-70.0,0.0
low,4.81,-70.0,-70.0,-70.0,0.0
low,4.82,-70.0,-70.0,-70.0,0.0
low,4.83,-70.0,-70.0,-70.0,0.0
low,4.840000000000001,-70.0,-70.0,-70.0,0.0
low,4.8500000000000005,-70.0,-70.0,-70.0,0.0
low,4.86,-70.0,-70.0,-70.0,0.0
low,4.87,-70.0,-70.0,-70.0,0.0
low,4.880000000000001,-70.0,-70.0,-70.0,0.0
low,4.890000000000001,-70.0,-70.0,-70.0,0.0
low,4.9,-70.0,-70.0,-70.0,0.0
low,4.91,-70.0,-70.0,-70.0,0.0
low,4.920000000000001,-70.0,-70.0,-70.0,0.0
low,4.930000000000001,-70.0,-70.0,-70.0,0.0
low,4.94,-70.0,-70.0,-70.0,0.0
low,4.95,-70.0,-70.0,-70.0,0.0
low,4.96,-70.0,-70.0,-70.0,0.0
low,4.970000000000001,-70.0,-70.0,-70.0,0.0
low,4.98,-70.0,-70.0,-70.0,0.0
low,4.99,-70.0,-70.0,-70.0,0.0
low,5.0,-70.0,-70.0,-70.0,0.0
low,5.010000000000001,-70.0,-70.0,-70.0,0.0
low,5.0200000000000005,-70.0,-70.0,-70.0,0.0
low,5.03,-70.0,-70.0,-70.0,0.0
low,5.04,-70.0,-70.0,-70.0,0.0
low,5.050000000000001,-70.0,-70.0,-70.0,0.0
low,5.0600000000000005,-70.0,-70.0,-70.0,0.0
low,5.07,-70.0,-70.0,-70.0,0.0
low,5.08,-70.0,-70.0,-70.0,0.0
low,5.090000000000001,-70.0,-70.0,-70.0,0.0
low,5.1000000000000005,-70.0,-70.0,-70.0,0.0
low,5.110000000000001,-70.0,-70.0,-70.0,0.0
low,5.12,-70.0,-70.0,-70.0,0.0
low,5.13,-70.0,-70.0,-70.0,0.0
low,5.140000000000001,-70.0,-70.0,-70.0,0.0
low,5.15,-70.0,-70.0,-70.0,0.0
low,5.16,-70.0,-70.0,-70.0,0.0
low,5.17,-70.0,-70.0,-70.0,0.0
low,5.180000000000001,-70.0,-70.0,-70.0,0.0
low,5.19,-70.0,-70.0,-70.0,0.0
low,5.200000000000001,-70.0,-70.0,-70.0,0.0
low,5.21,-70.0,-70.0,-70.0,0.0
low,5.220000000000001,-70.0,-70.0,-70.0,0.0
low,5.23,-70.0,-70.0,-70.0,0.0
low,5.240000000000001,-70.0,-70.0,-70.0,0.0
low,5.25,-70.0,-70.0,-70.0,0.0
low,5.260000000000001,-70.0,-70.0,-70.0,0.0
low,5.2700000000000005,-70.0,-70.0,-70.0,0.0
low,5.280000000000001,-70.0,-70.0,-70.0,0.0
low,5.29,-70.0,-70.0,-70.0,0.0
low,5.3,-70.0,-70.0,-70.0,0.0
low,5.3100000000000005,-70.0,-70.0,-70.0,0.0
low,5.32,-70.0,-70.0,-70.0,0.0
low,5.330000000000001,-70.0,-70.0,-70.0,0.0
low,5.34,-70.0,-70.0,-70.0,0.0
low,5.3500000000000005,-70.0,-70.0,-70.0,0.0
low,5.36,-70.0,-70.0,-70.0,0.0
low,5.370000000000001,-70.0,-70.0,-70.0,0.0
low,5.38,-70.0,-70.0,-70.0,0.0
low,5.390000000000001,-70.0,-70.0,-70.0,0.0
low,5.4,-70.0,-70.0,-70.0,0.0
low,5.410000000000001,-70.0,-70.0,-70.0,0.0
low,5.42,-70.0,-70.0,-70.0,0.0
low,5.430000000000001,-70.0,-70.0,-70.0,0.0
low,5.44,-70.0,-70.0,-70.0,0.0
low,5.450000000000001,-70.0,-70.0,-70.0,0.0
low,5.460000000000001,-70.0,-70.0,-70.0,0.0
low,5.47,-70.0,-70.0,-70.0,0.0
low,5.48,-70.0,-70.0,-70.0,0.0
low,5.49,-70.0,-70.0,-70.0,0.0
low,5.500000000000001,-70.0,-70.0,-70.0,0.0
low,5.51,-70.0,-70.0,-70.0,0.0
low,5.5200000000000005,-70.0,-70.0,-70.0,0.0
low,5.53,-70.0,-70.0,-70.0,0.0
low,5.540000000000001,-70.0,-70.0,-70.0,0.0
low,5.55,-70.0,-70.0,-70.0,0.0
low,5.5600000000000005,-70.0,-70.0,-70.0,0.0
low,5.57,-70.0,-70.0,-70.0,0.0
low,5.580000000000001,-70.0,-70.0,-70.0,0.0
low,5.590000000000001,-70.0,-70.0,-70.0,0.0
low,5.6000000000000005,-70.0,-70.0,-70.0,0.0
low,5.61,-70.0,-70.0,-70.0,0.0
low,5.620000000000001,-70.0,-70.0,-70.0,0.0
low,5.630000000000001,-70.0,-70.0,-70.0,0.0
low,5.64,-70.0,-70.0,-70.0,0.0
low,5.65,-70.0,-70.0,-70.0,0.0
low,5.66,-70.0,-70.0,-70.0,0.0
low,5.670000000000001,-70.0,-70.0,-70.0,0.0
low,5.68,-70.0,-70.0,-70.0,0.0
low,5.69,-70.0,-70.0,-70.0,0.0
low,5.7,-70.0,-70.0,-70.0,0.0
low,5.710000000000001,-70.0,-70.0,-70.0,0.0
low,5.720000000000001,-70.0,-70.0,-70.0,0.0
low,5.73,-70.0,-70.0,-70.0,0.0
low,5.74,-70.0,-70.0,-70.0,0.0
low,5.750000000000001,-70.0,-70.0,-70.0,0.0
low,5.760000000000001,-70.0,-70.0,-70.0,0.0
low,5.7700000000000005,-70.0,-70.0,-70.0,0.0
low,5.78,-70.0,-70.0,-70.0,0.0
low,5.790000000000001,-70.0,-70.0,-70.0,0.0
low,5.800000000000001,-70.0,-70.0,-70.0,0.0
low,5.8100000000000005,-70.0,-70.0,-70.0,0.0
low,5.82,-70.0,-70.0,-70.0,0.0
low,5.83,-70.0,-70.0,-70.0,0.0
low,5.840000000000001,-70.0,-70.0,-70.0,0.0
low,5.8500000000000005,-70.0,-70.0,-70.0,0.0
low,5.86,-70.0,-70.0,-70.0,0.0
low,5.87,-70.0,-70.0,-70.0,0.0
low,5.880000000000001,-70.0,-70.0,-70.0,0.0
low,5.890000000000001,-70.0,-70.0,-70.0,0.0
low,5.9,-70.0,-70.0,-70.0,0.0
low,5.91,-70.0,-70.0,-70.0,0.0
low,5.920000000000001,-70.0,-70.0,-70.0,0.0
low,5.930000000000001,-70.0,-70.0,-70.0,0.0
low,5.940000000000001,-70.0,-70.0,-70.0,0.0
low,5.95,-70.0,-70.0,-70.0,0.0
low,5.960000000000001,-70.0,-70.0,-70.0,0.0
low,5.970000000000001,-70.0,-70.0,-70.0,0.0
low,5.98,-70.0,-70.0,-70.0,0.0
low,5.99,-70.0,-70.0,-70.0,0.0
low,6.0,-70.0,-70.0,-70.0,0.0
low,6.010000000000001,-70.0,-70.0,-70.0,0.0
low,6.0200000000000005,-70.0,-70.0,-70.0,0.0
low,6.03,-70.0,-70.0,-70.0,0.0
low,6.04,-70.0,-70.0,-70.0,0.0
low,6.050000000000001,-70.0,-70.0,-70.0,0.0
low,6.0600000000000005,-70.0,-70.0,-70.0,0.0
low,6.070000000000001,-70.0,-70.0,-70.0,0.0
low,6.08,-70.0,-70.0,-70.0,0.0
low,6.090000000000001,-70.0,-70.0,-70.0,0.0
low,6.1000000000000005,-70.0,-70.0,-70.0,0.0
low,6.110000000000001,-70.0,-70.0,-70.0,0.0
low,6.12,-70.0,-70.0,-70.0,0.0
low,6.130000000000001,-70.0,-70.0,-70.0,0.0
low,6.140000000000001,-70.0,-70.0,-70.0,0.0
low,6.15,-70.0,-70.0,-70.0,0.0
low,6.16,-70.0,-70.0,-70.0,0.0
low,6.17,-70.0,-70.0,-70.0,0.0
low,6.180000000000001,-70.0,-70.0,-70.0,0.0
low,6.19,-70.0,-70.0,-70.0,0.0
low,6.200000000000001,-70.0,-70.0,-70.0,0.0
low,6.21,-70.0,-70.0,-70.0,0.0
low,6.220000000000001,-70.0,-70.0,-70.0,0.0
low,6.23,-70.0,-70.0,-70.0,0.0
low,6.240000000000001,-70.0,-70.0,-70.0,0.0
low,6.25,-70.0,-70.0,-70.0,0.0
low,6.260000000000001,-70.0,-70.0,-70.0,0.0
low,6.2700000000000005,-70.0,-70.0,-70.0,0.0
low,6.280000000000001,-70.0,-70.0,-70.0,0.0
low,6.29,-70.0,-70.0,-70.0,0.0
low,6.300000000000001,-70.0,-70.0,-70.0,0.0
low,6.3100000000000005,-70.0,-70.0,-70.0,0.0
low,6.32,-70.0,-70.0,-70.0,0.0
low,6.330000000000001,-70.0,-70.0,-70.0,0.0
low,6.34,-70.0,-70.0,-70.0,0.0
low,6.3500000000000005,-70.0,-70.0,-70.0,0.0
low,6.36,-70.0,-70.0,-70.0,0.0
low,6.370000000000001,-70.0,-70.0,-70.0,0.0
low,6.38,-70.0,-70.0,-70.0,0.0
low,6.390000000000001,-70.0,-70.0,-70.0,0.0
low,6.4,-70.0,-70.0,-70.0,0.0
low,6.410000000000001,-70.0,-70.0,-70.0,0.0
low,6.42,-70.0,-70.0,-70.0,0.0
low,6.430000000000001,-70.0,-70.0,-70.0,0.0
low,6.44,-70.0,-70.0,-70.0,0.0
low,6.450000000000001,-70.0,-70.0,-70.0,0.0
low,6.460000000000001,-70.0,-70.0,-70.0,0.0
low,6.470000000000001,-70.0,-70.0,-70.0,0.0
low,6.48,-70.0,-70.0,-70.0,0.0
low,6.49,-70.0,-70.0,-70.0,0.0
low,6.500000000000001,-70.0,-70.0,-70.0,0.0
low,6.51,-70.0,-70.0,-70.0,0.0
low,6.5200000000000005,-70.0,-70.0,-70.0,0.0
low,6.53,-70.0,-70.0,-70.0,0.0
low,6.540000000000001,-70.0,-70.0,-70.0,0.0
low,6.550000000000001,-70.0,-70.0,-70.0,0.0
low,6.5600000000000005,-70.0,-70.0,-70.0,0.0
low,6.57,-70.0,-70.0,-70.0,0.0
low,6.580000000000001,-70.0,-70.0,-70.0,0.0
low,6.590000000000001,-70.0,-70.0,-70.0,0.0
low,6.6000000000000005,-70.0,-70.0,-70.0,0.0
low,6.61,-70.0,-70.0,-70.0,0.0
low,6.620000000000001,-70.0,-70.0,-70.0,0.0
low,6.630000000000001,-70.0,-70.0,-70.0,0.0
low,6.640000000000001,-70.0,-70.0,-70.0,0.0
low,6.65,-70.0,-70.0,-70.0,0.0
low,6.66,-70.0,-70.0,-70.0,0.0
low,6.670000000000001,-70.0,-70.0,-70.0,0.0
low,6.680000000000001,-70.0,-70.0,-70.0,0.0
low,6.69,-70.0,-70.0,-70.0,0.0
low,6.7,-70.0,-70.0,-70.0,0.0
low,6.710000000000001,-70.0,-70.0,-70.0,0.0
low,6.720000000000001,-70.0,-70.0,-70.0,0.0
low,6.73,-70.0,-70.0,-70.0,0.0
low,6.74,-70.0,-70.0,-70.0,0.0
low,6.750000000000001,-70.0,-70.0,-70.0,0.0
low,6.760000000000001,-70.0,-70.0,-70.0,0.0
low,6.7700000000000005,-70.0,-70.0,-70.0,0.0
low,6.78,-70.0,-70.0,-70.0,0.0
low,6.790000000000001,-70.0,-70.0,-70.0,0.0
low,6.800000000000001,-70.0,-70.0,-70.0,0.0
low,6.810000000000001,-70.0,-70.0,-70.0,0.0
low,6.82,-70.0,-70.0,-70.0,0.0
low,6.83,-70.0,-70.0,-70.0,0.0
low,6.840000000000001,-70.0,-70.0,-70.0,0.0
low,6.8500000000000005,-70.0,-70.0,-70.0,0.0
low,6.86,-70.0,-70.0,-70.0,0.0
low,6.87,-70.0,-70.0,-70.0,0.0
low,6.880000000000001,-70.0,-70.0,-70.0,0.0
low,6.890000000000001,-70.0,-70.0,-70.0,0.0
low,6.9,-70.0,-70.0,-70.0,0.0
low,6.91,-70.0,-70.0,-70.0,0.0
low,6.920000000000001,-70.0,-70.0,-70.0,0.0
low,6.930000000000001,-70.0,-70.0,-70.0,0.0
low,6.940000000000001,-70.0,-70.0,-70.0,0.0
low,6.95,-70.0,-70.0,-70.0,0.0
low,6.960000000000001,-70.0,-70.0,-70.0,0.0
low,6.970000000000001,-70.0,-70.0,-70.0,0.0
low,6.980000000000001,-70.0,-70.0,-70.0,0.0
low,6.99,-70.0,-70.0,-70.0,0.0
low,7.0,-70.0,-70.0,-70.0,0.0
low,7.010000000000001,-70.0,-70.0,-70.0,0.0
low,7.0200000000000005,-70.0,-70.0,-70.0,0.0
low,7.03,-70.0,-70.0,-70.0,0.0
low,7.04,-70.0,-70.0,-70.0,0.0
low,7.050000000000001,-70.0,-70.0,-70.0,0.0
low,7.0600000000000005,-70.0,-70.0,-70.0,0.0
low,7.070000000000001,-70.0,-70.0,-70.0,0.0
low,7.08,-70.0,-70.0,-70.0,0.0
low,7.090000000000001,-70.0,-70.0,-70.0,0.0
low,7.1000000000000005,-70.0,-70.0,-70.0,0.0
low,7.110000000000001,-70.0,-70.0,-70.0,0.0
low,7.12,-70.0,-70.0,-70.0,0.0
low,7.130000000000001,-70.0,-70.0,-70.0,0.0
low,7.140000000000001,-70.0,-70.0,-70.0,0.0
low,7.150000000000001,-70.0,-70.0,-70.0,0.0
low,7.16,-70.0,-70.0,-70.0,0.0
low,7.17,-70.0,-70.0,-70.0,0.0
low,7.180000000000001,-70.0,-70.0,-70.0,0.0
low,7.19,-70.0,-70.0,-70.0,0.0
low,7.200000000000001,-70.0,-70.0,-70.0,0.0
low,7.21,-70.0,-70.0,-70.0,0.0
low,7.220000000000001,-70.0,-70.0,-70.0,0.0
low,7.23,-70.0,-70.0,-70.0,0.0
low,7.240000000000001,-70.0,-70.0,-70.0,0.0
low,7.25,-70.0,-70.0,-70.0,0.0
low,7.260000000000001,-70.0,-70.0,-70.0,0.0
low,7.2700000000000005,-70.0,-70.0,-70.0,0.0
low,7.280000000000001,-70.0,-70.0,-70.0,0.0
low,7.29,-70.0,-70.0,-70.0,0.0
low,7.300000000000001,-70.0,-70.0,-70.0,0.0
low,7.3100000000000005,-70.0,-70.0,-70.0,0.0
low,7.320000000000001,-70.0,-70.0,-70.0,0.0
low,7.330000000000001,-70.0,-70.0,-70.0,0.0
low,7.34,-70.0,-70.0,-70.0,0.0
low,7.3500000000000005,-70.0,-70.0,-70.0,0.0
low,7.36,-70.0,-70.0,-70.0,0.0
low,7.370000000000001,-70.0,-70.0,-70.0,0.0
low,7.38,-70.0,-70.0,-70.0,0.0
low,7.390000000000001,-70.0,-70.0,-70.0,0.0
low,7.4,-70.0,-70.0,-70.0,0.0
low,7.410000000000001,-70.0,-70.0,-70.0,0.0
low,7.420000000000001,-70.0,-70.0,-70.0,0.0
low,7.430000000000001,-70.0,-70.0,-70.0,0.0
low,7.44,-70.0,-70.0,-70.0,0.0
low,7.450000000000001,-70.0,-70.0,-70.0,0.0
low,7.460000000000001,-70.0,-70.0,-70.0,0.0
low,7.470000000000001,-70.0,-70.0,-70.0,0.0
low,7.48,-70.0,-70.0,-70.0,0.0
low,7.490000000000001,-70.0,-70.0,-70.0,0.0
low,7.500000000000001,-70.0,-70.0,-70.0,0.0
low,7.51,-70.0,-70.0,-70.0,0.0
low,7.5200000000000005,-70.0,-70.0,-70.0,0.0
low,7.53,-70.0,-70.0,-70.0,0.0
low,7.540000000000001,-70.0,-70.0,-70.0,0.0
low,7.550000000000001,-70.0,-70.0,-70.0,0.0
low,7.5600000000000005,-70.0,-70.0,-70.0,0.0
low,7.57,-70.0,-70.0,-70.0,0.0
low,7.580000000000001,-70.0,-70.0,-70.0,0.0
low,7.590000000000001,-70.0,-70.0,-70.0,0.0
low,7.6000000000000005,-70.0,-70.0,-70.0,0.0
low,7.61,-70.0,-70.0,-70.0,0.0
low,7.620000000000001,-70.0,-70.0,-70.0,0.0
low,7.630000000000001,-70.0,-70.0,-70.0,0.0
low,7.640000000000001,-70.0,-70.0,-70.0,0.0
low,7.65,-70.0,-70.0,-70.0,0.0
low,7.660000000000001,-70.0,-70.0,-70.0,0.0
low,7.670000000000001,-70.0,-70.0,-70.0,0.0
low,7.6800000000000015,-70.0,-70.0,-70.0,0.0
low,7.69,-70.0,-70.0,-70.0,0.0
low,7.7,-70.0,-70.0,-70.0,0.0
low,7.710000000000001,-70.0,-70.0,-70.0,0.0
low,7.720000000000001,-70.0,-70.0,-70.0,0.0
low,7.73,-70.0,-70.0,-70.0,0.0
low,7.74,-70.0,-70.0,-70.0,0.0
low,7.750000000000001,-70.0,-70.0,-70.0,0.0
low,7.760000000000001,-70.0,-70.0,-70.0,0.0
low,7.7700000000000005,-70.0,-70.0,-70.0,0.0
low,7.78,-70.0,-70.0,-70.0,0.0
low,7.790000000000001,-70.0,-70.0,-70.0,0.0
low,7.800000000000001,-70.0,-70.0,-70.0,0.0
low,7.810000000000001,-70.0,-70.0,-70.0,0.0
low,7.82,-70.0,-70.0,-70.0,0.0
low,7.83,-70.0,-70.0,-70.0,0.0
low,7.840000000000002,-70.0,-70.0,-70.0,0.0
low,7.850000000000001,-70.0,-70.0,-70.0,0.0
low,7.86,-70.0,-70.0,-70.0,0.0
low,7.87,-70.0,-70.0,-70.0,0.0
low,7.88,-70.0,-70.0,-70.0,0.0
low,7.8900000000000015,-70.0,-70.0,-70.0,0.0
low,7.9,-70.0,-70.0,-70.0,0.0
low,7.91,-70.0,-70.0,-70.0,0.0
low,7.92,-70.0,-70.0,-70.0,0.0
low,7.9300000000000015,-70.0,-70.0,-70.0,0.0
low,7.940000000000001,-70.0,-70.0,-70.0,0.0
low,7.95,-70.0,-70.0,-70.0,0.0
low,7.96,-70.0,-70.0,-70.0,0.0
low,7.9700000000000015,-70.0,-70.0,-70.0,0.0
low,7.980000000000001,-70.0,-70.0,-70.0,0.0
low,7.99,-70.0,-70.0,-70.0,0.0
low,8.0,-70.0,-70.0,-70.0,0.0
low,8.010000000000002,-70.0,-70.0,-70.0,0.0
low,8.020000000000001,-70.0,-70.0,-70.0,0.0
low,8.030000000000001,-70.0,-70.0,-70.0,0.0
low,8.040000000000001,-70.0,-70.0,-70.0,0.0
low,8.05,-70.0,-70.0,-70.0,0.0
low,8.06,-70.0,-70.0,-70.0,0.0
low,8.07,-70.0,-70.0,-70.0,0.0
low,8.08,-70.0,-70.0,-70.0,0.0
low,8.09,-70.0,-70.0,-70.0,0.0
low,8.100000000000001,-70.0,-70.0,-70.0,0.0
low,8.110000000000001,-70.0,-70.0,-70.0,0.0
low,8.120000000000001,-70.0,-70.0,-70.0,0.0
low,8.13,-70.0,-70.0,-70.0,0.0
low,8.14,-70.0,-70.0,-70.0,0.0
low,8.15,-70.0,-70.0,-70.0,0.0
low,8.16,-70.0,-70.0,-70.0,0.0
low,8.17,-70.0,-70.0,-70.0,0.0
low,8.180000000000001,-70.0,-70.0,-70.0,0.0
low,8.190000000000001,-70.0,-70.0,-70.0,0.0
low,8.200000000000001,-70.0,-70.0,-70.0,0.0
low,8.21,-70.0,-70.0,-70.0,0.0
low,8.22,-70.0,-70.0,-70.0,0.0
low,8.23,-70.0,-70.0,-70.0,0.0
low,8.24,-70.0,-70.0,-70.0,0.0
low,8.25,-70.0,-70.0,-70.0,0.0
low,8.26,-70.0,-70.0,-70.0,0.0
low,8.270000000000001,-70.0,-70.0,-70.0,0.0
low,8.280000000000001,-70.0,-70.0,-70.0,0.0
low,8.290000000000001,-70.0,-70.0,-70.0,0.0
low,8.3,-70.0,-70.0,-70.0,0.0
low,8.310000000000002,-70.0,-70.0,-70.0,0.0
low,8.32,-70.0,-70.0,-70.0,0.0
low,8.33,-70.0,-70.0,-70.0,0.0
low,8.34,-70.0,-70.0,-70.0,0.0
low,8.350000000000001,-70.0,-70.0,-70.0,0.0
low,8.360000000000001,-70.0,-70.0,-70.0,0.0
low,8.370000000000001,-70.0,-70.0,-70.0,0.0
low,8.38,-70.0,-70.0,-70.0,0.0
low,8.39,-70.0,-70.0,-70.0,0.0
low,8.4,-70.0,-70.0,-70.0,0.0
low,8.41,-70.0,-70.0,-70.0,0.0
low,8.42,-70.0,-70.0,-70.0,0.0
low,8.43,-70.0,-70.0,-70.0,0.0
low,8.440000000000001,-70.0,-70.0,-70.0,0.0
low,8.450000000000001,-70.0,-70.0,-70.0,0.0
low,8.46,-70.0,-70.0,-70.0,0.0
low,8.47,-70.0,-70.0,-70.0,0.0
low,8.480000000000002,-70.0,-70.0,-70.0,0.0
low,8.49,-70.0,-70.0,-70.0,0.0
low,8.5,-70.0,-70.0,-70.0,0.0
low,8.51,-70.0,-70.0,-70.0,0.0
low,8.520000000000001,-70.0,-70.0,-70.0,0.0
low,8.530000000000001,-70.0,-70.0,-70.0,0.0
low,8.540000000000001,-70.0,-70.0,-70.0,0.0
low,8.55,-70.0,-70.0,-70.0,0.0
low,8.56,-70.0,-70.0,-70.0,0.0
low,8.570000000000002,-70.0,-70.0,-70.0,0.0
low,8.58,-70.0,-70.0,-70.0,0.0
low,8.59,-70.0,-70.0,-70.0,0.0
low,8.6,-70.0,-70.0,-70.0,0.0
low,8.610000000000001,-70.0,-70.0,-70.0,0.0
low,8.620000000000001,-70.0,-70.0,-70.0,0.0
low,8.63,-70.0,-70.0,-70.0,0.0
low,8.64,-70.0,-70.0,-70.0,0.0
low,8.650000000000002,-70.0,-70.0,-70.0,0.0
low,8.66,-70.0,-70.0,-70.0,0.0
low,8.67,-70.0,-70.0,-70.0,0.0
low,8.68,-70.0,-70.0,-70.0,0.0
low,8.690000000000001,-70.0,-70.0,-70.0,0.0
low,8.700000000000001,-70.0,-70.0,-70.0,0.0
low,8.71,-70.0,-70.0,-70.0,0.0
low,8.72,-70.0,-70.0,-70.0,0.0
low,8.73,-70.0,-70.0,-70.0,0.0
low,8.740000000000002,-70.0,-70.0,-70.0,0.0
low,8.75,-70.0,-70.0,-70.0,0.0
low,8.76,-70.0,-70.0,-70.0,0.0
low,8.77,-70.0,-70.0,-70.0,0.0
low,8.780000000000001,-70.0,-70.0,-70.0,0.0
low,8.790000000000001,-70.0,-70.0,-70.0,0.0
low,8.8,-70.0,-70.0,-70.0,0.0
low,8.81,-70.0,-70.0,-70.0,0.0
low,8.820000000000002,-70.0,-70.0,-70.0,0.0
low,8.830000000000002,-70.0,-70.0,-70.0,0.0
low,8.84,-70.0,-70.0,-70.0,0.0
low,8.85,-70.0,-70.0,-70.0,0.0
low,8.860000000000001,-70.0,-70.0,-70.0,0.0
low,8.870000000000001,-70.0,-70.0,-70.0,0.0
low,8.88,-70.0,-70.0,-70.0,0.0
low,8.89,-70.0,-70.0,-70.0,0.0
low,8.9,-70.0,-70.0,-70.0,0.0
low,8.910000000000002,-70.0,-70.0,-70.0,0.0
low,8.920000000000002,-70.0,-70.0,-70.0,0.0
low,8.93,-70.0,-70.0,-70.0,0.0
low,8.94,-70.0,-70.0,-70.0,0.0
low,8.950000000000001,-70.0,-70.0,-70.0,0.0
low,8.96,-70.0,-70.0,-70.0,0.0
low,8.97,-70.0,-70.0,-70.0,0.0
low,8.98,-70.0,-70.0,-70.0,0.0
low,8.990000000000002,-70.0,-70.0,-70.0,0.0
low,9.000000000000002,-70.0,-70.0,-70.0,0.0
low,9.01,-70.0,-70.0,-70.0,0.0
low,9.02,-70.0,-70.0,-70.0,0.0
low,9.030000000000001,-70.0,-70.0,-70.0,0.0
low,9.040000000000001,-70.0,-70.0,-70.0,0.0
low,9.05,-70.0,-70.0,-70.0,0.0
low,9.06,-70.0,-70.0,-70.0,0.0
low,9.07,-70.0,-70.0,-70.0,0.0
low,9.080000000000002,-70.0,-70.0,-70.0,0.0
low,9.090000000000002,-70.0,-70.0,-70.0,0.0
low,9.1,-70.0,-70.0,-70.0,0.0
low,9.11,-70.0,-70.0,-70.0,0.0
low,9.120000000000001,-70.0,-70.0,-70.0,0.0
low,9.13,-70.0,-70.0,-70.0,0.0
low,9.14,-70.0,-70.0,-70.0,0.0
low,9.15,-70.0,-70.0,-70.0,0.0
low,9.160000000000002,-70.0,-70.0,-70.0,0.0
low,9.170000000000002,-70.0,-70.0,-70.0,0.0
low,9.180000000000001,-70.0,-70.0,-70.0,0.0
low,9.19,-70.0,-70.0,-70.0,0.0
low,9.200000000000001,-70.0,-70.0,-70.0,0.0
low,9.21,-70.0,-70.0,-70.0,0.0
low,9.22,-70.0,-70.0,-70.0,0.0
low,9.23,-70.0,-70.0,-70.0,0.0
low,9.24,-70.0,-70.0,-70.0,0.0
low,9.250000000000002,-70.0,-70.0,-70.0,0.0
low,9.260000000000002,-70.0,-70.0,-70.0,0.0
low,9.27,-70.0,-70.0,-70.0,0.0
low,9.28,-70.0,-70.0,-70.0,0.0
low,9.290000000000001,-70.0,-70.0,-70.0,0.0
low,9.3,-70.0,-70.0,-70.0,0.0
low,9.31,-70.0,-70.0,-70.0,0.0
low,9.32,-70.0,-70.0,-70.0,0.0
low,9.330000000000002,-70.0,-70.0,-70.0,0.0
low,9.340000000000002,-70.0,-70.0,-70.0,0.0
low,9.350000000000001,-70.0,-70.0,-70.0,0.0
low,9.36,-70.0,-70.0,-70.0,0.0
low,9.370000000000001,-70.0,-70.0,-70.0,0.0
low,9.38,-70.0,-70.0,-70.0,0.0
low,9.39,-70.0,-70.0,-70.0,0.0
low,9.4,-70.0,-70.0,-70.0,0.0
low,9.41,-70.0,-70.0,-70.0,0.0
low,9.420000000000002,-70.0,-70.0,-70.0,0.0
low,9.430000000000001,-70.0,-70.0,-70.0,0.0
low,9.440000000000001,-70.0,-70.0,-70.0,0.0
low,9.45,-70.0,-70.0,-70.0,0.0
low,9.46,-70.0,-70.0,-70.0,0.0
low,9.47,-70.0,-70.0,-70.0,0.0
low,9.48,-70.0,-70.0,-70.0,0.0
low,9.49,-70.0,-70.0,-70.0,0.0
low,9.500000000000002,-70.0,-70.0,-70.0,0.0
low,9.510000000000002,-70.0,-70.0,-70.0,0.0
low,9.520000000000001,-70.0,-70.0,-70.0,0.0
low,9.530000000000001,-70.0,-70.0,-70.0,0.0
low,9.540000000000001,-70.0,-70.0,-70.0,0.0
low,9.55,-70.0,-70.0,-70.0,0.0
low,9.56,-70.0,-70.0,-70.0,0.0
low,9.57,-70.0,-70.0,-70.0,0.0
low,9.58,-70.0,-70.0,-70.0,0.0
low,9.590000000000002,-70.0,-70.0,-70.0,0.0
low,9.600000000000001,-70.0,-70.0,-70.0,0.0
low,9.610000000000001,-70.0,-70.0,-70.0,0.0
low,9.62,-70.0,-70.0,-70.0,0.0
low,9.63,-70.0,-70.0,-70.0,0.0
low,9.64,-70.0,-70.0,-70.0,0.0
low,9.65,-70.0,-70.0,-70.0,0.0
low,9.66,-70.0,-70.0,-70.0,0.0
low,9.670000000000002,-70.0,-70.0,-70.0,0.0
low,9.680000000000001,-70.0,-70.0,-70.0,0.0
low,9.690000000000001,-70.0,-70.0,-70.0,0.0
low,9.700000000000001,-70.0,-70.0,-70.0,0.0
low,9.71,-70.0,-70.0,-70.0,0.0
low,9.72,-70.0,-70.0,-70.0,0.0
low,9.73,-70.0,-70.0,-70.0,0.0
low,9.74,-70.0,-70.0,-70.0,0.0
low,9.75,-70.0,-70.0,-70.0,0.0
low,9.760000000000002,-70.0,-70.0,-70.0,0.0
low,9.770000000000001,-70.0,-70.0,-70.0,0.0
low,9.780000000000001,-70.0,-70.0,-70.0,0.0
low,9.790000000000001,-70.0,-70.0,-70.0,0.0
low,9.8,-70.0,-70.0,-70.0,0.0
low,9.81,-70.0,-70.0,-70.0,0.0
low,9.82,-70.0,-70.0,-70.0,0.0
low,9.83,-70.0,-70.0,-70.0,0.0
low,9.840000000000002,-70.0,-70.0,-70.0,0.0
low,9.850000000000001,-70.0,-70.0,-70.0,0.0
low,9.860000000000001,-70.0,-70.0,-70.0,0.0
low,9.870000000000001,-70.0,-70.0,-70.0,0.0
low,9.88,-70.0,-70.0,-70.0,0.0
low,9.89,-70.0,-70.0,-70.0,0.0
low,9.9,-70.0,-70.0,-70.0,0.0
low,9.91,-70.0,-70.0,-70.0,0.0
low,9.92,-70.0,-70.0,-70.0,0.0
low,9.930000000000001,-70.0,-70.0,-70.0,0.0
low,9.940000000000001,-70.0,-70.0,-70.0,0.0
low,9.950000000000001,-70.0,-70.0,-70.0,0.0
low,9.96,-70.0,-70.0,-70.0,0.0
low,9.97,-70.0,-70.0,-70.0,0.0
low,9.98,-70.0,-70.0,-70.0,0.0
low,9.99,-70.0,-70.0,-70.0,0.0
low,10.0,-70.0,-70.0,-70.0,0.0
low,10.010000000000002,-70.0,-70.0,-70.0,0.0
low,10.020000000000001,-70.0,-70.0,-70.0,0.0
low,10.030000000000001,-70.0,-70.0,-70.0,0.0
low,10.040000000000001,-70.0,-70.0,-70.0,0.0
low,10.050000000000002,-70.0,-70.0,-70.0,0.0
low,10.06,-70.0,-70.0,-70.0,0.0
low,10.07,-70.0,-70.0,-70.0,0.0
low,10.08,-70.0,-70.0,-70.0,0.0
low,10.09,-70.0,-70.0,-70.0,0.0
low,10.100000000000001,-70.0,-70.0,-70.0,0.0
low,10.110000000000001,-70.0,-70.0,-70.0,0.0
low,10.120000000000001,-70.0,-70.0,-70.0,0.0
low,10.13,-70.0,-70.0,-70.0,0.0
low,10.14,-70.0,-70.0,-70.0,0.0
low,10.15,-70.0,-70.0,-70.0,0.0
low,10.16,-70.0,-70.0,-70.0,0.0
low,10.17,-70.0,-70.0,-70.0,0.0
low,10.180000000000001,-70.0,-70.0,-70.0,0.0
low,10.190000000000001,-70.0,-70.0,-70.0,0.0
low,10.200000000000001,-70.0,-70.0,-70.0,0.0
low,10.21,-70.0,-70.0,-70.0,0.0
low,10.220000000000002,-70.0,-70.0,-70.0,0.0
low,10.23,-70.0,-70.0,-70.0,0.0
low,10.24,-70.0,-70.0,-70.0,0.0
low,10.25,-70.0,-70.0,-70.0,0.0
low,10.26,-70.0,-70.0,-70.0,0.0
low,10.270000000000001,-70.0,-70.0,-70.0,0.0
low,10.280000000000001,-70.0,-70.0,-70.0,0.0
low,10.290000000000001,-70.0,-70.0,-70.0,0.0
low,10.3,-70.0,-70.0,-70.0,0.0
low,10.310000000000002,-70.0,-70.0,-70.0,0.0
low,10.32,-70.0,-70.0,-70.0,0.0
low,10.33,-70.0,-70.0,-70.0,0.0
low,10.34,-70.0,-70.0,-70.0,0.0
low,10.350000000000001,-70.0,-70.0,-70.0,0.0
low,10.360000000000001,-70.0,-70.0,-70.0,0.0
low,10.370000000000001,-70.0,-70.0,-70.0,0.0
low,10.38,-70.0,-70.0,-70.0,0.0
low,10.390000000000002,-70.0,-70.0,-70.0,0.0
low,10.400000000000002,-70.0,-70.0,-70.0,0.0
low,10.41,-70.0,-70.0,-70.0,0.0
low,10.42,-70.0,-70.0,-70.0,0.0
low,10.43,-70.0,-70.0,-70.0,0.0
low,10.440000000000001,-70.0,-70.0,-70.0,0.0
low,10.450000000000001,-70.0,-70.0,-70.0,0.0
low,10.46,-70.0,-70.0,-70.0,0.0
low,10.47,-70.0,-70.0,-70.0,0.0
low,10.480000000000002,-70.0,-70.0,-70.0,0.0
low,10.49,-70.0,-70.0,-70.0,0.0
low,10.5,-70.0,-70.0,-70.0,0.0
low,10.51,-70.0,-70.0,-70.0,0.0
low,10.520000000000001,-70.0,-70.0,-70.0,0.0
low,10.530000000000001,-70.0,-70.0,-70.0,0.0
low,10.540000000000001,-70.0,-70.0,-70.0,0.0
low,10.55,-70.0,-70.0,-70.0,0.0
low,10.560000000000002,-70.0,-70.0,-70.0,0.0
low,10.570000000000002,-70.0,-70.0,-70.0,0.0
low,10.58,-70.0,-70.0,-70.0,0.0
low,10.59,-70.0,-70.0,-70.0,0.0
low,10.6,-70.0,-70.0,-70.0,0.0
low,10.610000000000001,-70.0,-70.0,-70.0,0.0
low,10.620000000000001,-70.0,-70.0,-70.0,0.0
low,10.63,-70.0,-70.0,-70.0,0.0
low,10.64,-70.0,-70.0,-70.0,0.0
low,10.650000000000002,-70.0,-70.0,-70.0,0.0
low,10.660000000000002,-70.0,-70.0,-70.0,0.0
low,10.67,-70.0,-70.0,-70.0,0.0
low,10.68,-70.0,-70.0,-70.0,0.0
low,10.690000000000001,-70.0,-70.0,-70.0,0.0
low,10.700000000000001,-70.0,-70.0,-70.0,0.0
low,10.71,-70.0,-70.0,-70.0,0.0
low,10.72,-70.0,-70.0,-70.0,0.0
low,10.730000000000002,-70.0,-70.0,-70.0,0.0
low,10.740000000000002,-70.0,-70.0,-70.0,0.0
low,10.75,-70.0,-70.0,-70.0,0.0
low,10.76,-70.0,-70.0,-70.0,0.0
low,10.77,-70.0,-70.0,-70.0,0.0
low,10.780000000000001,-70.0,-70.0,-70.0,0.0
low,10.790000000000001,-70.0,-70.0,-70.0,0.0
low,10.8,-70.0,-70.0,-70.0,0.0
low,10.81,-70.0,-70.0,-70.0,0.0
low,10.820000000000002,-70.0,-70.0,-70.0,0.0
low,10.830000000000002,-70.0,-70.0,-70.0,0.0
low,10.84,-70.0,-70.0,-70.0,0.0
low,10.85,-70.0,-70.0,-70.0,0.0
low,10.860000000000001,-70.0,-70.0,-70.0,0.0
low,10.870000000000001,-70.0,-70.0,-70.0,0.0
low,10.88,-70.0,-70.0,-70.0,0.0
low,10.89,-70.0,-70.0,-70.0,0.0
low,10.900000000000002,-70.0,-70.0,-70.0,0.0
low,10.910000000000002,-70.0,-70.0,-70.0,0.0
low,10.920000000000002,-70.0,-70.0,-70.0,0.0
low,10.93,-70.0,-70.0,-70.0,0.0
low,10.94,-70.0,-70.0,-70.0,0.0
low,10.950000000000001,-70.0,-70.0,-70.0,0.0
low,10.96,-70.0,-70.0,-70.0,0.0
low,10.97,-70.0,-70.0,-70.0,0.0
low,10.98,-70.0,-70.0,-70.0,0.0
low,10.990000000000002,-70.0,-70.0,-70.0,0.0
low,11.000000000000002,-70.0,-70.0,-70.0,0.0
low,11.010000000000002,-70.0,-70.0,-70.0,0.0
low,11.02,-70.0,-70.0,-70.0,0.0
low,11.030000000000001,-70.0,-70.0,-70.0,0.0
low,11.040000000000001,-70.0,-70.0,-70.0,0.0
low,11.05,-70.0,-70.0,-70.0,0.0
low,11.06,-70.0,-70.0,-70.0,0.0
low,11.070000000000002,-70.0,-70.0,-70.0,0.0
low,11.080000000000002,-70.0,-70.0,-70.0,0.0
low,11.090000000000002,-70.0,-70.0,-70.0,0.0
low,11.1,-70.0,-70.0,-70.0,0.0
low,11.11,-70.0,-70.0,-70.0,0.0
low,11.120000000000001,-70.0,-70.0,-70.0,0.0
low,11.13,-70.0,-70.0,-70.0,0.0
low,11.14,-70.0,-70.0,-70.0,0.0
low,11.15,-70.0,-70.0,-70.0,0.0
low,11.160000000000002,-70.0,-70.0,-70.0,0.0
low,11.170000000000002,-70.0,-70.0,-70.0,0.0
low,11.180000000000001,-70.0,-70.0,-70.0,0.0
low,11.19,-70.0,-70.0,-70.0,0.0
low,11.200000000000001,-70.0,-70.0,-70.0,0.0
low,11.21,-70.0,-70.0,-70.0,0.0
low,11.22,-70.0,-70.0,-70.0,0.0
low,11.23,-70.0,-70.0,-70.0,0.0
low,11.240000000000002,-70.0,-70.0,-70.0,0.0
low,11.250000000000002,-70.0,-70.0,-70.0,0.0
low,11.260000000000002,-70.0,-70.0,-70.0,0.0
low,11.270000000000001,-70.0,-70.0,-70.0,0.0
low,11.28,-70.0,-70.0,-70.0,0.0
low,11.290000000000001,-70.0,-70.0,-70.0,0.0
low,11.3,-70.0,-70.0,-70.0,0.0
low,11.31,-70.0,-70.0,-70.0,0.0
low,11.32,-70.0,-70.0,-70.0,0.0
low,11.330000000000002,-70.0,-70.0,-70.0,0.0
low,11.340000000000002,-70.0,-70.0,-70.0,0.0
low,11.350000000000001,-70.0,-70.0,-70.0,0.0
low,11.36,-70.0,-70.0,-70.0,0.0
low,11.370000000000001,-70.0,-70.0,-70.0,0.0
low,11.38,-70.0,-70.0,-70.0,0.0
low,11.39,-70.0,-70.0,-70.0,0.0
low,11.4,-70.0,-70.0,-70.0,0.0
low,11.410000000000002,-70.0,-70.0,-70.0,0.0
low,11.420000000000002,-70.0,-70.0,-70.0,0.0
low,11.430000000000001,-70.0,-70.0,-70.0,0.0
low,11.440000000000001,-70.0,-70.0,-70.0,0.0
low,11.45,-70.0,-70.0,-70.0,0.0
low,11.46,-70.0,-70.0,-70.0,0.0
low,11.47,-70.0,-70.0,-70.0,0.0
low,11.48,-70.0,-70.0,-70.0,0.0
low,11.49,-70.0,-70.0,-70.0,0.0
low,11.500000000000002,-70.0,-70.0,-70.0,0.0
low,11.510000000000002,-70.0,-70.0,-70.0,0.0
low,11.520000000000001,-70.0,-70.0,-70.0,0.0
low,11.530000000000001,-70.0,-70.0,-70.0,0.0
low,11.540000000000001,-70.0,-70.0,-70.0,0.0
low,11.55,-70.0,-70.0,-70.0,0.0
low,11.56,-70.0,-70.0,-70.0,0.0
low,11.57,-70.0,-70.0,-70.0,0.0
low,11.580000000000002,-70.0,-70.0,-70.0,0.0
low,11.590000000000002,-70.0,-70.0,-70.0,0.0
low,11.600000000000001,-70.0,-70.0,-70.0,0.0
low,11.610000000000001,-70.0,-70.0,-70.0,0.0
low,11.620000000000001,-70.0,-70.0,-70.0,0.0
low,11.63,-70.0,-70.0,-70.0,0.0
low,11.64,-70.0,-70.0,-70.0,0.0
low,11.65,-70.0,-70.0,-70.0,0.0
low,11.66,-70.0,-70.0,-70.0,0.0
low,11.670000000000002,-70.0,-70.0,-70.0,0.0
low,11.680000000000001,-70.0,-70.0,-70.0,0.0
low,11.690000000000001,-70.0,-70.0,-70.0,0.0
low,11.700000000000001,-70.0,-70.0,-70.0,0.0
low,11.71,-70.0,-70.0,-70.0,0.0
low,11.72,-70.0,-70.0,-70.0,0.0
low,11.73,-70.0,-70.0,-70.0,0.0
low,11.74,-70.0,-70.0,-70.0,0.0
low,11.750000000000002,-70.0,-70.0,-70.0,0.0
low,11.760000000000002,-70.0,-70.0,-70.0,0.0
low,11.770000000000001,-70.0,-70.0,-70.0,0.0
low,11.780000000000001,-70.0,-70.0,-70.0,0.0
low,11.790000000000001,-70.0,-70.0,-70.0,0.0
low,11.8,-70.0,-70.0,-70.0,0.0
low,11.81,-70.0,-70.0,-70.0,0.0
low,11.82,-70.0,-70.0,-70.0,0.0
low,11.83,-70.0,-70.0,-70.0,0.0
low,11.840000000000002,-70.0,-70.0,-70.0,0.0
low,11.850000000000001,-70.0,-70.0,-70.0,0.0
low,11.860000000000001,-70.0,-70.0,-70.0,0.0
low,11.870000000000001,-70.0,-70.0,-70.0,0.0
low,11.880000000000003,-70.0,-70.0,-70.0,0.0
low,11.89,-70.0,-70.0,-70.0,0.0
low,11.9,-70.0,-70.0,-70.0,0.0
low,11.91,-70.0,-70.0,-70.0,0.0
low,11.920000000000002,-70.0,-70.0,-70.0,0.0
low,11.930000000000001,-70.0,-70.0,-70.0,0.0
low,11.940000000000001,-70.0,-70.0,-70.0,0.0
low,11.950000000000001,-70.0,-70.0,-70.0,0.0
low,11.96,-70.0,-70.0,-70.0,0.0
low,11.97,-70.0,-70.0,-70.0,0.0
low,11.98,-70.0,-70.0,-70.0,0.0
low,11.99,-70.0,-70.0,-70.0,0.0
low,12.0,-70.0,-70.0,-70.0,0.0
low,12.010000000000002,-70.0,-70.0,-70.0,0.0
low,12.020000000000001,-70.0,-70.0,-70.0,0.0
low,12.030000000000001,-70.0,-70.0,-70.0,0.0
low,12.040000000000001,-70.0,-70.0,-70.0,0.0
low,12.050000000000002,-70.0,-70.0,-70.0,0.0
low,12.06,-70.0,-70.0,-70.0,0.0
low,12.07,-70.0,-70.0,-70.0,0.0
low,12.08,-70.0,-70.0,-70.0,0.0
low,12.090000000000002,-70.0,-70.0,-70.0,0.0
low,12.100000000000001,-70.0,-70.0,-70.0,0.0
low,12.110000000000001,-70.0,-70.0,-70.0,0.0
low,12.120000000000001,-70.0,-70.0,-70.0,0.0
low,12.13,-70.0,-70.0,-70.0,0.0
low,12.140000000000002,-70.0,-70.0,-70.0,0.0
low,12.15,-70.0,-70.0,-70.0,0.0
low,12.16,-70.0,-70.0,-70.0,0.0
low,12.17,-70.0,-70.0,-70.0,0.0
low,12.180000000000001,-70.0,-70.0,-70.0,0.0
low,12.190000000000001,-70.0,-70.0,-70.0,0.0
low,12.200000000000001,-70.0,-70.0,-70.0,0.0
low,12.21,-70.0,-70.0,-70.0,0.0
low,12.220000000000002,-70.0,-70.0,-70.0,0.0
low,12.23,-70.0,-70.0,-70.0,0.0
low,12.24,-70.0,-70.0,-70.0,0.0
low,12.25,-70.0,-70.0,-70.0,0.0
low,12.260000000000002,-70.0,-70.0,-70.0,0.0
low,12.270000000000001,-70.0,-70.0,-70.0,0.0
low,12.280000000000001,-70.0,-70.0,-70.0,0.0
low,12.290000000000001,-70.0,-70.0,-70.0,0.0
low,12.3,-70.0,-70.0,-70.0,0.0
low,12.310000000000002,-70.0,-70.0,-70.0,0.0
low,12.32,-70.0,-70.0,-70.0,0.0
low,12.33,-70.0,-70.0,-70.0,0.0
low,12.34,-70.0,-70.0,-70.0,0.0
low,12.350000000000001,-70.0,-70.0,-70.0,0.0
low,12.360000000000001,-70.0,-70.0,-70.0,0.0
low,12.370000000000001,-70.0,-70.0,-70.0,0.0
low,12.38,-70.0,-70.0,-70.0,0.0
low,12.390000000000002,-70.0,-70.0,-70.0,0.0
low,12.400000000000002,-70.0,-70.0,-70.0,0.0
low,12.41,-70.0,-70.0,-70.0,0.0
low,12.42,-70.0,-70.0,-70.0,0.0
low,12.430000000000001,-70.0,-70.0,-70.0,0.0
low,12.440000000000001,-70.0,-70.0,-70.0,0.0
low,12.450000000000001,-70.0,-70.0,-70.0,0.0
low,12.46,-70.0,-70.0,-70.0,0.0
low,12.47,-70.0,-70.0,-70.0,0.0
low,12.480000000000002,-70.0,-70.0,-70.0,0.0
low,12.490000000000002,-70.0,-70.0,-70.0,0.0
low,12.5,-70.0,-70.0,-70.0,0.0
low,12.51,-70.0,-70.0,-70.0,0.0
low,12.520000000000001,-70.0,-70.0,-70.0,0.0
low,12.530000000000001,-70.0,-70.0,-70.0,0.0
low,12.540000000000001,-70.0,-70.0,-70.0,0.0
low,12.55,-70.0,-70.0,-70.0,0.0
low,12.560000000000002,-70.0,-70.0,-70.0,0.0
low,12.570000000000002,-70.0,-70.0,-70.0,0.0
low,12.58,-70.0,-70.0,-70.0,0.0
low,12.59,-70.0,-70.0,-70.0,0.0
low,12.600000000000001,-70.0,-70.0,-70.0,0.0
low,12.610000000000001,-70.0,-70.0,-70.0,0.0
low,12.620000000000001,-70.0,-70.0,-70.0,0.0
low,12.63,-70.0,-70.0,-70.0,0.0
low,12.64,-70.0,-70.0,-70.0,0.0
low,12.650000000000002,-70.0,-70.0,-70.0,0.0
low,12.660000000000002,-70.0,-70.0,-70.0,0.0
low,12.67,-70.0,-70.0,-70.0,0.0
low,12.68,-70.0,-70.0,-70.0,0.0
low,12.690000000000001,-70.0,-70.0,-70.0,0.0
low,12.700000000000001,-70.0,-70.0,-70.0,0.0
low,12.71,-70.0,-70.0,-70.0,0.0
low,12.72,-70.0,-70.0,-70.0,0.0
low,12.730000000000002,-70.0,-70.0,-70.0,0.0
low,12.740000000000002,-70.0,-70.0,-70.0,0.0
low,12.750000000000002,-70.0,-70.0,-70.0,0.0
low,12.76,-70.0,-70.0,-70.0,0.0
low,12.770000000000001,-70.0,-70.0,-70.0,0.0
low,12.780000000000001,-70.0,-70.0,-70.0,0.0
low,12.790000000000001,-70.0,-70.0,-70.0,0.0
low,12.8,-70.0,-70.0,-70.0,0.0
low,12.81,-70.0,-70.0,-70.0,0.0
low,12.820000000000002,-70.0,-70.0,-70.0,0.0
low,12.830000000000002,-70.0,-70.0,-70.0,0.0
low,12.84,-70.0,-70.0,-70.0,0.0
low,12.85,-70.0,-70.0,-70.0,0.0
low,12.860000000000001,-70.0,-70.0,-70.0,0.0
low,12.870000000000001,-70.0,-70.0,-70.0,0.0
low,12.88,-70.0,-70.0,-70.0,0.0
low,12.89,-70.0,-70.0,-70.0,0.0
low,12.900000000000002,-70.0,-70.0,-70.0,0.0
low,12.910000000000002,-70.0,-70.0,-70.0,0.0
low,12.920000000000002,-70.0,-70.0,-70.0,0.0
low,12.93,-70.0,-70.0,-70.0,0.0
low,12.940000000000001,-70.0,-70.0,-70.0,0.0
low,12.950000000000001,-70.0,-70.0,-70.0,0.0
low,12.96,-70.0,-70.0,-70.0,0.0
low,12.97,-70.0,-70.0,-70.0,0.0
low,12.98,-70.0,-70.0,-70.0,0.0
low,12.990000000000002,-70.0,-70.0,-70.0,0.0
low,13.000000000000002,-70.0,-70.0,-70.0,0.0
low,13.010000000000002,-70.0,-70.0,-70.0,0.0
low,13.02,-70.0,-70.0,-70.0,0.0
low,13.030000000000001,-70.0,-70.0,-70.0,0.0
low,13.040000000000001,-70.0,-70.0,-70.0,0.0
low,13.05,-70.0,-70.0,-70.0,0.0
low,13.06,-70.0,-70.0,-70.0,0.0
low,13.070000000000002,-70.0,-70.0,-70.0,0.0
low,13.080000000000002,-70.0,-70.0,-70.0,0.0
low,13.090000000000002,-70.0,-70.0,-70.0,0.0
low,13.100000000000001,-70.0,-70.0,-70.0,0.0
low,13.110000000000001,-70.0,-70.0,-70.0,0.0
low,13.120000000000001,-70.0,-70.0,-70.0,0.0
low,13.13,-70.0,-70.0,-70.0,0.0
low,13.14,-70.0,-70.0,-70.0,0.0
low,13.15,-70.0,-70.0,-70.0,0.0
low,13.160000000000002,-70.0,-70.0,-70.0,0.0
low,13.170000000000002,-70.0,-70.0,-70.0,0.0
low,13.180000000000001,-70.0,-70.0,-70.0,0.0
low,13.19,-70.0,-70.0,-70.0,0.0
low,13.200000000000001,-70.0,-70.0,-70.0,0.0
low,13.21,-70.0,-70.0,-70.0,0.0
low,13.22,-70.0,-70.0,-70.0,0.0
low,13.23,-70.0,-70.0,-70.0,0.0
low,13.240000000000002,-70.0,-70.0,-70.0,0.0
low,13.250000000000002,-70.0,-70.0,-70.0,0.0
low,13.260000000000002,-70.0,-70.0,-70.0,0.0
low,13.270000000000001,-70.0,-70.0,-70.0,0.0
low,13.280000000000001,-70.0,-70.0,-70.0,0.0
low,13.290000000000001,-70.0,-70.0,-70.0,0.0
low,13.3,-70.0,-70.0,-70.0,0.0
low,13.31,-70.0,-70.0,-70.0,0.0
low,13.32,-70.0,-70.0,-70.0,0.0
low,13.330000000000002,-70.0,-70.0,-70.0,0.0
low,13.340000000000002,-70.0,-70.0,-70.0,0.0
low,13.350000000000001,-70.0,-70.0,-70.0,0.0
low,13.360000000000001,-70.0,-70.0,-70.0,0.0
low,13.370000000000001,-70.0,-70.0,-70.0,0.0
low,13.38,-70.0,-70.0,-70.0,0.0
low,13.39,-70.0,-70.0,-70.0,0.0
low,13.4,-70.0,-70.0,-70.0,0.0
low,13.410000000000002,-70.0,-70.0,-70.0,0.0
low,13.420000000000002,-70.0,-70.0,-70.0,0.0
low,13.430000000000001,-70.0,-70.0,-70.0,0.0
low,13.440000000000001,-70.0,-70.0,-70.0,0.0
low,13.450000000000001,-70.0,-70.0,-70.0,0.0
low,13.46,-70.0,-70.0,-70.0,0.0
low,13.47,-70.0,-70.0,-70.0,0.0
low,13.48,-70.0,-70.0,-70.0,0.0
low,13.49,-70.0,-70.0,-70.0,0.0
low,13.500000000000002,-70.0,-70.0,-70.0,0.0
low,13.510000000000002,-70.0,-70.0,-70.0,0.0
low,13.520000000000001,-70.0,-70.0,-70.0,0.0
low,13.530000000000001,-70.0,-70.0,-70.0,0.0
low,13.540000000000001,-70.0,-70.0,-70.0,0.0
low,13.55,-70.0,-70.0,-70.0,0.0
low,13.56,-70.0,-70.0,-70.0,0.0
low,13.57,-70.0,-70.0,-70.0,0.0
low,13.580000000000002,-70.0,-70.0,-70.0,0.0
low,13.590000000000002,-70.0,-70.0,-70.0,0.0
low,13.600000000000001,-70.0,-70.0,-70.0,0.0
low,13.610000000000001,-70.0,-70.0,-70.0,0.0
low,13.620000000000003,-70.0,-70.0,-70.0,0.0
low,13.63,-70.0,-70.0,-70.0,0.0
low,13.64,-70.0,-70.0,-70.0,0.0
low,13.65,-70.0,-70.0,-70.0,0.0
low,13.66,-70.0,-70.0,-70.0,0.0
low,13.670000000000002,-70.0,-70.0,-70.0,0.0
low,13.680000000000001,-70.0,-70.0,-70.0,0.0
low,13.690000000000001,-70.0,-70.0,-70.0,0.0
low,13.700000000000001,-70.0,-70.0,-70.0,0.0
low,13.71,-70.0,-70.0,-70.0,0.0
low,13.72,-70.0,-70.0,-70.0,0.0
low,13.73,-70.0,-70.0,-70.0,0.0
low,13.74,-70.0,-70.0,-70.0,0.0
low,13.750000000000002,-70.0,-70.0,-70.0,0.0
low,13.760000000000002,-70.0,-70.0,-70.0,0.0
low,13.770000000000001,-70.0,-70.0,-70.0,0.0
low,13.780000000000001,-70.0,-70.0,-70.0,0.0
low,13.790000000000003,-70.0,-70.0,-70.0,0.0
low,13.8,-70.0,-70.0,-70.0,0.0
low,13.81,-70.0,-70.0,-70.0,0.0
low,13.82,-70.0,-70.0,-70.0,0.0
low,13.83,-70.0,-70.0,-70.0,0.0
low,13.840000000000002,-70.0,-70.0,-70.0,0.0
low,13.850000000000001,-70.0,-70.0,-70.0,0.0
low,13.860000000000001,-70.0,-70.0,-70.0,0.0
low,13.870000000000001,-70.0,-70.0,-70.0,0.0
low,13.880000000000003,-70.0,-70.0,-70.0,0.0
low,13.89,-70.0,-70.0,-70.0,0.0
low,13.9,-70.0,-70.0,-70.0,0.0
low,13.91,-70.0,-70.0,-70.0,0.0
low,13.920000000000002,-70.0,-70.0,-70.0,0.0
low,13.930000000000001,-70.0,-70.0,-70.0,0.0
low,13.940000000000001,-70.0,-70.0,-70.0,0.0
low,13.950000000000001,-70.0,-70.0,-70.0,0.0
low,13.960000000000003,-70.0,-70.0,-70.0,0.0
low,13.97,-70.0,-70.0,-70.0,0.0
low,13.98,-70.0,-70.0,-70.0,0.0
low,13.99,-70.0,-70.0,-70.0,0.0
low,14.0,-70.0,-70.0,-70.0,0.0
low,14.010000000000002,-70.0,-70.0,-70.0,0.0
low,14.020000000000001,-70.0,-70.0,-70.0,0.0
low,14.030000000000001,-70.0,-70.0,-70.0,0.0
low,14.040000000000001,-70.0,-70.0,-70.0,0.0
low,14.050000000000002,-70.0,-70.0,-70.0,0.0
low,14.06,-70.0,-70.0,-70.0,0.0
low,14.07,-70.0,-70.0,-70.0,0.0
low,14.08,-70.0,-70.0,-70.0,0.0
low,14.090000000000002,-70.0,-70.0,-70.0,0.0
low,14.100000000000001,-70.0,-70.0,-70.0,0.0
low,14.110000000000001,-70.0,-70.0,-70.0,0.0
low,14.120000000000001,-70.0,-70.0,-70.0,0.0
low,14.130000000000003,-70.0,-70.0,-70.0,0.0
low,14.140000000000002,-70.0,-70.0,-70.0,0.0
low,14.15,-70.0,-70.0,-70.0,0.0
low,14.16,-70.0,-70.0,-70.0,0.0
low,14.17,-70.0,-70.0,-70.0,0.0
low,14.180000000000001,-70.0,-70.0,-70.0,0.0
low,14.190000000000001,-70.0,-70.0,-70.0,0.0
low,14.200000000000001,-70.0,-70.0,-70.0,0.0
low,14.21,-70.0,-70.0,-70.0,0.0
low,14.220000000000002,-70.0,-70.0,-70.0,0.0
low,14.230000000000002,-70.0,-70.0,-70.0,0.0
low,14.24,-70.0,-70.0,-70.0,0.0
low,14.25,-70.0,-70.0,-70.0,0.0
low,14.260000000000002,-70.0,-70.0,-70.0,0.0
low,14.270000000000001,-70.0,-70.0,-70.0,0.0
low,14.280000000000001,-70.0,-70.0,-70.0,0.0
low,14.290000000000001,-70.0,-70.0,-70.0,0.0
low,14.300000000000002,-70.0,-70.0,-70.0,0.0
low,14.310000000000002,-70.0,-70.0,-70.0,0.0
low,14.32,-70.0,-70.0,-70.0,0.0
low,14.33,-70.0,-70.0,-70.0,0.0
low,14.34,-70.0,-70.0,-70.0,0.0
low,14.350000000000001,-70.0,-70.0,-70.0,0.0
low,14.360000000000001,-70.0,-70.0,-70.0,0.0
low,14.370000000000001,-70.0,-70.0,-70.0,0.0
low,14.38,-70.0,-70.0,-70.0,0.0
low,14.390000000000002,-70.0,-70.0,-70.0,0.0
low,14.400000000000002,-70.0,-70.0,-70.0,0.0
low,14.41,-70.0,-70.0,-70.0,0.0
low,14.42,-70.0,-70.0,-70.0,0.0
low,14.430000000000001,-70.0,-70.0,-70.0,0.0
low,14.440000000000001,-70.0,-70.0,-70.0,0.0
low,14.450000000000001,-70.0,-70.0,-70.0,0.0
low,14.46,-70.0,-70.0,-70.0,0.0
low,14.470000000000002,-70.0,-70.0,-70.0,0.0
low,14.480000000000002,-70.0,-70.0,-70.0,0.0
low,14.490000000000002,-70.0,-70.0,-70.0,0.0
low,14.5,-70.0,-70.0,-70.0,0.0
low,14.51,-70.0,-70.0,-70.0,0.0
low,14.520000000000001,-70.0,-70.0,-70.0,0.0
low,14.530000000000001,-70.0,-70.0,-70.0,0.0
low,14.540000000000001,-70.0,-70.0,-70.0,0.0
low,14.55,-70.0,-70.0,-70.0,0.0
low,14.560000000000002,-70.0,-70.0,-70.0,0.0
low,14.570000000000002,-70.0,-70.0,-70.0,0.0
low,14.58,-70.0,-70.0,-70.0,0.0
low,14.59,-70.0,-70.0,-70.0,0.0
low,14.600000000000001,-70.0,-70.0,-70.0,0.0
low,14.610000000000001,-70.0,-70.0,-70.0,0.0
low,14.620000000000001,-70.0,-70.0,-70.0,0.0
low,14.63,-70.0,-70.0,-70.0,0.0
low,14.640000000000002,-70.0,-70.0,-70.0,0.0
low,14.650000000000002,-70.0,-70.0,-70.0,0.0
low,14.660000000000002,-70.0,-70.0,-70.0,0.0
low,14.67,-70.0,-70.0,-70.0,0.0
low,14.68,-70.0,-70.0,-70.0,0.0
low,14.690000000000001,-70.0,-70.0,-70.0,0.0
low,14.700000000000001,-70.0,-70.0,-70.0,0.0
low,14.71,-70.0,-70.0,-70.0,0.0
low,14.72,-70.0,-70.0,-70.0,0.0
low,14.730000000000002,-70.0,-70.0,-70.0,0.0
low,14.740000000000002,-70.0,-70.0,-70.0,0.0
low,14.750000000000002,-70.0,-70.0,-70.0,0.0
low,14.76,-70.0,-70.0,-70.0,0.0
low,14.770000000000001,-70.0,-70.0,-70.0,0.0
low,14.780000000000001,-70.0,-70.0,-70.0,0.0
low,14.790000000000001,-70.0,-70.0,-70.0,0.0
low,14.8,-70.0,-70.0,-70.0,0.0
low,14.810000000000002,-70.0,-70.0,-70.0,0.0
low,14.820000000000002,-70.0,-70.0,-70.0,0.0
low,14.830000000000002,-70.0,-70.0,-70.0,0.0
low,14.840000000000002,-70.0,-70.0,-70.0,0.0
low,14.85,-70.0,-70.0,-70.0,0.0
low,14.860000000000001,-70.0,-70.0,-70.0,0.0
low,14.870000000000001,-70.0,-70.0,-70.0,0.0
low,14.88,-70.0,-70.0,-70.0,0.0
low,14.89,-70.0,-70.0,-70.0,0.0
low,14.900000000000002,-70.0,-70.0,-70.0,0.0
low,14.910000000000002,-70.0,-70.0,-70.0,0.0
low,14.920000000000002,-70.0,-70.0,-70.0,0.0
low,14.93,-70.0,-70.0,-70.0,0.0
low,14.940000000000001,-70.0,-70.0,-70.0,0.0
low,14.950000000000001,-70.0,-70.0,-70.0,0.0
low,14.96,-70.0,-70.0,-70.0,0.0
low,14.97,-70.0,-70.0,-70.0,0.0
low,14.980000000000002,-70.0,-70.0,-70.0,0.0
low,14.990000000000002,-70.0,-70.0,-70.0,0.0
low,15.000000000000002,-70.0,-70.0,-70.0,0.0
low,15.010000000000002,-70.0,-70.0,-70.0,0.0
low,15.02,-70.0,-70.0,-70.0,0.0
low,15.030000000000001,-70.0,-70.0,-70.0,0.0
low,15.040000000000001,-70.0,-70.0,-70.0,0.0
low,15.05,-70.0,-70.0,-70.0,0.0
low,15.06,-70.0,-70.0,-70.0,0.0
low,15.070000000000002,-70.0,-70.0,-70.0,0.0
low,15.080000000000002,-70.0,-70.0,-70.0,0.0
low,15.090000000000002,-70.0,-70.0,-70.0,0.0
low,15.100000000000001,-70.0,-70.0,-70.0,0.0
low,15.110000000000001,-70.0,-70.0,-70.0,0.0
low,15.120000000000001,-70.0,-70.0,-70.0,0.0
low,15.13,-70.0,-70.0,-70.0,0.0
low,15.14,-70.0,-70.0,-70.0,0.0
low,15.150000000000002,-70.0,-70.0,-70.0,0.0
low,15.160000000000002,-70.0,-70.0,-70.0,0.0
low,15.170000000000002,-70.0,-70.0,-70.0,0.0
low,15.180000000000001,-70.0,-70.0,-70.0,0.0
low,15.19,-70.0,-70.0,-70.0,0.0
low,15.200000000000001,-70.0,-70.0,-70.0,0.0
low,15.21,-70.0,-70.0,-70.0,0.0
low,15.22,-70.0,-70.0,-70.0,0.0
low,15.23,-70.0,-70.0,-70.0,0.0
low,15.240000000000002,-70.0,-70.0,-70.0,0.0
low,15.250000000000002,-70.0,-70.0,-70.0,0.0
low,15.260000000000002,-70.0,-70.0,-70.0,0.0
low,15.270000000000001,-70.0,-70.0,-70.0,0.0
low,15.280000000000001,-70.0,-70.0,-70.0,0.0
low,15.290000000000001,-70.0,-70.0,-70.0,0.0
low,15.3,-70.0,-70.0,-70.0,0.0
low,15.31,-70.0,-70.0,-70.0,0.0
low,15.320000000000002,-70.0,-70.0,-70.0,0.0
low,15.330000000000002,-70.0,-70.0,-70.0,0.0
low,15.340000000000002,-70.0,-70.0,-70.0,0.0
low,15.350000000000001,-70.0,-70.0,-70.0,0.0
low,15.360000000000003,-70.0,-70.0,-70.0,0.0
low,15.370000000000001,-70.0,-70.0,-70.0,0.0
low,15.38,-70.0,-70.0,-70.0,0.0
low,15.39,-70.0,-70.0,-70.0,0.0
low,15.4,-70.0,-70.0,-70.0,0.0
low,15.410000000000002,-70.0,-70.0,-70.0,0.0
low,15.420000000000002,-70.0,-70.0,-70.0,0.0
low,15.430000000000001,-70.0,-70.0,-70.0,0.0
low,15.440000000000001,-70.0,-70.0,-70.0,0.0
low,15.450000000000001,-70.0,-70.0,-70.0,0.0
low,15.46,-70.0,-70.0,-70.0,0.0
low,15.47,-70.0,-70.0,-70.0,0.0
low,15.48,-70.0,-70.0,-70.0,0.0
low,15.490000000000002,-70.0,-70.0,-70.0,0.0
low,15.500000000000002,-70.0,-70.0,-70.0,0.0
low,15.510000000000002,-70.0,-70.0,-70.0,0.0
low,15.520000000000001,-70.0,-70.0,-70.0,0.0
low,15.530000000000003,-70.0,-70.0,-70.0,0.0
low,15.540000000000001,-70.0,-70.0,-70.0,0.0
low,15.55,-70.0,-70.0,-70.0,0.0
low,15.56,-70.0,-70.0,-70.0,0.0
low,15.57,-70.0,-70.0,-70.0,0.0
low,15.580000000000002,-70.0,-70.0,-70.0,0.0
low,15.590000000000002,-70.0,-70.0,-70.0,0.0
low,15.600000000000001,-70.0,-70.0,-70.0,0.0
low,15.610000000000001,-70.0,-70.0,-70.0,0.0
low,15.620000000000003,-70.0,-70.0,-70.0,0.0
low,15.63,-70.0,-70.0,-70.0,0.0
low,15.64,-70.0,-70.0,-70.0,0.0
low,15.65,-70.0,-70.0,-70.0,0.0
low,15.66,-70.0,-70.0,-70.0,0.0
low,15.67,-70.0,-70.0,-70.0,0.0
low,15.680000000000003,-70.0,-70.0,-70.0,0.0
low,15.690000000000003,-70.0,-70.0,-70.0,0.0
low,15.700000000000003,-70.0,-70.0,-70.0,0.0
low,15.71,-70.0,-70.0,-70.0,0.0
low,15.72,-70.0,-70.0,-70.0,0.0
low,15.73,-70.0,-70.0,-70.0,0.0
low,15.74,-70.0,-70.0,-70.0,0.0
low,15.75,-70.0,-70.0,-70.0,0.0
low,15.76,-70.0,-70.0,-70.0,0.0
low,15.770000000000003,-70.0,-70.0,-70.0,0.0
low,15.780000000000003,-70.0,-70.0,-70.0,0.0
low,15.790000000000003,-70.0,-70.0,-70.0,0.0
low,15.8,-70.0,-70.0,-70.0,0.0
low,15.81,-70.0,-70.0,-70.0,0.0
low,15.82,-70.0,-70.0,-70.0,0.0
low,15.83,-70.0,-70.0,-70.0,0.0
low,15.84,-70.0,-70.0,-70.0,0.0
low,15.850000000000003,-70.0,-70.0,-70.0,0.0
low,15.860000000000003,-70.0,-70.0,-70.0,0.0
low,15.870000000000003,-70.0,-70.0,-70.0,0.0
low,15.880000000000003,-70.0,-70.0,-70.0,0.0
low,15.89,-70.0,-70.0,-70.0,0.0
low,15.9,-70.0,-70.0,-70.0,0.0
low,15.91,-70.0,-70.0,-70.0,0.0
low,15.92,-70.0,-70.0,-70.0,0.0
low,15.93,-70.0,-70.0,-70.0,0.0
low,15.940000000000003,-70.0,-70.0,-70.0,0.0
low,15.950000000000003,-70.0,-70.0,-70.0,0.0
low,15.960000000000003,-70.0,-70.0,-70.0,0.0
low,15.970000000000002,-70.0,-70.0,-70.0,0.0
low,15.98,-70.0,-70.0,-70.0,0.0
low,15.99,-70.0,-70.0,-70.0,0.0
low,16.0,-70.0,-70.0,-70.0,0.0
low,16.01,-70.0,-70.0,-70.0,0.0
low,16.020000000000003,-70.0,-70.0,-70.0,0.0
low,16.03,-70.0,-70.0,-70.0,0.0
low,16.040000000000003,-70.0,-70.0,-70.0,0.0
low,16.05,-70.0,-70.0,-70.0,0.0
low,16.060000000000002,-70.0,-70.0,-70.0,0.0
low,16.07,-70.0,-70.0,-70.0,0.0
low,16.080000000000002,-70.0,-70.0,-70.0,0.0
low,16.09,-70.0,-70.0,-70.0,0.0
low,16.1,-70.0,-70.0,-70.0,0.0
low,16.110000000000003,-70.0,-70.0,-70.0,0.0
low,16.12,-70.0,-70.0,-70.0,0.0
low,16.130000000000003,-70.0,-70.0,-70.0,0.0
low,16.14,-70.0,-70.0,-70.0,0.0
low,16.150000000000002,-70.0,-70.0,-70.0,0.0
low,16.16,-70.0,-70.0,-70.0,0.0
low,16.17,-70.0,-70.0,-70.0,0.0
low,16.18,-70.0,-70.0,-70.0,0.0
low,16.19,-70.0,-70.0,-70.0,0.0
low,16.200000000000003,-70.0,-70.0,-70.0,0.0
low,16.21,-70.0,-70.0,-70.0,0.0
low,16.220000000000002,-70.0,-70.0,-70.0,0.0
low,16.23,-70.0,-70.0,-70.0,0.0
low,16.240000000000002,-70.0,-70.0,-70.0,0.0
low,16.25,-70.0,-70.0,-70.0,0.0
low,16.26,-70.0,-70.0,-70.0,0.0
low,16.27,-70.0,-70.0,-70.0,0.0
low,16.28,-70.0,-70.0,-70.0,0.0
low,16.290000000000003,-70.0,-70.0,-70.0,0.0
low,16.3,-70.0,-70.0,-70.0,0.0
low,16.310000000000002,-70.0,-70.0,-70.0,0.0
low,16.32,-70.0,-70.0,-70.0,0.0
low,16.330000000000002,-70.0,-70.0,-70.0,0.0
low,16.34,-70.0,-70.0,-70.0,0.0
low,16.35,-70.0,-70.0,-70.0,0.0
low,16.360000000000003,-70.0,-70.0,-70.0,0.0
low,16.37,-70.0,-70.0,-70.0,0.0
low,16.380000000000003,-70.0,-70.0,-70.0,0.0
low,16.39,-70.0,-70.0,-70.0,0.0
low,16.400000000000002,-70.0,-70.0,-70.0,0.0
low,16.41,-70.0,-70.0,-70.0,0.0
low,16.42,-70.0,-70.0,-70.0,0.0
low,16.43,-70.0,-70.0,-70.0,0.0
low,16.44,-70.0,-70.0,-70.0,0.0
low,16.450000000000003,-70.0,-70.0,-70.0,0.0
low,16.46,-70.0,-70.0,-70.0,0.0
low,16.470000000000002,-70.0,-70.0,-70.0,0.0
low,16.48,-70.0,-70.0,-70.0,0.0
low,16.490000000000002,-70.0,-70.0,-70.0,0.0
low,16.5,-70.0,-70.0,-70.0,0.0
low,16.51,-70.0,-70.0,-70.0,0.0
low,16.52,-70.0,-70.0,-70.0,0.0
low,16.530000000000005,-70.0,-70.0,-70.0,0.0
low,16.540000000000003,-70.0,-70.0,-70.0,0.0
low,16.55,-70.0,-70.0,-70.0,0.0
low,16.560000000000002,-70.0,-70.0,-70.0,0.0
low,16.57,-70.0,-70.0,-70.0,0.0
low,16.580000000000002,-70.0,-70.0,-70.0,0.0
low,16.59,-70.0,-70.0,-70.0,0.0
low,16.6,-70.0,-70.0,-70.0,0.0
low,16.61,-70.0,-70.0,-70.0,0.0
low,16.620000000000005,-70.0,-70.0,-70.0,0.0
low,16.630000000000003,-70.0,-70.0,-70.0,0.0
low,16.64,-70.0,-70.0,-70.0,0.0
low,16.650000000000002,-70.0,-70.0,-70.0,0.0
low,16.66,-70.0,-70.0,-70.0,0.0
low,16.67,-70.0,-70.0,-70.0,0.0
low,16.68,-70.0,-70.0,-70.0,0.0
low,16.69,-70.0,-70.0,-70.0,0.0
low,16.700000000000003,-70.0,-70.0,-70.0,0.0
low,16.71,-70.0,-70.0,-70.0,0.0
low,16.720000000000002,-70.0,-70.0,-70.0,0.0
low,16.73,-70.0,-70.0,-70.0,0.0
low,16.740000000000002,-70.0,-70.0,-70.0,0.0
low,16.75,-70.0,-70.0,-70.0,0.0
low,16.76,-70.0,-70.0,-70.0,0.0
low,16.77,-70.0,-70.0,-70.0,0.0
low,16.78,-70.0,-70.0,-70.0,0.0
low,16.790000000000003,-70.0,-70.0,-70.0,0.0
low,16.8,-70.0,-70.0,-70.0,0.0
low,16.810000000000002,-70.0,-70.0,-70.0,0.0
low,16.82,-70.0,-70.0,-70.0,0.0
low,16.830000000000002,-70.0,-70.0,-70.0,0.0
low,16.84,-70.0,-70.0,-70.0,0.0
low,16.85,-70.0,-70.0,-70.0,0.0
low,16.86,-70.0,-70.0,-70.0,0.0
low,16.870000000000005,-70.0,-70.0,-70.0,0.0
low,16.880000000000003,-70.0,-70.0,-70.0,0.0
low,16.89,-70.0,-70.0,-70.0,0.0
low,16.900000000000002,-70.0,-70.0,-70.0,0.0
low,16.91,-70.0,-70.0,-70.0,0.0
low,16.92,-70.0,-70.0,-70.0,0.0
low,16.93,-70.0,-70.0,-70.0,0.0
low,16.94,-70.0,-70.0,-70.0,0.0
low,16.95,-70.0,-70.0,-70.0,0.0
low,16.960000000000004,-70.0,-70.0,-70.0,0.0
low,16.970000000000002,-70.0,-70.0,-70.0,0.0
low,16.98,-70.0,-70.0,-70.0,0.0
low,16.990000000000002,-70.0,-70.0,-70.0,0.0
low,17.0,-70.0,-70.0,-70.0,0.0
low,17.01,-70.0,-70.0,-70.0,0.0
low,17.02,-70.0,-70.0,-70.0,0.0
low,17.03,-70.0,-70.0,-70.0,0.0
low,17.040000000000003,-70.0,-70.0,-70.0,0.0
low,17.050000000000004,-70.0,-70.0,-70.0,0.0
low,17.060000000000002,-70.0,-70.0,-70.0,0.0
low,17.07,-70.0,-70.0,-70.0,0.0
low,17.080000000000002,-70.0,-70.0,-70.0,0.0
low,17.09,-70.0,-70.0,-70.0,0.0
low,17.1,-70.0,-70.0,-70.0,0.0
low,17.11,-70.0,-70.0,-70.0,0.0
low,17.12,-70.0,-70.0,-70.0,0.0
low,17.130000000000003,-70.0,-70.0,-70.0,0.0
low,17.140000000000004,-70.0,-70.0,-70.0,0.0
low,17.150000000000002,-70.0,-70.0,-70.0,0.0
low,17.16,-70.0,-70.0,-70.0,0.0
low,17.17,-70.0,-70.0,-70.0,0.0
low,17.18,-70.0,-70.0,-70.0,0.0
low,17.19,-70.0,-70.0,-70.0,0.0
low,17.2,-70.0,-70.0,-70.0,0.0
low,17.210000000000004,-70.0,-70.0,-70.0,0.0
low,17.220000000000002,-70.0,-70.0,-70.0,0.0
low,17.230000000000004,-70.0,-70.0,-70.0,0.0
low,17.240000000000002,-70.0,-70.0,-70.0,0.0
low,17.25,-70.0,-70.0,-70.0,0.0
low,17.26,-70.0,-70.0,-70.0,0.0
low,17.27,-70.0,-70.0,-70.0,0.0
low,17.28,-70.0,-70.0,-70.0,0.0
low,17.29,-70.0,-70.0,-70.0,0.0
low,17.300000000000004,-70.0,-70.0,-70.0,0.0
low,17.310000000000002,-70.0,-70.0,-70.0,0.0
low,17.32,-70.0,-70.0,-70.0,0.0
low,17.330000000000002,-70.0,-70.0,-70.0,0.0
low,17.34,-70.0,-70.0,-70.0,0.0
low,17.35,-70.0,-70.0,-70.0,0.0
low,17.36,-70.0,-70.0,-70.0,0.0
low,17.37,-70.0,-70.0,-70.0,0.0
low,17.380000000000003,-70.0,-70.0,-70.0,0.0
low,17.390000000000004,-70.0,-70.0,-70.0,0.0
low,17.400000000000002,-70.0,-70.0,-70.0,0.0
low,17.41,-70.0,-70.0,-70.0,0.0
low,17.42,-70.0,-70.0,-70.0,0.0
low,17.43,-70.0,-70.0,-70.0,0.0
low,17.44,-70.0,-70.0,-70.0,0.0
low,17.45,-70.0,-70.0,-70.0,0.0
low,17.46,-70.0,-70.0,-70.0,0.0
low,17.470000000000002,-70.0,-70.0,-70.0,0.0
low,17.480000000000004,-70.0,-70.0,-70.0,0.0
low,17.490000000000002,-70.0,-70.0,-70.0,0.0
low,17.5,-70.0,-70.0,-70.0,0.0
low,17.51,-70.0,-70.0,-70.0,0.0
low,17.52,-70.0,-70.0,-70.0,0.0
low,17.53,-70.0,-70.0,-70.0,0.0
low,17.54,-70.0,-70.0,-70.0,0.0
low,17.550000000000004,-70.0,-70.0,-70.0,0.0
low,17.560000000000002,-70.0,-70.0,-70.0,0.0
low,17.570000000000004,-70.0,-70.0,-70.0,0.0
low,17.580000000000002,-70.0,-70.0,-70.0,0.0
low,17.59,-70.0,-70.0,-70.0,0.0
low,17.6,-70.0,-70.0,-70.0,0.0
low,17.61,-70.0,-70.0,-70.0,0.0
low,17.62,-70.0,-70.0,-70.0,0.0
low,17.63,-70.0,-70.0,-70.0,0.0
low,17.640000000000004,-70.0,-70.0,-70.0,0.0
low,17.650000000000002,-70.0,-70.0,-70.0,0.0
low,17.660000000000004,-70.0,-70.0,-70.0,0.0
low,17.67,-70.0,-70.0,-70.0,0.0
low,17.68,-70.0,-70.0,-70.0,0.0
low,17.69,-70.0,-70.0,-70.0,0.0
low,17.7,-70.0,-70.0,-70.0,0.0
low,17.71,-70.0,-70.0,-70.0,0.0
low,17.720000000000002,-70.0,-70.0,-70.0,0.0
low,17.730000000000004,-70.0,-70.0,-70.0,0.0
low,17.740000000000002,-70.0,-70.0,-70.0,0.0
low,17.750000000000004,-70.0,-70.0,-70.0,0.0
low,17.76,-70.0,-70.0,-70.0,0.0
low,17.77,-70.0,-70.0,-70.0,0.0
low,17.78,-70.0,-70.0,-70.0,0.0
low,17.79,-70.0,-70.0,-70.0,0.0
low,17.8,-70.0,-70.0,-70.0,0.0
low,17.810000000000002,-70.0,-70.0,-70.0,0.0
low,17.820000000000004,-70.0,-70.0,-70.0,0.0
low,17.830000000000002,-70.0,-70.0,-70.0,0.0
low,17.840000000000003,-70.0,-70.0,-70.0,0.0
low,17.85,-70.0,-70.0,-70.0,0.0
low,17.86,-70.0,-70.0,-70.0,0.0
low,17.87,-70.0,-70.0,-70.0,0.0
low,17.88,-70.0,-70.0,-70.0,0.0
low,17.890000000000004,-70.0,-70.0,-70.0,0.0
low,17.900000000000002,-70.0,-70.0,-70.0,0.0
low,17.910000000000004,-70.0,-70.0,-70.0,0.0
low,17.92,-70.0,-70.0,-70.0,0.0
low,17.93,-70.0,-70.0,-70.0,0.0
low,17.94,-70.0,-70.0,-70.0,0.0
low,17.95,-70.0,-70.0,-70.0,0.0
low,17.96,-70.0,-70.0,-70.0,0.0
low,17.97,-70.0,-70.0,-70.0,0.0
low,17.980000000000004,-70.0,-70.0,-70.0,0.0
low,17.990000000000002,-70.0,-70.0,-70.0,0.0
low,18.000000000000004,-70.0,-70.0,-70.0,0.0
low,18.01,-70.0,-70.0,-70.0,0.0
low,18.02,-70.0,-70.0,-70.0,0.0
low,18.03,-70.0,-70.0,-70.0,0.0
low,18.04,-70.0,-70.0,-70.0,0.0
low,18.05,-70.0,-70.0,-70.0,0.0
low,18.060000000000002,-70.0,-70.0,-70.0,0.0
low,18.070000000000004,-70.0,-70.0,-70.0,0.0
low,18.080000000000002,-70.0,-70.0,-70.0,0.0
low,18.090000000000003,-70.0,-70.0,-70.0,0.0
low,18.1,-70.0,-70.0,-70.0,0.0
low,18.11,-70.0,-70.0,-70.0,0.0
low,18.12,-70.0,-70.0,-70.0,0.0
low,18.13,-70.0,-70.0,-70.0,0.0
low,18.14,-70.0,-70.0,-70.0,0.0
low,18.150000000000002,-70.0,-70.0,-70.0,0.0
low,18.160000000000004,-70.0,-70.0,-70.0,0.0
low,18.17,-70.0,-70.0,-70.0,0.0
low,18.180000000000003,-70.0,-70.0,-70.0,0.0
low,18.19,-70.0,-70.0,-70.0,0.0
low,18.2,-70.0,-70.0,-70.0,0.0
low,18.21,-70.0,-70.0,-70.0,0.0
low,18.22,-70.0,-70.0,-70.0,0.0
low,18.230000000000004,-70.0,-70.0,-70.0,0.0
low,18.240000000000002,-70.0,-70.0,-70.0,0.0
low,18.250000000000004,-70.0,-70.0,-70.0,0.0
low,18.26,-70.0,-70.0,-70.0,0.0
low,18.270000000000003,-70.0,-70.0,-70.0,0.0
low,18.28,-70.0,-70.0,-70.0,0.0
low,18.29,-70.0,-70.0,-70.0,0.0
low,18.3,-70.0,-70.0,-70.0,0.0
low,18.31,-70.0,-70.0,-70.0,0.0
low,18.320000000000004,-70.0,-70.0,-70.0,0.0
low,18.330000000000002,-70.0,-70.0,-70.0,0.0
low,18.340000000000003,-70.0,-70.0,-70.0,0.0
low,18.35,-70.0,-70.0,-70.0,0.0
low,18.360000000000003,-70.0,-70.0,-70.0,0.0
low,18.37,-70.0,-70.0,-70.0,0.0
low,18.38,-70.0,-70.0,-70.0,0.0
low,18.39,-70.0,-70.0,-70.0,0.0
low,18.400000000000002,-70.0,-70.0,-70.0,0.0
low,18.410000000000004,-70.0,-70.0,-70.0,0.0
low,18.42,-70.0,-70.0,-70.0,0.0
low,18.430000000000003,-70.0,-70.0,-70.0,0.0
low,18.44,-70.0,-70.0,-70.0,0.0
low,18.450000000000003,-70.0,-70.0,-70.0,0.0
low,18.46,-70.0,-70.0,-70.0,0.0
low,18.47,-70.0,-70.0,-70.0,0.0
low,18.48,-70.0,-70.0,-70.0,0.0
low,18.490000000000002,-70.0,-70.0,-70.0,0.0
low,18.500000000000004,-70.0,-70.0,-70.0,0.0
low,18.51,-70.0,-70.0,-70.0,0.0
low,18.520000000000003,-70.0,-70.0,-70.0,0.0
low,18.53,-70.0,-70.0,-70.0,0.0
low,18.54,-70.0,-70.0,-70.0,0.0
low,18.55,-70.0,-70.0,-70.0,0.0
low,18.56,-70.0,-70.0,-70.0,0.0
low,18.570000000000004,-70.0,-70.0,-70.0,0.0
low,18.580000000000002,-70.0,-70.0,-70.0,0.0
low,18.590000000000003,-70.0,-70.0,-70.0,0.0
low,18.6,-70.0,-70.0,-70.0,0.0
low,18.610000000000003,-70.0,-70.0,-70.0,0.0
low,18.62,-70.0,-70.0,-70.0,0.0
low,18.63,-70.0,-70.0,-70.0,0.0
low,18.64,-70.0,-70.0,-70.0,0.0
low,18.65,-70.0,-70.0,-70.0,0.0
low,18.660000000000004,-70.0,-70.0,-70.0,0.0
low,18.67,-70.0,-70.0,-70.0,0.0
low,18.680000000000003,-70.0,-70.0,-70.0,0.0
low,18.69,-70.0,-70.0,-70.0,0.0
low,18.700000000000003,-70.0,-70.0,-70.0,0.0
low,18.71,-70.0,-70.0,-70.0,0.0
low,18.72,-70.0,-70.0,-70.0,0.0
low,18.73,-70.0,-70.0,-70.0,0.0
low,18.740000000000002,-70.0,-70.0,-70.0,0.0
low,18.750000000000004,-70.0,-70.0,-70.0,0.0
low,18.76,-70.0,-70.0,-70.0,0.0
low,18.770000000000003,-70.0,-70.0,-70.0,0.0
low,18.78,-70.0,-70.0,-70.0,0.0
low,18.790000000000003,-70.0,-70.0,-70.0,0.0
low,18.8,-70.0,-70.0,-70.0,0.0
low,18.81,-70.0,-70.0,-70.0,0.0
low,18.82,-70.0,-70.0,-70.0,0.0
low,18.830000000000002,-70.0,-70.0,-70.0,0.0
low,18.840000000000003,-70.0,-70.0,-70.0,0.0
low,18.85,-70.0,-70.0,-70.0,0.0
low,18.860000000000003,-70.0,-70.0,-70.0,0.0
low,18.87,-70.0,-70.0,-70.0,0.0
low,18.880000000000003,-70.0,-70.0,-70.0,0.0
low,18.89,-70.0,-70.0,-70.0,0.0
low,18.9,-70.0,-70.0,-70.0,0.0
low,18.910000000000004,-70.0,-70.0,-70.0,0.0
low,18.92,-70.0,-70.0,-70.0,0.0
low,18.930000000000003,-70.0,-70.0,-70.0,0.0
low,18.94,-70.0,-70.0,-70.0,0.0
low,18.950000000000003,-70.0,-70.0,-70.0,0.0
low,18.96,-70.0,-70.0,-70.0,0.0
low,18.970000000000002,-70.0,-70.0,-70.0,0.0
low,18.98,-70.0,-70.0,-70.0,0.0
low,18.99,-70.0,-70.0,-70.0,0.0
low,19.000000000000004,-70.0,-70.0,-70.0,0.0
low,19.01,-70.0,-70.0,-70.0,0.0
low,19.020000000000003,-70.0,-70.0,-70.0,0.0
low,19.03,-70.0,-70.0,-70.0,0.0
low,19.040000000000003,-70.0,-70.0,-70.0,0.0
low,19.05,-70.0,-70.0,-70.0,0.0
low,19.060000000000002,-70.0,-70.0,-70.0,0.0
low,19.07,-70.0,-70.0,-70.0,0.0
low,19.080000000000002,-70.0,-70.0,-70.0,0.0
low,19.090000000000003,-70.0,-70.0,-70.0,0.0
low,19.1,-70.0,-70.0,-70.0,0.0
low,19.110000000000003,-70.0,-70.0,-70.0,0.0
low,19.12,-70.0,-70.0,-70.0,0.0
low,19.130000000000003,-70.0,-70.0,-70.0,0.0
low,19.14,-70.0,-70.0,-70.0,0.0
low,19.15,-70.0,-70.0,-70.0,0.0
low,19.16,-70.0,-70.0,-70.0,0.0
low,19.17,-70.0,-70.0,-70.0,0.0
low,19.180000000000003,-70.0,-70.0,-70.0,0.0
low,19.19,-70.0,-70.0,-70.0,0.0
low,19.200000000000003,-70.0,-70.0,-70.0,0.0
low,19.21,-70.0,-70.0,-70.0,0.0
low,19.220000000000002,-70.0,-70.0,-70.0,0.0
low,19.23,-70.0,-70.0,-70.0,0.0
low,19.24,-70.0,-70.0,-70.0,0.0
low,19.250000000000004,-70.0,-70.0,-70.0,0.0
low,19.26,-70.0,-70.0,-70.0,0.0
low,19.270000000000003,-70.0,-70.0,-70.0,0.0
low,19.28,-70.0,-70.0,-70.0,0.0
low,19.290000000000003,-70.0,-70.0,-70.0,0.0
low,19.3,-70.0,-70.0,-70.0,0.0
low,19.310000000000002,-70.0,-70.0,-70.0,0.0
low,19.32,-70.0,-70.0,-70.0,0.0
low,19.33,-70.0,-70.0,-70.0,0.0
low,19.340000000000003,-70.0,-70.0,-70.0,0.0
low,19.35,-70.0,-70.0,-70.0,0.0
low,19.360000000000003,-70.0,-70.0,-70.0,0.0
low,19.37,-70.0,-70.0,-70.0,0.0
low,19.380000000000003,-70.0,-70.0,-70.0,0.0
low,19.39,-70.0,-70.0,-70.0,0.0
low,19.400000000000002,-70.0,-70.0,-70.0,0.0
low,19.41,-70.0,-70.0,-70.0,0.0
low,19.42,-70.0,-70.0,-70.0,0.0
low,19.430000000000003,-70.0,-70.0,-70.0,0.0
low,19.44,-70.0,-70.0,-70.0,0.0
low,19.450000000000003,-70.0,-70.0,-70.0,0.0
low,19.46,-70.0,-70.0,-70.0,0.0
low,19.470000000000002,-70.0,-70.0,-70.0,0.0
low,19.48,-70.0,-70.0,-70.0,0.0
low,19.490000000000002,-70.0,-70.0,-70.0,0.0
low,19.5,-70.0,-70.0,-70.0,0.0
low,19.51,-70.0,-70.0,-70.0,0.0
low,19.520000000000003,-70.0,-70.0,-70.0,0.0
low,19.53,-70.0,-70.0,-70.0,0.0
low,19.540000000000003,-70.0,-70.0,-70.0,0.0
low,19.55,-70.0,-70.0,-70.0,0.0
low,19.560000000000002,-70.0,-70.0,-70.0,0.0
low,19.57,-70.0,-70.0,-70.0,0.0
low,19.580000000000002,-70.0,-70.0,-70.0,0.0
low,19.590000000000003,-70.0,-70.0,-70.0,0.0
low,19.6,-70.0,-70.0,-70.0,0.0
low,19.610000000000003,-70.0,-70.0,-70.0,0.0
low,19.62,-70.0,-70.0,-70.0,0.0
low,19.630000000000003,-70.0,-70.0,-70.0,0.0
low,19.64,-70.0,-70.0,-70.0,0.0
low,19.650000000000002,-70.0,-70.0,-70.0,0.0
low,19.66,-70.0,-70.0,-70.0,0.0
low,19.67,-70.0,-70.0,-70.0,0.0
low,19.680000000000003,-70.0,-70.0,-70.0,0.0
low,19.69,-70.0,-70.0,-70.0,0.0
low,19.700000000000003,-70.0,-70.0,-70.0,0.0
low,19.71,-70.0,-70.0,-70.0,0.0
low,19.720000000000002,-70.0,-70.0,-70.0,0.0
low,19.73,-70.0,-70.0,-70.0,0.0
low,19.740000000000002,-70.0,-70.0,-70.0,0.0
low,19.75,-70.0,-70.0,-70.0,0.0
low,19.76,-70.0,-70.0,-70.0,0.0
low,19.770000000000003,-70.0,-70.0,-70.0,0.0
low,19.78,-70.0,-70.0,-70.0,0.0
low,19.790000000000003,-70.0,-70.0,-70.0,0.0
low,19.8,-70.0,-70.0,-70.0,0.0
low,19.810000000000002,-70.0,-70.0,-70.0,0.0
low,19.82,-70.0,-70.0,-70.0,0.0
low,19.830000000000002,-70.0,-70.0,-70.0,0.0
low,19.84,-70.0,-70.0,-70.0,0.0
low,19.85,-70.0,-70.0,-70.0,0.0
low,19.860000000000003,-70.0,-70.0,-70.0,0.0
low,19.87,-70.0,-70.0,-70.0,0.0
low,19.880000000000003,-70.0,-70.0,-70.0,0.0
low,19.89,-70.0,-70.0,-70.0,0.0
low,19.900000000000002,-70.0,-70.0,-70.0,0.0
low,19.91,-70.0,-70.0,-70.0,0.0
low,19.92,-70.0,-70.0,-70.0,0.0
low,19.930000000000003,-70.0,-70.0,-70.0,0.0
low,19.94,-70.0,-70.0,-70.0,0.0
low,19.950000000000003,-70.0,-70.0,-70.0,0.0
low,19.96,-70.0,-70.0,-70.0,0.0
low,19.970000000000002,-70.0,-70.0,-70.0,0.0
low,19.98,-70.0,-70.0,-70.0,0.0
low,19.990000000000002,-70.0,-70.0,-70.0,0.0
low,20.0,-70.0,-70.0,-70.0,0.0
low,20.01,-69.99439287303842,-69.99965594808558,-69.99999981249725,0.059179611867169225
low,20.020000000000003,-69.9886345298028,-69.99898006600179,-69.99999925681146,0.11622214832311965
low,20.03,-69.98274180257366,-69.99798484438699,-69.99999815922543,0.17119832639701757
low,20.040000000000003,-69.97672067579936,-69.99668236035528,-69.9999963527537,0.22417654255720032
low,20.05,-69.97057691020788,-69.99508428961741,-69.99999367691797,0.2752229487953895
low,20.060000000000002,-69.96431607029908,-69.99320191953093,-69.99998997752984,0.32440152621663954
low,20.07,-69.95794353088975,-69.99104616173611,-69.99998510648064,0.37177415621667786
low,20.080000000000002,-69.95146448340294,-69.98862756438803,-69.99997892153806,0.41740068932574825
low,20.09,-69.94488394194909,-69.98595632399709,-69.99997128614946,0.46133901179546505
low,20.100000000000005,-69.93820674920555,-69.98304229689039,-69.99996206925161,0.5036451100026754
low,20.110000000000003,-69.93143758210178,-69.97989501030519,-69.99995114508647,0.5443731327418211
low,20.12,-69.92458095731628,-69.97652367312658,-69.99993839302329,0.5835754514752318
low,20.130000000000003,-69.91764123659148,-69.97293718627982,-69.99992369738625,0.6213027186080101
low,20.14,-69.91062263187295,-69.96914415278863,-69.99990694728783,0.6576039238524902
low,20.150000000000002,-69.9035292102784,-69.96515288750943,-69.9998880364677,0.692526448744809
low,20.16,-69.89636489890239,-69.96097142655218,-69.99986686313673,0.7261161193741899
low,20.17,-69.88913348946183,-69.9566075363972,-69.99984332982628,0.7584172573835303
low,20.18,-69.88183864278815,-69.95206872271781,-69.99981734324221,0.7894727292979702
low,20.190000000000005,-69.87448389317066,-69.94736223891812,-69.99978881412397,0.8193239942362617
low,20.200000000000003,-69.86707265255616,-69.9424950943946,-69.99975765710795,0.8480111500579022
low,20.21,-69.85960821460979,-69.9374740625306,-69.99972379059562,0.8755729779974631
low,20.220000000000002,-69.85209375864157,-69.93230568843204,-69.99968713662585,0.9020469858355059
low,20.23,-69.84453235340294,-69.92699629641244,-69.99964762075142,0.9274694496542152
low,20.240000000000002,-69.83692696075789,-69.92155199723545,-69.99960517191961,0.9518754542240869
low,20.25,-69.82928043923263,-69.9159786951224,-69.99955972235672,0.9752989320665609
low,20.26,-69.82159554744786,-69.91028209453245,-69.99951120745638,0.9977727012360054
low,20.270000000000003,-69.81387494743753,-69.90446770672253,-69.99945956567151,1.0193285018630438
low,20.28,-69.80612120785803,-69.89854085609427,-69.99940473840984,1.0399970314997928
low,20.290000000000003,-69.79833680709096,-69.89250668633446,-69.99934666993288,1.059807979306394
low,20.3,-69.79052413624372,-69.88637016635579,-69.99928530725826,1.0787900591166826
low,20.310000000000002,-69.78268550205047,-69.88013609604441,-69.99922060006514,1.0969710414198517
low,20.32,-69.77482312967754,-69.87380911182017,-69.99915250060288,1.1143777842935974
low,20.330000000000002,-69.76693916543591,-69.86739369201584,-69.99908096360268,1.1310362633231412
low,20.34,-69.75903567940406,-69.8608941620811,-69.9990059461921,1.1469716005393586
low,20.35,-69.75111466796413,-69.85431469961665,-69.99892740781242,1.1622080924081906
low,20.360000000000003,-69.74317805625425,-69.84765933924439,-69.99884531013869,1.1767692369024279
low,20.37,-69.73522770053981,-69.84093197731838,-69.99875961700253,1.1906777596859353
low,20.380000000000003,-69.72726539050623,-69.83413637648228,-69.99867029431735,1.203955639439481
low,20.39,-69.71929285147625,-69.82727617007784,-69.99857731000603,1.216624132356216
low,20.400000000000002,-69.71131174655356,-69.82035486640936,-69.99848063393112,1.228703795834098
low,20.41,-69.70332367869588,-69.81337585286886,-69.99838023782729,1.2402145113915606
low,20.42,-69.6953301927193,-69.80634239992625,-69.9982760952359,1.251175506831894
low,20.43,-69.68733277723653,-69.79925766498921,-69.99816818144191,1.261605377680972
low,20.440000000000005,-69.67933286653104,-69.79212469613658,-69.99805647341277,1.2715221079221466
low,20.450000000000003,-69.67133184236918,-69.78494643572976,-69.9979409497393,1.2809430900513357
low,20.46,-69.66333103575258,-69.77772572390577,-69.99782159057864,1.2898851444746369
low,20.470000000000002,-69.65533172861237,-69.77046530195605,-69.99769837759905,1.2983645382699607
low,20.48,-69.64733515544779,-69.76316781559441,-69.99757129392643,1.306397003333576
low,20.490000000000002,-69.63934250491023,-69.75583581811814,-69.99744032409276,1.3139977539317205
low,20.5,-69.63135492133515,-69.74847177346535,-69.9973054539862,1.3211815036767767
low,20.51,-69.62337350622334,-69.74107805917218,-69.99716667080277,1.3279624819468854
low,20.52,-69.61539931967332,-69.73365696923304,-69.99702396299976,1.3343544497672346
low,20.530000000000005,-69.60743338176601,-69.72621071686694,-69.99687732025058,1.340370715170686
low,20.540000000000003,-69.59947667390423,-69.71874143719329,-69.9967267334011,1.3460241480547825
low,20.55,-69.5915301401074,-69.71125118981968,-69.99657219442761,1.3513271945516903
low,20.560000000000002,-69.58359468826366,-69.70374196134485,-69.996413696396,1.356291890926993
low,20.57,-69.57567119134069,-69.69621566777947,-69.99625123342227,1.3609298770228235
low,20.580000000000002,-69.56776048855639,-69.68867415688747,-69.99608480063458,1.3652524092602518
low,20.59,-69.55986338651086,-69.68111921045036,-69.99591439413625,1.3692703732153833
low,20.6,-69.55198066028098,-69.67355254645737,-69.9957400109703,1.3729942957831478
low,20.610000000000003,-69.54411305447891,-69.66597582122351,-69.99556164908493,1.3764343569422868
low,20.620000000000005,-69.53626128427538,-69.65839063143795,-69.99537930730033,1.379600401134619
low,20.630000000000003,-69.52842603638936,-69.65079851614533,-69.99519298527638,1.3825019482712348
low,20.64,-69.52060797004499,-69.64320095866168,-69.99500268348172,1.3851482043778394
low,20.650000000000002,-69.5128077178966,-69.63559938842755,-69.99480840316357,1.3875480718910793
low,20.66,-69.50502588692363,-69.6279951828,-69.99461014631873,1.3897101596173023
low,20.67,-69.49726305929553,-69.62038966878596,-69.99440791566543,1.3916427923648016
low,20.68,-69.48951979320827,-69.61278412471819,-69.9942017146163,1.3933540202602654
low,20.69,-69.48179662369314,-69.6051797818764,-69.99399154725195,1.3948516277597736
low,20.700000000000003,-69.47409406339877,-69.59757782605492,-69.99377741829583,1.3961431423643598
low,20.710000000000004,-69.46641260334748,-69.58997939907876,-69.99355933308946,1.3972358430498237
low,20.720000000000002,-69.45875271366624,-69.58238560026983,-69.99333729756898,1.3981367684201633
low,20.73,-69.45111484429388,-69.57479748786484,-69.99311131824207,1.3988527245936857
low,20.740000000000002,-69.44349942566458,-69.56721608038652,-69.99288140216585,1.3993902928305597
low,20.75,-69.43590686936894,-69.55964235796971,-69.99264755692556,1.3997558369102905
low,20.76,-69.42833756879304,-69.55207726364382,-69.99240979061383,1.399955510267313
low,20.77,-69.42079189973663,-69.54452170457294,-69.99216811181067,1.3999952628926298
low,20.780000000000005,-69.41327022101042,-69.53697655325517,-69.99192252956418,1.399880848009173
low,20.790000000000003,-69.40577287501407,-69.52944264868248,-69.99167305337191,1.3996178285282979
low,20.800000000000004,-69.39830018829473,-69.5219207974622,-69.9914196931628,1.3992115832945928
low,20.810000000000002,-69.3908524720872,-69.5144117749017,-69.9911624592797,1.3986673131259368
low,20.82,-69.3834300228364,-69.5069163260573,-69.9909013624627,1.3979900466555257
low,20.830000000000002,-69.37603312270208,-69.4994351667485,-69.9906364138326,1.3971846459823531
low,20.84,-69.36866204004741,-69.4919689845389,-69.99036762487542,1.3962558121364272
low,20.85,-69.36131702991086,-69.48451843968468,-69.990095007427,1.3952080903648
low,20.86,-69.35399833446289,-69.47708416605184,-69.98981857365851,1.3940458752442804
low,20.870000000000005,-69.34670618344714,-69.46966677200321,-69.98953833606208,1.3927734156265135
low,20.880000000000003,-69.33944079460727,-69.46226684125618,-69.98925430743726,1.3913948194209251
low,20.89,-69.33220237409965,-69.45488493371212,-69.98896650087761,1.3899140582208394
low,20.900000000000002,-69.32499111689218,-69.44752158625843,-69.98867492975803,1.3883349717779219
low,20.91,-69.31780720715012,-69.44017731354423,-69.9883796077224,1.38666127232991
low,20.92,-69.31065081860906,-69.43285260873024,-69.98808054867148,1.384896548786449
low,20.93,-69.30352211493539,-69.4255479442142,-69.98777776675158,1.3830442707776793
low,20.94,-69.29642125007507,-69.41826377233195,-69.98747127634329,1.381107792570078
low,20.950000000000003,-69.28934836859061,-69.41100052603579,-69.98716109205073,1.3790903568539075
low,20.960000000000004,-69.28230360598712,-69.40375861955022,-69.98684722869115,1.3769950984064774
low,20.970000000000002,-69.27528708902732,-69.3965384490059,-69.98652970128494,1.3748250476352903
low,20.98,-69.26829893603617,-69.389340393053,-69.98620852504588,1.3725831340050179
low,20.990000000000002,-69.26133925719542,-69.38216481345403,-69.98588371537174,1.3702721893521017
low,21.0,-69.25440815482851,-69.37501205565715,-69.98555528783533,1.3678949510906804
low,21.01,-69.24750572367574,-69.36788244935062,-69.98522325817564,1.3654540653133844
low,21.02,-69.24063205116052,-69.36077630899878,-69.98488764228946,1.3629520897904701
low,21.03,-69.23378721764672,-69.35369393436049,-69.98454845622328,1.360391496870602
low,21.040000000000003,-69.22697129668754,-69.34663561099025,-69.9842057161653,1.3577746762865253
low,21.050000000000004,-69.22018435526587,-69.33960161072291,-69.98385943843795,1.3551039378687388
low,21.060000000000002,-69.21342645402706,-69.33259219214226,-69.98350963949046,1.352381514170184
low,21.07,-69.20669764750359,-69.32560760103418,-69.98315633589183,1.3496095630048703
low,21.080000000000002,-69.19999798433255,-69.31864807082476,-69.982799544324,1.3467901699032578
low,21.09,-69.19332750746565,-69.31171382300394,-69.98243928157518,1.3439253504871251
low,21.1,-69.18668625437243,-69.30480506753514,-69.98207556453355,1.3410170527665632
low,21.11,-69.18007425723664,-69.29792200325136,-69.98170841018107,1.3380671593616473
low,21.120000000000005,-69.17349154314613,-69.29106481823808,-69.98133783558757,1.3350774896512554
low,21.130000000000003,-69.16693813427625,-69.28423369020366,-69.98096385790494,1.3320498018514302
low,21.140000000000004,-69.16041404806747,-69.27742878683723,-69.9805864943617,1.328985795025574
low,21.150000000000002,-69.15391929739678,-69.27065026615503,-69.98020576225767,1.3258871110287382
low,21.16,-69.1474538907435,-69.26389827683496,-69.97982167895866,1.3227553363881481
low,21.17,-69.14101783234963,-69.25717295854034,-69.97943426189168,1.3195920041220606
low,21.18,-69.1346111223747,-69.2504744422327,-69.97904352854006,1.3163985954989763
low,21.19,-69.12823375704565,-69.24380285047444,-69.97864949643885,1.3131765417391625
low,21.2,-69.12188572880154,-69.23715829772122,-69.97825218317033,1.309927225660376
low,21.210000000000004,-69.11556702643352,-69.23054089060486,-69.97785160635972,1.3066519832696142
low,21.220000000000002,-69.10927763522012,-69.22395072820672,-69.97744778367102,1.3033521053026738
low,21.230000000000004,-69.10301753705802,-69.21738790232207,-69.97704073280306,1.3000288387132066
low,21.240000000000002,-69.09678671058847,-69.2108524977158,-69.97663047148552,1.2966833881129574
low,21.25,-69.09058513131933,-69.20434459236934,-69.97621701747534,1.2933169171647563
low,21.26,-69.08441277174336,-69.19786425771974,-69.97580038855307,1.289930549929837
low,21.27,-69.07826960145226,-69.19141155889066,-69.97538060251937,1.2865253721709609
low,21.28,-69.07215558724698,-69.18498655491557,-69.97495767719174,1.2831024326128082
low,21.290000000000003,-69.06607069324437,-69.17858929895371,-69.97453163040127,1.2796627441610307
low,21.300000000000004,-69.06001488098025,-69.1722198384989,-69.97410247998955,1.276207285081326
low,21.310000000000002,-69.05398810950899,-69.16587821558124,-69.97367024380567,1.2727370001398344
low,21.320000000000004,-69.04799033549985,-69.15956446696227,-69.97323493970335,1.2692528017061409
low,21.330000000000002,-69.04202151332994,-69.15327862432348,-69.97279658553819,1.265755570820097
low,21.34,-69.03608159517412,-69.14702071444876,-69.97235519916498,1.2622461582236524
low,21.35,-69.03017053109203,-69.14079075940056,-69.97191079843509,1.2587253853588436
low,21.36,-69.02428826911192,-69.13458877669042,-69.97146340119406,1.2551940453330497
low,21.37,-69.0184347553119,-69.12841477944357,-69.97101302527919,1.2516529038525859
low,21.380000000000003,-69.01260993389837,-69.1222687765583,-69.97055968851723,1.2481027001256768
low,21.390000000000004,-69.00681374728177,-69.1161507728598,-69.97010340872215,1.2445441477358128
low,21.400000000000002,-69.00104613614975,-69.110060769249,-69.96964420369312,1.2409779354864499
low,21.410000000000004,-68.99530703953812,-69.10399876284652,-69.96918209121225,1.2374047282180134
low,21.42,-68.98959639489908,-69.09796474713161,-69.96871708904288,1.2338251675980954
low,21.43,-68.98391413816735,-69.09195871207666,-69.96824921492748,1.2302398728857313
low,21.44,-68.97826020382401,-69.08598064427706,-69.96777848658594,1.2266494416706064
low,21.45,-68.9726345249582,-69.08003052707686,-69.96730492171378,1.2230544505880132
low,21.460000000000004,-68.96703703332666,-69.07410834069017,-69.96682853798042,1.2194554560103525
low,21.470000000000002,-68.96146765941137,-69.06821406231853,-69.9663493530277,1.2158529947159558
low,21.480000000000004,-68.9559263324752,-69.06234766626424,-69.96586738446817,1.2122475845359544
low,21.490000000000002,-68.95041298061557,-69.05650912404015,-69.96538264988364,1.2086397249799377
low,21.5,-68.94492753081646,-69.05069840447548,-69.96489516682382,1.2050298978410792
low,21.51,-68.93946990899855,-69.04491547381842,-69.96440495280484,1.2014185677814118
low,21.52,-68.9340400400676,-69.03916029583498,-69.96391202530798,1.1978061828978985
low,21.53,-68.92863784796135,-69.03343283190466,-69.96341640177839,1.194193175269933
low,21.54,-68.9232632556947,-69.0277330411131,-69.96291809962385,1.1905799614888717
low,21.550000000000004,-68.91791618540333,-69.02206088034124,-69.96241713621366,1.1869669431701961
low,21.560000000000002,-68.91259655838593,-69.01641630435185,-69.96191352887746,1.1833545074488703
low,21.570000000000004,-68.90730429514495,-69.01079926587293,-69.96140729490416,1.1797430274584355
low,21.580000000000002,-68.90203931542591,-69.00520971567842,-69.96089845154093,1.1761328627943932
low,21.59,-68.89680153825537,-68.99964760266612,-69.9603870159922,1.1725243599623787
low,21.6,-68.89159088197769,-68.99411287393308,-69.95987300541874,1.1689178528116255
low,21.61,-68.88640726429041,-68.98860547484834,-69.95935643693674,1.165313662954207
low,21.62,-68.88125060227847,-68.98312534912337,-69.95883732761696,1.1617121001705197
low,21.630000000000003,-68.8761208124473,-68.97767243888002,-69.95831569448384,1.1581134628014556
low,21.640000000000004,-68.87101781075467,-68.97224668471614,-69.95779155451478,1.1545180381277105
low,21.650000000000002,-68.86594151264144,-68.9668480257692,-69.95726492463938,1.1509261027366309
low,21.660000000000004,-68.86089183306146,-68.96147639977745,-69.95673582173865,1.1473379228770324
low,21.67,-68.85586868651009,-68.95613174313938,-69.95620426264443,1.1437537548023637
low,21.68,-68.85087198705193,-68.95081399097074,-69.95567026413865,1.140173845102612
low,21.69,-68.84590164834773,-68.9455230771601,-69.95513384295272,1.1365984310253063
low,21.7,-68.84095758368007,-68.94025893442215,-69.95459501576697,1.1330277407859903
low,21.71,-68.83603970597822,-68.93502149434931,-69.95405379921002,1.1294619938684973
low,21.720000000000002,-68.83114792784235,-68.92981068746175,-69.9535102098583,1.1259014013153683
low,21.730000000000004,-68.82628216156664,-68.92462644325545,-69.9529642642355,1.122346166008743
low,21.740000000000002,-68.82144231916165,-68.91946869024885,-69.9524159788121,1.11879648294201
low,21.750000000000004,-68.81662831237604,-68.9143373560277,-69.95186537000494,1.115252539482558
low,21.76,-68.81184005271726,-68.90923236728862,-69.95131245417667,1.1117145156258859
low,21.77,-68.80707745147177,-68.90415364988095,-69.95075724763545,1.1081825842413748
low,21.78,-68.80234041972449,-68.89910112884738,-69.95019976663455,1.1046569113099862
low,21.79,-68.79762886837732,-68.89407472846298,-69.94964002737188,1.1011376561541535
low,21.800000000000004,-68.7929427081674,-68.88907437227306,-69.94907804598976,1.097624971660126
low,21.810000000000002,-68.78828184968441,-68.88409998312966,-69.94851383857451,1.0941190044930111
low,21.820000000000004,-68.78364620338742,-68.87915148322688,-69.94794742115619,1.090619895304745
low,21.830000000000002,-68.77903567962099,-68.87422879413474,-69.94737880970824,1.0871277789352418
low,21.840000000000003,-68.77445018863085,-68.86933183683225,-69.94680802014729,1.083642784606928
low,21.85,-68.76988964057898,-68.86446053173906,-69.94623506833285,1.0801650361128916
low,21.86,-68.76535394555802,-68.85961479874611,-69.9456599700671,1.0766946519988447
low,21.87,-68.76084301360535,-68.85479455724527,-69.94508274109465,1.0732317457391094
low,21.88,-68.75635675471652,-68.84999972615785,-69.94450339710232,1.0697764259068236
low,21.890000000000004,-68.75189507885817,-68.84523022396219,-69.943921953719,1.0663287963385464
low,21.900000000000002,-68.74745789598067,-68.84048596872032,-69.9433384265154,1.062888956293466
low,21.910000000000004,-68.74304511603017,-68.83576687810366,-69.94275283100396,1.0594570006073605
low,21.92,-68.7386566489601,-68.83107286941778,-69.94216518263863,1.0560330198415109
low,21.930000000000003,-68.73429240474245,-68.82640385962641,-69.9415754968148,1.0526171004267106
low,21.94,-68.72995229337847,-68.82175976537447,-69.94098378886915,1.0492093248025471
low,21.95,-68.72563622490915,-68.81714050301042,-69.94039007407953,1.0458097715521002
low,21.96,-68.72134410942513,-68.81254598860781,-69.93979436766487,1.042418515532213
low,21.970000000000002,-68.71707585707635,-68.80797613798596,-69.9391966847851,1.0390356279994788
low,21.980000000000004,-68.71283137808126,-68.80343086673007,-69.93859704054104,1.035661176732089
low,21.990000000000002,-68.70861058273577,-68.7989100902105,-69.93799544997435,1.032295226147665
low,22.000000000000004,-68.70441338142177,-68.79441372360145,-69.93739192806753,1.028937837417223
low,22.01,-68.70023968461547,-68.78994168189894,-69.93678648974378,1.025589068575385
low,22.020000000000003,-68.69608940289523,-68.78549387993813,-69.93617914986704,1.0222489746269663
low,22.03,-68.69196244694915,-68.78107023241009,-69.93556992324191,1.0189176076500563
low,22.04,-68.68785872758257,-68.77667065387793,-69.93495882461367,1.0155950168957042
low,22.05,-68.68377815572497,-68.77229505879231,-69.93434586866826,1.0122812488843294
low,22.060000000000002,-68.67972064243673,-68.76794336150657,-69.93373107003222,1.0089763474989533
low,22.070000000000004,-68.67568609891576,-68.76361547629105,-69.93311444327284,1.0056803540753683
low,22.080000000000002,-68.67167443650364,-68.75931131734713,-69.93249600289798,1.0023933074893319
low,22.090000000000003,-68.66768556669166,-68.7550307988206,-69.93187576335625,0.9991152442408928
low,22.1,-68.66371940112656,-68.75077383481472,-69.93125373903698,0.9958461985359437
low,22.11,-68.65977585161609,-68.74654033940257,-69.93062994427022,0.9925862023650822
low,22.12,-68.65585483013429,-68.7423302266392,-69.93000439332687,0.9893352855798783
low,22.13,-68.65195624882655,-68.73814341057314,-69.92937710041865,0.9860934759666271
low,22.140000000000004,-68.64808002001465,-68.73397980525763,-69.92874807969814,0.9828607993176737
low,22.150000000000002,-68.6442260562012,-68.72983932476134,-69.92811734525891,0.9796372795003885
low,22.160000000000004,-68.64039427007427,-68.7257218831787,-69.92748491113558,0.9764229385238627
low,22.17,-68.63658457451164,-68.7216273946399,-69.92685079130379,0.9732177966034132
low,22.180000000000003,-68.632796882585,-68.71755577332053,-69.92621499968043,0.9700218722229573
low,22.19,-68.62903110756373,-68.7135069334508,-69.92557755012355,0.9668351821953307
low,22.2,-68.62528716291881,-68.7094807893244,-69.92493845643261,0.9636577417206164
low,22.21,-68.62156496232633,-68.70547725530713,-69.92429773234846,0.9604895644425501
low,22.22,-68.61786441967098,-68.70149624584505,-69.92365539155348,0.9573306625030638
low,22.230000000000004,-68.61418544904932,-68.69753767547255,-69.92301144767167,0.9541810465950287
low,22.240000000000002,-68.61052796477296,-68.6936014588198,-69.92236591426871,0.9510407260132643
low,22.250000000000004,-68.60689188137152,-68.68968751062022,-69.92171880485212,0.9479097087038492
low,22.26,-68.60327711359548,-68.68579574571746,-69.92107013287139,0.9447880013118183
low,22.270000000000003,-68.59968357641895,-68.6819260790722,-69.92041991171803,0.9416756092272771
low,22.28,-68.59611118504228,-68.67807842576867,-69.91976815472573,0.9385725366299942
low,22.29,-68.59255985489445,-68.6742527010209,-69.91911487517045,0.9354787865325213
low,22.3,-68.58902950163552,-68.6704488201787,-69.91846008627058,0.932394360821886
low,22.310000000000002,-68.58552004115883,-68.66666669873351,-69.91780380118705,0.9293192602999082
low,22.320000000000004,-68.58203138959313,-68.66290625232382,-69.91714603302343,0.926253484722186
low,22.330000000000002,-68.57856346330458,-68.65916739674064,-69.91648679482613,0.9231970328357838
low,22.340000000000003,-68.57511617889865,-68.6554500479325,-69.91582609958444,0.9201499024156815
low,22.35,-68.57168945322205,-68.65175412201036,-69.91516396023079,0.9171120903000153
low,22.360000000000003,-68.56828320336426,-68.64807953525234,-69.91450038964076,0.9140835924241503
low,22.37,-68.56489734665931,-68.64442620410821,-69.91383540063337,0.9110644038536267
low,22.38,-68.56153180068723,-68.64079404520372,-69.91316900597104,0.9080545188160141
low,22.39,-68.55818648327552,-68.6371829753447,-69.9125012183599,0.9050539307317098
low,22.400000000000002,-68.55486131250049,-68.63359291152105,-69.91183205044987,0.9020626322437165
low,22.410000000000004,-68.55155620668857,-68.63002377091051,-69.91116151483483,0.8990806152464368
low,22.42,-68.54827108441744,-68.62647547088231,-69.9104896240527,0.8961078709135031
low,22.430000000000003,-68.54500586451725,-68.62294792900063,-69.90981639058575,0.8931443897246946
low,22.44,-68.54176046607157,-68.61944106302789,-69.90914182686056,0.8901901614919541
low,22.450000000000003,-68.53853480841843,-68.615954790928,-69.90846594524835,0.8872451753845455
low,22.46,-68.53532881115123,-68.61248903086928,-69.90778875806504,0.8843094199533713
low,22.47,-68.53214239411955,-68.60904370122742,-69.90711027757143,0.8813828831544858
low,22.480000000000004,-68.52897547742991,-68.60561872058824,-69.90643051597341,0.8784655523718229
low,22.490000000000002,-68.52582798144654,-68.60221400775028,-69.90574948542204,0.875557414439176
low,22.500000000000004,-68.52269982679208,-68.59882948172735,-69.90506719801377,0.8726584556614331
low,22.51,-68.51959093434797,-68.59546506175089,-69.90438366579063,0.8697686618351179
low,22.520000000000003,-68.51650122525534,-68.59212066727223,-69.90369890074031,0.8668880182682404
low,22.53,-68.51343062091516,-68.58879621796481,-69.90301291479642,0.864016509799488
low,22.540000000000003,-68.51037904298887,-68.58549163372612,-69.90232571983859,0.8611541208167753
low,22.55,-68.50734641339878,-68.5822068346798,-69.90163732769267,0.8583008352751783
low,22.56,-68.50433265432831,-68.57894174117733,-69.90094775013092,0.8554566367142658
low,22.570000000000004,-68.50133768822238,-68.5756962737999,-69.90025699887215,0.8526215082748552
low,22.580000000000002,-68.49836143778762,-68.57247035336002,-69.89956508558187,0.8497954327152111
low,22.590000000000003,-68.49540382599257,-68.56926390090305,-69.89887202187256,0.8469783924266939
low,22.6,-68.49246477606789,-68.56607683770874,-69.89817781930373,0.8441703694488936
low,22.610000000000003,-68.48954421150648,-68.5629090852926,-69.89748248938214,0.8413713454842532
low,22.62,-68.48664205606357,-68.55976056540722,-69.89678604356202,0.8385813019122036
low,22.630000000000003,-68.48375823375676,-68.5566312000435,-69.89608849324514,0.8358002198028232
low,22.64,-68.48089266886602,-68.55352091143182,-69.89538984978111,0.8330280799300416
low,22.650000000000002,-68.47804528593375,-68.55042962204305,-69.89469012446745,0.8302648627843981
low,22.660000000000004,-68.4752160097647,-68.54735725458974,-69.89398932854984,0.827510548585376
low,22.67,-68.47240476542585,-68.54430373202688,-69.89328747322224,0.824765117293315
low,22.680000000000003,-68.46961147824632,-68.54126897755286,-69.89258456962713,0.8220285486209293
low,22.69,-68.4668360738173,-68.53825291461035,-69.89188062885563,0.819300822044437
low,22.700000000000003,-68.46407847799178,-68.53525546688694,-69.89117566194771,0.8165819168143125
low,22.71,-68.46133861688445,-68.53227655831591,-69.89046967989235,0.8138718119656779
low,22.72,-68.45861641687132,-68.52931611307685,-69.88976269362769,0.8111704863283432
low,22.73,-68.4559118045898,-68.52637405559628,-69.88905471404135,0.8084779185365082
low,22.740000000000002,-68.45322470693799,-68.52345031054809,-69.88834575197039,0.8057940870381344
low,22.750000000000004,-68.45055505107474,-68.52054480285415,-69.88763581820169,0.8031189701040058
low,22.76,-68.44790276441918,-68.51765745768465,-69.88692492347197,0.800452545836472
low,22.770000000000003,-68.44526777465047,-68.51478820045853,-69.8862130784681,0.7977947921779056
low,22.78,-68.44265000970734,-68.51193695684381,-69.88550029382716,0.7951456869188668
low,22.790000000000003,-68.44004939778772,-68.50910365275783,-69.8847865801367,0.7925052077059923
low,22.8,-68.43746586734845,-68.5062882143676,-69.88407194793496,0.789873332049616
low,22.81,-68.43489934710479,-68.50349056808994,-69.88335640771089,0.7872500373311285
low,22.820000000000004,-68.43234976602997,-68.50071064059172,-69.88263996990447,0.7846353008100884
low,22.830000000000002,-68.4298170533548,-68.49794835878987,-69.88192264490684,0.78202909963109
low,22.840000000000003,-68.42730113856717,-68.49520364985162,-69.88120444306047,0.7794314108303937
low,22.85,-68.42480195141152,-68.49247644119447,-69.88048537465937,0.7768422113423327
low,22.860000000000003,-68.42231942188849,-68.48976666048625,-69.87976544994922,0.7742614780054995
low,22.87,-68.41985348025425,-68.48707423564512,-69.87904467912759,0.7716891875687191
low,22.880000000000003,-68.41740405702002,-68.48439909483952,-69.8783230723441,0.7691253166968174
low,22.89,-68.4149710829517,-68.4817411664881,-69.87760063970062,0.7665698419761919
low,22.9,-68.412554489069,-68.47910037925962,-69.87687739125141,0.7640227399201892
low,22.910000000000004,-68.41015420664515,-68.47647666207288,-69.87615333700332,0.7614839869742959
low,22.92,-68.40777016720621,-68.47386994409646,-69.87542848691592,0.7589535595211566
low,22.930000000000003,-68.40540230253056,-68.47128015474865,-69.87470285090183,0.7564314338854057
low,22.94,-68.40305054464817,-68.4687072236972,-69.87397643882669,0.7539175863383446
low,22.950000000000003,-68.40071482584017,-68.46615108085905,-69.87324926050944,0.7514119931024471
low,22.96,-68.39839507863805,-68.46361165640015,-69.87252132572253,0.7489146303557142
low,22.970000000000002,-68.39609123582322,-68.46108888073519,-69.87179264419204,0.7464254742358714
low,22.98,-68.39380323042627,-68.45858268452726,-69.87106322559784,0.7439445008444239
low,22.990000000000002,-68.39153099572634,-68.45609299868751,-69.87033307957387,0.7414716862505673
low,23.000000000000004,-68.38927446525048,-68.45361975437487,-69.86960221570814,0.7390070064949631
low,23.01,-68.38703357277299,-68.45116288299572,-69.86887064354306,0.7365504375933767
low,23.020000000000003,-68.3848082523148,-68.44872231620342,-69.86813837257557,0.7341019555401925
low,23.03,-68.38259843814275,-68.44629798589801,-69.8674054122573,0.7316615363118029
low,23.040000000000003,-68.38040406476894,-68.44388982422579,-69.86667177199467,0.7292291558698757
low,23.05,-68.37822506695002,-68.44149776357882,-69.86593746114929,0.7268047901645077
low,23.060000000000002,-68.37606137968648,-68.43912173659459,-69.86520248903781,0.7243884151372654
low,23.07,-68.37391293822208,-68.43676167615544,-69.86446686493237,0.7219800067241151
low,23.080000000000002,-68.371779678043,-68.43441751538823,-69.8637305980606,0.719579540858251
low,23.090000000000003,-68.36966153487724,-68.43208918766376,-69.86299369760593,0.7171869934728227
low,23.1,-68.36755844469384,-68.42977662659631,-69.86225617270763,0.7148023405035581
low,23.110000000000003,-68.36547034370223,-68.42747976604315,-69.86151803246108,0.7124255578912991
low,23.12,-68.36339716835148,-68.42519854010393,-69.86077928591784,0.7100566215844414
low,23.130000000000003,-68.36133885532955,-68.42293288312034,-69.86003994208592,0.707695507541286
low,23.14,-68.35929534156263,-68.42068272967528,-69.85930000992991,0.7053421917323065
low,23.150000000000002,-68.35726656421434,-68.41844801459258,-69.85855949837108,0.7029966501423315
low,23.160000000000004,-68.35525246068508,-68.41622867293631,-69.8578184162877,0.700658858772648
low,23.17,-68.35325296861124,-68.4140246400102,-69.85707677251507,0.698328793643029
low,23.180000000000003,-68.35126802586447,-68.41183585135707,-69.85633457584576,0.6960064307936805
low,23.19,-68.34929757055093,-68.40966224275829,-69.85559183502974,0.693691746287122
low,23.200000000000003,-68.34734154101056,-68.40750375023306,-69.85484855877455,0.6913847162099949
low,23.21,-68.34539987581638,-68.40536031003799,-69.85410475574551,0.6890853166748021
low,23.220000000000002,-68.34347251377366,-68.40323185866629,-69.85336043456583,0.6867935238215833
low,23.23,-68.34155939391923,-68.40111833284725,-69.85261560381682,0.6845093138195271
low,23.240000000000002,-68.3396604555207,-68.3990196695456,-69.85187027203798,0.6822326628685204
low,23.250000000000004,-68.33777563807575,-68.39693580596085,-69.85112444772729,0.67996354720064
low,23.26,-68.33590488131128,-68.39486667952667,-69.85037813934122,0.6777019430815897
low,23.270000000000003,-68.33404812518282,-68.39281222791026,-69.84963135529506,0.6754478268120735
low,23.28,-68.33220530987359,-68.39077238901162,-69.84888410396289,0.6732011747291249
low,23.290000000000003,-68.3303763757939,-68.38874710096297,-69.84813639367798,0.6709619632073794
low,23.3,-68.32856126358027,-68.38673630212804,-69.84738823273268,0.6687301686602988
low,23.310000000000002,-68.32675991409477,-68.38473993110145,-69.84663962937881,0.6665057675413455
low,23.32,-68.32497226842418,-68.38275792670794,-69.84589059182771,0.6642887363451124
low,23.330000000000002,-68.32319826787928,-68.38079022800179,-69.84514112825038,0.6620790516084047
low,23.340000000000003,-68.32143785399414,-68.3788367742661,-69.84439124677776,0.6598766899112841
low,23.35,-68.31969096852522,-68.37689750501212,-69.84364095550072,0.6576816278780607
low,23.360000000000003,-68.31795755345071,-68.3749723599785,-69.84289026247039,0.6554938421782542
low,23.37,-68.31623755096982,-68.37306127913067,-69.84213917569818,0.6533133095275104
low,23.380000000000003,-68.31453090350186,-68.37116420266011,-69.84138770315599,0.6511400066884809
low,23.39,-68.31283755368563,-68.36928107098365,-69.84063585277639,0.6489739104716655
low,23.400000000000002,-68.31115744437858,-68.36741182474277,-69.83988363245277,0.6468149977362203
low,23.41,-68.30949051865612,-68.36555640480292,-69.83913105003943,0.6446632453907296
low,23.42,-68.30783671981078,-68.36371475225278,-69.83837811335184,0.6425186303939456
low,23.430000000000003,-68.30619599135149,-68.36188680840355,-69.83762483016672,0.6403811297554988
low,23.44,-68.30456827700287,-68.36007251478827,-69.83687120822222,0.6382507205365693
low,23.450000000000003,-68.3029535207044,-68.35827181316111,-69.83611725521807,0.6361273798505376
low,23.46,-68.30135166660968,-68.35648464549658,-69.83536297881572,0.6340110848636002
low,23.470000000000002,-68.29976265908572,-68.35471095398891,-69.83460838663852,0.6319018127953603
low,23.48,-68.29818644271212,-68.3529506810513,-69.83385348627185,0.6297995409193892
low,23.490000000000002,-68.29662296228042,-68.35120376931513,-69.83309828526328,0.6277042465637638
low,23.500000000000004,-68.29507216279322,-68.34947016162941,-69.83234279112274,0.6256159071115761
low,23.51,-68.29353398946353,-68.34774980105989,-69.83158701132263,0.6235345000014233
low,23.520000000000003,-68.29200838771398,-68.34604263088838,-69.83083095329799,0.6214600027278666
low,23.53,-68.29049530317607,-68.34434859461211,-69.83007462444667,0.6193923928418744
low,23.540000000000003,-68.2889946816894,-68.3426676359429,-69.82931803212942,0.6173316479512397
low,23.55,-68.28750646930102,-68.34099969880653,-69.82856118367015,0.6152777457209778
low,23.560000000000002,-68.28603061226457,-68.33934472734192,-69.82780408635591,0.6132306638737018
low,23.57,-68.28456705703962,-68.33770266590052,-69.82704674743725,0.6111903801899804
low,23.580000000000002,-68.28311575029088,-68.33607345904551,-69.82628917412815,0.6091568725086755
low,23.590000000000003,-68.2816766388875,-68.33445705155104,-69.82553137360634,0.6071301187272591
low,23.6,-68.28024966990223,-68.33285338840162,-69.82477335301331,0.605110096802119
low,23.610000000000003,-68.27883479061092,-68.33126241479131,-69.82401511945459,0.6030967847488374
low,23.62,-68.27743194849145,-68.32968407612303,-69.82325667999974,0.6010901606424616
low,23.630000000000003,-68.27604109122333,-68.32811831800784,-69.82249804168265,0.5990902026177531
low,23.64,-68.27466216668674,-68.32656508626417,-69.8217392115016,0.5970968888694254
low,23.650000000000002,-68.27329512296184,-68.32502432691717,-69.82098019641936,0.5951101976523621
low,23.66,-68.2719399083282,-68.32349598619798,-69.82022100336346,0.5931301072818247
low,23.670000000000005,-68.27059647126383,-68.3219800105429,-69.81946163922623,0.5911565961336432
low,23.680000000000003,-68.26926476044461,-68.32047634659284,-69.81870211086498,0.5891896426443972
low,23.69,-68.26794472474359,-68.31898494119247,-69.81794242510213,0.5872292253115773
low,23.700000000000003,-68.26663631323012,-68.31750574138955,-69.81718258872534,0.5852753226937415
low,23.71,-68.26533947516934,-68.31603869443421,-69.8164226084877,0.5833279134106537
low,23.720000000000002,-68.26405416002126,-68.31458374777829,-69.81566249110779,0.5813869761434143
low,23.73,-68.26278031744017,-68.31314084907447,-69.81490224326991,0.5794524896345763
low,23.740000000000002,-68.26151789727393,-68.31170994617575,-69.81414187162414,0.5775244326882528
low,23.75,-68.26026684956314,-68.31029098713458,-69.81338138278655,0.575602784170213
low,23.760000000000005,-68.25902712454054,-68.3088839202022,-69.81262078333921,0.5736875230079673
low,23.770000000000003,-68.25779867263032,-68.307488693828,-69.81186007983054,0.5717786281908463
low,23.78,-68.25658144444735,-68.30610525665871,-69.81109927877523,0.5698760787700633
low,23.790000000000003,-68.25537539079646,-68.30473355753773,-69.81033838665448,0.5679798538587739
low,23.8,-68.25418046267181,-68.30337354550443,-69.8095774099162,0.5660899326321249
low,23.810000000000002,-68.25299661125621,-68.30202516979347,-69.80881635497497,0.564206294327294
low,23.82,-68.25182378792027,-68.30068837983404,-69.80805522821231,0.562328918243521
low,23.830000000000002,-68.25066194422193,-68.29936312524917,-69.80729403597682,0.5604577837421332
low,23.840000000000003,-68.2495110319055,-68.29804935585506,-69.80653278458423,0.5585928702465602
low,23.85,-68.24837100290125,-68.29674702166037,-69.8057714803176,0.5567341572423453
low,23.860000000000003,-68.24724180932454,-68.29545607286552,-69.80501012942739,0.554881624277144
low,23.87,-68.2461234034752,-68.294176459862,-69.80424873813165,0.5530352509607217
low,23.880000000000003,-68.24501573783675,-68.29290813323165,-69.80348731261616,0.5511950169649407
low,23.89,-68.24391876507593,-68.29165104374596,-69.80272585903448,0.5493609020237433
low,23.900000000000002,-68.2428324380418,-68.29040514236547,-69.80196438350818,0.5475328859331272
low,23.91,-68.24175670976518,-68.28917038023896,-69.80120289212692,0.5457109485511155
low,23.92,-68.24069153345798,-68.28794670870288,-69.80044139094858,0.5438950697977213
low,23.930000000000003,-68.23963686251241,-68.2867340792805,-69.79967988599937,0.5420852296549059
low,23.94,-68.23859265050046,-68.28553244368142,-69.798918383274,0.5402814081665349
low,23.950000000000003,-68.2375588511732,-68.2843417538008,-69.79815688873579,0.5384835854383229
low,23.96,-68.23653541846004,-68.28316196171863,-69.79739540831682,0.5366917416377794
low,23.970000000000002,-68.23552230646808,-68.28199301969912,-69.79663394791801,0.534905856994148
low,23.98,-68.2345194694815,-68.28083488019,-69.79587251340925,0.5331259117983396
low,23.990000000000002,-68.23352686196095,-68.27968749582188,-69.7951111106296,0.5313518864028632
low,24.0,-68.23254443854267,-68.2785508194075,-69.79434974538736,0.5295837612217512
low,24.010000000000005,-68.23157215403818,-68.27742480394113,-69.79358842346018,0.5278215167304813
low,24.020000000000003,-68.23060996343322,-68.27630940259789,-69.79282715059516,0.5260651334658961
low,24.03,-68.22965782188751,-68.27520456873307,-69.79206593250912,0.5243145920261137
low,24.040000000000003,-68.22871568473379,-68.27411025588148,-69.79130477488854,0.5225698730704413
low,24.05,-68.2277835074773,-68.27302641775674,-69.79054368338984,0.5208309573192809
low,24.060000000000002,-68.22686124579516,-68.27195300825066,-69.78978266363937,0.5190978255540329
low,24.07,-68.22594885553569,-68.27088998143263,-69.78902172123364,0.5173704586169988
low,24.080000000000002,-68.22504629271778,-68.26983729154885,-69.78826086173933,0.5156488374112754
low,24.09,-68.2241535135302,-68.26879489302179,-69.78750009069357,0.5139329429006518
low,24.100000000000005,-68.2232704743311,-68.26776274044944,-69.78673941360387,0.5122227561095001
low,24.110000000000003,-68.22239713164724,-68.26674078860476,-69.78597883594843,0.5105182581226662
low,24.12,-68.22153344217341,-68.26572899243493,-69.7852183631761,0.5088194300853531
low,24.130000000000003,-68.22067936277183,-68.26472730706077,-69.78445800070659,0.5071262532030074
low,24.14,-68.2198348504715,-68.26373568777608,-69.78369775393062,0.5054387087411999
low,24.150000000000002,-68.21899986246757,-68.26275409004701,-69.78293762820992,0.5037567780255048
low,24.16,-68.21817435612071,-68.26178246951137,-69.78217762887743,0.5020804424413772
low,24.17,-68.21735828895652,-68.26082078197807,-69.78141776123745,0.5004096834340275
low,24.180000000000003,-68.21655161866491,-68.25986898342641,-69.78065803056563,0.4987444825082942
low,24.190000000000005,-68.21575430309947,-68.25892703000552,-69.77989844210924,0.49708482122851705
low,24.200000000000003,-68.21496630027686,-68.25799487803367,-69.77913900108723,0.49543068121840267
low,24.21,-68.21418756837623,-68.25707248399766,-69.77837971269027,0.4937820441608945
low,24.220000000000002,-68.21341806573852,-68.25615980455218,-69.77762058208096,0.49213889179803727
low,24.23,-68.212657750866,-68.25525679651923,-69.7768616143939,0.49050120593084195
low,24.240000000000002,-68.21190658242153,-68.25436341688746,-69.77610281473582,0.4888689684191477
low,24.25,-68.21116451922808,-68.25347962281153,-69.77534418818574,0.4872421611814832
low,24.26,-68.210431520268,-68.25260537161157,-69.77458573979497,0.48562076619492633
low,24.270000000000003,-68.2097075446825,-68.25174062077245,-69.77382747458735,0.48400476549496163
low,24.280000000000005,-68.20899255177112,-68.2508853279433,-69.77306939755924,0.4823941411753401
low,24.290000000000003,-68.208286500991,-68.25003945093675,-69.77231151367975,0.48078887538793136
low,24.3,-68.20758935195636,-68.24920294772849,-69.77155382789078,0.47918895034258063
low,24.310000000000002,-68.20690106443791,-68.24837577645647,-69.77079634510716,0.4775943483069619
low,24.32,-68.2062215983623,-68.24755789542046,-69.77003907021674,0.47600505160643053
low,24.330000000000002,-68.20555091381144,-68.24674926308134,-69.76928200808052,0.47442104262387447
low,24.34,-68.204888971022,-68.2459498380606,-69.76852516353277,0.47284230379956577
low,24.350000000000005,-68.20423573038481,-68.24515957913958,-69.7677685413811,0.4712688176310086
low,24.360000000000003,-68.20359115244429,-68.24437844525909,-69.76701214640661,0.4697005666727914
low,24.370000000000005,-68.20295519789781,-68.24360639551858,-69.76625598336399,0.46813753353643106
low,24.380000000000003,-68.20232782759525,-68.24284338917579,-69.76550005698158,0.466579700890223
low,24.39,-68.20170900253834,-68.24208938564594,-69.7647443719616,0.46502705145908724
low,24.400000000000002,-68.20109868388,-68.24134434450124,-69.76398893298011,0.46347956802441403
low,24.41,-68.20049683292403,-68.24060822547038,-69.76323374468724,0.4619372334239097
low,24.42,-68.1999034111243,-68.23988098843779,-69.76247881170718,0.46040003055144163
low,24.43,-68.19931838008429,-68.23916259344317,-69.76172413863841,0.45886794235688183
low,24.440000000000005,-68.19874170155653,-68.23845300068088,-69.76096973005374,0.45734095184595114
low,24.450000000000003,-68.198173337442,-68.2377521704993,-69.7602155905004,0.4558190420800639
low,24.46,-68.1976132497897,-68.23706006340038,-69.75946172450017,0.45430219617616835
low,24.470000000000002,-68.19706140079586,-68.23637664003896,-69.75870813654953,0.4527903973065904
low,24.48,-68.19651775280366,-68.23570186122222,-69.75795483111969,0.4512836286988763
low,24.490000000000002,-68.19598226830249,-68.2350356879092,-69.7572018126567,0.44978187363563343
low,24.5,-68.19545490992743,-68.23437808121007,-69.75644908558162,0.4482851154543724
low,24.51,-68.19493564045887,-68.2337290023857,-69.75569665429057,0.4467933375473478
low,24.520000000000003,-68.19442442282165,-68.23308841284702,-69.75494452315485,0.4453065233613991
low,24.530000000000005,-68.19392122008485,-68.23245627415454,-69.75419269652103,0.443824656397793
low,24.540000000000003,-68.19342599546101,-68.23183254801769,-69.75344117871107,0.4423477202120609
low,24.55,-68.19293871230575,-68.23121719629434,-69.75268997402239,0.4408756984138417
low,24.560000000000002,-68.19245933411713,-68.2306101809902,-69.75193908672802,0.43940857466672095
low,24.57,-68.19198782453518,-68.23001146425827,-69.75118852107668,0.437946332688071
low,24.580000000000002,-68.19152414734134,-68.22942100839835,-69.75043828129286,0.4364889562488911
low,24.59,-68.1910682664579,-68.22883877585642,-69.74968837157697,0.4350364291736473
low,24.6,-68.19062014594759,-68.22826472922411,-69.74893879610536,0.43358873534011183
low,24.610000000000003,-68.1901797500129,-68.22769883123817,-69.7481895590305,0.4321458586792027
low,24.620000000000005,-68.18974704299566,-68.22714104477991,-69.74744066448105,0.43070778317482533
low,24.630000000000003,-68.18932198937648,-68.2265913328747,-69.74669211656195,0.4292744928637093
low,24.64,-68.18890455377426,-68.2260496586914,-69.7459439193545,0.42784597183524953
low,24.650000000000002,-68.18849470094563,-68.22551598554173,-69.74519607691656,0.42642220423134636
low,24.66,-68.18809239578445,-68.22499027687998,-69.74444859328247,0.42500317424624456
low,24.67,-68.18769760332135,-68.22447249630221,-69.74370147246331,0.42358886612637386
low,24.68,-68.18731028872311,-68.2239626075459,-69.74295471844694,0.422179264170188
low,24.690000000000005,-68.18693041729226,-68.22346057448934,-69.74220833519807,0.42077435272800506
low,24.700000000000003,-68.18655795446648,-68.22296636115107,-69.7414623266584,0.4193741162018489
low,24.710000000000004,-68.1861928658182,-68.22247993168948,-69.74071669674669,0.41797853904528687
low,24.720000000000002,-68.18583511705398,-68.22200125040219,-69.73997144935882,0.4165876057632716
low,24.73,-68.18548467401409,-68.22153028172555,-69.73922658836798,0.4152013009119817
low,24.740000000000002,-68.18514150267197,-68.2210669902341,-69.73848211762471,0.41381960909866167
low,24.75,-68.18480556913374,-68.2206113406401,-69.73773804095696,0.41244251498146317
low,24.76,-68.18447683963772,-68.22016329779298,-69.73699436217024,0.4110700032692857
low,24.77,-68.18415528055395,-68.21972282667886,-69.7362510850477,0.40970205872161813
low,24.780000000000005,-68.18384085838362,-68.21928989242001,-69.73550821335022,0.40833866614837905
low,24.790000000000003,-68.18353353975868,-68.2188644602743,-69.73476575081648,0.406979810409761
low,24.800000000000004,-68.18323329144125,-68.21844649563482,-69.73402370116311,0.4056254764160685
low,24.810000000000002,-68.18294008032325,-68.21803596402926,-69.73328206808469,0.4042756491275628
low,24.82,-68.18265387342578,-68.2176328311194,-69.73254085525393,0.40293031355430314
low,24.830000000000002,-68.1823746378987,-68.21723706270069,-69.73180006632177,0.4015894547559895
low,24.84,-68.18210234102028,-68.21684862470173,-69.73105970491734,0.4002530578418052
low,24.85,-68.18183695019648,-68.21646748318373,-69.73031977464825,0.39892110797026004
low,24.860000000000003,-68.18157843296062,-68.21609360434003,-69.72958027910049,0.3975935903490333
low,24.870000000000005,-68.18132675697287,-68.21572695449561,-69.72884122183864,0.39627049023481864
low,24.880000000000003,-68.18108189001977,-68.21536750010662,-69.72810260640588,0.3949517929331657
low,24.890000000000004,-68.18084380001378,-68.21501520775985,-69.7273644363242,0.39363748379832586
low,24.900000000000002,-68.1806124549928,-68.21467004417228,-69.72662671509434,0.39232754823309623
low,24.91,-68.18038782311969,-68.21433197619059,-69.725889446196,0.3910219716886645
low,24.92,-68.18016987268182,-68.21400097079061,-69.72515263308786,0.38972073966445403
low,24.93,-68.17995857209057,-68.21367699507692,-69.72441627920767,0.3884238377079688
low,24.94,-68.1797538898809,-68.21336001628234,-69.7236803879724,0.3871312514146396
low,24.950000000000003,-68.1795557947109,-68.21305000176743,-69.72294496277821,0.3858429664276696
low,24.960000000000004,-68.17936425536125,-68.21274691902003,-69.72221000700071,0.3845589684378822
low,24.970000000000002,-68.17917924073494,-68.21245073565483,-69.7214755239949,0.383279243183565
low,24.980000000000004,-68.17900071985655,-68.21216141941277,-69.72074151709526,0.3820037764503191
low,24.990000000000002,-68.17882866187206,-68.2118789381607,-69.72000798961595,0.38073255407090534
low,25.0,-68.17866303604818,-68.21160325989085,-69.71927494485078,0.37946556192509295
low,25.01,-68.17850381177207,-68.21133435272039,-69.71854238607338,0.37820278593950657
low,25.02,-68.17835095855078,-68.21107218489087,-69.71781031653721,0.37694421208747536
low,25.030000000000005,-68.17820444601087,-68.21081672476791,-69.71707873947572,0.3756898263888814
low,25.040000000000003,-68.17806424389788,-68.21056794084063,-69.71634765810235,0.3744396149100102
low,25.050000000000004,-68.17793032207602,-68.2103258017212,-69.71561707561071,0.3731935637633979
low,25.060000000000002,-68.1778026505275,-68.21009027614434,-69.71488699517458,0.3719516591076828
low,25.07,-68.1776811993524,-68.20986133296705,-69.71415741994807,0.3707138871474553
low,25.080000000000002,-68.177565938768,-68.20963894116791,-69.7134283530656,0.36948023413310843
low,25.09,-68.17745683910836,-68.20942306984678,-69.71269979764209,0.3682506863606892
low,25.1,-68.17735387082399,-68.20921368822427,-69.711971756773,0.36702523017174943
low,25.11,-68.17725700448133,-68.20901076564131,-69.71124423353437,0.3658038519531982
low,25.120000000000005,-68.17716621076235,-68.20881427155877,-69.71051723098302,0.36458653813715297
low,25.130000000000003,-68.17708146046408,-68.2086241755569,-69.70979075215645,0.36337327520079454
low,25.140000000000004,-68.17700272449828,-68.208440447335,-69.70906480007312,0.36216404966621696
low,25.150000000000002,-68.17692997389094,-68.20826305671085,-69.70833937773237,0.3609588481002827
low,25.16,-68.17686317978176,-68.20809197362034,-69.7076144881146,0.3597576571144764
low,25.17,-68.17680231342395,-68.20792716811704,-69.70689013418131,0.35856046336475816
low,25.18,-68.17674734618357,-68.20776861037173,-69.70616631887522,0.35736725355141896
low,25.19,-68.17669824953933,-68.20761627067199,-69.70544304512025,0.35617801441893526
low,25.200000000000003,-68.17665499508196,-68.20747011942174,-69.70472031582172,0.35499273275582377
low,25.210000000000004,-68.17661755451394,-68.20733012714078,-69.70399813386635,0.35381139539449913
low,25.220000000000002,-68.17658589964904,-68.20719626446441,-69.70327650212239,0.3526339892111275
low,25.230000000000004,-68.17656000241188,-68.20706850214303,-69.70255542343968,0.3514605011254849
low,25.240000000000002,-68.17653983483754,-68.20694681104158,-69.70183490064969,0.3502909181008133
low,25.25,-68.17652536907116,-68.20683116213922,-69.70111493656563,0.34912522714367894
low,25.26,-68.1765165773675,-68.20672152652891,-69.70039553398254,0.34796341530382896
low,25.27,-68.1765134320905,-68.2066178754169,-69.69967669567743,0.34680546967405035
low,25.28,-68.17651590571302,-68.2065201801224,-69.69895842440914,0.34565137739002855
low,25.290000000000003,-68.17652397081623,-68.20642841207707,-69.69824072291867,0.34450112563020574
low,25.300000000000004,-68.17653760008939,-68.20634254282471,-69.69752359392908,0.3433547016156421
low,25.310000000000002,-68.17655676632927,-68.20626254402073,-69.69680704014569,0.3422120926098732
low,25.320000000000004,-68.17658144243997,-68.20618838743181,-69.69609106425608,0.3410732859187716
low,25.330000000000002,-68.17661160143226,-68.20612004493543,-69.69537566893014,0.33993826889040774
low,25.34,-68.17664721642342,-68.2060574885195,-69.69466085682026,0.3388070289149104
low,25.35,-68.17668826063665,-68.20600069028195,-69.69394663056129,0.33767955342432826
low,25.36,-68.17673470740084,-68.20594962243031,-69.69323299277067,0.3365558298924923
low,25.370000000000005,-68.17678653015007,-68.2059042572812,-69.6925199460485,0.3354358458348771
low,25.380000000000003,-68.17684370242321,-68.20586456726016,-69.69180749297763,0.3343195888084658
low,25.390000000000004,-68.17690619786364,-68.20583052490097,-69.69109563612365,0.33320704641161
low,25.400000000000002,-68.17697399021874,-68.20580210284547,-69.69038437803506,0.3320982062838959
low,25.410000000000004,-68.17704705333954,-68.20577927384299,-69.68967372124337,0.3309930561060071
low,25.42,-68.17712536118037,-68.20576201075009,-69.688963668263,0.3298915835995893
low,25.43,-68.17720888779843,-68.20575028653008,-69.68825422159154,0.3287937765271152
low,25.44,-68.17729760735344,-68.20574407425258,-69.68754538370975,0.3276996226917496
low,25.45,-68.17739149410727,-68.20574334709325,-69.6868371570816,0.32660910993721476
low,25.460000000000004,-68.17749052242345,-68.20574807833327,-69.68612954415437,0.3255222261476565
low,25.470000000000002,-68.17759466676696,-68.20575824135904,-69.68542254735875,0.32443895924751215
low,25.480000000000004,-68.17770390170371,-68.20577380966172,-69.68471616910887,0.3233592972013746
low,25.490000000000002,-68.17781820190024,-68.20579475683688,-69.6840104118024,0.32228322801386183
low,25.500000000000004,-68.1779375421233,-68.20582105658411,-69.6833052778206,0.32121073972948355
low,25.51,-68.17806189723953,-68.20585268270659,-69.68260076952839,0.3201418204325099
low,25.52,-68.17819124221508,-68.20588960911078,-69.68189688927446,0.3190764582468394
low,25.53,-68.17832555211514,-68.20593180980593,-69.68119363939124,0.3180146413358684
low,25.540000000000003,-68.17846480210375,-68.20597925890381,-69.6804910221951,0.31695635790235954
low,25.550000000000004,-68.17860896744324,-68.20603193061825,-69.67978903998636,0.3159015961883134
low,25.560000000000002,-68.178758023494,-68.20608979926479,-69.6790876950493,0.31485034447483623
low,25.570000000000004,-68.17891194571405,-68.2061528392603,-69.67838698965238,0.3138025910820119
low,25.580000000000002,-68.17907070965872,-68.20622102512257,-69.67768692604812,0.31275832436877266
low,25.590000000000003,-68.17923429098023,-68.20629433147,-69.67698750647334,0.3117175327327703
low,25.6,-68.17940266542743,-68.20637273302118,-69.6762887331491,0.31068020461024853
low,25.61,-68.17957580884524,-68.2064562045945,-69.6755906082808,0.30964632847591417
low,25.62,-68.17975369717459,-68.20654472110783,-69.67489313405835,0.30861589284281077
low,25.630000000000003,-68.17993630645175,-68.20663825757809,-69.6741963126561,0.30758888626219044
low,25.640000000000004,-68.18012361280823,-68.20673678912097,-69.67350014623295,0.3065652973233891
low,25.650000000000002,-68.18031559247024,-68.20684029095041,-69.67280463693248,0.3055451146536983
low,25.660000000000004,-68.18051222175846,-68.20694873837841,-69.67210978688293,0.3045283269182401
low,25.67,-68.18071347708764,-68.20706210681459,-69.6714155981973,0.3035149228198424
low,25.68,-68.18091933496622,-68.20718037176574,-69.67072207297342,0.302504891098913
low,25.69,-68.18112977199604,-68.20730350883561,-69.67002921329403,0.30149822053331543
low,25.7,-68.18134476487195,-68.20743149372444,-69.66933702122681,0.3004948999382448
low,25.710000000000004,-68.18156429038152,-68.20756430222866,-69.6686454988245,0.29949491816610374
low,25.720000000000002,-68.18178832540457,-68.20770191024047,-69.66795464812488,0.29849826410637986
low,25.730000000000004,-68.18201684691299,-68.20784429374758,-69.66726447115092,0.2975049266855213
low,25.740000000000002,-68.18224983197028,-68.20799142883277,-69.6665749699108,0.2965148948668152
low,25.750000000000004,-68.18248725773127,-68.20814329167354,-69.665886146398,0.29552815765026513
low,25.76,-68.1827291014417,-68.20829985854179,-69.66519800259132,0.29454470407246935
low,25.77,-68.18297534043802,-68.2084611058035,-69.66451054045501,0.2935645232064995
low,25.78,-68.18322595214688,-68.20862700991827,-69.66382376193874,0.2925876041617793
low,25.79,-68.183480914085,-68.2087975474391,-69.66313766897778,0.2916139360839642
low,25.800000000000004,-68.18374020385859,-68.20897269501197,-69.66245226349295,0.29064350815482054
low,25.810000000000002,-68.18400379916322,-68.20915242937548,-69.66176754739077,0.28967630959210716
low,25.820000000000004,-68.18427167778339,-68.20933672736052,-69.66108352256347,0.288712329649454
low,25.830000000000002,-68.18454381759224,-68.20952556589,-69.66040019088909,0.2877515576162444
low,25.840000000000003,-68.1848201965512,-68.20971892197839,-69.6597175542315,0.2867939828174955
low,25.85,-68.18510079270962,-68.20991677273145,-69.65903561444051,0.2858395946137409
low,25.86,-68.18538558420454,-68.21011909534586,-69.6583543733519,0.28488838240091197
low,25.87,-68.18567454926028,-68.21032586710893,-69.65767383278745,0.2839403356102204
low,25.880000000000003,-68.18596766618813,-68.21053706539819,-69.6569939945551,0.2829954437080413
low,25.890000000000004,-68.1862649133861,-68.2107526676811,-69.65631486044887,0.2820536961957969
low,25.900000000000002,-68.18656626933843,-68.21097265151472,-69.65563643224912,0.2811150826098387
low,25.910000000000004,-68.18687171261548,-68.21119699454538,-69.65495871172237,0.28017959252133284
low,25.92,-68.18718122187332,-68.2114256745083,-69.65428170062157,0.2792472155361436
low,25.930000000000003,-68.18749477585325,-68.21165866922729,-69.653605400686,0.2783179412947189
low,25.94,-68.18781235338177,-68.21189595661446,-69.65292981364146,0.2773917594719747
low,25.95,-68.18813393337007,-68.21213751466978,-69.65225494120024,0.27646865977718094
low,25.96,-68.18845949481377,-68.21238332148089,-69.65158078506121,0.27554863195384727
low,25.970000000000002,-68.1887890167926,-68.21263335522269,-69.65090734690992,0.27463166577960907
low,25.980000000000004,-68.18912247847008,-68.21288759415704,-69.65023462841854,0.27371775106611496
low,25.990000000000002,-68.18945985909326,-68.21314601663242,-69.6495626312461,0.2728068776589126
low,26.000000000000004,-68.18980113799232,-68.21340860108361,-69.64889135703834,0.2718990354373365
low,26.01,-68.19014629458032,-68.21367532603139,-69.64822080742793,0.27099421431439574
low,26.020000000000003,-68.19049530835285,-68.21394617008221,-69.6475509840345,0.2700924042366627
low,26.03,-68.1908481588878,-68.21422111192784,-69.6468818884646,0.2691935951841602
low,26.04,-68.19120482584499,-68.21450013034513,-69.64621352231188,0.2682977771702518
low,26.050000000000004,-68.19156528896592,-68.21478320419563,-69.64554588715707,0.2674049402415294
low,26.060000000000002,-68.1919295280733,-68.21507031242521,-69.64487898456808,0.2665150744777049
low,26.070000000000004,-68.19229752307098,-68.21536143406392,-69.64421281610004,0.26562816999149785
low,26.080000000000002,-68.1926692539435,-68.21565654822557,-69.6435473832953,0.26474421692852723
low,26.090000000000003,-68.19304470075585,-68.21595563410736,-69.64288268768362,0.26386320546720127
low,26.1,-68.19342384365315,-68.21625867098972,-69.6422187307821,0.2629851258186093
low,26.110000000000003,-68.19380666286033,-68.21656563823588,-69.64155551409533,0.2621099682264122
low,26.12,-68.19419313868185,-68.2168765152916,-69.64089303911534,0.2612377229667349
low,26.13,-68.19458325150148,-68.21719128168488,-69.64023130732176,0.2603683803480578
low,26.140000000000004,-68.19497698178186,-68.21750991702562,-69.63957032018179,0.25950193071110944
low,26.150000000000002,-68.19537431006428,-68.21783240100534,-69.63891007915035,0.25863836442876015
low,26.160000000000004,-68.19577521696841,-68.21815871339687,-69.63825058567002,0.2577776719059133
low,26.17,-68.19617968319203,-68.21848883405406,-69.63759184117121,0.2569198435794007
low,26.180000000000003,-68.19658768951057,-68.21882274291143,-69.63693384707214,0.2560648699178749
low,26.19,-68.19699921677707,-68.21916041998394,-69.63627660477891,0.2552127414217048
low,26.200000000000003,-68.19741424592172,-68.21950184536664,-69.63562011568557,0.2543634486228689
low,26.21,-68.19783275795162,-68.21984699923439,-69.63496438117414,0.25351698208485157
low,26.220000000000002,-68.19825473395045,-68.22019586184156,-69.63430940261469,0.25267333240253614
low,26.230000000000004,-68.19868015507834,-68.22054841352174,-69.63365518136544,0.2518324902021038
low,26.240000000000002,-68.19910900257133,-68.22090463468743,-69.63300171877269,0.25099444614092586
low,26.250000000000004,-68.19954125774134,-68.22126450582974,-69.63234901617099,0.25015919090746275
low,26.26,-68.19997690197572,-68.22162800751816,-69.63169707488315,0.24932671522115893
low,26.270000000000003,-68.20041591673701,-68.22199512040017,-69.63104589622026,0.24849700983234124
low,26.28,-68.20085828356278,-68.22236582520104,-69.6303954814818,0.24767006552211487
low,26.29,-68.20130398406512,-68.22274010272349,-69.62974583195569,0.24684587310226214
low,26.3,-68.20175299993058,-68.22311793384739,-69.62909694891826,0.24602442341513953
low,26.310000000000002,-68.20220531291974,-68.22349929952954,-69.62844883363441,0.24520570733357652
low,26.320000000000004,-68.20266090486702,-68.22388418080327,-69.62780148735757,0.24438971576077487
low,26.330000000000002,-68.2031197576804,-68.22427255877834,-69.62715491132984,0.2435764396302058
low,26.340000000000003,-68.2035818533411,-68.22466441464042,-69.62650910678197,0.24276586990551113
low,26.35,-68.20404717390335,-68.22505972965097,-69.6258640749334,0.24195799758040185
low,26.360000000000003,-68.20451570149409,-68.22545848514696,-69.62521981699243,0.24115281367855862
low,26.37,-68.20498741831273,-68.2258606625405,-69.62457633415615,0.24035030925353174
low,26.38,-68.20546230663084,-68.22626624331859,-69.62393362761047,0.23955047538864208
low,26.390000000000004,-68.20594034879191,-68.22667520904291,-69.6232916985303,0.23875330319688198
low,26.400000000000002,-68.20642152721108,-68.22708754134945,-69.6226505480795,0.2379587838208169
low,26.410000000000004,-68.20690582437486,-68.22750322194825,-69.62201017741097,0.23716690843248597
low,26.42,-68.20739322284088,-68.22792223262323,-69.62137058766669,0.23637766823330508
low,26.430000000000003,-68.20788370523759,-68.2283445552317,-69.62073177997775,0.23559105445396858
low,26.44,-68.20837725426406,-68.22877017170437,-69.6200937554644,0.23480705835435217
low,26.450000000000003,-68.20887385268969,-68.2291990640448,-69.61945651523617,0.23402567122341544
low,26.46,-68.20937348335383,-68.2296312143293,-69.61882006039183,0.2332468843791059
low,26.47,-68.20987612916582,-68.23006660470665,-69.61818439201946,0.2324706891682614
low,26.480000000000004,-68.21038177310434,-68.23050521739773,-69.61754951119654,0.23169707696651484
low,26.490000000000002,-68.21089039821747,-68.23094703469533,-69.61691541898998,0.2309260391781989
low,26.500000000000004,-68.21140198762224,-68.23139203896388,-69.61628211645609,0.23015756723624875
low,26.51,-68.21191652450446,-68.23184021263914,-69.6156496046408,0.22939165260210878
low,26.520000000000003,-68.21243399211849,-68.23229153822801,-69.6150178845795,0.22862828676563657
low,26.53,-68.2129543737869,-68.23274599830822,-69.61438695729727,0.2278674612450089
low,26.540000000000003,-68.21347765290027,-68.233203575528,-69.61375682380881,0.22710916758662758
low,26.55,-68.2140038129169,-68.23366425260593,-69.61312748511854,0.2263533973650251
low,26.560000000000002,-68.21453283736258,-68.23412801233064,-69.61249894222063,0.2256001421827713
low,26.570000000000004,-68.21506470983039,-68.23459483756052,-69.61187119609903,0.22484939367038081
low,26.580000000000002,-68.21559941398031,-68.23506471122346,-69.61124424772757,0.22410114348621846
low,26.590000000000003,-68.21613693353915,-68.23553761631663,-69.61061809806993,0.22335538331640814
low,26.6,-68.21667725230013,-68.23601353590624,-69.6099927480798,0.22261210487473948
low,26.610000000000003,-68.21722035412276,-68.23649245312717,-69.60936819870079,0.2218712999025766
low,26.62,-68.21776622293253,-68.23697435118285,-69.60874445086661,0.22113296016876555
low,26.630000000000003,-68.21831484272063,-68.2374592133449,-69.60812150550095,0.22039707746954357
low,26.64,-68.21886619754389,-68.23794702295301,-69.60749936351769,0.21966364362844745
low,26.650000000000002,-68.21942027152423,-68.23843776341445,-69.6068780258209,0.21893265049622293
low,26.660000000000004,-68.21997704884866,-68.23893141820409,-69.6062574933048,0.2182040899507346
low,26.67,-68.220536513769,-68.23942797086396,-69.60563776685389,0.21747795389687485
low,26.680000000000003,-68.22109865060155,-68.23992740500309,-69.60501884734299,0.21675423426647417
low,26.69,-68.2216634437269,-68.24042970429723,-69.60440073563728,0.21603292301821214
low,26.700000000000003,-68.22223087758971,-68.24093485248856,-69.60378343259231,0.2153140121375271
low,26.71,-68.22280093669843,-68.24144283338558,-69.60316693905405,0.21459749363652822
low,26.720000000000002,-68.22337360562511,-68.2419536308627,-69.60255125585901,0.21388335955390572
low,26.730000000000004,-68.2239488690051,-68.24246722886004,-69.60193638383417,0.21317160195484303
low,26.740000000000002,-68.2245267115369,-68.2429836113833,-69.6013223237971,0.21246221293092907
low,26.750000000000004,-68.2251071179818,-68.24350276250335,-69.600709076556,0.21175518460006904
low,26.76,-68.22569007316382,-68.24402466635608,-69.60009664290966,0.21105050910639817
low,26.770000000000003,-68.22627556196927,-68.24454930714218,-69.59948502364767,0.21034817862019348
low,26.78,-68.2268635693467,-68.24507666912679,-69.5988742195503,0.2096481853377879
low,26.790000000000003,-68.22745408030654,-68.24560673663935,-69.59826423138863,0.20895052148148222
low,26.8,-68.22804707992096,-68.24613949407338,-69.59765505992453,0.20825517929946
low,26.810000000000002,-68.22864255332355,-68.24667492588615,-69.59704670591083,0.2075621510657003
low,26.820000000000004,-68.22924048570918,-68.24721301659852,-69.59643917009116,0.2068714290798927
low,26.830000000000002,-68.22984086233369,-68.24775375079463,-69.5958324532002,0.20618300566735165
low,26.840000000000003,-68.23044366851376,-68.24829711312178,-69.59522655596356,0.20549687317893073
low,26.85,-68.23104888962662,-68.24884308829007,-69.59462147909795,0.2048130239909377
low,26.860000000000003,-68.23165651110976,-68.24939166107225,-69.59401722331113,0.20413145050505055
low,26.87,-68.23226651846086,-68.24994281630342,-69.59341378930199,0.2034521451482321
low,26.880000000000003,-68.23287889723738,-68.25049653888085,-69.59281117776058,0.2027751003726467
low,26.89,-68.23349363305655,-68.25105281376375,-69.59220938936816,0.20210030865557577
low,26.900000000000002,-68.23411071159498,-68.25161162597297,-69.59160842479727,0.20142776249933447
low,26.910000000000004,-68.23473011858846,-68.25217296059087,-69.59100828471169,0.20075745443118892
low,26.92,-68.23535183983182,-68.25273680276102,-69.59040896976659,0.20008937700327187
low,26.930000000000003,-68.23597586117862,-68.253303137688,-69.58981048060843,0.1994235227925013
low,26.94,-68.23660216854104,-68.25387195063713,-69.58921281787515,0.19875988440049702
low,26.950000000000003,-68.23723074788947,-68.25444322693433,-69.58861598219612,0.1980984544534992
low,26.96,-68.23786158525252,-68.2550169519658,-69.5880199741922,0.1974392256022857
low,26.970000000000002,-68.23849466671668,-68.25559311117786,-69.5874247944758,0.19678219052209125
low,26.98,-68.2391299784261,-68.25617169007671,-69.58683044365085,0.19612734191252518
low,26.990000000000002,-68.23976750658237,-68.25675267422817,-69.58623692231299,0.19547467249749093
low,27.000000000000004,-68.24040723744437,-68.25733604925749,-69.58564423104939,0.19482417502510535
low,27.01,-68.24104915732799,-68.25792180084913,-69.585052370439,0.1941758422676176
low,27.020000000000003,-68.24169325260598,-68.25850991474657,-69.58446134105249,0.19352966702132882
low,27.03,-68.24233950970763,-68.25910037675197,-69.58387114345227,0.19288564210651268
low,27.040000000000003,-68.2429879151187,-68.25969317272613,-69.58328177819259,0.192243760367335
low,27.05,-68.2436384553811,-68.26028828858811,-69.58269324581951,0.19160401467177487
low,27.060000000000002,-68.2442911170927,-68.26088571031508,-69.58210554687102,0.19096639791154466
low,27.070000000000004,-68.24494588690716,-68.26148542394213,-69.58151868187701,0.19033090300201158
low,27.080000000000002,-68.24560275153371,-68.26208741556201,-69.58093265135932,0.18969752288211936
low,27.090000000000003,-68.24626169773694,-68.26269167132493,-69.58034745583183,0.18906625051430845
low,27.1,-68.24692271233656,-68.26329817743834,-69.57976309580042,0.18843707888443917
low,27.110000000000003,-68.24758578220717,-68.26390692016673,-69.57917957176308,0.18781000100171294
low,27.12,-68.24825089427823,-68.26451788583141,-69.57859688420987,0.1871850098985953
low,27.130000000000003,-68.24891803553358,-68.26513106081025,-69.5780150336231,0.1865620986307377
low,27.14,-68.24958719301148,-68.26574643153758,-69.57743402047717,0.1859412602769011
low,27.150000000000002,-68.2502583538043,-68.2663639845039,-69.57685384523873,0.18532248793887876
low,27.160000000000004,-68.2509315050583,-68.26698370625563,-69.57627450836675,0.18470577474141905
low,27.17,-68.25160663397344,-68.267605583395,-69.57569601031243,0.18409111383215046
low,27.180000000000003,-68.25228372780326,-68.2682296025798,-69.57511835151934,0.1834784983815041
low,27.19,-68.25296277385455,-68.26885575052313,-69.57454153242342,0.18286792158263804
low,27.200000000000003,-68.25364375948722,-68.26948401399326,-69.57396555345308,0.18225937665136258
low,27.21,-68.25432667211412,-68.2701143798134,-69.57339041502908,0.18165285682606366
low,27.220000000000002,-68.25501149920083,-68.2707468348615,-69.57281611756474,0.18104835536762887
low,27.23,-68.25569822826544,-68.27138136606996,-69.57224266146588,0.18044586555937153
low,27.240000000000006,-68.25638684687827,-68.27201796042557,-69.57167004713085,0.17984538070695671
low,27.250000000000004,-68.25707734266194,-68.27265660496924,-69.57109827495064,0.17924689413832728
low,27.26,-68.25776970329086,-68.27329728679577,-69.57052734530885,0.1786503992036283
low,27.270000000000003,-68.25846391649124,-68.27393999305367,-69.56995725858174,0.1780558892751347
low,27.28,-68.25915997004081,-68.27458471094499,-69.56938801513826,0.17746335774717648
low,27.290000000000003,-68.25985785176869,-68.2752314277251,-69.56881961534013,0.1768727980360662
low,27.3,-68.26055754955507,-68.2758801307024,-69.56825205954183,0.1762842035800254
low,27.310000000000002,-68.26125905133121,-68.2765308072383,-69.5676853480906,0.1756975678391114
low,27.32,-68.26196234507907,-68.2771834447469,-69.56711948132659,0.1751128842951455
low,27.330000000000002,-68.2626674188312,-68.27783803069477,-69.56655445958278,0.17453014645163942
low,27.340000000000003,-68.26337426067064,-68.27849455260089,-69.56599028318509,0.17394934783372443
low,27.35,-68.26408285873046,-68.2791529980363,-69.56542695245234,0.17337048198807822
low,27.360000000000003,-68.26479320119394,-68.27981335462401,-69.56486446769638,0.1727935424828538
low,27.37,-68.26550527629401,-68.2804756100387,-69.56430282922207,0.17221852290760803
low,27.380000000000003,-68.26621907231338,-68.28113975200671,-69.56374203732729,0.17164541687323004
low,27.39,-68.26693457758417,-68.28180576830563,-69.56318209230301,0.17107421801187078
low,27.400000000000002,-68.26765178048771,-68.28247364676423,-69.56262299443331,0.1705049199768718
low,27.410000000000004,-68.26837066945453,-68.2831433752623,-69.56206474399546,0.16993751644269486
low,27.42,-68.26909123296396,-68.28381494173033,-69.56150734125987,0.1693720011048521
low,27.430000000000003,-68.26981345954414,-68.28448833414946,-69.56095078649017,0.16880836767983523
low,27.44,-68.27053733777166,-68.2851635405512,-69.56039507994323,0.168246609905046
low,27.450000000000003,-68.27126285627149,-68.28584054901725,-69.55984022186925,0.16768672153872705
low,27.46,-68.27199000371681,-68.28651934767935,-69.55928621251172,0.16712869635989178
low,27.470000000000002,-68.27271876882874,-68.28719992471908,-69.55873305210747,0.16657252816825605
low,27.48,-68.27344914037623,-68.28788226836764,-69.55818074088671,0.1660182107841686
low,27.490000000000002,-68.27418110717585,-68.28856636690571,-69.5576292790731,0.16546573804854284
low,27.500000000000004,-68.27491465809166,-68.28925220866324,-69.5570786668837,0.16491510382278804
low,27.51,-68.27564978203495,-68.28993978201927,-69.55652890452907,0.16436630198874183
low,27.520000000000003,-68.27638646796409,-68.29062907540174,-69.55597999221327,0.1638193264486013
low,27.53,-68.27712470488447,-68.29132007728732,-69.55543193013395,0.1632741711248557
low,27.540000000000003,-68.27786448184811,-68.29201277620122,-69.55488471848227,0.16273082996021915
low,27.55,-68.27860578795365,-68.29270716071699,-69.55433835744304,0.16218929691756273
low,27.560000000000002,-68.2793486123461,-68.29340321945635,-69.5537928471947,0.16164956597984806
low,27.57,-68.2800929442167,-68.29410094108908,-69.55324818790936,0.16111163115005994
low,27.580000000000005,-68.28083877280275,-68.29480031433269,-69.55270437975285,0.1605754864511399
low,27.590000000000003,-68.2815860873874,-68.29550132795238,-69.55216142288468,0.1600411259259202
low,27.6,-68.28233487729948,-68.29620397076079,-69.5516193174582,0.1595085436370568
low,27.610000000000003,-68.28308513191338,-68.29690823161783,-69.55107806362051,0.15897773366696394
low,27.62,-68.28383684064882,-68.29761409943055,-69.55053766151252,0.1584486901177484
low,27.630000000000003,-68.28458999297074,-68.29832156315288,-69.54999811126903,0.15792140711114366
low,27.64,-68.28534457838906,-68.29903061178551,-69.54945941301877,0.15739587878844505
low,27.650000000000002,-68.28610058645852,-68.2997412343757,-69.54892156688429,0.15687209931044402
low,27.66,-68.28685800677864,-68.30045342001715,-69.54838457298219,0.15635006285736405
low,27.670000000000005,-68.2876168289933,-68.30116715784972,-69.54784843142295,0.15582976362879508
low,27.680000000000003,-68.28837704279088,-68.30188243705938,-69.54731314231118,0.1553111958436301
low,27.69,-68.2891386379038,-68.30259924687795,-69.54677870574541,0.15479435373999997
low,27.700000000000003,-68.28990160410852,-68.30331757658293,-69.54624512181833,0.15427923157520984
low,27.71,-68.29066593122542,-68.30403741549739,-69.54571239061669,0.15376582362567542
low,27.720000000000002,-68.29143160911846,-68.30475875298976,-69.54518051222139,0.153254124186859
low,27.73,-68.29219862769514,-68.30548157847366,-69.5446494867075,0.1527441275732067
low,27.740000000000002,-68.29296697690633,-68.30620588140769,-69.54411931414423,0.15223582811808453
low,27.750000000000004,-68.29373664674607,-68.30693165129539,-69.54358999459505,0.15172922017371598
low,27.760000000000005,-68.29450762725138,-68.30765887768487,-69.54306152811768,0.15122429811111934
low,27.770000000000003,-68.29527990850225,-68.30838755016889,-69.54253391476412,0.15072105632004476
low,27.78,-68.29605348062125,-68.30911765838448,-69.54200715458065,0.15021948920891173
low,27.790000000000003,-68.29682833377355,-68.30984919201282,-69.54148124760789,0.14971959120474787
low,27.8,-68.29760445816669,-68.31058214077918,-69.54095619388087,0.14922135675312595
low,27.810000000000002,-68.29838184405038,-68.31131649445263,-69.54043199342898,0.1487247803181031
low,27.82,-68.29916048171646,-68.31205224284597,-69.53990864627602,0.14822985638215838
low,27.830000000000002,-68.29994036149861,-68.31278937581546,-69.53938615244027,0.14773657944613242
low,27.840000000000003,-68.3007214737723,-68.31352788326079,-69.53886451193449,0.14724494402916538
low,27.850000000000005,-68.30150380895452,-68.31426775512477,-69.53834372476588,0.14675494466863712
low,27.860000000000003,-68.30228735750379,-68.31500898139333,-69.53782379093627,0.14626657592010547
low,27.87,-68.30307210991974,-68.3157515520952,-69.53730471044203,0.14577983235724626
low,27.880000000000003,-68.30385805674328,-68.31649545730183,-69.53678648327408,0.14529470857179305
low,27.89,-68.30464518855621,-68.31724068712724,-69.53626910941803,0.14481119917347668
low,27.900000000000002,-68.30543349598109,-68.31798723172783,-69.53575258885404,0.14432929878996592
low,27.91,-68.30622296968116,-68.3187350813022,-69.53523692155704,0.14384900206680745
low,27.920000000000005,-68.3070136003602,-68.31948422609103,-69.5347221074966,0.1433703036673661
low,27.930000000000003,-68.30780537876228,-68.32023465637695,-69.53420814663707,0.14289319827276642
low,27.94,-68.30859829567171,-68.32098636248433,-69.5336950389375,0.14241768058183255
low,27.950000000000003,-68.3093923419128,-68.32173933477911,-69.5331827843518,0.1419437453110299
low,27.96,-68.31018750834974,-68.32249356366867,-69.53267138282862,0.14147138719440644
low,27.970000000000002,-68.31098378588648,-68.32324903960166,-69.5321608343115,0.14100060098353395
low,27.98,-68.31178116546657,-68.32400575306791,-69.53165113873881,0.14053138144745
low,27.990000000000002,-68.31257963807295,-68.32476369459816,-69.53114229604383,0.14006372337259945
low,28.0,-68.31337919472791,-68.32552285476403,-69.53063430615474,0.13959762156277697
low,28.010000000000005,-68.31417982649285,-68.32628322417776,-69.5301271689947,0.13913307083906873
low,28.020000000000003,-68.31498152446812,-68.32704479349209,-69.5296208844818,0.13867006603979573
low,28.03,-68.31578427979298,-68.32780755340016,-69.52911545252921,0.1382086020204556
low,28.040000000000003,-68.31658808364536,-68.32857149463528,-69.52861087304501,0.13774867365366558
low,28.05,-68.31739292724174,-68.32933660797084,-69.52810714593242,0.13729027582910608
low,28.060000000000002,-68.318198801837,-68.33010288422011,-69.52760427108969,0.13683340345346334
low,28.07,-68.31900569872428,-68.33087031423611,-69.52710224841019,0.13637805145037307
low,28.080000000000002,-68.31981360923487,-68.33163888891148,-69.52660107778242,0.13592421476036412
low,28.090000000000003,-68.32062252473794,-68.33240859917831,-69.52610075909001,0.1354718883408018
low,28.100000000000005,-68.32143243664062,-68.33317943600795,-69.52560129221183,0.13502106716583287
low,28.110000000000003,-68.32224333638759,-68.33395139041099,-69.52510267702189,0.1345717462263286
low,28.12,-68.32305521546112,-68.33472445343692,-69.52460491338948,0.13412392052982938
low,28.130000000000003,-68.32386806538095,-68.3354986161742,-69.5241080011791,0.13367758510048997
low,28.14,-68.32468187770395,-68.33627386974992,-69.52361194025056,0.13323273497902305
low,28.150000000000002,-68.32549664402418,-68.33705020532975,-69.52311673045898,0.1327893652226453
low,28.16,-68.32631235597268,-68.33782761411781,-69.52262237165479,0.13234747090502152
low,28.17,-68.32712900521732,-68.33860608735651,-69.5221288636838,0.13190704711621046
low,28.180000000000003,-68.32794658346259,-68.33938561632631,-69.5216362063872,0.1314680889626098
low,28.190000000000005,-68.32876508244964,-68.34016619234573,-69.52114439960154,0.13103059156690278
low,28.200000000000003,-68.32958449395598,-68.34094780677111,-69.52065344315886,0.1305945500680025
low,28.21,-68.3304048097954,-68.34173045099648,-69.52016333688663,0.13015995962099922
low,28.220000000000002,-68.33122602181786,-68.34251411645346,-69.5196740806078,0.12972681539710562
low,28.23,-68.3320481219093,-68.34329879461103,-69.51918567414084,0.12929511258360393
low,28.240000000000002,-68.33287110199153,-68.34408447697548,-69.51869811729969,0.12886484638379173
low,28.25,-68.33369495402206,-68.34487115509025,-69.51821140989392,0.1284360120169292
low,28.260000000000005,-68.33451966999407,-68.34565882053573,-69.51772555172862,0.12800860471818556
low,28.270000000000003,-68.33534524193612,-68.34644746492917,-69.51724054260451,0.12758261973858676
low,28.280000000000005,-68.33617166191216,-68.34723707992455,-69.51675638231791,0.127158052344962
low,28.290000000000003,-68.3369989220213,-68.34802765721244,-69.51627307066082,0.1267348978198914
low,28.3,-68.33782701439767,-68.3488191885198,-69.51579060742087,0.1263131514616538
low,28.310000000000002,-68.33865593121043,-68.3496116656099,-69.51530899238142,0.12589280858417423
low,28.32,-68.33948566466339,-68.35040508028219,-69.51482822532152,0.12547386451697215
low,28.330000000000002,-68.34031620699513,-68.3511994243721,-69.51434830601598,0.12505631460510908
low,28.34,-68.34114755047871,-68.351994689751,-69.51386923423536,0.12464015420913742
low,28.350000000000005,-68.34197968742158,-68.35279086832597,-69.51339100974603,0.12422537870504832
low,28.360000000000003,-68.34281261016554,-68.35358795203973,-69.51291363231014,0.12381198348422129
low,28.370000000000005,-68.34364631108637,-68.35438593287047,-69.5124371016857,0.1233999639533716
low,28.380000000000003,-68.34448078259396,-68.35518480283169,-69.51196141762657,0.12298931553450045
low,28.39,-68.3453160171321,-68.35598455397216,-69.51148657988246,0.12258003366484331
low,28.400000000000002,-68.34615200717822,-68.35678517837569,-69.51101258819904,0.1221721137968198
low,28.41,-68.34698874524346,-68.35758666816103,-69.51053944231785,0.1217655513979827
low,28.42,-68.3478262238724,-68.35838901548178,-69.51006714197639,0.121360341950968
low,28.430000000000003,-68.34866443564302,-68.35919221252615,-69.50959568690817,0.12095648095344418
low,28.440000000000005,-68.34950337316648,-68.35999625151696,-69.50912507684264,0.12055396391806297
low,28.450000000000003,-68.35034302908713,-68.36080112471143,-69.50865531150525,0.12015278637240871
low,28.460000000000004,-68.35118339608223,-68.36160682440108,-69.50818639061758,0.11975294385894895
low,28.470000000000002,-68.3520244668619,-68.36241334291152,-69.50771831389716,0.11935443193498514
low,28.48,-68.35286623416904,-68.36322067260247,-69.50725108105765,0.11895724617260278
low,28.490000000000002,-68.35370869077913,-68.36402880586748,-69.50678469180883,0.11856138215862289
low,28.5,-68.35455182950012,-68.3648377351339,-69.50631914585658,0.11816683549455219
low,28.51,-68.35539564317233,-68.36564745286273,-69.5058544429029,0.11777360179653494
low,28.520000000000003,-68.35624012466833,-68.36645795154845,-69.505390582646,0.11738167669530372
low,28.530000000000005,-68.35708526689275,-68.36726922371895,-69.50492756478026,0.1169910558361314
low,28.540000000000003,-68.35793106278227,-68.36808126193536,-69.50446538899627,0.1166017348787821
low,28.55,-68.3587775053054,-68.36889405879194,-69.50400405498085,0.11621370949746346
low,28.560000000000002,-68.35962458746243,-68.36970760691598,-69.50354356241708,0.11582697538077831
low,28.57,-68.36047230228522,-68.3705218989676,-69.5030839109843,0.1154415282316771
low,28.580000000000002,-68.36132064283716,-68.37133692763972,-69.50262510035815,0.11505736376740963
low,28.59,-68.36216960221307,-68.37215268565788,-69.50216713021058,0.11467447771947806
low,28.600000000000005,-68.36301917353894,-68.3729691657801,-69.50171000020991,0.11429286583358889
low,28.610000000000003,-68.363869349972,-68.37378636079681,-69.50125371002078,0.11391252386960635
low,28.620000000000005,-68.36472012470043,-68.37460426353068,-69.5007982593042,0.11353344760150469
low,28.630000000000003,-68.36557149094334,-68.37542286683654,-69.50034364771763,0.11315563281732145
low,28.64,-68.36642344195062,-68.37624216360116,-69.49988987491489,0.11277907531911076
low,28.650000000000002,-68.36727597100285,-68.37706214674328,-69.49943694054627,0.1124037709228965
low,28.66,-68.36812907141116,-68.3778828092134,-69.49898484425853,0.11202971545862601
low,28.67,-68.3689827365171,-68.37870414399362,-69.49853358569487,0.11165690477012372
low,28.68,-68.36983695969255,-68.37952614409762,-69.49808316449504,0.1112853347150447
low,28.690000000000005,-68.37069173433959,-68.38034880257044,-69.49763358029527,0.11091500116482897
low,28.700000000000003,-68.3715470538904,-68.38117211248846,-69.49718483272837,0.11054590000465571
low,28.710000000000004,-68.37240291180709,-68.38199606695916,-69.49673692142365,0.11017802713339701
low,28.720000000000002,-68.3732593015817,-68.38282065912114,-69.49628984600707,0.10981137846357279
low,28.73,-68.37411621673593,-68.3836458821439,-69.49584360610116,0.10944594992130512
low,28.740000000000002,-68.37497365082118,-68.38447172922771,-69.49539820132505,0.10908173744627322
low,28.75,-68.37583159741831,-68.3852981936036,-69.49495363129452,0.10871873699166798
low,28.76,-68.37669005013761,-68.38612526853316,-69.49450989562204,0.10835694452414739
low,28.770000000000003,-68.37754900261866,-68.38695294730842,-69.49406699391673,0.10799635602379125
low,28.780000000000005,-68.3784084485302,-68.38778122325175,-69.49362492578442,0.10763696748405722
low,28.790000000000003,-68.37926838157007,-68.38861008971578,-69.49318369082764,0.10727877491173549
low,28.800000000000004,-68.38012879546504,-68.38943954008325,-69.49274328864566,0.10692177432690499
low,28.810000000000002,-68.38098968397067,-68.39026956776684,-69.49230371883452,0.10656596176288881
low,28.82,-68.3818510408714,-68.39110016620921,-69.49186498098706,0.10621133326621045
low,28.830000000000002,-68.38271285998013,-68.39193132888272,-69.49142707469284,0.10585788489654958
low,28.84,-68.38357513513836,-68.39276304928939,-69.49098999953831,0.10550561272669853
low,28.85,-68.38443786021594,-68.39359532096078,-69.4905537551067,0.10515451284251837
low,28.860000000000003,-68.3853010291111,-68.39442813745794,-69.4901183409781,0.10480458134289564
low,28.870000000000005,-68.38616463575016,-68.39526149237115,-69.48968375672948,0.10445581433969922
low,28.880000000000003,-68.38702867408757,-68.39609537931995,-69.4892500019347,0.10410820795773641
low,28.890000000000004,-68.38789313810572,-68.39692979195291,-69.48881707616452,0.1037617583347106
low,28.900000000000002,-68.38875802181488,-68.39776472394767,-69.48838497898664,0.1034164616211779
low,28.91,-68.38962331925305,-68.39860016901068,-69.48795370996568,0.1030723139805047
low,28.92,-68.39048902448592,-68.39943612087717,-69.48752326866322,0.10272931158882471
low,28.93,-68.39135513160666,-68.40027257331099,-69.48709365463785,0.10238745063499682
low,28.940000000000005,-68.39222163473593,-68.40110952010454,-69.4866648674451,0.10204672732056225
low,28.950000000000003,-68.39308852802169,-68.40194695507869,-69.48623690663759,0.10170713785970324
low,28.960000000000004,-68.39395580563915,-68.40278487208259,-69.48580977176492,0.10136867847919988
low,28.970000000000002,-68.39482346179054,-68.4036232649936,-69.48538346237376,0.10103134541838898
low,28.980000000000004,-68.39569149070525,-68.40446212771718,-69.48495797800787,0.10069513492912187
low,28.990000000000002,-68.3965598866395,-68.40530145418684,-69.48453331820807,0.10036004327572308
low,29.0,-68.39742864387631,-68.40614123836392,-69.48410948251227,0.1000260667349485
low,29.01,-68.39829775672541,-68.40698147423753,-69.48368647045555,0.09969320159594433
low,29.02,-68.39916721952318,-68.40782215582453,-69.48326428157009,0.09936144416020554
low,29.030000000000005,-68.40003702663242,-68.40866327716927,-69.48284291538526,0.09903079074153492
low,29.040000000000003,-68.40090717244234,-68.4095048323436,-69.48242237142757,0.09870123766600242
low,29.050000000000004,-68.40177765136853,-68.41034681544676,-69.48200264922075,0.09837278127190366
low,29.060000000000002,-68.40264845785268,-68.41118922060517,-69.48158374828574,0.09804541790971986
low,29.070000000000004,-68.40351958636258,-68.41203204197244,-69.48116566814068,0.09771914394207686
low,29.080000000000002,-68.40439103139201,-68.41287527372918,-69.480748408301,0.09739395574370512
low,29.09,-68.40526278746069,-68.41371891008303,-69.48033196827936,0.097069849701399
low,29.1,-68.4061348491141,-68.41456294526837,-69.47991634758567,0.09674682221397697
low,29.110000000000003,-68.40700721092335,-68.41540737354637,-69.4795015457272,0.09642486969224123
low,29.120000000000005,-68.40787986748524,-68.41625218920478,-69.47908756220849,0.09610398855893859
low,29.130000000000003,-68.40875281342203,-68.41709738655796,-69.47867439653142,0.09578417524871957
low,29.140000000000004,-68.40962604338132,-68.41794295994657,-69.47826204819522,0.0954654262080998
low,29.150000000000002,-68.41049955203607,-68.41878890373773,-69.47785051669649,0.09514773789541986
low,29.16,-68.41137333408443,-68.41963521232469,-69.47743980152914,0.09483110678080646
low,29.17,-68.41224738424957,-68.42048188012684,-69.4770299021846,0.09451552934613273
low,29.18,-68.41312169727979,-68.42132890158962,-69.4766208181516,0.09420100208497963
low,29.19,-68.41399626794819,-68.42217627118433,-69.47621254891635,0.09388752150259645
low,29.200000000000003,-68.41487109105273,-68.42302398340813,-69.4758050939625,0.09357508411586235
low,29.210000000000004,-68.41574616141607,-68.42387203278392,-69.47539845277117,0.09326368645324783
low,29.220000000000002,-68.41662147388548,-68.42472041386019,-69.47499262482093,0.09295332505477549
low,29.230000000000004,-68.41749702333277,-68.42556912121096,-69.47458760958784,0.09264399647198222
low,29.240000000000002,-68.41837280465417,-68.42641814943565,-69.47418340654552,0.09233569726788052
low,29.25,-68.41924881277023,-68.42726749315905,-69.47378001516505,0.09202842401692062
low,29.26,-68.42012504262576,-68.42811714703116,-69.47337743491508,0.09172217330495197
low,29.27,-68.42100148918968,-68.4289671057271,-69.47297566526184,0.09141694172918585
low,29.280000000000005,-68.421878147455,-68.42981736394701,-69.4725747056691,0.09111272589815707
low,29.290000000000003,-68.42275501243866,-68.43066791641603,-69.47217455559822,0.09080952243168676
low,29.300000000000004,-68.42363207918147,-68.43151875788408,-69.47177521450816,0.09050732796084428
low,29.310000000000002,-68.42450934274801,-68.4323698831258,-69.47137668185553,0.09020613912791027
low,29.320000000000004,-68.42538679822653,-68.43322128694057,-69.47097895709456,0.08990595258633893
low,29.330000000000002,-68.4262644407289,-68.43407296415225,-69.4705820396771,0.08960676500072126
low,29.34,-68.42714226539046,-68.43492490960922,-69.4701859290527,0.0893085730467476
low,29.35,-68.42802026736993,-68.43577711818413,-69.46979062466859,0.08901137341117102
low,29.36,-68.42889844184941,-68.43662958477401,-69.46939612596967,0.0887151627917702
low,29.370000000000005,-68.42977678403415,-68.43748230429996,-69.46900243239858,0.08841993789731299
low,29.380000000000003,-68.43065528915257,-68.43833527170727,-69.46860954339566,0.08812569544751991
low,29.390000000000004,-68.43153395245612,-68.43918848196512,-69.46821745839901,0.08783243217302723
low,29.400000000000002,-68.4324127692192,-68.44004193006664,-69.4678261768445,0.08754014481535122
low,29.410000000000004,-68.43329173473911,-68.44089561102876,-69.46743569816574,0.08724883012685145
low,29.42,-68.43417084433587,-68.44174951989211,-69.46704602179415,0.08695848487069507
low,29.43,-68.43505009335219,-68.44260365172093,-69.46665714715888,0.0866691058208208
low,29.44,-68.43592947715341,-68.44345800160302,-69.46626907368703,0.08638068976190279
low,29.450000000000003,-68.43680899112736,-68.44431256464958,-69.4658818008034,0.08609323348931511
low,29.460000000000004,-68.4376886306843,-68.4451673359952,-69.46549532793073,0.08580673380909647
low,29.470000000000002,-68.43856839125684,-68.44602231079767,-69.46510965448955,0.08552118753791395
low,29.480000000000004,-68.43944826829978,-68.446877484238,-69.46472477989832,0.08523659150302837
low,29.490000000000002,-68.44032825729012,-68.44773285152023,-69.46434070357334,0.08495294254225856
low,29.500000000000004,-68.44120835372692,-68.44858840787141,-69.46395742492882,0.08467023750394652
low,29.51,-68.44208855313126,-68.44944414854149,-69.46357494337691,0.08438847324692222
low,29.52,-68.44296885104605,-68.45030006880317,-69.46319325832769,0.08410764664046888
low,29.53,-68.44384924303608,-68.45115616395198,-69.46281236918918,0.08382775456428787
low,29.540000000000003,-68.44472972468786,-68.45201242930597,-69.46243227536733,0.08354879390846436
low,29.550000000000004,-68.44561029160951,-68.45286886020578,-69.46205297626612,0.08327076157343273
low,29.560000000000002,-68.44649093943072,-68.4537254520145,-69.46167447128745,0.08299365446994196
low,29.570000000000004,-68.44737166380271,-68.45458220011761,-69.4612967598313,0.08271746951902129
low,29.580000000000002,-68.44825246039804,-68.45543909992286,-69.46091984129559,0.08244220365194631
low,29.590000000000003,-68.44913332491058,-68.45629614686014,-69.46054371507631,0.08216785381020443
low,29.6,-68.45001425305547,-68.45715333638152,-69.46016838056748,0.08189441694546137
low,29.61,-68.45089524056891,-68.45801066396106,-69.45979383716119,0.08162189001952681
low,29.620000000000005,-68.45177628320826,-68.45886812509475,-69.45942008424755,0.08135027000432103
low,29.630000000000003,-68.45265737675174,-68.45972571530044,-69.45904712121485,0.08107955388184118
low,29.640000000000004,-68.4535385169986,-68.46058343011774,-69.45867494744938,0.08080973864412747
low,29.650000000000002,-68.45441969976879,-68.46144126510794,-69.4583035623356,0.08054082129323004
low,29.660000000000004,-68.45530092090304,-68.46229921585392,-69.45793296525608,0.08027279884117557
low,29.67,-68.45618217626273,-68.46315727796008,-69.45756315559152,0.08000566830993407
low,29.680000000000003,-68.45706346172979,-68.46401544705226,-69.45719413272073,0.0797394267313857
low,29.69,-68.45794477320669,-68.46487371877761,-69.45682589602077,0.07947407114728809
low,29.7,-68.45882610661623,-68.46573208880457,-69.45645844486683,0.07920959860924302
low,29.710000000000004,-68.4597074579016,-68.46659055282275,-69.45609177863227,0.078946006178664
low,29.720000000000002,-68.46058882302619,-68.46744910654284,-69.45572589668868,0.07868329092674366
low,29.730000000000004,-68.46147019797363,-68.46830774569655,-69.45536079840588,0.07842144993442089
low,29.740000000000002,-68.4623515787475,-68.46916646603651,-69.4549964831519,0.07816048029234861
low,29.750000000000004,-68.46323296137157,-68.47002526333624,-69.45463295029302,0.07790037910086148
low,29.76,-68.46411434188946,-68.47088413339,-69.45427019919373,0.07764114346994352
low,29.77,-68.46499571636458,-68.47174307201271,-69.45390822921686,0.07738277051919627
low,29.78,-68.46587708088019,-68.47260207503994,-69.45354703972347,0.07712525737780639
low,29.790000000000003,-68.46675843153925,-68.47346113832774,-69.45318663007295,0.07686860118451412
low,29.800000000000004,-68.46763976446431,-68.47432025775264,-69.45282699962294,0.07661279908758147
low,29.810000000000002,-68.46852107579745,-68.47517942921152,-69.45246814772949,0.07635784824476016
low,29.820000000000004,-68.46940236170028,-68.47603864862154,-69.45211007374685,0.0761037458232605
low,29.830000000000002,-68.47028361835372,-68.47689791192006,-69.45175277702774,0.07585048899971956
low,29.840000000000003,-68.47116484195806,-68.47775721506459,-69.45139625692316,0.07559807496017013
low,29.85,-68.4720460287328,-68.47861655403267,-69.4510405127825,0.07534650090000905
low,29.86,-68.47292717491659,-68.47947592482178,-69.45068554395354,0.07509576402396653
low,29.87,-68.47380827676722,-68.48033532344935,-69.45033134978242,0.07484586154607457
low,29.880000000000003,-68.47468933056139,-68.48119474595258,-69.4499779296137,0.0745967906896364
low,29.890000000000004,-68.47557033259484,-68.48205418838839,-69.44962528279041,0.07434854868719565
low,29.900000000000002,-68.4764512791821,-68.4829136468334,-69.44927340865392,0.07410113278050522
low,29.910000000000004,-68.47733216665654,-68.48377311738378,-69.4489223065441,0.0738545402204969
low,29.92,-68.47821299137017,-68.48463259615522,-69.44857197579927,0.07360876826725084
low,29.930000000000003,-68.47909374969375,-68.48549207928284,-69.44822241575616,0.07336381418996502
low,29.94,-68.47997443801644,-68.48635156292106,-69.44787362575006,0.07311967526692499
low,29.95,-68.48085505274605,-68.48721104324363,-69.44752560511468,0.0728763487854735
low,29.960000000000004,-68.48173559030872,-68.4880705164435,-69.44717835318227,0.0726338320419804
low,29.970000000000002,-68.48261604714895,-68.48892997873268,-69.44683186928356,0.0723921223418129
low,29.980000000000004,-68.48349641972949,-68.48978942634226,-69.44648615274781,0.07215121699930506
low,29.990000000000002,-68.48437670453134,-68.49064885552234,-69.44614120290287,0.0719111133377284
low,30.000000000000004,-68.48525689805362,-68.49150826254186,-69.44579701907504,0.07167180868926194
low,30.01,-68.48613699681346,-68.49236764368861,-69.44545360058927,0.07143330039496276
low,30.020000000000003,-68.48701699734598,-68.49322699526914,-69.44511094676902,0.07119558580473619
low,30.03,-68.48789689620426,-68.49408631360862,-69.44476905693635,0.07095866227730656
low,30.04,-68.48877668995918,-68.4949455950509,-69.44442793041193,0.07072252718018783
low,30.050000000000004,-68.48965637519942,-68.49580483595831,-69.44408756651501,0.07048717788965418
low,30.060000000000002,-68.49053594853135,-68.49666403271165,-69.44374796456344,0.0702526117907112
low,30.070000000000004,-68.49141540657894,-68.49752318171008,-69.44340912387375,0.07001882627706645
low,30.080000000000002,-68.49229474598376,-68.49838227937109,-69.4430710437611,0.06978581875110067
low,30.090000000000003,-68.49317396340483,-68.4992413221304,-69.44273372353919,0.06955358662383898
low,30.1,-68.49405305551868,-68.50010030644192,-69.44239716252054,0.06932212731492197
low,30.110000000000003,-68.49493201901905,-68.50095922877759,-69.44206136001621,0.06909143825257726
low,30.12,-68.49581085061708,-68.50181808562745,-69.44172631533603,0.06886151687359059
low,30.130000000000003,-68.49668954704106,-68.50267687349941,-69.44139202778848,0.06863236062327752
low,30.140000000000004,-68.49756810503648,-68.50353558891933,-69.44105849668077,0.06840396695545536
low,30.150000000000002,-68.49844652136586,-68.50439422843087,-69.44072572131877,0.06817633333241421
low,30.160000000000004,-68.49932479280874,-68.50525278859537,-69.44039370100714,0.06794945722488925
low,30.17,-68.50020291616157,-68.50611126599189,-69.44006243504923,0.06772333611203254
low,30.180000000000003,-68.50108088823777,-68.50696965721707,-69.43973192274714,0.06749796748138491
low,30.19,-68.50195870586748,-68.50782795888512,-69.43940216340178,0.0672733488288482
low,30.200000000000003,-68.5028363658976,-68.50868616762762,-69.43907315631274,0.06704947765865718
low,30.21,-68.5037138651917,-68.50954428009364,-69.43874490077847,0.06682635148335224
low,30.220000000000002,-68.50459120062999,-68.5104022929495,-69.43841739609618,0.06660396782375119
low,30.230000000000004,-68.50546836910917,-68.51126020287879,-69.43809064156187,0.06638232420892237
low,30.240000000000002,-68.50634536754244,-68.51211800658231,-69.43776463647032,0.0661614181761566
low,30.250000000000004,-68.50722219285942,-68.51297570077796,-69.43743938011518,0.0659412472709401
low,30.26,-68.50809884200604,-68.51383328220066,-69.4371148717889,0.06572180904692726
low,30.270000000000003,-68.50897531194454,-68.51469074760236,-69.43679111078283,0.06550310106591328
low,30.28,-68.50985159965336,-68.51554809375189,-69.43646809638707,0.06528512089780732
low,30.290000000000003,-68.5107277021271,-68.51640531743494,-69.43614582789068,0.06506786612060517
low,30.300000000000004,-68.5116036163764,-68.51726241545396,-69.4358243045815,0.0648513343203626
low,30.310000000000002,-68.51247933942797,-68.51811938462814,-69.43550352574633,0.06463552309116863
low,30.320000000000004,-68.51335486832441,-68.51897622179327,-69.43518349067082,0.06442043003511842
low,30.330000000000002,-68.51423020012432,-68.51983292380179,-69.43486419863952,0.06420605276228693
low,30.340000000000003,-68.51510533190199,-68.52068948752259,-69.4345456489359,0.06399238889070226
low,30.35,-68.51598026074763,-68.52154590984104,-69.43422784084235,0.06377943604631914
low,30.360000000000003,-68.51685498376696,-68.52240218765887,-69.4339107736402,0.06356719186299271
low,30.37,-68.51772949808151,-68.52325831789415,-69.4335944466097,0.06335565398245208
low,30.38,-68.51860380082829,-68.52411429748118,-69.43327885903008,0.06314482005427417
low,30.390000000000004,-68.51947788915983,-68.52497012337044,-69.43296401017948,0.06293468773585754
low,30.400000000000002,-68.52035176024417,-68.5258257925286,-69.43264989933508,0.0627252546923966
low,30.410000000000004,-68.52122541126465,-68.52668130193828,-69.43233652577297,0.06251651859685539
low,30.42,-68.52209883942001,-68.5275366485982,-69.43202388876826,0.06230847712994173
low,30.430000000000003,-68.52297204192422,-68.52839182952295,-69.43171198759508,0.06210112798008169
low,30.44,-68.52384501600643,-68.52924684174299,-69.43140082152652,0.06189446884339361
low,30.450000000000003,-68.52471775891101,-68.5301016823046,-69.43109038983474,0.061688497423662836
low,30.46,-68.52559026789734,-68.5309563482698,-69.43078069179089,0.06148321143231583
low,30.470000000000002,-68.52646254023983,-68.53181083671626,-69.43047172666515,0.061278608588395005
low,30.480000000000004,-68.52733457322785,-68.5326651447373,-69.43016349372678,0.061074686618533436
low,30.490000000000002,-68.52820636416574,-68.53351926944178,-69.42985599224409,0.06087144325692932
low,30.500000000000004,-68.52907791037252,-68.53437320795405,-69.42954922148441,0.06066887624532094
low,30.51,-68.52994920918219,-68.53522695741388,-69.4292431807142,0.06046698333296171
low,30.520000000000003,-68.53082025794333,-68.53608051497643,-69.42893786919898,0.060265762276594914
low,30.53,-68.53169105401919,-68.5369338778121,-69.42863328620332,0.060065210840429005
low,30.540000000000003,-68.53256159478772,-68.53778704310663,-69.42832943099097,0.059865326796112575
low,30.55,-68.53343187764128,-68.53864000806085,-69.42802630282475,0.05966610792270981
low,30.560000000000002,-68.53430189998679,-68.53949276989077,-69.42772390096657,0.059467552006675514
low,30.570000000000004,-68.5351716592456,-68.54034532582745,-69.42742222467753,0.05926965684183093
low,30.580000000000002,-68.53604115285343,-68.54119767311694,-69.42712127321782,0.05907242022933882
low,30.590000000000003,-68.53691037826026,-68.54204980902023,-69.42682104584678,0.0588758399776792
low,30.6,-68.53777933293036,-68.5429017308132,-69.42652154182292,0.05867991390262507
low,30.610000000000003,-68.53864801434219,-68.54375343578654,-69.4262227604039,0.05848463982721799
low,30.62,-68.53951641998832,-68.5446049212457,-69.42592470084658,0.05829001558174403
low,30.630000000000003,-68.54038454737547,-68.54545618451087,-69.42562736240696,0.05809603900370954
low,30.640000000000004,-68.54125239402427,-68.5463072229168,-69.42533074434024,0.057902707937817176
low,30.650000000000002,-68.54211995746942,-68.5471580338129,-69.42503484590087,0.0577100202359421
low,30.660000000000004,-68.54298723525949,-68.54800861456309,-69.42473966634242,0.05751797375710785
low,30.67,-68.54385422495687,-68.54885896254572,-69.42444520491773,0.05732656636746261
low,30.680000000000003,-68.54472092413779,-68.54970907515357,-69.42415146087887,0.05713579594025571
low,30.69,-68.5455873303922,-68.5505589497938,-69.42385843347712,0.056945660355813714
low,30.700000000000003,-68.5464534413237,-68.55140858388778,-69.423566121963,0.0567561575015171
low,30.71,-68.5473192545496,-68.5522579748712,-69.4232745255863,0.05656728527177663
low,30.720000000000006,-68.54818476770075,-68.55310712019391,-69.42298364359601,0.05637904156800997
low,30.730000000000004,-68.54904997842148,-68.55395601731985,-69.42269347524048,0.05619142429861863
low,30.740000000000002,-68.54991488436963,-68.55480466372705,-69.42240401976726,0.05600443137896422
low,30.750000000000004,-68.55077948321642,-68.55565305690753,-69.4221152764232,0.05581806073134579
low,30.76,-68.5516437726464,-68.55650119436726,-69.42182724445446,0.055632310284976394
low,30.770000000000003,-68.5525077503575,-68.5573490736261,-69.42153992310647,0.055447177975960306
low,30.78,-68.55337141406083,-68.55819669221776,-69.421253311624,0.05526266174726993
low,30.790000000000003,-68.5542347614807,-68.55904404768972,-69.4209674092511,0.05507875954872307
low,30.8,-68.55509779035457,-68.55989113760322,-69.4206822152312,0.05489546933696009
low,30.810000000000002,-68.555960498433,-68.56073795953311,-69.42039772880696,0.054712789075421105
low,30.820000000000004,-68.55682288347951,-68.5615845110679,-69.42011394922048,0.05453071673432368
low,30.830000000000002,-68.5576849432707,-68.56243078980965,-69.41983087571317,0.054349250290639896
low,30.840000000000003,-68.558546675596,-68.5632767933739,-69.41954850752577,0.054168387728074016
low,30.85,-68.55940807825776,-68.56412251938966,-69.41926684389843,0.05398812703704021
low,30.860000000000003,-68.56026914907117,-68.56496796549935,-69.41898588407064,0.05380846621463999
low,30.87,-68.56112988586415,-68.5658131293587,-69.41870562728127,0.053629403264640226
low,30.880000000000003,-68.56199028647731,-68.56665800863678,-69.41842607276857,0.05345093619745067
low,30.890000000000004,-68.56285034876399,-68.56750260101578,-69.41814721977023,0.05327306303010205
low,30.900000000000002,-68.56371007059009,-68.56834690419122,-69.41786906752328,0.053095781786224136
low,30.910000000000004,-68.5645694498341,-68.56919091587162,-69.4175916152642,0.05291909049602342
low,30.92,-68.56542848438697,-68.57003463377866,-69.41731486222888,0.052742987196261526
low,30.930000000000003,-68.56628717215219,-68.57087805564697,-69.41703880765263,0.05256746993023336
low,30.94,-68.56714551104555,-68.5717211792242,-69.41676345077018,0.0523925367477452
low,30.950000000000003,-68.5680034989953,-68.57256400227087,-69.4164887908157,0.052218185705093276
low,30.96,-68.56886113394187,-68.57340652256038,-69.41621482702286,0.05204441486504196
low,30.970000000000002,-68.56971841383807,-68.57424873787896,-69.4159415586247,0.051871222296802376
low,30.980000000000004,-68.57057533664886,-68.57509064602556,-69.41566898485378,0.05169860607601078
low,30.990000000000002,-68.57143190035133,-68.57593224481185,-69.41539710494214,0.05152656428470751
low,31.000000000000004,-68.57228810293469,-68.57677353206216,-69.41512591812125,0.05135509501131532
low,31.01,-68.57314394240021,-68.57761450561341,-69.4148554236221,0.05118419635061824
low,31.020000000000003,-68.57399941676117,-68.57845516331508,-69.41458562067514,0.05101386640374055
low,31.03,-68.57485452404279,-68.57929550302913,-69.41431650851035,0.050844103278125496
low,31.040000000000003,-68.57570926228216,-68.58013552262999,-69.4140480863572,0.05067490508751442
low,31.05,-68.57656362952832,-68.58097522000445,-69.41378035344466,0.050506269951925635
low,31.060000000000006,-68.57741762384204,-68.58181459305169,-69.41351330900127,0.05033819599763366
low,31.070000000000004,-68.57827124329586,-68.58265363968319,-69.41324695225507,0.05017068135714848
low,31.080000000000002,-68.57912448597403,-68.58349235782259,-69.41298128243359,0.05000372416919456
low,31.090000000000003,-68.57997734997248,-68.58433074540582,-69.41271629876397,0.049837322578690266
low,31.1,-68.58082983339877,-68.58516880038093,-69.41245200047287,0.04967147473672738
low,31.110000000000003,-68.58168193437193,-68.58600652070804,-69.41218838678648,0.04950617880055035
low,31.12,-68.58253365102264,-68.58684390435933,-69.41192545693059,0.04934143293353601
low,31.130000000000003,-68.58338498149297,-68.58768094931898,-69.41166321013056,0.04917723530517297
low,31.14,-68.58423592393642,-68.58851765358314,-69.41140164561128,0.0490135840910415
low,31.150000000000006,-68.58508647651786,-68.58935401515978,-69.4111407625973,0.04885047747279303
low,31.160000000000004,-68.58593663741351,-68.5901900320688,-69.41088056031269,0.0486879136381302
low,31.17,-68.58678640481087,-68.59102570234187,-69.41062103798116,0.0485258907807865
low,31.180000000000003,-68.58763577690866,-68.59186102402239,-69.410362194826,0.04836440710050624
low,31.19,-68.5884847519168,-68.59269599516554,-69.41010403007013,0.0482034608030247
low,31.200000000000003,-68.58933332805636,-68.59353061383808,-69.40984654293604,0.048043050100047974
low,31.21,-68.59018150355944,-68.59436487811837,-69.40958973264591,0.047883173209233326
low,31.220000000000002,-68.5910292766693,-68.5951987860964,-69.40933359842151,0.04772382835416917
low,31.230000000000004,-68.59187664564013,-68.59603233587362,-69.40907813948424,0.04756501376435543
low,31.240000000000006,-68.59272360873705,-68.59686552556295,-69.40882335505518,0.047406727675184036
low,31.25,-68.59357016423617,-68.59769835328873,-69.40856924435501,0.04724896832791903
low,31.26,-68.59441631042442,-68.5985308171867,-69.40831580660412,0.04709173396967701
low,31.27,-68.5952620455996,-68.59936291540389,-69.40806304102256,0.046935022853408115
low,31.28,-68.59610736807021,-68.60019464609861,-69.40781094682998,0.046778833237875926
low,31.290000000000006,-68.59695227615552,-68.60102600744042,-69.40755952324578,0.04662316338763875
low,31.3,-68.59779676818549,-68.60185699761004,-69.407308769489,0.04646801157303008
low,31.310000000000006,-68.59864084250073,-68.60268761479935,-69.40705868477839,0.04631337607013909
low,31.32,-68.59948449745244,-68.6035178572113,-69.4068092683324,0.04615925516079211
low,31.330000000000005,-68.60032773140234,-68.6043477230599,-69.40656051936915,0.04600564713253283
low,31.34,-68.60117054272274,-68.60517721057018,-69.40631243710651,0.04585255027860398
low,31.35,-68.60201292979635,-68.60600631797807,-69.406065020762,0.04569996289792764
low,31.360000000000007,-68.60285489101629,-68.60683504353047,-69.40581826955294,0.045547883295086994
low,31.37,-68.60369642478612,-68.60766338548508,-69.40557218269633,0.04539630978030722
low,31.380000000000006,-68.60453752951972,-68.60849134211051,-69.4053267594089,0.04524524066943638
low,31.39,-68.60537820364118,-68.60931891168605,-69.40508199890712,0.045094674283927466
low,31.400000000000006,-68.60621844558497,-68.61014609250176,-69.40483790040722,0.044944608950818865
low,31.41,-68.60705825379569,-68.61097288285843,-69.40459446312516,0.04479504300271666
low,31.42,-68.60789762672808,-68.61179928106739,-69.40435168627668,0.04464597477777525
low,31.43,-68.60873656284706,-68.61262528545065,-69.40410956907726,0.04449740261967967
low,31.44,-68.60957506062758,-68.61345089434073,-69.40386811074215,0.04434932487762644
low,31.450000000000006,-68.61041311855465,-68.6142761060807,-69.40362731048643,0.0442017399063059
low,31.46,-68.6112507351233,-68.61510091902402,-69.40338716752484,0.04405464606588362
low,31.470000000000006,-68.61208790883849,-68.61592533153468,-69.40314768107201,0.04390804172198188
low,31.48,-68.61292463821506,-68.61674934198696,-69.40290885034236,0.0437619252456622
low,31.490000000000006,-68.61376092177773,-68.6175729487655,-69.40267067455001,0.04361629501340649
low,31.5,-68.61459675806105,-68.61839615026523,-69.402433152909,0.043471149407099764
low,31.51,-68.61543214560943,-68.61921894489136,-69.40219628463312,0.043326486814011356
low,31.52,-68.6162670829769,-68.62004133105926,-69.40196006893598,0.04318230562677784
low,31.53,-68.61710156872728,-68.62086330719448,-69.40172450503101,0.04303860424338432
low,31.540000000000006,-68.617935601434,-68.62168487173271,-69.40148959213148,0.042895381067147416
low,31.55,-68.61876917968014,-68.6225060231197,-69.40125532945048,0.042752634506697126
low,31.560000000000006,-68.61960230205838,-68.62332675981123,-69.40102171620093,0.04261036297595886
low,31.57,-68.6204349671709,-68.6241470802731,-69.4007887515956,0.04246856489413658
low,31.580000000000005,-68.6212671736294,-68.62496698298104,-69.40055643484713,0.04232723868569441
low,31.59,-68.62209892005502,-68.62578646642069,-69.40032476516798,0.04218638278033984
low,31.6,-68.62293020507839,-68.62660552908758,-69.40009374177049,0.04204599561300565
low,31.61,-68.6237610273394,-68.62742416948707,-69.39986336386686,0.041906075623833174
low,31.62,-68.6245913854874,-68.62824238613429,-69.39963363066916,0.0417666212581542
low,31.630000000000006,-68.62542127818097,-68.6290601775541,-69.39940454138934,0.04162763096647447
low,31.64,-68.62625070408797,-68.6298775422811,-69.39917609523924,0.04148910320445606
low,31.650000000000006,-68.62707966188549,-68.63069447885952,-69.39894829143056,0.041351036432900015
low,31.66,-68.62790815025978,-68.63151098584328,-69.39872112917492,0.041213429117729836
low,31.670000000000005,-68.62873616790627,-68.63232706179579,-69.3984946076838,0.04107627972997377
low,31.68,-68.62956371352946,-68.6331427052901,-69.39826872616864,0.04093958674574851
low,31.69,-68.63039078584296,-68.63395791490869,-69.39804348384072,0.04080334864624153
low,31.700000000000006,-68.63121738356936,-68.63477268924352,-69.39781887991128,0.040667563917694834
low,31.71,-68.63204350544028,-68.635587026896,-69.39759491359148,0.04053223105138794
low,31.720000000000006,-68.63286915019624,-68.63640092647691,-69.39737158409237,0.04039734854362074
low,31.73,-68.63369431658676,-68.63721438660635,-69.39714889062496,0.0402629148956975
low,31.740000000000006,-68.63451900337013,-68.63802740591375,-69.3969268324002,0.040128928613909466
low,31.75,-68.63534320931356,-68.63883998303781,-69.39670540862893,0.03999538820951897
low,31.760000000000005,-68.636166933193,-68.63965211662642,-69.396484618522,0.03986229219874218
low,31.77,-68.63699017379322,-68.64046380533671,-69.39626446129014,0.03972963910273336
low,31.78,-68.6378129299077,-68.64127504783494,-69.39604493614411,0.03959742744756767
low,31.790000000000006,-68.63863520033857,-68.64208584279643,-69.39582604229456,0.03946565576422544
low,31.8,-68.63945698389665,-68.64289618890567,-69.39560777895215,0.03933432258857559
low,31.810000000000006,-68.64027827940133,-68.64370608485606,-69.39539014532747,0.039203426461359075
low,31.82,-68.64109908568066,-68.64451552935012,-69.39517314063112,0.03907296592817335
low,31.830000000000005,-68.64191940157113,-68.64532452109924,-69.39495676407364,0.038942939539455365
low,31.84,-68.64273922591782,-68.64613305882376,-69.39474101486562,0.03881334585046636
low,31.850000000000005,-68.64355855757421,-68.6469411412529,-69.39452589221756,0.038684183421274894
low,31.86,-68.64437739540224,-68.64774876712472,-69.39431139534001,0.03855545081674175
low,31.87,-68.64519573827226,-68.64855593518608,-69.39409752344349,0.03842714660650314
low,31.880000000000006,-68.64601358506296,-68.64936264419262,-69.39388427573856,0.0382992693649555
low,31.89,-68.64683093466134,-68.65016889290871,-69.39367165143572,0.038171817671239366
low,31.900000000000006,-68.64764778596273,-68.65097468010741,-69.39345964974555,0.03804479010922331
low,31.91,-68.64846413787068,-68.65178000457043,-69.3932482698786,0.03791818526748886
low,31.920000000000005,-68.64927998929693,-68.6525848650881,-69.39303751104548,0.03779200173931407
low,31.93,-68.65009533916147,-68.65338926045936,-69.39282737245678,0.03766623812265859
low,31.940000000000005,-68.65091018639237,-68.65419318949166,-69.39261785332317,0.03754089302014748
low,31.95,-68.65172452992583,-68.65499665100097,-69.39240895285535,0.037415965039056226
low,31.96,-68.65253836870616,-68.65579964381178,-69.39220067026402,0.0372914527912947
low,31.970000000000006,-68.65335170168568,-68.65660216675694,-69.39199300475994,0.0371673548933923
low,31.98,-68.6541645278247,-68.65740421867775,-69.39178595555397,0.03704366996648227
low,31.990000000000006,-68.65497684609154,-68.65820579842388,-69.39157952185697,0.03692039663628625
low,32.0,-68.65578865546242,-68.65900690485331,-69.39137370287986,0.03679753353309942
low,32.010000000000005,-68.65659995492149,-68.65980753683233,-69.39116849783362,0.03667507929177478
low,32.02,-68.65741074346076,-68.66060769323546,-69.39096390592935,0.03655303255170858
low,32.03,-68.65822102008002,-68.66140737294549,-69.39075992637818,0.0364313919568245
low,32.040000000000006,-68.659030783787,-68.66220657485334,-69.3905565583913,0.03631015615555915
low,32.050000000000004,-68.65984003359708,-68.66300529785818,-69.39035380118001,0.03618932380084699
low,32.06,-68.66064876853336,-68.66380354086718,-69.39015165395571,0.03606889355010485
low,32.07,-68.66145698762674,-68.66460130279567,-69.38995011592982,0.03594886406521775
low,32.080000000000005,-68.66226468991569,-68.665398582567,-69.38974918631395,0.03582923401252334
low,32.09,-68.66307187444633,-68.66619537911254,-69.38954886431974,0.03571000206279778
low,32.1,-68.66387854027245,-68.66699169137163,-69.38934914915893,0.03559116689124025
low,32.11,-68.6646846864553,-68.66778751829162,-69.38915004004342,0.03547272717745884
low,32.120000000000005,-68.66549031206377,-68.66858285882766,-69.38895153618517,0.03535468160545537
low,32.13,-68.66629541617418,-68.66937771194289,-69.38875363679625,0.035237028863611276
low,32.14,-68.66709999787032,-68.6701720766082,-69.38855634108891,0.03511976764467269
low,32.150000000000006,-68.66790405624346,-68.67096595180233,-69.38835964827547,0.03500289664573583
low,32.160000000000004,-68.66870759039224,-68.67175933651183,-69.38816355756839,0.034886414568233014
low,32.17,-68.66951059942264,-68.67255222973091,-69.38796806818027,0.03477032011791759
low,32.18,-68.67031308244805,-68.67334463046159,-69.38777317932383,0.03465461200485014
low,32.190000000000005,-68.67111503858914,-68.67413653771348,-69.38757889021196,0.03453928894338363
low,32.2,-68.67191646697383,-68.67492795050389,-69.38738520005764,0.034424349652149695
low,32.21,-68.67271736673727,-68.67571886785767,-69.38719210807402,0.03430979285404378
low,32.220000000000006,-68.6735177370219,-68.67650928880734,-69.38699961347447,0.03419561727621142
low,32.230000000000004,-68.67431757697726,-68.6772992123929,-69.38680771547241,0.03408182165003402
low,32.24,-68.67511688576008,-68.67808863766186,-69.38661641328147,0.03396840471111442
low,32.25,-68.67591566253415,-68.67887756366922,-69.38642570611546,0.033855365199263354
low,32.260000000000005,-68.67671390647045,-68.67966598947747,-69.38623559318833,0.03374270185848496
low,32.27,-68.67751161674691,-68.68045391415644,-69.3860460737142,0.03363041343696333
low,32.28,-68.67830879254855,-68.6812413367834,-69.38585714690738,0.033518498687048044
low,32.29,-68.67910543306732,-68.68202825644292,-69.38566881198237,0.033406956365240846
low,32.300000000000004,-68.6799015375022,-68.68281467222691,-69.38548106815381,0.03329578523218131
low,32.31,-68.68069710505905,-68.6836005832346,-69.38529391463656,0.03318498405263357
low,32.32,-68.68149213495069,-68.68438598857242,-69.38510735064567,0.03307455159547236
low,32.330000000000005,-68.68228662639672,-68.68517088735405,-69.38492137539639,0.03296448663366909
low,32.34,-68.68308057862365,-68.68595527870033,-69.38473598810413,0.03285478794427873
low,32.35,-68.68387399086475,-68.68673916173931,-69.38455118798454,0.032745454308425674
low,32.36,-68.68466686236017,-68.68752253560616,-69.38436697425348,0.03263648451129079
low,32.370000000000005,-68.68545919235667,-68.68830539944311,-69.38418334612697,0.0325278773420973
low,32.38,-68.68625098010783,-68.68908775239946,-69.38400030282129,0.03241963159409779
low,32.39,-68.68704222487386,-68.68986959363157,-69.38381784355293,0.03231174606456073
low,32.400000000000006,-68.68783292592168,-68.69065092230282,-69.3836359675386,0.03220421955475675
low,32.410000000000004,-68.6886230825248,-68.6914317375835,-69.38345467399517,0.03209705086994586
low,32.42,-68.68941269396332,-68.69221203865091,-69.38327396213987,0.03199023881936365
low,32.43,-68.690201759524,-68.69299182468922,-69.38309383119004,0.031883782216208655
low,32.440000000000005,-68.69099027850007,-68.6937710948895,-69.3829142803633,0.03177767987762846
low,32.45,-68.69177825019125,-68.69454984844968,-69.38273530887751,0.03167193062470723
low,32.46,-68.69256567390379,-68.69532808457448,-69.38255691595077,0.031566533282452035
low,32.470000000000006,-68.6933525489504,-68.69610580247546,-69.38237910080143,0.03146148667978032
low,32.480000000000004,-68.6941388746502,-68.6968830013709,-69.38220186264807,0.03135678964950656
low,32.49,-68.69492465032872,-68.69765968048583,-69.38202520070955,0.0312524410283292
low,32.5,-68.69570987531783,-68.69843583905198,-69.38184911420494,0.03114843965681821
low,32.510000000000005,-68.69649454895577,-68.69921147630777,-69.38167360235362,0.03104478437940158
low,32.52,-68.6972786705871,-68.69998659149823,-69.38149866437519,0.030941474044353066
low,32.53,-68.69806223956263,-68.70076118387503,-69.38132429948956,0.03083850750377884
low,32.54,-68.69884525523948,-68.70153525269642,-69.38115050691687,0.030735883613605342
low,32.550000000000004,-68.69962771698093,-68.7023087972272,-69.38097728587755,0.03063360123356593
low,32.56,-68.70040962415652,-68.70308181673872,-69.3808046355923,0.030531659227188687
low,32.57,-68.70119097614193,-68.70385431050877,-69.3806325552821,0.030430056461783726
low,32.580000000000005,-68.70197177231897,-68.7046262778217,-69.38046104416821,0.030328791808430212
low,32.59,-68.70275201207565,-68.70539771796822,-69.38029010147218,0.030227864141964475
low,32.6,-68.70353169480597,-68.70616863024549,-69.38011972641586,0.030127272340966755
low,32.61,-68.70431081991006,-68.70693901395705,-69.37994991822137,0.03002701528774952
low,32.620000000000005,-68.70508938679404,-68.7077088684128,-69.37978067611112,0.029927091868344326
low,32.63,-68.70586739487007,-68.70847819292894,-69.37961199930785,0.029827500972490074
low,32.64,-68.70664484355629,-68.709246986828,-69.37944388703458,0.029728241493620116
low,32.650000000000006,-68.7074217322768,-68.7100152494388,-69.37927633851464,0.029629312328850355
low,32.660000000000004,-68.7081980604616,-68.71078298009635,-69.37910935297165,0.029530712378966928
low,32.67,-68.7089738275466,-68.7115501781419,-69.37894292962959,0.029432440548413697
low,32.68,-68.70974903297358,-68.71231684292289,-69.37877706771272,0.02933449574528053
low,32.690000000000005,-68.7105236761902,-68.71308297379294,-69.37861176644559,0.029236876881290685
low,32.7,-68.71129775664993,-68.71384857011176,-69.37844702505309,0.029139582871789287
low,32.71,-68.71207127381203,-68.7146136312452,-69.37828284276046,0.029042612635730644
low,32.720000000000006,-68.71284422714147,-68.71537815656518,-69.37811921879326,0.02894596509566672
low,32.730000000000004,-68.71361661610908,-68.71614214544967,-69.37795615237737,0.02884963917773507
low,32.74,-68.71438844019129,-68.71690559728263,-69.37779364273896,0.02875363381164659
low,32.75,-68.71515969887031,-68.7176685114541,-69.37763168910462,0.028657947930674114
low,32.760000000000005,-68.71593039163396,-68.71843088736,-69.3774702907012,0.02856258047164007
low,32.77,-68.71670051797572,-68.71919272440225,-69.37730944675594,0.0284675303749052
low,32.78,-68.7174700773947,-68.71995402198864,-69.37714915649643,0.028372796584356205
low,32.79,-68.71823906939555,-68.72071477953294,-69.37698941915053,0.028278378047394543
low,32.800000000000004,-68.71900749348855,-68.7214749964547,-69.37683023394656,0.02818427371492426
low,32.81,-68.71977534918943,-68.72223467217931,-69.3766716001131,0.028090482541340805
low,32.82,-68.72054263601953,-68.72299380613799,-69.37651351687914,0.02799700348451907
low,32.830000000000005,-68.72130935350556,-68.7237523977678,-69.376355983474,0.027903835505801795
low,32.84,-68.72207550117984,-68.72451044651143,-69.3761989991274,0.027810977569988397
low,32.85,-68.72284107857999,-68.72526795181743,-69.37604256306936,0.02771842864532297
low,32.86,-68.72360608524909,-68.72602491313998,-69.37588667453035,0.027626187703483258
low,32.870000000000005,-68.72437052073566,-68.72678132993899,-69.37573133274113,0.02753425371956884
low,32.88,-68.72513438459349,-68.72753720168,-69.37557653693287,0.02744262567209021
low,32.89,-68.72589767638178,-68.72829252783417,-69.37542228633711,0.02735130254295689
low,32.900000000000006,-68.72666039566502,-68.7290473078783,-69.37526858018579,0.02726028331746652
low,32.910000000000004,-68.72742254201297,-68.72980154129473,-69.3751154177112,0.02716956698429354
low,32.92,-68.72818411500067,-68.73055522757137,-69.37496279814602,0.027079152535477623
low,32.93,-68.72894511420839,-68.73130836620167,-69.37481072072332,0.02698903896641298
low,32.940000000000005,-68.72970553922165,-68.73206095668456,-69.37465918467657,0.026899225275836696
low,32.95,-68.73046538963112,-68.73281299852448,-69.37450818923959,0.026809710465818037
low,32.96,-68.73122466503268,-68.7335644912313,-69.37435773364666,0.02672049354174697
low,32.97,-68.7319833650273,-68.73431543432034,-69.37420781713239,0.026631573512323568
low,32.980000000000004,-68.73274148922114,-68.73506582731227,-69.37405843893184,0.02654294938954646
low,32.99,-68.73349903722534,-68.7358156697332,-69.37390959828045,0.02645462018870229
low,33.0,-68.73425600865627,-68.7365649611146,-69.37376129441405,0.026366584928354676
low,33.010000000000005,-68.73501240313523,-68.7373137009932,-69.37361352656892,0.02627884263033304
low,33.02,-68.73576822028859,-68.73806188891112,-69.37346629398169,0.02619139231972214
low,33.03,-68.73652345974773,-68.73880952441569,-69.37331959588947,0.026104233024850848
low,33.04,-68.737278121149,-68.73955660705957,-69.37317343152972,0.026017363777281803
low,33.050000000000004,-68.7380322041337,-68.74030313640058,-69.37302780014036,0.025930783611800123
low,33.06000000000001,-68.73878570834809,-68.74104911200182,-69.3728827009597,0.025844491566403106
low,33.07,-68.73953863344326,-68.74179453343152,-69.3727381332265,0.025758486682289458
low,33.080000000000005,-68.7402909790753,-68.7425394002631,-69.37259409617994,0.025672768003848347
low,33.09,-68.74104274490512,-68.7432837120751,-69.37245058905961,0.025587334578649222
low,33.1,-68.74179393059842,-68.7440274684512,-69.37230761110554,0.02550218545743082
low,33.11,-68.74254453582579,-68.74477066898017,-69.37216516155817,0.025417319694091042
low,33.120000000000005,-68.74329456026261,-68.74551331325581,-69.3720232396584,0.025332736345675986
low,33.13,-68.74404400358897,-68.74625540087702,-69.3718818446476,0.025248434472369883
low,33.14,-68.74479286548979,-68.74699693144767,-69.3717409757675,0.025164413137484277
low,33.150000000000006,-68.74554114565468,-68.74773790457667,-69.37160063226031,0.025080671407448
low,33.160000000000004,-68.74628884377798,-68.74847831987788,-69.37146081336869,0.024997208351796554
low,33.17,-68.7470359595587,-68.74921817697012,-69.37132151833573,0.02491402304316167
low,33.18,-68.74778249270048,-68.74995747547713,-69.37118274640501,0.024831114557261433
low,33.190000000000005,-68.74852844291168,-68.75069621502757,-69.37104449682049,0.024748481972889452
low,33.2,-68.74927380990522,-68.751434395255,-69.37090676882666,0.024666124371905206
low,33.21,-68.75001859339865,-68.75217201579781,-69.37076956166837,0.024584040839223213
low,33.22,-68.75076279311405,-68.75290907629922,-69.37063287459101,0.02450223046280353
low,33.230000000000004,-68.75150640877816,-68.75364557640731,-69.37049670684041,0.024420692333641008
low,33.24000000000001,-68.75224944012211,-68.75438151577492,-69.37036105766283,0.02433942554575568
low,33.25,-68.7529918868816,-68.75511689405967,-69.37022592630505,0.024258429196182422
low,33.260000000000005,-68.75373374879692,-68.75585171092392,-69.37009131201427,0.02417770238496085
low,33.27,-68.75447502561268,-68.75658596603479,-69.36995721403815,0.024097244215125695
low,33.28,-68.75521571707802,-68.75731965906407,-69.36982363162487,0.024017053792696353
low,33.29,-68.75595582294648,-68.75805278968824,-69.36969056402303,0.0239371302266674
low,33.300000000000004,-68.756695342976,-68.75878535758845,-69.36955801048175,0.023857472628998278
low,33.31,-68.75743427692898,-68.75951736245051,-69.36942597025059,0.02377808011460388
low,33.32,-68.75817262457207,-68.7602488039648,-69.36929444257962,0.023698951801344233
low,33.330000000000005,-68.75891038567634,-68.76097968182633,-69.36916342671934,0.023620086810015057
low,33.34,-68.75964756001717,-68.76170999573468,-69.3690329219208,0.023541484264337952
low,33.35,-68.76038414737421,-68.76243974539398,-69.36890292743549,0.023463143290950384
low,33.36,-68.76112014753144,-68.76316893051289,-69.36877344251539,0.023385063019396374
low,33.370000000000005,-68.76185556027708,-68.76389755080459,-69.36864446641302,0.02330724258211643
low,33.38,-68.76259038540357,-68.76462560598672,-69.3685159983813,0.02322968111443836
low,33.39,-68.7633246227076,-68.76535309578144,-69.36838803767372,0.02315237775456718
low,33.400000000000006,-68.76405827199004,-68.76608001991531,-69.36826058354426,0.023075331643575888
low,33.410000000000004,-68.76479133305597,-68.76680637811933,-69.36813363524733,0.022998541925395872
low,33.42,-68.76552380571458,-68.76753217012892,-69.36800719203792,0.02292200774680716
low,33.43,-68.76625568977926,-68.76825739568388,-69.36788125317146,0.022845728257429268
low,33.440000000000005,-68.76698698506749,-68.76898205452837,-69.36775581790391,0.02276970260971144
low,33.45,-68.76771769140082,-68.76970614641085,-69.36763088549176,0.022693929958923595
low,33.46,-68.76844780860496,-68.77042967108422,-69.36750645519196,0.022618409463146503
low,33.47,-68.76917733650961,-68.77115262830554,-69.36738252626198,0.022543140283262857
low,33.480000000000004,-68.76990627494854,-68.77187501783627,-69.36725909795983,0.022468121582947552
low,33.49000000000001,-68.77063462375953,-68.77259683944204,-69.36713616954401,0.022393352528658768
low,33.5,-68.77136238278436,-68.77331809289281,-69.36701374027353,0.022318832289628547
low,33.510000000000005,-68.77208955186883,-68.77403877796266,-69.36689180940795,0.022244560037853304
low,33.52,-68.77281613086267,-68.77475889442995,-69.36677037620727,0.02217053494808517
low,33.53,-68.77354211961955,-68.7754784420772,-69.36664943993209,0.022096756197822275
low,33.54,-68.77426751799707,-68.77619742069108,-69.36652899984352,0.022023222967300075
low,33.550000000000004,-68.7749923258568,-68.77691583006244,-69.36640905520315,0.021949934439481827
low,33.56,-68.77571654306409,-68.77763366998617,-69.36628960527314,0.021876889800049884
low,33.57,-68.77644016948824,-68.77835094026135,-69.36617064931615,0.021804088237396282
low,33.580000000000005,-68.77716320500234,-68.77906764069108,-69.36605218659537,0.021731528942614108
low,33.59,-68.77788564948335,-68.77978377108256,-69.36593421637453,0.021659211109488246
low,33.6,-68.77860750281206,-68.78049933124704,-69.36581673791792,0.021587133934486368
low,33.61,-68.77932876487301,-68.78121432099975,-69.3656997504903,0.021515296616750355
low,33.620000000000005,-68.78004943555453,-68.78192874015996,-69.36558325335703,0.021443698358086957
low,33.63,-68.78076951474871,-68.7826425885509,-69.36546724578396,0.021372338362959292
low,33.64,-68.78148900235135,-68.78335586599978,-69.36535172703752,0.021301215838477713
low,33.65,-68.78220789826204,-68.78406857233777,-69.36523669638464,0.02123032999439132
low,33.660000000000004,-68.782926202384,-68.78478070739996,-69.36512215309281,0.0211596800430788
low,33.67000000000001,-68.78364391462421,-68.78549227102535,-69.36500809643007,0.02108926519953999
low,33.68,-68.7843610348932,-68.78620326305679,-69.36489452566504,0.02101908468138709
low,33.690000000000005,-68.78507756310526,-68.78691368334107,-69.36478144006679,0.020949137708835743
low,33.7,-68.78579349917824,-68.7876235317288,-69.36466883890503,0.020879423504696727
low,33.71,-68.78650884303366,-68.78833280807439,-69.36455672145,0.020809941294366956
low,33.72,-68.78722359459655,-68.78904151223614,-69.36444508697248,0.02074069030582128
low,33.730000000000004,-68.78793775379557,-68.78974964407607,-69.36433393474378,0.02067166976960345
low,33.74000000000001,-68.78865132056298,-68.79045720346002,-69.36422326403581,0.02060287891881794
low,33.75,-68.78936429483447,-68.79116419025762,-69.36411307412102,0.020534316989121323
low,33.760000000000005,-68.79007667654938,-68.79187060434217,-69.36400336427242,0.02046598321871359
low,33.77,-68.79078846565042,-68.79257644559073,-69.3638941337636,0.02039787684832998
low,33.78,-68.79149966208391,-68.79328171388406,-69.36378538186864,0.020329997121232266
low,33.79,-68.79221026579957,-68.79398640910664,-69.36367710786227,0.02026234328320067
low,33.800000000000004,-68.7929202767506,-68.79469053114657,-69.36356931101975,0.02019491458252507
low,33.81,-68.79362969489362,-68.79539407989564,-69.36346199061688,0.02012771026999711
low,33.82,-68.79433852018867,-68.79609705524925,-69.36335514593007,0.020060729598901383
low,33.830000000000005,-68.79504675259923,-68.7967994571064,-69.36324877623629,0.019993971825007582
low,33.84,-68.79575439209208,-68.79750128536972,-69.36314288081304,0.01992743620656203
low,33.85000000000001,-68.79646143863745,-68.79820253994544,-69.36303745893848,0.01986112200427932
low,33.86,-68.79716789220888,-68.79890322074327,-69.36293250989124,0.019795028481334347
low,33.870000000000005,-68.79787375278329,-68.79960332767655,-69.3628280329506,0.01972915490335388
low,33.88,-68.79857902034082,-68.80030286066211,-69.36272402739638,0.0196635005384087
low,33.89,-68.79928369486503,-68.8010018196203,-69.36262049250901,0.0195980646570051
low,33.9,-68.79998777634268,-68.80170020447495,-69.36251742756946,0.019532846532077132
low,33.910000000000004,-68.80069126476381,-68.80239801515339,-69.36241483185931,0.0194678454389782
low,33.92000000000001,-68.80139416012176,-68.80309525158637,-69.3623127046607,0.019403060655473335
low,33.93,-68.80209646241305,-68.80379191370812,-69.36221104525636,0.019338491461730962
low,33.940000000000005,-68.80279817163742,-68.80448800145628,-69.36210985292963,0.01927413714031485
low,33.95,-68.80349928779788,-68.80518351477188,-69.3620091269644,0.019209996976176417
low,33.96,-68.8041998109005,-68.80587845359936,-69.36190886664515,0.019146070256646438
low,33.97,-68.80489974095465,-68.80657281788655,-69.36180907125701,0.019082356271427424
low,33.980000000000004,-68.80559907797277,-68.8072666075846,-69.36170974008562,0.019018854312585473
low,33.99,-68.80629782197047,-68.80795982264802,-69.36161087241724,0.018955563674542715
low,34.0,-68.80699597296648,-68.80865246303462,-69.36151246753873,0.018892483654069103
low,34.010000000000005,-68.80769353098262,-68.80934452870557,-69.36141452473757,0.018829613550274883
low,34.02,-68.80839049604381,-68.81003601962526,-69.36131704330177,0.018766952664602772
low,34.03,-68.80908686817803,-68.81072693576141,-69.36122002252002,0.018704500300819975
low,34.04,-68.80978264741634,-68.81141727708498,-69.36112346168152,0.018642255765010766
low,34.050000000000004,-68.81047783379285,-68.81210704357017,-69.36102736007611,0.01858021836556847
low,34.06,-68.81117242734464,-68.81279623519438,-69.36093171699427,0.018518387413188103
low,34.07,-68.81186642811188,-68.81348485193828,-69.360836531727,0.018456762220858364
low,34.080000000000005,-68.81255983613767,-68.81417289378567,-69.36074180356599,0.018395342103854285
low,34.09,-68.81325265146813,-68.81486036072356,-69.36064753180345,0.018334126379729556
low,34.10000000000001,-68.81394487415231,-68.81554725274209,-69.36055371573225,0.018273114368308724
low,34.11,-68.81463650424226,-68.81623356983461,-69.36046035464588,0.018212305391680048
low,34.120000000000005,-68.8153275417929,-68.81691931199751,-69.36036744783839,0.018151698774187465
low,34.13,-68.8160179868621,-68.81760447923035,-69.36027499460442,0.018091293842423622
low,34.14,-68.81670783951064,-68.81828907153579,-69.36018299423934,0.018031089925221875
low,34.15,-68.8173970998022,-68.81897308891952,-69.360091446039,0.0179710863536493
low,34.160000000000004,-68.81808576780331,-68.81965653139035,-69.3600003492999,0.01791128246099884
low,34.17000000000001,-68.81877384358339,-68.82033939896014,-69.35990970331919,0.017851677582782208
low,34.18,-68.81946132721463,-68.82102169164372,-69.35981950739462,0.01779227105672242
low,34.190000000000005,-68.82014821877213,-68.82170340945902,-69.35972976082451,0.01773306222274628
low,34.2,-68.82083451833375,-68.82238455242691,-69.35964046290786,0.01767405042297731
low,34.21,-68.8215202259802,-68.82306512057127,-69.35955161294426,0.017615235001728152
low,34.22,-68.82220534179493,-68.82374511391899,-69.35946321023391,0.017556615305493628
low,34.230000000000004,-68.82288986586417,-68.82442453249986,-69.35937525407766,0.017498190682943084
low,34.24,-68.82357379827694,-68.82510337634665,-69.35928774377695,0.01743996048491352
low,34.25,-68.824257139125,-68.82578164549506,-69.35920067863385,0.017381924064402053
low,34.260000000000005,-68.8249398885027,-68.82645933998363,-69.35911405795106,0.017324080776559034
low,34.27,-68.82562204650735,-68.82713645985392,-69.3590278810319,0.017266429978680678
low,34.28000000000001,-68.82630361323874,-68.82781300515028,-69.35894214718033,0.017208971030201903
low,34.29,-68.82698458879945,-68.82848897591994,-69.3588568557009,0.017151703292689446
low,34.300000000000004,-68.82766497329469,-68.82916437221303,-69.35877200589884,0.017094626129834447
low,34.31,-68.82834476683236,-68.82983919408245,-69.35868759707995,0.017037738907445678
low,34.32,-68.82902396952298,-68.83051344158399,-69.35860362855068,0.016981040993442234
low,34.33,-68.82970258147971,-68.8311871147762,-69.35852009961815,0.0169245317578468
low,34.34,-68.8303806028183,-68.83186021372045,-69.35843700959008,0.016868210572778316
low,34.35000000000001,-68.8310580336571,-68.8325327384809,-69.35835435777479,0.01681207681244528
low,34.36,-68.83173487411707,-68.8332046891244,-69.35827214348132,0.016756129853138724
low,34.370000000000005,-68.83241112432174,-68.83387606572067,-69.35819036601923,0.016700369073225117
low,34.38,-68.83308678439718,-68.83454686834206,-69.35810902469882,0.016644793853139727
low,34.39,-68.83376185447203,-68.8352170970637,-69.35802811883094,0.01658940357537945
low,34.4,-68.83443633467739,-68.83588675196341,-69.35794764772716,0.016534197624496295
low,34.410000000000004,-68.83511022514702,-68.83655583312175,-69.3578676106996,0.016479175387090133
low,34.42000000000001,-68.83578352601701,-68.83722434062184,-69.3577880070611,0.01642433625180227
low,34.43,-68.83645623742605,-68.83789227454959,-69.35770883612511,0.016369679609308435
low,34.440000000000005,-68.83712835951532,-68.83855963499353,-69.3576300972057,0.016315204852311957
low,34.45,-68.8377998924284,-68.83922642204476,-69.3575517896176,0.01626091137553729
low,34.46000000000001,-68.83847083631132,-68.83989263579711,-69.35747391267617,0.016206798575722953
low,34.47,-68.8391411913126,-68.84055827634694,-69.35739646569743,0.016152865851615104
low,34.480000000000004,-68.83981095758317,-68.84122334379323,-69.35731944799805,0.01609911260396064
low,34.49,-68.84048013527632,-68.84188783823755,-69.35724285889532,0.01604553823550078
low,34.5,-68.8411487245478,-68.84255175978403,-69.35716669770719,0.015992142150964138
low,34.510000000000005,-68.84181672555572,-68.84321510853937,-69.35709096375223,0.015938923757060356
low,34.52,-68.84248413846053,-68.84387788461278,-69.3570156563497,0.015885882462473456
low,34.53000000000001,-68.84315096342507,-68.84454008811602,-69.3569407748195,0.015833017677855096
low,34.54,-68.84381720061461,-68.8452017191634,-69.35686631848218,0.0157803288158183
low,34.550000000000004,-68.84448285019657,-68.84586277787166,-69.35679228665889,0.015727815290930654
low,34.56,-68.84514791234079,-68.84652326436007,-69.35671867867151,0.015675476519708097
low,34.57,-68.84581238721945,-68.84718317875034,-69.3566454938425,0.015623311920608106
low,34.58,-68.84647627500698,-68.8478425211667,-69.35657273149502,0.015571320914023553
low,34.59,-68.8471395758801,-68.8485012917358,-69.35650039095286,0.015519502922275977
low,34.60000000000001,-68.84780229001778,-68.84915949058669,-69.35642847154048,0.015467857369609442
low,34.61,-68.8484644176013,-68.8498171178509,-69.35635697258299,0.01541638368218395
low,34.620000000000005,-68.84912595881411,-68.85047417366232,-69.35628589340612,0.015365081288069049
low,34.63,-68.84978691384194,-68.85113065815726,-69.35621523333633,0.015313949617237687
low,34.64,-68.85044728287276,-68.85178657147443,-69.35614499170067,0.015262988101559597
low,34.65,-68.85110706609669,-68.85244191375487,-69.35607516782687,0.015212196174795243
low,34.660000000000004,-68.85176626370607,-68.853096685142,-69.3560057610433,0.0151615732725893
low,34.67,-68.85242487589544,-68.8537508857816,-69.35593677067905,0.015111118832464628
low,34.68,-68.85308290286147,-68.85440451582173,-69.35586819606381,0.015060832293815753
low,34.690000000000005,-68.85374034480306,-68.85505757541283,-69.35580003652794,0.015010713097902854
low,34.7,-68.85439720192116,-68.85571006470758,-69.35573229140248,0.014960760687845517
low,34.71000000000001,-68.85505347441892,-68.85636198386105,-69.3556649600191,0.014910974508616363
low,34.72,-68.85570916250161,-68.8570133330305,-69.35559804171018,0.014861354007035211
low,34.730000000000004,-68.85636426637654,-68.85766411237549,-69.35553153580872,0.014811898631762533
low,34.74,-68.85701878625326,-68.85831432205784,-69.35546544164842,0.01476260783329374
low,34.75,-68.8576727223433,-68.85896396224165,-69.3553997585636,0.014713481063952719
low,34.760000000000005,-68.85832607486023,-68.85961303309317,-69.35533448588929,0.014664517777886016
low,34.77,-68.85897884401977,-68.86026153478093,-69.35526962296115,0.014615717431056625
low,34.78000000000001,-68.85963103003967,-68.86090946747566,-69.35520516911555,0.01456707948123791
low,34.79,-68.86028263313968,-68.86155683135027,-69.35514112368946,0.014518603388007784
low,34.800000000000004,-68.86093365354164,-68.86220362657986,-69.35507748602059,0.01447028861274242
low,34.81,-68.86158409146934,-68.86284985334169,-69.35501425544726,0.014422134618610541
low,34.82,-68.86223394714862,-68.86349551181522,-69.35495143130848,0.014374140870567204
low,34.83,-68.8628832208073,-68.86414060218199,-69.35488901294393,0.01432630683534813
low,34.84,-68.86353191267519,-68.86478512462573,-69.35482699969397,0.014278631981463476
low,34.85000000000001,-68.86418002298406,-68.86542907933229,-69.35476539089966,0.014231115779192173
low,34.86,-68.86482755196761,-68.86607246648957,-69.35470418590263,0.014183757700575976
low,34.870000000000005,-68.86547449986158,-68.86671528628767,-69.35464338404529,0.014136557219413459
low,34.88,-68.86612086690354,-68.8673575389187,-69.35458298467067,0.014089513811254402
low,34.89000000000001,-68.86676665333303,-68.86799922457685,-69.35452298712246,0.014042626953393717
low,34.9,-68.86741185939157,-68.86864034345842,-69.35446339074507,0.013995896124865913
low,34.910000000000004,-68.86805648532241,-68.86928089576173,-69.35440419488353,0.01394932080643902
low,34.92,-68.8687005313709,-68.86992088168715,-69.3543453988836,0.013902900480609064
low,34.93,-68.86934399778413,-68.87056030143707,-69.35428700209167,0.013856634631594112
low,34.940000000000005,-68.86998688481113,-68.87119915521592,-69.35422900385481,0.01381052274532875
low,34.95,-68.87062919270271,-68.87183744323009,-69.35417140352081,0.013764564309458223
low,34.96000000000001,-68.87127092171161,-68.87247516568804,-69.35411420043806,0.013718758813332708
low,34.97,-68.8719120720924,-68.87311232280017,-69.35405739395573,0.01367310574800185
low,34.980000000000004,-68.87255264410145,-68.87374891477882,-69.35400098342355,0.013627604606208838
low,34.99,-68.87319263799692,-68.87438494183836,-69.35394496819201,0.013582254882385009
low,35.0,-68.87383205403881,-68.87502040419504,-69.35388934761227,0.013537056072644015
low,35.01,-68.87447089248896,-68.87565530206713,-69.35383412103612,0.013492007674776471
low,35.02,-68.8751091536109,-68.87628963567477,-69.3537792878161,0.013447109188244093
low,35.03000000000001,-68.87574683766998,-68.87692340524003,-69.35372484730537,0.013402360114174365
low,35.04,-68.87638394493332,-68.87755661098687,-69.3536707988578,0.013357759955354936
low,35.050000000000004,-68.87702047566981,-68.87818925314122,-69.35361714182793,0.013313308216227955
low,35.06,-68.87765643014998,-68.87882133193075,-69.35356387557098,0.013269004402884825
low,35.07000000000001,-68.87829180864627,-68.87945284758517,-69.35351099944288,0.013224848023060438
low,35.08,-68.87892661143268,-68.88008380033595,-69.35345851280017,0.013180838586127947
low,35.09,-68.87956083878498,-68.88071419041644,-69.35340641500017,0.013136975603093091
low,35.10000000000001,-68.88019449098068,-68.88134401806182,-69.35335470540082,0.013093258586588993
low,35.11,-68.88082756829888,-68.88197328350911,-69.35330338336074,0.013049687050870583
low,35.120000000000005,-68.88146007102048,-68.88260198699716,-69.35325244823926,0.013006260511809182
low,35.13,-68.88209199942796,-68.8832301287666,-69.35320189939638,0.012962978486887313
low,35.14000000000001,-68.88272335380552,-68.88385770905988,-69.35315173619279,0.012919840495193083
low,35.15,-68.88335413443897,-68.88448472812127,-69.35310195798985,0.012876846057415077
low,35.160000000000004,-68.88398434161577,-68.88511118619674,-69.35305256414965,0.012833994695836818
low,35.17,-68.884613975625,-68.88573708353407,-69.35300355403491,0.012791285934331697
low,35.18,-68.88524303675739,-68.88636242038282,-69.35295492700907,0.012748719298357419
low,35.190000000000005,-68.88587152530526,-68.88698719699426,-69.35290668243623,0.012706294314950939
low,35.2,-68.88649944156253,-68.88761141362141,-69.3528588196812,0.012664010512723157
low,35.21000000000001,-68.88712678582473,-68.88823507051903,-69.35281133810948,0.012621867421853564
low,35.22,-68.88775355838894,-68.88885816794355,-69.35276423708723,0.0125798645740852
low,35.230000000000004,-68.88837975955384,-68.88948070615318,-69.35271751598133,0.01253800150271927
low,35.24,-68.88900538961961,-68.89010268540774,-69.35267117415931,0.012496277742610175
low,35.25,-68.8896304488881,-68.8907241059688,-69.35262521098943,0.012454692830160092
low,35.26,-68.8902549376626,-68.89134496809957,-69.35257962584063,0.012413246303314059
low,35.27,-68.89087885624794,-68.89196527206495,-69.3525344180825,0.012371937701554623
low,35.28000000000001,-68.89150220495053,-68.89258501813148,-69.35248958708536,0.012330766565896947
low,35.29,-68.89212498407825,-68.89320420656738,-69.3524451322202,0.01228973243888355
low,35.300000000000004,-68.89274719394048,-68.8938228376424,-69.3524010528587,0.012248834864579212
low,35.31,-68.89336883484815,-68.89444091162807,-69.35235734837325,0.012208073388566085
low,35.32000000000001,-68.89398990711359,-68.89505842879741,-69.35231401813692,0.012167447557938397
low,35.33,-68.8946104110507,-68.89567538942511,-69.35227106152345,0.012126956921297687
low,35.34,-68.89523034697474,-68.89629179378741,-69.35222847790735,0.012086601028747488
low,35.35,-68.89584971520252,-68.89690764216219,-69.35218626666368,0.012046379431888654
low,35.36,-68.89646851605224,-68.89752293482888,-69.3521444271683,0.012006291683814077
low,35.370000000000005,-68.89708674984361,-68.8981376720685,-69.35210295879772,0.011966337339103966
low,35.38,-68.89770441689767,-68.89875185416356,-69.35206186092918,0.011926515953820754
low,35.39000000000001,-68.89832151753696,-68.89936548139822,-69.35202113294058,0.011886827085504141
low,35.4,-68.8989380520854,-68.89997855405808,-69.3519807742105,0.011847270293166356
low,35.410000000000004,-68.89955402086831,-68.90059107243033,-69.35194078411828,0.011807845137287028
low,35.42,-68.90016942421242,-68.90120303680368,-69.35190116204386,0.011768551179808504
low,35.43,-68.90078426244582,-68.90181444746831,-69.35186190736793,0.011729387984130802
low,35.440000000000005,-68.901398535898,-68.9024253047159,-69.35182301947187,0.011690355115106937
low,35.45,-68.90201224489981,-68.90303560883973,-69.35178449773771,0.011651452139037977
low,35.46000000000001,-68.90262538978347,-68.90364536013442,-69.35174634154826,0.011612678623668181
low,35.47,-68.90323797088249,-68.90425455889614,-69.35170855028696,0.01157403413818037
low,35.480000000000004,-68.90384998853183,-68.9048632054225,-69.35167112333792,0.01153551825319093
low,35.49,-68.90446144306766,-68.90547130001256,-69.35163406008604,0.011497130540745222
low,35.50000000000001,-68.90507233482757,-68.90607884296689,-69.35159735991682,0.011458870574312665
low,35.51,-68.9056826641504,-68.9066858345874,-69.3515610222165,0.011420737928782187
low,35.52,-68.90629243137636,-68.90729227517751,-69.351525046372,0.011382732180457282
low,35.53000000000001,-68.90690163684687,-68.907898165042,-69.35148943177094,0.01134485290705148
low,35.54,-68.9075102809047,-68.90850350448709,-69.35145417780164,0.011307099687683614
low,35.550000000000004,-68.90811836389392,-68.90910829382038,-69.35141928385312,0.01126947210287303
low,35.56,-68.90872588615981,-68.9097125333509,-69.35138474931509,0.011231969734535106
low,35.57000000000001,-68.90933284804896,-68.91031622338906,-69.35135057357793,0.011194592165976423
low,35.58,-68.90993924990917,-68.91091936424658,-69.35131675603276,0.011157338981890343
low,35.59,-68.91054509208954,-68.91152195623661,-69.35128329607136,0.011120209768352162
low,35.6,-68.91115037494035,-68.91212399967363,-69.35125019308623,0.01108320411281472
low,35.61,-68.91175509881319,-68.9127254948735,-69.35121744647057,0.01104632160410364
low,35.620000000000005,-68.9123592640608,-68.91332644215338,-69.35118505561826,0.011009561832412914
low,35.63,-68.91296287103714,-68.91392684183178,-69.35115301992386,0.010972924389300302
low,35.64000000000001,-68.91356592009741,-68.91452669422854,-69.35112133878266,0.010936408867682644
low,35.65,-68.91416841159797,-68.91512599966478,-69.35109001159064,0.010900014861831614
low,35.660000000000004,-68.91477034589641,-68.91572475846297,-69.35105903774446,0.010863741967368936
low,35.67,-68.9153717233515,-68.91632297094687,-69.35102841664151,0.01082758978126214
low,35.68000000000001,-68.91597254432311,-68.91692063744148,-69.35099814767985,0.010791557901819845
low,35.69,-68.91657280917234,-68.91751775827314,-69.35096823025823,0.010755645928687498
low,35.7,-68.91717251826142,-68.91811433376942,-69.35093866377612,0.010719853462842766
low,35.71000000000001,-68.91777167195377,-68.91871036425917,-69.35090944763365,0.01068418010659125
low,35.72,-68.91837027061392,-68.91930585007253,-69.35088058123172,0.010648625463561967
low,35.730000000000004,-68.91896831460753,-68.91990079154081,-69.35085206397184,0.010613189138702918
low,35.74,-68.91956580430136,-68.92049518899663,-69.35082389525631,0.010577870738276847
low,35.75000000000001,-68.92016274006339,-68.9210890427738,-69.35079607448803,0.010542669869856676
low,35.76,-68.92075912226255,-68.92168235320737,-69.35076860107067,0.010507586142321319
low,35.77,-68.92135495126902,-68.9222751206336,-69.35074147440858,0.010472619165851174
low,35.78000000000001,-68.92195022745398,-68.92286734538995,-69.35071469390677,0.010437768551923958
low,35.79,-68.92254495118974,-68.92345902781507,-69.35068825897102,0.010403033913310277
low,35.800000000000004,-68.92313912284968,-68.92405016824883,-69.35066216900773,0.010368414864069298
low,35.81,-68.92373274280823,-68.92464076703227,-69.35063642342406,0.01033391101954462
low,35.82000000000001,-68.92432581144094,-68.92523082450758,-69.35061102162784,0.010299521996359789
low,35.83,-68.92491832912432,-68.92582034101814,-69.35058596302761,0.010265247412414233
low,35.84,-68.92551029623606,-68.92640931690849,-69.35056124703257,0.01023108688687884
low,35.85,-68.92610171315475,-68.92699775252431,-69.35053687305268,0.01019704004019192
low,35.86,-68.92669258026011,-68.92758564821243,-69.35051284049854,0.010163106494054781
low,35.870000000000005,-68.92728289793286,-68.92817300432078,-69.35048914878149,0.010129285871427684
low,35.88,-68.92787266655473,-68.9287598211985,-69.35046579731356,0.010095577796525614
low,35.89000000000001,-68.92846188650844,-68.92934609919577,-69.35044278550747,0.01006198189481402
low,35.9,-68.92905055817778,-68.92993183866389,-69.35042011277659,0.010028497793004795
low,35.910000000000004,-68.92963868194745,-68.9305170399553,-69.35039777853511,0.00999512511905197
low,35.92,-68.93022625820323,-68.93110170342351,-69.3503757821978,0.009961863502147771
low,35.93000000000001,-68.93081328733182,-68.93168582942313,-69.3503541231802,0.00992871257271828
low,35.94,-68.93139976972088,-68.93226941830986,-69.35033280089849,0.009895671962419557
low,35.95,-68.93198570575912,-68.93285247044044,-69.3503118147696,0.0098627413041333
low,35.96000000000001,-68.93257109583612,-68.93343498617271,-69.35029116421116,0.009829920231963002
low,35.97,-68.93315594034247,-68.93401696586555,-69.35027084864143,0.009797208381229772
low,35.980000000000004,-68.9337402396697,-68.9345984098789,-69.35025086747943,0.00976460538846822
low,35.99,-68.93432399421027,-68.93517931857376,-69.35023122014489,0.009732110891422572
low,36.00000000000001,-68.93490720435756,-68.93575969231212,-69.35021190605819,0.009699724529042483
low,36.01,-68.93548987050588,-68.93633953145705,-69.35019292464044,0.0096674459414792
low,36.02,-68.93607199305045,-68.93691883637258,-69.3501742753134,0.00963527477008138
low,36.03,-68.93665357238744,-68.93749760742382,-69.35015595749962,0.009603210657391255
low,36.04,-68.9372346089139,-68.93807584497685,-69.35013797062224,0.009571253247140546
low,36.050000000000004,-68.93781510302776,-68.93865354939878,-69.35012031410518,0.009539402184246615
low,36.06,-68.93839505512784,-68.93923072105767,-69.35010298737302,0.009507657114808447
low,36.07000000000001,-68.93897446561394,-68.93980736032259,-69.35008598985104,0.009476017686102676
low,36.08,-68.93955333488657,-68.94038346756358,-69.35006932096525,0.009444483546579823
low,36.09,-68.94013166334724,-68.94095904315168,-69.35005298014228,0.00941305434586019
low,36.1,-68.94070945139826,-68.94153408745885,-69.35003696680955,0.00938172973473015
low,36.11000000000001,-68.94128669944287,-68.94210860085803,-69.35002128039513,0.009350509365138102
low,36.120000000000005,-68.94186340788505,-68.94268258372313,-69.35000592032777,0.00931939289019076
low,36.13,-68.9424395771297,-68.94325603642896,-69.34999088603698,0.009288379964149204
low,36.14000000000001,-68.94301520758258,-68.94382895935132,-69.3499761769529,0.00925747024242501
low,36.15,-68.94359029965017,-68.94440135286686,-69.34996179250636,0.00922666338157655
low,36.160000000000004,-68.94416485373986,-68.94497321735324,-69.349947732129,0.009195959039305018
low,36.17,-68.9447388702599,-68.945544553189,-69.349933995253,0.00916535687445077
low,36.18000000000001,-68.94531234961923,-68.94611536075355,-69.34992058131135,0.009134856546989395
low,36.19,-68.94588529222767,-68.94668564042728,-69.34990748973772,0.009104457718028102
low,36.2,-68.94645769849585,-68.9472553925914,-69.34989471996641,0.00907416004980177
low,36.21000000000001,-68.9470295688351,-68.94782461762804,-69.34988227143252,0.009043963205669343
low,36.22,-68.94760090365767,-68.94839331592024,-69.34987014357175,0.009013866850110045
low,36.230000000000004,-68.94817170337649,-68.94896148785188,-69.34985833582056,0.008983870648719573
low,36.24,-68.94874196840526,-68.9495291338077,-69.34984684761604,0.008953974268206544
low,36.25000000000001,-68.94931169915851,-68.9500962541733,-69.34983567839606,0.008924177376388582
low,36.26,-68.9498808960515,-68.95066284933522,-69.34982482759914,0.008894479642188861
low,36.27,-68.95044955950021,-68.95122891968074,-69.34981429466447,0.008864880735632203
low,36.28,-68.95101768992143,-68.95179446559803,-69.34980407903198,0.008835380327841612
low,36.290000000000006,-68.95158528773264,-68.95235948747607,-69.34979418014231,0.008805978091034436
low,36.300000000000004,-68.95215235335208,-68.95292398570474,-69.34978459743671,0.00877667369851886
low,36.31,-68.95271888719869,-68.95348796067466,-69.34977533035722,0.008747466824690252
low,36.32000000000001,-68.95328488969218,-68.9540514127773,-69.34976637834652,0.008718357145027453
low,36.33,-68.95385036125293,-68.95461434240494,-69.34975774084799,0.00868934433608931
low,36.34,-68.95441530230205,-68.95517674995067,-69.34974941730574,0.008660428075510943
low,36.35,-68.9549797132614,-68.95573863580836,-69.34974140716454,0.008631608042000312
low,36.36000000000001,-68.95554359455342,-68.95630000037268,-69.34973370986985,0.008602883915334491
low,36.37,-68.95610694660137,-68.95686084403908,-69.34972632486785,0.008574255376356253
low,36.38,-68.95666976982912,-68.9574211672038,-69.34971925160538,0.008545722106970384
low,36.39000000000001,-68.95723206466123,-68.95798097026388,-69.34971248953,0.0085172837901403
low,36.4,-68.95779383152296,-68.95854025361702,-69.34970603809,0.008488940109884413
low,36.410000000000004,-68.95835507084026,-68.9590990176618,-69.34969989673426,0.008460690751272615
low,36.42,-68.95891578303964,-68.9596572627975,-69.34969406491246,0.008432535400422896
low,36.43000000000001,-68.9594759685484,-68.96021498942414,-69.34968854207489,0.0084044737444977
low,36.44,-68.96003562779438,-68.9607721979425,-69.3496833276726,0.008376505471700593
low,36.45,-68.96059476120615,-68.96132888875408,-69.34967842115728,0.008348630271272656
low,36.46000000000001,-68.96115336921288,-68.96188506226115,-69.34967382198134,0.00832084783348919
low,36.47,-68.96171145224433,-68.96244071886662,-69.34966952959788,0.008293157849656162
low,36.480000000000004,-68.96226901073099,-68.96299585897421,-69.34966554346069,0.008265560012106762
low,36.49,-68.96282604510388,-68.9635504829883,-69.34966186302424,0.008238054014198108
low,36.50000000000001,-68.9633825557947,-68.96410459131395,-69.34965848774371,0.008210639550307685
low,36.51,-68.96393854323571,-68.96465818435702,-69.34965541707498,0.008183316315830086
low,36.52,-68.96449400785984,-68.96521126252395,-69.34965265047458,0.008156084007173499
low,36.53,-68.96504895010054,-68.96576382622192,-69.34965018739975,0.008128942321756477
low,36.540000000000006,-68.96560337039195,-68.96631587585881,-69.34964802730845,0.008101890958004418
low,36.550000000000004,-68.96615726916866,-68.96686741184313,-69.3496461696593,0.008074929615346364
low,36.56,-68.966710646866,-68.96741843458409,-69.3496446139116,0.008048057994211572
low,36.57000000000001,-68.96726350391981,-68.96796894449157,-69.34964335952536,0.008021275796026156
low,36.58,-68.96781584076646,-68.96851894197609,-69.34964240596128,0.00799458272320991
low,36.59,-68.96836765784295,-68.96906842744882,-69.34964175268074,0.007967978479172824
low,36.6,-68.96891895558682,-68.9696174013216,-69.34964139914582,0.007941462768311936
low,36.61000000000001,-68.96946973443616,-68.97016586400687,-69.3496413448193,0.007915035296007938
low,36.62,-68.97001999482961,-68.97071381591778,-69.3496415891646,0.007888695768622011
low,36.63,-68.97056973720639,-68.97126125746804,-69.3496421316459,0.007862443893492436
low,36.64000000000001,-68.9711189620062,-68.971808189072,-69.34964297172799,0.00783627937893145
low,36.65,-68.97166766966933,-68.97235461114465,-69.3496441088764,0.007810201934221983
low,36.660000000000004,-68.97221586063657,-68.97290052410159,-69.34964554255734,0.007784211269614343
low,36.67,-68.97276353534923,-68.973445928359,-69.34964727223769,0.007758307096323132
low,36.68000000000001,-68.9733106942492,-68.97399082433371,-69.34964929738504,0.007732489126523899
low,36.69,-68.97385733777878,-68.97453521244312,-69.34965161746766,0.00770675707335009
low,36.7,-68.97440346638086,-68.97507909310518,-69.34965423195449,0.007681110650889701
low,36.71,-68.97494908049882,-68.97562246673853,-69.34965714031517,0.0076555495741822506
low,36.720000000000006,-68.97549418057653,-68.97616533376228,-69.34966034202002,0.007630073559215476
low,36.730000000000004,-68.97603876705836,-68.97670769459621,-69.34966383654005,0.007604682322922309
low,36.74,-68.97658284038914,-68.97724954966061,-69.34966762334696,0.007579375583177647
low,36.75000000000001,-68.97712640101423,-68.97779089937634,-69.34967170191314,0.0075541530587952006
low,36.76,-68.97766944937942,-68.97833174416485,-69.34967607171166,0.007529014469524477
low,36.77,-68.97821198593101,-68.9788720844481,-69.34968073221626,0.007503959536047529
low,36.78,-68.97875401111577,-68.97941192064864,-69.34968568290137,0.007478987979975972
low,36.790000000000006,-68.9792955253809,-68.97995125318958,-69.34969092324211,0.007454099523847784
low,36.800000000000004,-68.9798365291741,-68.98049008249448,-69.34969645271431,0.007429293891124334
low,36.81,-68.98037702294349,-68.98102840898754,-69.34970227079444,0.0074045708061872325
low,36.82000000000001,-68.98091700713765,-68.9815662330934,-69.34970837695967,0.007379929994335247
low,36.83,-68.98145648220563,-68.98210355523729,-69.34971477068784,0.0073553711817813654
low,36.84,-68.98199544859685,-68.98264037584491,-69.34972145145748,0.0073308940956495995
low,36.85,-68.98253390676125,-68.98317669534251,-69.34972841874784,0.007306498463972124
low,36.86000000000001,-68.98307185714917,-68.98371251415685,-69.3497356720388,0.007282184015686057
low,36.87,-68.98360930021134,-68.98424783271514,-69.34974321081094,0.007257950480630659
low,36.88,-68.98414623639894,-68.98478265144514,-69.34975103454553,0.007233797589544143
low,36.89000000000001,-68.98468266616356,-68.98531697077509,-69.34975914272451,0.007209725074060825
low,36.900000000000006,-68.98521858995723,-68.98585079113373,-69.34976753483049,0.0071857326667080735
low,36.910000000000004,-68.98575400823233,-68.98638411295025,-69.3497762103468,0.007161820100903305
low,36.92,-68.98628892144167,-68.98691693665432,-69.34978516875739,0.007137987110951136
low,36.93000000000001,-68.98682333003848,-68.98744926267614,-69.34979440954697,0.00711423343204029
low,36.94,-68.9873572344763,-68.9879810914463,-69.34980393220086,0.007090558800240782
low,36.95,-68.9878906352092,-68.9885124233959,-69.34981373620508,0.007066962952500872
low,36.96,-68.98842353269148,-68.98904325895651,-69.34982382104633,0.007043445626644269
low,36.970000000000006,-68.98895592737793,-68.98957359856011,-69.349834186212,0.007020006561367081
low,36.980000000000004,-68.98948781972365,-68.99010344263918,-69.34984483119013,0.006996645496235013
low,36.99,-68.99001921018413,-68.9906327916266,-69.34985575546946,0.00697336217168046
low,37.00000000000001,-68.99055009921521,-68.99116164595569,-69.34986695853942,0.006950156328999544
low,37.01,-68.99108048727315,-68.99169000606025,-69.3498784398901,0.006927027710349354
low,37.02,-68.9916103748145,-68.99221787237448,-69.34989019901224,0.006903976058744972
low,37.03,-68.99213976229615,-68.992745245333,-69.3499022353973,0.006881001118056733
low,37.040000000000006,-68.9926686501754,-68.99327212537086,-69.34991454853738,0.006858102633007253
low,37.05,-68.9931970389099,-68.99379851292353,-69.34992713792532,0.00683528034916871
low,37.06,-68.99372492895753,-68.99432440842689,-69.34994000305454,0.006812534012959904
low,37.07000000000001,-68.99425232077662,-68.99484981231721,-69.34995314341923,0.006789863371643558
low,37.08,-68.99477921482574,-68.99537472503117,-69.34996655851415,0.006767268173323431
low,37.09,-68.99530561156388,-68.99589914700587,-69.34998024783484,0.006744748166941501
low,37.1,-68.99583151145026,-68.99642307867877,-69.34999421087745,0.0067223031022752774
low,37.11000000000001,-68.99635691494447,-68.99694652048775,-69.35000844713882,0.006699932729934895
low,37.12,-68.99688182250642,-68.99746947287106,-69.35002295611646,0.006677636801360452
low,37.13,-68.99740623459627,-68.99799193626731,-69.35003773730855,0.006655415068819152
low,37.14000000000001,-68.99793015167455,-68.99851391111552,-69.35005279021398,0.006633267285402642
low,37.150000000000006,-68.998453574202,-68.99903539785505,-69.35006811433223,0.006611193205024232
low,37.160000000000004,-68.9989765026398,-68.99955639692567,-69.35008370916354,0.006589192582416104
low,37.17,-68.9994989374493,-69.00007690876747,-69.35009957420877,0.0065672651731266945
low,37.18000000000001,-69.00002087909218,-69.0005969338209,-69.35011570896948,0.006545410733517865
low,37.19,-69.00054232803036,-69.0011164725268,-69.35013211294786,0.006523629020762323
low,37.2,-69.00106328472614,-69.00163552532632,-69.35014878564678,0.006501919792840781
low,37.21,-69.001583749642,-69.00215409266096,-69.35016572656984,0.006480282808539396
low,37.220000000000006,-69.0021037232407,-69.00267217497256,-69.35018293522121,0.006458717827446982
low,37.230000000000004,-69.00262320598532,-69.00318977270334,-69.35020041110582,0.006437224609952436
low,37.24,-69.00314219833913,-69.00370688629579,-69.35021815372922,0.006415802917242017
low,37.25000000000001,-69.00366070076576,-69.00422351619275,-69.35023616259761,0.006394452511296667
low,37.26,-69.00417871372899,-69.00473966283742,-69.35025443721791,0.006373173154889469
low,37.27,-69.00469623769293,-69.00525532667326,-69.3502729770977,0.0063519646115828814
low,37.28,-69.00521327312187,-69.00577050814408,-69.35029178174517,0.006330826645726228
low,37.290000000000006,-69.0057298204804,-69.00628520769399,-69.35031085066926,0.006309759022452975
low,37.3,-69.00624588023328,-69.0067994257674,-69.35033018337948,0.0062887615076782375
low,37.31,-69.0067614528456,-69.00731316280904,-69.3503497793861,0.006267833868096051
low,37.32000000000001,-69.0072765387826,-69.00782641926395,-69.35036963819996,0.006246975871176877
low,37.330000000000005,-69.0077911385098,-69.00833919557742,-69.35038975933267,0.006226187285165003
low,37.34,-69.00830525249293,-69.00885149219508,-69.35041014229643,0.0062054678790758955
low,37.35,-69.00881888119791,-69.0093633095628,-69.35043078660412,0.006184817422693744
low,37.36000000000001,-69.0093320250909,-69.00987464812675,-69.3504516917693,0.00616423568656879
low,37.37,-69.00984468463827,-69.01038550833341,-69.35047285730616,0.0061437224420149
low,37.38,-69.0103568603066,-69.01089589062948,-69.35049428272958,0.006123277461106895
low,37.39,-69.01086855256268,-69.011405795462,-69.35051596755513,0.006102900516678132
low,37.400000000000006,-69.01137976187348,-69.01191522327818,-69.35053791129897,0.0060825913823178805
low,37.410000000000004,-69.01189048870619,-69.01242417452558,-69.35056011347797,0.006062349832368906
low,37.42,-69.01240073352815,-69.01293264965196,-69.35058257360966,0.006042175641924892
low,37.43000000000001,-69.012910496807,-69.01344064910538,-69.3506052912122,0.006022068586827935
low,37.44,-69.0134197790104,-69.0139481733341,-69.35062826580446,0.006002028443666138
low,37.45,-69.01392858060635,-69.0144552227867,-69.35065149690593,0.0059820549897710035
low,37.46,-69.01443690206293,-69.01496179791194,-69.35067498403674,0.005962148003215097
low,37.470000000000006,-69.01494474384843,-69.01546789915882,-69.35069872671774,0.005942307262809434
low,37.480000000000004,-69.01545210643133,-69.01597352697665,-69.35072272447042,0.0059225325481011585
low,37.49,-69.01595899028024,-69.01647868181487,-69.35074697681686,0.005902823639371032
low,37.50000000000001,-69.01646539586392,-69.0169833641232,-69.35077148327993,0.00588318031763095
low,37.510000000000005,-69.01697132365138,-69.0174875743516,-69.350796243383,0.005863602364621601
low,37.52,-69.01747677411169,-69.0179913129502,-69.35082125665022,0.005844089562809945
low,37.53,-69.01798174771413,-69.0184945803694,-69.35084652260635,0.005824641695386906
low,37.540000000000006,-69.01848624492811,-69.01899737705979,-69.35087204077679,0.00580525854626484
low,37.55,-69.01899026622317,-69.01949970347214,-69.35089781068764,0.0057859399000752465
low,37.56,-69.01949381206904,-69.02000156005747,-69.3509238318656,0.005766685542166275
low,37.57000000000001,-69.01999688293554,-69.02050294726699,-69.35095010383807,0.005747495258600439
low,37.580000000000005,-69.02049947929268,-69.02100386555209,-69.35097662613308,0.005728368836152172
low,37.59,-69.02100160161055,-69.02150431536438,-69.3510033982793,0.005709306062305447
low,37.6,-69.02150325035942,-69.02200429715566,-69.3510304198061,0.005690306725251502
low,37.61000000000001,-69.02200442600963,-69.02250381137789,-69.35105769024347,0.005671370613886369
low,37.62,-69.0225051290317,-69.02300285848327,-69.35108520912203,0.0056524975178086365
low,37.63,-69.02300535989625,-69.0235014389241,-69.3511129759731,0.005633687227317019
low,37.64,-69.02350511907396,-69.0239995531529,-69.35114099032862,0.005614939533408123
low,37.650000000000006,-69.02400440703572,-69.0244972016224,-69.35116925172119,0.005596254227774023
low,37.660000000000004,-69.02450322425248,-69.02499438478542,-69.35119775968406,0.0055776311028000215
low,37.67,-69.02500157119529,-69.02549110309502,-69.35122651375114,0.00555906995156234
low,37.68000000000001,-69.0254994483353,-69.02598735700437,-69.35125551345698,0.005540570567825746
low,37.69,-69.02599685614378,-69.02648314696684,-69.35128475833676,0.005522132746041361
low,37.7,-69.0264937950921,-69.02697847343593,-69.35131424792631,0.005503756281344286
low,37.71,-69.0269902656517,-69.02747333686531,-69.35134398176217,0.005485440969551419
low,37.720000000000006,-69.02748626829415,-69.02796773770879,-69.35137395938146,0.005467186607159083
low,37.73,-69.02798180349106,-69.02846167642032,-69.35140418032195,0.005448992991340861
low,37.74,-69.02847687171415,-69.028955153454,-69.35143464412208,0.005430859919945254
low,37.75000000000001,-69.02897147343523,-69.02944816926409,-69.35146535032094,0.0054127871914935195
low,37.760000000000005,-69.02946560912615,-69.02994072430494,-69.35149629845826,0.005394774605177398
low,37.77,-69.0299592792589,-69.03043281903106,-69.3515274880744,0.0053768219608568155
low,37.78,-69.03045248430546,-69.03092445389711,-69.35155891871035,0.005358929059057797
low,37.790000000000006,-69.03094522473795,-69.03141562935782,-69.3515905899078,0.005341095700970108
low,37.8,-69.0314375010285,-69.03190634586812,-69.35162250120905,0.005323321688445172
low,37.81,-69.03192931364937,-69.032396603883,-69.35165465215702,0.0053056068239937535
low,37.82000000000001,-69.03242066307277,-69.03288640385755,-69.35168704229531,0.005287950910783849
low,37.830000000000005,-69.03291154977109,-69.03337574624702,-69.35171967116815,0.005270353752638479
low,37.84,-69.03340197421669,-69.03386463150677,-69.35175253832043,0.005252815154033463
low,37.85,-69.03389193688201,-69.03435306009226,-69.35178564329763,0.0052353349200953215
low,37.86000000000001,-69.03438143823955,-69.03484103245903,-69.3518189856459,0.005217912856599028
low,37.87,-69.0348704787618,-69.03532854906273,-69.35185256491206,0.005200548769965946
low,37.88,-69.03535905892139,-69.03581561035911,-69.35188638064352,0.005183242467261583
low,37.89,-69.03584717919088,-69.03630221680406,-69.35192043238834,0.005165993756193523
low,37.900000000000006,-69.03633484004295,-69.0367883688535,-69.35195471969526,0.005148802445109223
low,37.910000000000004,-69.03682204195026,-69.03727406696343,-69.35198924211359,0.005131668342993954
low,37.92,-69.03730878538552,-69.03775931159,-69.35202399919334,0.005114591259468635
low,37.93000000000001,-69.03779507082146,-69.03824410318936,-69.3520589904851,0.005097571004787692
low,37.940000000000005,-69.03828089873085,-69.03872844221785,-69.35209421554016,0.005080607389837039
low,37.95,-69.03876626958646,-69.03921232913176,-69.3521296739104,0.005063700226131866
low,37.96,-69.03925118386107,-69.03969576438752,-69.35216536514834,0.005046849325814644
low,37.970000000000006,-69.03973564202752,-69.04017874844162,-69.35220128880715,0.005030054501652952
low,37.98,-69.04021964455862,-69.04066128175064,-69.35223744444062,0.005013315567037485
low,37.99,-69.04070319192722,-69.0411433647712,-69.3522738316032,0.004996632335979886
low,38.00000000000001,-69.04118628460617,-69.04162499795997,-69.35231044984994,0.004980004623110756
low,38.010000000000005,-69.04166892306829,-69.04210618177372,-69.35234729873653,0.004963432243677575
low,38.02,-69.04215110778645,-69.04258691666922,-69.35238437781932,0.0049469150135426
low,38.03,-69.04263283923352,-69.04306720310332,-69.35242168665526,0.004930452749180902
low,38.040000000000006,-69.04311411788233,-69.04354704153295,-69.35245922480195,0.0049140452676782395
low,38.05,-69.0435949442057,-69.044026432415,-69.3524969918176,0.0048976923867291204
low,38.06,-69.04407531867646,-69.04450537620649,-69.35253498726107,0.004881393924634672
low,38.07,-69.04455524176743,-69.04498387336444,-69.35257321069186,0.004865149700300737
low,38.080000000000005,-69.04503471395144,-69.04546192434591,-69.35261166167005,0.004848959533235729
low,38.09,-69.04551373570123,-69.04593952960803,-69.35265033975641,0.004832823243548754
low,38.1,-69.04599230748961,-69.04641668960791,-69.35268924451228,0.004816740651947551
low,38.11000000000001,-69.0464704297893,-69.04689340480272,-69.3527283754997,0.004800711579736472
low,38.120000000000005,-69.04694810307303,-69.04736967564963,-69.35276773228127,0.004784735848814568
low,38.13,-69.04742532781349,-69.04784550260587,-69.35280731442022,0.004768813281673529
low,38.14,-69.0479021044833,-69.04832088612866,-69.35284712148047,0.004752943701395807
low,38.150000000000006,-69.04837843355514,-69.04879582667529,-69.35288715302649,0.0047371269316525445
low,38.160000000000004,-69.04885431550159,-69.049270324703,-69.3529274086234,0.0047213627967017
low,38.17,-69.04932975079521,-69.04974438066907,-69.352967887837,0.00470565112138607
low,38.18000000000001,-69.04980473990852,-69.0502179950308,-69.35300859023361,0.004689991731131306
low,38.190000000000005,-69.05027928331396,-69.05069116824548,-69.35304951538028,0.004674384451944034
low,38.2,-69.05075338148397,-69.05116390077043,-69.35309066284461,0.004658829110409862
low,38.21,-69.05122703489094,-69.05163619306295,-69.35313203219482,0.004643325533691527
low,38.220000000000006,-69.05170024400718,-69.05210804558031,-69.35317362299982,0.004627873549526883
low,38.23,-69.052173009305,-69.05257945877986,-69.35321543482905,0.004612472986227077
low,38.24,-69.05264533125656,-69.05305043311888,-69.35325746725267,0.00459712367267456
low,38.25000000000001,-69.05311721033408,-69.05352096905465,-69.35329971984136,0.00458182543832126
low,38.260000000000005,-69.0535886470096,-69.05399106704445,-69.35334219216652,0.004566578113186643
low,38.27,-69.05405964175523,-69.05446072754553,-69.35338488380008,0.00455138152785581
low,38.28,-69.05453019504287,-69.05492995101515,-69.35342779431464,0.004536235513477678
low,38.290000000000006,-69.05500030734449,-69.05539873791055,-69.35347092328338,0.004521139901763023
low,38.3,-69.05546997913191,-69.05586708868894,-69.35351427028013,0.004506094524982688
low,38.31,-69.05593921087687,-69.05633500380748,-69.35355783487935,0.004491099215965643
low,38.32,-69.05640800305108,-69.05680248372335,-69.35360161665608,0.004476153808097216
low,38.330000000000005,-69.05687635612612,-69.05726952889366,-69.353645615186,0.004461258135317144
low,38.34,-69.0573442705736,-69.05773613977551,-69.35368983004537,0.004446412032117802
low,38.35,-69.05781174686489,-69.05820231682598,-69.35373426081111,0.004431615333542352
low,38.36000000000001,-69.05827878547142,-69.0586680605021,-69.35377890706074,0.004416867875182855
low,38.370000000000005,-69.05874538686442,-69.05913337126084,-69.35382376837237,0.004402169493178538
low,38.38,-69.05921155151512,-69.05959824955914,-69.35386884432475,0.004387520024213865
low,38.39,-69.0596772798946,-69.06006269585394,-69.35391413449723,0.004372919305516834
low,38.400000000000006,-69.0601425724739,-69.06052671060208,-69.3539596384698,0.004358367174857064
low,38.41,-69.0606074297239,-69.06099029426035,-69.354005355823,0.004343863470544088
low,38.42,-69.06107185211545,-69.06145344728554,-69.35405128613803,0.004329408031425467
low,38.43000000000001,-69.06153584011926,-69.06191617013437,-69.35409742899671,0.0043150006968850655
low,38.440000000000005,-69.06199939420588,-69.06237846326343,-69.3541437839814,0.004300641306841256
low,38.45,-69.06246251484595,-69.06284032712936,-69.35419035067515,0.004286329701745094
low,38.46,-69.06292520250977,-69.0633017621887,-69.35423712866158,0.004272065722578612
low,38.470000000000006,-69.06338745766769,-69.06376276889789,-69.35428411752494,0.004257849210852988
low,38.48,-69.06384928078987,-69.06422334771335,-69.35433131685004,0.004243680008606856
low,38.49,-69.0643106723464,-69.06468349909143,-69.35437872622234,0.004229557958404471
low,38.50000000000001,-69.06477163280725,-69.06514322348842,-69.3544263452279,0.0042154829033340235
low,38.510000000000005,-69.06523216264225,-69.06560252136047,-69.35447417345338,0.004201454687005883
low,38.52,-69.06569226232112,-69.06606139316374,-69.35452221048607,0.004187473153550814
low,38.53,-69.06615193231349,-69.06651983935426,-69.35457045591377,0.004173538147618319
low,38.540000000000006,-69.06661117308877,-69.066977860388,-69.35461890932501,0.004159649514374834
low,38.550000000000004,-69.06706998511638,-69.06743545672086,-69.35466757030885,0.004145807099502093
low,38.56,-69.06752836886552,-69.06789262880862,-69.35471643845497,0.004132010749195325
low,38.57,-69.06798632480529,-69.06834937710704,-69.35476551335368,0.004118260310161621
low,38.580000000000005,-69.06844385340469,-69.06880570207176,-69.35481479459584,0.004104555629618165
low,38.59,-69.06890095513249,-69.06926160415829,-69.35486428177293,0.0040908965552906035
low,38.6,-69.06935763045746,-69.06971708382211,-69.35491397447704,0.004077282935411307
low,38.61000000000001,-69.06981387984808,-69.07017214151857,-69.35496387230087,0.004063714618717673
low,38.620000000000005,-69.07026970377285,-69.07062677770296,-69.3550139748377,0.00405019145445051
low,38.63,-69.0707251027,-69.0710809928304,-69.35506428168142,0.004036713292352281
low,38.64,-69.07118007709765,-69.07153478735599,-69.35511479242652,0.004023279982665504
low,38.650000000000006,-69.07163462743384,-69.07198816173468,-69.35516550666806,0.004009891376131026
low,38.66,-69.07208875417636,-69.07244111642133,-69.35521642400175,0.003996547323986438
low,38.67,-69.07254245779293,-69.0728936518707,-69.35526754402383,0.003983247677964332
low,38.68000000000001,-69.07299573875109,-69.07334576853744,-69.3553188663312,0.003969992290290743
low,38.690000000000005,-69.07344859751821,-69.07379746687607,-69.35537039052133,0.0039567810136834514
low,38.7,-69.07390103456156,-69.07424874734103,-69.35542211619223,0.0039436137013503444
low,38.71,-69.07435305034818,-69.0746996103866,-69.35547404294262,0.003930490206987833
low,38.720000000000006,-69.07480464534498,-69.07515005646701,-69.35552617037173,0.003917410384779164
low,38.730000000000004,-69.07525582001878,-69.0756000860363,-69.35557849807941,0.003904374089392857
low,38.74,-69.07570657483608,-69.07604969954843,-69.3556310256661,0.003891381175981035
low,38.75,-69.07615691026336,-69.07649889745723,-69.3556837527328,0.00387843150017788
low,38.760000000000005,-69.0766068267669,-69.0769476802164,-69.35573667888116,0.0038655249180979553
low,38.77,-69.07705632481277,-69.07739604827955,-69.35578980371338,0.0038526612863346633
low,38.78,-69.07750540486688,-69.07784400210008,-69.35584312683226,0.0038398404619586443
low,38.790000000000006,-69.07795406739498,-69.07829154213132,-69.35589664784118,0.0038270623025161445
low,38.800000000000004,-69.07840231286269,-69.07873866882647,-69.35595036634413,0.003814326666027497
low,38.81,-69.07885014173537,-69.07918538263858,-69.3560042819457,0.0038016334109854813
low,38.82,-69.07929755447827,-69.07963168402058,-69.35605839425105,0.0037889823963538206
low,38.830000000000005,-69.07974455155643,-69.08007757342521,-69.35611270286589,0.003776373481565539
low,38.84,-69.08019113343471,-69.08052305130512,-69.35616720739657,0.003763806526521456
low,38.85,-69.08063730057779,-69.08096811811282,-69.35622190745002,0.003751281391588622
low,38.86000000000001,-69.08108305345016,-69.08141277430063,-69.35627680263373,0.0037387979375987264
low,38.870000000000005,-69.08152839251615,-69.08185702032078,-69.35633189255579,0.0037263560258466084
low,38.88,-69.08197331823987,-69.08230085662531,-69.35638717682487,0.003713955518088661
low,38.89,-69.08241783108528,-69.08274428366614,-69.35644265505023,0.0037015962765413555
low,38.900000000000006,-69.08286193151606,-69.08318730189502,-69.3564983268417,0.003689278163879643
low,38.91,-69.08330561999585,-69.08362991176357,-69.35655419180975,0.003677001043235491
low,38.92,-69.08374889698794,-69.0840721137232,-69.35661024956532,0.003664764778196306
low,38.93000000000001,-69.08419176295553,-69.08451390822522,-69.35666649972005,0.003652569232803474
low,38.940000000000005,-69.08463421836153,-69.08495529572076,-69.35672294188608,0.0036404142715508133
low,38.95,-69.08507626366875,-69.08539627666079,-69.35677957567619,0.003628299759383057
low,38.96,-69.08551789933969,-69.08583685149611,-69.35683640070366,0.00361622556169441
low,38.970000000000006,-69.08595912583677,-69.08627702067736,-69.35689341658242,0.0036041915443269755
low,38.980000000000004,-69.08639994362208,-69.08671678465504,-69.35695062292697,0.0035921975735693492
low,38.99,-69.08684035315765,-69.08715614387945,-69.35700801935236,0.00358024351615504
low,39.0,-69.08728035490515,-69.08759509880076,-69.35706560547425,0.003568329239261087
low,39.010000000000005,-69.08771994932614,-69.08803364986889,-69.35712338090885,0.003556454610506493
low,39.02,-69.0881591368819,-69.08847179753366,-69.35718134527292,0.0035446194979508318
low,39.03,-69.08859791803357,-69.08890954224469,-69.3572394981839,0.003532823770092732
low,39.040000000000006,-69.08903629324205,-69.08934688445146,-69.35729783925969,0.003521067295868414
low,39.050000000000004,-69.08947426296798,-69.08978382460319,-69.35735636811883,0.003509349944650285
low,39.06,-69.08991182767184,-69.090220363149,-69.35741508438038,0.003497671586245416
low,39.07,-69.09034898781385,-69.09065650053779,-69.35747398766406,0.0034860320908941624
low,39.080000000000005,-69.09078574385407,-69.09109223721829,-69.35753307759009,0.0034744313292686636
low,39.089999999999996,-69.09122209625224,-69.09152757363904,-69.35759235377927,0.0034628691724714663
low,39.1,-69.09165804546798,-69.0919625102484,-69.35765181585299,0.0034513454920340283
low,39.11000000000001,-69.0920935919606,-69.09239704749452,-69.35771146343319,0.003439860159915339
low,39.120000000000005,-69.09252873618927,-69.09283118582539,-69.35777129614245,0.003428413048500492
low,39.13,-69.09296347861283,-69.09326492568879,-69.3578313136038,0.003417004030599228
low,39.14,-69.09339781968994,-69.09369826753232,-69.35789151544093,0.003405632979444575
low,39.150000000000006,-69.09383175987908,-69.09413121180339,-69.35795190127808,0.0033942997686913887
low,39.160000000000004,-69.09426529963844,-69.09456375894918,-69.35801247074005,0.0033830042724150066
low,39.17,-69.09469843942597,-69.09499590941671,-69.35807322345221,0.0033717463651097832
low,39.18000000000001,-69.09513117969942,-69.09542766365281,-69.35813415904047,0.0033605259216877466
low,39.190000000000005,-69.09556352091626,-69.09585902210405,-69.35819527713137,0.0033493428174772
low,39.2,-69.09599546353374,-69.09628998521684,-69.35825657735197,0.0033381969282213
low,39.21,-69.09642700800892,-69.0967205534374,-69.35831805932986,0.00332708813007673
low,39.220000000000006,-69.09685815479853,-69.0971507272117,-69.35837972269327,0.0033160162996122696
low,39.230000000000004,-69.09728890435913,-69.09758050698557,-69.35844156707098,0.0033049813138074854
low,39.24,-69.09771925714702,-69.09800989320456,-69.35850359209228,0.0032939830500512946
low,39.25,-69.0981492136182,-69.09843888631404,-69.35856579738706,0.003283021386140666
low,39.260000000000005,-69.09857877422851,-69.09886748675919,-69.35862818258579,0.003272096200279206
low,39.27,-69.09900793943348,-69.09929569498493,-69.35869074731946,0.0032612073710758566
low,39.28,-69.0994367096884,-69.09972351143601,-69.35875349121964,0.0032503547775435244
low,39.290000000000006,-69.09986508544833,-69.10015093655694,-69.35881641391848,0.00323953829909771
low,39.300000000000004,-69.1002930671681,-69.10057797079205,-69.35887951504864,0.0032287578155552193
low,39.31,-69.1007206553022,-69.10100461458536,-69.35894279424339,0.003218013207132778
low,39.32,-69.10114785030493,-69.10143086838079,-69.35900625113652,0.0032073043544457542
low,39.330000000000005,-69.10157465263036,-69.10185673262197,-69.3590698853624,0.0031966311385067704
low,39.34,-69.10200106273223,-69.10228220775228,-69.35913369655597,0.0031859934407244403
low,39.35,-69.10242708106408,-69.10270729421495,-69.3591976843527,0.0031753911429019993
low,39.36000000000001,-69.10285270807914,-69.10313199245294,-69.35926184838861,0.00316482412723604
low,39.370000000000005,-69.10327794423043,-69.10355630290897,-69.3593261883003,0.0031542922763151703
low,39.38,-69.10370278997067,-69.10398022602558,-69.35939070372491,0.0031437954731187026
low,39.39,-69.10412724575235,-69.10440376224504,-69.35945539430014,0.0031333336010154
low,39.400000000000006,-69.10455131202765,-69.1048269120094,-69.35952025966425,0.003122906543762117
low,39.410000000000004,-69.10497498924853,-69.10524967576049,-69.35958529945604,0.0031125141855025654
low,39.42,-69.10539827786663,-69.10567205393986,-69.35965051331488,0.0031021564107659772
low,39.43,-69.10582117833337,-69.10609404698887,-69.35971590088063,0.003091833104465876
low,39.440000000000005,-69.1062436910999,-69.10651565534867,-69.35978146179382,0.0030815441518987395
low,39.45,-69.10666581661708,-69.1069368794601,-69.35984719569542,0.003071289438742769
low,39.46,-69.10708755533545,-69.10735771976378,-69.359913102227,0.0030610688510566133
low,39.470000000000006,-69.10750890770538,-69.10777817670014,-69.35997918103067,0.0030508822752780664
low,39.480000000000004,-69.10792987417688,-69.1081982507093,-69.36004543174909,0.0030407295982228604
low,39.49,-69.1083504551997,-69.10861794223118,-69.36011185402545,0.0030306107070833545
low,39.5,-69.10877065122338,-69.10903725170546,-69.36017844750353,0.0030205254894273364
low,39.510000000000005,-69.10919046269707,-69.10945617957154,-69.36024521182763,0.0030104738331967152
low,39.52,-69.10960989006975,-69.10987472626859,-69.36031214664257,0.0030004556267063213
low,39.53,-69.11002893379,-69.11029289223553,-69.36037925159377,0.002990470758642657
low,39.540000000000006,-69.11044759430627,-69.11071067791106,-69.36044652632717,0.002980519118062627
low,39.550000000000004,-69.11086587206657,-69.11112808373356,-69.36051397048922,0.0029706005943923555
low,39.56,-69.11128376751874,-69.11154511014122,-69.360581583727,0.002960715077425909
low,39.57,-69.11170128111027,-69.11196175757196,-69.36064936568803,0.002950862457324124
low,39.580000000000005,-69.11211841328839,-69.11237802646343,-69.36071731602044,0.0029410426246133273
low,39.59,-69.11253516450006,-69.11279391725304,-69.36078543437289,0.002931255470184182
low,39.6,-69.1129515351919,-69.11320943037794,-69.36085372039454,0.0029215008852904083
low,39.61000000000001,-69.11336752581028,-69.11362456627499,-69.3609221737352,0.002911778761547639
low,39.620000000000005,-69.11378313680126,-69.11403932538087,-69.3609907940451,0.0029020889909321845
low,39.63,-69.11419836861069,-69.11445370813195,-69.36105958097505,0.002892431465779814
low,39.64,-69.11461322168395,-69.11486771496429,-69.36112853417642,0.002882806078784604
low,39.650000000000006,-69.1150276964663,-69.11528134631376,-69.36119765330109,0.002873212722997698
low,39.660000000000004,-69.11544179340258,-69.11569460261595,-69.36126693800152,0.002863651291826171
low,39.67,-69.11585551293743,-69.11610748430616,-69.36133638793065,0.002854121679031787
low,39.68,-69.11626885551514,-69.11651999181943,-69.361406002742,0.002844623778729871
low,39.690000000000005,-69.11668182157972,-69.11693212559055,-69.3614757820896,0.0028351574853880887
low,39.7,-69.11709441157485,-69.11734388605404,-69.36154572562802,0.0028257226938253146
low,39.71,-69.11750662594396,-69.11775527364415,-69.36161583301241,0.002816319299210437
low,39.720000000000006,-69.11791846513012,-69.11816628879481,-69.36168610389839,0.002806947197061185
low,39.730000000000004,-69.11832992957616,-69.11857693193976,-69.36175653794213,0.002797606283243007
low,39.74,-69.1187410197246,-69.11898720351242,-69.36182713480035,0.002788296453967865
low,39.75,-69.11915173601756,-69.11939710394591,-69.36189789413031,0.0027790176057931244
low,39.760000000000005,-69.11956207889695,-69.11980663367315,-69.36196881558975,0.002769769635620366
low,39.77,-69.11997204880439,-69.1202157931267,-69.362039898837,0.0027605524406942826
low,39.78,-69.1203816461811,-69.1206245827389,-69.36211114353088,0.0027513659186014926
low,39.790000000000006,-69.12079087146807,-69.12103300294179,-69.3621825493308,0.0027422099672694345
low,39.800000000000004,-69.12119972510597,-69.12144105416712,-69.3622541158966,0.002733084484965233
low,39.81,-69.1216082075351,-69.12184873684637,-69.36232584288875,0.0027239893702945325
low,39.82,-69.1220163191955,-69.12225605141076,-69.36239772996818,0.0027149245222004206
low,39.830000000000005,-69.12242406052692,-69.12266299829119,-69.36246977679636,0.0027058898399622577
low,39.84,-69.12283143196873,-69.12306957791829,-69.36254198303531,0.002696885223194606
low,39.85,-69.12323843396005,-69.12347579072241,-69.36261434834759,0.0026879105718460644
low,39.86000000000001,-69.12364506693964,-69.12388163713361,-69.36268687239621,0.0026789657861981944
low,39.870000000000005,-69.12405133134595,-69.12428711758166,-69.3627595548448,0.002670050766864406
low,39.88,-69.12445722761717,-69.12469223249606,-69.36283239535744,0.0026611654147888227
low,39.89,-69.12486275619109,-69.125096982306,-69.36290539359875,0.002652309631245234
low,39.900000000000006,-69.12526791750523,-69.1255013674404,-69.36297854923393,0.0026434833178359415
low,39.910000000000004,-69.12567271199676,-69.12590538832782,-69.36305186192862,0.002634686376490715
low,39.92,-69.12607714010254,-69.12630904539664,-69.36312533134902,0.00262591870946566
low,39.93,-69.12648120225914,-69.12671233907487,-69.36319895716188,0.0026171802193421766
low,39.940000000000005,-69.12688489890279,-69.12711526979025,-69.3632727390344,0.002608470809025829
low,39.95,-69.12728823046939,-69.12751783797022,-69.36334667663438,0.0025997903817453045
low,39.96,-69.12769119739448,-69.1279200440419,-69.36342076963008,0.0025911388410513312
low,39.970000000000006,-69.12809380011333,-69.12832188843218,-69.36349501769031,0.002582516090815578
low,39.980000000000004,-69.12849603906089,-69.12872337156759,-69.36356942048437,0.0025739220352296297
low,39.99,-69.12889791467173,-69.12912449387436,-69.36364397768212,0.0025653565788038802
low,40.0,-69.1292994273801,-69.12952525577846,-69.3637186889539,0.002556819626366517
low,40.010000000000005,-69.12970057762001,-69.12992565770556,-69.36379355397057,0.002548311083062414
low,40.02,-69.13010136582503,-69.13032570008097,-69.36386857240353,0.0025398308543521215
low,40.03,-69.13050179242843,-69.13072538332976,-69.36394374392468,0.0025313788460107787
low,40.040000000000006,-69.13090185786322,-69.13112470787668,-69.36401906820645,0.0025229549641271032
low,40.050000000000004,-69.13130156256194,-69.13152367414614,-69.36409454492173,0.002514559115102324
low,40.06,-69.13170090695697,-69.13192228256229,-69.36417017374397,0.0025061912056491306
low,40.07,-69.13209989148018,-69.13232053354895,-69.36424595434714,0.0024978511427906796
low,40.080000000000005,-69.13249851656325,-69.13271842752965,-69.3643218864057,0.002489538833859509
low,40.09,-69.13289678263745,-69.13311596492763,-69.36439796959465,0.002481254186496554
low,40.1,-69.13329469013372,-69.13351314616573,-69.36447420358947,0.0024729971086500805
low,40.11,-69.13369223948271,-69.13390997166658,-69.36455058806614,0.002464767508574707
low,40.120000000000005,-69.13408943111469,-69.13430644185247,-69.36462712270117,0.002456565294830339
low,40.13,-69.13448626545957,-69.13470255714536,-69.3647038071716,0.0024483903762811837
low,40.14,-69.13488274294694,-69.13509831796691,-69.36478064115494,0.0024402426620947384
low,40.150000000000006,-69.13527886400611,-69.13549372473845,-69.36485762432925,0.002432122061740751
low,40.160000000000004,-69.13567462906599,-69.13588877788105,-69.36493475637302,0.002424028484990253
low,40.17,-69.13607003855516,-69.1362834778154,-69.36501203696535,0.0024159618419145215
low,40.18,-69.13646509290186,-69.13667782496191,-69.36508946578579,0.002407922042884117
low,40.190000000000005,-69.136859792534,-69.13707181974067,-69.36516704251439,0.0023999089985678444
low,40.20000000000001,-69.1372541378791,-69.13746546257146,-69.36524476683171,0.002391922619931804
low,40.21,-69.13764812936438,-69.1378587538737,-69.36532263841882,0.0023839628182383754
low,40.220000000000006,-69.13804176741674,-69.13825169406655,-69.36540065695729,0.0023760295050452252
low,40.230000000000004,-69.13843505246268,-69.13864428356884,-69.3654788221292,0.00236812259220436
low,40.24,-69.13882798492838,-69.13903652279903,-69.36555713361716,0.0023602419918611
low,40.25,-69.13922056523967,-69.13942841217528,-69.36563559110421,0.002352387616453148
low,40.260000000000005,-69.13961279382202,-69.13981995211549,-69.36571419427392,0.002344559378709574
low,40.27,-69.1400046711006,-69.14021114303716,-69.36579294281043,0.00233675719164989
low,40.28,-69.14039619750015,-69.14060198535749,-69.36587183639827,0.0023289809685830393
low,40.290000000000006,-69.14078737344514,-69.14099247949335,-69.36595087472254,0.002321230623106465
low,40.300000000000004,-69.14117819935963,-69.14138262586133,-69.36603005746882,0.002313506069105145
low,40.31,-69.14156867566737,-69.14177242487762,-69.3661093843232,0.002305807220750613
low,40.32,-69.14195880279173,-69.14216187695814,-69.36618885497224,0.002298133992500038
low,40.330000000000005,-69.14234858115579,-69.14255098251849,-69.36626846910302,0.002290486299095239
low,40.34,-69.14273801118219,-69.14293974197389,-69.36634822640309,0.002282864055561778
low,40.35,-69.14312709329327,-69.14332815573927,-69.36642812656055,0.0022752671772079728
low,40.36,-69.143515827911,-69.14371622422924,-69.36650816926394,0.0022676955796239926
low,40.370000000000005,-69.14390421545701,-69.14410394785803,-69.36658835420232,0.0022601491786808886
low,40.38000000000001,-69.14429225635256,-69.14449132703959,-69.36666868106524,0.0022526278905296905
low,40.39,-69.14467995101856,-69.14487836218751,-69.36674914954271,0.0022451316316004556
low,40.400000000000006,-69.14506729987554,-69.14526505371506,-69.36682975932533,0.002237660318601331
low,40.410000000000004,-69.14545430334373,-69.14565140203517,-69.36691051010408,0.002230213868517662
low,40.42,-69.14584096184294,-69.14603740756046,-69.36699140157047,0.002222792198611028
low,40.43,-69.14622727579265,-69.14642307070316,-69.36707243341654,0.0022153952264183626
low,40.440000000000005,-69.14661324561204,-69.14680839187525,-69.36715360533476,0.0022080228697509987
low,40.45,-69.1469988717198,-69.14719337148831,-69.36723491701815,0.002200675046693799
low,40.46,-69.1473841545344,-69.14757800995359,-69.36731636816016,0.0021933516756041985
low,40.470000000000006,-69.1477690944738,-69.14796230768202,-69.36739795845479,0.0021860526751113357
low,40.480000000000004,-69.14815369195574,-69.14834626508419,-69.36747968759644,0.0021787779641151365
low,40.49,-69.14853794739751,-69.14872988257032,-69.36756155528009,0.0021715274617853924
low,40.5,-69.14892186121611,-69.14911316055039,-69.36764356120118,0.0021643010875609064
low,40.510000000000005,-69.14930543382812,-69.1494960994339,-69.36772570505559,0.0021570987611485406
low,40.52,-69.14968866564973,-69.14987869963014,-69.36780798653973,0.0021499204025223853
low,40.53,-69.15007155709684,-69.15026096154793,-69.3678904053505,0.002142765931922816
low,40.540000000000006,-69.15045410858498,-69.15064288559589,-69.36797296118525,0.0021356352698556473
low,40.550000000000004,-69.15083632052925,-69.15102447218219,-69.36805565374183,0.0021285283370912306
low,40.56,-69.15121819334443,-69.1514057217147,-69.3681384827186,0.002121445054663563
low,40.57,-69.15159972744495,-69.15178663460095,-69.36822144781436,0.002114385343869446
low,40.580000000000005,-69.15198092324482,-69.15216721124811,-69.3683045487284,0.0021073491262675642
low,40.59,-69.15236178115775,-69.15254745206303,-69.36838778516052,0.0021003363236776597
low,40.6,-69.15274230159702,-69.1529273574522,-69.36847115681097,0.0020933468581796205
low,40.61,-69.15312248497555,-69.15330692782172,-69.3685546633805,0.0020863806521126595
low,40.620000000000005,-69.15350233170597,-69.15368616357743,-69.36863830457031,0.002079437628074404
low,40.63000000000001,-69.15388184220043,-69.1540650651248,-69.36872208008212,0.0020725177089200753
low,40.64,-69.15426101687082,-69.1544436328689,-69.3688059896181,0.0020656208177616173
low,40.650000000000006,-69.15463985612854,-69.15482186721451,-69.3688900328809,0.0020587468779668266
low,40.660000000000004,-69.15501836038473,-69.15519976856604,-69.36897420957366,0.002051895813158531
low,40.67,-69.15539653005008,-69.15557733732753,-69.3690585194,0.0020450675472137086
low,40.68,-69.15577436553497,-69.1559545739027,-69.36914296206398,0.002038262004262678
low,40.690000000000005,-69.15615186724935,-69.15633147869494,-69.36922753727016,0.0020314791086882165
low,40.7,-69.15652903560283,-69.15670805210722,-69.36931224472359,0.002024718785124755
low,40.71,-69.15690587100467,-69.15708429454222,-69.36939708412977,0.002017980958457509
low,40.720000000000006,-69.15728237386371,-69.15746020640225,-69.36948205519468,0.0020112655538216755
low,40.730000000000004,-69.1576585445884,-69.15783578808924,-69.36956715762477,0.00200457249660158
low,40.74,-69.15803438358692,-69.15821104000484,-69.36965239112698,0.001997901712429843
low,40.75,-69.15840989126697,-69.15858596255029,-69.36973775540869,0.0019912531271865804
low,40.760000000000005,-69.15878506803593,-69.15896055612649,-69.36982325017779,0.0019846266669985477
low,40.77,-69.15915991430077,-69.15933482113395,-69.3699088751426,0.0019780222582383477
low,40.78,-69.15953443046813,-69.15970875797291,-69.36999463001193,0.0019714398275235837
low,40.79,-69.15990861694421,-69.16008236704317,-69.37008051449507,0.0019648793017160797
low,40.800000000000004,-69.16028247413489,-69.16045564874422,-69.37016652830177,0.0019583406079210267
low,40.81000000000001,-69.16065600244565,-69.1608286034752,-69.37025267114221,0.0019518236734862111
low,40.82,-69.16102920228158,-69.16120123163486,-69.37033894272709,0.0019453284260011851
low,40.830000000000005,-69.16140207404744,-69.1615735336216,-69.37042534276758,0.001938854793296456
low,40.84,-69.16177461814756,-69.16194550983352,-69.37051187097529,0.0019324027034427161
low,40.85,-69.16214683498589,-69.16231716066825,-69.37059852706227,0.0019259720847500026
low,40.86,-69.16251872496605,-69.16268848652318,-69.3706853107411,0.0019195628657669376
low,40.870000000000005,-69.16289028849123,-69.16305948779527,-69.37077222172478,0.0019131749752799025
low,40.88000000000001,-69.16326152596427,-69.16343016488112,-69.37085925972676,0.0019068083423122773
low,40.89,-69.16363243778763,-69.16380051817703,-69.370946424461,0.001900462896123632
low,40.900000000000006,-69.16400302436335,-69.16417054807886,-69.37103371564189,0.0018941385662089346
low,40.910000000000004,-69.16437328609317,-69.16454025498217,-69.3711211329843,0.001887835282297799
low,40.92,-69.16474322337835,-69.16490963928216,-69.37120867620355,0.001881552974353663
low,40.93,-69.16511283661983,-69.16527870137358,-69.37129634501544,0.0018752915725730472
low,40.940000000000005,-69.16548212621815,-69.16564744165093,-69.37138413913617,0.0018690510073847485
low,40.95,-69.16585109257349,-69.16601586050831,-69.37147205828248,0.001862831209449099
low,40.96,-69.1662197360856,-69.16638395833944,-69.3715601021715,0.0018566321096571603
low,40.970000000000006,-69.1665880571539,-69.16675173553767,-69.3716482705209,0.0018504536391299841
low,40.980000000000004,-69.1669560561774,-69.16711919249602,-69.3717365630487,0.001844295729217841
low,40.99000000000001,-69.16732373355474,-69.16748632960713,-69.37182497947349,0.0018381583114994372
low,41.0,-69.16769108968411,-69.16785314726327,-69.37191351951424,0.0018320413177811874
low,41.010000000000005,-69.16805812496344,-69.16821964585635,-69.37200218289037,0.0018259446800964227
low,41.02,-69.16842483979016,-69.16858582577794,-69.37209096932183,0.0018198683307046716
low,41.03,-69.16879123456138,-69.16895168741918,-69.37217987852897,0.00181381220209087
low,41.04,-69.16915730967376,-69.1693172311709,-69.37226891023259,0.0018077762269646446
low,41.050000000000004,-69.16952306552369,-69.16968245742353,-69.37235806415396,0.0018017603382595347
low,41.06000000000001,-69.16988850250705,-69.17004736656719,-69.37244734001479,0.001795764469132277
low,41.07,-69.1702536210194,-69.17041195899156,-69.37253673753726,0.0017897885529620434
low,41.080000000000005,-69.17061842145591,-69.17077623508601,-69.37262625644402,0.001783832523349696
low,41.09,-69.17098290421136,-69.17114019523952,-69.37271589645812,0.0017778963141170758
low,41.1,-69.17134706968007,-69.17150383984065,-69.37280565730308,0.0017719798593062324
low,41.11,-69.1717109182561,-69.17186716927769,-69.37289553870289,0.001766083093178729
low,41.120000000000005,-69.17207445033303,-69.17223018393851,-69.37298554038199,0.0017602059502148683
low,41.13000000000001,-69.1724376663041,-69.1725928842106,-69.37307566206522,0.0017543483651130084
low,41.14,-69.17280056656216,-69.1729552704811,-69.37316590347793,0.0017485102727888143
low,41.150000000000006,-69.17316315149961,-69.17331734313679,-69.37325626434588,0.0017426916083745259
low,41.160000000000004,-69.17352542150851,-69.173679102564,-69.37334674439529,0.0017368923072182622
low,41.17,-69.17388737698052,-69.17404054914883,-69.37343734335285,0.001731112304883277
low,41.18,-69.17424901830695,-69.17440168327688,-69.37352806094563,0.0017253515371472715
low,41.190000000000005,-69.17461034587866,-69.17476250533349,-69.37361889690122,0.0017196099400016483
low,41.2,-69.17497136008616,-69.17512301570352,-69.37370985094759,0.0017138874496508308
low,41.21,-69.17533206131952,-69.1754832147715,-69.37380092281322,0.0017081840025115265
low,41.220000000000006,-69.1756924499685,-69.17584310292163,-69.37389211222697,0.0017024995352120478
low,41.230000000000004,-69.1760525264224,-69.17620268053768,-69.37398341891819,0.0016968339845915895
low,41.24000000000001,-69.17641229107016,-69.17656194800311,-69.37407484261665,0.001691187287699524
low,41.25,-69.17677174430032,-69.17692090570094,-69.3741663830526,0.0016855593817947255
low,41.260000000000005,-69.17713088650103,-69.17727955401384,-69.37425803995663,0.0016799502043448405
low,41.27,-69.17748971806004,-69.1776378933241,-69.37434981305988,0.0016743596930256237
low,41.28,-69.17784823936474,-69.17799592401367,-69.37444170209389,0.0016687877857202173
low,41.29,-69.17820645080207,-69.1783536464641,-69.37453370679064,0.001663234420518492
low,41.300000000000004,-69.17856435275861,-69.17871106105655,-69.37462582688255,0.0016576995357163256
low,41.31000000000001,-69.17892194562056,-69.17906816817184,-69.37471806210245,0.0016521830698149424
low,41.32,-69.17927922977373,-69.17942496819038,-69.37481041218368,0.0016466849615202259
low,41.330000000000005,-69.17963620560352,-69.17978146149224,-69.37490287685992,0.0016412051497420202
low,41.34,-69.1799928734949,-69.18013764845709,-69.37499545586537,0.001635743573593477
low,41.35,-69.18034923383253,-69.18049352946424,-69.37508814893464,0.0016303001723903538
low,41.36,-69.18070528700062,-69.18084910489263,-69.37518095580273,0.0016248748856503674
low,41.370000000000005,-69.18106103338297,-69.18120437512076,-69.37527387620517,0.001619467653092491
low,41.38,-69.18141647336306,-69.18155934052682,-69.37536690987783,0.0016140784146363128
low,41.39,-69.1817716073239,-69.18191400148862,-69.37546005655705,0.0016087071104013435
low,41.400000000000006,-69.18212643564813,-69.18226835838358,-69.37555331597964,0.0016033536807063733
low,41.410000000000004,-69.182480958718,-69.18262241158872,-69.37564668788278,0.0015980180660687998
low,41.42000000000001,-69.18283517691536,-69.1829761614807,-69.37574017200413,0.0015927002072039535
low,41.43,-69.18318909062168,-69.18332960843581,-69.37583376808173,0.001587400045024465
low,41.440000000000005,-69.18354270021804,-69.18368275283,-69.37592747585413,0.0015821175206395812
low,41.45,-69.18389600608506,-69.18403559503872,-69.37602129506023,0.0015768525753545415
low,41.46,-69.18424900860306,-69.18438813543717,-69.37611522543939,0.0015716051506698924
low,41.470000000000006,-69.1846017081519,-69.18474037440012,-69.37620926673142,0.0015663751882808623
low,41.480000000000004,-69.18495410511105,-69.18509231230193,-69.37630341867656,0.0015611626300767103
low,41.49000000000001,-69.18530619985962,-69.18544394951665,-69.3763976810154,0.001555967418140062
low,41.5,-69.18565799277626,-69.18579528641789,-69.37649205348906,0.0015507894947462927
low,41.510000000000005,-69.18600948423929,-69.18614632337889,-69.37658653583904,0.0015456288023628598
low,41.52,-69.18636067462663,-69.18649706077257,-69.37668112780726,0.0015404852836486923
low,41.53,-69.18671156431569,-69.18684749897136,-69.37677582913608,0.0015353588814535223
low,41.54,-69.18706215368364,-69.18719763834741,-69.37687063956827,0.0015302495388172784
low,41.550000000000004,-69.18741244310718,-69.18754747927244,-69.37696555884705,0.0015251571989694267
low,41.56000000000001,-69.18776243296261,-69.18789702211782,-69.37706058671604,0.0015200818053283675
low,41.57,-69.18811212362583,-69.1882462672545,-69.3771557229193,0.0015150233015007863
low,41.580000000000005,-69.18846151547237,-69.18859521505308,-69.37725096720129,0.0015099816312810269
low,41.59,-69.18881060887733,-69.18894386588377,-69.37734631930691,0.0015049567386504871
low,41.60000000000001,-69.18915940421543,-69.18929222011639,-69.37744177898149,0.001499948567776968
low,41.61,-69.18950790186098,-69.18964027812036,-69.37753734597074,0.001494957063014081
low,41.620000000000005,-69.18985610218793,-69.1899880402648,-69.37763302002087,0.0014899821689006037
low,41.63,-69.19020400556975,-69.19033550691833,-69.37772880087842,0.0014850238301598918
low,41.64,-69.19055161237962,-69.19068267844929,-69.37782468829042,0.0014800819916992347
low,41.650000000000006,-69.19089892299024,-69.19102955522557,-69.37792068200426,0.0014751565986092666
low,41.660000000000004,-69.19124593777394,-69.19137613761474,-69.37801678176778,0.0014702475961633527
low,41.67000000000001,-69.19159265710267,-69.19172242598393,-69.37811298732926,0.0014653549298169638
low,41.68,-69.19193908134795,-69.1920684206999,-69.37820929843737,0.0014604785452070957
low,41.690000000000005,-69.19228521088085,-69.19241412212904,-69.37830571484116,0.0014556183881516403
low,41.7,-69.19263104607221,-69.19275953063735,-69.37840223629016,0.0014507744046488103
low,41.71,-69.19297658729229,-69.19310464659046,-69.37849886253429,0.0014459465408765096
low,41.72,-69.19332183491105,-69.1934494703536,-69.37859559332388,0.0014411347431917663
low,41.730000000000004,-69.19366678929802,-69.1937940022916,-69.37869242840969,0.0014363389581301018
low,41.74000000000001,-69.19401145082232,-69.19413824276896,-69.37878936754285,0.001431559132404972
low,41.75,-69.19435581985273,-69.19448219214975,-69.37888641047498,0.0014267952129071561
low,41.760000000000005,-69.19469989675753,-69.19482585079768,-69.37898355695805,0.0014220471467041597
low,41.77,-69.1950436819047,-69.19516921907606,-69.37908080674443,0.0014173148810396484
low,41.78,-69.19538717566178,-69.19551229734782,-69.37917815958698,0.0014125983633328377
low,41.79,-69.19573037839587,-69.1958550859755,-69.3792756152389,0.0014078975411779336
low,41.800000000000004,-69.19607329047375,-69.19619758532126,-69.3793731734538,0.001403212362343525
low,41.81000000000001,-69.19641591226177,-69.19653979574692,-69.37947083398576,0.0013985427747720217
low,41.82,-69.19675824412583,-69.19688171761383,-69.37956859658922,0.001393888726579075
low,41.830000000000005,-69.19710028643149,-69.19722335128301,-69.37966646101904,0.0013892501660529833
low,41.84,-69.19744203954386,-69.1975646971151,-69.3797644270305,0.0013846270416541433
low,41.85000000000001,-69.19778350382771,-69.19790575547032,-69.37986249437924,0.0013800193020144515
low,41.86,-69.1981246796474,-69.19824652670853,-69.37996066282136,0.0013754268959367615
low,41.870000000000005,-69.19846556736682,-69.19858701118919,-69.38005893211336,0.001370849772394286
low,41.88,-69.19880616734955,-69.1989272092714,-69.38015730201212,0.0013662878805300537
low,41.89,-69.1991464799587,-69.19926712131385,-69.38025577227494,0.0013617411696563242
low,41.900000000000006,-69.19948650555702,-69.19960674767485,-69.38035434265956,0.0013572095892540469
low,41.910000000000004,-69.19982624450687,-69.19994608871234,-69.38045301292406,0.0013526930889722819
low,41.92000000000001,-69.20016569717015,-69.20028514478385,-69.38055178282696,0.0013481916186276408
low,41.93,-69.2005048639084,-69.20062391624654,-69.38065065212716,0.001343705128203747
low,41.940000000000005,-69.20084374508282,-69.20096240345717,-69.380749620584,0.0013392335678506552
low,41.95,-69.20118234105408,-69.20130060677212,-69.38084868795717,0.00133477688788432
low,41.96,-69.20152065218254,-69.20163852654741,-69.38094785400682,0.0013303350387860234
low,41.97,-69.20185867882812,-69.20197616313864,-69.38104711849347,0.0013259079712018478
low,41.980000000000004,-69.2021964213504,-69.20231351690103,-69.38114648117802,0.0013214956359421022
low,41.99000000000001,-69.20253388010845,-69.2026505881894,-69.38124594182182,0.0013170979839807946
low,42.0,-69.20287105546105,-69.20298737735827,-69.38134550018658,0.0013127149664550854
low,42.010000000000005,-69.20320794776651,-69.20332388476162,-69.3814451560344,0.0013083465346647272
low,42.02,-69.20354455738281,-69.20366011075319,-69.38154490912783,0.0013039926400715514
low,42.03000000000001,-69.20388088466741,-69.20399605568623,-69.38164475922979,0.001299653234298901
low,42.04,-69.2042169299775,-69.2043317199137,-69.38174470610355,0.001295328269131116
low,42.050000000000004,-69.20455269366978,-69.20466710378804,-69.38184474951285,0.0012910176965129775
low,42.06,-69.2048881761006,-69.20500220766148,-69.3819448892218,0.0012867214685491968
low,42.07,-69.20522337762587,-69.20533703188569,-69.38204512499486,0.001282439537503858
low,42.080000000000005,-69.20555829860115,-69.20567157681208,-69.38214545659697,0.0012781718557999067
low,42.09,-69.20589293938153,-69.20600584279158,-69.38224588379339,0.001273918376018617
low,42.10000000000001,-69.20622730032174,-69.20633983017481,-69.38234640634981,0.0012696790508990538
low,42.11,-69.20656138177614,-69.20667353931194,-69.3824470240323,0.0012654538333375656
low,42.120000000000005,-69.20689518409864,-69.20700697055281,-69.38254773660736,0.0012612426763872412
low,42.13,-69.20722870764278,-69.20734012424684,-69.38264854384181,0.0012570455332574111
low,42.14,-69.20756195276168,-69.20767300074306,-69.38274944550291,0.0012528623573131034
low,42.150000000000006,-69.20789491980804,-69.20800560039011,-69.3828504413583,0.001248693102074543
low,42.160000000000004,-69.2082276091342,-69.20833792353628,-69.38295153117603,0.001244537721216633
low,42.17000000000001,-69.2085600210921,-69.20866997052943,-69.38305271472451,0.0012403961685684276
low,42.18,-69.20889215603323,-69.20900174171707,-69.38315399177256,0.0012362683981126364
low,42.190000000000005,-69.20922401430876,-69.20933323744629,-69.38325536208934,0.0012321543639850954
low,42.2,-69.20955559626938,-69.20966445806378,-69.3833568254445,0.0012280540204742782
low,42.21000000000001,-69.20988690226538,-69.2099954039159,-69.38345838160797,0.0012239673220207654
low,42.22,-69.21021793264676,-69.21032607534858,-69.38356003035013,0.001219894223216758
low,42.230000000000004,-69.21054868776297,-69.21065647270738,-69.38366177144171,0.001215834678805556
low,42.24000000000001,-69.21087916796317,-69.21098659633746,-69.38376360465386,0.0012117886436810725
low,42.25,-69.21120937359608,-69.21131644658362,-69.38386552975813,0.001207756072887321
low,42.260000000000005,-69.21153930501002,-69.21164602379025,-69.38396754652638,0.0012037369216179128
low,42.27,-69.21186896255288,-69.21197532830132,-69.38406965473091,0.0011997311452155766
low,42.28000000000001,-69.21219834657222,-69.21230436046048,-69.3841718541444,0.0011957386991716394
low,42.29,-69.21252745741512,-69.21263312061095,-69.38427414453989,0.0011917595391255523
low,42.300000000000004,-69.21285629542832,-69.21296160909559,-69.38437652569084,0.0011877936208643798
low,42.31,-69.21318486095817,-69.21328982625683,-69.38447899737106,0.0011838409003223295
low,42.32,-69.21351315435052,-69.21361777243675,-69.38458155935476,0.0011799013335802365
low,42.330000000000005,-69.21384117595095,-69.21394544797704,-69.38468421141651,0.001175974876865101
low,42.34,-69.21416892610456,-69.21427285321899,-69.38478695333129,0.001172061486549587
low,42.35000000000001,-69.21449640515605,-69.21459998850352,-69.38488978487443,0.001168161119151534
low,42.36,-69.2148236134498,-69.21492685417114,-69.38499270582167,0.0011642737313334929
low,42.370000000000005,-69.21515055132967,-69.21525345056197,-69.38509571594912,0.0011603992799022204
low,42.38,-69.2154772191392,-69.21557977801581,-69.38519881503323,0.0011565377218082206
low,42.39,-69.21580361722151,-69.21590583687195,-69.38530200285088,0.0011526890141452474
low,42.4,-69.21612974591935,-69.21623162746941,-69.38540527917928,0.0011488531141498489
low,42.410000000000004,-69.21645560557498,-69.21655715014676,-69.38550864379609,0.0011450299792008694
low,42.42000000000001,-69.21678119653039,-69.21688240524219,-69.38561209647925,0.0011412195668189938
low,42.43,-69.21710651912707,-69.21720739309355,-69.38571563700715,0.0011374218346662714
low,42.440000000000005,-69.21743157370616,-69.21753211403824,-69.38581926515853,0.0011336367405456334
low,42.45,-69.21775636060836,-69.21785656841327,-69.3859229807125,0.0011298642424004447
low,42.46000000000001,-69.21808088017403,-69.21818075655534,-69.38602678344856,0.0011261042983140147
low,42.47,-69.21840513274306,-69.21850467880068,-69.38613067314655,0.0011223568665091545
low,42.480000000000004,-69.21872911865505,-69.21882833548521,-69.38623464958673,0.0011186219053476894
low,42.49000000000001,-69.21905283824906,-69.2191517269444,-69.38633871254966,0.001114899373330013
low,42.5,-69.21937629186384,-69.21947485351335,-69.38644286181638,0.0011111892290946248
low,42.510000000000005,-69.21969947983773,-69.21979771552678,-69.38654709716819,0.0011074914314176565
low,42.52,-69.22002240250868,-69.22012031331901,-69.38665141838685,0.0011038059392124333
low,42.53000000000001,-69.2203450602142,-69.22044264722403,-69.38675582525441,0.0011001327115289989
low,42.54,-69.22066745329143,-69.22076471757535,-69.38686031755338,0.0010964717075536803
low,42.550000000000004,-69.22098958207712,-69.22108652470615,-69.38696489506657,0.001092822886608613
low,42.56,-69.22131144690759,-69.22140806894923,-69.38706955757718,0.0010891862081513087
low,42.57,-69.22163304811882,-69.221729350637,-69.38717430486876,0.0010855616317741869
low,42.580000000000005,-69.22195438604633,-69.22205037010147,-69.3872791367253,0.0010819491172041418
low,42.59,-69.22227546102528,-69.22237112767425,-69.38738405293104,0.0010783486243020894
low,42.60000000000001,-69.22259627339042,-69.2226916236866,-69.38748905327068,0.0010747601130625085
low,42.61,-69.2229168234761,-69.22301185846938,-69.38759413752926,0.0010711835436130216
low,42.620000000000005,-69.2232371116163,-69.22333183235305,-69.38769930549216,0.0010676188762139258
low,42.63,-69.22355713814453,-69.22365154566772,-69.38780455694516,0.0010640660712577749
low,42.64000000000001,-69.22387690339397,-69.22397099874304,-69.38790989167438,0.0010605250892689164
low,42.65,-69.22419640769739,-69.22429019190835,-69.38801530946634,0.0010569958909030731
low,42.660000000000004,-69.22451565138718,-69.2246091254926,-69.38812081010788,0.0010534784369468895
low,42.67000000000001,-69.22483463479529,-69.22492779982433,-69.38822639338622,0.0010499726883175112
low,42.68,-69.22515335825327,-69.22524621523165,-69.38833205908895,0.0010464786060621408
low,42.690000000000005,-69.22547182209232,-69.22556437204237,-69.38843780700401,0.0010429961513576007
low,42.7,-69.22579002664321,-69.22588227058387,-69.38854363691972,0.0010395252855099203
low,42.71000000000001,-69.22610797223632,-69.22619991118313,-69.38864954862473,0.0010360659699538827
low,42.72,-69.22642565920167,-69.2265172941668,-69.38875554190807,0.0010326181662526168
low,42.730000000000004,-69.2267430878688,-69.2268344198611,-69.38886161655914,0.0010291818360971523
low,42.74,-69.22706025856695,-69.22715128859188,-69.38896777236768,0.0010257569413060135
low,42.75,-69.22737717162491,-69.22746790068462,-69.3890740091238,0.0010223434438247734
low,42.760000000000005,-69.22769382737108,-69.22778425646435,-69.38918032661797,0.0010189413057256486
low,42.77,-69.22801022613346,-69.22810035625581,-69.38928672464102,0.001015550489207073
low,42.78000000000001,-69.22832636823968,-69.22841620038326,-69.3893932029841,0.001012170956593268
low,42.79,-69.22864225401695,-69.2287317891707,-69.38949976143877,0.0010088026703338406
low,42.800000000000004,-69.22895788379209,-69.2290471229416,-69.3896063997969,0.001005445593003348
low,42.81,-69.22927325789152,-69.22936220201913,-69.38971311785077,0.0010020996873009026
low,42.82000000000001,-69.22958837664129,-69.22967702672607,-69.38981991539296,0.000998764916049735
low,42.830000000000005,-69.22990324036702,-69.22999159738482,-69.38992679221644,0.000995441242196798
low,42.84,-69.23021784939395,-69.23030591431738,-69.3900337481145,0.0009921286288123515
low,42.85000000000001,-69.23053220404695,-69.23061997784535,-69.39014078288083,0.0009888270390895413
low,42.86,-69.23084630465047,-69.23093378828999,-69.39024789630945,0.0009855364363440071
low,42.870000000000005,-69.23116015152857,-69.23124734597215,-69.39035508819471,0.0009822567840134578
low,42.88,-69.2314737450049,-69.23156065121229,-69.39046235833136,0.0009789880456572836
low,42.89000000000001,-69.23178708540276,-69.23187370433051,-69.39056970651447,0.0009757301849561311
low,42.9,-69.23210017304501,-69.23218650564651,-69.39067713253945,0.0009724831657115183
low,42.910000000000004,-69.23241300825416,-69.23249905547961,-69.39078463620207,0.000969246951845416
low,42.92000000000001,-69.23272559135224,-69.23281135414872,-69.3908922172985,0.000966021507399861
low,42.93,-69.23303792266101,-69.23312340197245,-69.39099987562516,0.0009628067965365517
low,42.940000000000005,-69.23335000250177,-69.23343519926892,-69.39110761097889,0.0009596027835364412
low,42.95,-69.2336618311954,-69.23374674635598,-69.3912154231569,0.0009564094327993549
low,42.96000000000001,-69.23397340906247,-69.234058043551,-69.39132331195667,0.0009532267088435814
low,42.97,-69.23428473642306,-69.234369091171,-69.39143127717611,0.0009500545763054935
low,42.980000000000004,-69.23459581359693,-69.23467988953263,-69.39153931861341,0.0009468929999391369
low,42.99,-69.23490664090343,-69.23499043895218,-69.39164743606715,0.0009437419446158565
low,43.0,-69.23521721866148,-69.23530073974548,-69.3917556293362,0.0009406013753238895
low,43.010000000000005,-69.23552754718968,-69.23561079222806,-69.39186389821987,0.0009374712571679929
low,43.02,-69.23583762680619,-69.23592059671506,-69.39197224251772,0.0009343515553690446
low,43.03000000000001,-69.23614745782876,-69.23623015352118,-69.3920806620297,0.0009312422352636551
low,43.04,-69.2364570405748,-69.23653946296078,-69.39218915655611,0.0009281432623037961
low,43.050000000000004,-69.23676637536128,-69.23684852534784,-69.39229772589756,0.0009250546020563985
low,43.06,-69.23707546250485,-69.23715734099595,-69.39240636985505,0.000921976220202987
low,43.07000000000001,-69.23738430232167,-69.23746591021832,-69.39251508822987,0.000918908082539283
low,43.08,-69.23769289512758,-69.23777423332777,-69.39262388082369,0.0009158501549748412
low,43.09,-69.23800124123804,-69.23808231063678,-69.39273274743852,0.000912802403532653
low,43.10000000000001,-69.23830934096804,-69.23839014245742,-69.39284168787668,0.0009097647943487833
low,43.11,-69.2386171946323,-69.23869772910136,-69.39295070194086,0.0009067372936719907
low,43.120000000000005,-69.23892480254503,-69.23900507087991,-69.39305978943409,0.0009037198678633436
low,43.13,-69.23923216502008,-69.23931216810401,-69.39316895015973,0.0009007124833958608
low,43.14000000000001,-69.23953928237098,-69.23961902108422,-69.39327818392148,0.0008977151068541244
low,43.15,-69.23984615491082,-69.23992563013068,-69.39338749052335,0.0008947277049339244
low,43.160000000000004,-69.2401527829523,-69.24023199555322,-69.39349686976976,0.0008917502444418717
low,43.17000000000001,-69.24045916680772,-69.24053811766123,-69.3936063214654,0.0008887826922950418
low,43.18,-69.24076530678902,-69.24084399676376,-69.3937158454153,0.000885825015520606
low,43.190000000000005,-69.24107120320772,-69.24114963316944,-69.3938254414249,0.0008828771812554544
low,43.2,-69.24137685637501,-69.24145502718656,-69.39393510929986,0.0008799391567458461
low,43.21000000000001,-69.24168226660164,-69.24176017912305,-69.39404484884629,0.0008770109093470295
low,43.22,-69.24198743419795,-69.24206508928637,-69.39415465987055,0.0008740924065228976
low,43.230000000000004,-69.24229235947395,-69.2423697579837,-69.39426454217937,0.0008711836158456066
low,43.24,-69.24259704273923,-69.24267418552179,-69.39437449557984,0.0008682845049952351
low,43.25000000000001,-69.242901484303,-69.24297837220703,-69.39448451987933,0.0008653950417594045
low,43.260000000000005,-69.24320568447413,-69.24328231834545,-69.39459461488556,0.0008625151940329413
low,43.27,-69.243509643561,-69.24358602424263,-69.39470478040661,0.0008596449298175099
low,43.28000000000001,-69.2438133618717,-69.24388949020387,-69.39481501625087,0.0008567842172212524
low,43.29,-69.24411683971387,-69.244192716534,-69.39492532222707,0.0008539330244584466
low,43.300000000000004,-69.24442007739479,-69.24449570353757,-69.39503569814421,0.0008510913198491402
low,43.31,-69.24472307522136,-69.24479845151866,-69.39514614381174,0.0008482590718188128
low,43.32000000000001,-69.24502583350012,-69.24510096078107,-69.39525665903935,0.0008454362488980087
low,43.33,-69.24532835253713,-69.2454032316281,-69.3953672436371,0.000842622819722003
low,43.34,-69.24563063263815,-69.24570526436277,-69.39547789741533,0.0008398187530304387
low,43.35000000000001,-69.24593267410854,-69.2460070592877,-69.39558862018477,0.0008370240176669933
low,43.36,-69.24623447725328,-69.24630861670516,-69.39569941175645,0.0008342385825790237
low,43.370000000000005,-69.24653604237695,-69.246609936917,-69.39581027194173,0.0008314624168172188
low,43.38,-69.2468373697837,-69.24691102022469,-69.39592120055227,0.0008286954895352683
low,43.39000000000001,-69.2471384597774,-69.24721186692935,-69.3960321974001,0.0008259377699895035
low,43.4,-69.24743931266143,-69.24751247733172,-69.39614326229758,0.0008231892275385707
low,43.410000000000004,-69.24773992873888,-69.24781285173219,-69.39625439505733,0.0008204498316430772
low,43.42,-69.24804030831237,-69.24811299043073,-69.39636559549237,0.0008177195518652674
low,43.43000000000001,-69.24834045168423,-69.24841289372695,-69.39647686341598,0.0008149983578686674
low,43.440000000000005,-69.2486403591563,-69.2487125619201,-69.39658819864185,0.000812286219417761
low,43.45,-69.2489400310301,-69.24901199530903,-69.39669960098388,0.0008095831063776516
low,43.46000000000001,-69.2492394676068,-69.24931119419227,-69.3968110702564,0.0008068889887137186
low,43.47,-69.24953866918713,-69.24961015886791,-69.39692260627399,0.0008042038364912961
low,43.480000000000004,-69.24983763607143,-69.2499088896337,-69.3970342088516,0.0008015276198753286
low,43.49,-69.2501363685597,-69.25020738678703,-69.39714587780448,0.0007988603091300523
low,43.50000000000001,-69.25043486695154,-69.25050565062487,-69.39725761294817,0.0007962018746186504
low,43.510000000000005,-69.25073313154618,-69.2508036814439,-69.39736941409859,0.0007935522868029348
low,43.52,-69.25103116264245,-69.25110147954032,-69.39748128107196,0.0007909115162430167
low,43.53000000000001,-69.2513289605388,-69.25139904521004,-69.39759321368479,0.0007882795335969695
low,43.54,-69.25162652553331,-69.25169637874855,-69.39770521175394,0.0007856563096205187
low,43.550000000000004,-69.25192385792367,-69.25199348045099,-69.3978172750966,0.0007830418151667006
low,43.56,-69.25222095800721,-69.25229035061216,-69.39792940353024,0.0007804360211855529
low,43.57000000000001,-69.25251782608088,-69.25258698952642,-69.3980415968727,0.0007778388987237789
low,43.58,-69.2528144624412,-69.25288339748782,-69.39815385494205,0.0007752504189244396
low,43.59,-69.25311086738435,-69.25317957478998,-69.39826617755678,0.0007726705530266184
low,43.60000000000001,-69.25340704120616,-69.2534755217262,-69.3983785645356,0.0007700992723651127
low,43.61,-69.25370298420201,-69.2537712385894,-69.39849101569764,0.0007675365483701137
low,43.620000000000005,-69.25399869666697,-69.25406672567209,-69.39860353086225,0.0007649823525668807
low,43.63,-69.25429417889569,-69.25436198326646,-69.39871610984915,0.0007624366565754366
low,43.64000000000001,-69.25458943118242,-69.25465701166432,-69.39882875247835,0.000759899432110241
low,43.65,-69.25488445382112,-69.25495181115707,-69.39894145857022,0.0007573706509798885
low,43.660000000000004,-69.2551792471053,-69.25524638203579,-69.39905422794537,0.0007548502850867819
low,43.67,-69.25547381132809,-69.25554072459119,-69.39916706042477,0.0007523383064268327
low,43.68000000000001,-69.25576814678227,-69.25583483911355,-69.3992799558297,0.0007498346870891373
low,43.690000000000005,-69.25606225376023,-69.25612872589284,-69.39939291398176,0.0007473393992556801
low,43.7,-69.25635613255399,-69.25642238521863,-69.39950593470282,0.0007448524152010158
low,43.71000000000001,-69.25664978345519,-69.25671581738017,-69.3996190178151,0.0007423737072919594
low,43.72,-69.25694320675511,-69.25700902266628,-69.39973216314111,0.0007399032479872901
low,43.730000000000004,-69.25723640274461,-69.25730200136545,-69.39984537050368,0.0007374410098374317
low,43.74,-69.25752937171421,-69.25759475376576,-69.39995863972597,0.0007349869654841594
low,43.75000000000001,-69.25782211395408,-69.257887280155,-69.40007197063142,0.0007325410876602856
low,43.76,-69.25811462975393,-69.25817958082052,-69.40018536304378,0.0007301033491893686
low,43.77,-69.25840691940319,-69.25847165604932,-69.40029881678711,0.000727673722985397
low,43.78000000000001,-69.25869898319084,-69.25876350612808,-69.40041233168581,0.0007252521820524999
low,43.79,-69.25899082140553,-69.25905513134302,-69.40052590756456,0.0007228386994846446
low,43.800000000000004,-69.25928243433552,-69.25934653198009,-69.40063954424832,0.00072043324846533
low,43.81,-69.25957382226872,-69.25963770832483,-69.40075324156241,0.0007180358022673003
low,43.82000000000001,-69.25986498549264,-69.25992866066241,-69.40086699933244,0.0007156463342522368
low,43.83,-69.2601559242944,-69.26021938927764,-69.4009808173843,0.0007132648178704738
low,43.84,-69.26044663896076,-69.26050989445496,-69.40109469554422,0.0007108912266606901
low,43.85000000000001,-69.26073712977815,-69.26080017647845,-69.40120863363869,0.000708525534249628
low,43.86000000000001,-69.26102739703259,-69.26109023563185,-69.40132263149455,0.0007061677143517927
low,43.870000000000005,-69.26131744100972,-69.26138007219849,-69.40143668893893,0.000703817740769158
low,43.88,-69.26160726199481,-69.26166968646137,-69.40155080579925,0.0007014755873908855
low,43.89000000000001,-69.2618968602728,-69.2619590787031,-69.40166498190325,0.000699141228193022
low,43.9,-69.26218623612819,-69.26224824920594,-69.40177921707898,0.0006968146372382212
low,43.910000000000004,-69.26247538984516,-69.26253719825178,-69.40189351115475,0.0006944957886754457
low,43.92,-69.26276432170751,-69.26282592612216,-69.40200786395921,0.0006921846567396914
low,43.93000000000001,-69.26305303199865,-69.26311443309825,-69.40212227532129,0.0006898812157516873
low,43.940000000000005,-69.2633415210016,-69.26340271946084,-69.40223674507025,0.0006875854401176219
low,43.95,-69.26362978899911,-69.26369078549038,-69.40235127303562,0.0006852973043288558
low,43.96000000000001,-69.26391783627344,-69.26397863146695,-69.40246585904723,0.0006830167829616315
low,43.97,-69.26420566310655,-69.26426625767027,-69.40258050293524,0.0006807438506768015
low,43.980000000000004,-69.26449326978002,-69.26455366437969,-69.40269520453009,0.0006784784822195364
low,43.99,-69.26478065657504,-69.26484085187421,-69.40280996366248,0.0006762206524190556
low,44.00000000000001,-69.26506782377245,-69.26512782043247,-69.40292478016347,0.0006739703361883347
low,44.01,-69.26535477165274,-69.26541457033272,-69.40303965386441,0.0006717275085238406
low,44.02,-69.26564150049597,-69.26570110185288,-69.40315458459689,0.0006694921445052395
low,44.03000000000001,-69.26592801058189,-69.26598741527052,-69.40326957219287,0.0006672642192951318
low,44.040000000000006,-69.26621430218987,-69.26627351086279,-69.40338461648456,0.0006650437081387713
low,44.050000000000004,-69.26650037559888,-69.26655938890654,-69.40349971730446,0.0006628305863637866
low,44.06,-69.26678623108756,-69.26684504967822,-69.4036148744854,0.000660624829379915
low,44.07000000000001,-69.26707186893418,-69.26713049345398,-69.4037300878605,0.0006584264126787199
low,44.08,-69.26735728941664,-69.26741572050955,-69.40384535726312,0.0006562353118333306
low,44.09,-69.26764249281243,-69.26770073112029,-69.40396068252701,0.0006540515024981564
low,44.1,-69.26792747939875,-69.26798552556127,-69.40407606348612,0.0006518749604086289
low,44.11000000000001,-69.26821224945239,-69.26827010410715,-69.40419149997473,0.0006497056613809226
low,44.120000000000005,-69.26849680324976,-69.26855446703223,-69.40430699182744,0.0006475435813116922
low,44.13,-69.26878114106697,-69.2688386146105,-69.4044225388791,0.0006453886961778089
low,44.14000000000001,-69.26906526317968,-69.26912254711553,-69.40453814096487,0.0006432409820360745
low,44.15,-69.26934916986323,-69.26940626482057,-69.40465379792022,0.000641100415022983
low,44.160000000000004,-69.2696328613926,-69.2696897679985,-69.40476950958085,0.0006389669713544308
low,44.17,-69.2699163380424,-69.26997305692184,-69.4048852757828,0.0006368406273254684
low,44.18000000000001,-69.27019960008688,-69.27025613186278,-69.40500109636241,0.0006347213593100271
low,44.190000000000005,-69.27048264779994,-69.27053899309314,-69.40511697115629,0.0006326091437606628
low,44.2,-69.27076548145504,-69.27082164088434,-69.40523290000131,0.0006305039572082951
low,44.21000000000001,-69.27104810132539,-69.27110407550752,-69.40534888273467,0.0006284057762619375
low,44.22,-69.27133050768374,-69.27138629723339,-69.40546491919385,0.0006263145776084489
low,44.230000000000004,-69.27161270080259,-69.27166830633237,-69.4055810092166,0.0006242303380122652
low,44.24,-69.27189468095393,-69.27195010307447,-69.405697152641,0.0006221530343151493
low,44.25000000000001,-69.27217644840951,-69.2722316877294,-69.40581334930536,0.0006200826434359254
low,44.26,-69.27245800344068,-69.27251306056648,-69.40592959904832,0.0006180191423702313
low,44.27,-69.2727393463184,-69.27279422185465,-69.40604590170877,0.0006159625081902531
low,44.28000000000001,-69.27302047731331,-69.27307517186257,-69.4061622571259,0.0006139127180444817
low,44.290000000000006,-69.27330139669567,-69.27335591085848,-69.4062786651392,0.00061186974915745
low,44.300000000000004,-69.27358210473538,-69.27363643911028,-69.40639512558842,0.0006098335788294807
low,44.31,-69.273862601702,-69.27391675688554,-69.40651163831365,0.0006078041844364402
low,44.32000000000001,-69.2741428878647,-69.27419686445147,-69.40662820315515,0.0006057815434294787
low,44.33,-69.27442296349231,-69.27447676207491,-69.4067448199536,0.0006037656333347887
low,44.34,-69.27470282885331,-69.27475645002238,-69.40686148854985,0.0006017564317533453
low,44.35,-69.27498248421578,-69.27503592856,-69.4069782087851,0.0005997539163606699
low,44.36000000000001,-69.27526192984747,-69.27531519795357,-69.40709498050082,0.0005977580649065677
low,44.370000000000005,-69.2755411660158,-69.27559425846854,-69.40721180353873,0.0005957688552148922
low,44.38,-69.27582019298778,-69.27587311037001,-69.40732867774088,0.0005937862651832938
low,44.39000000000001,-69.2760990110301,-69.27615175392272,-69.40744560294955,0.000591810272782972
low,44.4,-69.27637762040906,-69.27643018939106,-69.40756257900735,0.0005898408560584374
low,44.410000000000004,-69.27665602139065,-69.27670841703905,-69.40767960575712,0.0005878779931272586
low,44.42,-69.27693421424046,-69.2769864371304,-69.40779668304202,0.0005859216621798312
low,44.43000000000001,-69.27721219922375,-69.27726424992846,-69.40791381070547,0.000583971841479122
low,44.44,-69.2774899766054,-69.2775418556962,-69.40803098859115,0.000582028509360438
low,44.45,-69.27776754664995,-69.27781925469625,-69.40814821654305,0.0005800916442311783
low,44.46000000000001,-69.2780449096216,-69.27809644719095,-69.40826549440543,0.0005781612245705994
low,44.470000000000006,-69.27832206578415,-69.2783734334422,-69.40838282202283,0.0005762372289295769
low,44.480000000000004,-69.27859901540113,-69.27865021371163,-69.40850019924004,0.0005743196359303587
low,44.49,-69.27887575873558,-69.27892678826046,-69.40861762590217,0.0005724084242663385
low,44.50000000000001,-69.27915229605031,-69.27920315734958,-69.40873510185456,0.000570503572701809
low,44.51,-69.27942862760771,-69.27947932123958,-69.40885262694287,0.0005686050600717356
low,44.52,-69.27970475366989,-69.27975528019064,-69.40897020101302,0.0005667128652815117
low,44.53000000000001,-69.27998067449849,-69.28003103446264,-69.40908782391115,0.0005648269673067316
low,44.540000000000006,-69.2802563903549,-69.28030658431506,-69.40920549548377,0.0005629473451929566
low,44.550000000000004,-69.28053190150011,-69.28058193000707,-69.40932321557759,0.0005610739780554744
low,44.56,-69.28080720819479,-69.28085707179753,-69.40944098403962,0.0005592068450790775
low,44.57000000000001,-69.28108231069919,-69.28113200994487,-69.40955880071714,0.0005573459255178223
low,44.58,-69.2813572092733,-69.28140674470724,-69.40967666545772,0.000555491198694808
low,44.59,-69.28163190417668,-69.28168127634241,-69.40979457810917,0.0005536426440019375
low,44.6,-69.28190639566857,-69.28195560510781,-69.40991253851959,0.0005518002408996973
low,44.61000000000001,-69.2821806840079,-69.28222973126057,-69.41003054653736,0.0005499639689169198
low,44.620000000000005,-69.2824547694532,-69.28250365505741,-69.4101486020111,0.0005481338076505672
low,44.63,-69.2827286522626,-69.28277737675472,-69.41026670478972,0.0005463097367654953
low,44.64000000000001,-69.28300233269405,-69.28305089660861,-69.41038485472242,0.0005444917359942293
low,44.650000000000006,-69.28327581100497,-69.28332421487477,-69.41050305165865,0.0005426797851367436
low,44.660000000000004,-69.28354908745249,-69.28359733180855,-69.4106212954481,0.0005408738640602306
low,44.67,-69.28382216229345,-69.28387024766502,-69.41073958594077,0.0005390739526988837
low,44.68000000000001,-69.28409503578428,-69.28414296269885,-69.41085792298693,0.0005372800310536664
low,44.69,-69.28436770818107,-69.2844154771644,-69.41097630643708,0.0005354920791921014
low,44.7,-69.28464017973961,-69.28468779131568,-69.41109473614203,0.0005337100772480357
low,44.71000000000001,-69.28491245071525,-69.28495990540632,-69.41121321195283,0.0005319340054214304
low,44.720000000000006,-69.28518452136308,-69.2852318196897,-69.4113317337208,0.0005301638439781365
low,44.730000000000004,-69.28545639193777,-69.28550353441872,-69.41145030129755,0.0005283995732496727
low,44.74,-69.28572806269374,-69.2857750498461,-69.4115689145349,0.0005266411736330173
low,44.75000000000001,-69.28599953388496,-69.2860463662241,-69.411687573285,0.0005248886255903731
low,44.76,-69.28627080576513,-69.28631748380468,-69.4118062774002,0.0005231419096489708
low,44.77,-69.28654187858757,-69.28658840283948,-69.41192502673321,0.0005214010064008347
low,44.78,-69.28681275260526,-69.28685912357977,-69.4120438211369,0.0005196658965025793
low,44.790000000000006,-69.28708342807084,-69.28712964627651,-69.41216266046446,0.000517936560675186
low,44.800000000000004,-69.28735390523657,-69.28739997118026,-69.41228154456934,0.0005162129797037946
low,44.81,-69.28762418435446,-69.28767009854133,-69.41240047330524,0.0005144951344374901
low,44.82000000000001,-69.28789426567606,-69.28794002860963,-69.41251944652612,0.0005127830057890829
low,44.83,-69.28816414945263,-69.28820976163472,-69.4126384640862,0.0005110765747349053
low,44.84,-69.28843383593511,-69.28847929786589,-69.41275752584,0.0005093758223145931
low,44.85,-69.28870332537409,-69.28874863755205,-69.41287663164222,0.0005076807296308814
low,44.86000000000001,-69.28897261801976,-69.28901778094175,-69.41299578134792,0.0005059912778493875
low,44.870000000000005,-69.28924171412203,-69.28928672828326,-69.41311497481237,0.0005043074481984079
low,44.88,-69.28951061393043,-69.28955547982446,-69.41323421189108,0.0005026292219687095
low,44.89000000000001,-69.2897793176942,-69.28982403581294,-69.41335349243987,0.0005009565805133144
low,44.900000000000006,-69.29004782566217,-69.2900923964959,-69.41347281631477,0.0004992895052473019
low,44.910000000000004,-69.29031613808289,-69.29036056212024,-69.41359218337209,0.0004976279776475948
low,44.92,-69.29058425520454,-69.29062853293257,-69.41371159346842,0.0004959719792527596
low,44.93000000000001,-69.29085217727493,-69.29089630917905,-69.41383104646057,0.0004943214916627957
low,44.94,-69.29111990454159,-69.29116389110561,-69.41395054220563,0.0004926764965389369
low,44.95,-69.2913874372517,-69.2914312789578,-69.41407008056095,0.0004910369756034398
low,44.96000000000001,-69.29165477565205,-69.29169847298085,-69.4141896613841,0.0004894029106393909
low,44.970000000000006,-69.29192191998915,-69.29196547341965,-69.41430928453296,0.0004877742834904962
low,44.980000000000004,-69.29218887050912,-69.29223228051873,-69.41442894986564,0.00048615107606087986
low,44.99,-69.29245562745781,-69.29249889452234,-69.41454865724047,0.0004845332703148889
low,45.00000000000001,-69.29272219108066,-69.29276531567436,-69.41466840651611,0.00048292084827688544
low,45.01,-69.2929885616228,-69.29303154421834,-69.41478819755143,0.0004813137920310542
low,45.02,-69.29325473932903,-69.29329758039752,-69.41490803020554,0.0004797120837211957
low,45.03,-69.29352072444382,-69.2935634244548,-69.41502790433788,0.00047811570555053774
low,45.040000000000006,-69.29378651721127,-69.29382907663273,-69.41514781980803,0.00047652463978152624
low,45.050000000000004,-69.29405211787518,-69.29409453717354,-69.41526777647587,0.00047493886873563687
low,45.06,-69.29431752667901,-69.29435980631912,-69.41538777420159,0.00047335837479317615
low,45.07000000000001,-69.29458274386585,-69.29462488431106,-69.41550781284556,0.00047178314039308136
low,45.080000000000005,-69.29484776967848,-69.2948897713906,-69.41562789226845,0.00047021314803273535
low,45.09,-69.29511260435936,-69.29515446779864,-69.41574801233114,0.00046864838026775967
low,45.1,-69.29537724815059,-69.29541897377578,-69.41586817289479,0.0004670888197118316
low,45.11000000000001,-69.29564170129396,-69.29568328956225,-69.4159883738208,0.00046553444903648267
low,45.12,-69.29590596403088,-69.29594741539798,-69.41610861497081,0.00046398525097091336
low,45.13,-69.29617003660248,-69.29621135152256,-69.41622889620673,0.0004624412083017941
low,45.14000000000001,-69.29643391924951,-69.29647509817525,-69.41634921739072,0.00046090230387307944
low,45.150000000000006,-69.29669761221247,-69.29673865559504,-69.41646957838515,0.00045936852058581803
low,45.160000000000004,-69.29696111573138,-69.29700202402044,-69.41658997905272,0.000457839841397955
low,45.17,-69.29722443004607,-69.29726520368983,-69.41671041925628,0.00045631624932415183
low,45.18000000000001,-69.297487555396,-69.2975281948411,-69.41683089885899,0.00045479772743559055
low,45.19,-69.29775049202024,-69.29779099771194,-69.41695141772425,0.00045328425885979165
low,45.2,-69.2980132401576,-69.29805361253962,-69.4170719757157,0.0004517758267804205
low,45.21000000000001,-69.29827580004653,-69.2983160395611,-69.41719257269722,0.0004502724144371051
low,45.220000000000006,-69.29853817192513,-69.29857827901306,-69.41731320853292,0.00044877400512525085
low,45.230000000000004,-69.2988003560312,-69.29884033113181,-69.41743388308724,0.00044728058219584756
low,45.24,-69.29906235260219,-69.29910219615336,-69.41755459622476,0.00044579212905529334
low,45.25000000000001,-69.29932416187525,-69.29936387431336,-69.41767534781034,0.00044430862916520304
low,45.260000000000005,-69.29958578408717,-69.2996253658472,-69.41779613770915,0.00044283006604223083
low,45.27,-69.29984721947442,-69.29988667098989,-69.4179169657865,0.00044135642325788095
low,45.28,-69.30010846827314,-69.30014778997615,-69.41803783190804,0.0004398876844383309
low,45.290000000000006,-69.30036953071915,-69.30040872304033,-69.41815873593956,0.0004384238332642431
low,45.300000000000004,-69.30063040704792,-69.3006694704165,-69.4182796777472,0.00043696485347059175
low,45.31,-69.30089109749463,-69.30093003233839,-69.41840065719725,0.0004355107288464753
low,45.32000000000001,-69.3011516022941,-69.30119040903939,-69.4185216741563,0.00043406144323493694
low,45.330000000000005,-69.30141192168084,-69.30145060075264,-69.41864272849119,0.00043261698053278976
low,45.34,-69.30167205588903,-69.30171060771087,-69.41876382006895,0.00043117732469043126
low,45.35,-69.30193200515252,-69.30197043014657,-69.41888494875693,0.0004297424597116741
low,45.36000000000001,-69.30219176970483,-69.3022300682918,-69.41900611442261,0.000428312369653555
low,45.37,-69.30245134977918,-69.30248952237841,-69.41912731693384,0.0004268870386261733
low,45.38,-69.30271074560844,-69.30274879263787,-69.41924855615859,0.00042546645079250087
low,45.39000000000001,-69.30296995742515,-69.30300787930135,-69.41936983196514,0.0004240505903682144
low,45.400000000000006,-69.30322898546154,-69.30326678259969,-69.41949114422201,0.00042263944162151767
low,45.410000000000004,-69.30348782994949,-69.3035255027634,-69.41961249279791,0.0004212329888729634
low,45.42,-69.30374649112062,-69.3037840400227,-69.41973387756184,0.0004198312164952873
low,45.43000000000001,-69.30400496920616,-69.30404239460748,-69.41985529838301,0.0004184341089132241
low,45.44,-69.30426326443705,-69.30430056674729,-69.41997675513089,0.0004170416506033434
low,45.45,-69.30452137704388,-69.30455855667138,-69.42009824767517,0.00041565382609387027
low,45.46,-69.30477930725698,-69.3048163646087,-69.42021977588578,0.0004142706199645196
low,45.470000000000006,-69.30503705530629,-69.30507399078785,-69.42034133963288,0.00041289201684631887
low,45.480000000000004,-69.30529462142142,-69.30533143543711,-69.4204629387869,0.00041151800142144124
low,45.49,-69.30555200583173,-69.30558869878449,-69.42058457321843,0.0004101485584230368
low,45.50000000000001,-69.30580920876622,-69.30584578105764,-69.4207062427984,0.00040878367263505607
low,45.510000000000005,-69.30606623045354,-69.30610268248388,-69.42082794739791,0.00040742332889208866
low,45.52,-69.30632307112208,-69.30635940329027,-69.4209496868883,0.0004060675120791886
low,45.53,-69.30657973099986,-69.30661594370352,-69.42107146114115,0.0004047162071317124
low,45.540000000000006,-69.3068362103146,-69.30687230395003,-69.42119327002828,0.00040336939903514503
low,45.550000000000004,-69.30709250929372,-69.30712848425587,-69.42131511342173,0.0004020270728249384
low,45.56,-69.30734862816426,-69.30738448484682,-69.42143699119379,0.00040068921358634503
low,45.57000000000001,-69.30760456715302,-69.30764030594834,-69.42155890321698,0.00039935580645424654
low,45.580000000000005,-69.30786032648642,-69.30789594778554,-69.42168084936405,0.00039802683661299573
low,45.59,-69.30811590639061,-69.30815141058329,-69.42180282950797,0.00039670228929624595
low,45.6,-69.30837130709136,-69.30840669456607,-69.42192484352195,0.0003953821497867925
low,45.61000000000001,-69.3086265288142,-69.30866179995809,-69.42204689127945,0.00039406640341640373
low,45.62,-69.30888157178427,-69.30891672698326,-69.42216897265415,0.0003927550355656634
low,45.63,-69.30913643622644,-69.3091714758651,-69.42229108751994,0.000391448031663802
low,45.64000000000001,-69.30939112236524,-69.30942604682693,-69.42241323575097,0.0003901453771885425
low,45.650000000000006,-69.30964563042491,-69.30968044009167,-69.4225354172216,0.00038884705766593306
low,45.660000000000004,-69.30989996062937,-69.30993465588197,-69.42265763180643,0.00038755305867018634
low,45.67,-69.31015411320219,-69.31018869442016,-69.42277987938027,0.00038626336582352373
low,45.68000000000001,-69.31040808836663,-69.31044255592826,-69.4229021598182,0.0003849779647960096
low,45.690000000000005,-69.3106618863457,-69.31069624062798,-69.4230244729955,0.0003836968413053996
low,45.7,-69.31091550736201,-69.31094974874071,-69.42314681878767,0.00038241998111697315
low,45.71,-69.31116895163795,-69.31120308048754,-69.42326919707045,0.0003811473700433831
low,45.720000000000006,-69.31142221939545,-69.31145623608924,-69.42339160771984,0.00037987899394449187
low,45.730000000000004,-69.31167531085633,-69.3117092157663,-69.423514050612,0.0003786148387272194
low,45.74,-69.31192822624189,-69.31196201973886,-69.42363652562335,0.0003773548903453841
low,45.75000000000001,-69.31218096577328,-69.31221464822679,-69.42375903263056,0.0003760991347995448
low,45.760000000000005,-69.31243352967122,-69.31246710144963,-69.42388157151048,0.0003748475581368517
low,45.77,-69.31268591815622,-69.3127193796266,-69.42400414214025,0.00037360014645088254
low,45.78,-69.31293813144838,-69.31297148297665,-69.42412674439716,0.00037235688588149605
low,45.790000000000006,-69.31319016976757,-69.31322341171838,-69.42424937815878,0.0003711177626146717
low,45.8,-69.31344203333332,-69.31347516607015,-69.42437204330285,0.0003698827628823618
low,45.81,-69.3136937223648,-69.31372674624991,-69.42449473970743,0.0003686518729623331
low,45.82000000000001,-69.31394523708096,-69.31397815247539,-69.42461746725068,0.00036742507917801836
low,45.830000000000005,-69.31419657770036,-69.31422938496398,-69.4247402258111,0.0003662023678983647
low,45.84,-69.3144477444413,-69.31448044393278,-69.42486301526733,0.0003649837255376768
low,45.85,-69.31469873752177,-69.31473132959856,-69.42498583549828,0.0003637691385554727
low,45.86000000000001,-69.31494955715944,-69.31498204217783,-69.42510868638303,0.0003625585934563277
low,45.870000000000005,-69.31520020357165,-69.31523258188675,-69.42523156780096,0.00036135207678972964
low,45.88,-69.31545067697547,-69.3154829489412,-69.42535447963161,0.0003601495751499239
low,45.89000000000001,-69.31570097758762,-69.31573314355673,-69.42547742175476,0.00035895107517576886
low,45.900000000000006,-69.31595110562456,-69.31598316594861,-69.42560039405042,0.00035775656355058785
low,45.910000000000004,-69.31620106130241,-69.31623301633182,-69.4257233963988,0.00035656602700201505
low,45.92,-69.316450844837,-69.316482694921,-69.42584642868036,0.00035537945230185587
low,45.93000000000001,-69.31670045644384,-69.31673220193053,-69.42596949077574,0.00035419682626593326
low,45.940000000000005,-69.31694989633814,-69.31698153757446,-69.42609258256584,0.0003530181357539471
low,45.95,-69.3171991647348,-69.31723070206652,-69.42621570393175,0.00035184336766932225
low,45.96,-69.31744826184845,-69.3174796956202,-69.42633885475479,0.00035067250895907086
low,45.970000000000006,-69.31769718789334,-69.3177285184486,-69.42646203491651,0.0003495055466136361
low,45.980000000000004,-69.31794594308349,-69.31797717076459,-69.42658524429866,0.00034834246766675994
low,45.99,-69.31819452763257,-69.31822565278074,-69.42670848278324,0.00034718325919533125
low,46.00000000000001,-69.318442941754,-69.3184739647093,-69.42683175025239,0.0003460279083192425
low,46.010000000000005,-69.31869118566081,-69.3187221067622,-69.42695504658857,0.00034487640220125134
low,46.02,-69.31893925956578,-69.31897007915109,-69.42707837167438,0.00034372872804683144
low,46.03,-69.3191871636814,-69.31921788208732,-69.42720172539266,0.00034258487310403856
low,46.040000000000006,-69.31943489821981,-69.31946551578193,-69.42732510762652,0.0003414448246633595
low,46.05,-69.31968246339295,-69.31971298044571,-69.42744851825917,0.00034030857005757915
low,46.06,-69.31992985941235,-69.31996027628912,-69.42757195717412,0.00033917609666163324
low,46.07000000000001,-69.32017708648922,-69.32020740352226,-69.4276954242551,0.000338047391892473
low,46.080000000000005,-69.3204241448346,-69.32045436235505,-69.427818919386,0.00033692244320892347
low,46.09,-69.32067103465911,-69.32070115299702,-69.42794244245096,0.0003358012381115412
low,46.1,-69.32091775617312,-69.32094777565744,-69.42806599333434,0.00033468376414248286
low,46.11000000000001,-69.32116430958669,-69.32119423054529,-69.42818957192071,0.0003335700088853576
low,46.120000000000005,-69.32141069510959,-69.32144051786923,-69.42831317809483,0.00033245995996509684
low,46.13,-69.3216569129513,-69.32168663783766,-69.42843681174169,0.000331353605047811
low,46.14,-69.32190296332091,-69.32193259065862,-69.42856047274648,0.0003302509318406575
low,46.150000000000006,-69.3221488464274,-69.32217837653997,-69.42868416099464,0.00032915192809169927
low,46.160000000000004,-69.32239456247925,-69.32242399568912,-69.42880787637178,0.00032805658158977224
low,46.17,-69.32264011168475,-69.32266944831333,-69.42893161876373,0.0003269648801643502
low,46.18000000000001,-69.32288549425188,-69.32291473461947,-69.42905538805657,0.00032587681168540444
low,46.190000000000005,-69.32313071038831,-69.32315985481418,-69.42917918413652,0.00032479236406327504
low,46.2,-69.32337576030142,-69.32340480910374,-69.42930300689008,0.00032371152524853175
low,46.21,-69.32362064419827,-69.32364959769417,-69.42942685620393,0.00032263428323184426
low,46.220000000000006,-69.32386536228566,-69.32389422079125,-69.42955073196494,0.00032156062604384483
low,46.230000000000004,-69.32410991477008,-69.32413867860036,-69.42967463406022,0.00032049054175499795
low,46.24,-69.3243543018577,-69.32438297132668,-69.42979856237706,0.0003194240184754689
low,46.25000000000001,-69.32459852375443,-69.32462709917507,-69.42992251680299,0.0003183610443549864
low,46.260000000000005,-69.3248425806659,-69.3248710623501,-69.43004649722576,0.00031730160758271713
low,46.27,-69.32508647279742,-69.32511486105601,-69.43017050353329,0.0003162456963871292
low,46.28,-69.32533020035395,-69.3253584954968,-69.4302945356137,0.00031519329903586645
low,46.290000000000006,-69.32557376354022,-69.32560196587615,-69.43041859335536,0.0003141444038356124
low,46.300000000000004,-69.3258171625607,-69.32584527239747,-69.43054267664684,0.00031309899913196725
low,46.31,-69.32606039761947,-69.32608841526387,-69.43066678537687,0.0003120570733093109
low,46.32000000000001,-69.32630346892043,-69.32633139467816,-69.43079091943447,0.00031101861479067956
low,46.330000000000005,-69.32654637666707,-69.32657421084289,-69.43091507870876,0.00030998361203763515
low,46.34,-69.32678912106266,-69.32681686396029,-69.43103926308915,0.00030895205355013533
low,46.35,-69.32703170231017,-69.3270593542323,-69.43116347246524,0.00030792392786640956
low,46.36000000000001,-69.32727412061226,-69.32730168186062,-69.4312877067268,0.00030689922356282685
low,46.370000000000005,-69.32751637617135,-69.32754384704661,-69.43141196576386,0.00030587792925377557
low,46.38,-69.32775846918949,-69.32778584999139,-69.43153624946657,0.0003048600335915291
low,46.39,-69.32800039986851,-69.32802769089572,-69.43166055772538,0.0003038455252661261
low,46.400000000000006,-69.32824216840989,-69.32826936996014,-69.43178489043089,0.00030283439300524037
low,46.410000000000004,-69.32848377501487,-69.3285108873849,-69.43190924747391,0.00030182662557405924
low,46.42,-69.32872521988435,-69.3287522433699,-69.43203362874547,0.00030082221177515683
low,46.43000000000001,-69.32896650321902,-69.32899343811484,-69.43215803413679,0.00029982114044836797
low,46.440000000000005,-69.3292076252192,-69.32923447181908,-69.43228246353927,0.0002988234004706698
low,46.45,-69.32944858608496,-69.3294753446817,-69.43240691684453,0.0002978289807560506
low,46.46,-69.32968938601607,-69.32971605690152,-69.43253139394444,0.0002968378702553933
low,46.470000000000006,-69.32993002521202,-69.32995660867704,-69.432655894731,0.00029585005795634774
low,46.480000000000004,-69.33017050387204,-69.33019700020651,-69.43278041909642,0.0002948655328832126
low,46.49,-69.330410822195,-69.33043723168788,-69.43290496693318,0.0002938842840968093
low,46.50000000000001,-69.33065098037957,-69.33067730331884,-69.43302953813387,0.00029290630069436335
low,46.510000000000005,-69.33089097862408,-69.33091721529675,-69.43315413259134,0.000291931571809384
low,46.52,-69.33113081712654,-69.33115696781869,-69.43327875019861,0.00029096008661153884
low,46.53,-69.33137049608476,-69.3313965610815,-69.43340339084892,0.00028999183430653886
low,46.540000000000006,-69.33161001569624,-69.33163599528174,-69.4335280544357,0.000289026804136014
low,46.550000000000004,-69.33184937615817,-69.33187527061567,-69.43365274085257,0.0002880649853773982
low,46.56,-69.33208857766743,-69.33211438727922,-69.43377744999336,0.0002871063673438046
low,46.57000000000001,-69.33232762042068,-69.3323533454681,-69.4339021817521,0.00028615093938391364
low,46.580000000000005,-69.33256650461428,-69.33259214537775,-69.43402693602302,0.0002851986908818491
low,46.59,-69.33280523044427,-69.33283078720328,-69.43415171270053,0.00028424961125706144
low,46.6,-69.33304379810643,-69.33306927113954,-69.43427651167923,0.00028330368996421244
low,46.61000000000001,-69.33328220779624,-69.33330759738111,-69.43440133285397,0.0002823609164930551
low,46.620000000000005,-69.33352045970899,-69.33354576612228,-69.43452617611975,0.00028142128036831983
low,46.63,-69.33375855403955,-69.33378377755709,-69.43465104137177,0.000280484771149594
low,46.64,-69.33399649098257,-69.33402163187922,-69.43477592850545,0.000279551378431212
low,46.650000000000006,-69.33423427073245,-69.33425932928218,-69.43490083741636,0.00027862109184213264
low,46.660000000000004,-69.33447189348324,-69.33449686995911,-69.43502576800034,0.00027769390104582907
low,46.67,-69.33470935942879,-69.33473425410294,-69.43515072015336,0.0002767697957401723
low,46.68000000000001,-69.3349466687626,-69.3349714819063,-69.4352756937716,0.0002758487656573152
low,46.690000000000005,-69.33518382167792,-69.33520855356149,-69.43540068875144,0.00027493080056358157
low,46.7,-69.33542081836772,-69.3354454692606,-69.43552570498946,0.0002740158902593484
low,46.71,-69.3356576590247,-69.33568222919547,-69.4356507423824,0.0002731040245789382
low,46.720000000000006,-69.33589434384126,-69.33591883355756,-69.43577580082726,0.0002721951933904991
low,46.730000000000004,-69.33613087300952,-69.33615528253813,-69.43590088022117,0.00027128938659589866
low,46.74,-69.33636724672134,-69.33639157632814,-69.4360259804615,0.00027038659413060643
low,46.75000000000001,-69.3366034651683,-69.3366277151183,-69.43615110144576,0.0002694868059635864
low,46.760000000000005,-69.33683952854167,-69.336863699099,-69.4362762430717,0.0002685900120971833
low,46.77,-69.33707543703252,-69.33709952846041,-69.43640140523725,0.00026769620256701025
low,46.78,-69.33731119083154,-69.33733520339237,-69.43652658784052,0.00026680536744184307
low,46.790000000000006,-69.33754679012922,-69.3375707240845,-69.4366517907798,0.0002659174968235029
low,46.800000000000004,-69.33778223511577,-69.3378060907261,-69.43677701395359,0.0002650325808467527
low,46.81,-69.33801752598106,-69.33804130350624,-69.4369022572606,0.00026415060967918246
low,46.82,-69.33825266291474,-69.3382763626137,-69.43702752059968,0.00026327157352110456
low,46.830000000000005,-69.3384876461062,-69.33851126823694,-69.43715280386992,0.0002623954626054405
low,46.84,-69.33872247574446,-69.3387460205642,-69.43727810697057,0.00026152226719761563
low,46.85,-69.3389571520184,-69.33898061978344,-69.43740342980107,0.000260651977595451
low,46.86000000000001,-69.33919167511651,-69.33921506608237,-69.43752877226108,0.000259784584129052
low,46.870000000000005,-69.3394260452271,-69.33944935964841,-69.4376541342504,0.00025892007716070534
low,46.88,-69.33966026253815,-69.33968350066868,-69.43777951566902,0.00025805844708476827
low,46.89,-69.33989432723735,-69.33991748933006,-69.4379049164172,0.00025719968432756516
low,46.900000000000006,-69.34012823951215,-69.34015132581915,-69.4380303363953,0.00025634377934727765
low,46.91000000000001,-69.34036199954974,-69.34038501032231,-69.4381557755039,0.0002554907226338429
low,46.92,-69.34059560753701,-69.34061854302557,-69.43828123364376,0.00025464050470884404
low,46.93000000000001,-69.34082906366056,-69.34085192411474,-69.43840671071582,0.0002537931161254058
low,46.940000000000005,-69.34106236810682,-69.34108515377537,-69.43853220662126,0.00025294854746809144
low,46.95,-69.3412955210618,-69.34131823219268,-69.43865772126135,0.00025210678935279535
low,46.96,-69.34152852271133,-69.34155115955168,-69.43878325453764,0.0002512678324266418
low,46.970000000000006,-69.341761373241,-69.3417839360371,-69.43890880635182,0.0002504316673678771
low,46.980000000000004,-69.34199407283603,-69.34201656183339,-69.43903437660575,0.0002495982848857716
low,46.99,-69.34222662168145,-69.34224903712473,-69.4391599652015,0.0002487676757205101
low,47.00000000000001,-69.34245901996198,-69.34248136209504,-69.43928557204131,0.00024793983064309367
low,47.010000000000005,-69.34269126786208,-69.342713536928,-69.43941119702767,0.0002471147404552357
low,47.02,-69.34292336556597,-69.34294556180699,-69.43953684006314,0.000246292395989258
low,47.03,-69.34315531325755,-69.34317743691508,-69.43966250105055,0.0002454727881079923
low,47.040000000000006,-69.34338711112049,-69.3434091624352,-69.43978817989289,0.00024465590770467453
low,47.050000000000004,-69.34361875933816,-69.34364073854988,-69.4399138764933,0.00024384174570284923
low,47.06,-69.34385025809374,-69.34387216544151,-69.44003959075515,0.00024303029305626213
low,47.07,-69.34408160757003,-69.3441034432921,-69.44016532258199,0.00024222154074876533
low,47.080000000000005,-69.34431280794965,-69.34433457228347,-69.44029107187751,0.00024141547979421288
low,47.09,-69.3445438594149,-69.34456555259717,-69.44041683854563,0.00024061210123636398
low,47.1,-69.34477476214786,-69.34479638441447,-69.44054262249043,0.0002398113961487825
low,47.11000000000001,-69.34500551633032,-69.34502706791633,-69.44066842361617,0.0002390133556347357
low,47.120000000000005,-69.34523612214379,-69.34525760328354,-69.44079424182729,0.0002382179708271002
low,47.13,-69.34546657976954,-69.34548799069658,-69.44092007702841,0.0002374252328882576
low,47.14,-69.34569688938858,-69.34571823033566,-69.44104592912434,0.00023663513301000136
low,47.150000000000006,-69.34592705118159,-69.34594832238075,-69.44117179802008,0.00023584766241343478
low,47.160000000000004,-69.34615706532911,-69.34617826701154,-69.44129768362077,0.00023506281234887745
low,47.17,-69.34638693201127,-69.34640806440744,-69.44142358583177,0.00023428057409576373
low,47.18000000000001,-69.34661665140808,-69.34663771474766,-69.4415495045586,0.00023350093896255065
low,47.190000000000005,-69.34684622369916,-69.34686721821109,-69.44167543970696,0.00023272389828661762
low,47.2,-69.34707564906395,-69.3470965749764,-69.44180139118275,0.00023194944343417055
low,47.21,-69.3473049276816,-69.347325785222,-69.441927358892,0.00023117756580014838
low,47.220000000000006,-69.347534059731,-69.34755484912598,-69.44205334274096,0.00023040825680812414
low,47.230000000000004,-69.34776304539076,-69.34778376686626,-69.44217934263607,0.00022964150791021307
low,47.24,-69.34799188483929,-69.34801253862042,-69.4423053584839,0.0002288773105869739
low,47.25000000000001,-69.34822057825464,-69.34824116456583,-69.44243139019123,0.0002281156563473186
low,47.260000000000005,-69.3484491258147,-69.34846964487961,-69.44255743766499,0.00022735653672841433
low,47.27,-69.34867752769702,-69.34869797973859,-69.44268350081231,0.00022659994329559026
low,47.28,-69.34890578407894,-69.34892616931933,-69.44280957954051,0.00022584586764224553
low,47.290000000000006,-69.34913389513754,-69.34915421379819,-69.44293567375705,0.0002250943013897533
low,47.300000000000004,-69.3493618610496,-69.34938211335121,-69.4430617833696,0.0002243452361873705
low,47.31,-69.34958968199167,-69.34960986815422,-69.44318790828599,0.00022359866371214146
low,47.32,-69.34981735814006,-69.34983747838278,-69.4433140484142,0.00022285457566881042
low,47.330000000000005,-69.35004488967076,-69.35006494421218,-69.44344020366242,0.00022211296378972362
low,47.34000000000001,-69.35027227675957,-69.35029226581747,-69.443566373939,0.00022137381983474184
low,47.35,-69.35049951958197,-69.35051944337343,-69.44369255915248,0.0002206371355911472
low,47.36000000000001,-69.35072661831325,-69.35074647705461,-69.44381875921154,0.00021990290287355092
low,47.370000000000005,-69.3509535731284,-69.3509733670353,-69.44394497402509,0.00021917111352380488
low,47.38,-69.35118038420212,-69.35120011348947,-69.44407120350216,0.00021844175941090763
low,47.39,-69.35140705170897,-69.35142671659095,-69.44419744755196,0.00021771483243091858
low,47.400000000000006,-69.35163357582313,-69.35165317651324,-69.44432370608388,0.00021699032450686273
low,47.410000000000004,-69.35185995671858,-69.35187949342959,-69.4444499790075,0.0002162682275886453
low,47.42,-69.35208619456908,-69.35210566751306,-69.44457626623259,0.00021554853365295896
low,47.43000000000001,-69.35231228954801,-69.35233169893634,-69.44470256766901,0.0002148312347031975
low,47.440000000000005,-69.35253824182864,-69.35255758787198,-69.44482888322686,0.00021411632276936552
low,47.45,-69.35276405158392,-69.35278333449223,-69.44495521281642,0.00021340378990798863
low,47.46,-69.35298971898652,-69.35300893896908,-69.4450815563481,0.00021269362820202923
low,47.470000000000006,-69.3532152442089,-69.35323440147427,-69.4452079137325,0.00021198582976079323
low,47.480000000000004,-69.35344062742323,-69.35345972217931,-69.44533428488037,0.00021128038671984698
low,47.49,-69.35366586880149,-69.35368490125546,-69.44546066970267,0.00021057729124092644
low,47.5,-69.35389096851536,-69.35390993887373,-69.4455870681105,0.00020987653551185319
low,47.510000000000005,-69.35411592673624,-69.35413483520482,-69.44571348001513,0.0002091781117464441
low,47.52000000000001,-69.35434074363533,-69.35435959041928,-69.44583990532803,0.00020848201218442904
low,47.53,-69.35456541938356,-69.35458420468731,-69.44596634396079,0.0002077882290913613
low,47.540000000000006,-69.35478995415161,-69.35480867817894,-69.44609279582521,0.00020709675475853194
low,47.550000000000004,-69.35501434810992,-69.35503301106392,-69.44621926083325,0.00020640758150288643
low,47.56,-69.35523860142864,-69.35525720351175,-69.44634573889702,0.00020572070166693633
low,47.57,-69.3554627142777,-69.35548125569169,-69.44647222992882,0.00020503610761867715
low,47.580000000000005,-69.3556866868268,-69.35570516777271,-69.44659873384111,0.00020435379175150025
low,47.59000000000001,-69.35591051924534,-69.35592893992361,-69.4467252505465,0.0002036737464841122
low,47.6,-69.35613421170251,-69.35615257231288,-69.4468517799578,0.00020299596426044753
low,47.61000000000001,-69.35635776436723,-69.35637606510879,-69.44697832198796,0.00020232043754958497
low,47.620000000000005,-69.35658117740819,-69.35659941847935,-69.4471048765501,0.0002016471588456659
low,47.63,-69.35680445099379,-69.35682263259235,-69.44723144355754,0.00020097612066780816
low,47.64,-69.35702758529226,-69.3570457076153,-69.44735802292371,0.0002003073155600259
low,47.650000000000006,-69.35725058047149,-69.35726864371549,-69.44748461456224,0.00019964073609114326
low,47.660000000000004,-69.3574734366992,-69.35749144105993,-69.44761121838692,0.0001989763748547163
low,47.67,-69.35769615414277,-69.35771409981544,-69.44773783431174,0.00019831422446894552
low,47.68000000000001,-69.35791873296947,-69.35793662014854,-69.44786446225078,0.00019765427757659798
low,47.690000000000005,-69.35814117334621,-69.35815900222555,-69.44799110211832,0.00019699652684492406
low,47.7,-69.35836347543969,-69.3583812462125,-69.44811775382887,0.00019634096496557474
low,47.71,-69.35858563941635,-69.35860335227522,-69.44824441729698,0.00019568758465452312
low,47.720000000000006,-69.35880766544243,-69.3588253205793,-69.44837109243745,0.00019503637865198026
low,47.730000000000004,-69.35902955368385,-69.35904715129001,-69.44849777916525,0.00019438733972231852
low,47.74,-69.35925130430637,-69.35926884457248,-69.44862447739543,0.0001937404606539866
low,47.75,-69.35947291747543,-69.35949040059153,-69.4487511870433,0.00019309573425943324
low,47.760000000000005,-69.35969439335629,-69.35971181951177,-69.44887790802429,0.00019245315337502455
low,47.77000000000001,-69.35991573211392,-69.35993310149755,-69.44900464025399,0.00019181271086096634
low,47.78,-69.36013693391304,-69.36015424671298,-69.44913138364812,0.0001911743996012251
low,47.790000000000006,-69.36035799891818,-69.36037525532193,-69.44925813812264,0.0001905382125034459
low,47.800000000000004,-69.3605789272936,-69.36059612748805,-69.44938490359363,0.00018990414249887735
low,47.81,-69.36079971920327,-69.36081686337471,-69.44951167997729,0.00018927218254228997
low,47.82,-69.36102037481099,-69.3610374631451,-69.44963846719006,0.00018864232561190066
low,47.830000000000005,-69.3612408942803,-69.36125792696207,-69.4497652651485,0.00018801456470929185
low,47.84,-69.36146127777447,-69.36147825498836,-69.44989207376932,0.00018738889285933676
low,47.85,-69.36168152545653,-69.36169844738635,-69.45001889296941,0.00018676530311011836
low,47.86000000000001,-69.36190163748931,-69.36191850431825,-69.45014572266582,0.00018614378853285633
low,47.870000000000005,-69.36212161403537,-69.36213842594603,-69.45027256277575,0.0001855243422218267
low,47.88,-69.36234145525702,-69.3623582124314,-69.45039941321659,0.0001849069572942857
low,47.89,-69.36256116131636,-69.36257786393584,-69.45052627390581,0.00018429162689039506
low,47.900000000000006,-69.3627807323752,-69.36279738062055,-69.45065314476113,0.00018367834417314333
low,47.910000000000004,-69.36300016859516,-69.36301676264658,-69.45078002570038,0.00018306710232827243
low,47.92,-69.36321947013761,-69.36323601017469,-69.45090691664154,0.00018245789456419908
low,47.93000000000001,-69.3634386371637,-69.36345512336541,-69.4510338175028,0.00018185071411194273
low,47.940000000000005,-69.3636576698343,-69.36367410237904,-69.45116072820247,0.0001812455542250478
low,47.95000000000001,-69.36387656831005,-69.36389294737562,-69.45128764865902,0.00018064240817950857
low,47.96,-69.36409533275136,-69.36411165851497,-69.45141457879106,0.00018004126927369677
low,47.970000000000006,-69.36431396331841,-69.36433023595669,-69.4515415185174,0.0001794421308282844
low,47.980000000000004,-69.36453246017113,-69.3645486798601,-69.45166846775697,0.00017884498618617216
low,47.99,-69.36475082346921,-69.36476699038437,-69.45179542642889,0.00017824982871241242
low,48.0,-69.36496905337215,-69.36498516768833,-69.45192239445241,0.0001776566517941395
low,48.010000000000005,-69.36518715003916,-69.36520321193063,-69.45204937174695,0.00017706544884049172
low,48.02000000000001,-69.36540511362921,-69.36542112326973,-69.45217635823208,0.00017647621328254165
low,48.03,-69.36562294430108,-69.36563890186376,-69.4523033538275,0.00017588893857322166
low,48.040000000000006,-69.36584064221329,-69.36585654787068,-69.45243035845313,0.0001753036181872507
low,48.050000000000004,-69.36605820752412,-69.36607406144822,-69.45255737202898,0.0001747202456210634
low,48.06,-69.36627564039163,-69.36629144275386,-69.45268439447524,0.00017413881439273546
low,48.07,-69.36649294097363,-69.36650869194482,-69.45281142571228,0.00017355931804191523
low,48.080000000000005,-69.36671010942769,-69.36672580917812,-69.45293846566058,0.00017298175012974736
low,48.09,-69.36692714591115,-69.36694279461055,-69.45306551424079,0.00017240610423880533
low,48.1,-69.36714405058117,-69.36715964839867,-69.45319257137373,0.00017183237397301718
low,48.11000000000001,-69.3673608235946,-69.36737637069879,-69.45331963698037,0.00017126055295759625
low,48.120000000000005,-69.3675774651081,-69.36759296166703,-69.4534467109818,0.0001706906348389707
low,48.13000000000001,-69.36779397527809,-69.36780942145921,-69.4535737932993,0.00017012261328471027
low,48.14,-69.36801035426073,-69.36802575023097,-69.45370088385428,0.00016955648198345907
low,48.150000000000006,-69.368226602212,-69.36824194813772,-69.45382798256831,0.00016899223464486292
low,48.160000000000004,-69.3684427192876,-69.3684580153346,-69.45395508936312,0.00016842986499950174
low,48.17,-69.36865870564307,-69.3686739519766,-69.45408220416061,0.00016786936679881752
low,48.18,-69.3688745614336,-69.36888975821839,-69.45420932688279,0.00016731073381504727
low,48.190000000000005,-69.3690902868143,-69.36910543421449,-69.45433645745183,0.00016675395984115126
low,48.20000000000001,-69.3693058819399,-69.36932098011911,-69.45446359579007,0.00016619903869074712
low,48.21,-69.36952134696497,-69.3695363960863,-69.45459074182,0.00016564596419803862
low,48.220000000000006,-69.36973668204391,-69.36975168226986,-69.45471789546424,0.0001650947302177473
low,48.230000000000004,-69.36995188733076,-69.36996683882334,-69.4548450566456,0.00016454533062504605
low,48.24,-69.37016696297945,-69.37018186590012,-69.45497222528698,0.0001639977593154888
low,48.25,-69.37038190914362,-69.37039676365329,-69.45509940131146,0.00016345201020494477
low,48.260000000000005,-69.37059672597668,-69.37061153223576,-69.4552265846423,0.00016290807722952848
low,48.27000000000001,-69.37081141363186,-69.37082617180016,-69.45535377520287,0.0001623659543455355
low,48.28,-69.3710259722621,-69.37104068249899,-69.4554809729167,0.00016182563552937266
low,48.290000000000006,-69.37124040202016,-69.3712550644844,-69.45560817770749,0.00016128711477749136
low,48.300000000000004,-69.37145470305855,-69.37146931790839,-69.45573538949907,0.00016075038610632275
low,48.31,-69.37166887552954,-69.37168344292276,-69.45586260821537,0.00016021544355220886
low,48.32,-69.3718829195852,-69.371897439679,-69.45598983378056,0.00015968228117133862
low,48.330000000000005,-69.37209683537738,-69.37211130832844,-69.4561170661189,0.00015915089303967917
low,48.34,-69.37231062305766,-69.3723250490222,-69.45624430515483,0.00015862127325291366
low,48.35,-69.37252428277746,-69.3725386619111,-69.45637155081289,0.00015809341592637146
low,48.36000000000001,-69.37273781468791,-69.37275214714579,-69.45649880301781,0.00015756731519496602
low,48.370000000000005,-69.37295121893996,-69.37296550487672,-69.45662606169445,0.00015704296521312856
low,48.38000000000001,-69.37316449568432,-69.37317873525406,-69.45675332676782,0.0001565203601547419
low,48.39,-69.37337764507147,-69.37339183842779,-69.4568805981631,0.0001559994942130792
low,48.400000000000006,-69.37359066725168,-69.37360481454766,-69.45700787580556,0.00015548036160073405
low,48.410000000000004,-69.37380356237496,-69.3738176637632,-69.45713515962065,0.00015496295654956243
low,48.42,-69.37401633059115,-69.37403038622371,-69.45726244953399,0.0001544472733106131
low,48.43,-69.3742289720498,-69.37424298207829,-69.4573897454713,0.0001539333061540676
low,48.440000000000005,-69.37444148690038,-69.37445545147578,-69.45751704735848,0.00015342104936917386
low,48.45000000000001,-69.3746538752919,-69.37466779456486,-69.45764435512154,0.0001529104972641846
low,48.46,-69.37486613737337,-69.37488001149391,-69.45777166868666,0.0001524016441662942
low,48.470000000000006,-69.37507827329345,-69.37509210241116,-69.45789898798017,0.00015189448442157324
low,48.480000000000004,-69.3752902832007,-69.37530406746461,-69.45802631292852,0.00015138901239490887
low,48.49,-69.37550216724327,-69.37551590680201,-69.45815364345833,0.00015088522246993943
low,48.5,-69.37571392556926,-69.37572762057088,-69.45828097949635,0.0001503831090489945
low,48.510000000000005,-69.37592555832649,-69.3759392089186,-69.45840832096947,0.0001498826665530303
low,48.52,-69.37613706566252,-69.3761506719922,-69.45853566780471,0.0001493838894215701
low,48.53,-69.37634844772475,-69.37636200993863,-69.45866301992928,0.00014888677211263979
low,48.540000000000006,-69.37655970466034,-69.37657322290454,-69.45879037727049,0.0001483913091027094
low,48.550000000000004,-69.37677083661625,-69.3767843110364,-69.45891773975579,0.00014789749488662934
low,48.56000000000001,-69.37698184373916,-69.37699527448042,-69.45904510731282,0.00014740532397756933
low,48.57,-69.37719272617558,-69.37720611338263,-69.45917247986932,0.00014691479090695914
low,48.580000000000005,-69.37740348407179,-69.37741682788884,-69.45929985735317,0.00014642589022442583
low,48.59,-69.37761411757386,-69.37762741814461,-69.45942723969242,0.00014593861649773505
low,48.6,-69.37782462682765,-69.37783788429533,-69.45955462681525,0.00014545296431272848
low,48.61000000000001,-69.37803501197877,-69.37804822648616,-69.45968201864994,0.0001449689282732665
low,48.620000000000005,-69.37824527317264,-69.37825844486203,-69.45980941512498,0.00014448650300116596
low,48.63000000000001,-69.37845541055444,-69.37846853956763,-69.45993681616895,0.00014400568313614054
low,48.64,-69.37866542426917,-69.37867851074753,-69.46006422171061,0.00014352646333574287
low,48.650000000000006,-69.37887531446158,-69.37888835854595,-69.46019163167881,0.00014304883827530307
low,48.660000000000004,-69.3790850812762,-69.37909808310704,-69.4603190460026,0.0001425728026478716
low,48.67,-69.37929472485739,-69.37930768457461,-69.4604464646111,0.00014209835116415804
low,48.68,-69.37950424534925,-69.37951716309233,-69.46057388743364,0.00014162547855247544
low,48.690000000000005,-69.37971364289568,-69.37972651880364,-69.46070131439963,0.000141154179558678
low,48.70000000000001,-69.37992291764034,-69.37993575185175,-69.46082874543868,0.00014068444894610563
low,48.71,-69.38013206972676,-69.38014486237968,-69.46095618048047,0.00014021628149552473
low,48.720000000000006,-69.38034109929815,-69.38035385053024,-69.46108361945485,0.00013974967200506912
low,48.730000000000004,-69.38055000649754,-69.38056271644597,-69.46121106229185,0.00013928461529018522
low,48.74000000000001,-69.38075879146778,-69.38077146026927,-69.46133850892156,0.00013882110618357055
low,48.75,-69.38096745435148,-69.38098008214232,-69.46146595927426,0.00013835913953511974
low,48.760000000000005,-69.38117599529104,-69.38118858220703,-69.46159341328034,0.00013789871021186473
low,48.77,-69.38138441442865,-69.38139696060516,-69.46172087087037,0.0001374398130979199
low,48.78,-69.38159271190632,-69.38160521747825,-69.461848331975,0.00013698244309442328
low,48.790000000000006,-69.38180088786577,-69.38181335296761,-69.46197579652508,0.00013652659511948116
low,48.800000000000004,-69.38200894244856,-69.38202136721434,-69.46210326445154,0.00013607226410811214
low,48.81000000000001,-69.38221687579603,-69.38222926035931,-69.46223073568545,0.0001356194450121884
low,48.82,-69.38242468804931,-69.38243703254324,-69.46235821015806,0.00013516813280038258
low,48.830000000000005,-69.38263237934935,-69.38264468390659,-69.46248568780072,0.00013471832245810935
low,48.84,-69.3828399498368,-69.38285221458963,-69.46261316854493,0.00013427000898747187
low,48.85,-69.3830473996522,-69.38305962473243,-69.46274065232232,0.0001338231874072043
low,48.86,-69.38325472893585,-69.38326691447485,-69.46286813906467,0.00013337785275261823
low,48.870000000000005,-69.38346193782779,-69.3834740839565,-69.46299562870385,0.0001329340000755456
low,48.88000000000001,-69.3836690264679,-69.38368113331683,-69.46312312117192,0.00013249162444428614
low,48.89,-69.38387599499588,-69.38388806269508,-69.46325061640103,0.0001320507209435505
low,48.900000000000006,-69.38408284355111,-69.38409487223025,-69.46337811432352,0.00013161128467440586
low,48.910000000000004,-69.38428957227288,-69.38430156206115,-69.4635056148718,0.00013117331075422297
low,48.92,-69.38449618130024,-69.38450813232642,-69.46363311797845,0.00013073679431661997
low,48.93,-69.38470267077197,-69.38471458316441,-69.46376062357618,0.0001303017305114102
low,48.940000000000005,-69.38490904082668,-69.38492091471332,-69.46388813159781,0.0001298681145045462
low,48.95000000000001,-69.38511529160283,-69.38512712711116,-69.46401564197635,0.00012943594147806856
low,48.96,-69.38532142323861,-69.3853332204957,-69.46414315464487,0.00012900520663005035
low,48.970000000000006,-69.38552743587198,-69.38553919500451,-69.46427066953663,0.0001285759051745439
low,48.980000000000004,-69.38573332964079,-69.38574505077497,-69.464398186585,0.0001281480323415291
low,48.99000000000001,-69.38593910468259,-69.38595078794424,-69.46452570572346,0.00012772158337685826
low,49.0,-69.38614476113474,-69.38615640664929,-69.46465322688567,0.00012729655354220624
low,49.010000000000005,-69.38635029913445,-69.38636190702685,-69.4647807500054,0.0001268729381150137
low,49.02,-69.38655571881866,-69.38656728921349,-69.46490827501654,0.00012645073238843924
low,49.03,-69.38676102032413,-69.38677255334555,-69.46503580185313,0.00012602993167130317
low,49.040000000000006,-69.38696620378745,-69.3869776995592,-69.46516333044931,0.00012561053128803783
low,49.050000000000004,-69.38717126934495,-69.38718272799034,-69.4652908607394,0.00012519252657863485
low,49.06000000000001,-69.38737621713277,-69.38738763877475,-69.46541839265778,0.0001247759128985925
low,49.07,-69.38758104728689,-69.38759243204797,-69.46554592613904,0.00012436068561886654
low,49.080000000000005,-69.38778575994301,-69.38779710794529,-69.46567346111786,0.00012394684012581554
low,49.09,-69.38799035523671,-69.3880016666019,-69.46580099752904,0.00012353437182115244
low,49.1,-69.3881948333033,-69.38820610815267,-69.46592853530754,0.00012312327612189138
low,49.11,-69.38839919427791,-69.38841043273239,-69.46605607438842,0.00012271354846029862
low,49.120000000000005,-69.38860343829548,-69.38861464047554,-69.46618361470688,0.0001223051842838399
low,49.13000000000001,-69.38880756549072,-69.38881873151648,-69.46631115619826,0.00012189817905513131
low,49.14,-69.3890115759982,-69.38902270598933,-69.46643869879803,0.00012149252825188896
low,49.150000000000006,-69.38921546995219,-69.38922656402801,-69.46656624244176,0.00012108822736687688
low,49.160000000000004,-69.38941924748683,-69.38943030576624,-69.46669378706514,0.00012068527190785931
low,49.17000000000001,-69.38962290873607,-69.38963393133756,-69.46682133260407,0.00012028365739754878
low,49.18,-69.38982645383359,-69.38983744087528,-69.4669488789945,0.00011988337937355815
low,49.190000000000005,-69.39002988291297,-69.39004083451258,-69.46707642617253,0.00011948443338834927
low,49.2,-69.39023319610747,-69.39024411238233,-69.4672039740744,0.0001190868150091853
low,49.21,-69.39043639355023,-69.3904472746173,-69.46733152263646,0.00011869051981807952
low,49.220000000000006,-69.3906394753742,-69.39065032135,-69.46745907179518,0.00011829554341174855
low,49.230000000000004,-69.39084244171208,-69.39085325271279,-69.46758662148719,0.00011790188140156165
low,49.24000000000001,-69.39104529269636,-69.39105606883777,-69.4677141716492,0.00011750952941349198
low,49.25,-69.39124802845942,-69.39125876985693,-69.46784172221813,0.0001171184830880694
low,49.260000000000005,-69.39145064913338,-69.39146135590198,-69.4679692731309,0.00011672873808033026
low,49.27,-69.39165315485013,-69.39166382710447,-69.46809682432469,0.00011634029005977093
low,49.28,-69.39185554574142,-69.39186618359575,-69.46822437573668,0.00011595313471029766
low,49.290000000000006,-69.39205782193882,-69.39206842550699,-69.46835192730428,0.00011556726773018099
low,49.300000000000004,-69.39225998357361,-69.39227055296914,-69.46847947896498,0.00011518268483200604
low,49.31000000000001,-69.39246203077693,-69.39247256611293,-69.46860703065639,0.0001147993817426251
low,49.32,-69.39266396367975,-69.39267446506896,-69.46873458231623,0.0001144173542031115
low,49.330000000000005,-69.39286578241281,-69.39287624996761,-69.46886213388238,0.0001140365979687102
low,49.34,-69.39306748710666,-69.39307792093904,-69.46898968529285,0.0001136571088087933
low,49.35000000000001,-69.39326907789166,-69.39327947811321,-69.46911723648577,0.00011327888250681003
low,49.36,-69.39347055489795,-69.39348092161995,-69.46924478739935,0.00011290191486024248
low,49.370000000000005,-69.3936719182555,-69.39368225158883,-69.46937233797198,0.00011252620168055693
low,49.38000000000001,-69.39387316809409,-69.39388346814926,-69.46949988814211,0.00011215173879315884
low,49.39,-69.39407430454327,-69.39408457143043,-69.46962743784837,0.00011177852203734582
low,49.400000000000006,-69.39427532773243,-69.39428556156136,-69.46975498702952,0.00011140654726626057
low,49.410000000000004,-69.39447623779077,-69.3944864386709,-69.4698825356244,0.00011103581034684706
low,49.42000000000001,-69.39467703484726,-69.39468720288764,-69.47001008357196,0.00011066630715980176
low,49.43,-69.3948777190307,-69.39488785434,-69.47013763081137,0.00011029803359953032
low,49.440000000000005,-69.3950782904697,-69.39508839315627,-69.47026517728179,0.00010993098557410011
low,49.45,-69.39527874929266,-69.39528881946447,-69.4703927229226,0.00010956515900519634
low,49.46,-69.3954790956278,-69.39548913339247,-69.47052026767328,0.00010920054982807518
low,49.470000000000006,-69.39567932960314,-69.39568933506791,-69.4706478114734,0.00010883715399151984
low,49.480000000000004,-69.3958794513465,-69.3958894246183,-69.4707753542627,0.00010847496745779562
low,49.49000000000001,-69.39607946098559,-69.39608940217093,-69.47090289598098,0.0001081139862026034
low,49.5,-69.39627935864782,-69.3962892678529,-69.47103043656823,0.00010775420621503703
low,49.510000000000005,-69.3964791444604,-69.39648902179107,-69.47115797596452,0.00010739562349753699
low,49.52,-69.39667881855047,-69.3966886641122,-69.47128551411001,0.00010703823406584757
low,49.53,-69.39687838104486,-69.3968881949428,-69.47141305094506,0.000106682033948971
low,49.54,-69.39707783207027,-69.39708761440922,-69.47154058641011,0.00010632701918912495
low,49.550000000000004,-69.39727717175319,-69.39728692263758,-69.47166812044571,0.00010597318584169675
low,49.56000000000001,-69.39747640021993,-69.39748611975385,-69.47179565299254,0.00010562052997520167
low,49.57,-69.39767551759662,-69.39768520588382,-69.47192318399138,0.0001052690476712376
low,49.580000000000005,-69.39787452400915,-69.39788418115306,-69.47205071338318,0.00010491873502444158
low,49.59,-69.39807341958331,-69.39808304568696,-69.47217824110895,0.00010456958814244765
low,49.60000000000001,-69.39827220444461,-69.39828179961071,-69.47230576710986,0.00010422160314584187
low,49.61,-69.39847087871841,-69.39848044304937,-69.47243329132718,0.00010387477616812161
low,49.620000000000005,-69.39866944252987,-69.39867897612771,-69.47256081370232,0.0001035291033556491
low,49.63000000000001,-69.39886789600402,-69.39887739897044,-69.47268833417678,0.00010318458086761252
low,49.64,-69.39906623926564,-69.39907571170198,-69.47281585269221,0.00010284120487598068
low,49.650000000000006,-69.39926447243928,-69.39927391444661,-69.47294336919033,0.00010249897156546086
low,49.660000000000004,-69.39946259564942,-69.39947200732841,-69.47307088361302,0.00010215787713345757
low,49.67000000000001,-69.39966060902029,-69.3996699904713,-69.47319839590226,0.00010181791779002865
low,49.68,-69.3998585126759,-69.39986786399896,-69.47332590600017,0.00010147908975784525
low,49.690000000000005,-69.40005630674017,-69.40006562803494,-69.47345341384894,0.00010114138927214746
low,49.7,-69.40025399133674,-69.4002632827026,-69.47358091939094,0.00010080481258070453
low,49.71,-69.40045156658908,-69.40046082812506,-69.47370842256862,0.00010046935594377161
low,49.720000000000006,-69.40064903262052,-69.40065826442532,-69.47383592332451,0.00010013501563404949
low,49.730000000000004,-69.4008463895542,-69.40085559172618,-69.47396342160134,9.980178793664258e-05
low,49.74000000000001,-69.401043637513,-69.40105281015022,-69.4740909173419,9.946966914901692e-05
low,49.75,-69.40124077661969,-69.40124991981988,-69.4742184104891,9.913865558096107e-05
low,49.760000000000005,-69.40143780699684,-69.40144692085737,-69.47434590098598,9.880874355454256e-05
low,49.77,-69.40163472876681,-69.40164381338478,-69.4744733887757,9.847992940406916e-05
low,49.78000000000001,-69.40183154205182,-69.40184059752397,-69.47460087380152,9.815220947604657e-05
low,49.79,-69.40202824697386,-69.40203727339663,-69.4747283560068,9.782558012913923e-05
low,49.800000000000004,-69.40222484365478,-69.40223384112426,-69.47485583533508,9.75000377341285e-05
low,49.81000000000001,-69.40242133221622,-69.40243030082821,-69.47498331172994,9.717557867387325e-05
low,49.82,-69.40261771277963,-69.4026266526296,-69.47511078513512,9.685219934327005e-05
low,49.830000000000005,-69.40281398546627,-69.40282289664941,-69.47523825549445,9.652989614921138e-05
low,49.84,-69.40301015039728,-69.40301903300839,-69.47536572275189,9.62086655105476e-05
low,49.85000000000001,-69.40320620769357,-69.40321506182718,-69.47549318685151,9.588850385804584e-05
low,49.86,-69.40340215747584,-69.40341098322618,-69.47562064773749,9.556940763435136e-05
low,49.870000000000005,-69.40359799986464,-69.40360679732561,-69.47574810535413,9.5251373293947e-05
low,49.88,-69.40379373498038,-69.40380250424556,-69.47587555964586,9.493439730311492e-05
low,49.89,-69.40398936294324,-69.40399810410588,-69.47600301055715,9.461847613989588e-05
low,49.900000000000006,-69.40418488387319,-69.4041935970263,-69.47613045803269,9.430360629405203e-05
low,49.910000000000004,-69.40438029789011,-69.40438898312634,-69.47625790201718,9.398978426702625e-05
low,49.92000000000001,-69.4045756051136,-69.4045842625253,-69.47638534245553,9.367700657190358e-05
low,49.93,-69.40477080566316,-69.40477943534236,-69.47651277929268,9.33652697333734e-05
low,49.940000000000005,-69.40496589965807,-69.40497450169651,-69.47664021247374,9.305457028768935e-05
low,49.95,-69.40516088721743,-69.40516946170656,-69.47676764194391,9.274490478263287e-05
low,49.96000000000001,-69.40535576846018,-69.40536431549113,-69.47689506764848,9.243626977747242e-05
low,49.970000000000006,-69.40555054350507,-69.40555906316865,-69.47702248953289,9.212866184292715e-05
low,49.980000000000004,-69.40574521247068,-69.40575370485742,-69.47714990754265,9.182207756112811e-05
low,49.99000000000001,-69.40593977547535,-69.4059482406755,-69.47727732162343,9.151651352557984e-05
low,50.0,-69.40613423263736,-69.40614267074083,-69.47740473172098,9.121196634112354e-05
low,50.010000000000005,-69.40632858407471,-69.40633699517115,-69.47753213778117,9.090843262389797e-05
low,50.02,-69.4065228299053,-69.406531214084,-69.47765953974998,9.060590900130384e-05
low,50.03000000000001,-69.40671697024675,-69.40672532759677,-69.47778693757348,9.03043921119639e-05
low,50.04,-69.4069110052166,-69.40691933582669,-69.47791433119788,9.000387860568781e-05
low,50.050000000000004,-69.40710493493219,-69.40711323889077,-69.4780417205695,8.970436514343312e-05
low,50.06000000000001,-69.40729875951065,-69.40730703690588,-69.47816910563476,8.940584839726958e-05
low,50.07,-69.40749247906898,-69.40750072998873,-69.47829648634017,8.910832505034153e-05
low,50.080000000000005,-69.40768609372395,-69.40769431825578,-69.4784238626324,8.881179179683048e-05
low,50.09,-69.4078796035922,-69.40788780182339,-69.47855123445818,8.85162453419201e-05
low,50.10000000000001,-69.4080730087902,-69.4080811808077,-69.47867860176436,8.822168240175732e-05
low,50.11,-69.40826630943418,-69.40827445532473,-69.47880596449794,8.792809970341793e-05
low,50.120000000000005,-69.40845950564025,-69.40846762549025,-69.47893332260594,8.763549398486858e-05
low,50.13,-69.40865259752437,-69.40866069141993,-69.47906067603559,8.734386199493192e-05
low,50.14,-69.40884558520223,-69.4088536532292,-69.47918802473416,8.70532004932492e-05
low,50.150000000000006,-69.40903846878946,-69.40904651103338,-69.47931536864905,8.676350625024521e-05
low,50.160000000000004,-69.40923124840143,-69.40923926494757,-69.4794427077278,8.647477604709249e-05
low,50.17000000000001,-69.40942392415336,-69.40943191508674,-69.479570041918,8.618700667567423e-05
low,50.18,-69.40961649616033,-69.40962446156563,-69.47969737116739,8.590019493855036e-05
low,50.190000000000005,-69.4098089645372,-69.40981690449884,-69.4798246954238,8.561433764892047e-05
low,50.2,-69.41000132939868,-69.4100092440008,-69.47995201463516,8.532943163058988e-05
low,50.21000000000001,-69.41019359085931,-69.41020148018578,-69.48007932874951,8.504547371793276e-05
low,50.22,-69.41038574903347,-69.41039361316786,-69.48020663771504,8.476246075585903e-05
low,50.230000000000004,-69.41057780403531,-69.41058564306094,-69.48033394147997,8.448038959977638e-05
low,50.24000000000001,-69.41076975597889,-69.41077756997878,-69.48046123999269,8.41992571155586e-05
low,50.25,-69.41096160497803,-69.41096939403495,-69.48058853320165,8.391906017950847e-05
low,50.260000000000005,-69.41115335114642,-69.41116111534284,-69.48071582105547,8.363979567832358e-05
low,50.27,-69.41134499459754,-69.41135273401567,-69.48084310350282,8.33614605090624e-05
low,50.28000000000001,-69.41153653544475,-69.4115442501665,-69.48097038049248,8.308405157910867e-05
low,50.29,-69.4117279738012,-69.41173566390826,-69.48109765197334,8.280756580613866e-05
low,50.300000000000004,-69.41191930977989,-69.41192697535364,-69.48122491789444,8.253200011808493e-05
low,50.31000000000001,-69.41211054349364,-69.41211818461521,-69.48135217820486,8.225735145310387e-05
low,50.32,-69.41230167505509,-69.41230929180531,-69.48147943285383,8.198361675954089e-05
low,50.330000000000005,-69.41249270457672,-69.4125002970362,-69.48160668179067,8.171079299589634e-05
low,50.34,-69.41268363217087,-69.41269120041991,-69.48173392496479,8.143887713079253e-05
low,50.35000000000001,-69.41287445794968,-69.41288200206834,-69.48186116232573,8.116786614293884e-05
low,50.36,-69.4130651820251,-69.41307270209316,-69.4819883938231,8.089775702109987e-05
low,50.370000000000005,-69.41325580450896,-69.41326330060593,-69.48211561940666,8.062854676405993e-05
low,50.38,-69.4134463255129,-69.41345379771803,-69.48224283902626,8.036023238059148e-05
low,50.39000000000001,-69.41363674514837,-69.41364419354065,-69.48237005263181,8.009281088942054e-05
low,50.400000000000006,-69.41382706352668,-69.41383448818486,-69.48249726017339,7.982627931919458e-05
low,50.410000000000004,-69.41401728075898,-69.41402468176152,-69.48262446160112,7.956063470844913e-05
low,50.42000000000001,-69.41420739695623,-69.41421477438132,-69.48275165686532,7.929587410557424e-05
low,50.43,-69.41439741222919,-69.41440476615482,-69.48287884591629,7.903199456878327e-05
low,50.440000000000005,-69.41458732668858,-69.4145946571924,-69.48300602870451,7.876899316607823e-05
low,50.45,-69.41477714044481,-69.41478444760425,-69.48313320518055,7.85068669752189e-05
low,50.46000000000001,-69.41496685360818,-69.41497413750044,-69.48326037529506,7.824561308368903e-05
low,50.47,-69.41515646628885,-69.41516372699081,-69.48338753899883,7.798522858866527e-05
low,50.480000000000004,-69.41534597859673,-69.41535321618511,-69.48351469624271,7.772571059698352e-05
low,50.49000000000001,-69.41553539064171,-69.41554260519288,-69.48364184697769,7.746705622510794e-05
low,50.5,-69.4157247025334,-69.4157318941235,-69.48376899115486,7.720926259909878e-05
low,50.510000000000005,-69.41591391438122,-69.41592108308618,-69.48389612872536,7.695232685457936e-05
low,50.52,-69.41610302629452,-69.41611017218999,-69.4840232596405,7.669624613670572e-05
low,50.53000000000001,-69.41629203838244,-69.4162991615438,-69.48415038385164,7.644101760013363e-05
low,50.54,-69.41648095075396,-69.41648805125638,-69.48427750131029,7.61866384089881e-05
low,50.550000000000004,-69.41666976351792,-69.41667684143628,-69.48440461196799,7.593310573683065e-05
low,50.56,-69.4168584767829,-69.41686553219188,-69.48453171577647,7.568041676662954e-05
low,50.57000000000001,-69.41704709065746,-69.41705412363144,-69.48465881268748,7.542856869072653e-05
low,50.580000000000005,-69.4172356052499,-69.41724261586303,-69.48478590265294,7.517755871080721e-05
low,50.59,-69.41742402066836,-69.41743100899457,-69.48491298562482,7.492738403786933e-05
low,50.60000000000001,-69.41761233702086,-69.4176193031338,-69.48504006155518,7.467804189219152e-05
low,50.61,-69.41780055441524,-69.41780749838834,-69.48516713039622,7.442952950330314e-05
low,50.620000000000005,-69.41798867295915,-69.4179955948656,-69.48529419210024,7.41818441099525e-05
low,50.63,-69.41817669276014,-69.41818359267283,-69.48542124661962,7.393498296007763e-05
low,50.64000000000001,-69.4183646139255,-69.41837149191717,-69.48554829390683,7.368894331077395e-05
low,50.650000000000006,-69.41855243656248,-69.41855929270554,-69.48567533391447,7.34437224282652e-05
low,50.660000000000004,-69.41874016077807,-69.41874699514476,-69.48580236659522,7.319931758787247e-05
low,50.67000000000001,-69.41892778667915,-69.41893459934143,-69.48592939190186,7.295572607398365e-05
low,50.68,-69.4191153143724,-69.41912210540201,-69.48605640978725,7.271294518002414e-05
low,50.690000000000005,-69.4193027439644,-69.41930951343281,-69.48618342020441,7.247097220842556e-05
low,50.7,-69.4194900755615,-69.41949682353999,-69.48631042310637,7.222980447059737e-05
low,50.71000000000001,-69.41967730926993,-69.4196840358295,-69.48643741844636,7.198943928689515e-05
low,50.72,-69.41986444519574,-69.41987115040719,-69.4865644061776,7.174987398659246e-05
low,50.730000000000004,-69.42005148344487,-69.42005816737874,-69.48669138625351,7.151110590784986e-05
low,50.74000000000001,-69.42023842412306,-69.42024508684966,-69.4868183586275,7.12731323976864e-05
low,50.75,-69.42042526733587,-69.42043190892528,-69.48694532325321,7.103595081194961e-05
low,50.760000000000005,-69.42061201318872,-69.42061863371082,-69.48707228008425,7.079955851528579e-05
low,50.77,-69.42079866178689,-69.42080526131127,-69.48719922907438,7.056395288111187e-05
low,50.78000000000001,-69.4209852132355,-69.42099179183154,-69.4873261701775,7.03291312915847e-05
low,50.79,-69.42117166763948,-69.42117822537635,-69.48745310334753,7.009509113757332e-05
low,50.800000000000004,-69.42135802510363,-69.42136456205027,-69.48758002853855,6.986182981862896e-05
low,50.81,-69.42154428573258,-69.42155080195766,-69.48770694570467,6.962934474295697e-05
low,50.82000000000001,-69.42173044963081,-69.42173694520281,-69.48783385480019,6.939763332738714e-05
low,50.830000000000005,-69.42191651690264,-69.4219229918898,-69.4879607557794,6.916669299734616e-05
low,50.84,-69.42210248765223,-69.42210894212258,-69.48808764859676,6.893652118682795e-05
low,50.85000000000001,-69.42228836198358,-69.42229479600489,-69.48821453320681,6.870711533836538e-05
low,50.86,-69.42247414000056,-69.42248055364041,-69.48834140956419,6.847847290300243e-05
low,50.870000000000005,-69.42265982180685,-69.42266621513257,-69.48846827762357,6.825059134026504e-05
low,50.88,-69.42284540750595,-69.42285178058466,-69.48859513733981,6.80234681181337e-05
low,50.89000000000001,-69.42303089720129,-69.4230372500999,-69.48872198866785,6.779710071301439e-05
low,50.9,-69.42321629099607,-69.42322262378123,-69.48884883156265,6.757148660971183e-05
low,50.910000000000004,-69.42340158899333,-69.42340790173151,-69.48897566597932,6.73466233014e-05
low,50.92000000000001,-69.42358679129606,-69.42359308405348,-69.4891024918731,6.71225082895955e-05
low,50.93,-69.42377189800698,-69.42377817084964,-69.48922930919925,6.689913908412933e-05
low,50.940000000000005,-69.42395690922866,-69.42396316222238,-69.48935611791316,6.667651320311894e-05
low,50.95,-69.4241418250636,-69.42414805827393,-69.48948291797034,6.645462817294131e-05
low,50.96000000000001,-69.42432664561406,-69.42433285910637,-69.48960970932633,6.623348152820461e-05
low,50.97,-69.42451137098222,-69.42451756482164,-69.48973649193684,6.60130708117221e-05
low,50.980000000000004,-69.42469600127004,-69.42470217552149,-69.48986326575759,6.579339357448322e-05
low,50.99000000000001,-69.42488053657935,-69.42488669130755,-69.4899900307445,6.557444737562758e-05
low,51.00000000000001,-69.42506497701183,-69.42507111228127,-69.49011678685345,6.535622978241756e-05
low,51.010000000000005,-69.42524932266902,-69.42525543854397,-69.49024353404053,6.51387383702107e-05
low,51.02,-69.42543357365227,-69.42543967019682,-69.49037027226186,6.492197072243379e-05
low,51.03000000000001,-69.42561773006285,-69.42562380734084,-69.49049700147368,6.470592443055482e-05
low,51.04,-69.42580179200182,-69.42580785007688,-69.4906237216323,6.449059709405767e-05
low,51.050000000000004,-69.42598575957007,-69.42599179850563,-69.49075043269414,6.427598632041383e-05
low,51.06,-69.42616963286837,-69.42617565272765,-69.49087713461574,6.406208972505717e-05
low,51.07000000000001,-69.42635341199735,-69.42635941284338,-69.49100382735365,6.38489049313564e-05
low,51.080000000000005,-69.42653709705746,-69.42654307895302,-69.4911305108646,6.363642957058953e-05
low,51.09,-69.42672068814902,-69.42672665115671,-69.49125718510537,6.342466128191713e-05
low,51.10000000000001,-69.42690418537218,-69.42691012955437,-69.49138385003282,6.321359771235573e-05
low,51.11,-69.42708758882696,-69.42709351424584,-69.49151050560391,6.300323651675282e-05
low,51.120000000000005,-69.42727089861319,-69.42727680533075,-69.49163715177573,6.279357535775927e-05
low,51.13,-69.42745411483061,-69.42746000290859,-69.49176378850542,6.258461190580471e-05
low,51.14000000000001,-69.42763723757878,-69.42764310707874,-69.49189041575022,6.237634383907066e-05
low,51.15,-69.42782026695708,-69.42782611794038,-69.49201703346746,6.216876884346554e-05
low,51.160000000000004,-69.42800320306479,-69.4280090355926,-69.49214364161459,6.196188461259807e-05
low,51.17000000000001,-69.42818604600104,-69.42819186013428,-69.49227024014908,6.175568884775276e-05
low,51.18000000000001,-69.42836879586476,-69.4283745916642,-69.49239682902855,6.155017925786341e-05
low,51.190000000000005,-69.42855145275477,-69.42855723028093,-69.4925234082107,6.134535355948786e-05
low,51.2,-69.42873401676972,-69.42873977608298,-69.49264997765333,6.114120947678309e-05
low,51.21000000000001,-69.42891648800817,-69.42892222916865,-69.49277653731428,6.093774474147919e-05
low,51.22,-69.42909886656844,-69.42910458963608,-69.49290308715155,6.073495709285501e-05
low,51.230000000000004,-69.42928115254877,-69.42928685758334,-69.49302962712316,6.0532844277712055e-05
low,51.24,-69.4294633460472,-69.42946903310823,-69.49315615718729,6.0331404050350716e-05
low,51.25000000000001,-69.4296454471617,-69.42965111630853,-69.49328267730215,6.013063417254397e-05
low,51.260000000000005,-69.42982745599001,-69.42983310728182,-69.49340918742605,5.993053241351301e-05
low,51.27,-69.43000937262975,-69.4300150061255,-69.49353568751744,5.973109654990352e-05
low,51.28000000000001,-69.43019119717844,-69.43019681293687,-69.4936621775348,5.9532324365759104e-05
low,51.29,-69.4303729297334,-69.43037852781308,-69.49378865743671,5.933421365249789e-05
low,51.300000000000004,-69.43055457039179,-69.4305601508511,-69.49391512718188,5.913676220888751e-05
low,51.31,-69.4307361192507,-69.4307416821478,-69.49404158672904,5.893996784102137e-05
low,51.32000000000001,-69.43091757640698,-69.43092312179988,-69.49416803603708,5.874382836229317e-05
low,51.330000000000005,-69.43109894195743,-69.43110446990389,-69.49429447506493,5.8548341593373056e-05
low,51.34,-69.4312802159986,-69.43128572655624,-69.49442090377161,5.835350536218443e-05
low,51.35000000000001,-69.43146139862696,-69.43146689185322,-69.49454732211623,5.815931750387793e-05
low,51.36,-69.43164248993887,-69.43164796589093,-69.49467373005804,5.7965775860808717e-05
low,51.370000000000005,-69.4318234900305,-69.43182894876537,-69.49480012755629,5.777287828251188e-05
low,51.38,-69.4320043989978,-69.43200984057236,-69.49492651457038,5.758062262567944e-05
low,51.39000000000001,-69.4321852169367,-69.4321906414076,-69.49505289105977,5.7389006754135224e-05
low,51.4,-69.43236594394294,-69.43237135136664,-69.49517925698402,5.719802853881203e-05
low,51.410000000000004,-69.43254658011209,-69.43255197054486,-69.49530561230277,5.700768585772742e-05
low,51.42000000000001,-69.4327271255396,-69.43273249903754,-69.49543195697576,5.681797659596137e-05
low,51.43000000000001,-69.43290758032082,-69.43291293693981,-69.4955582909628,5.662889864563093e-05
low,51.440000000000005,-69.43308794455086,-69.43309328434663,-69.4956846142238,5.6440449905867846e-05
low,51.45,-69.43326821832474,-69.43327354135285,-69.49581092671873,5.6252628282795686e-05
low,51.46000000000001,-69.43344840173737,-69.43345370805312,-69.49593722840767,5.6065431689505404e-05
low,51.47,-69.43362849488345,-69.43363378454205,-69.4960635192508,5.587885804603292e-05
low,51.480000000000004,-69.43380849785758,-69.433813770914,-69.49618979920834,5.569290527933553e-05
low,51.49,-69.43398841075422,-69.43399366726324,-69.49631606824062,5.5507571323270074e-05
low,51.50000000000001,-69.43416823366769,-69.43417347368393,-69.4964423263081,5.5322854118568166e-05
low,51.510000000000005,-69.43434796669212,-69.43435319027002,-69.49656857337123,5.513875161281422e-05
low,51.52,-69.4345276099215,-69.43453281711534,-69.49669480939065,5.495526176042364e-05
low,51.53000000000001,-69.43470716344979,-69.43471235431363,-69.49682103432698,5.477238252261791e-05
low,51.54,-69.4348866273707,-69.43489180195843,-69.49694724814103,5.459011186740369e-05
low,51.550000000000004,-69.43506600177781,-69.43507116014315,-69.49707345079361,5.440844776954935e-05
low,51.56,-69.4352452867646,-69.4352504289611,-69.49719964224565,5.4227388210563604e-05
low,51.57000000000001,-69.43542448242438,-69.43542960850539,-69.49732582245815,5.4046931178671426e-05
low,51.58,-69.43560358885033,-69.43560869886903,-69.49745199139225,5.3867074668792834e-05
low,51.59,-69.43578260613548,-69.43578770014489,-69.49757814900909,5.3687816682520014e-05
low,51.60000000000001,-69.43596153437274,-69.43596661242569,-69.49770429526994,5.350915522809629e-05
low,51.61000000000001,-69.43614037365487,-69.436145435804,-69.49783043013616,5.333108832039228e-05
low,51.620000000000005,-69.43631912407446,-69.43632417037226,-69.49795655356918,5.3153613980884754e-05
low,51.63,-69.43649778572403,-69.43650281622283,-69.4980826655305,5.2976730237635174e-05
low,51.64000000000001,-69.43667635869586,-69.4366813734478,-69.49820876598176,5.280043512526659e-05
low,51.65,-69.43685484308224,-69.43685984213926,-69.4983348548846,5.262472668494261e-05
low,51.660000000000004,-69.43703323897518,-69.43703822238906,-69.49846093220081,5.2449602964345146e-05
low,51.67000000000001,-69.43721154646661,-69.43721651428898,-69.49858699789223,5.227506201765384e-05
low,51.68000000000001,-69.4373897656483,-69.4373947179306,-69.4987130519208,5.210110190552276e-05
low,51.690000000000005,-69.43756789661191,-69.43757283340543,-69.49883909424855,5.1927720695059796e-05
low,51.7,-69.43774593944899,-69.43775086080481,-69.49896512483754,5.175491645980564e-05
low,51.71000000000001,-69.43792389425087,-69.43792880021992,-69.49909114364996,5.158268727971128e-05
low,51.72,-69.43810176110877,-69.43810665174186,-69.49921715064808,5.141103124111737e-05
low,51.730000000000004,-69.43827954011385,-69.43828441546155,-69.49934314579423,5.123994643673257e-05
low,51.74,-69.43845723135702,-69.43846209146979,-69.49946912905085,5.10694309656134e-05
low,51.75000000000001,-69.43863483492913,-69.43863967985719,-69.49959510038043,5.0899482933141456e-05
low,51.760000000000005,-69.43881235092086,-69.43881718071432,-69.4997210597456,5.0730100451003374e-05
low,51.77,-69.43898977942277,-69.43899459413157,-69.49984700710898,5.056128163717017e-05
low,51.78000000000001,-69.43916712052528,-69.43917192019917,-69.49997294243335,5.0393024615875334e-05
low,51.790000000000006,-69.43934437431865,-69.43934915900725,-69.50009886568152,5.0225327517594684e-05
low,51.800000000000004,-69.43952154089305,-69.43952631064579,-69.50022477681642,5.0058188479025106e-05
low,51.81,-69.43969862033849,-69.43970337520463,-69.50035067580107,4.989160564306503e-05
low,51.82000000000001,-69.43987561274483,-69.43988035277347,-69.50047656259852,4.972557715879205e-05
low,51.83,-69.4400525182018,-69.4400572434419,-69.50060243717192,4.956010118144352e-05
low,51.84,-69.440229336799,-69.44023404729936,-69.50072829948452,4.93951758723956e-05
low,51.85000000000001,-69.44040606862598,-69.44041076443517,-69.50085414949963,4.923079939914351e-05
low,51.86000000000001,-69.44058271377199,-69.4405873949385,-69.50097998718066,4.906696993528011e-05
low,51.870000000000005,-69.44075927232625,-69.44076393889839,-69.50110581249108,4.89036856604761e-05
low,51.88,-69.44093574437785,-69.44094039640373,-69.50123162539445,4.874094476046059e-05
low,51.89000000000001,-69.44111213001571,-69.44111676754333,-69.50135742585442,4.8578745426999425e-05
low,51.9,-69.44128842932865,-69.44129305240581,-69.50148321383469,4.8417085857876114e-05
low,51.910000000000004,-69.44146464240531,-69.4414692510797,-69.50160898929906,4.82559642568714e-05
low,51.92,-69.44164076933424,-69.44164536365334,-69.50173475221142,4.809537883374395e-05
low,51.93000000000001,-69.44181681020385,-69.441821390215,-69.5018605025357,4.793532780420946e-05
low,51.940000000000005,-69.44199276510241,-69.4419973308528,-69.50198624023596,4.777580938992125e-05
low,51.95,-69.44216863411802,-69.4421731856547,-69.50211196527631,4.7616821818451384e-05
low,51.96000000000001,-69.44234441733872,-69.44234895470855,-69.50223767762093,4.745836332326938e-05
low,51.97,-69.44252011485239,-69.44252463810207,-69.5023633772341,4.7300432143723656e-05
low,51.980000000000004,-69.44269572674675,-69.44270023592286,-69.50248906408017,4.714302652502156e-05
low,51.99,-69.4428712531094,-69.44287574825836,-69.50261473812357,4.698614471821047e-05
low,52.00000000000001,-69.44304669402783,-69.44305117519589,-69.50274039932879,4.682978498015742e-05
low,52.010000000000005,-69.44322204958938,-69.44322651682265,-69.50286604766045,4.667394557353014e-05
low,52.02,-69.4433973198813,-69.4434017732257,-69.50299168308317,4.651862476677855e-05
low,52.03000000000001,-69.44357250499063,-69.443576944492,-69.50311730556173,4.636382083411407e-05
low,52.040000000000006,-69.44374760500435,-69.44375203070831,-69.50324291506092,4.6209532055491405e-05
low,52.050000000000004,-69.44392262000927,-69.44392703196131,-69.50336851154564,4.605575671658904e-05
low,52.06,-69.4440975500921,-69.44410194833756,-69.5034940949809,4.5902493108790856e-05
low,52.07000000000001,-69.44427239533934,-69.44427677992344,-69.5036196653317,4.574973952916613e-05
low,52.08,-69.44444715583754,-69.44445152680528,-69.50374522256318,4.559749428045128e-05
low,52.09,-69.4446218316729,-69.44462618906921,-69.50387076664056,4.544575567103065e-05
low,52.10000000000001,-69.44479642293165,-69.44480076680127,-69.50399629752913,4.52945220149186e-05
low,52.11000000000001,-69.44497092969982,-69.44497526008732,-69.50412181519424,4.5143791631739366e-05
low,52.120000000000005,-69.44514535206329,-69.44514966901315,-69.50424731960132,4.4993562846709216e-05
low,52.13,-69.44531969010791,-69.4453239936644,-69.50437281071588,4.48438339906182e-05
low,52.14000000000001,-69.4454939439193,-69.44549823412659,-69.50449828850351,4.469460339981065e-05
low,52.15,-69.445668113583,-69.44567239048509,-69.50462375292987,4.454586941616737e-05
low,52.160000000000004,-69.44584219918441,-69.44584646282517,-69.50474920396071,4.439763038708677e-05
low,52.17,-69.44601620080883,-69.44602045123195,-69.50487464156186,4.424988466546747e-05
low,52.18000000000001,-69.44619011854137,-69.44619435579044,-69.50500006569918,4.410263060968859e-05
low,52.190000000000005,-69.44636395246705,-69.44636817658551,-69.50512547633866,4.39558665835922e-05
low,52.2,-69.44653770267077,-69.44654191370188,-69.50525087344633,4.3809590956465864e-05
low,52.21000000000001,-69.44671136923729,-69.4467155672242,-69.50537625698833,4.366380210302309e-05
low,52.220000000000006,-69.44688495225128,-69.44688913723697,-69.50550162693084,4.351849840338632e-05
low,52.230000000000004,-69.4470584517972,-69.44706262382454,-69.50562698324012,4.337367824306809e-05
low,52.24,-69.44723186795947,-69.44723602707116,-69.50575232588254,4.3229340012954595e-05
low,52.25000000000001,-69.44740520082232,-69.44740934706093,-69.50587765482447,4.308548210928598e-05
low,52.26,-69.4475784504699,-69.44758258387786,-69.50600297003247,4.2942102933639636e-05
low,52.27,-69.44775161698622,-69.4477557376058,-69.50612827147307,4.279920089291189e-05
low,52.28000000000001,-69.44792470045515,-69.44792880832851,-69.5062535591129,4.2656774399301276e-05
low,52.290000000000006,-69.44809770096042,-69.44810179612956,-69.50637883291873,4.2514821870289517e-05
low,52.300000000000004,-69.4482706185857,-69.44827470109249,-69.5065040928573,4.237334172862467e-05
low,52.31,-69.44844345341447,-69.44844752330064,-69.50662933889551,4.223233240230401e-05
low,52.32000000000001,-69.44861620553012,-69.44862026283725,-69.50675457100027,4.209179232455564e-05
low,52.33,-69.44878887501586,-69.44879291978543,-69.50687978913862,4.195171993382169e-05
low,52.34,-69.44896146195488,-69.44896549422819,-69.50700499327763,4.181211367374062e-05
low,52.35000000000001,-69.44913396643014,-69.44913798624836,-69.50713018338449,4.1672971993130755e-05
low,52.36000000000001,-69.44930638852455,-69.44931039592872,-69.5072553594264,4.153429334597176e-05
low,52.370000000000005,-69.44947872832084,-69.44948272335188,-69.50738052137068,4.139607619138822e-05
low,52.38,-69.44965098590166,-69.44965496860031,-69.50750566918471,4.125831899363284e-05
low,52.39000000000001,-69.4498231613495,-69.44982713175641,-69.50763080283593,4.1121020222068535e-05
low,52.400000000000006,-69.44999525474674,-69.44999921290241,-69.5077559222919,4.098417835115196e-05
low,52.410000000000004,-69.45016726617568,-69.45017121212048,-69.50788102752018,4.084779186041627e-05
low,52.42,-69.45033919571844,-69.45034312949258,-69.5080061184885,4.071185923445506e-05
low,52.43000000000001,-69.45051104345701,-69.4505149651006,-69.50813119516454,4.057637896290419e-05
low,52.440000000000005,-69.45068280947329,-69.45068671902631,-69.50825625751615,4.0441349540425766e-05
low,52.45,-69.45085449384909,-69.45085839135135,-69.50838130551122,4.0306769466691776e-05
low,52.46000000000001,-69.45102609666601,-69.4510299821572,-69.5085063391177,4.017263724636654e-05
low,52.470000000000006,-69.4511976180056,-69.45120149152531,-69.50863135830363,4.003895138909067e-05
low,52.480000000000004,-69.45136905794925,-69.45137291953692,-69.50875636303712,3.990571040946417e-05
low,52.49,-69.45154041657827,-69.45154426627317,-69.50888135328633,3.9772912827030765e-05
low,52.50000000000001,-69.45171169397378,-69.45171553181511,-69.50900632901951,3.964055716626018e-05
low,52.51,-69.45188289021684,-69.45188671624365,-69.50913129020502,3.95086419565326e-05
low,52.52,-69.45205400538838,-69.45205781963958,-69.5092562368112,3.937716573212197e-05
low,52.53000000000001,-69.45222503956916,-69.45222884208353,-69.50938116880654,3.924612703218029e-05
low,52.540000000000006,-69.45239599283988,-69.45239978365608,-69.50950608615958,3.9115524400720514e-05
low,52.550000000000004,-69.4525668652811,-69.45257064443767,-69.50963098883891,3.898535638660073e-05
low,52.56,-69.45273765697326,-69.45274142450859,-69.5097558768132,3.8855621543508765e-05
low,52.57000000000001,-69.45290836799664,-69.45291212394902,-69.50988075005121,3.872631842994481e-05
low,52.58,-69.45307899843148,-69.45308274283904,-69.51000560852175,3.859744560920627e-05
low,52.59,-69.45324954835782,-69.4532532812586,-69.51013045219372,3.8469001649371456e-05
low,52.6,-69.45342001785562,-69.4534237392875,-69.51025528103607,3.8340985123284205e-05
low,52.61000000000001,-69.45359040700473,-69.45359411700548,-69.51038009501784,3.8213394608537234e-05
low,52.620000000000005,-69.45376071588487,-69.45376441449214,-69.5105048941081,3.808622868745663e-05
low,52.63,-69.4539309445756,-69.45393463182693,-69.51062967827603,3.7959485947086804e-05
low,52.64000000000001,-69.45410109315645,-69.4541047690892,-69.51075444749088,3.783316497917358e-05
low,52.650000000000006,-69.45427116170676,-69.45427482635819,-69.51087920172196,3.770726438014936e-05
low,52.660000000000004,-69.45444115030573,-69.45444480371302,-69.51100394093862,3.758178275111717e-05
low,52.67,-69.45461105903254,-69.4546147012327,-69.51112866511033,3.745671869783566e-05
low,52.68000000000001,-69.45478088796617,-69.45478451899609,-69.5112533742066,3.733207083070281e-05
low,52.690000000000005,-69.4549506371855,-69.45495425708197,-69.51137806819702,3.720783776474086e-05
low,52.7,-69.45512030676932,-69.45512391556899,-69.51150274705124,3.708401811958149e-05
low,52.71000000000001,-69.45528989679624,-69.45529349453568,-69.511627410739,3.696061051944943e-05
low,52.720000000000006,-69.45545940734485,-69.45546299406043,-69.51175205923005,3.6837613593147835e-05
low,52.730000000000004,-69.45562883849352,-69.45563241422155,-69.51187669249428,3.6715025974042805e-05
low,52.74,-69.45579819032058,-69.45580175509721,-69.51200131050163,3.659284630004866e-05
low,52.75000000000001,-69.4559674629042,-69.45597101676552,-69.51212591322208,3.647107321361212e-05
low,52.76,-69.45613665632243,-69.45614019930434,-69.5122505006257,3.63497053616976e-05
low,52.77,-69.45630577065324,-69.4563093027916,-69.51237507268262,3.622874139577199e-05
low,52.78000000000001,-69.45647480597445,-69.45647832730492,-69.51249962936305,3.610817997179035e-05
low,52.790000000000006,-69.4566437623638,-69.45664727292194,-69.51262417063727,3.5988019750179894e-05
low,52.800000000000004,-69.45681263989886,-69.45681613972016,-69.5127486964756,3.5868259395825596e-05
low,52.81,-69.45698143865711,-69.45698492777692,-69.51287320684845,3.5748897578056027e-05
low,52.82000000000001,-69.45715015871595,-69.45715363716947,-69.51299770172632,3.562993297062732e-05
low,52.830000000000005,-69.45731880015263,-69.45732226797496,-69.51312218107974,3.551136425170937e-05
low,52.84,-69.45748736304428,-69.45749082027042,-69.51324664487929,3.5393190103870415e-05
low,52.85,-69.45765584746792,-69.45765929413275,-69.51337109309567,3.5275409214063585e-05
low,52.86000000000001,-69.45782425350045,-69.45782768963873,-69.51349552569964,3.5158020273610954e-05
low,52.870000000000005,-69.4579925812187,-69.45799600686507,-69.51361994266199,3.5041021978189544e-05
low,52.88,-69.45816083069933,-69.45816424588833,-69.5137443439536,3.492441302781747e-05
low,52.89000000000001,-69.4583290020189,-69.45833240678492,-69.51386872954544,3.480819212683835e-05
low,52.900000000000006,-69.45849709525386,-69.45850048963122,-69.51399309940847,3.4692357983907626e-05
low,52.910000000000004,-69.45866511048054,-69.45866849450343,-69.51411745351379,3.457690931197798e-05
low,52.92,-69.45883304777522,-69.45883642147767,-69.51424179183256,3.446184482828541e-05
low,52.93000000000001,-69.45900090721389,-69.45900427062992,-69.51436611433599,3.434716325433438e-05
low,52.94,-69.45916868887267,-69.45917204203609,-69.51449042099532,3.4232863315883984e-05
low,52.95,-69.4593363928274,-69.45933973577193,-69.51461471178193,3.4118943742933554e-05
low,52.96000000000001,-69.45950401915381,-69.45950735191313,-69.5147389866672,3.400540326970924e-05
low,52.970000000000006,-69.45967156792761,-69.45967489053518,-69.51486324562264,3.389224063464888e-05
low,52.980000000000004,-69.45983903922433,-69.45984235171358,-69.51498748861975,3.377945458038858e-05
low,52.99,-69.46000643311939,-69.46000973552358,-69.51511171563017,3.366704385374905e-05
low,53.00000000000001,-69.46017374968812,-69.46017704204046,-69.51523592662556,3.355500720572093e-05
low,53.010000000000005,-69.46034098900572,-69.46034427133927,-69.51536012157764,3.344334339145142e-05
low,53.02,-69.4605081511473,-69.460511423495,-69.51548430045824,3.333205117023015e-05
low,53.03000000000001,-69.46067523618781,-69.46067849858255,-69.51560846323922,3.322112930547609e-05
low,53.040000000000006,-69.46084224420218,-69.46084549667667,-69.5157326098925,3.311057656472276e-05
low,53.050000000000004,-69.46100917526512,-69.46101241785199,-69.51585674039008,3.3000391719605126e-05
low,53.06,-69.46117602945128,-69.46117926218308,-69.51598085470404,3.2890573545846225e-05
low,53.07000000000001,-69.46134280683523,-69.46134602974436,-69.51610495280647,3.278112082324288e-05
low,53.080000000000005,-69.4615095074914,-69.46151272061017,-69.51622903466958,3.2672032335652597e-05
low,53.09,-69.46167613149407,-69.4616793348547,-69.51635310026562,3.2563306870979785e-05
low,53.1,-69.46184267891749,-69.46184587255203,-69.51647714956692,3.245494322116295e-05
low,53.11000000000001,-69.46200914983571,-69.46201233377617,-69.51660118254588,3.234694018216025e-05
low,53.120000000000005,-69.46217554432275,-69.46217871860102,-69.51672519917491,3.2239296553936695e-05
low,53.13,-69.46234186245243,-69.46234502710031,-69.51684919942655,3.213201114045108e-05
low,53.14000000000001,-69.46250810429859,-69.46251125934774,-69.51697318327336,3.2025082749642044e-05
low,53.150000000000006,-69.46267426993485,-69.4626774154168,-69.51709715068799,3.191851019341527e-05
low,53.160000000000004,-69.46284035943476,-69.462843495381,-69.51722110164313,3.181229228762995e-05
low,53.17,-69.46300637287173,-69.46300949931363,-69.51734503611155,3.170642785208641e-05
low,53.18000000000001,-69.46317231031914,-69.46317542728792,-69.5174689540661,3.160091571051186e-05
low,53.19,-69.46333817185015,-69.46334127937699,-69.51759285547966,3.14957546905481e-05
low,53.2,-69.46350395753792,-69.46350705565385,-69.5177167403252,3.139094362373815e-05
low,53.21000000000001,-69.46366966745545,-69.4636727561914,-69.51784060857571,3.128648134551375e-05
low,53.220000000000006,-69.46383530167559,-69.46383838106243,-69.51796446020431,3.1182366695181734e-05
low,53.230000000000004,-69.46400086027116,-69.4640039303396,-69.5180882951841,3.107859851591141e-05
low,53.24,-69.4641663433148,-69.46416940409551,-69.51821211348833,3.097517565472229e-05
low,53.25000000000001,-69.46433175087911,-69.46433480240262,-69.51833591509023,3.087209696247022e-05
low,53.260000000000005,-69.46449708303656,-69.46450012533329,-69.51845969996317,3.076936129383535e-05
low,53.27,-69.46466233985947,-69.46466537295976,-69.51858346808054,3.0666967507309085e-05
low,53.28,-69.4648275214201,-69.46483054535419,-69.51870721941577,3.0564914465181836e-05
low,53.290000000000006,-69.4649926277906,-69.46499564258858,-69.51883095394243,3.0463201033529778e-05
low,53.300000000000004,-69.46515765904297,-69.46516066473492,-69.51895467163405,3.0361826082202446e-05
low,53.31,-69.46532261524916,-69.465325611865,-69.5190783724643,3.0260788484810777e-05
low,53.32000000000001,-69.46548749648099,-69.46549048405052,-69.5192020564069,3.01600871187136e-05
low,53.330000000000005,-69.46565230281014,-69.46565528136314,-69.51932572343559,3.0059720865005798e-05
low,53.34,-69.46581703430823,-69.46582000387433,-69.5194493735242,2.9959688608505655e-05
low,53.35,-69.46598169104678,-69.4659846516555,-69.51957300664662,2.9859989237742824e-05
low,53.36000000000001,-69.46614627309717,-69.46614922477795,-69.51969662277683,2.9760621644945392e-05
low,53.370000000000005,-69.46631078053066,-69.46631372331285,-69.51982022188882,2.966158472602782e-05
low,53.38,-69.46647521341845,-69.4664781473313,-69.51994380395668,2.9562877380579186e-05
low,53.39000000000001,-69.46663957183162,-69.46664249690426,-69.52006736895453,2.9464498511850036e-05
low,53.400000000000006,-69.46680385584112,-69.46680677210263,-69.52019091685656,2.9366447026740816e-05
low,53.410000000000004,-69.46696806551785,-69.46697097299715,-69.52031444763705,2.9268721835789422e-05
low,53.42,-69.46713220093251,-69.46713509965848,-69.5204379612703,2.9171321853159693e-05
low,53.43000000000001,-69.4672962621558,-69.46729915215718,-69.52056145773071,2.907424599662845e-05
low,53.440000000000005,-69.46746024925824,-69.46746313056373,-69.5206849369927,2.8977493187574117e-05
low,53.45,-69.4676241623103,-69.46762703494846,-69.52080839903076,2.8881062350964232e-05
low,53.46000000000001,-69.46778800138233,-69.46779086538163,-69.52093184381948,2.878495241534442e-05
low,53.470000000000006,-69.46795176654453,-69.46795462193336,-69.52105527133345,2.8689162312825363e-05
low,53.480000000000004,-69.46811545786704,-69.4681183046737,-69.52117868154738,2.859369097907145e-05
low,53.49,-69.4682790754199,-69.46828191367257,-69.52130207443601,2.849853735328941e-05
low,53.50000000000001,-69.46844261927302,-69.46844544899983,-69.5214254499741,2.8403700378215604e-05
low,53.510000000000005,-69.46860608949626,-69.46860891072518,-69.52154880813654,2.8309179000104886e-05
low,53.52,-69.46876948615927,-69.46877229891824,-69.52167214889826,2.8214972168718643e-05
low,53.53,-69.4689328093317,-69.46893561364854,-69.52179547223423,2.8121078837313543e-05
low,53.540000000000006,-69.4690960590831,-69.4690988549855,-69.52191877811948,2.8027497962629283e-05
low,53.550000000000004,-69.4692592354828,-69.46926202299844,-69.52204206652912,2.7934228504877252e-05
low,53.56,-69.46942233860011,-69.46942511775656,-69.5221653374383,2.7841269427729482e-05
low,53.57000000000001,-69.46958536850428,-69.46958813932896,-69.52228859082223,2.774861969830623e-05
low,53.580000000000005,-69.46974832526439,-69.46975108778467,-69.52241182665617,2.7656278287165102e-05
low,53.59,-69.46991120894944,-69.46991396319261,-69.52253504491547,2.7564244168289373e-05
low,53.6,-69.47007401962831,-69.47007676562154,-69.52265824557553,2.747251631907697e-05
low,53.61000000000001,-69.4702367573698,-69.47023949514019,-69.52278142861181,2.738109372032854e-05
low,53.620000000000005,-69.47039942224264,-69.47040215181717,-69.52290459399978,2.7289975356236473e-05
low,53.63,-69.47056201431533,-69.47056473572097,-69.52302774171507,2.719916021437342e-05
low,53.64000000000001,-69.47072453365648,-69.47072724691999,-69.52315087173325,2.7108647285681616e-05
low,53.650000000000006,-69.47088698033437,-69.47088968548253,-69.52327398403004,2.701843556446077e-05
low,53.660000000000004,-69.47104935441733,-69.47105205147678,-69.52339707858116,2.69285240483574e-05
low,53.67,-69.47121165597353,-69.47121434497082,-69.5235201553624,2.683891173835393e-05
low,53.68000000000001,-69.47137388507107,-69.47137656603267,-69.52364321434966,2.6749597638757e-05
low,53.690000000000005,-69.47153604177794,-69.47153871473024,-69.52376625551882,2.6660580757186816e-05
low,53.7,-69.47169812616201,-69.47170079113131,-69.5238892788459,2.6571860104565858e-05
low,53.71000000000001,-69.47186013829105,-69.47186279530357,-69.52401228430688,2.6483434695108465e-05
low,53.720000000000006,-69.47202207823278,-69.4720247273146,-69.52413527187788,2.6395303546309033e-05
low,53.730000000000004,-69.47218394605473,-69.47218658723192,-69.52425824153504,2.6307465678931584e-05
low,53.74,-69.4723457418244,-69.4723483751229,-69.52438119325456,2.621992011699909e-05
low,53.75000000000001,-69.47250746560921,-69.47251009105487,-69.52450412701272,2.6132665887782092e-05
low,53.760000000000005,-69.47266911747639,-69.47267173509502,-69.52462704278581,2.604570202178826e-05
low,53.77,-69.47283069749317,-69.47283330731044,-69.52474994055024,2.5959027552751377e-05
low,53.78,-69.47299220572658,-69.47299480776812,-69.52487282028241,2.5872641517621176e-05
low,53.790000000000006,-69.47315364224366,-69.47315623653495,-69.52499568195883,2.5786542956551796e-05
low,53.800000000000004,-69.47331500711125,-69.47331759367775,-69.52511852555604,2.5700730912891576e-05
low,53.81,-69.47347630039617,-69.47347887926324,-69.52524135105062,2.5615204433172672e-05
low,53.82000000000001,-69.47363752216509,-69.47364009335799,-69.52536415841926,2.552996256709989e-05
low,53.830000000000005,-69.47379867248463,-69.47380123602854,-69.52548694763868,2.5445004367540507e-05
low,53.84,-69.47395975142123,-69.47396230734127,-69.52560971868564,2.536032889051352e-05
low,53.85,-69.47412075904134,-69.4741233073625,-69.52573247153695,2.527593519517969e-05
low,53.86000000000001,-69.47428169541124,-69.47428423615847,-69.52585520616952,2.5191822343830292e-05
low,53.870000000000005,-69.4744425605971,-69.47444509379525,-69.52597792256029,2.5107989401877225e-05
low,53.88,-69.47460335466506,-69.47460588033891,-69.52610062068624,2.5024435437842402e-05
low,53.89000000000001,-69.47476407768107,-69.47476659585531,-69.52622330052442,2.4941159523347765e-05
low,53.900000000000006,-69.47492472971109,-69.47492724041032,-69.52634596205195,2.4858160733104426e-05
low,53.910000000000004,-69.47508531082092,-69.47508781406965,-69.526468605246,2.4775438144902618e-05
low,53.92,-69.47524582107624,-69.47524831689893,-69.52659123008378,2.4692990839601895e-05
low,53.93000000000001,-69.47540626054266,-69.47540874896369,-69.52671383654257,2.46108179011201e-05
low,53.940000000000005,-69.47556662928577,-69.47556911032939,-69.5268364245997,2.452891841642373e-05
low,53.95,-69.47572692737091,-69.47572940106134,-69.52695899423253,2.4447291475517592e-05
low,53.96,-69.47588715486347,-69.47588962122481,-69.52708154541853,2.4365936171435008e-05
low,53.970000000000006,-69.47604731182862,-69.47604977088493,-69.52720407813516,2.4284851600227226e-05
low,53.980000000000004,-69.47620739833154,-69.47620985010676,-69.52732659236001,2.4204036860953608e-05
low,53.99,-69.47636741443722,-69.47636985895527,-69.52744908807065,2.412349105567203e-05
low,54.00000000000001,-69.47652736021065,-69.47652979749529,-69.52757156524476,2.4043213289428142e-05
low,54.010000000000005,-69.47668723571664,-69.47668966579161,-69.52769402386004,2.3963202670245943e-05
low,54.02,-69.47684704101995,-69.4768494639089,-69.52781646389427,2.3883458309117597e-05
low,54.03,-69.47700677618523,-69.47700919191175,-69.52793888532524,2.3803979319994082e-05
low,54.040000000000006,-69.47716644127706,-69.4771688498646,-69.52806128813089,2.3724764819774582e-05
low,54.050000000000004,-69.4773260363599,-69.47732843783187,-69.52818367228909,2.364581392829707e-05
low,54.06,-69.47748556149809,-69.47748795587783,-69.52830603777785,2.3567125768328782e-05
low,54.07000000000001,-69.47764501675591,-69.47764740406672,-69.52842838457521,2.348869946555594e-05
low,54.080000000000005,-69.47780440219758,-69.47780678246257,-69.52855071265924,2.341053414857436e-05
low,54.09,-69.47796371788714,-69.47796609112945,-69.52867302200814,2.333262894887961e-05
low,54.1,-69.47812296388858,-69.47812533013125,-69.52879531260004,2.3254983000857794e-05
low,54.11000000000001,-69.47828214026583,-69.47828449953178,-69.52891758441324,2.3177595441775237e-05
low,54.120000000000005,-69.47844124708267,-69.4784435993948,-69.52903983742603,2.310046541176937e-05
low,54.13,-69.47860028440284,-69.47860262978392,-69.52916207161678,2.3023592053838992e-05
low,54.14000000000001,-69.47875925228993,-69.47876159076269,-69.52928428696391,2.294697451383505e-05
low,54.150000000000006,-69.47891815080747,-69.47892048239456,-69.52940648344587,2.2870611940450677e-05
low,54.160000000000004,-69.47907698001889,-69.47907930474287,-69.5295286610412,2.2794503485211926e-05
low,54.17,-69.47923573998752,-69.47923805787089,-69.52965081972845,2.2718648302468755e-05
low,54.18000000000001,-69.4793944307766,-69.47939674184178,-69.52977295948625,2.2643045549384895e-05
low,54.190000000000005,-69.47955305244928,-69.47955535671863,-69.52989508029331,2.2567694385928984e-05
low,54.2,-69.47971160506862,-69.47971390256441,-69.53001718212833,2.2492593974865015e-05
low,54.21,-69.4798700886976,-69.47987237944201,-69.53013926497007,2.2417743481743363e-05
low,54.220000000000006,-69.48002850339905,-69.48003078741424,-69.53026132879744,2.234314207489103e-05
low,54.230000000000004,-69.4801868492358,-69.4801891265438,-69.53038337358926,2.226878892540261e-05
low,54.24,-69.48034512627049,-69.4803473968933,-69.5305053993245,2.2194683207131478e-05
low,54.25000000000001,-69.48050333456577,-69.48050559852526,-69.53062740598214,2.212082409667987e-05
low,54.260000000000005,-69.48066147418409,-69.48066373150212,-69.53074939354127,2.204721077339025e-05
low,54.27,-69.4808195451879,-69.48082179588621,-69.53087136198096,2.1973842419335974e-05
low,54.28,-69.48097754763947,-69.4809797917398,-69.53099331128034,2.1900718219312498e-05
low,54.290000000000006,-69.48113548160107,-69.481137719125,-69.53111524141863,2.1827837360827893e-05
low,54.300000000000004,-69.48129334713484,-69.48129557810391,-69.53123715237508,2.1755199034094078e-05
low,54.31,-69.48145114430281,-69.4814533687385,-69.53135904412899,2.1682802432017683e-05
low,54.32000000000001,-69.48160887316692,-69.48161109109064,-69.53148091665975,2.1610646750191503e-05
low,54.330000000000005,-69.48176653378907,-69.48176874522215,-69.53160276994673,2.153873118688487e-05
low,54.34,-69.48192412623102,-69.48192633119474,-69.5317246039694,2.146705494303517e-05
low,54.35,-69.48208165055445,-69.48208384906998,-69.53184641870726,2.13956172222391e-05
low,54.36000000000001,-69.48223910682094,-69.48224129890941,-69.53196821413988,2.1324417230743395e-05
low,54.370000000000005,-69.482396495092,-69.48239868077447,-69.53208999024692,2.1253454177436306e-05
low,54.38,-69.48255381542906,-69.48255599472648,-69.53221174700799,2.118272727383862e-05
low,54.39000000000001,-69.48271106789345,-69.48271324082674,-69.53233348440283,2.1112235734095358e-05
low,54.400000000000006,-69.48286825254635,-69.48287041913636,-69.53245520241119,2.1041978774966343e-05
low,54.410000000000004,-69.48302536944895,-69.48302752971647,-69.53257690101289,2.09719556158179e-05
low,54.42,-69.48318241866227,-69.48318457262799,-69.53269858018778,2.090216547861436e-05
low,54.43000000000001,-69.48333940024732,-69.48334154793187,-69.53282023991584,2.0832607587908954e-05
low,54.440000000000005,-69.48349631426491,-69.48349845568887,-69.53294188017696,2.076328117083552e-05
low,54.45,-69.48365316077589,-69.48365529595975,-69.5330635009512,2.0694185457099712e-05
low,54.46,-69.48380993984091,-69.48381206880511,-69.53318510221864,2.0625319678970883e-05
low,54.470000000000006,-69.48396665152057,-69.48396877428549,-69.53330668395937,2.0556683071272906e-05
low,54.48000000000001,-69.48412329587546,-69.48412541246137,-69.53342824615356,2.0488274871376024e-05
low,54.49,-69.48427987296597,-69.48428198339309,-69.53354978878147,2.0420094319188572e-05
low,54.50000000000001,-69.48443638285241,-69.48443848714092,-69.53367131182334,2.0352140657148083e-05
low,54.510000000000005,-69.48459282559506,-69.48459492376506,-69.53379281525947,2.028441313021317e-05
low,54.52,-69.48474920125409,-69.4847512933256,-69.53391429907028,2.0216910985854946e-05
low,54.53,-69.48490550988959,-69.48490759588255,-69.53403576323613,2.0149633474049112e-05
low,54.540000000000006,-69.4850617515615,-69.48506383149585,-69.53415720773754,2.0082579847266954e-05
low,54.550000000000004,-69.48521792632978,-69.48522000022533,-69.534278632555,2.0015749360467494e-05
low,54.56,-69.48537403425419,-69.48537610213072,-69.53440003766909,1.9949141271089002e-05
low,54.57000000000001,-69.48553007539451,-69.48553213727168,-69.53452142306041,1.988275483904105e-05
low,54.580000000000005,-69.48568604981035,-69.48568810570782,-69.53464278870963,1.9816589326695864e-05
low,54.59,-69.48584195756129,-69.4858440074986,-69.53476413459747,1.9750643998880298e-05
low,54.6,-69.48599779870675,-69.48599984270344,-69.5348854607047,1.9684918122868025e-05
low,54.61000000000001,-69.48615357330614,-69.48615561138163,-69.53500676701212,1.9619410968370747e-05
low,54.620000000000005,-69.48630928141874,-69.48631131359242,-69.5351280535006,1.955412180753052e-05
low,54.63,-69.48646492310375,-69.48646694939494,-69.53524932015104,1.9489049914911444e-05
low,54.64,-69.48662049842034,-69.48662251884824,-69.53537056694442,1.9424194567492034e-05
low,54.650000000000006,-69.48677600742748,-69.48677802201131,-69.53549179386174,1.9359555044656543e-05
low,54.660000000000004,-69.48693145018413,-69.486933458943,-69.53561300088403,1.9295130628187318e-05
low,54.67,-69.48708682674916,-69.48708882970213,-69.5357341879924,1.9230920602256984e-05
low,54.68000000000001,-69.48724213718135,-69.4872441343474,-69.53585535516802,1.916692425342008e-05
low,54.690000000000005,-69.4873973815394,-69.48739937293746,-69.5359765023921,1.9103140870605406e-05
low,54.7,-69.48755255988188,-69.48755454553084,-69.53609762964587,1.903956974510795e-05
low,54.71,-69.48770767226733,-69.48770965218598,-69.53621873691063,1.897621017058142e-05
low,54.720000000000006,-69.48786271875419,-69.48786469296127,-69.53633982416773,1.891306144302979e-05
low,54.73000000000001,-69.48801769940079,-69.48801966791498,-69.53646089139856,1.885012286079982e-05
low,54.74,-69.48817261426541,-69.48817457710533,-69.53658193858456,1.878739372457341e-05
low,54.75000000000001,-69.4883274634062,-69.4883294205904,-69.53670296570722,1.872487333735945e-05
low,54.760000000000005,-69.48848224688126,-69.48848419842825,-69.53682397274807,1.8662561004486323e-05
low,54.77,-69.48863696474862,-69.48863891067683,-69.53694495968871,1.8600456033594037e-05
low,54.78,-69.4887916170662,-69.488793557394,-69.53706592651073,1.853855773462692e-05
low,54.790000000000006,-69.48894620389184,-69.48894813863754,-69.53718687319586,1.8476865419825362e-05
low,54.800000000000004,-69.48910072528328,-69.48910265446513,-69.53730779972581,1.8415378403718555e-05
low,54.81,-69.4892551812982,-69.4892571049344,-69.53742870608232,1.8354096003116742e-05
low,54.82000000000001,-69.48940957199419,-69.48941149010285,-69.53754959224726,1.8293017537103852e-05
low,54.830000000000005,-69.48956389742874,-69.48956581002794,-69.53767045820244,1.823214232702958e-05
low,54.84,-69.48971815765927,-69.48972006476701,-69.53779130392982,1.817146969650197e-05
low,54.85,-69.48987235274312,-69.48987425437737,-69.53791212941137,1.8110998971380258e-05
low,54.86000000000001,-69.49002648273753,-69.4900283789162,-69.53803293462904,1.8050729479766775e-05
low,54.870000000000005,-69.49018054769974,-69.49018243844061,-69.53815371956492,1.799066055199989e-05
low,54.88,-69.49033454768674,-69.49033643300763,-69.5382744842011,1.7930791520646385e-05
low,54.89,-69.49048848275562,-69.49049036267421,-69.53839522851975,1.7871121720494305e-05
low,54.900000000000006,-69.49064235296323,-69.49064422749719,-69.53851595250303,1.781165048854521e-05
low,54.91000000000001,-69.49079615836645,-69.49079802753337,-69.5386366561332,1.7752377164006917e-05
low,54.92,-69.49094989902201,-69.49095176283944,-69.53875733939256,1.7693301088286507e-05
low,54.93000000000001,-69.49110357498657,-69.49110543347199,-69.53887800226342,1.7634421604982447e-05
low,54.940000000000005,-69.49125718631677,-69.49125903948759,-69.53899864472814,1.7575738059877642e-05
low,54.95,-69.49141073306907,-69.49141258094267,-69.53911926676918,1.7517249800932034e-05
low,54.96,-69.49156421529995,-69.4915660578936,-69.53923986836898,1.745895617827561e-05
low,54.970000000000006,-69.49171763306569,-69.49171947039669,-69.53936044951006,1.740085654420079e-05
low,54.980000000000004,-69.4918709864226,-69.4918728185081,-69.539481010175,1.7342950253155478e-05
low,54.99,-69.49202427542681,-69.492026102284,-69.5396015503464,1.7285236661735752e-05
low,55.00000000000001,-69.49217750013449,-69.4921793217804,-69.53972207000692,1.7227715128679086e-05
low,55.010000000000005,-69.49233066060162,-69.4923324770533,-69.53984256913922,1.7170385014856643e-05
low,55.02,-69.49248375688413,-69.49248556815853,-69.53996304772609,1.711324568326651e-05
low,55.03,-69.49263678903789,-69.4926385951519,-69.54008350575029,1.705629649902676e-05
low,55.040000000000006,-69.49278975711864,-69.49279155808915,-69.54020394319467,1.699953682936803e-05
low,55.050000000000004,-69.49294266118211,-69.49294445702591,-69.54032436004209,1.694296604362674e-05
low,55.06,-69.49309550128392,-69.49309729201775,-69.54044475627549,1.6886583513237936e-05
low,55.07000000000001,-69.49324827747957,-69.49325006312012,-69.54056513187784,1.683038861172865e-05
low,55.080000000000005,-69.49340098982454,-69.49340277038843,-69.54068548683215,1.677438071471043e-05
low,55.09000000000001,-69.49355363837418,-69.493555413878,-69.54080582112147,1.6718559199872664e-05
low,55.1,-69.49370622318379,-69.49370799364405,-69.54092613472892,1.6662923446975846e-05
low,55.11000000000001,-69.49385874430858,-69.49386050974175,-69.54104642763762,1.6607472837844313e-05
low,55.120000000000005,-69.49401120180367,-69.49401296222617,-69.54116669983081,1.6552206756359616e-05
low,55.13,-69.49416359572413,-69.49416535115232,-69.54128695129168,1.6497124588453525e-05
low,55.14,-69.49431592612493,-69.4943176765751,-69.54140718200352,1.644222572210156e-05
low,55.150000000000006,-69.49446819306092,-69.49446993854933,-69.54152739194969,1.6387509547315665e-05
low,55.16000000000001,-69.494620396587,-69.49462213712981,-69.54164758111352,1.6332975456137697e-05
low,55.17,-69.49477253675781,-69.4947742723712,-69.54176774947844,1.6278622842632947e-05
low,55.18000000000001,-69.49492461362804,-69.4949263443281,-69.5418878970279,1.6224451102882783e-05
low,55.190000000000005,-69.49507662725227,-69.49507835305505,-69.54200802374542,1.617045963497846e-05
low,55.2,-69.49522857768501,-69.49523029860644,-69.54212812961454,1.6116647839014133e-05
low,55.21,-69.49538046498066,-69.4953821810367,-69.54224821461884,1.606301511708058e-05
low,55.220000000000006,-69.49553228919356,-69.4955340004001,-69.54236827874195,1.600956087325803e-05
low,55.230000000000004,-69.49568405037796,-69.4956857567508,-69.54248832196758,1.5956284513609894e-05
low,55.24,-69.49583574858806,-69.49583745014299,-69.54260834427942,1.5903185446175977e-05
low,55.25000000000001,-69.49598738387793,-69.49598908063068,-69.54272834566122,1.5850263080966275e-05
low,55.260000000000005,-69.49613895630168,-69.49614064826787,-69.54284832609682,1.5797516829953873e-05
low,55.27,-69.49629046591316,-69.49629215310843,-69.54296828557007,1.574494610706872e-05
low,55.28,-69.49644191276627,-69.4964435952062,-69.54308822406486,1.569255032819124e-05
low,55.290000000000006,-69.4965932969148,-69.49659497461488,-69.5432081415651,1.564032891114552e-05
low,55.300000000000004,-69.49674461841248,-69.49674629138818,-69.5433280380548,1.5588281275693055e-05
low,55.31,-69.49689587731291,-69.49689754557964,-69.54344791351798,1.5536406843526165e-05
low,55.32,-69.49704707366968,-69.4970487372428,-69.5435677679387,1.5484705038261906e-05
low,55.330000000000005,-69.49719820753626,-69.49719986643109,-69.54368760130109,1.5433175285435153e-05
low,55.34000000000001,-69.49734927896607,-69.49735093319785,-69.54380741358928,1.538181701249252e-05
low,55.35,-69.49750028801242,-69.49750193759637,-69.54392720478745,1.5330629648786107e-05
low,55.36000000000001,-69.49765123472855,-69.4976528796798,-69.54404697487989,1.527961262556685e-05
low,55.370000000000005,-69.49780211916767,-69.49780375950134,-69.54416672385082,1.5228765375978403e-05
low,55.38,-69.49795294138285,-69.49795457711399,-69.5442864516846,1.5178087335050729e-05
low,55.39,-69.4981037014271,-69.49810533257073,-69.54440615836559,1.5127577939694123e-05
low,55.400000000000006,-69.4982543993534,-69.49825602592445,-69.54452584387819,1.507723662869248e-05
low,55.41000000000001,-69.49840503521456,-69.49840665722797,-69.54464550820686,1.502706284269733e-05
low,55.42,-69.49855560906343,-69.49855722653405,-69.54476515133607,1.4977056024221753e-05
low,55.43000000000001,-69.49870612095269,-69.49870773389532,-69.54488477325037,1.4927215617633861e-05
low,55.440000000000005,-69.49885657093499,-69.49885817936439,-69.54500437393435,1.487754106915085e-05
low,55.45,-69.49900695906291,-69.4990085629938,-69.54512395337262,1.48280318268327e-05
low,55.46,-69.49915728538892,-69.49915888483594,-69.54524351154981,1.4778687340576365e-05
low,55.470000000000006,-69.49930754996542,-69.4993091449432,-69.54536304845064,1.4729507062109195e-05
low,55.480000000000004,-69.49945775284476,-69.49945934336785,-69.54548256405987,1.468049044498314e-05
low,55.49,-69.4996078940792,-69.49960948016214,-69.54560205836228,1.4631636944568567e-05
low,55.50000000000001,-69.49975797372093,-69.49975955537816,-69.54572153134266,1.4582946018048408e-05
low,55.510000000000005,-69.49990799182207,-69.49990956906802,-69.54584098298592,1.453441712441181e-05
low,55.52000000000001,-69.50005794843463,-69.50005952128369,-69.54596041327697,1.4486049724448275e-05
low,55.53,-69.50020784361058,-69.50020941207706,-69.54607982220075,1.4437843280741898e-05
low,55.540000000000006,-69.50035767740181,-69.50035924149999,-69.54619920974224,1.438979725766495e-05
low,55.550000000000004,-69.50050744986017,-69.50050900960426,-69.54631857588649,1.4341911121372251e-05
low,55.56,-69.50065716103732,-69.50065871644155,-69.54643792061856,1.429418433979506e-05
low,55.57,-69.50080681098497,-69.50080836206345,-69.54655724392356,1.4246616382635423e-05
low,55.580000000000005,-69.50095639975471,-69.50095794652152,-69.54667654578667,1.4199206721359942e-05
low,55.59000000000001,-69.50110592739807,-69.50110746986726,-69.54679582619306,1.4151954829194039e-05
low,55.6,-69.50125539396646,-69.50125693215202,-69.546915085128,1.4104860181116354e-05
low,55.61000000000001,-69.50140479951123,-69.50140633342714,-69.54703432257674,1.4057922253852459e-05
low,55.620000000000005,-69.50155414408374,-69.50155567374387,-69.5471535385246,1.4011140525869348e-05
low,55.63,-69.50170342773514,-69.50170495315336,-69.54727273295694,1.396451447736951e-05
low,55.64,-69.50185265051661,-69.50185417170674,-69.54739190585917,1.3918043590285359e-05
low,55.650000000000006,-69.50200181247925,-69.50200332945502,-69.54751105721672,1.387172734827318e-05
low,55.660000000000004,-69.50215091367401,-69.50215242644919,-69.5476301870151,1.3825565236707587e-05
low,55.67,-69.50229995415184,-69.50230146274006,-69.5477492952398,1.3779556742675675e-05
low,55.68000000000001,-69.50244893396358,-69.5024504383785,-69.54786838187638,1.3733701354971628e-05
low,55.690000000000005,-69.50259785316003,-69.50259935341522,-69.54798744691045,1.36879985640906e-05
low,55.70000000000001,-69.50274671179189,-69.5027482079009,-69.54810649032767,1.364244786222328e-05
low,55.71,-69.50289550990979,-69.50289700188611,-69.54822551211367,1.359704874325039e-05
low,55.720000000000006,-69.5030442475643,-69.50304573542138,-69.54834451225423,1.3551800702736752e-05
low,55.730000000000004,-69.5031929248059,-69.50319440855715,-69.54846349073509,1.3506703237925902e-05
low,55.74,-69.503341541685,-69.50334302134378,-69.54858244754203,1.3461755847734359e-05
low,55.75000000000001,-69.50349009825199,-69.50349157383161,-69.54870138266091,1.3416958032746359e-05
low,55.760000000000005,-69.50363859455709,-69.50364006607083,-69.54882029607761,1.337230929520787e-05
low,55.77000000000001,-69.50378703065053,-69.50378849811162,-69.54893918777803,1.3327809139021274e-05
low,55.78,-69.50393540658246,-69.50393687000405,-69.54905805774816,1.32834570697401e-05
low,55.790000000000006,-69.50408372240288,-69.50408518179816,-69.54917690597397,1.3239252594563008e-05
low,55.800000000000004,-69.50423197816183,-69.50423343354387,-69.54929573244151,1.3195195222328727e-05
low,55.81,-69.50438017390918,-69.50438162529106,-69.54941453713687,1.315128446351038e-05
low,55.82,-69.50452830969482,-69.50452975708953,-69.54953332004615,1.3107519830210329e-05
low,55.830000000000005,-69.5046763855685,-69.504677828989,-69.5496520811555,1.3063900836154353e-05
low,55.84000000000001,-69.5048244015799,-69.50482584103915,-69.54977082045113,1.3020426996686446e-05
low,55.85,-69.5049723577787,-69.50497379328954,-69.54988953791927,1.2977097828763637e-05
low,55.86000000000001,-69.50512025421439,-69.5051216857897,-69.55000823354618,1.2933912850950215e-05
low,55.870000000000005,-69.50526809093654,-69.5052695185891,-69.55012690731817,1.2890871583412644e-05
low,55.88,-69.50541586799451,-69.50541729173706,-69.5502455592216,1.2847973547914132e-05
low,55.89,-69.50556358543766,-69.50556500528293,-69.55036418924286,1.280521826780949e-05
low,55.900000000000006,-69.50571124331529,-69.50571265927594,-69.55048279736837,1.2762605268039564e-05
low,55.910000000000004,-69.50585884167656,-69.50586025376523,-69.55060138358459,1.2720134075126142e-05
low,55.92,-69.50600638057064,-69.50600778879992,-69.55071994787804,1.2677804217166576e-05
low,55.93000000000001,-69.5061538600466,-69.50615526442903,-69.55083849023525,1.2635615223828808e-05
low,55.940000000000005,-69.50630128015344,-69.5063026807015,-69.5509570106428,1.2593566626345748e-05
low,55.95000000000001,-69.50644864094004,-69.50645003766623,-69.55107550908731,1.2551657957510272e-05
low,55.96,-69.5065959424553,-69.50659733537202,-69.55119398555544,1.250988875167017e-05
low,55.970000000000006,-69.50674318474799,-69.50674457386764,-69.55131244003388,1.2468258544722681e-05
low,55.980000000000004,-69.50689036786683,-69.50689175320173,-69.55143087250937,1.2426766874109514e-05
low,55.99,-69.50703749186047,-69.50703887342293,-69.55154928296867,1.238541327881162e-05
low,56.0,-69.5071845567775,-69.50718593457977,-69.55166767139859,1.2344197299344315e-05
low,56.010000000000005,-69.50733156266642,-69.50733293672069,-69.55178603778599,1.2303118477751773e-05
low,56.02000000000001,-69.50747850957565,-69.50747987989412,-69.55190438211774,1.2262176357602188e-05
low,56.03,-69.5076253975536,-69.5076267641484,-69.55202270438075,1.222137048398277e-05
low,56.040000000000006,-69.50777222664851,-69.50777358953177,-69.552141004562,1.2180700403494465e-05
low,56.050000000000004,-69.5079189969087,-69.50792035609243,-69.55225928264849,1.214016566424707e-05
low,56.06,-69.50806570838226,-69.50806706387851,-69.55237753862724,1.2099765815854113e-05
low,56.07,-69.50821236111734,-69.50821371293809,-69.55249577248533,1.20595004094281e-05
low,56.080000000000005,-69.50835895516195,-69.5083603033191,-69.55261398420987,1.201936899757515e-05
low,56.09000000000001,-69.50850549056405,-69.5085068350695,-69.55273217378799,1.1979371134390232e-05
low,56.1,-69.50865196737149,-69.50865330823713,-69.55285034120688,1.1939506375452317e-05
low,56.11000000000001,-69.50879838563216,-69.50879972286978,-69.55296848645378,1.1899774277819186e-05
low,56.120000000000005,-69.50894474539379,-69.50894607901519,-69.55308660951593,1.1860174400022677e-05
low,56.13000000000001,-69.50909104670406,-69.50909237672096,-69.55320471038061,1.182070630206368e-05
low,56.14,-69.50923728961057,-69.50923861603468,-69.55332278903518,1.1781369545407492e-05
low,56.150000000000006,-69.5093834741609,-69.50938479700389,-69.55344084546701,1.1742163692978572e-05
low,56.160000000000004,-69.50952960040254,-69.50953091967602,-69.55355887966348,1.1703088309155933e-05
low,56.17,-69.5096756683829,-69.50967698409846,-69.55367689161204,1.1664142959768202e-05
low,56.18000000000001,-69.5098216781493,-69.50982299031851,-69.55379488130018,1.1625327212088955e-05
low,56.190000000000005,-69.50996762974908,-69.50996893838342,-69.5539128487154,1.1586640634831668e-05
low,56.20000000000001,-69.51011352322942,-69.51011482834036,-69.55403079384526,1.154808279814502e-05
low,56.21,-69.51025935863747,-69.51026066023647,-69.55414871667733,1.1509653273608333e-05
low,56.220000000000006,-69.51040513602032,-69.51040643411876,-69.55426661719927,1.147135163422643e-05
low,56.230000000000004,-69.510550855425,-69.51055215003423,-69.55438449539872,1.1433177454425148e-05
low,56.24,-69.51069651689842,-69.51069780802976,-69.55450235126335,1.13951303100465e-05
low,56.25,-69.5108421204875,-69.51084340815224,-69.55462018478094,1.1357209778344127e-05
low,56.260000000000005,-69.510987666239,-69.5109889504484,-69.55473799593922,1.1319415437978355e-05
low,56.27000000000001,-69.51113315419975,-69.51113443496499,-69.55485578472603,1.1281746869011623e-05
low,56.28,-69.51127858441637,-69.51127986174862,-69.5549735511292,1.124420365290401e-05
low,56.290000000000006,-69.51142395693549,-69.51142523084592,-69.55509129513656,1.1206785372508219e-05
low,56.300000000000004,-69.5115692718037,-69.51157054230336,-69.55520901673607,1.1169491612065199e-05
low,56.31000000000001,-69.51171452906742,-69.51171579616741,-69.55532671591567,1.1132321957199405e-05
low,56.32,-69.51185972877313,-69.51186099248444,-69.55544439266336,1.1095275994914373e-05
low,56.330000000000005,-69.51200487096715,-69.5120061313008,-69.55556204696714,1.105835331358788e-05
low,56.34,-69.51214995569578,-69.51215121266269,-69.55567967881507,1.1021553502967527e-05
low,56.35,-69.5122949830052,-69.51229623661631,-69.55579728819524,1.0984876154166093e-05
low,56.36000000000001,-69.51243995294163,-69.5124412032078,-69.55591487509575,1.0948320859657224e-05
low,56.370000000000005,-69.51258486555113,-69.5125861124832,-69.5560324395048,1.0911887213270544e-05
low,56.38000000000001,-69.51272972087973,-69.51273096448851,-69.55614998141058,1.0875574810187324e-05
low,56.39,-69.51287451897338,-69.51287575926966,-69.55626750080133,1.0839383246936186e-05
low,56.400000000000006,-69.51301925987799,-69.5130204968725,-69.55638499766526,1.0803312121388176e-05
low,56.410000000000004,-69.51316394363941,-69.51316517734284,-69.55650247199073,1.076736103275266e-05
low,56.42,-69.5133085703034,-69.5133098007264,-69.55661992376605,1.073152958157267e-05
low,56.43000000000001,-69.51345313991564,-69.51345436706885,-69.55673735297961,1.069581736972072e-05
low,56.440000000000005,-69.51359765252177,-69.51359887641578,-69.5568547596198,1.0660224000394025e-05
low,56.45000000000001,-69.51374210816736,-69.51374332881275,-69.55697214367507,1.0624749078110286e-05
low,56.46,-69.51388650689795,-69.51388772430523,-69.5570895051339,1.0589392208703445e-05
low,56.470000000000006,-69.51403084875896,-69.51403206293863,-69.55720684398479,1.055415299931898e-05
low,56.480000000000004,-69.5141751337958,-69.51417634475828,-69.55732416021627,1.0519031058409754e-05
low,56.49,-69.51431936205375,-69.5143205698095,-69.55744145381696,1.0484025995731583e-05
low,56.5,-69.51446353357807,-69.51446473813745,-69.55755872477545,1.0449137422339041e-05
low,56.510000000000005,-69.51460764841399,-69.51460884978734,-69.55767597308039,1.0414364950580915e-05
low,56.52000000000001,-69.51475170660656,-69.51475290480423,-69.55779319872047,1.0379708194095994e-05
low,56.53,-69.51489570820091,-69.51489690323316,-69.55791040168442,1.0345166767808962e-05
low,56.540000000000006,-69.51503965324201,-69.5150408451191,-69.55802758196097,1.0310740287925781e-05
low,56.550000000000004,-69.5151835417748,-69.51518473050695,-69.55814473953892,1.0276428371929653e-05
low,56.56000000000001,-69.51532737384416,-69.51532855944153,-69.55826187440708,1.0242230638576682e-05
low,56.57,-69.51547114949489,-69.51547233196763,-69.55837898655432,1.0208146707891772e-05
low,56.580000000000005,-69.51561486877172,-69.51561604812996,-69.5584960759695,1.0174176201164192e-05
low,56.59,-69.51575853171937,-69.51575970797317,-69.55861314264159,1.0140318740943518e-05
low,56.6,-69.51590213838243,-69.51590331154186,-69.55873018655947,1.010657395103535e-05
low,56.61000000000001,-69.51604568880548,-69.51604685888053,-69.5588472077122,1.0072941456497333e-05
low,56.620000000000005,-69.51618918303298,-69.51619035003364,-69.55896420608879,1.0039420883634686e-05
low,56.63000000000001,-69.51633262110938,-69.51633378504562,-69.55908118167828,1.0006011859996221e-05
low,56.64,-69.51647600307908,-69.51647716396076,-69.55919813446977,9.97271401437029e-06
low,56.650000000000006,-69.51661932898632,-69.51662048682337,-69.55931506445238,9.939526976780451e-06
low,56.660000000000004,-69.51676259887543,-69.51676375367767,-69.55943197161525,9.9064503784815e-06
low,56.67,-69.51690581279054,-69.5169069645678,-69.5595488559476,9.87348385195529e-06
low,56.68,-69.51704897077576,-69.51705011953783,-69.55966571743866,9.84062703090684e-06
low,56.690000000000005,-69.51719207287518,-69.51719321863179,-69.55978255607765,9.807879550259978e-06
low,56.70000000000001,-69.51733511913277,-69.51733626189366,-69.5598993718539,9.77524104615343e-06
low,56.71,-69.51747810959249,-69.51747924936734,-69.56001616475672,9.74271115593689e-06
low,56.720000000000006,-69.51762104429821,-69.51762218109667,-69.56013293477547,9.710289518166758e-06
low,56.730000000000004,-69.51776392329374,-69.51776505712543,-69.56024968189952,9.677975772602283e-06
low,56.74000000000001,-69.51790674662283,-69.51790787749732,-69.56036640611833,9.645769560201467e-06
low,56.75,-69.51804951432916,-69.51805064225606,-69.56048310742133,9.613670523117272e-06
low,56.760000000000005,-69.51819222645636,-69.51819335144518,-69.560599785798,9.581678304693353e-06
low,56.77000000000001,-69.51833488304801,-69.51833600510824,-69.56071644123791,9.54979254946025e-06
low,56.78,-69.51847748414761,-69.5184786032887,-69.56083307373058,9.518012903131535e-06
low,56.790000000000006,-69.51862002979858,-69.51862114603,-69.56094968326558,9.486339012599667e-06
low,56.800000000000004,-69.51876252004438,-69.51876363337549,-69.56106626983257,9.4547705259322e-06
low,56.81000000000001,-69.51890495492826,-69.51890606536845,-69.56118283342117,9.423307092367799e-06
low,56.82,-69.5190473344935,-69.51904844205211,-69.56129937402109,9.391948362312533e-06
low,56.830000000000005,-69.5191896587833,-69.51919076346965,-69.56141589162203,9.360693987335694e-06
low,56.84,-69.51933192784082,-69.5193330296642,-69.56153238621374,9.329543620166132e-06
low,56.85,-69.51947414170913,-69.51947524067876,-69.56164885778601,9.298496914688296e-06
low,56.86000000000001,-69.51961630043125,-69.51961739655636,-69.56176530632867,9.267553525938543e-06
low,56.870000000000005,-69.51975840405015,-69.5197594973399,-69.56188173183155,9.236713110101091e-06
low,56.88000000000001,-69.51990045260874,-69.51990154307231,-69.56199813428451,9.205975324504285e-06
low,56.89,-69.52004244614982,-69.52004353379633,-69.5621145136775,9.175339827616957e-06
low,56.900000000000006,-69.52018438471622,-69.52018546955478,-69.56223087000042,9.14480627904433e-06
low,56.910000000000004,-69.52032626835063,-69.52032735039028,-69.56234720324328,9.114374339524445e-06
low,56.92000000000001,-69.52046809709572,-69.52046917634553,-69.56246351339607,9.08404367092429e-06
low,56.93,-69.52060987099412,-69.52061094746307,-69.56257980044883,9.05381393623619e-06
low,56.940000000000005,-69.52075159008834,-69.5207526637854,-69.56269606439164,9.023684799573862e-06
low,56.95000000000001,-69.52089325442086,-69.520894325355,-69.56281230521459,8.99365592616876e-06
low,56.96,-69.52103486403414,-69.52103593221426,-69.56292852290782,8.963726982366526e-06
low,56.970000000000006,-69.52117641897048,-69.52117748440548,-69.5630447174615,8.933897635622983e-06
low,56.980000000000004,-69.52131791927228,-69.521318981971,-69.56316088886581,8.904167554500637e-06
low,56.99000000000001,-69.52145936498172,-69.521460424953,-69.563277037111,8.874536408664899e-06
low,57.0,-69.52160075614101,-69.52160181339366,-69.56339316218734,8.845003868880621e-06
low,57.010000000000005,-69.52174209279228,-69.52174314733506,-69.56350926408507,8.815569607008094e-06
low,57.02,-69.52188337497756,-69.52188442681923,-69.56362534279455,8.786233295999669e-06
low,57.03,-69.52202460273891,-69.52202565188816,-69.56374139830612,8.756994609895994e-06
low,57.040000000000006,-69.52216577611829,-69.5221668225838,-69.56385743061018,8.727853223822567e-06
low,57.050000000000004,-69.5223068951576,-69.52230793894802,-69.56397343969712,8.698808813985863e-06
low,57.06000000000001,-69.52244795989861,-69.5224490010226,-69.56408942555741,8.669861057669875e-06
low,57.07,-69.52258897038318,-69.5225900088493,-69.56420538818153,8.64100963323266e-06
low,57.080000000000005,-69.52272992665299,-69.52273096246984,-69.56432132755998,8.61225422010249e-06
low,57.09,-69.52287082874972,-69.52287186192581,-69.56443724368329,8.583594498774479e-06
low,57.1,-69.52301167671493,-69.5230127072588,-69.56455313654205,8.555030150806956e-06
low,57.11000000000001,-69.52315247059022,-69.52315349851035,-69.56466900612685,8.526560858818041e-06
low,57.120000000000005,-69.52329321041707,-69.5232942357219,-69.56478485242832,8.49818630648195e-06
low,57.13000000000001,-69.52343389623688,-69.52343491893487,-69.56490067543712,8.469906178525534e-06
low,57.14,-69.52357452809109,-69.52357554819059,-69.56501647514395,8.441720160724953e-06
low,57.150000000000006,-69.52371510602094,-69.52371612353036,-69.56513225153954,8.413627939901896e-06
low,57.160000000000004,-69.52385563006773,-69.52385664499542,-69.56524800461465,8.385629203920288e-06
low,57.17000000000001,-69.52399610027267,-69.52399711262693,-69.56536373436002,8.357723641682741e-06
low,57.18,-69.52413651667686,-69.52413752646599,-69.56547944076651,8.32991094312723e-06
low,57.190000000000005,-69.52427687932145,-69.5242778865537,-69.56559512382496,8.30219079922345e-06
low,57.20000000000001,-69.52441718824745,-69.52441819293105,-69.56571078352623,8.274562901969476e-06
low,57.21,-69.52455744349578,-69.52455844563897,-69.56582641986124,8.247026944388477e-06
low,57.220000000000006,-69.52469764510745,-69.52469864471838,-69.56594203282091,8.219582620525037e-06
low,57.230000000000004,-69.52483779312325,-69.5248387902101,-69.56605762239623,8.192229625441946e-06
low,57.24000000000001,-69.52497788758401,-69.5249788821549,-69.56617318857818,8.164967655216723e-06
low,57.25,-69.52511792853048,-69.52511892059348,-69.56628873135777,8.137796406938366e-06
low,57.260000000000005,-69.52525791600333,-69.52525890556655,-69.5664042507261,8.110715578703809e-06
low,57.27,-69.5253978500432,-69.52539883711468,-69.56651974667419,8.08372486961468e-06
low,57.28,-69.52553773069071,-69.52553871527846,-69.56663521919322,8.056823979773893e-06
low,57.290000000000006,-69.52567755798634,-69.52567854009837,-69.5667506682743,8.03001261028248e-06
low,57.300000000000004,-69.52581733197059,-69.52581831161483,-69.5668660939086,8.003290463236018e-06
low,57.31000000000001,-69.52595705268382,-69.52595802986826,-69.56698149608737,7.976657241721455e-06
low,57.32,-69.52609672016645,-69.52609769489897,-69.56709687480179,7.950112649813894e-06
low,57.330000000000005,-69.52623633445873,-69.52623730674723,-69.56721223004315,7.923656392573123e-06
low,57.34,-69.52637589560092,-69.52637686545326,-69.56732756180274,7.897288176040454e-06
low,57.35000000000001,-69.5265154036332,-69.52651637105721,-69.56744287007189,7.871007707235393e-06
low,57.36,-69.52665485859569,-69.5266558235992,-69.56755815484193,7.844814694152541e-06
low,57.370000000000005,-69.52679426052848,-69.52679522311927,-69.56767341610426,7.818708845758109e-06
low,57.38000000000001,-69.52693360947163,-69.52693456965743,-69.56778865385029,7.792689871986823e-06
low,57.39,-69.52707290546506,-69.52707386325363,-69.56790386807145,7.766757483738755e-06
low,57.400000000000006,-69.5272121485487,-69.52721310394773,-69.5680190587592,7.740911392875969e-06
low,57.410000000000004,-69.52735133876236,-69.52735229177956,-69.56813422590506,7.715151312219408e-06
low,57.42000000000001,-69.5274904761459,-69.52749142678893,-69.56824936950055,7.689476955545651e-06
low,57.43,-69.52762956073906,-69.52763050901552,-69.56836448953723,7.66388803758388e-06
low,57.440000000000005,-69.52776859258148,-69.527769538499,-69.56847958600667,7.63838427401249e-06
low,57.45000000000001,-69.52790757171287,-69.52790851527901,-69.5685946589005,7.61296538145603e-06
low,57.46,-69.52804649817276,-69.5280474393951,-69.56870970821036,7.587631077482161e-06
low,57.470000000000006,-69.5281853720007,-69.52818631088675,-69.56882473392791,7.562381080598326e-06
low,57.480000000000004,-69.52832419323617,-69.52832512979344,-69.56893973604485,7.5372151102487435e-06
low,57.49000000000001,-69.52846296191856,-69.52846389615453,-69.56905471455292,7.512132886811223e-06
low,57.5,-69.52860167808724,-69.52860261000939,-69.56916966944387,7.487134131594214e-06
low,57.510000000000005,-69.52874034178156,-69.52874127139728,-69.56928460070947,7.462218566833473e-06
low,57.52,-69.52887895304073,-69.52887988035745,-69.56939950834155,7.437385915689137e-06
low,57.53000000000001,-69.52901751190396,-69.52901843692908,-69.56951439233195,7.412635902242576e-06
low,57.540000000000006,-69.5291560184104,-69.52915694115126,-69.56962925267256,7.387968251493437e-06
low,57.550000000000004,-69.52929447259918,-69.5292953930631,-69.56974408935524,7.3633826893564356e-06
low,57.56000000000001,-69.5294328745093,-69.52943379270361,-69.56985890237193,7.338878942658365e-06
low,57.57,-69.52957122417976,-69.52957214011174,-69.56997369171461,7.314456739135198e-06
low,57.580000000000005,-69.52970952164945,-69.5297104353264,-69.57008845737523,7.29011580742883e-06
low,57.59,-69.52984776695736,-69.52984867838646,-69.57020319934583,7.265855877084212e-06
low,57.60000000000001,-69.52998596014223,-69.52998686933073,-69.57031791761842,7.241676678546286e-06
low,57.61,-69.53012410124286,-69.53012500819793,-69.5704326121851,7.217577943157096e-06
low,57.620000000000005,-69.53026219029796,-69.53026309502677,-69.57054728303795,7.19355940315264e-06
low,57.63000000000001,-69.53040022734623,-69.5304011298559,-69.57066193016908,7.169620791659967e-06
low,57.64,-69.53053821242624,-69.53053911272391,-69.57077655357067,7.145761842694335e-06
low,57.650000000000006,-69.53067614557656,-69.53067704366934,-69.57089115323487,7.121982291156025e-06
low,57.660000000000004,-69.53081402683573,-69.53081492273068,-69.57100572915391,7.098281872827555e-06
low,57.67000000000001,-69.53095185624217,-69.53095274994635,-69.57112028132,7.074660324370664e-06
low,57.68,-69.5310896338343,-69.53109052535473,-69.57123480972544,7.05111738332353e-06
low,57.690000000000005,-69.53122735965047,-69.53122824899414,-69.57134931436246,7.027652788097644e-06
low,57.7,-69.53136503372897,-69.53136592090289,-69.57146379522345,7.004266277975049e-06
low,57.71,-69.53150265610806,-69.53150354111916,-69.57157825230071,6.980957593105332e-06
low,57.720000000000006,-69.53164022682596,-69.53164110968115,-69.57169268558664,6.957726474502952e-06
low,57.730000000000004,-69.53177774592073,-69.53177862662695,-69.57180709507358,6.934572664044091e-06
low,57.74000000000001,-69.53191521343054,-69.53191609199466,-69.57192148075403,6.911495904463916e-06
low,57.75,-69.53205262939336,-69.53205350582228,-69.5720358426204,6.888495939353822e-06
low,57.760000000000005,-69.53218999384724,-69.53219086814775,-69.57215018066516,6.865572513158368e-06
low,57.77,-69.53232730683007,-69.53232817900901,-69.57226449488086,6.842725371172582e-06
low,57.78000000000001,-69.53246456837975,-69.53246543844394,-69.57237878526001,6.819954259539071e-06
low,57.790000000000006,-69.53260177853409,-69.53260264649029,-69.57249305179518,6.797258925245301e-06
low,57.800000000000004,-69.53273893733089,-69.53273980318585,-69.57260729447897,6.77463911612063e-06
low,57.81000000000001,-69.53287604480786,-69.53287690856831,-69.57272151330396,6.752094580833578e-06
low,57.82,-69.53301310100268,-69.53301396267533,-69.57283570826283,6.729625068889149e-06
low,57.830000000000005,-69.53315010595297,-69.5331509655445,-69.57294987934823,6.70723033062583e-06
low,57.84,-69.5332870596963,-69.53328791721337,-69.57306402655286,6.684910117212967e-06
low,57.85000000000001,-69.53342396227022,-69.53342481771948,-69.57317814986945,6.662664180647937e-06
low,57.86,-69.53356081371216,-69.53356166710023,-69.57329224929074,6.640492273753482e-06
low,57.870000000000005,-69.53369761405958,-69.53369846539303,-69.57340632480953,6.618394150174832e-06
low,57.88000000000001,-69.5338343633498,-69.53383521263524,-69.5735203764186,6.596369564377016e-06
low,57.89,-69.53397106162018,-69.53397190886415,-69.57363440411079,6.574418271642259e-06
low,57.900000000000006,-69.53410770890797,-69.534108554117,-69.57374840787895,6.552540028067048e-06
low,57.910000000000004,-69.53424430525038,-69.53424514843098,-69.57386238771599,6.530734590559561e-06
low,57.92000000000001,-69.53438085068457,-69.53438169184324,-69.57397634361477,6.509001716836913e-06
low,57.93,-69.53451734524768,-69.53451818439088,-69.57409027556825,6.487341165422551e-06
low,57.940000000000005,-69.53465378897675,-69.53465462611094,-69.5742041835694,6.465752695643436e-06
low,57.95,-69.53479018190883,-69.53479101704039,-69.57431806761122,6.44423606762746e-06
low,57.96000000000001,-69.53492652408082,-69.53492735721619,-69.5744319276867,6.422791042300721e-06
low,57.970000000000006,-69.53506281552968,-69.53506364667524,-69.57454576378888,6.401417381385009e-06
low,57.980000000000004,-69.53519905629224,-69.53519988545436,-69.57465957591084,6.380114847394949e-06
low,57.99000000000001,-69.53533524640535,-69.53533607359034,-69.57477336404565,6.358883203635476e-06
low,58.0,-69.53547138590574,-69.53547221111994,-69.57488712818646,6.337722214199265e-06
low,58.010000000000005,-69.53560747483013,-69.53560829807985,-69.57500086832641,6.3166316439639696e-06
low,58.02,-69.53574351321522,-69.53574433450672,-69.57511458445865,6.295611258589703e-06
low,58.03000000000001,-69.53587950109757,-69.5358803204371,-69.57522827657638,6.2746608245163805e-06
low,58.04,-69.53601543851376,-69.53601625590758,-69.57534194467284,6.253780108961252e-06
low,58.050000000000004,-69.53615132550034,-69.53615214095464,-69.57545558874126,6.2329688799161175e-06
low,58.06000000000001,-69.53628716209371,-69.53628797561471,-69.57556920877492,6.2122269061448625e-06
low,58.07,-69.53642294833035,-69.5364237599242,-69.57568280476713,6.191553957180943e-06
low,58.080000000000005,-69.53655868424659,-69.53655949391946,-69.5757963767112,6.1709498033246914e-06
low,58.09,-69.53669436987876,-69.53669517763677,-69.57590992460048,6.150414215640853e-06
low,58.10000000000001,-69.5368300052631,-69.5368308111124,-69.57602344842834,6.129946965955986e-06
low,58.11,-69.53696559043587,-69.53696639438252,-69.5761369481882,6.1095478268560625e-06
low,58.120000000000005,-69.53710112543321,-69.53710192748329,-69.57625042387349,6.089216571683736e-06
low,58.13000000000001,-69.53723661029125,-69.53723741045081,-69.57636387547764,6.068952974535943e-06
low,58.14000000000001,-69.53737204504607,-69.53737284332114,-69.57647730299414,6.048756810261437e-06
low,58.150000000000006,-69.53750742973367,-69.53750822613029,-69.57659070641648,6.028627854458163e-06
low,58.160000000000004,-69.53764276439003,-69.53764355891417,-69.57670408573821,6.008565883470852e-06
low,58.17000000000001,-69.53777804905111,-69.53777884170874,-69.57681744095285,5.9885706743884746e-06
low,58.18,-69.53791328375274,-69.53791407454983,-69.57693077205401,5.968642005041899e-06
low,58.190000000000005,-69.53804846853077,-69.53804925747326,-69.57704407903529,5.94877965400123e-06
low,58.2,-69.538183603421,-69.53818439051476,-69.57715736189029,5.928983400573475e-06
low,58.21000000000001,-69.53831868845911,-69.53831947371009,-69.57727062061268,5.909253024800035e-06
low,58.220000000000006,-69.53845372368083,-69.53845450709488,-69.57738385519615,5.889588307454353e-06
low,58.230000000000004,-69.53858870912178,-69.53858949070475,-69.57749706563438,5.869989030039347e-06
low,58.24000000000001,-69.53872364481754,-69.53872442457529,-69.57761025192112,5.850454974785033e-06
low,58.25,-69.53885853080367,-69.53885930874199,-69.57772341405011,5.830985924646217e-06
low,58.260000000000005,-69.53899336711564,-69.53899414324034,-69.57783655201513,5.8115816632998866e-06
low,58.27,-69.5391281537889,-69.53912892810577,-69.57794966581,5.792241975142937e-06
low,58.28000000000001,-69.53926289085885,-69.53926366337365,-69.57806275542849,5.772966645289717e-06
low,58.29,-69.53939757836083,-69.53939834907929,-69.57817582086452,5.753755459569758e-06
low,58.300000000000004,-69.53953221633014,-69.539532985258,-69.57828886211192,5.7346082045252085e-06
low,58.31000000000001,-69.53966680480207,-69.539667571945,-69.57840187916462,5.715524667408579e-06
low,58.32,-69.53980134381179,-69.5398021091755,-69.57851487201653,5.696504636180408e-06
low,58.330000000000005,-69.53993583339447,-69.53993659698462,-69.57862784066157,5.6775478995068e-06
low,58.34,-69.54007027358519,-69.54007103540744,-69.57874078509376,5.6586542467571526e-06
low,58.35000000000001,-69.54020466441905,-69.54020542447901,-69.57885370530705,5.639823468001768e-06
low,58.36,-69.54033900593107,-69.54033976423435,-69.57896660129552,5.621055354009637e-06
low,58.370000000000005,-69.5404732981562,-69.5404740547084,-69.57907947305317,5.602349696245935e-06
low,58.38,-69.54060754112938,-69.54060829593607,-69.57919232057408,5.583706286869828e-06
low,58.39000000000001,-69.54074173488547,-69.54074248795222,-69.57930514385235,5.565124918732113e-06
low,58.400000000000006,-69.5408758794593,-69.54087663079163,-69.57941794288213,5.546605385372991e-06
low,58.410000000000004,-69.54100997488567,-69.5410107244891,-69.57953071765749,5.528147481019659e-06
low,58.42000000000001,-69.54114402119932,-69.54114476907932,-69.57964346817265,5.509751000584072e-06
low,58.43,-69.5412780184349,-69.541278764597,-69.57975619442179,5.491415739660761e-06
low,58.440000000000005,-69.5414119666271,-69.54141271107673,-69.57986889639912,5.473141494524387e-06
low,58.45,-69.54154586581048,-69.5415466085531,-69.57998157409888,5.454928062127593e-06
low,58.46000000000001,-69.5416797160196,-69.54168045706065,-69.58009422751533,5.436775240098702e-06
low,58.470000000000006,-69.54181351728897,-69.54181425663384,-69.58020685664276,5.418682826739544e-06
low,58.480000000000004,-69.54194726965305,-69.54194800730714,-69.58031946147547,5.400650621023096e-06
low,58.49000000000001,-69.54208097314624,-69.54208170911492,-69.5804320420078,5.382678422591305e-06
low,58.5,-69.54221462780289,-69.54221536209154,-69.5805445982341,5.364766031752949e-06
low,58.510000000000005,-69.54234823365738,-69.5423489662713,-69.58065713014874,5.346913249481249e-06
low,58.52,-69.54248179074393,-69.54248252168847,-69.58076963774616,5.329119877411776e-06
low,58.53000000000001,-69.54261529909678,-69.54261602837724,-69.58088212102075,5.3113857178401926e-06
low,58.54,-69.54274875875011,-69.54274948637176,-69.58099457996697,5.293710573720136e-06
low,58.550000000000004,-69.54288216973806,-69.54288289570619,-69.58110701457932,5.276094248660917e-06
low,58.56000000000001,-69.54301553209476,-69.5430162564146,-69.58121942485226,5.258536546925379e-06
low,58.57000000000001,-69.54314884585418,-69.54314956853096,-69.58133181078031,5.241037273427826e-06
low,58.580000000000005,-69.54328211105037,-69.54328283208933,-69.58144417235805,5.223596233731674e-06
low,58.59,-69.54341532771728,-69.5434160471236,-69.58155650958003,5.206213234047417e-06
low,58.60000000000001,-69.54354849588879,-69.54354921366766,-69.58166882244082,5.188888081230412e-06
low,58.61,-69.54368161559881,-69.54368233175539,-69.58178111093507,5.171620582778826e-06
low,58.620000000000005,-69.54381468688113,-69.54381540142057,-69.58189337505736,5.154410546831365e-06
low,58.63,-69.54394770976951,-69.54394842269696,-69.58200561480243,5.137257782165229e-06
low,58.64000000000001,-69.54408068429771,-69.54408139561825,-69.58211783016488,5.120162098193944e-06
low,58.650000000000006,-69.54421361049941,-69.54421432021815,-69.58223002113947,5.1031233049653424e-06
low,58.660000000000004,-69.54434648840821,-69.54434719653024,-69.5823421877209,5.086141213159297e-06
low,58.67000000000001,-69.54447931805775,-69.54448002458813,-69.58245432990394,5.069215634085707e-06
low,58.68,-69.54461209948155,-69.54461280442533,-69.58256644768335,5.052346379682443e-06
low,58.690000000000005,-69.54474483271315,-69.54474553607534,-69.58267854105394,5.035533262513155e-06
low,58.7,-69.54487751778598,-69.5448782195716,-69.5827906100105,5.0187760957652565e-06
low,58.71000000000001,-69.54501015473345,-69.54501085494752,-69.58290265454791,5.002074693247807e-06
low,58.72,-69.54514274358895,-69.54514344223645,-69.583014674661,4.985428869389547e-06
low,58.730000000000004,-69.5452752843858,-69.54527598147168,-69.5831266703447,4.968838439236683e-06
low,58.74000000000001,-69.5454077771573,-69.54540847268649,-69.58323864159387,4.9523032184509125e-06
low,58.75000000000001,-69.54554022193665,-69.54554091591412,-69.58335058840346,4.935823023307426e-06
low,58.760000000000005,-69.5456726187571,-69.54567331118771,-69.58346251076844,4.9193976706927545e-06
low,58.77,-69.54580496765172,-69.54580565854043,-69.58357440868377,4.903026978102813e-06
low,58.78000000000001,-69.5459372686537,-69.54593795800535,-69.58368628214447,4.886710763640825e-06
low,58.79,-69.54606952179607,-69.54607020961554,-69.58379813114553,4.8704488460153986e-06
low,58.800000000000004,-69.54620172711184,-69.54620241340398,-69.58390995568202,4.854241044538369e-06
low,58.81000000000001,-69.54633388463397,-69.54633456940363,-69.58402175574899,4.838087179122861e-06
low,58.82000000000001,-69.54646599439542,-69.5464666776474,-69.58413353134155,4.821987070281374e-06
low,58.830000000000005,-69.54659805642906,-69.54659873816817,-69.58424528245479,4.8059405391236005e-06
low,58.84,-69.54673007076775,-69.54673075099878,-69.58435700908385,4.789947407354596e-06
low,58.85000000000001,-69.54686203744428,-69.546862716172,-69.58446871122386,4.774007497272705e-06
low,58.86,-69.54699395649142,-69.54699463372057,-69.58458038887005,4.758120631767702e-06
low,58.870000000000005,-69.54712582794187,-69.54712650367719,-69.5846920420176,4.742286634318669e-06
low,58.88,-69.5472576518283,-69.54725832607454,-69.58480367066169,4.726505328992141e-06
low,58.89000000000001,-69.54738942818335,-69.54739010094521,-69.58491527479758,4.710776540440092e-06
low,58.900000000000006,-69.5475211570396,-69.54752182832176,-69.58502685442058,4.695100093898093e-06
low,58.910000000000004,-69.54765283842957,-69.54765350823672,-69.58513840952592,4.679475815183218e-06
low,58.92000000000001,-69.5477844723858,-69.54778514072258,-69.58524994010894,4.663903530692195e-06
low,58.93,-69.5479160589407,-69.54791672581179,-69.58536144616495,4.648383067399511e-06
low,58.940000000000005,-69.54804759812671,-69.54804826353673,-69.58547292768931,4.6329142528554e-06
low,58.95,-69.54817908997619,-69.54817975392974,-69.58558438467739,4.617496915183983e-06
low,58.96000000000001,-69.54831053452145,-69.54831119702315,-69.5856958171246,4.602130883081328e-06
low,58.97,-69.54844193179481,-69.54844259284924,-69.58580722502636,4.5868159858136325e-06
low,58.980000000000004,-69.54857328182851,-69.54857394144024,-69.58591860837808,4.5715520532151904e-06
low,58.99000000000001,-69.54870458465471,-69.5487052428283,-69.58602996717524,4.556338915686581e-06
low,59.00000000000001,-69.54883584030561,-69.54883649704558,-69.5861413014133,4.541176404192814e-06
low,59.010000000000005,-69.54896704881328,-69.54896770412418,-69.58625261108779,4.526064350261369e-06
low,59.02,-69.54909821020983,-69.54909886409617,-69.58636389619421,4.5110025859803805e-06
low,59.03000000000001,-69.5492293245273,-69.54922997699354,-69.58647515672811,4.495990943996733e-06
low,59.04,-69.54936039179763,-69.54936104284829,-69.58658639268506,4.481029257514297e-06
low,59.050000000000004,-69.5494914120528,-69.54949206169232,-69.58669760406065,4.466117360291936e-06
low,59.06,-69.5496223853247,-69.54962303355755,-69.58680879085048,4.451255086641748e-06
low,59.07000000000001,-69.5497533116452,-69.5497539584758,-69.58691995305018,4.436442271427189e-06
low,59.080000000000005,-69.54988419104612,-69.54988483647891,-69.58703109065542,4.4216787500613054e-06
low,59.09,-69.55001502355923,-69.55001566759861,-69.58714220366186,4.406964358504801e-06
low,59.10000000000001,-69.55014580921627,-69.55014645186664,-69.58725329206518,4.392298933264264e-06
low,59.11,-69.55027654804891,-69.55027718931466,-69.5873643558611,4.377682311390417e-06
low,59.120000000000005,-69.55040724008887,-69.55040787997433,-69.58747539504537,4.363114330476181e-06
low,59.13,-69.5505378853677,-69.55053852387722,-69.58758640961372,4.348594828654948e-06
low,59.14000000000001,-69.55066848391698,-69.55066912105492,-69.58769739956195,4.334123644598758e-06
low,59.150000000000006,-69.55079903576828,-69.55079967153894,-69.58780836488582,4.3197006175165575e-06
low,59.160000000000004,-69.55092954095305,-69.55093017536075,-69.58791930558117,4.305325587152325e-06
low,59.17000000000001,-69.55105999950271,-69.55106063255175,-69.58803022164385,4.290998393783332e-06
low,59.18000000000001,-69.55119041144873,-69.55119104314338,-69.58814111306971,4.276718878218439e-06
low,59.190000000000005,-69.55132077682242,-69.55132140716695,-69.58825197985466,4.262486881796191e-06
low,59.2,-69.55145109565514,-69.55145172465379,-69.58836282199456,4.248302246383151e-06
low,59.21000000000001,-69.55158136797814,-69.55158199563515,-69.58847363948537,4.234164814372095e-06
low,59.22,-69.55171159382267,-69.55171222014226,-69.58858443232297,4.2200744286803305e-06
low,59.230000000000004,-69.55184177321995,-69.55184239820633,-69.58869520050338,4.206030932747856e-06
low,59.24000000000001,-69.55197190620113,-69.55197252985849,-69.58880594402255,4.192034170535663e-06
low,59.25000000000001,-69.55210199279732,-69.55210261512985,-69.5889166628765,4.1780839865240695e-06
low,59.260000000000005,-69.5522320330396,-69.55223265405147,-69.58902735706125,4.164180225710867e-06
low,59.27,-69.55236202695903,-69.55236264665436,-69.58913802657285,4.15032273360968e-06
low,59.28000000000001,-69.55249197458656,-69.55249259296953,-69.58924867140733,4.136511356248217e-06
low,59.29,-69.55262187595318,-69.55262249302791,-69.58935929156083,4.122745940166618e-06
low,59.300000000000004,-69.55275173108983,-69.5527523468604,-69.58946988702941,4.109026332415658e-06
low,59.31,-69.5528815400273,-69.55288215449784,-69.5895804578092,4.095352380555109e-06
low,59.32000000000001,-69.55301130279648,-69.55301191597107,-69.58969100389636,4.0817239326520115e-06
low,59.330000000000005,-69.55314101942821,-69.55314163131091,-69.58980152528706,4.068140837279068e-06
low,59.34,-69.55327068995315,-69.55327130054803,-69.58991202197747,4.054602943512838e-06
low,59.35000000000001,-69.55340031440207,-69.55340092371317,-69.59002249396379,4.041110100932125e-06
low,59.36000000000001,-69.55352989280566,-69.55353050083701,-69.59013294124226,4.027662159616344e-06
low,59.370000000000005,-69.55365942519452,-69.55366003195016,-69.59024336380914,4.014258970143774e-06
low,59.38,-69.55378891159927,-69.55378951708317,-69.59035376166067,4.000900383589949e-06
low,59.39000000000001,-69.55391835205043,-69.55391895626661,-69.59046413479312,3.987586251525972e-06
low,59.4,-69.55404774657858,-69.554048349531,-69.59057448320283,3.9743164260169435e-06
low,59.410000000000004,-69.55417709521414,-69.55417769690676,-69.5906848068861,3.961090759620206e-06
low,59.42000000000001,-69.55430639798755,-69.55430699842434,-69.59079510583929,3.947909105383749e-06
low,59.43000000000001,-69.55443565492921,-69.55443625411412,-69.59090538005876,3.934771316844664e-06
low,59.440000000000005,-69.55456486606951,-69.55456546400644,-69.59101562954088,3.92167724802735e-06
low,59.45,-69.55469403143873,-69.5546946281316,-69.59112585428208,3.908626753442029e-06
low,59.46000000000001,-69.55482315106715,-69.55482374651989,-69.59123605427877,3.895619688083048e-06
low,59.47,-69.55495222498503,-69.55495281920149,-69.59134622952737,3.882655907427368e-06
low,59.480000000000004,-69.55508125322257,-69.55508184620663,-69.59145638002438,3.869735267432826e-06
low,59.49000000000001,-69.55521023580992,-69.55521082756545,-69.59156650576625,3.856857624536602e-06
low,59.50000000000001,-69.5553391727772,-69.55533976330806,-69.5916766067495,3.844022835653685e-06
low,59.510000000000005,-69.5554680641545,-69.5554686534645,-69.59178668297064,3.831230758175155e-06
low,59.52,-69.55559690997185,-69.55559749806484,-69.59189673442621,3.818481249966688e-06
low,59.53000000000001,-69.55572571025927,-69.55572629713905,-69.59200676111278,3.805774169366937e-06
low,59.54,-69.5558544650467,-69.55585505071708,-69.59211676302691,3.7931093751860126e-06
low,59.550000000000004,-69.55598317436412,-69.55598375882886,-69.59222674016523,3.780486726703836e-06
low,59.56,-69.55611183824138,-69.55611242150428,-69.59233669252433,3.7679060836686284e-06
low,59.57000000000001,-69.55624045670832,-69.55624103877314,-69.59244662010083,3.7553673062953166e-06
low,59.580000000000005,-69.55636902979478,-69.55636961066526,-69.59255652289143,3.742870255264064e-06
low,59.59,-69.55649755753052,-69.5564981372104,-69.59266640089277,3.730414791718599e-06
low,59.60000000000001,-69.55662603994527,-69.55662661843826,-69.59277625410154,3.7180007772647406e-06
low,59.61000000000001,-69.55675447706872,-69.55675505437856,-69.59288608251448,3.7056280739688933e-06
low,59.620000000000005,-69.55688286893056,-69.55688344506092,-69.59299588612832,3.693296544356437e-06
low,59.63,-69.55701121556037,-69.55701179051496,-69.59310566493978,3.6810060514102477e-06
low,59.64000000000001,-69.55713951698773,-69.55714009077023,-69.59321541894566,3.6687564585691466e-06
low,59.65,-69.55726777324223,-69.55726834585629,-69.59332514814272,3.656547629726461e-06
low,59.660000000000004,-69.55739598435335,-69.55739655580261,-69.59343485252779,3.644379429228391e-06
low,59.67000000000001,-69.55752415035053,-69.55752472063865,-69.5935445320977,3.6322517218725706e-06
low,59.68000000000001,-69.55765227126325,-69.55765284039384,-69.59365418684926,3.6201643729065984e-06
low,59.690000000000005,-69.55778034712085,-69.55778091509757,-69.59376381677937,3.6081172480264576e-06
low,59.7,-69.55790837795274,-69.55790894477914,-69.5938734218849,3.596110213375082e-06
low,59.71000000000001,-69.5580363637882,-69.55803692946789,-69.59398300216274,3.584143135540833e-06
low,59.72,-69.55816430465649,-69.55816486919305,-69.59409255760983,3.5722158815560947e-06
low,59.730000000000004,-69.55829220058688,-69.55829276398389,-69.59420208822307,3.5603283188956794e-06
low,59.74,-69.55842005160856,-69.55842061386956,-69.59431159399946,3.548480315475437e-06
low,59.75000000000001,-69.55854785775068,-69.55854841887924,-69.59442107493595,3.53667173965075e-06
low,59.760000000000005,-69.55867561904242,-69.55867617904202,-69.59453053102955,3.5249024602151234e-06
low,59.77,-69.5588033355128,-69.55880389438703,-69.59463996227724,3.513172346398653e-06
low,59.78000000000001,-69.5589310071909,-69.55893156494324,-69.59474936867609,3.5014812678666004e-06
low,59.790000000000006,-69.55905863410578,-69.55905919073969,-69.59485875022311,3.489829094718011e-06
low,59.800000000000004,-69.55918621628635,-69.55918677180537,-69.5949681069154,3.4782156974841552e-06
low,59.81,-69.5593137537616,-69.55931430816919,-69.59507743875002,3.466640947127167e-06
low,59.82000000000001,-69.55944124656043,-69.55944179986004,-69.59518674572409,3.4551047150385773e-06
low,59.830000000000005,-69.55956869471167,-69.55956924690678,-69.59529602783473,3.4436068730379354e-06
low,59.84,-69.55969609824417,-69.5596966493382,-69.59540528507907,3.432147293371311e-06
low,59.85000000000001,-69.55982345718675,-69.55982400718314,-69.59551451745429,3.4207258487099045e-06
low,59.86000000000001,-69.55995077156815,-69.5599513204703,-69.59562372495753,3.4093424121486948e-06
low,59.870000000000005,-69.56007804141706,-69.56007858922838,-69.59573290758601,3.397996857204918e-06
low,59.88,-69.5602052667622,-69.56020581348609,-69.59584206533694,3.3866890578167356e-06
low,59.89000000000001,-69.56033244763218,-69.56033299327206,-69.59595119820753,3.375418888341804e-06
low,59.9,-69.56045958405564,-69.56046012861485,-69.59606030619506,3.3641862235559255e-06
low,59.910000000000004,-69.56058667606115,-69.56058721954304,-69.59616938929678,3.3529909386515863e-06
low,59.92000000000001,-69.56071372367722,-69.56071426608517,-69.59627844750997,3.3418329092365994e-06
low,59.93000000000001,-69.5608407269324,-69.56084126826974,-69.59638748083194,3.3307120113327804e-06
low,59.940000000000005,-69.5609676858551,-69.56096822612515,-69.59649648926,3.319628121374465e-06
low,59.95,-69.56109460047378,-69.56109513967988,-69.59660547279151,3.308581116207206e-06
low,59.96000000000001,-69.56122147081683,-69.56122200896226,-69.5967144314238,3.297570873086377e-06
low,59.970000000000006,-69.5613482969126,-69.56134883400067,-69.59682336515425,3.286597269675853e-06
low,59.980000000000004,-69.5614750787894,-69.5614756148234,-69.59693227398027,3.275660184046582e-06
low,59.99,-69.5616018164755,-69.5616023514587,-69.59704115789924,3.2647594946752787e-06
low,60.00000000000001,-69.56172850999917,-69.56172904393485,-69.59715001690861,3.253895080443043e-06
low,60.010000000000005,-69.56185515938863,-69.56185569228002,-69.5972588510058,3.2430668206340828e-06
low,60.02,-69.56198176467203,-69.56198229652239,-69.59736766018828,3.232274594934273e-06
low,60.03000000000001,-69.56210832587753,-69.56210885669007,-69.59747644445355,3.221518283429865e-06
low,60.040000000000006,-69.56223484303321,-69.56223537281117,-69.59758520379908,3.2107977666062172e-06
low,60.050000000000004,-69.56236131616716,-69.56236184491374,-69.59769393822238,3.200112925346337e-06
low,60.06,-69.56248774530738,-69.56248827302579,-69.597802647721,3.189463640929661e-06
low,60.07000000000001,-69.5626141304819,-69.56261465717532,-69.59791133229248,3.1788497950306802e-06
low,60.08,-69.56274047171866,-69.56274099739028,-69.59801999193438,3.1682712697176996e-06
low,60.09,-69.56286676904558,-69.56286729369856,-69.5981286266443,3.157727947451422e-06
low,60.10000000000001,-69.56299302249057,-69.56299354612808,-69.59823723641982,3.1472197110836976e-06
low,60.11000000000001,-69.56311923208146,-69.56311975470665,-69.59834582125858,3.1367464438562694e-06
low,60.120000000000005,-69.56324539784613,-69.56324591946212,-69.59845438115819,3.126308029399377e-06
low,60.13,-69.56337151981228,-69.56337204042221,-69.59856291611632,3.115904351730531e-06
low,60.14000000000001,-69.5634975980077,-69.56349811761469,-69.59867142613064,3.1055352952531942e-06
low,60.15,-69.56362363246011,-69.56362415106724,-69.5987799111988,3.095200744755543e-06
low,60.160000000000004,-69.56374962319717,-69.56375014080757,-69.59888837131855,3.0849005854091218e-06
low,60.17000000000001,-69.56387557024652,-69.56387608686326,-69.59899680648759,3.0746347027675936e-06
low,60.18000000000001,-69.5640014736358,-69.56400198926197,-69.59910521670368,3.0644029827655215e-06
low,60.190000000000005,-69.56412733339255,-69.5641278480312,-69.59921360196454,3.0542053117170073e-06
low,60.2,-69.56425314954433,-69.56425366319851,-69.59932196226796,3.04404157631449e-06
low,60.21000000000001,-69.5643789221186,-69.56437943479139,-69.59943029761173,3.0339116636274603e-06
low,60.220000000000006,-69.5645046511429,-69.56450516283729,-69.59953860799365,3.0238154611012503e-06
low,60.230000000000004,-69.5646303366446,-69.56463084736366,-69.59964689341153,3.013752856555717e-06
low,60.24,-69.56475597865114,-69.56475648839786,-69.59975515386323,3.00372373818404e-06
low,60.25000000000001,-69.56488157718988,-69.56488208596726,-69.59986338934658,2.993727994551452e-06
low,60.260000000000005,-69.56500713228812,-69.56500764009917,-69.59997159985947,2.9837655145940634e-06
low,60.27,-69.56513264397319,-69.56513315082088,-69.60007978539981,2.973836187617534e-06
low,60.28000000000001,-69.56525811227232,-69.56525861815965,-69.60018794596547,2.9639399032958963e-06
low,60.290000000000006,-69.56538353721277,-69.5653840421427,-69.60029608155436,2.954076551670354e-06
low,60.300000000000004,-69.5655089188217,-69.56550942279719,-69.60040419216448,2.944246023148e-06
low,60.31,-69.5656342571263,-69.56563476015029,-69.60051227779373,2.934448208500638e-06
low,60.32000000000001,-69.56575955215368,-69.5657600542291,-69.6006203384401,2.924682998863545e-06
low,60.33,-69.56588480393091,-69.5658853050607,-69.60072837410158,2.914950285734322e-06
low,60.34,-69.56601001248508,-69.56601051267216,-69.60083638477619,2.905249960971596e-06
low,60.35000000000001,-69.5661351778432,-69.56613567709047,-69.60094437046192,2.8955819167938714e-06
low,60.36000000000001,-69.56626030003225,-69.56626079834263,-69.60105233115684,2.8859460457783558e-06
low,60.370000000000005,-69.5663853790792,-69.56638587645554,-69.60116026685897,2.876342240859706e-06
low,60.38,-69.56651041501095,-69.56651091145616,-69.60126817756641,2.866770395328881e-06
low,60.39000000000001,-69.5666354078544,-69.56663590337135,-69.60137606327724,2.8572304028319256e-06
low,60.400000000000006,-69.5667603576364,-69.56676085222794,-69.60148392398956,2.847722157368857e-06
low,60.410000000000004,-69.56688526438379,-69.56688575805276,-69.60159175970148,2.8382455532923904e-06
low,60.42,-69.56701012812331,-69.5670106208726,-69.60169957041114,2.828800485306827e-06
low,60.43000000000001,-69.56713494888176,-69.56713544071415,-69.6018073561167,2.8193868484668598e-06
low,60.440000000000005,-69.56725972668582,-69.56726021760416,-69.6019151168163,2.810004538176448e-06
low,60.45,-69.56738446156218,-69.5673849515693,-69.60202285250817,2.8006534501875907e-06
low,60.46000000000001,-69.56750915353753,-69.5675096426362,-69.6021305631905,2.7913334805992014e-06
low,60.470000000000006,-69.56763380263844,-69.56763429083148,-69.60223824886148,2.7820445258559952e-06
low,60.480000000000004,-69.56775840889154,-69.5677588961817,-69.60234590951936,2.7727864827472536e-06
low,60.49,-69.56788297232332,-69.56788345871342,-69.60245354516238,2.763559248405736e-06
low,60.50000000000001,-69.56800749296035,-69.56800797845315,-69.6025611557888,2.7543627203065117e-06
low,60.510000000000005,-69.56813197082911,-69.56813245542736,-69.60266874139693,2.7451967962658597e-06
low,60.52,-69.56825640595605,-69.5682568896625,-69.60277630198502,2.7360613744400753e-06
low,60.53000000000001,-69.56838079836757,-69.56838128118497,-69.6028838375514,2.726956353324364e-06
low,60.540000000000006,-69.56850514809005,-69.56850563002114,-69.60299134809442,2.717881631751759e-06
low,60.550000000000004,-69.56862945514989,-69.56862993619737,-69.60309883361239,2.7088371088919127e-06
low,60.56,-69.56875371957335,-69.56875419973994,-69.6032062941037,2.6998226842500345e-06
low,60.57000000000001,-69.56887794138675,-69.56887842067516,-69.60331372956671,2.690838257665747e-06
low,60.580000000000005,-69.56900212061633,-69.56900259902926,-69.60342113999981,2.6818837293120163e-06
low,60.59,-69.56912625728835,-69.56912673482849,-69.60352852540142,2.6729589996939797e-06
low,60.60000000000001,-69.56925035142895,-69.56925082809897,-69.60363588576995,2.66406396964787e-06
low,60.61000000000001,-69.56937440306433,-69.56937487886691,-69.60374322110383,2.6551985403399556e-06
low,60.620000000000005,-69.56949841222058,-69.56949888715839,-69.60385053140152,2.6463626132653627e-06
low,60.63,-69.56962237892384,-69.56962285299949,-69.60395781666148,2.6375560902470318e-06
low,60.64000000000001,-69.56974630320012,-69.56974677641628,-69.60406507688222,2.628778873434603e-06
low,60.650000000000006,-69.56987018507546,-69.56987065743476,-69.60417231206222,2.6200308653033872e-06
low,60.660000000000004,-69.56999402457583,-69.56999449608092,-69.60427952219999,2.6113119686531802e-06
low,60.67,-69.57011782172724,-69.57011829238071,-69.60438670729405,2.602622086607268e-06
low,60.68000000000001,-69.5702415765556,-69.57024204636008,-69.604493867343,2.5939611226113035e-06
low,60.690000000000005,-69.57036528908681,-69.57036575804489,-69.60460100234535,2.58532898043229e-06
low,60.7,-69.57048895934673,-69.570489427461,-69.6047081122997,2.576725564157435e-06
low,60.71000000000001,-69.57061258736118,-69.57061305463424,-69.60481519720463,2.568150778193122e-06
low,60.720000000000006,-69.57073617315598,-69.5707366395904,-69.60492225705876,2.5596045272638906e-06
low,60.730000000000004,-69.57085971675693,-69.57086018235525,-69.60502929186072,2.551086716411296e-06
low,60.74,-69.5709832181897,-69.57098368295449,-69.60513630160911,2.542597250992907e-06
low,60.75000000000001,-69.57110667748,-69.57110714141383,-69.60524328630261,2.5341360366812333e-06
low,60.76,-69.57123009465359,-69.57123055775898,-69.60535024593989,2.525702979462715e-06
low,60.77,-69.57135346973602,-69.57135393201553,-69.60545718051964,2.517297985636619e-06
low,60.78000000000001,-69.57147680275295,-69.57147726420908,-69.60556409004053,2.508920961814027e-06
low,60.790000000000006,-69.57160009372996,-69.5716005543652,-69.60567097450128,2.5005718149168355e-06
low,60.800000000000004,-69.57172334269255,-69.57172380250945,-69.60577783390063,2.4922504521766467e-06
low,60.81,-69.57184654966626,-69.57184700866732,-69.60588466823734,2.4839567811337894e-06
low,60.82000000000001,-69.57196971467661,-69.5719701728643,-69.60599147751013,2.475690709636269e-06
low,60.830000000000005,-69.57209283774901,-69.57209329512582,-69.6060982617178,2.4674521458387786e-06
low,60.84,-69.57221591890887,-69.57221637547731,-69.60620502085914,2.4592409982016277e-06
low,60.85000000000001,-69.57233895818165,-69.57233941394414,-69.60631175493295,2.451057175489744e-06
low,60.86000000000001,-69.57246195559264,-69.57246241055167,-69.60641846393801,2.442900586771707e-06
low,60.870000000000005,-69.57258491116718,-69.5725853653252,-69.6065251478732,2.4347711414186556e-06
low,60.88,-69.57270782493059,-69.57270827829001,-69.60663180673735,2.426668749103336e-06
low,60.89000000000001,-69.57283069690811,-69.5728311494714,-69.60673844052934,2.418593319799074e-06
low,60.900000000000006,-69.57295352712501,-69.57295397889457,-69.60684504924802,2.410544763778813e-06
low,60.910000000000004,-69.57307631560644,-69.5730767665847,-69.60695163289229,2.4025229916140594e-06
low,60.92,-69.57319906237761,-69.57319951256697,-69.60705819146106,2.394527914173931e-06
low,60.93000000000001,-69.57332176746363,-69.57332221686653,-69.60716472495326,2.3865594426241377e-06
low,60.940000000000005,-69.57344443088964,-69.57344487950846,-69.60727123336781,2.37861748842605e-06
low,60.95,-69.57356705268072,-69.57356750051783,-69.60737771670365,2.370701963335639e-06
low,60.96000000000001,-69.5736896328619,-69.57369007991969,-69.60748417495978,2.3628127794025346e-06
low,60.970000000000006,-69.5738121714582,-69.57381261773905,-69.60759060813515,2.354949848969075e-06
low,60.980000000000004,-69.57393466849463,-69.57393511400088,-69.60769701622877,2.347113084669276e-06
low,60.99,-69.5740571239961,-69.57405756873013,-69.60780339923964,2.339302399427898e-06
low,61.00000000000001,-69.57417953798758,-69.57417998195173,-69.60790975716677,2.3315177064594575e-06
low,61.010000000000005,-69.57430191049392,-69.57430235369054,-69.60801609000922,2.32375891926731e-06
low,61.02,-69.57442424154003,-69.57442468397144,-69.60812239776604,2.3160259516426165e-06
low,61.03000000000001,-69.57454653115072,-69.57454697281925,-69.60822868043628,2.3083187176634276e-06
low,61.040000000000006,-69.57466877935077,-69.57466922025874,-69.60833493801904,2.3006371316937473e-06
low,61.050000000000004,-69.57479098616501,-69.57479142631473,-69.6084411705134,2.292981108382532e-06
low,61.06,-69.57491315161813,-69.5749135910119,-69.60854737791847,2.285350562662778e-06
low,61.07000000000001,-69.57503527573489,-69.575035714375,-69.60865356023336,2.277745409750553e-06
low,61.080000000000005,-69.57515735853993,-69.57515779642868,-69.60875971745723,2.270165565144105e-06
low,61.09,-69.57527940005792,-69.5752798371976,-69.60886584958924,2.2626109446228475e-06
low,61.1,-69.5754014003135,-69.57540183670635,-69.60897195662854,2.2550814642464746e-06
low,61.11000000000001,-69.57552335933124,-69.57552379497956,-69.60907803857428,2.247577040354008e-06
low,61.120000000000005,-69.57564527713572,-69.57564571204173,-69.60918409542572,2.2400975895628987e-06
low,61.13,-69.57576715375146,-69.57576758791743,-69.609290127182,2.2326430287680533e-06
low,61.14000000000001,-69.57588898920294,-69.5758894226311,-69.60939613384238,2.2252132751409296e-06
low,61.150000000000006,-69.57601078351465,-69.57601121620726,-69.6095021154061,2.2178082461286565e-06
low,61.160000000000004,-69.57613253671104,-69.57613296867032,-69.6096080718724,2.210427859453046e-06
low,61.17,-69.57625424881653,-69.57625468004468,-69.60971400324053,2.2030720331097274e-06
low,61.18000000000001,-69.57637591985547,-69.57637635035474,-69.60981990950978,2.195740685367211e-06
low,61.190000000000005,-69.57649754985225,-69.57649797962483,-69.60992579067944,2.1884337347660183e-06
low,61.2,-69.57661913883116,-69.57661956787925,-69.61003164674881,2.1811511001177275e-06
low,61.21000000000001,-69.57674068681654,-69.57674111514231,-69.61013747771722,2.173892700504088e-06
low,61.220000000000006,-69.5768621938326,-69.57686262143825,-69.610243283584,2.1666584552761646e-06
low,61.230000000000004,-69.5769836599036,-69.57698408679133,-69.61034906434848,2.1594482840533676e-06
low,61.24,-69.57710508505376,-69.57710551122571,-69.61045482001005,2.1522621067226103e-06
low,61.25000000000001,-69.57722646930723,-69.57722689476559,-69.61056055056807,2.1450998434373925e-06
low,61.260000000000005,-69.57734781268817,-69.57734823743509,-69.61066625602191,2.1379614146169637e-06
low,61.27,-69.57746911522071,-69.57746953925832,-69.610771936371,2.1308467409453554e-06
low,61.28000000000001,-69.57759037692892,-69.57759080025937,-69.61087759161474,2.1237557433705574e-06
low,61.290000000000006,-69.57771159783685,-69.57771202046229,-69.61098322175256,2.1166883431036575e-06
low,61.300000000000004,-69.57783277796857,-69.57783319989109,-69.61108882678391,2.109644461617902e-06
low,61.31,-69.57795391734803,-69.5779543385698,-69.61119440670824,2.1026240206478687e-06
low,61.32000000000001,-69.57807501599926,-69.57807543652235,-69.61129996152502,2.095626942188575e-06
low,61.330000000000005,-69.57819607394613,-69.57819649377268,-69.61140549123374,2.0886531484946536e-06
low,61.34,-69.57831709121263,-69.57831751034472,-69.61151099583388,2.0817025620794264e-06
low,61.35,-69.57843806782259,-69.57843848626231,-69.61161647532496,2.0747751057140837e-06
low,61.36000000000001,-69.5785590037999,-69.57855942154934,-69.6117219297065,2.0678707024268093e-06
low,61.370000000000005,-69.57867989916834,-69.57868031622962,-69.61182735897806,2.060989275501954e-06
low,61.38,-69.57880075395175,-69.57880117032691,-69.61193276313915,2.0541307484791417e-06
low,61.39000000000001,-69.57892156817391,-69.578921983865,-69.61203814218936,2.0472950451524346e-06
low,61.400000000000006,-69.57904234185852,-69.57904275686764,-69.61214349612827,2.0404820895695245e-06
low,61.410000000000004,-69.57916307502934,-69.57916348935849,-69.61224882495546,2.033691806030825e-06
low,61.42,-69.57928376771,-69.57928418136126,-69.61235412867052,2.0269241190886708e-06
low,61.43000000000001,-69.57940441992417,-69.5794048328996,-69.61245940727309,2.0201789535464632e-06
low,61.44000000000001,-69.57952503169551,-69.57952544399711,-69.6125646607628,2.0134562344578642e-06
low,61.45,-69.57964560304762,-69.57964601467741,-69.61266988913927,2.0067558871259175e-06
low,61.46000000000001,-69.57976613400402,-69.57976654496403,-69.61277509240217,2.0000778371022408e-06
low,61.470000000000006,-69.5798866245883,-69.57988703488054,-69.61288027055117,1.993422010186231e-06
low,61.480000000000004,-69.58000707482394,-69.58000748445042,-69.61298542358594,1.986788332424176e-06
low,61.49,-69.58012748473443,-69.58012789369717,-69.6130905515062,1.980176730108477e-06
low,61.50000000000001,-69.58024785434326,-69.58024826264422,-69.61319565431164,1.973587129776811e-06
low,61.510000000000005,-69.58036818367381,-69.580368591315,-69.61330073200197,1.967019458211343e-06
low,61.52,-69.58048847274955,-69.58048887973291,-69.61340578457697,1.960473642437869e-06
low,61.53000000000001,-69.58060872159373,-69.58060912792129,-69.61351081203632,1.9539496097250266e-06
low,61.540000000000006,-69.58072893022982,-69.58072933590351,-69.61361581437986,1.947447287583516e-06
low,61.550000000000004,-69.58084909868104,-69.58084950370284,-69.61372079160729,1.940966603765235e-06
low,61.56,-69.58096922697077,-69.58096963134261,-69.61382574371845,1.934507486262522e-06
low,61.57000000000001,-69.58108931512221,-69.58108971884604,-69.6139306707131,1.9280698633073284e-06
low,61.580000000000005,-69.5812093631586,-69.58120976623638,-69.61403557259108,1.921653663370459e-06
low,61.59,-69.58132937110317,-69.58132977353682,-69.6141404493522,1.9152588151607308e-06
low,61.6,-69.58144933897907,-69.58144974077054,-69.6142453009963,1.9088852476242087e-06
low,61.61000000000001,-69.58156926680947,-69.58156966796065,-69.61435012752324,1.9025328899433996e-06
low,61.620000000000005,-69.58168915461748,-69.5816895551303,-69.61445492893286,1.896201671536507e-06
low,61.63,-69.58180900242617,-69.58180940230255,-69.61455970522505,1.8898915220565842e-06
low,61.64000000000001,-69.58192881025866,-69.58192920950049,-69.61466445639971,1.8836023713907874e-06
low,61.650000000000006,-69.58204857813793,-69.58204897674712,-69.61476918245673,1.8773341496596137e-06
low,61.660000000000004,-69.58216830608706,-69.58216870406548,-69.614873883396,1.8710867872160838e-06
low,61.67,-69.58228799412898,-69.58228839147854,-69.61497855921749,1.8648602146449953e-06
low,61.68000000000001,-69.58240764228664,-69.58240803900921,-69.6150832099211,1.8586543627621337e-06
low,61.690000000000005,-69.58252725058301,-69.58252764668046,-69.6151878355068,1.852469162613546e-06
low,61.7,-69.582646819041,-69.58264721451518,-69.61529243597455,1.8463045454747125e-06
low,61.71000000000001,-69.58276634768343,-69.58276674253622,-69.61539701132432,1.8401604428498166e-06
low,61.720000000000006,-69.58288583653317,-69.58288623076642,-69.61550156155612,1.834036786471002e-06
low,61.730000000000004,-69.58300528561305,-69.5830056792286,-69.61560608666993,1.8279335082975725e-06
low,61.74,-69.58312469494587,-69.58312508794556,-69.61571058666577,1.8218505405152635e-06
low,61.75000000000001,-69.58324406455436,-69.58324445694005,-69.61581506154367,1.8157878155354711e-06
low,61.760000000000005,-69.5833633944613,-69.58336378623481,-69.61591951130366,1.8097452659945425e-06
low,61.77,-69.58348268468937,-69.58348307585253,-69.6160239359458,1.8037228247529657e-06
low,61.78000000000001,-69.58360193526129,-69.58360232581589,-69.61612833547015,1.7977204248946586e-06
low,61.790000000000006,-69.5837211461997,-69.58372153614756,-69.61623270987678,1.791737999726241e-06
low,61.800000000000004,-69.5838403175272,-69.58384070687015,-69.61633705916579,1.7857754827762535e-06
low,61.81,-69.58395944926644,-69.58395983800627,-69.61644138333726,1.7798328077944472e-06
low,61.82000000000001,-69.58407854143998,-69.58407892957848,-69.61654568239132,1.773909908751029e-06
low,61.830000000000005,-69.58419759407036,-69.58419798160932,-69.6166499563281,1.7680067198359677e-06
low,61.84,-69.58431660718014,-69.58431699412134,-69.61675420514771,1.7621231754582047e-06
low,61.85,-69.58443558079179,-69.584435967137,-69.6168584288503,1.7562592102449648e-06
low,61.86000000000001,-69.58455451492777,-69.58455490067877,-69.61696262743607,1.750414759041009e-06
low,61.87000000000001,-69.58467340961056,-69.5846737947691,-69.61706680090515,1.744589756907952e-06
low,61.88,-69.58479226486254,-69.5847926494304,-69.61717094925775,1.738784139123473e-06
low,61.89000000000001,-69.5849110807061,-69.58491146468502,-69.61727507249404,1.7329978411806413e-06
low,61.900000000000006,-69.58502985716363,-69.58503024055537,-69.61737917061427,1.7272307987872168e-06
low,61.910000000000004,-69.58514859425748,-69.58514897706377,-69.61748324361862,1.721482947864882e-06
low,61.92,-69.5852672920099,-69.5852676742325,-69.61758729150733,1.7157542245485677e-06
low,61.93000000000001,-69.58538595044325,-69.58538633208386,-69.61769131428068,1.7100445651857242e-06
low,61.940000000000005,-69.58550456957974,-69.58550495064009,-69.61779531193889,1.7043539063356514e-06
low,61.95,-69.5856231494416,-69.58562352992342,-69.61789928448225,1.6986821847687393e-06
low,61.96000000000001,-69.58574169005108,-69.58574206995607,-69.61800323191103,1.693029337465795e-06
low,61.970000000000006,-69.58586019143033,-69.58586057076022,-69.61810715422553,1.6873953016173574e-06
low,61.980000000000004,-69.5859786536015,-69.58597903235798,-69.61821105142602,1.6817800146229644e-06
low,61.99,-69.58609707658675,-69.5860974547715,-69.61831492351286,1.6761834140904806e-06
low,62.00000000000001,-69.58621546040816,-69.5862158380229,-69.61841877048634,1.670605437835389e-06
low,62.010000000000005,-69.58633380508778,-69.5863341821342,-69.61852259234684,1.6650460238801366e-06
low,62.02,-69.58645211064773,-69.58645248712747,-69.61862638909467,1.6595051104533905e-06
low,62.03,-69.58657037710994,-69.58657075302473,-69.61873016073024,1.6539826359893895e-06
low,62.040000000000006,-69.58668860449649,-69.58668897984796,-69.61883390725389,1.6484785391272431e-06
low,62.05000000000001,-69.58680679282934,-69.58680716761916,-69.61893762866602,1.6429927587102746e-06
low,62.06,-69.58692494213038,-69.58692531636022,-69.619041324967,1.637525233785306e-06
low,62.07000000000001,-69.58704305242159,-69.5870434260931,-69.61914499615727,1.6320759036019958e-06
low,62.080000000000005,-69.58716112372488,-69.58716149683968,-69.61924864223725,1.6266447076121917e-06
low,62.09,-69.58727915606205,-69.58727952862183,-69.61935226320736,1.6212315854692075e-06
low,62.1,-69.58739714945503,-69.58739752146138,-69.61945585906807,1.615836477027185e-06
low,62.11000000000001,-69.58751510392555,-69.58751547538014,-69.61955942981979,1.6104593223404148e-06
low,62.12000000000001,-69.58763301949546,-69.58763339039989,-69.61966297546302,1.6051000616626891e-06
low,62.13,-69.5877508961865,-69.58775126654241,-69.61976649599822,1.5997586354466065e-06
low,62.14000000000001,-69.58786873402045,-69.58786910382945,-69.61986999142589,1.594434984342923e-06
low,62.150000000000006,-69.58798653301899,-69.58798690228268,-69.61997346174653,1.5891290491999222e-06
low,62.160000000000004,-69.58810429320383,-69.58810466192382,-69.62007690696065,1.5838407710627062e-06
low,62.17,-69.58822201459662,-69.58822238277452,-69.62018032706878,1.5785700911725743e-06
low,62.18000000000001,-69.58833969721901,-69.58834006485641,-69.62028372207145,1.573316950966357e-06
low,62.190000000000005,-69.58845734109264,-69.58845770819111,-69.62038709196922,1.5680812920757868e-06
low,62.2,-69.58857494623906,-69.5885753128002,-69.62049043676262,1.5628630563268166e-06
low,62.21000000000001,-69.58869251267984,-69.58869287870525,-69.62059375645224,1.5576621857389872e-06
low,62.220000000000006,-69.58881004043657,-69.58881040592777,-69.62069705103866,1.552478622524811e-06
low,62.230000000000004,-69.58892752953071,-69.58892789448932,-69.62080032052246,1.547312309089079e-06
low,62.24,-69.58904497998375,-69.58904534441132,-69.62090356490427,1.5421631880282559e-06
low,62.25000000000001,-69.5891623918172,-69.58916275571528,-69.62100678418467,1.5370312021298266e-06
low,62.260000000000005,-69.58927976505245,-69.58928012842262,-69.6211099783643,1.5319162943716845e-06
low,62.27,-69.589397099711,-69.58939746255474,-69.62121314744381,1.526818407921462e-06
low,62.28,-69.5895143958141,-69.58951475813303,-69.62131629142382,1.5217374861359247e-06
low,62.290000000000006,-69.58963165338324,-69.58963201517885,-69.62141941030501,1.5166734725603254e-06
low,62.30000000000001,-69.58974887243971,-69.58974923371356,-69.62152250408805,1.5116263109278105e-06
low,62.31,-69.58986605300481,-69.58986641375841,-69.62162557277361,1.5065959451587468e-06
low,62.32000000000001,-69.58998319509989,-69.58998355533477,-69.62172861636239,1.5015823193601238e-06
low,62.330000000000005,-69.59010029874615,-69.59010065846384,-69.62183163485507,1.4965853778249474e-06
low,62.34,-69.59021736396488,-69.59021772316689,-69.62193462825239,1.491605065031588e-06
low,62.35,-69.59033439077727,-69.59033474946509,-69.62203759655506,1.4866413256431864e-06
low,62.36000000000001,-69.59045137920452,-69.59045173737967,-69.62214053976383,1.4816941045070226e-06
low,62.370000000000005,-69.59056832926781,-69.59056868693177,-69.62224345787943,1.4767633466539387e-06
low,62.38,-69.59068524098828,-69.59068559814256,-69.62234635090263,1.471848997297677e-06
low,62.39000000000001,-69.59080211438705,-69.59080247103314,-69.62244921883419,1.4669510018343007e-06
low,62.400000000000006,-69.5909189494852,-69.59091930562458,-69.6225520616749,1.4620693058415972e-06
low,62.410000000000004,-69.59103574630382,-69.59103610193797,-69.62265487942553,1.4572038550784453e-06
low,62.42,-69.59115250486393,-69.59115285999432,-69.62275767208689,1.4523545954842303e-06
low,62.43000000000001,-69.5912692251866,-69.59126957981468,-69.6228604396598,1.4475214731782329e-06
low,62.440000000000005,-69.59138590729276,-69.59138626142003,-69.62296318214509,1.442704434459059e-06
low,62.45,-69.59150255120343,-69.59150290483133,-69.62306589954356,1.4379034258040004e-06
low,62.46000000000001,-69.59161915693956,-69.59161951006955,-69.62316859185607,1.4331183938684578e-06
low,62.470000000000006,-69.59173572452204,-69.59173607715557,-69.6232712590835,1.4283492854853769e-06
low,62.48000000000001,-69.59185225397181,-69.59185260611034,-69.62337390122667,1.4235960476646098e-06
low,62.49,-69.59196874530974,-69.5919690969547,-69.62347651828647,1.4188586275923494e-06
low,62.5,-69.59208519855669,-69.5920855497095,-69.6235791102638,1.4141369726305483e-06
low,62.51000000000001,-69.59220161373345,-69.59220196439556,-69.62368167715955,1.4094310303163176e-06
low,62.52,-69.59231799086085,-69.59231834103369,-69.62378421897463,1.404740748361376e-06
low,62.53,-69.59243432995969,-69.59243467964467,-69.62388673570996,1.400066074651424e-06
low,62.54,-69.5925506310507,-69.59255098024924,-69.62398922736645,1.395406957245594e-06
low,62.55000000000001,-69.59266689415463,-69.59266724286815,-69.62409169394505,1.3907633443758602e-06
low,62.56,-69.59278311929218,-69.59278346752207,-69.62419413544673,1.3861351844464904e-06
low,62.57,-69.59289930648403,-69.59289965423172,-69.62429655187239,1.3815224260334308e-06
low,62.58000000000001,-69.59301545575084,-69.59301580301772,-69.62439894322307,1.3769250178837574e-06
low,62.59,-69.59313156711329,-69.59313191390073,-69.6245013094997,1.3723429089151204e-06
low,62.6,-69.59324764059195,-69.59324798690136,-69.62460365070332,1.3677760482151457e-06
low,62.61,-69.59336367620743,-69.59336402204019,-69.62470596683488,1.3632243850408894e-06
low,62.62000000000001,-69.5934796739803,-69.59348001933779,-69.62480825789542,1.3586878688182625e-06
low,62.63,-69.5935956339311,-69.5935959788147,-69.62491052388596,1.354166449141497e-06
low,62.64,-69.59371155608035,-69.59371190049143,-69.62501276480752,1.3496600757725424e-06
low,62.65000000000001,-69.59382744044854,-69.59382778438848,-69.62511498066115,1.3451686986405325e-06
low,62.66000000000001,-69.59394328705615,-69.5939436305263,-69.62521717144791,1.3406922678412404e-06
low,62.67,-69.59405909592361,-69.59405943892536,-69.62531933716885,1.3362307336364955e-06
low,62.68,-69.59417486707142,-69.59417520960606,-69.62542147782506,1.3317840464536489e-06
low,62.69000000000001,-69.5942906005199,-69.59429094258883,-69.6255235934176,1.3273521568850133e-06
low,62.7,-69.59440629628946,-69.59440663789401,-69.62562568394758,1.3229350156873392e-06
low,62.71,-69.59452195440046,-69.59452229554199,-69.6257277494161,1.3185325737812274e-06
low,62.72000000000001,-69.59463757487326,-69.59463791555306,-69.62582978982428,1.3141447822506073e-06
low,62.73000000000001,-69.59475315772815,-69.59475349794758,-69.62593180517322,1.3097715923422034e-06
low,62.74,-69.5948687029854,-69.5948690427458,-69.62603379546408,1.3054129554649672e-06
low,62.75,-69.59498421066529,-69.59498454996798,-69.62613576069799,1.3010688231895552e-06
low,62.76000000000001,-69.59509968078807,-69.59510001963434,-69.62623770087613,1.2967391472477794e-06
low,62.77,-69.59521511337392,-69.59521545176513,-69.62633961599963,1.292423879532099e-06
low,62.78,-69.5953305084431,-69.59533084638053,-69.62644150606967,1.288122972095043e-06
low,62.79,-69.59544586601577,-69.59544620350073,-69.62654337108745,1.2838363771487068e-06
low,62.80000000000001,-69.59556118611204,-69.59556152314583,-69.62664521105417,1.2795640470642097e-06
low,62.81,-69.59567646875207,-69.59567680533598,-69.626747025971,1.2753059343711817e-06
low,62.82,-69.59579171395595,-69.59579205009129,-69.6268488158392,1.271061991757212e-06
low,62.83000000000001,-69.59590692174376,-69.59590725743182,-69.62695058065994,1.2668321720673314e-06
low,62.84,-69.59602209213558,-69.59602242737765,-69.62705232043449,1.2626164283035138e-06
low,62.85,-69.59613722515141,-69.59613755994876,-69.6271540351641,1.258414713624112e-06
low,62.86,-69.59625232081129,-69.59625265516519,-69.62725572484999,1.2542269813433636e-06
low,62.87000000000001,-69.59636737913522,-69.59636771304694,-69.62735738949344,1.2500531849308626e-06
low,62.88,-69.59648240014313,-69.59648273361397,-69.62745902909573,1.2458932780110593e-06
low,62.89,-69.59659738385503,-69.59659771688621,-69.62756064365813,1.2417472143627182e-06
low,62.90000000000001,-69.59671233029079,-69.59671266288359,-69.62766223318195,1.2376149479184166e-06
low,62.91000000000001,-69.59682723947031,-69.59682757162601,-69.62776379766849,1.2334964327640533e-06
low,62.92,-69.59694211141351,-69.59694244313333,-69.62786533711905,1.2293916231382998e-06
low,62.93,-69.59705694614021,-69.5970572774254,-69.62796685153495,1.2253004734321184e-06
low,62.94000000000001,-69.59717174367024,-69.59717207452206,-69.62806834091754,1.2212229381882432e-06
low,62.95,-69.59728650402344,-69.59728683444314,-69.62816980526813,1.217158972100694e-06
low,62.96,-69.59740122721959,-69.59740155720839,-69.62827124458809,1.213108530014246e-06
low,62.97000000000001,-69.59751591327844,-69.59751624283756,-69.62837265887877,1.2090715669239384e-06
low,62.98000000000001,-69.59763056221976,-69.59763089135043,-69.62847404814156,1.2050480379745984e-06
low,62.99,-69.59774517406325,-69.5977455027667,-69.62857541237783,1.2010378984602998e-06
low,63.0,-69.59785974882863,-69.59786007710606,-69.62867675158896,1.197041103823896e-06
low,63.01000000000001,-69.59797428653553,-69.59797461438822,-69.62877806577634,1.1930576096565125e-06
low,63.02,-69.5980887872037,-69.59808911463278,-69.62887935494142,1.1890873716970704e-06
low,63.03,-69.59820325085268,-69.59820357785941,-69.62898061908558,1.1851303458317694e-06
low,63.04,-69.59831767750214,-69.5983180040877,-69.62908185821026,1.1811864880936144e-06
low,63.05000000000001,-69.59843206717163,-69.59843239333723,-69.62918307231689,1.177255754661918e-06
low,63.06,-69.59854641988075,-69.5985467456276,-69.62928426140692,1.1733381018618354e-06
low,63.07,-69.59866073564903,-69.59866106097832,-69.6293854254818,1.1694334861638449e-06
low,63.08000000000001,-69.598775014496,-69.59877533940889,-69.629486564543,1.1655418641832832e-06
low,63.09000000000001,-69.59888925644115,-69.59888958093885,-69.62958767859199,1.1616631926798745e-06
low,63.1,-69.599003461504,-69.59900378558767,-69.62968876763026,1.1577974285572248e-06
low,63.11,-69.59911762970397,-69.5991179533748,-69.6297898316593,1.1539445288623594e-06
low,63.12000000000001,-69.59923176106051,-69.59923208431965,-69.6298908706806,1.150104450785236e-06
low,63.13,-69.59934585559301,-69.59934617844168,-69.62999188469568,1.146277151658293e-06
low,63.14,-69.5994599133209,-69.59946023576023,-69.63009287370608,1.1424625889559392e-06
low,63.15000000000001,-69.59957393426353,-69.59957425629469,-69.63019383771329,1.1386607202940994e-06
low,63.16000000000001,-69.59968791844028,-69.59968824006442,-69.63029477671888,1.134871503429761e-06
low,63.17,-69.59980186587045,-69.59980218708874,-69.6303956907244,1.1310948962604698e-06
low,63.18,-69.59991577657335,-69.59991609738692,-69.63049657973136,1.1273308568238872e-06
low,63.19000000000001,-69.60002965056829,-69.6000299709783,-69.63059744374138,1.1235793432973035e-06
low,63.2,-69.60014348787448,-69.60014380788208,-69.63069828275601,1.119840313997211e-06
low,63.21,-69.60025728851122,-69.60025760811752,-69.63079909677685,1.116113727378795e-06
low,63.22,-69.60037105249768,-69.60037137170384,-69.63089988580549,1.112399542035499e-06
low,63.23000000000001,-69.60048477985313,-69.60048509866026,-69.63100064984353,1.1086977166985532e-06
low,63.24,-69.60059847059668,-69.60059878900593,-69.63110138889257,1.1050082102365385e-06
low,63.25,-69.60071212474752,-69.60071244276,-69.63120210295425,1.1013309816548947e-06
low,63.26000000000001,-69.60082574232477,-69.60082605994162,-69.63130279203018,1.0976659900954851e-06
low,63.27000000000001,-69.60093932334759,-69.6009396405699,-69.63140345612202,1.0940131948361511e-06
low,63.28,-69.60105286783502,-69.60105318466394,-69.63150409523139,1.090372555290237e-06
low,63.29,-69.60116637580616,-69.60116669224277,-69.63160470935998,1.0867440310061548e-06
low,63.30000000000001,-69.60127984728007,-69.60128016332547,-69.63170529850944,1.0831275816669256e-06
low,63.31,-69.60139328227574,-69.60139359793105,-69.63180586268145,1.079523167089753e-06
low,63.32,-69.60150668081222,-69.60150699607853,-69.63190640187767,1.0759307472255428e-06
low,63.33000000000001,-69.60162004290845,-69.60162035778689,-69.63200691609983,1.0723502821584783e-06
low,63.34000000000001,-69.60173336858347,-69.60173368307508,-69.6321074053496,1.0687817321055855e-06
low,63.35,-69.60184665785619,-69.60184697196208,-69.6322078696287,1.065225057416267e-06
low,63.36,-69.6019599107455,-69.60196022446677,-69.63230830893886,1.0616802185718791e-06
low,63.37000000000001,-69.60207312727037,-69.60207344060808,-69.6324087232818,1.058147176185281e-06
low,63.38,-69.60218630744966,-69.60218662040488,-69.63250911265926,1.0546258910004216e-06
low,63.39,-69.60229945130222,-69.60229976387602,-69.63260947707298,1.0511163238918677e-06
low,63.40000000000001,-69.60241255884686,-69.60241287104036,-69.63270981652472,1.0476184358643893e-06
low,63.41000000000001,-69.60252563010246,-69.6025259419167,-69.63281013101624,1.0441321880525357e-06
low,63.42,-69.6026386650878,-69.60263897652383,-69.63291042054931,1.0406575417201805e-06
low,63.43,-69.60275166382166,-69.60275197488056,-69.63301068512571,1.037194458260106e-06
low,63.44000000000001,-69.6028646263228,-69.60286493700559,-69.63311092474724,1.0337428991935665e-06
low,63.45,-69.60297755260997,-69.60297786291774,-69.6332111394157,1.030302826169881e-06
low,63.46,-69.60309044270186,-69.60309075263564,-69.63331132913288,1.0268742009659749e-06
low,63.47,-69.6032032966172,-69.60320360617804,-69.6334114939006,1.0234569854859775e-06
low,63.48000000000001,-69.60331611437464,-69.60331642356358,-69.63351163372067,1.0200511417607888e-06
low,63.49,-69.60342889599283,-69.60342920481094,-69.63361174859494,1.0166566319476734e-06
low,63.5,-69.60354164149042,-69.60354194993872,-69.63371183852527,1.0132734183298167e-06
low,63.51000000000001,-69.60365435088603,-69.60365465896555,-69.63381190351349,1.0099014633159166e-06
low,63.52000000000001,-69.60376702419826,-69.60376733191002,-69.63391194356144,1.0065407294397817e-06
low,63.53,-69.60387966144569,-69.60387996879072,-69.63401195867101,1.0031911793598849e-06
low,63.54,-69.60399226264686,-69.60399256962619,-69.63411194884407,9.998527758589685e-07
low,63.55000000000001,-69.60410482782028,-69.60410513443493,-69.6342119140825,9.965254818436223e-07
low,63.56,-69.60421735698452,-69.6042176632355,-69.63431185438819,9.932092603438858e-07
low,63.57,-69.60432985015802,-69.60433015604634,-69.63441176976305,9.89904074512816e-07
low,63.58000000000001,-69.60444230735928,-69.60444261288596,-69.63451166020899,9.866098876260865e-07
low,63.59000000000001,-69.60455472860677,-69.60455503377281,-69.63461152572789,9.833266630815968e-07
low,63.6,-69.6046671139189,-69.60466741872531,-69.63471136632172,9.800543643990362e-07
low,63.61,-69.60477946331407,-69.60477976776185,-69.63481118199242,9.76792955219496e-07
low,63.62000000000001,-69.60489177681072,-69.60489208090085,-69.63491097274189,9.735423993050596e-07
low,63.63,-69.60500405442717,-69.60500435816067,-69.63501073857212,9.703026605384122e-07
low,63.64,-69.60511629618178,-69.60511659955964,-69.63511047948505,9.670737029224207e-07
low,63.65000000000001,-69.60522850209293,-69.60522880511611,-69.63521019548264,9.638554905797389e-07
low,63.66000000000001,-69.60534067217891,-69.60534097484842,-69.63530988656689,9.606479877524292e-07
low,63.67,-69.60545280645798,-69.60545310877478,-69.63540955273976,9.574511588015335e-07
low,63.68,-69.60556490494845,-69.60556520691352,-69.63550919400325,9.542649682066969e-07
low,63.69000000000001,-69.60567696766854,-69.60567726928288,-69.63560881035934,9.510893805657655e-07
low,63.70000000000001,-69.60578899463654,-69.60578929590108,-69.63570840181008,9.479243605944068e-07
low,63.71,-69.60590098587062,-69.60590128678636,-69.63580796835745,9.447698731256955e-07
low,63.72,-69.60601294138898,-69.60601324195686,-69.63590751000352,9.416258831097388e-07
low,63.73000000000001,-69.6061248612098,-69.60612516143081,-69.63600702675028,9.384923556132772e-07
low,63.74,-69.60623674535124,-69.60623704522631,-69.63610651859979,9.353692558193161e-07
low,63.75,-69.6063485938314,-69.60634889336151,-69.63620598555408,9.322565490267093e-07
low,63.76000000000001,-69.60646040666843,-69.60646070585452,-69.63630542761523,9.291542006497889e-07
low,63.77000000000001,-69.60657218388044,-69.60657248272345,-69.63640484478529,9.260621762179954e-07
low,63.78,-69.60668392548547,-69.60668422398636,-69.63650423706636,9.229804413754651e-07
low,63.79,-69.60679563150158,-69.6067959296613,-69.6366036044605,9.199089618806697e-07
low,63.80000000000001,-69.60690730194683,-69.60690759976632,-69.6367029469698,9.168477036060193e-07
low,63.81,-69.60701893683924,-69.60701923431942,-69.63680226459635,9.137966325375131e-07
low,63.82,-69.60713053619679,-69.6071308333386,-69.63690155734228,9.107557147743254e-07
low,63.83000000000001,-69.60724210003745,-69.60724239684183,-69.63700082520968,9.077249165284445e-07
low,63.84000000000001,-69.60735362837919,-69.60735392484706,-69.6371000682007,9.04704204124313e-07
low,63.85,-69.60746512123997,-69.60746541737224,-69.63719928631743,9.016935439984242e-07
low,63.86,-69.60757657863768,-69.60757687443528,-69.63729847956203,8.986929026989674e-07
low,63.87000000000001,-69.60768800059022,-69.60768829605406,-69.63739764793664,8.957022468854497e-07
low,63.88000000000001,-69.60779938711548,-69.60779968224651,-69.63749679144343,8.92721543328338e-07
low,63.89,-69.60791073823133,-69.60791103303045,-69.63759591008454,8.897507589086701e-07
low,63.9,-69.60802205395562,-69.60802234842375,-69.63769500386216,8.867898606176992e-07
low,63.91000000000001,-69.60813333430617,-69.6081336284442,-69.63779407277845,8.838388155565204e-07
low,63.92,-69.60824457930076,-69.6082448731096,-69.6378931168356,8.808975909357235e-07
low,63.93,-69.60835578895723,-69.60835608243777,-69.6379921360358,8.779661540749996e-07
low,63.94000000000001,-69.60846696329328,-69.60846725644643,-69.63809113038126,8.750444724027949e-07
low,63.95000000000001,-69.60857810232672,-69.60857839515337,-69.63819009987417,8.721325134559558e-07
low,63.96,-69.60868920607524,-69.6086894985763,-69.63828904451675,8.6923024487935e-07
low,63.97,-69.60880027455659,-69.60880056673291,-69.63838796431124,8.663376344255188e-07
low,63.98000000000001,-69.60891130778839,-69.60891159964089,-69.63848685925984,8.634546499543119e-07
low,63.99,-69.60902230578839,-69.60902259731793,-69.63858572936482,8.605812594325477e-07
low,64.0,-69.6091332685742,-69.60913355978168,-69.63868457462843,8.577174309336311e-07
low,64.01,-69.60924419616346,-69.60924448704976,-69.63878339505291,8.548631326372127e-07
low,64.02000000000001,-69.60935508857378,-69.60935537913977,-69.63888219064054,8.520183328288437e-07
low,64.03,-69.60946594582278,-69.60946623606932,-69.63898096139356,8.491829998996052e-07
low,64.04,-69.609576767928,-69.60957705785599,-69.63907970731424,8.463571023457686e-07
low,64.05000000000001,-69.60968755490704,-69.60968784451732,-69.6391784284049,8.435406087684389e-07
low,64.06,-69.6097983067774,-69.60979859607086,-69.63927712466781,8.407334878732226e-07
low,64.07000000000001,-69.60990902355665,-69.60990931253411,-69.6393757961053,8.379357084698546e-07
low,64.08000000000001,-69.61001970526226,-69.61001999392461,-69.63947444271963,8.35147239471865e-07
low,64.09,-69.61013035191172,-69.6101306402598,-69.63957306451316,8.323680498962424e-07
low,64.10000000000001,-69.61024096352246,-69.61024125155714,-69.63967166148817,8.295981088630711e-07
low,64.11,-69.61035154011199,-69.61035182783412,-69.63977023364703,8.268373855951997e-07
low,64.12,-69.61046208169773,-69.61046236910813,-69.63986878099203,8.240858494178927e-07
low,64.13000000000001,-69.61057258829706,-69.6105728753966,-69.63996730352557,8.213434697585065e-07
low,64.14,-69.61068305992738,-69.6106833467169,-69.64006580124997,8.186102161461229e-07
low,64.15,-69.61079349660609,-69.61079378308642,-69.6401642741676,8.158860582112296e-07
low,64.16000000000001,-69.6109038983505,-69.61090418452248,-69.64026272228082,8.131709656853742e-07
low,64.17,-69.61101426517796,-69.61101455104243,-69.64036114559202,8.104649084008398e-07
low,64.18,-69.61112459710583,-69.6111248826636,-69.64045954410356,8.077678562902922e-07
low,64.19000000000001,-69.61123489415137,-69.6112351794033,-69.64055791781787,8.05079779386454e-07
low,64.2,-69.61134515633185,-69.61134544127874,-69.6406562667373,8.024006478217849e-07
low,64.21000000000001,-69.61145538366456,-69.61145566830724,-69.64075459086426,7.997304318281244e-07
low,64.22,-69.61156557616675,-69.61156586050605,-69.64085289020117,7.970691017363787e-07
low,64.23,-69.61167573385563,-69.61167601789235,-69.64095116475048,7.94416627976183e-07
low,64.24000000000001,-69.61178585674838,-69.61178614048337,-69.64104941451455,7.917729810755851e-07
low,64.25,-69.61189594486227,-69.61189622829629,-69.64114763949588,7.891381316607006e-07
low,64.26,-69.61200599821439,-69.6120062813483,-69.6412458396969,7.865120504553934e-07
low,64.27000000000001,-69.61211601682193,-69.6121162996565,-69.64134401512001,7.838947082809651e-07
low,64.28,-69.61222600070204,-69.61222628323809,-69.6414421657677,7.812860760558045e-07
low,64.29,-69.6123359498718,-69.61233623211014,-69.64154029164243,7.786861247950825e-07
low,64.30000000000001,-69.61244586434835,-69.61244614628977,-69.64163839274667,7.760948256104222e-07
low,64.31,-69.61255574414875,-69.61255602579404,-69.6417364690829,7.735121497095893e-07
low,64.32000000000001,-69.61266558929003,-69.61266587064001,-69.6418345206536,7.709380683961554e-07
low,64.33000000000001,-69.61277539978931,-69.61277568084475,-69.64193254746127,7.683725530691867e-07
low,64.34,-69.61288517566358,-69.61288545642526,-69.64203054950838,7.658155752229392e-07
low,64.35000000000001,-69.61299491692985,-69.61299519739856,-69.64212852679745,7.632671064465173e-07
low,64.36,-69.61310462360511,-69.61310490378166,-69.64222647933099,7.60727118423575e-07
low,64.37,-69.61321429570634,-69.61321457559148,-69.64232440711154,7.581955829319933e-07
low,64.38000000000001,-69.61332393325048,-69.61332421284501,-69.6424223101416,7.556724718435818e-07
low,64.39,-69.61343353625449,-69.61343381555918,-69.64252018842372,7.531577571237431e-07
low,64.4,-69.61354310473527,-69.61354338375091,-69.64261804196043,7.506514108311776e-07
low,64.41000000000001,-69.61365263870977,-69.6136529174371,-69.64271587075432,7.481534051175612e-07
low,64.42,-69.61376213819482,-69.61376241663463,-69.64281367480787,7.456637122272582e-07
low,64.43,-69.61387160320731,-69.61387188136037,-69.6429114541237,7.431823044969847e-07
low,64.44000000000001,-69.61398103376409,-69.61398131163115,-69.64300920870434,7.407091543555143e-07
low,64.45,-69.614090429882,-69.61409070746383,-69.64310693855238,7.382442343233833e-07
low,64.46000000000001,-69.61419979157786,-69.6142000688752,-69.64320464367043,7.357875170125622e-07
low,64.47,-69.61430911886845,-69.61430939588207,-69.64330232406103,7.333389751261666e-07
low,64.48,-69.61441841177056,-69.61441868850123,-69.64339997972681,7.308985814581477e-07
low,64.49000000000001,-69.61452767030093,-69.61452794674939,-69.64349761067038,7.284663088930005e-07
low,64.5,-69.61463689447635,-69.61463717064333,-69.64359521689433,7.260421304054466e-07
low,64.51,-69.61474608431351,-69.61474636019979,-69.64369279840128,7.236260190601408e-07
low,64.52000000000001,-69.61485523982914,-69.61485551543545,-69.64379035519383,7.212179480113841e-07
low,64.53,-69.61496436103991,-69.61496463636699,-69.64388788727466,7.188178905028031e-07
low,64.54,-69.61507344796252,-69.61507372301111,-69.64398539464638,7.164258198670673e-07
low,64.55000000000001,-69.6151825006136,-69.61518277538445,-69.64408287731163,7.140417095255872e-07
low,64.56,-69.61529151900982,-69.61529179350364,-69.64418033527309,7.11665532988228e-07
low,64.57000000000001,-69.61540050316779,-69.61540077738535,-69.64427776853339,7.092972638530017e-07
low,64.58,-69.61550945310414,-69.61550972704612,-69.64437517709518,7.069368758057819e-07
low,64.59,-69.61561836883543,-69.61561864250258,-69.64447256096116,7.045843426200071e-07
low,64.60000000000001,-69.61572725037823,-69.6157275237713,-69.64456992013402,7.022396381564029e-07
low,64.61,-69.6158360977491,-69.61583637086879,-69.64466725461641,6.999027363626697e-07
low,64.62,-69.6159449109646,-69.61594518381163,-69.64476456441103,6.975736112732051e-07
low,64.63000000000001,-69.61605369004123,-69.61605396261632,-69.6448618495206,6.952522370088229e-07
low,64.64,-69.61616243499547,-69.61616270729935,-69.6449591099478,6.92938587776449e-07
low,64.65,-69.61627114584388,-69.61627141787724,-69.64505634569535,6.906326378688461e-07
low,64.66000000000001,-69.61637982260285,-69.61638009436642,-69.64515355676598,6.883343616643211e-07
low,64.67,-69.61648846528888,-69.61648873678337,-69.6452507431624,6.860437336264555e-07
low,64.68,-69.61659707391838,-69.61659734514448,-69.64534790488736,6.837607283037995e-07
low,64.69000000000001,-69.6167056485078,-69.61670591946623,-69.64544504194356,6.81485320329601e-07
low,64.7,-69.61681418907352,-69.61681445976497,-69.64554215433378,6.792174844215309e-07
low,64.71000000000001,-69.6169226956319,-69.61692296605707,-69.64563924206077,6.769571953813868e-07
low,64.72,-69.61703116819935,-69.61703143835895,-69.64573630512726,6.747044280948225e-07
low,64.73,-69.6171396067922,-69.61713987668692,-69.64583334353604,6.724591575310638e-07
low,64.74000000000001,-69.61724801142678,-69.61724828105733,-69.64593035728987,6.702213587426441e-07
low,64.75,-69.61735638211941,-69.61735665148646,-69.64602734639152,6.679910068651054e-07
low,64.76,-69.61746471888641,-69.61746498799066,-69.64612431084379,6.657680771167355e-07
low,64.77000000000001,-69.61757302174402,-69.61757329058615,-69.64622125064946,6.635525447982963e-07
low,64.78,-69.61768129070856,-69.61768155928925,-69.64631816581132,6.613443852927372e-07
low,64.79,-69.61778952579625,-69.61778979411619,-69.64641505633219,6.591435740649298e-07
low,64.80000000000001,-69.61789772702333,-69.6178979950832,-69.64651192221487,6.569500866613897e-07
low,64.81,-69.61800589440602,-69.6180061622065,-69.64660876346217,6.547638987100192e-07
low,64.82000000000001,-69.6181140279605,-69.61811429550227,-69.64670558007693,6.525849859198151e-07
low,64.83,-69.61822212770299,-69.61822239498672,-69.64680237206196,6.50413324080613e-07
low,64.84,-69.61833019364964,-69.61833046067599,-69.64689913942011,6.482488890628118e-07
low,64.85000000000001,-69.61843822581659,-69.61843849258624,-69.64699588215421,6.460916568171163e-07
low,64.86,-69.61854622422,-69.61854649073359,-69.6470926002671,6.439416033742547e-07
low,64.87,-69.61865418887594,-69.61865445513416,-69.64718929376167,6.417987048447187e-07
low,64.88000000000001,-69.61876211980054,-69.61876238580406,-69.64728596264074,6.396629374185096e-07
low,64.89,-69.61887001700988,-69.61887028275936,-69.64738260690719,6.375342773648525e-07
low,64.9,-69.61897788052005,-69.61897814601615,-69.64747922656389,6.354127010319475e-07
low,64.91000000000001,-69.61908571034706,-69.61908597559044,-69.64757582161373,6.332981848467e-07
low,64.92,-69.61919350650703,-69.6191937714983,-69.64767239205959,6.311907053144684e-07
low,64.93,-69.61930126901588,-69.61930153375573,-69.64776893790436,6.290902390187895e-07
low,64.94000000000001,-69.61940899788966,-69.61940926237874,-69.64786545915095,6.269967626211242e-07
low,64.95,-69.61951669314433,-69.6195169573833,-69.64796195580222,6.249102528606086e-07
low,64.96000000000001,-69.6196243547959,-69.61962461878538,-69.64805842786113,6.22830686553776e-07
low,64.97,-69.6197319828603,-69.61973224660093,-69.64815487533059,6.207580405943129e-07
low,64.98,-69.61983957735349,-69.61983984084593,-69.64825129821351,6.186922919527951e-07
low,64.99000000000001,-69.61994713829137,-69.61994740153624,-69.6483476965128,6.166334176764452e-07
low,65.0,-69.62005466568982,-69.6200549286878,-69.64844407023143,6.145813948888578e-07
low,65.01000000000002,-69.62016215956479,-69.62016242231647,-69.64854041937232,6.125362007897568e-07
low,65.02000000000001,-69.62026961993212,-69.62026988243815,-69.64863674393844,6.104978126547461e-07
low,65.03,-69.62037704680766,-69.62037730906867,-69.64873304393272,6.084662078350457e-07
low,65.04,-69.62048444020725,-69.62048470222389,-69.64882931935813,6.064413637572478e-07
low,65.05000000000001,-69.62059180014676,-69.62059206191962,-69.64892557021763,6.04423257923061e-07
low,65.06,-69.62069912664192,-69.62069938817166,-69.64902179651418,6.024118679090727e-07
low,65.07000000000001,-69.6208064197086,-69.62080668099583,-69.64911799825079,6.004071713664811e-07
low,65.08,-69.62091367936254,-69.62091394040789,-69.6492141754304,5.984091460208595e-07
low,65.09,-69.62102090561952,-69.62102116642359,-69.64931032805605,5.964177696719034e-07
low,65.10000000000001,-69.62112809849528,-69.62112835905869,-69.64940645613069,5.94433020193193e-07
low,65.11,-69.62123525800551,-69.6212355183289,-69.64950255965735,5.924548755319336e-07
low,65.12,-69.62134238416598,-69.62134264424994,-69.64959863863902,5.904833137087167e-07
low,65.13000000000001,-69.62144947699237,-69.6214497368375,-69.64969469307873,5.885183128172857e-07
low,65.14,-69.62155653650035,-69.6215567961073,-69.64979072297949,5.86559851024274e-07
low,65.15,-69.6216635627056,-69.62166382207495,-69.64988672834433,5.84607906568975e-07
low,65.16000000000001,-69.62177055562377,-69.62177081475612,-69.64998270917627,5.826624577630947e-07
low,65.17,-69.62187751527048,-69.62187777416645,-69.65007866547838,5.807234829905194e-07
low,65.18,-69.62198444166134,-69.62198470032153,-69.65017459725364,5.787909607070631e-07
low,65.19000000000001,-69.62209133481201,-69.62209159323702,-69.65027050450516,5.768648694402326e-07
low,65.2,-69.62219819473802,-69.62219845292843,-69.65036638723596,5.749451877890005e-07
low,65.21000000000001,-69.62230502145495,-69.62230527941138,-69.6504622454491,5.73031894423548e-07
low,65.22,-69.62241181497839,-69.62241207270142,-69.65055807914767,5.7112496808504e-07
low,65.23,-69.62251857532384,-69.62251883281408,-69.65065388833474,5.692243875853843e-07
low,65.24000000000001,-69.62262530250686,-69.62262555976488,-69.65074967301338,5.673301318070047e-07
low,65.25,-69.62273199654294,-69.62273225356934,-69.65084543318667,5.654421797025928e-07
low,65.26,-69.62283865744756,-69.62283891424292,-69.65094116885768,5.635605102948839e-07
low,65.27000000000001,-69.62294528523623,-69.62294554180114,-69.65103688002957,5.616851026764178e-07
low,65.28,-69.6230518799244,-69.62305213625945,-69.65113256670537,5.598159360093183e-07
low,65.29,-69.62315844152752,-69.62315869763326,-69.65122822888823,5.579529895250453e-07
low,65.30000000000001,-69.623264970061,-69.62326522593806,-69.65132386658124,5.560962425241719e-07
low,65.31,-69.6233714655403,-69.62337172118922,-69.65141947978752,5.542456743761608e-07
low,65.32000000000001,-69.6234779279808,-69.62347818340216,-69.65151506851021,5.524012645191226e-07
low,65.33,-69.6235843573979,-69.62358461259227,-69.65161063275242,5.505629924595954e-07
low,65.34,-69.62369075380694,-69.6236910087749,-69.65170617251731,5.487308377723126e-07
low,65.35000000000001,-69.6237971172233,-69.62379737196542,-69.65180168780802,5.469047800999865e-07
low,65.36,-69.62390344766231,-69.62390370217915,-69.65189717862766,5.45084799153066e-07
low,65.37,-69.6240097451393,-69.62400999943142,-69.65199264497942,5.432708747095199e-07
low,65.38000000000001,-69.62411600966956,-69.62411626373756,-69.65208808686643,5.414629866146172e-07
low,65.39,-69.62422224126844,-69.62422249511283,-69.65218350429188,5.396611147806919e-07
low,65.4,-69.62432843995117,-69.62432869357256,-69.65227889725892,5.378652391869272e-07
low,65.41000000000001,-69.62443460573301,-69.62443485913195,-69.65237426577073,5.36075339879129e-07
low,65.42,-69.62454073862925,-69.62454099180627,-69.65246960983049,5.34291396969514e-07
low,65.43,-69.6246468386551,-69.62464709161077,-69.6525649294414,5.325133906364731e-07
low,65.44000000000001,-69.62475290582579,-69.62475315856067,-69.65266022460665,5.307413011243605e-07
low,65.45,-69.62485894015649,-69.62485919267112,-69.6527554953294,5.289751087432779e-07
low,65.46000000000001,-69.62496494166243,-69.62496519395737,-69.6528507416129,5.272147938688462e-07
low,65.47,-69.62507091035874,-69.62507116243455,-69.65294596346034,5.254603369419922e-07
low,65.48,-69.62517684626064,-69.62517709811785,-69.6530411608749,5.237117184687297e-07
low,65.49000000000001,-69.62528274938322,-69.62528300102237,-69.65313633385986,5.21968919019952e-07
low,65.5,-69.62538861974166,-69.6253888711633,-69.6532314824184,5.202319192312004e-07
low,65.51,-69.62549445735102,-69.62549470855569,-69.65332660655378,5.185006998024589e-07
low,65.52000000000001,-69.62560026222643,-69.62560051321469,-69.65342170626921,5.167752414979366e-07
low,65.53,-69.625706034383,-69.62570628515536,-69.65351678156794,5.150555251458606e-07
low,65.54,-69.62581177383574,-69.62581202439274,-69.65361183245322,5.133415316382519e-07
low,65.55000000000001,-69.62591748059975,-69.62591773094192,-69.6537068589283,5.116332419307176e-07
low,65.56,-69.62602315469005,-69.62602340481794,-69.65380186099642,5.09930637042249e-07
low,65.57000000000001,-69.62612879612168,-69.62612904603581,-69.65389683866087,5.082336980549937e-07
low,65.58,-69.6262344049096,-69.62623465461051,-69.6539917919249,5.065424061140567e-07
low,65.59,-69.62633998106887,-69.62634023055708,-69.6540867207918,5.048567424272853e-07
low,65.60000000000001,-69.62644552461443,-69.62644577389048,-69.65418162526483,5.031766882650706e-07
low,65.61,-69.62655103556129,-69.62655128462568,-69.65427650534727,5.015022249601247e-07
low,65.62,-69.62665651392435,-69.62665676277761,-69.65437136104242,4.998333339072802e-07
low,65.63000000000001,-69.62676195971858,-69.62676220836124,-69.6544661923536,4.981699965632903e-07
low,65.64,-69.62686737295888,-69.62686762139145,-69.65456099928404,4.965121944466094e-07
low,65.65,-69.62697275366018,-69.6269730018832,-69.65465578183714,4.948599091371972e-07
low,65.66000000000001,-69.62707810183738,-69.62707834985133,-69.65475054001612,4.932131222763085e-07
low,65.67,-69.62718341750534,-69.62718366531075,-69.65484527382436,4.915718155662995e-07
low,65.68,-69.62728870067892,-69.6272889482763,-69.65493998326515,4.899359707704097e-07
low,65.69000000000001,-69.62739395137298,-69.62739419876284,-69.65503466834181,4.883055697125672e-07
low,65.7,-69.62749916960234,-69.62749941678521,-69.6551293290577,4.866805942771916e-07
low,65.71000000000001,-69.62760435538183,-69.6276046023582,-69.65522396541613,4.850610264089816e-07
low,65.72,-69.62770950872627,-69.62770975549665,-69.65531857742045,4.834468481127219e-07
low,65.73,-69.62781462965043,-69.62781487621533,-69.65541316507398,4.818380414530791e-07
low,65.74000000000001,-69.62791971816911,-69.62791996452901,-69.65550772838013,4.802345885544122e-07
low,65.75,-69.62802477429705,-69.62802502045247,-69.65560226734222,4.786364716005588e-07
low,65.76,-69.628129798049,-69.62813004400044,-69.65569678196361,4.770436728346475e-07
low,65.77000000000001,-69.6282347894397,-69.62823503518767,-69.6557912722477,4.7545617455889604e-07
low,65.78,-69.6283397484839,-69.62833999402888,-69.65588573819781,4.738739591344218e-07
low,65.79,-69.62844467519625,-69.62844492053873,-69.65598017981735,4.722970089810353e-07
low,65.80000000000001,-69.62854956959148,-69.62854981473195,-69.65607459710971,4.707253065770497e-07
low,65.81,-69.62865443168427,-69.62865467662324,-69.65616899007824,4.691588344590936e-07
low,65.82000000000001,-69.62875926148928,-69.62875950622723,-69.65626335872639,4.675975752219026e-07
low,65.83,-69.62886405902111,-69.62886430355854,-69.65635770305752,4.6604151151813597e-07
low,65.84,-69.62896882429445,-69.62896906863183,-69.65645202307502,4.644906260581792e-07
low,65.85000000000001,-69.6290735573239,-69.62907380146173,-69.65654631878232,4.629449016099589e-07
low,65.86,-69.62917825812407,-69.62917850206284,-69.65664059018283,4.6140432099874157e-07
low,65.87000000000002,-69.62928292670956,-69.62928317044974,-69.65673483727998,4.598688671069465e-07
low,65.88000000000001,-69.62938756309494,-69.629387806637,-69.65682906007717,4.583385228739641e-07
low,65.89,-69.62949216729477,-69.6294924106392,-69.65692325857783,4.568132712959512e-07
low,65.9,-69.6295967393236,-69.62959698247089,-69.65701743278541,4.552930954256525e-07
low,65.91000000000001,-69.62970127919596,-69.62970152214656,-69.65711158270334,4.537779783722075e-07
low,65.92,-69.62980578692638,-69.62980602968081,-69.65720570833506,4.5226790330097016e-07
low,65.93,-69.62991026252939,-69.62991050508808,-69.657299809684,4.507628534333113e-07
low,65.94,-69.63001470601944,-69.63001494838288,-69.65739388675365,4.492628120464393e-07
low,65.95,-69.63011911741104,-69.6301193595797,-69.65748793954745,4.477677624732096e-07
low,65.96000000000001,-69.63022349671864,-69.63022373869298,-69.65758196806887,4.462776881019498e-07
low,65.97,-69.63032784395672,-69.6303280857372,-69.65767597232137,4.4479257237626025e-07
low,65.98,-69.63043215913969,-69.63043240072679,-69.65776995230841,4.4331239879483823e-07
low,65.99000000000001,-69.63053644228198,-69.63053668367617,-69.65786390803348,4.418371509112986e-07
low,66.0,-69.630640693398,-69.63064093459974,-69.65795783950006,4.403668123339814e-07
low,66.01,-69.63074491250217,-69.63074515351191,-69.65805174671164,4.3890136672577613e-07
low,66.02000000000001,-69.63084909960884,-69.63084934042705,-69.6581456296717,4.3744079780393656e-07
low,66.03,-69.6309532547324,-69.63095349535952,-69.65823948838374,4.3598508933990866e-07
low,66.04,-69.63105737788719,-69.6310576183237,-69.65833332285128,4.345342251591366e-07
low,66.05000000000001,-69.63116146908756,-69.63116170933391,-69.65842713307781,4.330881891408909e-07
low,66.06,-69.63126552834784,-69.63126576840448,-69.65852091906685,4.3164696521809286e-07
low,66.07000000000001,-69.63136955568235,-69.63136979554973,-69.65861468082188,4.3021053737712694e-07
low,66.08,-69.63147355110537,-69.63147379078396,-69.65870841834646,4.2877888965766894e-07
low,66.09,-69.63157751463122,-69.63157775412144,-69.65880213164412,4.273520061525051e-07
low,66.10000000000001,-69.63168144627413,-69.63168168557644,-69.65889582071836,4.2592987100736406e-07
low,66.11,-69.6317853460484,-69.63178558516326,-69.65898948557272,4.245124684207273e-07
low,66.12000000000002,-69.63188921396825,-69.6318894528961,-69.65908312621075,4.2309978264366047e-07
low,66.13000000000001,-69.63199305004792,-69.6319932887892,-69.65917674263599,4.2169179797964545e-07
low,66.14,-69.63209685430164,-69.63209709285678,-69.65927033485198,4.2028849878439017e-07
low,66.15,-69.63220062674361,-69.63220086511305,-69.6593639028623,4.1888986946566744e-07
low,66.16000000000001,-69.63230436738799,-69.63230460557222,-69.65945744667049,4.174958944831351e-07
low,66.17,-69.632408076249,-69.63240831424841,-69.6595509662801,4.161065583481722e-07
low,66.18,-69.63251175334081,-69.63251199115585,-69.65964446169471,4.147218456236941e-07
low,66.19,-69.63261539867752,-69.63261563630863,-69.6597379329179,4.133417409239897e-07
low,66.2,-69.63271901227331,-69.63271924972092,-69.65983137995326,4.1196622891454574e-07
low,66.21000000000001,-69.63282259414231,-69.63282283140684,-69.65992480280433,4.1059529431188586e-07
low,66.22,-69.63292614429861,-69.63292638138051,-69.6600182014747,4.0922892188338704e-07
low,66.23000000000002,-69.6330296627563,-69.633029899656,-69.66011157596799,4.0786709644711784e-07
low,66.24000000000001,-69.63313314952948,-69.63313338624741,-69.66020492628779,4.0650980287167343e-07
low,66.25,-69.63323660463224,-69.63323684116881,-69.66029825243768,4.0515702607599873e-07
low,66.26,-69.63334002807862,-69.63334026443427,-69.66039155442128,4.0380875102922643e-07
low,66.27000000000001,-69.63344341988267,-69.63344365605782,-69.66048483224219,4.024649627505067e-07
low,66.28,-69.63354678005841,-69.63354701605348,-69.66057808590402,4.011256463088492e-07
low,66.29,-69.63365010861988,-69.6336503444353,-69.6606713154104,3.997907868229442e-07
low,66.30000000000001,-69.63375340558102,-69.63375364121721,-69.66076452076494,3.984603694610044e-07
low,66.31,-69.63385667095591,-69.63385690641329,-69.66085770197128,3.9713437944060384e-07
low,66.32000000000001,-69.63395990475847,-69.63396014003746,-69.66095085903304,3.958128020285051e-07
low,66.33,-69.63406310700272,-69.63406334210372,-69.66104399195387,3.94495622540501e-07
low,66.34,-69.63416627770255,-69.634166512626,-69.66113710073739,3.9318282634124825e-07
low,66.35000000000001,-69.63426941687196,-69.63426965161823,-69.66123018538725,3.918743988441132e-07
low,66.36,-69.63437252452479,-69.63437275909436,-69.66132324590711,3.905703255109969e-07
low,66.37000000000002,-69.63447560067503,-69.63447583506827,-69.66141628230062,3.892705918521809e-07
low,66.38000000000001,-69.63457864533656,-69.63457887955387,-69.66150929457142,3.879751834261695e-07
low,66.39,-69.63468165852326,-69.63468189256508,-69.6616022827232,3.86684085839521e-07
low,66.4,-69.63478464024901,-69.63478487411572,-69.6616952467596,3.853972847466934e-07
low,66.41000000000001,-69.63488759052767,-69.6348878242197,-69.6617881866843,3.8411476584988156e-07
low,66.42,-69.63499050937308,-69.63499074289082,-69.66188110250098,3.8283651489886624e-07
low,66.43,-69.6350933967991,-69.63509363014296,-69.66197399421334,3.81562517690844e-07
low,66.44,-69.63519625281954,-69.63519648598991,-69.66206686182502,3.8029276007027724e-07
low,66.45,-69.6352990774482,-69.63529931044549,-69.66215970533975,3.790272279287335e-07
low,66.46000000000001,-69.63540187069887,-69.63540210352349,-69.66225252476119,3.7776590720473417e-07
low,66.47,-69.63550463258538,-69.6355048652377,-69.66234532009305,3.7650878388359037e-07
low,66.48000000000002,-69.63560736312141,-69.63560759560187,-69.66243809133904,3.7525584399725005e-07
low,66.49000000000001,-69.63571006232083,-69.63571029462979,-69.66253083850286,3.740070736241501e-07
low,66.5,-69.63581273019729,-69.63581296233517,-69.66262356158823,3.7276245888904947e-07
low,66.51,-69.63591536676456,-69.63591559873176,-69.66271626059883,3.715219859628825e-07
low,66.52000000000001,-69.63601797203637,-69.63601820383325,-69.66280893553842,3.702856410626028e-07
low,66.53,-69.63612054602642,-69.63612077765337,-69.66290158641068,3.6905341045103453e-07
low,66.54,-69.63622308874837,-69.6362233202058,-69.66299421321938,3.678252804367127e-07
low,66.55000000000001,-69.63632560021593,-69.63632583150424,-69.66308681596823,3.666012373737334e-07
low,66.56,-69.63642808044281,-69.63642831156236,-69.66317939466094,3.6538126766160965e-07
low,66.57000000000001,-69.63653052944261,-69.6365307603938,-69.6632719493013,3.6416535774510794e-07
low,66.58,-69.63663294722899,-69.6366331780122,-69.66336447989303,3.629534941141054e-07
low,66.59,-69.63673533381557,-69.63673556443119,-69.66345698643988,3.61745663303437e-07
low,66.60000000000001,-69.63683768921598,-69.63683791966439,-69.6635494689456,3.6054185189275045e-07
low,66.61,-69.63694001344385,-69.63694024372542,-69.66364192741398,3.5934204650634983e-07
low,66.62,-69.63704230651273,-69.63704253662785,-69.66373436184873,3.5814623381305174e-07
low,66.63000000000001,-69.6371445684362,-69.63714479838525,-69.66382677225361,3.569544005260342e-07
low,66.64,-69.63724679922785,-69.6372470290112,-69.66391915863244,3.557665334026969e-07
low,66.65,-69.63734899890123,-69.63734922851927,-69.66401152098896,3.5458261924450195e-07
low,66.66000000000001,-69.63745116746986,-69.63745139692297,-69.66410385932694,3.5340264489683423e-07
low,66.67,-69.6375533049473,-69.63755353423585,-69.66419617365018,3.52226597248858e-07
low,66.68,-69.63765541134707,-69.63765564047142,-69.66428846396246,3.5105446323336377e-07
low,66.69,-69.63775748668266,-69.63775771564318,-69.6643807302676,3.4988622982662834e-07
low,66.7,-69.63785953096756,-69.63785975976464,-69.66447297256934,3.4872188404826645e-07
low,66.71000000000001,-69.63796154421527,-69.63796177284925,-69.6645651908715,3.4756141296109473e-07
low,66.72,-69.63806352643924,-69.6380637549105,-69.66465738517788,3.46404803670976e-07
low,66.73000000000002,-69.63816547765292,-69.63816570596185,-69.66474955549229,3.4525204332668234e-07
low,66.74000000000001,-69.63826739786975,-69.63826762601671,-69.66484170181855,3.441031191197578e-07
low,66.75,-69.6383692871032,-69.63836951508853,-69.66493382416046,3.429580182843631e-07
low,66.76,-69.63847114536664,-69.63847137319073,-69.66502592252183,3.418167280971443e-07
low,66.77000000000001,-69.6385729726735,-69.6385732003367,-69.6651179969065,3.4067923587708587e-07
low,66.78,-69.6386747690372,-69.63867499653986,-69.6652100473183,3.395455289853772e-07
low,66.79,-69.63877653447108,-69.63877676181357,-69.66530207376104,3.3841559482526175e-07
low,66.80000000000001,-69.6388782689885,-69.63887849617119,-69.66539407623856,3.372894208419019e-07
low,66.81,-69.63897997260284,-69.63898019962608,-69.66548605475471,3.3616699452224555e-07
low,66.82000000000001,-69.63908164532747,-69.6390818721916,-69.66557800931332,3.350483033948757e-07
low,66.83,-69.63918328717565,-69.63918351388106,-69.66566993991823,3.339333350298795e-07
low,66.84,-69.6392848981608,-69.63928512470783,-69.6657618465733,3.328220770387068e-07
low,66.85000000000001,-69.63938647829615,-69.63938670468514,-69.6658537292824,3.317145170740376e-07
low,66.86,-69.63948802759502,-69.63948825382634,-69.66594558804935,3.306106428296375e-07
low,66.87,-69.63958954607071,-69.6395897721447,-69.66603742287803,3.295104420402257e-07
low,66.88000000000001,-69.63969103373647,-69.63969125965349,-69.66612923377231,3.2841390248133593e-07
low,66.89,-69.63979249060557,-69.63979271636596,-69.66622102073605,3.273210119691876e-07
low,66.9,-69.63989391669126,-69.63989414229536,-69.66631278377314,3.2623175836053984e-07
low,66.91000000000001,-69.63999531200676,-69.63999553745494,-69.66640452288743,3.2514612955256227e-07
low,66.92,-69.64009667656532,-69.6400969018579,-69.66649623808283,3.240641134827038e-07
low,66.93,-69.64019801038015,-69.64019823551749,-69.6665879293632,3.2298569812855125e-07
low,66.94,-69.6402993134644,-69.64029953844684,-69.66667959673245,3.219108715077009e-07
low,66.95,-69.64040058583132,-69.64040081065922,-69.66677124019446,3.208396216776219e-07
low,66.96000000000001,-69.64050182749405,-69.64050205216773,-69.66686285975314,3.197719367355307e-07
low,66.97,-69.64060303846578,-69.64060326298559,-69.66695445541237,3.187078048182486e-07
low,66.98000000000002,-69.64070421875965,-69.64070444312593,-69.66704602717606,3.1764721410207556e-07
low,66.99000000000001,-69.64080536838878,-69.64080559260185,-69.66713757504812,3.165901528026617e-07
low,67.0,-69.64090648736634,-69.64090671142654,-69.66722909903244,3.155366091748694e-07
low,67.01,-69.64100757570539,-69.64100779961309,-69.66732059913298,3.144865715126475e-07
low,67.02000000000001,-69.6411086334191,-69.64110885717459,-69.66741207535364,3.1344002814889847e-07
low,67.03,-69.6412096605205,-69.64120988412415,-69.66750352769833,3.1239696745535515e-07
low,67.04,-69.64131065702271,-69.64131088047485,-69.66759495617099,3.1135737784244205e-07
low,67.05000000000001,-69.64141162293879,-69.64141184623973,-69.66768636077555,3.103212477591515e-07
low,67.06,-69.64151255828179,-69.64151278143187,-69.66777774151592,3.092885656929187e-07
low,67.07000000000001,-69.64161346306476,-69.6416136860643,-69.66786909839607,3.0825932016948664e-07
low,67.08,-69.64171433730074,-69.64171456015009,-69.66796043141991,3.0723349975278356e-07
low,67.09000000000002,-69.64181518100276,-69.64181540370222,-69.66805174059142,3.062110930447923e-07
low,67.10000000000001,-69.64191599418378,-69.64191621673372,-69.66814302591452,3.051920886854314e-07
low,67.11,-69.64201677685685,-69.64201699925756,-69.66823428739319,3.0417647535241794e-07
low,67.12,-69.64211752903495,-69.64211775128678,-69.66832552503135,3.031642417611488e-07
low,67.13000000000001,-69.64221825073103,-69.64221847283429,-69.66841673883299,3.0215537666457274e-07
low,67.14,-69.64231894195811,-69.64231916391311,-69.66850792880207,3.011498688530693e-07
low,67.15,-69.6424196027291,-69.64241982453618,-69.66859909494255,3.00147707154318e-07
low,67.16000000000001,-69.64252023305693,-69.6425204547164,-69.6686902372584,2.9914888043317703e-07
low,67.17,-69.64262083295455,-69.64262105446674,-69.6687813557536,2.9815337759156456e-07
low,67.18,-69.64272140243487,-69.64272162380009,-69.66887245043212,2.9716118756832614e-07
low,67.19,-69.64282194151079,-69.64282216272936,-69.66896352129794,2.961722993391178e-07
low,67.2,-69.64292245019523,-69.64292267126746,-69.66905456835504,2.951867019162815e-07
low,67.21000000000001,-69.64302292850104,-69.64302314942725,-69.66914559160742,2.942043843487267e-07
low,67.22,-69.64312337644108,-69.6431235972216,-69.66923659105909,2.9322533572180247e-07
low,67.23000000000002,-69.64322379402827,-69.6432240146634,-69.66932756671402,2.922495451571793e-07
low,67.24000000000001,-69.64332418127542,-69.64332440176545,-69.66941851857621,2.912770018127327e-07
low,67.25,-69.64342453819536,-69.64342475854065,-69.66950944664967,2.9030769488241405e-07
low,67.26,-69.64352486480092,-69.64352508500176,-69.6696003509384,2.8934161359613644e-07
low,67.27000000000001,-69.64362516110494,-69.64362538116161,-69.66969123144642,2.883787472196522e-07
low,67.28,-69.64372542712017,-69.64372564703302,-69.66978208817774,2.874190850544383e-07
low,67.29,-69.64382566285947,-69.64382588262878,-69.66987292113637,2.864626164375709e-07
low,67.3,-69.64392586833556,-69.64392608796166,-69.66996373032633,2.855093307416111e-07
low,67.31,-69.64402604356124,-69.64402626304442,-69.67005451575166,2.845592173744842e-07
low,67.32000000000001,-69.64412618854925,-69.64412640788981,-69.67014527741638,2.836122657793683e-07
low,67.33,-69.64422630331234,-69.6442265225106,-69.67023601532452,2.826684654345679e-07
low,67.34000000000002,-69.64432638786326,-69.64432660691952,-69.67032672948011,2.81727805853401e-07
low,67.35000000000001,-69.64442644221471,-69.64442666112927,-69.67041741988717,2.8079027658408857e-07
low,67.36,-69.64452646637943,-69.64452668515258,-69.67050808654979,2.7985586720962637e-07
low,67.37,-69.6446264603701,-69.64462667900216,-69.67059872947198,2.7892456734767913e-07
low,67.38000000000001,-69.64472642419942,-69.64472664269069,-69.67068934865777,2.779963666504594e-07
low,67.39,-69.64482635788006,-69.64482657623083,-69.67077994411126,2.770712548046195e-07
low,67.4,-69.64492626142469,-69.64492647963525,-69.67087051583648,2.761492215311279e-07
low,67.41000000000001,-69.64502613484596,-69.64502635291662,-69.6709610638375,2.752302565851596e-07
low,67.42,-69.64512597815653,-69.64512619608756,-69.67105158811835,2.7431434975598646e-07
low,67.43,-69.64522579136903,-69.64522600916075,-69.67114208868311,2.7340149086685495e-07
low,67.44,-69.64532557449607,-69.64532579214875,-69.67123256553586,2.724916697748792e-07
low,67.45000000000002,-69.64542532755026,-69.64542554506423,-69.67132301868067,2.7158487637092553e-07
low,67.46000000000001,-69.64552505054424,-69.64552526791975,-69.67141344812161,2.7068110057950453e-07
low,67.47,-69.64562474349053,-69.64562496072791,-69.67150385386277,2.6978033235865234e-07
low,67.48000000000002,-69.6457244064018,-69.6457246235013,-69.67159423590822,2.688825616998228e-07
low,67.49000000000001,-69.64582403929053,-69.64582425625245,-69.67168459426205,2.6798777862777984e-07
low,67.5,-69.64592364216931,-69.64592385899395,-69.67177492892831,2.670959732004787e-07
low,67.51,-69.64602321505068,-69.64602343173834,-69.67186523991116,2.66207135508961e-07
low,67.52000000000001,-69.64612275794718,-69.64612297449814,-69.67195552721465,2.653212556772424e-07
low,67.53,-69.64622227087133,-69.64622248728587,-69.67204579084289,2.6443832386220623e-07
low,67.54,-69.64632175383566,-69.64632197011406,-69.67213603079999,2.635583302534891e-07
low,67.55,-69.64642120685265,-69.64642142299519,-69.67222624709004,2.626812650733753e-07
low,67.56,-69.64652062993478,-69.64652084594177,-69.67231643971716,2.618071185766855e-07
low,67.57000000000001,-69.64662002309457,-69.64662023896625,-69.67240660868545,2.6093588105067485e-07
low,67.58,-69.64671938634447,-69.64671960208115,-69.67249675399904,2.6006754281491595e-07
low,67.59000000000002,-69.64681871969692,-69.64681893529888,-69.67258687566203,2.592020942211963e-07
low,67.60000000000001,-69.6469180231644,-69.6469182386319,-69.67267697367858,2.583395256534134e-07
low,67.61,-69.64701729675929,-69.64701751209262,-69.67276704805275,2.574798275274622e-07
low,67.62,-69.64711654049407,-69.6471167556935,-69.67285709878873,2.5662299029113255e-07
low,67.63000000000001,-69.64721575438111,-69.64721596944693,-69.67294712589062,2.557690044240005e-07
low,67.64,-69.64731493843286,-69.64731515336535,-69.67303712936256,2.5491786043732806e-07
low,67.65,-69.6474140926617,-69.64741430746112,-69.67312710920866,2.5406954887394975e-07
low,67.66000000000001,-69.64751321707999,-69.64751343174662,-69.67321706543311,2.532240603081719e-07
low,67.67,-69.64761231170012,-69.64761252623424,-69.67330699804002,2.5238138534567026e-07
low,67.68,-69.64771137653446,-69.64771159093632,-69.67339690703355,2.515415146233801e-07
low,67.69,-69.6478104115953,-69.6478106258652,-69.67348679241785,2.507044388093959e-07
low,67.70000000000002,-69.64790941689506,-69.64790963103326,-69.67357665419706,2.4987014860286517e-07
low,67.71000000000001,-69.64800839244602,-69.64800860645279,-69.67366649237535,2.4903863473389103e-07
low,67.72,-69.6481073382605,-69.64810755213611,-69.67375630695686,2.4820988796342045e-07
low,67.73000000000002,-69.64820625435085,-69.64820646809555,-69.67384609794578,2.473838990831467e-07
low,67.74000000000001,-69.6483051407293,-69.64830535434339,-69.67393586534628,2.465606589154087e-07
low,67.75,-69.64840399740818,-69.64840421089191,-69.67402560916248,2.457401583130841e-07
low,67.76,-69.64850282439977,-69.6485030377534,-69.67411532939859,2.449223881594912e-07
low,67.77000000000001,-69.64860162171631,-69.64860183494011,-69.67420502605877,2.4410733936828523e-07
low,67.78,-69.64870038937005,-69.64870060246427,-69.67429469914721,2.4329500288336276e-07
low,67.79,-69.64879912737325,-69.64879934033819,-69.67438434866808,2.424853696787531e-07
low,67.8,-69.64889783573814,-69.64889804857404,-69.67447397462558,2.416784307585235e-07
low,67.81,-69.64899651447693,-69.64899672718406,-69.67456357702389,2.408741771566767e-07
low,67.82000000000001,-69.64909516360186,-69.64909537618045,-69.67465315586719,2.400725999370551e-07
low,67.83,-69.6491937831251,-69.64919399557546,-69.6747427111597,2.392736901932361e-07
low,67.84000000000002,-69.64929237305887,-69.64929258538122,-69.67483224290558,2.3847743904843507e-07
low,67.85000000000001,-69.64939093341533,-69.64939114560993,-69.67492175110904,2.376838376554116e-07
low,67.86,-69.64948946420664,-69.64948967627377,-69.67501123577428,2.3689287719636292e-07
low,67.87,-69.649587965445,-69.6495881773849,-69.67510069690552,2.361045488828314e-07
low,67.88000000000001,-69.64968643714253,-69.64968664895547,-69.67519013450698,2.3531884395560458e-07
low,67.89,-69.64978487931137,-69.6497850909976,-69.67527954858284,2.3453575368462127e-07
low,67.9,-69.64988329196365,-69.64988350352341,-69.67536893913733,2.337552693688696e-07
low,67.91000000000001,-69.64998167511148,-69.64998188654505,-69.67545830617465,2.3297738233629235e-07
low,67.92,-69.650080028767,-69.65008024007459,-69.67554764969906,2.3220208394369477e-07
low,67.93,-69.65017835294226,-69.65017856412418,-69.67563696971473,2.3142936557664097e-07
low,67.94,-69.6502766476494,-69.65027685870585,-69.67572626622591,2.3065921864936346e-07
low,67.95000000000002,-69.65037491290043,-69.6503751238317,-69.67581553923684,2.29891634604665e-07
low,67.96000000000001,-69.65047314870748,-69.65047335951378,-69.67590478875174,2.2912660491382888e-07
low,67.97,-69.65057135508258,-69.65057156576418,-69.67599401477486,2.2836412107651535e-07
low,67.98,-69.65066953203775,-69.65066974259491,-69.6760832173104,2.2760417462067435e-07
low,67.99000000000001,-69.65076767958509,-69.65076789001803,-69.67617239636263,2.2684675710244724e-07
low,68.0,-69.65086579773654,-69.65086600804555,-69.67626155193581,2.2609186010607857e-07
low,68.01,-69.65096388650421,-69.6509640966895,-69.67635068403415,2.253394752438153e-07
low,68.02000000000001,-69.65106194590005,-69.65106215596187,-69.67643979266191,2.2458959415581582e-07
low,68.03,-69.65115997593604,-69.65116018587464,-69.67652887782336,2.2384220851006287e-07
low,68.04,-69.6512579766242,-69.65125818643982,-69.67661793952274,2.2309731000226374e-07
low,68.05,-69.65135594797648,-69.65135615766937,-69.67670697776433,2.2235489035575909e-07
low,68.06,-69.65145389000486,-69.65145409957525,-69.67679599255233,2.2161494132143404e-07
low,68.07000000000001,-69.65155180272126,-69.6515520121694,-69.67688498389106,2.2087745467762748e-07
low,68.08,-69.65164968613767,-69.6516498954638,-69.67697395178477,2.201424222300334e-07
low,68.09000000000002,-69.65174754026602,-69.65174774947037,-69.67706289623774,2.1940983581161783e-07
low,68.10000000000001,-69.65184536511819,-69.65184557420102,-69.67715181725423,2.1867968728252416e-07
low,68.11,-69.65194316070613,-69.65194336966766,-69.6772407148385,2.1795196852998416e-07
low,68.12,-69.65204092704174,-69.65204113588221,-69.67732958899487,2.1722667146822493e-07
low,68.13000000000001,-69.6521386641369,-69.65213887285657,-69.67741843972756,2.1650378803838273e-07
low,68.14,-69.6522363720035,-69.6522365806026,-69.67750726704091,2.1578331020841437e-07
low,68.15,-69.65233405065345,-69.65233425913219,-69.67759607093916,2.150652299730009e-07
low,68.16000000000001,-69.65243170009853,-69.65243190845717,-69.67768485142663,2.1434953935346638e-07
low,68.17,-69.65252932035067,-69.65252952858943,-69.67777360850761,2.1363623039768547e-07
low,68.18,-69.65262691142168,-69.6526271195408,-69.67786234218637,2.1292529517999656e-07
low,68.19,-69.6527244733234,-69.65272468132311,-69.67795105246722,2.1221672580111056e-07
low,68.20000000000002,-69.65282200606768,-69.6528222139482,-69.67803973935449,2.1151051438802715e-07
low,68.21000000000001,-69.65291950966629,-69.65291971742786,-69.67812840285244,2.1080665309394781e-07
low,68.22,-69.65301698413104,-69.6530171917739,-69.67821704296539,2.1010513409818197e-07
low,68.23,-69.65311442947375,-69.65311463699813,-69.67830565969764,2.0940594960606845e-07
low,68.24000000000001,-69.6532118457062,-69.6532120531123,-69.67839425305351,2.0870909184888123e-07
low,68.25,-69.65330923284012,-69.6533094401282,-69.67848282303733,2.0801455308375212e-07
low,68.26,-69.65340659088733,-69.65340679805759,-69.67857136965338,2.073223255935744e-07
low,68.27000000000001,-69.65350391985953,-69.65350412691224,-69.678659892906,2.0663240168692436e-07
low,68.28,-69.65360121976852,-69.65360142670387,-69.67874839279952,2.0594477369797599e-07
low,68.29,-69.65369849062601,-69.65369869744424,-69.67883686933826,2.052594339864089e-07
low,68.3,-69.65379573244373,-69.65379593914506,-69.67892532252651,2.0457637493733193e-07
low,68.31000000000002,-69.65389294523337,-69.65389315181804,-69.67901375236863,2.0389558896119084e-07
low,68.32000000000001,-69.65399012900669,-69.6539903354749,-69.67910215886897,2.0321706849369286e-07
low,68.33,-69.65408728377533,-69.65408749012731,-69.67919054203182,2.0254080599571263e-07
low,68.34000000000002,-69.654184409551,-69.65418461578697,-69.67927890186155,2.0186679395321536e-07
low,68.35000000000001,-69.65428150634538,-69.65428171246558,-69.67936723836249,2.011950248771736e-07
low,68.36,-69.65437857417012,-69.65437878017477,-69.67945555153898,2.005254913034775e-07
low,68.37,-69.65447561303691,-69.6544758189262,-69.67954384139537,1.9985818579285955e-07
low,68.38000000000001,-69.65457262295735,-69.65457282873152,-69.679632107936,1.9919310093080516e-07
low,68.39,-69.65466960394312,-69.65466980960237,-69.67972035116522,1.985302293274785e-07
low,68.4,-69.65476655600581,-69.65476676155039,-69.6798085710874,1.9786956361763063e-07
low,68.41000000000001,-69.65486347915707,-69.65486368458717,-69.6798967677069,1.972110964605246e-07
low,68.42,-69.65496037340851,-69.65496057872436,-69.67998494102802,1.96554820539854e-07
low,68.43,-69.6550572387717,-69.65505744397352,-69.68007309105519,1.9590072856365534e-07
low,68.44,-69.65515407525827,-69.65515428034625,-69.68016121779273,1.952488132642346e-07
low,68.45000000000002,-69.65525088287974,-69.65525108785413,-69.68024932124503,1.9459906739807972e-07
low,68.46000000000001,-69.65534766164774,-69.65534786650873,-69.68033740141645,1.9395148374578826e-07
low,68.47,-69.65544441157378,-69.6554446163216,-69.68042545831135,1.9330605511197753e-07
low,68.48,-69.65554113266946,-69.6555413373043,-69.68051349193411,1.9266277432521304e-07
low,68.49000000000001,-69.65563782494628,-69.65563802946836,-69.68060150228911,1.9202163423792183e-07
low,68.5,-69.6557344884158,-69.65573469282535,-69.68068948938074,1.9138262772632057e-07
low,68.51,-69.65583112308954,-69.65583132738675,-69.68077745321334,1.9074574769033036e-07
low,68.52000000000001,-69.655927728979,-69.65592793316408,-69.68086539379132,1.9011098705349773e-07
low,68.53,-69.65602430609566,-69.65602451016885,-69.6809533111191,1.8947833876292298e-07
low,68.54,-69.65612085445107,-69.65612105841255,-69.68104120520101,1.8884779578917202e-07
low,68.55,-69.6562173740567,-69.65621757790667,-69.68112907604146,1.8821935112620672e-07
low,68.56000000000002,-69.65631386492399,-69.65631406866268,-69.68121692364485,1.8759299779130016e-07
low,68.57000000000001,-69.65641032706444,-69.65641053069204,-69.68130474801558,1.8696872882496631e-07
low,68.58,-69.65650676048948,-69.65650696400623,-69.68139254915803,1.8634653729087697e-07
low,68.59000000000002,-69.6566031652106,-69.65660336861666,-69.68148032707661,1.8572641627578448e-07
low,68.60000000000001,-69.65669954123918,-69.65669974453478,-69.68156808177574,1.851083588894509e-07
low,68.61,-69.65679588858669,-69.65679609177202,-69.6816558132598,1.8449235826456562e-07
low,68.62,-69.65689220726452,-69.65689241033982,-69.6817435215332,1.8387840755667023e-07
low,68.63000000000001,-69.6569884972841,-69.65698870024956,-69.68183120660036,1.8326649994408257e-07
low,68.64,-69.65708475865685,-69.65708496151265,-69.6819188684657,1.8265662862782484e-07
low,68.65,-69.65718099139413,-69.65718119414048,-69.68200650713362,1.8204878683154281e-07
low,68.66,-69.65727719550732,-69.65727739814443,-69.68209412260853,1.814429678014312e-07
low,68.67000000000002,-69.65737337100781,-69.65737357353585,-69.68218171489488,1.8083916480616123e-07
low,68.68,-69.65746951790693,-69.65746972032615,-69.68226928399706,1.8023737113680643e-07
low,68.69,-69.65756563621608,-69.65756583852664,-69.6823568299195,1.7963758010676236e-07
low,68.70000000000002,-69.65766172594658,-69.6576619281487,-69.68244435266662,1.790397850516787e-07
low,68.71000000000001,-69.65775778710977,-69.65775798920363,-69.68253185224287,1.78443979329382e-07
low,68.72,-69.65785381971696,-69.6578540217028,-69.6826193286527,1.7785015631980328e-07
low,68.73,-69.65794982377952,-69.65795002565748,-69.6827067819005,1.7725830942490163e-07
low,68.74000000000001,-69.6580457993087,-69.658046001079,-69.68279421199074,1.7666843206859435e-07
low,68.75,-69.65814174631579,-69.65814194797865,-69.68288161892782,1.760805176966845e-07
low,68.76,-69.65823766481213,-69.65823786636773,-69.68296900271623,1.754945597767822e-07
low,68.77000000000001,-69.65833355480896,-69.65833375625749,-69.68305636336038,1.749105517982384e-07
low,68.78,-69.6584294163176,-69.65842961765924,-69.68314370086472,1.7432848727206967e-07
low,68.79,-69.65852524934927,-69.65852545058422,-69.6832310152337,1.7374835973088695e-07
low,68.8,-69.65862105391523,-69.65862125504368,-69.68331830647178,1.7317016272882152e-07
low,68.81000000000002,-69.6587168300267,-69.65871703104888,-69.68340557458339,1.7259388984145625e-07
low,68.82000000000001,-69.65881257769497,-69.65881277861104,-69.68349281957299,1.7201953466575498e-07
low,68.83,-69.65890829693123,-69.65890849774138,-69.68358004144507,1.7144709081998586e-07
low,68.84000000000002,-69.6590039877467,-69.65900418845112,-69.68366724020404,1.7087655194365634e-07
low,68.85000000000001,-69.65909965015258,-69.65909985075149,-69.6837544158544,1.7030791169743974e-07
low,68.86,-69.6591952841601,-69.65919548465364,-69.68384156840058,1.6974116376310585e-07
low,68.87,-69.65929088978042,-69.65929109016882,-69.68392869784708,1.6917630184344837e-07
low,68.88000000000001,-69.65938646702473,-69.65938666730815,-69.68401580419835,1.6861331966221792e-07
low,68.89,-69.6594820159042,-69.65948221608285,-69.68410288745885,1.68052210964053e-07
low,68.9,-69.65957753643,-69.65957773650406,-69.68418994763307,1.6749296951440485e-07
low,68.91,-69.65967302861327,-69.65967322858292,-69.6842769847255,1.6693558909947512e-07
low,68.92000000000002,-69.65976849246518,-69.6597686923306,-69.6843639987406,1.6638006352614053e-07
low,68.93,-69.65986392799685,-69.65986412775824,-69.68445098968283,1.6582638662189134e-07
low,68.94,-69.65995933521938,-69.65995953487693,-69.68453795755669,1.6527455223475454e-07
low,68.95000000000002,-69.66005471414393,-69.6600549136978,-69.68462490236666,1.647245542332312e-07
low,68.96000000000001,-69.66015006478158,-69.66015026423197,-69.68471182411724,1.6417638650622855e-07
low,68.97,-69.66024538714342,-69.66024558649053,-69.6847987228129,1.6363004296298666e-07
low,68.98,-69.6603406812406,-69.66034088048458,-69.68488559845814,1.6308551753301727e-07
low,68.99000000000001,-69.66043594708414,-69.66043614622521,-69.68497245105743,1.6254280416603045e-07
low,69.0,-69.66053118468515,-69.66053138372345,-69.6850592806153,1.620018968318745e-07
low,69.01,-69.66062639405467,-69.6606265929904,-69.68514608713622,1.6146278952046053e-07
low,69.02000000000001,-69.66072157520377,-69.66072177403711,-69.6852328706247,1.6092547624170178e-07
low,69.03,-69.66081672814349,-69.66081692687463,-69.68531963108524,1.6038995102544696e-07
low,69.04,-69.6609118528849,-69.66091205151399,-69.68540636852232,1.598562079214086e-07
low,69.05,-69.66100694943898,-69.66100714796623,-69.6854930829405,1.5932424099910342e-07
low,69.06000000000002,-69.66110201781676,-69.66110221624234,-69.68557977434423,1.5879404434778073e-07
low,69.07000000000001,-69.66119705802927,-69.66119725635336,-69.68566644273807,1.5826561207636335e-07
low,69.08,-69.66129207008751,-69.66129226831029,-69.68575308812648,1.5773893831337447e-07
low,69.09000000000002,-69.66138705400249,-69.66138725212411,-69.685839710514,1.5721401720687809e-07
low,69.10000000000001,-69.66148200978516,-69.66148220780582,-69.68592630990517,1.5669084292441358e-07
low,69.11,-69.66157693744654,-69.66157713536641,-69.68601288630447,1.5616940965292646e-07
low,69.12,-69.66167183699757,-69.66167203481682,-69.68609943971643,1.5564971159870936e-07
low,69.13000000000001,-69.6617667084492,-69.66176690616801,-69.68618597014559,1.5513174298733245e-07
low,69.14,-69.66186155181238,-69.66186174943094,-69.68627247759645,1.5461549806358586e-07
low,69.15,-69.66195636709809,-69.66195656461655,-69.68635896207354,1.541009710914079e-07
low,69.16,-69.66205115431723,-69.66205135173577,-69.68644542358138,1.53588156353828e-07
low,69.17000000000002,-69.66214591348073,-69.66214611079951,-69.68653186212453,1.5307704815289776e-07
low,69.18,-69.6622406445995,-69.66224084181873,-69.68661827770748,1.525676408096335e-07
low,69.19,-69.66233534768449,-69.6623355448043,-69.68670467033482,1.520599286639484e-07
low,69.20000000000002,-69.66243002274652,-69.6624302197671,-69.68679104001103,1.5155390607458955e-07
low,69.21000000000001,-69.66252466979657,-69.66252486671807,-69.6868773867407,1.510495674190802e-07
low,69.22,-69.66261928884545,-69.66261948566807,-69.68696371052835,1.5054690709365224e-07
low,69.23,-69.66271387990406,-69.66271407662796,-69.6870500113785,1.5004591951318528e-07
low,69.24000000000001,-69.66280844298329,-69.66280863960864,-69.68713628929572,1.495465991111444e-07
low,69.25,-69.66290297809397,-69.66290317462092,-69.68722254428454,1.4904894033952164e-07
low,69.26,-69.66299748524695,-69.66299768167569,-69.68730877634951,1.4855293766876992e-07
low,69.27000000000001,-69.66309196445307,-69.66309216078376,-69.68739498549519,1.4805858558774178e-07
low,69.28,-69.66318641572313,-69.66318661195596,-69.68748117172612,1.4756587860363284e-07
low,69.29,-69.66328083906804,-69.66328103520313,-69.68756733504685,1.4707481124191593e-07
low,69.3,-69.66337523449852,-69.66337543053606,-69.68765347546197,1.4658537804628101e-07
low,69.31000000000002,-69.66346960202542,-69.66346979796559,-69.68773959297602,1.460975735785769e-07
low,69.32000000000001,-69.66356394165955,-69.66356413750248,-69.68782568759354,1.456113924187489e-07
low,69.33,-69.66365825341164,-69.66365844915752,-69.68791175931912,1.4512682916477974e-07
low,69.34,-69.66375253729254,-69.66375273294152,-69.68799780815732,1.4464387843262718e-07
low,69.35000000000001,-69.66384679331297,-69.66384698886523,-69.68808383411269,1.4416253485616698e-07
low,69.36,-69.66394102148371,-69.6639412169394,-69.68816983718982,1.4368279308713388e-07
low,69.37,-69.66403522181552,-69.6640354171748,-69.68825581739326,1.4320464779505716e-07
low,69.38000000000001,-69.66412939431913,-69.66412958958217,-69.68834177472758,1.4272809366720708e-07
low,69.39,-69.66422353900529,-69.66422373417227,-69.68842770919736,1.422531254085328e-07
low,69.4,-69.66431765588476,-69.6643178509558,-69.68851362080717,1.4177973774160484e-07
low,69.41,-69.6644117449682,-69.66441193994349,-69.68859950956161,1.4130792540655432e-07
low,69.42000000000002,-69.66450580626638,-69.66450600114605,-69.68868537546525,1.408376831610172e-07
low,69.43,-69.66459983978996,-69.66460003457419,-69.68877121852266,1.4036900578007626e-07
low,69.44,-69.66469384554966,-69.66469404023862,-69.68885703873842,1.3990188805619873e-07
low,69.45000000000002,-69.66478782355615,-69.66478801815,-69.68894283611714,1.3943632479918338e-07
low,69.46000000000001,-69.66488177382014,-69.66488196831902,-69.68902861066337,1.3897231083610031e-07
low,69.47,-69.66497569635227,-69.66497589075635,-69.68911436238172,1.3850984101123456e-07
low,69.48,-69.66506959116322,-69.66506978547264,-69.68920009127679,1.380489101860268e-07
low,69.49000000000001,-69.66516345826363,-69.66516365247857,-69.68928579735315,1.375895132390186e-07
low,69.5,-69.6652572976642,-69.66525749178479,-69.6893714806154,1.3713164506579624e-07
low,69.51,-69.66535110937551,-69.66535130340192,-69.68945714106816,1.3667530057892942e-07
low,69.52000000000001,-69.6654448934082,-69.66544508734059,-69.68954277871602,1.362204747079196e-07
low,69.53000000000002,-69.6655386497729,-69.66553884361142,-69.68962839356355,1.3576716239914128e-07
low,69.54,-69.66563237848024,-69.66563257222504,-69.68971398561537,1.353153586157869e-07
low,69.55,-69.66572607954079,-69.66572627319202,-69.68979955487609,1.3486505833780882e-07
low,69.56000000000002,-69.66581975296516,-69.66581994652299,-69.6898851013503,1.3441625656186594e-07
low,69.57000000000001,-69.66591339876396,-69.66591359222852,-69.6899706250426,1.3396894830126868e-07
low,69.58,-69.66600701694773,-69.66600721031921,-69.69005612595764,1.3352312858591925e-07
low,69.59,-69.66610060752711,-69.66610080080561,-69.69014160409999,1.3307879246226162e-07
low,69.60000000000001,-69.6661941705126,-69.66619436369831,-69.69022705947428,1.3263593499322175e-07
low,69.61,-69.66628770591478,-69.66628789900784,-69.69031249208511,1.321945512581584e-07
low,69.62,-69.6663812137442,-69.66638140674478,-69.6903979019371,1.3175463635280194e-07
low,69.63000000000001,-69.66647469401141,-69.66647488691963,-69.69048328903489,1.3131618538920446e-07
low,69.64,-69.66656814672693,-69.66656833954295,-69.69056865338308,1.3087919349568538e-07
low,69.65,-69.66666157190129,-69.66666176462526,-69.69065399498629,1.3044365581677346e-07
low,69.66,-69.66675496954501,-69.66675516217707,-69.69073931384916,1.300095675131575e-07
low,69.67000000000002,-69.66684833966858,-69.66684853220889,-69.6908246099763,1.2957692376162832e-07
low,69.68,-69.6669416822825,-69.66694187473121,-69.69090988337233,1.291457197550305e-07
low,69.69,-69.6670349973973,-69.66703518975454,-69.69099513404188,1.2871595070220262e-07
low,69.70000000000002,-69.66712828502341,-69.66712847728935,-69.69108036198959,1.2828761182792855e-07
low,69.71000000000001,-69.66722154517134,-69.66722173734613,-69.6911655672201,1.2786069837288442e-07
low,69.72,-69.66731477785159,-69.66731496993535,-69.691250749738,1.2743520559358164e-07
low,69.73,-69.66740798307454,-69.66740817506745,-69.69133590954797,1.2701112876231916e-07
low,69.74000000000001,-69.66750116085072,-69.6675013527529,-69.69142104665464,1.2658846316712654e-07
low,69.75,-69.66759431119053,-69.66759450300212,-69.69150616106263,1.2616720411171678e-07
low,69.76,-69.66768743410441,-69.66768762582558,-69.69159125277659,1.2574734691542806e-07
low,69.77000000000001,-69.66778052960282,-69.66778072123368,-69.69167632180117,1.2532888691317612e-07
low,69.78000000000002,-69.66787359769611,-69.66787378923685,-69.69176136814099,1.2491181945540237e-07
low,69.79,-69.66796663839477,-69.6679668298455,-69.69184639180071,1.2449613990801832e-07
low,69.8,-69.66805965170917,-69.66805984307004,-69.69193139278497,1.24081843652359e-07
low,69.81000000000002,-69.66815263764973,-69.66815282892085,-69.69201637109842,1.23668926085127e-07
low,69.82000000000001,-69.66824559622678,-69.66824578740835,-69.69210132674571,1.2325738261834653e-07
low,69.83,-69.66833852745076,-69.66833871854288,-69.69218625973151,1.228472086793081e-07
low,69.84,-69.66843143133202,-69.66843162233485,-69.69227117006047,1.2243839971051884e-07
low,69.85000000000001,-69.66852430788094,-69.66852449879461,-69.69235605773721,1.220309511696518e-07
low,69.86,-69.66861715710785,-69.66861734793252,-69.69244092276642,1.2162485852949816e-07
low,69.87,-69.66870997902312,-69.66871016975892,-69.69252576515275,1.2122011727791317e-07
low,69.88000000000001,-69.66880277363711,-69.66880296428417,-69.69261058490085,1.2081672291776643e-07
low,69.89000000000001,-69.66889554096012,-69.66889573151857,-69.69269538201539,1.2041467096689552e-07
low,69.9,-69.66898828100248,-69.66898847147249,-69.69278015650103,1.200139569580524e-07
low,69.91,-69.66908099377453,-69.66908118415621,-69.69286490836244,1.196145764388542e-07
low,69.92000000000002,-69.66917367928654,-69.66917386958006,-69.69294963760427,1.1921652497173594e-07
low,69.93,-69.66926633754886,-69.66926652775433,-69.6930343442312,1.188197981338994e-07
low,69.94,-69.66935896857176,-69.66935915868932,-69.6931190282479,1.1842439151726497e-07
low,69.95000000000002,-69.6694515723655,-69.66945176239531,-69.69320368965906,1.1803030072842051e-07
low,69.96000000000001,-69.66954414894045,-69.6695443388826,-69.69328832846932,1.1763752138857661e-07
low,69.97,-69.66963669830679,-69.66963688816146,-69.69337294468336,1.172460491335144e-07
low,69.98,-69.66972922047486,-69.66972941024216,-69.69345753830588,1.1685587961353726e-07
low,69.99000000000001,-69.66982171545486,-69.66982190513494,-69.69354210934151,1.164670084934247e-07
low,70.0,-69.66991418325706,-69.66991437285004,-69.69362665779497,1.1607943145238254e-07
low,70.01,-69.6700066238917,-69.67000681339772,-69.69371118367091,1.1569314418399559e-07
low,70.02,-69.670099037369,-69.6700992267882,-69.69379568697406,1.1530814239617831e-07
low,70.03000000000002,-69.6701914236992,-69.6701916130317,-69.69388016770904,1.1492442181112911e-07
low,70.04,-69.6702837828925,-69.67028397213845,-69.69396462588058,1.145419781652832e-07
low,70.05,-69.67037611495913,-69.67037630411866,-69.69404906149336,1.1416080720926155e-07
low,70.06000000000002,-69.67046841990931,-69.67046860898256,-69.69413347455205,1.1378090470782787e-07
low,70.07000000000001,-69.6705606977532,-69.6705608867403,-69.69421786506135,1.1340226643983927e-07
low,70.08,-69.67065294850103,-69.67065313740207,-69.69430223302595,1.1302488819820044e-07
low,70.09,-69.67074517216292,-69.67074536097809,-69.69438657845055,1.1264876578981512e-07
low,70.10000000000001,-69.67083736874913,-69.6708375574785,-69.69447090133983,1.1227389503554157e-07
low,70.11,-69.67092953826973,-69.67092972691349,-69.69455520169849,1.1190027177014649e-07
low,70.12,-69.67102168073491,-69.67102186929317,-69.69463947953123,1.1152789184225526e-07
low,70.13000000000001,-69.67111379615486,-69.67111398462772,-69.69472373484275,1.111567511143097e-07
low,70.14000000000001,-69.67120588453966,-69.67120607292729,-69.69480796763776,1.1078684546252008e-07
low,70.15,-69.6712979458995,-69.671298134202,-69.69489217792092,1.1041817077682024e-07
low,70.16,-69.67138998024448,-69.671390168462,-69.69497636569697,1.1005072296082018e-07
low,70.17000000000002,-69.67148198758474,-69.67148217571739,-69.69506053097062,1.0968449793176261e-07
low,70.18,-69.67157396793037,-69.67157415597829,-69.69514467374655,1.0931949162047797e-07
low,70.19,-69.67166592129149,-69.67166610925479,-69.69522879402948,1.0895569997133561e-07
low,70.20000000000002,-69.67175784767818,-69.671758035557,-69.69531289182412,1.0859311894220275e-07
low,70.21000000000001,-69.67184974710055,-69.67184993489502,-69.69539696713517,1.082317445043976e-07
low,70.22,-69.67194161956866,-69.67194180727891,-69.69548101996735,1.0787157264264526e-07
low,70.23,-69.67203346509262,-69.67203365271877,-69.69556505032537,1.0751259935503168e-07
low,70.24000000000001,-69.67212528368249,-69.67212547122466,-69.69564905821395,1.0715482065296112e-07
low,70.25,-69.67221707534831,-69.67221726280661,-69.69573304363779,1.0679823256111209e-07
low,70.26,-69.67230884010013,-69.67230902747472,-69.69581700660162,1.0644283111738986e-07
low,70.27,-69.67240057794803,-69.67240076523899,-69.69590094711016,1.0608861237288665e-07
low,70.28000000000002,-69.67249228890199,-69.67249247610948,-69.69598486516811,1.0573557239183384e-07
low,70.29,-69.67258397297209,-69.67258416009624,-69.69606876078024,1.0538370725156282e-07
low,70.3,-69.67267563016836,-69.67267581720927,-69.69615263395121,1.050330130424562e-07
low,70.31000000000002,-69.67276726050076,-69.67276744745857,-69.69623648468576,1.0468348586790806e-07
low,70.32000000000001,-69.67285886397937,-69.67285905085419,-69.69632031298865,1.043351218442806e-07
low,70.33,-69.67295044061412,-69.67295062740608,-69.69640411886458,1.039879171008578e-07
low,70.34,-69.67304199041506,-69.67304217712427,-69.69648790231828,1.0364186777980631e-07
low,70.35000000000001,-69.67313351339216,-69.67313370001877,-69.69657166335448,1.0329697003612905e-07
low,70.36,-69.67322500955541,-69.67322519609951,-69.69665540197792,1.0295322003762674e-07
low,70.37,-69.67331647891478,-69.67331666537649,-69.6967391181933,1.0261061396485035e-07
low,70.38000000000001,-69.6734079214802,-69.67340810785966,-69.6968228120054,1.0226914801106219e-07
low,70.39000000000001,-69.67349933726165,-69.67349952355897,-69.69690648341893,1.0192881838219371e-07
low,70.4,-69.67359072626911,-69.6735909124844,-69.69699013243864,1.0158962129679999e-07
low,70.41,-69.67368208851248,-69.67368227464587,-69.69707375906926,1.0125155298602175e-07
low,70.42000000000002,-69.67377342400171,-69.67377361005332,-69.6971573633155,1.0091460969353987e-07
low,70.43,-69.67386473274671,-69.67386491871667,-69.69724094518214,1.0057878767553761e-07
low,70.44,-69.67395601475744,-69.67395620064586,-69.69732450467392,1.0024408320065576e-07
low,70.45000000000002,-69.67404727004379,-69.67404745585078,-69.69740804179555,9.991049254995119e-08
low,70.46000000000001,-69.67413849861568,-69.67413868434136,-69.69749155655182,9.957801201685909e-08
low,70.47,-69.67422970048301,-69.6742298861275,-69.69757504894744,9.924663790714684e-08
low,70.48,-69.67432087565565,-69.67432106121909,-69.69765851898715,9.89163665388772e-08
low,70.49000000000001,-69.67441202414352,-69.67441220962598,-69.69774196667574,9.858719424236384e-08
low,70.5,-69.67450314595645,-69.6745033313581,-69.6978253920179,9.825911736013445e-08
low,70.51,-69.6745942411044,-69.6745944264253,-69.69790879501846,9.793213224688699e-08
low,70.52,-69.67468530959714,-69.67468549483743,-69.69799217568209,9.760623526944944e-08
low,70.53000000000002,-69.67477635144456,-69.67477653660437,-69.6980755340136,9.72814228067413e-08
low,70.54,-69.67486736665653,-69.67486755173594,-69.6981588700177,9.695769124973185e-08
low,70.55,-69.67495835524286,-69.67495854024203,-69.6982421836992,9.66350370014008e-08
low,70.56000000000002,-69.67504931721341,-69.67504950213242,-69.6983254750628,9.631345647669661e-08
low,70.57000000000001,-69.675140252578,-69.67514043741697,-69.6984087441133,9.599294610250005e-08
low,70.58,-69.67523116134645,-69.67523134610549,-69.69849199085543,9.567350231758142e-08
low,70.59,-69.67532204352857,-69.67532222820782,-69.69857521529396,9.53551215725614e-08
low,70.60000000000001,-69.67541289913417,-69.67541308373372,-69.69865841743365,9.50378003298732e-08
low,70.61,-69.67550372817306,-69.67550391269302,-69.6987415972793,9.472153506372198e-08
low,70.62,-69.67559453065502,-69.6755947150955,-69.69882475483561,9.440632226004631e-08
low,70.63000000000001,-69.67568530658984,-69.67568549095097,-69.6989078901074,9.409215841647744e-08
low,70.64000000000001,-69.67577605598731,-69.6757762402692,-69.69899100309941,9.37790400423038e-08
low,70.65,-69.67586677885718,-69.67586696305995,-69.6990740938164,9.346696365842908e-08
low,70.66,-69.67595747520924,-69.67595765933298,-69.69915716226319,9.315592579733407e-08
low,70.67000000000002,-69.67604814505324,-69.67604832909805,-69.6992402084445,9.284592300303963e-08
low,70.68,-69.67613878839892,-69.67613897236492,-69.69932323236509,9.253695183106709e-08
low,70.69,-69.67622940525601,-69.67622958914333,-69.69940623402978,9.222900884840062e-08
low,70.7,-69.6763199956343,-69.67632017944302,-69.69948921344334,9.192209063344762e-08
low,70.71000000000001,-69.67641055954344,-69.67641074327372,-69.6995721706105,9.161619377600262e-08
low,70.72,-69.67650109699326,-69.67650128064514,-69.69965510553607,9.131131487720943e-08
low,70.73,-69.67659160799336,-69.67659179156702,-69.6997380182248,9.100745054952064e-08
low,70.74000000000001,-69.67668209255355,-69.67668227604905,-69.69982090868152,9.070459741666314e-08
low,70.75000000000001,-69.6767725506835,-69.67677273410095,-69.69990377691096,9.040275211359898e-08
low,70.76,-69.67686298239286,-69.67686316573239,-69.69998662291793,9.010191128648873e-08
low,70.77,-69.67695338769138,-69.67695357095307,-69.7000694467072,8.980207159265272e-08
low,70.78000000000002,-69.6770437665887,-69.67704394977268,-69.70015224828356,8.95032297005358e-08
low,70.79,-69.67713411909453,-69.6771343022009,-69.70023502765179,8.920538228967029e-08
low,70.8,-69.67722444521847,-69.67722462824736,-69.70031778481666,8.890852605063658e-08
low,70.81000000000002,-69.67731474497027,-69.67731492792174,-69.700400519783,8.861265768502924e-08
low,70.82000000000001,-69.67740501835954,-69.67740520123373,-69.70048323255556,8.831777390541892e-08
low,70.83,-69.67749526539592,-69.67749544819291,-69.70056592313912,8.80238714353165e-08
low,70.84,-69.67758548608906,-69.67758566880899,-69.70064859153851,8.77309470091353e-08
low,70.85000000000001,-69.67767568044862,-69.67767586309155,-69.70073123775849,8.743899737215648e-08
low,70.86,-69.67776584848417,-69.67776603105025,-69.70081386180388,8.714801928049312e-08
low,70.87,-69.67785599020537,-69.67785617269469,-69.70089646367944,8.685800950105134e-08
low,70.88000000000001,-69.67794610562183,-69.67794628803448,-69.70097904338998,8.656896481149764e-08
low,70.89000000000001,-69.67803619474316,-69.67803637707924,-69.70106160094029,8.628088200022137e-08
low,70.9,-69.67812625757891,-69.67812643983856,-69.70114413633519,8.599375786629972e-08
low,70.91,-69.67821629413874,-69.67821647632204,-69.70122664957945,8.570758921946099e-08
low,70.92000000000002,-69.67830630443221,-69.67830648653926,-69.70130914067789,8.54223728800506e-08
low,70.93,-69.6783962884689,-69.6783964704998,-69.7013916096353,8.513810567899612e-08
low,70.94,-69.6784862462584,-69.67848642821325,-69.70147405645646,8.485478445776921e-08
low,70.95,-69.67857617781024,-69.67857635968916,-69.70155648114621,8.457240606835403e-08
low,70.96000000000001,-69.678666083134,-69.67866626493709,-69.70163888370934,8.429096737320907e-08
low,70.97,-69.67875596223922,-69.67875614396658,-69.70172126415063,8.401046524523606e-08
low,70.98,-69.67884581513549,-69.6788459967872,-69.70180362247493,8.373089656774088e-08
low,70.99000000000001,-69.6789356418323,-69.67893582340848,-69.70188595868701,8.345225823440207e-08
low,71.00000000000001,-69.67902544233917,-69.67902562383992,-69.70196827279167,8.31745471492361e-08
low,71.01,-69.67911521666566,-69.67911539809108,-69.70205056479377,8.289776022656053e-08
low,71.02,-69.6792049648213,-69.67920514617148,-69.70213283469808,8.262189439096286e-08
low,71.03000000000002,-69.67929468681558,-69.67929486809064,-69.70221508250941,8.23469465772634e-08
low,71.04,-69.67938438265801,-69.67938456385802,-69.70229730823259,8.207291373048452e-08
low,71.05,-69.67947405235807,-69.67947423348315,-69.70237951187241,8.179979280581396e-08
low,71.06000000000002,-69.67956369592527,-69.67956387697552,-69.7024616934337,8.152758076857113e-08
low,71.07000000000001,-69.6796533133691,-69.67965349434462,-69.70254385292128,8.125627459417617e-08
low,71.08,-69.67974290469904,-69.67974308559992,-69.70262599033995,8.098587126811239e-08
low,71.09,-69.67983246992455,-69.6798326507509,-69.70270810569454,8.071636778589616e-08
low,71.10000000000001,-69.6799220090551,-69.679922189807,-69.70279019898986,8.044776115304074e-08
low,71.11000000000001,-69.68001152210016,-69.68001170277772,-69.70287227023071,8.018004838502607e-08
low,71.12,-69.68010100906919,-69.6801011896725,-69.70295431942195,7.991322650726308e-08
low,71.13000000000001,-69.6801904699716,-69.68019065050076,-69.70303634656835,7.964729255506064e-08
low,71.14000000000001,-69.68027990481686,-69.68028008527197,-69.70311835167479,7.938224357359546e-08
low,71.15,-69.6803693136144,-69.68036949399556,-69.70320033474606,7.91180766178753e-08
low,71.16,-69.68045869637363,-69.68045887668093,-69.70328229578696,7.885478875270958e-08
low,71.17000000000002,-69.680548053104,-69.68054823333752,-69.70336423480238,7.859237705267404e-08
low,71.18,-69.68063738381488,-69.68063756397474,-69.70344615179708,7.833083860208125e-08
low,71.19,-69.68072668851572,-69.68072686860201,-69.7035280467759,7.807017049494575e-08
low,71.2,-69.68081596721588,-69.6808161472287,-69.70360991974371,7.781036983495202e-08
low,71.21000000000001,-69.68090521992478,-69.68090539986422,-69.7036917707053,7.755143373542362e-08
low,71.22,-69.68099444665181,-69.68099462651796,-69.70377359966551,7.729335931929015e-08
low,71.23,-69.68108364740634,-69.68108382719929,-69.70385540662916,7.703614371905567e-08
low,71.24000000000001,-69.68117282219775,-69.6811730019176,-69.70393719160109,7.677978407676566e-08
low,71.25000000000001,-69.6812619710354,-69.68126215068226,-69.70401895458612,7.65242775439778e-08
low,71.26,-69.68135109392865,-69.6813512735026,-69.70410069558912,7.626962128172796e-08
low,71.27,-69.6814401908869,-69.681440370388,-69.70418241461489,7.601581246049901e-08
low,71.28000000000002,-69.68152926191942,-69.6815294413478,-69.70426411166828,7.576284826019055e-08
low,71.29,-69.68161830703559,-69.68161848639136,-69.7043457867541,7.551072587008666e-08
low,71.3,-69.68170732624478,-69.681707505528,-69.70442743987724,7.525944248882512e-08
low,71.31000000000002,-69.68179631955626,-69.68179649876703,-69.70450907104248,7.5008995324365e-08
low,71.32000000000001,-69.6818852869794,-69.6818854661178,-69.70459068025468,7.475938159395818e-08
low,71.33,-69.68197422852347,-69.68197440758962,-69.70467226751869,7.451059852411628e-08
low,71.34,-69.68206314419784,-69.68206332319181,-69.70475383283933,7.426264335057983e-08
low,71.35000000000001,-69.68215203401176,-69.68215221293366,-69.70483537622147,7.401551331828907e-08
low,71.36000000000001,-69.68224089797455,-69.68224107682445,-69.70491689766992,7.376920568135221e-08
low,71.37,-69.6823297360955,-69.68232991487349,-69.70499839718956,7.352371770301547e-08
low,71.38,-69.68241854838388,-69.68241872709008,-69.7050798747852,7.327904665563157e-08
low,71.39000000000001,-69.682507334849,-69.68250751348349,-69.70516133046169,7.303518982063083e-08
low,71.4,-69.68259609550012,-69.68259627406297,-69.7052427642239,7.279214448849111e-08
low,71.41,-69.68268483034649,-69.68268500883781,-69.70532417607666,7.254990795870546e-08
low,71.42000000000002,-69.68277353939739,-69.68277371781726,-69.70540556602481,7.230847753975462e-08
low,71.43,-69.68286222266205,-69.68286240101055,-69.7054869340732,7.206785054907593e-08
low,71.44,-69.68295088014973,-69.68295105842697,-69.7055682802267,7.182802431303391e-08
low,71.45,-69.6830395118697,-69.68303969007572,-69.70564960449013,7.158899616688966e-08
low,71.46000000000001,-69.68312811783112,-69.68312829596607,-69.70573090686835,7.135076345477239e-08
low,71.47,-69.68321669804327,-69.68321687610722,-69.70581218736622,7.111332352965033e-08
low,71.48,-69.68330525251535,-69.6833054305084,-69.70589344598861,7.087667375329882e-08
low,71.49000000000001,-69.68339378125663,-69.68339395917882,-69.70597468274035,7.064081149627378e-08
low,71.50000000000001,-69.68348228427625,-69.6834824621277,-69.70605589762627,7.040573413788099e-08
low,71.51,-69.68357076158344,-69.68357093936424,-69.70613709065127,7.017143906614767e-08
low,71.52,-69.6836592131874,-69.68365939089762,-69.7062182618202,6.993792367779231e-08
low,71.53000000000002,-69.68374763909728,-69.68374781673703,-69.70629941113789,6.97051853781971e-08
low,71.54,-69.6838360393223,-69.68383621689166,-69.70638053860921,6.947322158137926e-08
low,71.55,-69.68392441387165,-69.6839245913707,-69.70646164423903,6.924202970996018e-08
low,71.56000000000002,-69.6840127627545,-69.68401294018332,-69.70654272803219,6.90116071951391e-08
low,71.57000000000001,-69.68410108598,-69.68410126333868,-69.70662378999357,6.878195147666355e-08
low,71.58,-69.68418938355731,-69.68418956084594,-69.70670483012802,6.855306000280116e-08
low,71.59,-69.68427765549556,-69.68427783271423,-69.70678584844038,6.832493023031052e-08
low,71.60000000000001,-69.68436590180396,-69.68436607895275,-69.70686684493555,6.809755962441398e-08
low,71.61000000000001,-69.68445412249159,-69.68445429957058,-69.70694781961838,6.787094565876992e-08
low,71.62,-69.6845423175676,-69.68454249457689,-69.70702877249371,6.764508581544231e-08
low,71.63,-69.68463048704116,-69.6846306639808,-69.70710970356645,6.741997758487551e-08
low,71.64000000000001,-69.68471863092134,-69.68471880779144,-69.70719061284142,6.719561846586389e-08
low,71.65,-69.68480674921727,-69.68480692601791,-69.70727150032351,6.697200596552676e-08
low,71.66,-69.68489484193809,-69.68489501866935,-69.7073523660176,6.674913759927853e-08
low,71.67000000000002,-69.68498290909287,-69.68498308575484,-69.70743320992854,6.652701089080095e-08
low,71.68,-69.6850709506907,-69.68507112728346,-69.70751403206117,6.63056233720182e-08
low,71.69,-69.68515896674067,-69.68515914326431,-69.70759483242041,6.608497258306595e-08
low,71.7,-69.68524695725192,-69.68524713370651,-69.7076756110111,6.586505607226694e-08
low,71.71000000000001,-69.68533492223348,-69.68533509861912,-69.70775636783813,6.564587139610146e-08
low,71.72,-69.68542286169442,-69.68542303801118,-69.70783710290635,6.542741611918267e-08
low,71.73,-69.68551077564383,-69.6855109518918,-69.70791781622066,6.520968781422742e-08
low,71.74000000000001,-69.68559866409076,-69.68559884027,-69.70799850778589,6.499268406202942e-08
low,71.75000000000001,-69.68568652704428,-69.68568670315489,-69.70807917760695,6.477640245143456e-08
low,71.76,-69.68577436451342,-69.68577454055549,-69.7081598256887,6.45608405793109e-08
low,71.77,-69.68586217650721,-69.68586235248081,-69.70824045203601,6.434599605052479e-08
low,71.78000000000002,-69.68594996303473,-69.68595013893994,-69.70832105665379,6.41318664779119e-08
low,71.79,-69.68603772410499,-69.68603789994188,-69.70840163954686,6.39184494822532e-08
low,71.8,-69.68612545972701,-69.68612563549567,-69.70848220072014,6.370574269224659e-08
low,71.81000000000002,-69.6862131699098,-69.68621334561033,-69.70856274017851,6.34937437444804e-08
low,71.82000000000001,-69.68630085466242,-69.68630103029486,-69.70864325792681,6.32824502834095e-08
low,71.83,-69.68638851399383,-69.68638868955829,-69.70872375396996,6.307185996132592e-08
low,71.84,-69.68647614791306,-69.68647632340961,-69.70880422831281,6.286197043833544e-08
low,71.85000000000001,-69.68656375642905,-69.68656393185778,-69.70888468096027,6.265277938232947e-08
low,71.86000000000001,-69.68665133955085,-69.68665151491183,-69.70896511191721,6.244428446896143e-08
low,71.87,-69.68673889728743,-69.68673907258072,-69.7090455211885,6.223648338161903e-08
low,71.88,-69.68682642964772,-69.68682660487343,-69.70912590877903,6.202937381139872e-08
low,71.89000000000001,-69.68691393664076,-69.68691411179896,-69.70920627469368,6.182295345708115e-08
low,71.9,-69.68700141827549,-69.68700159336625,-69.70928661893734,6.161722002510469e-08
low,71.91,-69.68708887456084,-69.68708904958424,-69.7093669415149,6.141217122954043e-08
low,71.92000000000002,-69.6871763055058,-69.68717648046193,-69.70944724243124,6.120780479206566e-08
low,71.93,-69.68726371111931,-69.68726388600824,-69.70952752169124,6.10041184419407e-08
low,71.94,-69.68735109141032,-69.68735126623211,-69.70960777929979,6.080110991598184e-08
low,71.95,-69.68743844638773,-69.68743862114249,-69.70968801526178,6.059877695853624e-08
low,71.96000000000001,-69.68752577606053,-69.6875259507483,-69.70976822958208,6.039711732145808e-08
low,71.97000000000001,-69.68761308043757,-69.68761325505845,-69.70984842226561,6.019612876408262e-08
low,71.98,-69.68770035952782,-69.6877005340819,-69.70992859331723,5.999580905320185e-08
low,71.99000000000001,-69.68778761334019,-69.68778778782752,-69.71000874274186,5.979615596303847e-08
low,72.00000000000001,-69.68787484188354,-69.68787501630422,-69.71008887054438,5.959716727522343e-08
low,72.01,-69.68796204516684,-69.68796221952091,-69.71016897672968,5.939884077876923e-08
low,72.02,-69.6880492231989,-69.68804939748648,-69.71024906130263,5.920117427004568e-08
low,72.03000000000002,-69.68813637598869,-69.68813655020982,-69.71032912426816,5.900416555275642e-08
low,72.04,-69.68822350354506,-69.68822367769984,-69.71040916563113,5.880781243791369e-08
low,72.05,-69.6883106058769,-69.68831077996538,-69.71048918539645,5.861211274381437e-08
low,72.06,-69.68839768299306,-69.68839785701532,-69.710569183569,5.841706429601501e-08
low,72.07000000000001,-69.6884847349024,-69.68848490885853,-69.7106491601537,5.822266492730861e-08
low,72.08,-69.68857176161379,-69.68857193550386,-69.71072911515543,5.8028912477700815e-08
low,72.09,-69.68865876313609,-69.6886589369602,-69.71080904857908,5.783580479438403e-08
low,72.10000000000001,-69.68874573947816,-69.68874591323635,-69.71088896042957,5.764333973171552e-08
low,72.11000000000001,-69.68883269064884,-69.68883286434118,-69.71096885071178,5.745151515119264e-08
low,72.12,-69.68891961665693,-69.6889197902835,-69.71104871943061,5.7260328921429356e-08
low,72.13,-69.6890065175113,-69.68900669107218,-69.71112856659096,5.706977891813188e-08
low,72.14000000000001,-69.68909339322077,-69.68909356671602,-69.71120839219772,5.687986302407598e-08
low,72.15,-69.68918024379414,-69.68918041722385,-69.7112881962558,5.669057912908373e-08
low,72.16,-69.68926706924024,-69.68926724260447,-69.71136797877008,5.6501925129998154e-08
low,72.17000000000002,-69.68935386956785,-69.68935404286671,-69.71144773974551,5.631389893066199e-08
low,72.18,-69.68944064478582,-69.68944081801934,-69.71152747918696,5.612649844189331e-08
low,72.19,-69.68952739490292,-69.68952756807118,-69.7116071970993,5.593972158146273e-08
low,72.2,-69.68961411992794,-69.68961429303103,-69.71168689348748,5.575356627406947e-08
low,72.21000000000001,-69.68970081986967,-69.68970099290763,-69.71176656835641,5.5568030451319326e-08
low,72.22000000000001,-69.68978749473688,-69.68978766770981,-69.71184622171094,5.5383112051701835e-08
low,72.23,-69.68987414453834,-69.68987431744631,-69.71192585355602,5.519880902056561e-08
low,72.24000000000001,-69.68996076928283,-69.68996094212591,-69.71200546389655,5.5015119310097314e-08
low,72.25000000000001,-69.69004736897914,-69.69004754175738,-69.71208505273741,5.4832040879298865e-08
low,72.26,-69.69013394363596,-69.69013411634945,-69.71216462008351,5.464957169396297e-08
low,72.27,-69.6902204932621,-69.69022066591091,-69.71224416593978,5.44677097266528e-08
low,72.28000000000002,-69.6903070178663,-69.6903071904505,-69.71232369031112,5.4286452956677345e-08
low,72.29,-69.69039351745728,-69.69039368997693,-69.71240319320243,5.4105799370071395e-08
low,72.3,-69.69047999204375,-69.69048016449894,-69.71248267461863,5.392574695957047e-08
low,72.31,-69.69056644163449,-69.69056661402527,-69.71256213456462,5.374629372459073e-08
low,72.32000000000001,-69.69065286623818,-69.69065303856465,-69.7126415730453,5.3567437671204944e-08
low,72.33000000000001,-69.69073926586357,-69.69073943812576,-69.71272099006559,5.338917681212236e-08
low,72.34,-69.69082564051936,-69.69082581271736,-69.71280038563037,5.321150916666492e-08
low,72.35000000000001,-69.69091199021425,-69.69091216234813,-69.71287975974461,5.303443276074529e-08
low,72.36000000000001,-69.69099831495696,-69.69099848702679,-69.71295911241317,5.285794562684678e-08
low,72.37,-69.69108461475615,-69.69108478676199,-69.713038443641,5.2682045803998855e-08
low,72.38,-69.69117088962054,-69.69117106156246,-69.71311775343297,5.25067313377576e-08
low,72.39000000000001,-69.69125713955879,-69.69125731143687,-69.71319704179403,5.233200028018214e-08
low,72.4,-69.6913433645796,-69.69134353639389,-69.71327630872908,5.2157850689815044e-08
low,72.41,-69.69142956469162,-69.69142973644222,-69.71335555424302,5.198428063165906e-08
low,72.42000000000002,-69.69151573990354,-69.6915159115905,-69.71343477834077,5.181128817715567e-08
low,72.43,-69.691601890224,-69.69160206184739,-69.71351398102726,5.1638871404165416e-08
low,72.44,-69.69168801566171,-69.69168818722157,-69.71359316230738,5.1467028396944067e-08
low,72.45,-69.69177411622523,-69.69177428772167,-69.71367232218606,5.1295757246123485e-08
low,72.46000000000001,-69.69186019192328,-69.69186036335634,-69.71375146066822,5.112505604868856e-08
low,72.47000000000001,-69.69194624276447,-69.69194641413424,-69.71383057775877,5.0954922907958105e-08
low,72.48,-69.69203226875744,-69.69203244006395,-69.71390967346264,5.078535593356216e-08
low,72.49000000000001,-69.69211826991082,-69.69211844115416,-69.71398874778471,5.0616353241420925e-08
low,72.50000000000001,-69.69220424623323,-69.69220441741348,-69.71406780072995,5.044791295372571e-08
low,72.51,-69.69229019773327,-69.69229036885048,-69.71414683230324,5.028003319891546e-08
low,72.52,-69.69237612441958,-69.69237629547382,-69.7142258425095,5.0112712111658227e-08
low,72.53000000000002,-69.69246202630076,-69.6924621972921,-69.71430483135369,4.994594783282856e-08
low,72.54,-69.6925479033854,-69.69254807431389,-69.71438379884069,4.977973850948883e-08
low,72.55,-69.69263375568211,-69.69263392654781,-69.7144627449754,4.961408229486707e-08
low,72.56,-69.69271958319945,-69.69271975400245,-69.7145416697628,4.9448977348336626e-08
low,72.57000000000001,-69.69280538594603,-69.69280555668641,-69.71462057320777,4.928442183539657e-08
low,72.58000000000001,-69.69289116393044,-69.69289133460823,-69.71469945531524,4.912041392765061e-08
low,72.59,-69.69297691716125,-69.69297708777651,-69.71477831609013,4.8956951802787156e-08
low,72.60000000000001,-69.69306264564699,-69.69306281619981,-69.71485715553736,4.8794033644558166e-08
low,72.61000000000001,-69.69314834939627,-69.69314851988672,-69.71493597366187,4.863165764276073e-08
low,72.62,-69.69323402841762,-69.69323419884576,-69.71501477046856,4.8469821993215385e-08
low,72.63,-69.69331968271962,-69.6933198530855,-69.71509354596236,4.830852489774622e-08
low,72.64000000000001,-69.69340531231077,-69.69340548261447,-69.7151723001482,4.8147764564161814e-08
low,72.65,-69.69349091719965,-69.69349108744122,-69.71525103303101,4.7987539206234584e-08
low,72.66,-69.69357649739479,-69.69357666757428,-69.7153297446157,4.782784704368129e-08
low,72.67000000000002,-69.69366205290471,-69.6936622230222,-69.7154084349072,4.766868630214242e-08
low,72.68,-69.69374758373793,-69.6937477537935,-69.71548710391045,4.7510055213164154e-08
low,72.69,-69.693833089903,-69.69383325989668,-69.71556575163034,4.7351952014177225e-08
low,72.7,-69.69391857140839,-69.69391874134027,-69.71564437807181,4.719437494847744e-08
low,72.71000000000001,-69.69400402826265,-69.69400419813279,-69.71572298323981,4.7037322265207064e-08
low,72.72000000000001,-69.69408946047427,-69.69408963028273,-69.71580156713927,4.688079221933467e-08
low,72.73,-69.69417486805175,-69.6941750377986,-69.71588012977506,4.672478307163608e-08
low,72.74,-69.69426025100358,-69.69426042068886,-69.71595867115217,4.6569293088674386e-08
low,72.75000000000001,-69.69434560933827,-69.69434577896205,-69.7160371912755,4.64143205427815e-08
low,72.76,-69.69443094306425,-69.6944311126266,-69.71611569014999,4.625986371203917e-08
low,72.77,-69.69451625219004,-69.69451642169103,-69.71619416778054,4.610592088025828e-08
low,72.78000000000002,-69.69460153672414,-69.6946017061638,-69.71627262417212,4.5952490336961516e-08
low,72.79,-69.69468679667492,-69.69468696605334,-69.71635105932965,4.579957037736348e-08
low,72.8,-69.69477203205092,-69.69477220136817,-69.71642947325803,4.5647159302352096e-08
low,72.81,-69.69485724286059,-69.6948574121167,-69.71650786596221,4.5495255418469094e-08
low,72.82000000000001,-69.69494242911234,-69.69494259830739,-69.71658623744713,4.534385703789197e-08
low,72.83000000000001,-69.69502759081466,-69.6950277599487,-69.7166645877177,4.519296247841541e-08
low,72.84,-69.69511272797597,-69.69511289704906,-69.71674291677887,4.50425700634312e-08
low,72.85000000000001,-69.69519784060468,-69.69519800961692,-69.71682122463555,4.489267812191091e-08
low,72.86000000000001,-69.69528292870929,-69.69528309766069,-69.71689951129271,4.47432849883875e-08
low,72.87,-69.69536799229817,-69.69536816118882,-69.71697777675526,4.459438900293524e-08
low,72.88,-69.69545303137974,-69.69545320020968,-69.71705602102811,4.444598851115306e-08
low,72.89000000000001,-69.69553804596242,-69.69553821473173,-69.71713424411621,4.429808186414463e-08
low,72.9,-69.69562303605463,-69.69562320476336,-69.7172124460245,4.4150667418501846e-08
low,72.91,-69.69570800166477,-69.695708170313,-69.71729062675794,4.4003743536284454e-08
low,72.92000000000002,-69.69579294280123,-69.695793111389,-69.71736878632143,4.385730858500335e-08
low,72.93,-69.69587785947243,-69.6958780279998,-69.71744692471988,4.37113609376025e-08
low,72.94,-69.69596275168672,-69.69596292015376,-69.71752504195827,4.3565898972439386e-08
low,72.95,-69.69604761945254,-69.69604778785927,-69.71760313804153,4.3420921073268774e-08
low,72.96000000000001,-69.6961324627782,-69.69613263112471,-69.71768121297455,4.327642562922316e-08
low,72.97000000000001,-69.69621728167208,-69.69621744995845,-69.71775926676233,4.313241103479674e-08
low,72.98,-69.6963020761426,-69.69630224436887,-69.71783729940977,4.298887568982543e-08
low,72.99,-69.69638684619808,-69.6963870143643,-69.71791531092181,4.284581799947087e-08
low,73.00000000000001,-69.6964715918469,-69.69647175995313,-69.7179933013034,4.2703236374201234e-08
low,73.01,-69.6965563130974,-69.69655648114369,-69.71807127055943,4.2561129229775254e-08
low,73.02,-69.69664100995793,-69.69664117794434,-69.71814921869489,4.2419494987223176e-08
low,73.03000000000002,-69.6967256824368,-69.69672585036342,-69.71822714571469,4.227833207282929e-08
low,73.04,-69.69681033054239,-69.69681049840926,-69.7183050516238,4.2137638918115926e-08
low,73.05,-69.69689495428305,-69.69689512209021,-69.7183829364271,4.1997413959823906e-08
low,73.06,-69.69697955366705,-69.69697972141458,-69.71846080012958,4.185765563989699e-08
low,73.07000000000001,-69.69706412870276,-69.69706429639069,-69.71853864273615,4.1718362405463084e-08
low,73.08000000000001,-69.69714867939845,-69.69714884702687,-69.71861646425177,4.1579532708818586e-08
low,73.09,-69.69723320576246,-69.6972333733314,-69.71869426468136,4.1441165007409874e-08
low,73.10000000000001,-69.6973177078031,-69.69731787531262,-69.71877204402986,4.1303257763816204e-08
low,73.11000000000001,-69.69740218552865,-69.69740235297881,-69.71884980230223,4.116580944573402e-08
low,73.12,-69.6974866389474,-69.69748680633829,-69.71892753950338,4.1028818525957927e-08
low,73.13,-69.69757106806767,-69.69757123539931,-69.71900525563828,4.08922834823655e-08
low,73.14000000000001,-69.69765547289772,-69.69765564017018,-69.71908295071185,4.0756202797898825e-08
low,73.15,-69.69773985344585,-69.6977400206592,-69.71916062472903,4.062057496054937e-08
low,73.16,-69.69782420972034,-69.6978243768746,-69.71923827769477,4.0485398463339744e-08
low,73.17000000000002,-69.69790854172945,-69.6979087088247,-69.71931590961401,4.035067180430705e-08
low,73.18,-69.69799284948142,-69.69799301651771,-69.71939352049168,4.02163934864876e-08
low,73.19000000000001,-69.69807713298458,-69.69807729996195,-69.71947111033273,4.008256201789827e-08
low,73.2,-69.6981613922471,-69.69816155916564,-69.71954867914211,3.994917591152166e-08
low,73.21000000000001,-69.69824562727729,-69.69824579413702,-69.71962622692475,3.981623368528811e-08
low,73.22000000000001,-69.69832983808337,-69.69833000488437,-69.7197037536856,3.9683733862060844e-08
low,73.23,-69.6984140246736,-69.6984141914159,-69.71978125942958,3.9551674969618227e-08
low,73.24,-69.6984981870562,-69.69849835373988,-69.71985874416166,3.94200555406376e-08
low,73.25000000000001,-69.69858232523939,-69.6985824918645,-69.71993620788678,3.928887411267964e-08
low,73.26,-69.6986664392314,-69.698666605798,-69.72001365060986,3.9158129228171595e-08
low,73.27,-69.69875052904048,-69.69875069554863,-69.72009107233586,3.902781943439131e-08
low,73.28000000000002,-69.69883459467484,-69.69883476112456,-69.72016847306972,3.889794328345042e-08
low,73.29,-69.69891863614265,-69.69891880253402,-69.7202458528164,3.876849933227967e-08
low,73.3,-69.69900265345215,-69.69900281978522,-69.72032321158082,3.8639486142611604e-08
low,73.31,-69.69908664661153,-69.69908681288635,-69.72040054936794,3.851090228096473e-08
low,73.32000000000001,-69.69917061562899,-69.69917078184561,-69.7204778661827,3.838274631862829e-08
low,73.33000000000001,-69.69925456051271,-69.6992547266712,-69.72055516203005,3.825501683164583e-08
low,73.34,-69.6993384812709,-69.69933864737129,-69.72063243691491,3.8127712400799655e-08
low,73.35000000000001,-69.69942237791173,-69.69942254395409,-69.72070969084224,3.8000831611594375e-08
low,73.36000000000001,-69.69950625044333,-69.69950641642774,-69.72078692381699,3.787437305424253e-08
low,73.37,-69.69959009887395,-69.69959026480042,-69.7208641358441,3.774833532364774e-08
low,73.38,-69.69967392321173,-69.69967408908032,-69.72094132692852,3.762271701938922e-08
low,73.39000000000001,-69.69975772346478,-69.69975788927556,-69.72101849707519,3.7497516745706857e-08
low,73.4,-69.69984149964131,-69.69984166539432,-69.72109564628907,3.7372733111485237e-08
low,73.41,-69.69992525174945,-69.69992541744475,-69.7211727745751,3.724836473023836e-08
low,73.42,-69.70000897979736,-69.70000914543499,-69.7212498819382,3.7124410220093796e-08
low,73.43,-69.70009268379317,-69.7000928493732,-69.72132696838335,3.700086820377793e-08
low,73.44000000000001,-69.70017636374504,-69.7001765292675,-69.72140403391546,3.687773730860081e-08
low,73.45,-69.70026001966107,-69.70026018512603,-69.72148107853953,3.6755016166439717e-08
low,73.46000000000001,-69.70034365154939,-69.7003438169569,-69.72155810226046,3.663270341372516e-08
low,73.47000000000001,-69.70042725941816,-69.70042742476826,-69.72163510508321,3.651079769142566e-08
low,73.48,-69.70051084327544,-69.7005110085682,-69.72171208701273,3.6389297645031704e-08
low,73.49,-69.70059440312939,-69.70059456836483,-69.72178904805398,3.626820192454137e-08
low,73.50000000000001,-69.70067793898808,-69.70067810416629,-69.72186598821189,3.6147509184445434e-08
low,73.51,-69.70076145085964,-69.70076161598065,-69.72194290749141,3.6027218083712576e-08
low,73.52,-69.70084493875216,-69.70084510381602,-69.72201980589749,3.590732728577339e-08
low,73.53000000000002,-69.70092840267375,-69.70092856768052,-69.72209668343507,3.578783545850666e-08
low,73.54,-69.70101184263247,-69.7010120075822,-69.72217354010911,3.56687412742246e-08
low,73.55000000000001,-69.70109525863641,-69.70109542352915,-69.72225037592456,3.555004340965686e-08
low,73.56,-69.70117865069365,-69.70117881552945,-69.72232719088635,3.5431740545937304e-08
low,73.57000000000001,-69.70126201881229,-69.7012621835912,-69.72240398499945,3.53138313685881e-08
low,73.58000000000001,-69.70134536300037,-69.70134552772245,-69.72248075826879,3.519631456750654e-08
low,73.59,-69.70142868326596,-69.70142884793124,-69.72255751069932,3.507918883694883e-08
low,73.60000000000001,-69.70151197961712,-69.70151214422565,-69.722634242296,3.496245287551675e-08
low,73.61000000000001,-69.70159525206188,-69.70159541661373,-69.72271095306377,3.484610538614322e-08
low,73.62,-69.70167850060835,-69.70167866510356,-69.72278764300759,3.4730145076076804e-08
low,73.63,-69.70176172526452,-69.70176188970315,-69.7228643121324,3.461457065686867e-08
low,73.64000000000001,-69.70184492603845,-69.70184509042055,-69.72294096044315,3.449938084435703e-08
low,73.65,-69.7019281029382,-69.7019282672638,-69.72301758794478,3.438457435865439e-08
low,73.66,-69.70201125597177,-69.70201142024092,-69.72309419464227,3.42701499241316e-08
low,73.67,-69.70209438514718,-69.70209454935996,-69.72317078054056,3.415610626940511e-08
low,73.68,-69.70217749047248,-69.70217765462891,-69.72324734564455,3.404244212732164e-08
low,73.69000000000001,-69.70226057195569,-69.70226073605582,-69.72332388995926,3.39291562349455e-08
low,73.7,-69.70234362960478,-69.70234379364868,-69.7234004134896,3.381624733354338e-08
low,73.71000000000001,-69.70242666342779,-69.70242682741548,-69.72347691624051,3.370371416857041e-08
low,73.72000000000001,-69.7025096734327,-69.70250983736425,-69.72355339821698,3.359155548965741e-08
low,73.73,-69.70259265962753,-69.70259282350298,-69.72362985942394,3.347977005059532e-08
low,73.74,-69.70267562202027,-69.70267578583966,-69.72370629986631,3.3368356609322805e-08
low,73.75000000000001,-69.70275856061889,-69.70275872438229,-69.72378271954908,3.325731392791123e-08
low,73.76,-69.70284147543138,-69.70284163913885,-69.72385911847721,3.3146640772552225e-08
low,73.77,-69.70292436646577,-69.70292453011731,-69.72393549665561,3.3036335913542943e-08
low,73.78000000000002,-69.70300723372996,-69.70300739732565,-69.72401185408926,3.292639812527234e-08
low,73.79,-69.70309007723195,-69.70309024077184,-69.7240881907831,3.281682618620879e-08
low,73.80000000000001,-69.70317289697971,-69.70317306046384,-69.72416450674208,3.270761887888481e-08
low,73.81,-69.70325569298119,-69.7032558564096,-69.72424080197115,3.259877498988498e-08
low,73.82000000000001,-69.70333846524436,-69.7033386286171,-69.72431707647524,3.249029330983131e-08
low,73.83000000000001,-69.70342121377716,-69.70342137709429,-69.72439333025935,3.2382172633371004e-08
low,73.84,-69.70350393858753,-69.70350410184909,-69.72446956332838,3.227441175916211e-08
low,73.85000000000001,-69.70358663968344,-69.70358680288948,-69.72454577568732,3.216700948986014e-08
low,73.86000000000001,-69.70366931707281,-69.70366948022337,-69.7246219673411,3.205996463210588e-08
low,73.87,-69.70375197076356,-69.7037521338587,-69.72469813829468,3.19532759965106e-08
low,73.88,-69.70383460076366,-69.7038347638034,-69.72477428855301,3.1846942397644125e-08
low,73.89000000000001,-69.70391720708095,-69.70391737006537,-69.72485041812102,3.174096265402059e-08
low,73.9,-69.70399978972343,-69.70399995265255,-69.7249265270037,3.163533558808655e-08
low,73.91,-69.70408234869899,-69.70408251157286,-69.72500261520598,3.1530060026206846e-08
low,73.92,-69.70416488401553,-69.70416504683422,-69.7250786827328,3.1425134798651704e-08
low,73.93,-69.70424739568094,-69.7042475584445,-69.72515472958912,3.132055873958429e-08
low,73.94000000000001,-69.70432988370318,-69.70433004641161,-69.72523075577989,3.121633068704732e-08
low,73.95,-69.7044123480901,-69.70441251074348,-69.72530676131007,3.111244948295037e-08
low,73.96000000000001,-69.70449478884959,-69.70449495144796,-69.72538274618461,3.1008913973056433e-08
low,73.97000000000001,-69.70457720598952,-69.70457736853292,-69.72545871040845,3.0905723006970214e-08
low,73.98,-69.70465959951783,-69.7046597620063,-69.72553465398656,3.0802875438124355e-08
low,73.99,-69.70474196944235,-69.70474213187596,-69.72561057692387,3.0700370123766835e-08
low,74.00000000000001,-69.70482431577095,-69.70482447814975,-69.72568647922533,3.059820592494876e-08
low,74.01,-69.70490663851152,-69.70490680083553,-69.72576236089593,3.049638170651131e-08
low,74.02,-69.70498893767196,-69.70498909994122,-69.72583822194058,3.0394896337073335e-08
low,74.03000000000002,-69.70507121326004,-69.70507137547463,-69.72591406236424,3.0293748689018275e-08
low,74.04,-69.70515346528369,-69.70515362744362,-69.72598988217187,3.019293763848264e-08
low,74.05000000000001,-69.70523569375072,-69.70523585585606,-69.72606568136842,3.009246206534261e-08
low,74.06,-69.70531789866901,-69.70531806071978,-69.72614145995885,2.999232085320168e-08
low,74.07000000000001,-69.70540008004636,-69.70540024204263,-69.7262172179481,2.989251288937869e-08
low,74.08000000000001,-69.70548223789062,-69.70548239983243,-69.72629295534112,2.9793037064895554e-08
low,74.09,-69.70556437220968,-69.70556453409704,-69.72636867214288,2.9693892274464092e-08
low,74.1,-69.70564648301126,-69.70564664484425,-69.7264443683583,2.9595077416474397e-08
low,74.11000000000001,-69.70572857030325,-69.70572873208192,-69.72652004399235,2.9496591392982595e-08
low,74.12,-69.70581063409348,-69.70581079581785,-69.72659569904998,2.9398433109698835e-08
low,74.13,-69.70589267438973,-69.70589283605985,-69.72667133353615,2.930060147597419e-08
low,74.14000000000001,-69.70597469119981,-69.70597485281574,-69.72674694745578,2.920309540478952e-08
low,74.15,-69.70605668453157,-69.70605684609333,-69.72682254081386,2.9105913812743318e-08
low,74.16,-69.70613865439276,-69.70613881590042,-69.72689811361532,2.9009055620038827e-08
low,74.17,-69.70622060079121,-69.70622076224478,-69.72697366586512,2.8912519750473115e-08
low,74.18,-69.70630252373466,-69.70630268513422,-69.72704919756818,2.8816305131424096e-08
low,74.19000000000001,-69.70638442323096,-69.70638458457654,-69.7271247087295,2.872041069383987e-08
low,74.2,-69.70646629928788,-69.70646646057952,-69.72720019935402,2.86248353722254e-08
low,74.21000000000001,-69.70654815191318,-69.70654831315092,-69.72727566944667,2.852957810463168e-08
low,74.22000000000001,-69.70662998111465,-69.70663014229852,-69.72735111901241,2.8434637832643948e-08
low,74.23,-69.70671178690003,-69.7067119480301,-69.7274265480562,2.834001350136902e-08
low,74.24,-69.70679356927711,-69.70679373035343,-69.72750195658298,2.8245704059424657e-08
low,74.25000000000001,-69.70687532825364,-69.70687548927623,-69.72757734459769,2.8151708458926903e-08
low,74.26,-69.7069570638374,-69.7069572248063,-69.72765271210531,2.805802565547963e-08
low,74.27,-69.70703877603611,-69.70703893695138,-69.72772805911079,2.7964654608161538e-08
low,74.28000000000002,-69.70712046485755,-69.70712062571921,-69.72780338561905,2.7871594279515578e-08
low,74.29,-69.70720213030943,-69.70720229111754,-69.72787869163507,2.7778843635537456e-08
low,74.30000000000001,-69.7072837723995,-69.7072839331541,-69.72795397716379,2.7686401645663192e-08
low,74.31,-69.70736539113551,-69.70736555183665,-69.72802924221016,2.759426728275882e-08
low,74.32000000000001,-69.70744698652517,-69.70744714717287,-69.72810448677912,2.750243952310795e-08
low,74.33000000000001,-69.70752855857621,-69.70752871917055,-69.72817971087564,2.741091734640159e-08
low,74.34,-69.70761010729638,-69.70761026783737,-69.72825491450466,2.7319699735725432e-08
low,74.35,-69.70769163269337,-69.70769179318106,-69.72833009767113,2.7228785677549724e-08
low,74.36000000000001,-69.70777313477488,-69.70777329520932,-69.72840526038,2.713817416171704e-08
low,74.37,-69.70785461354866,-69.70785477392987,-69.72848040263622,2.7047864181432116e-08
low,74.38,-69.70793606902237,-69.7079362293504,-69.72855552444476,2.695785473324979e-08
low,74.39000000000001,-69.7080175012037,-69.7080176614786,-69.72863062581055,2.6868144817063882e-08
low,74.4,-69.70809891010039,-69.7080990703222,-69.72870570673854,2.6778733436096996e-08
low,74.41000000000001,-69.70818029572011,-69.70818045588888,-69.72878076723369,2.668961959688814e-08
low,74.42,-69.70826165807057,-69.70826181818632,-69.72885580730093,2.6600802309282815e-08
low,74.43,-69.70834299715942,-69.7083431572222,-69.72893082694524,2.651228058642108e-08
low,74.44000000000001,-69.70842431299435,-69.70842447300421,-69.72900582617154,2.6424053444727597e-08
low,74.45,-69.70850560558303,-69.70850576554,-69.7290808049848,2.6336119903899894e-08
low,74.46000000000001,-69.70858687493315,-69.70858703483727,-69.72915576338998,2.624847898689744e-08
low,74.47000000000001,-69.70866812105234,-69.70866828090365,-69.72923070139198,2.6161129719931743e-08
low,74.48,-69.70874934394827,-69.70874950374682,-69.72930561899581,2.6074071132454203e-08
low,74.49,-69.7088305436286,-69.70883070337443,-69.72938051620638,2.5987302257146487e-08
low,74.50000000000001,-69.70891172010099,-69.70891187979414,-69.72945539302864,2.59008221299088e-08
low,74.51,-69.70899287337308,-69.70899303301358,-69.72953024946757,2.5814629789850227e-08
low,74.52,-69.70907400345254,-69.70907416304044,-69.72960508552808,2.572872427927722e-08
low,74.53000000000002,-69.70915511034698,-69.70915526988232,-69.72967990121516,2.564310464368294e-08
low,74.54,-69.70923619406403,-69.70923635354686,-69.72975469653372,2.555776993173759e-08
low,74.55000000000001,-69.70931725461135,-69.70931741404168,-69.72982947148873,2.5472719195276553e-08
low,74.56,-69.70939829199654,-69.70939845137443,-69.72990422608513,2.5387951489290954e-08
low,74.57000000000001,-69.70947930622722,-69.70947946555272,-69.72997896032787,2.530346587191625e-08
low,74.58000000000001,-69.70956029731103,-69.70956045658414,-69.7300536742219,2.5219261404422756e-08
low,74.59,-69.70964126525557,-69.70964142447637,-69.73012836777218,2.5135337151204412e-08
low,74.6,-69.70972221006846,-69.70972236923697,-69.73020304098364,2.505169217976848e-08
low,74.61000000000001,-69.70980313175727,-69.70980329087355,-69.73027769386123,2.4968325560725607e-08
low,74.62,-69.70988403032965,-69.7098841893937,-69.7303523264099,2.4885236367779178e-08
low,74.63,-69.70996490579316,-69.70996506480506,-69.7304269386346,2.4802423677715166e-08
low,74.64000000000001,-69.71004575815543,-69.7100459171152,-69.7305015305403,2.4719886570391453e-08
low,74.65,-69.71012658742401,-69.7101267463317,-69.7305761021319,2.4637624128728485e-08
low,74.66000000000001,-69.71020739360651,-69.71020755246214,-69.73065065341439,2.455563543869829e-08
low,74.67,-69.71028817671048,-69.71028833551411,-69.73072518439268,2.44739195893144e-08
low,74.68,-69.71036893674352,-69.7103690954952,-69.73079969507177,2.439247567262209e-08
low,74.69000000000001,-69.7104496737132,-69.71044983241293,-69.73087418545654,2.431130278368838e-08
low,74.7,-69.71053038762709,-69.71053054627492,-69.73094865555197,2.4230400020591276e-08
low,74.71000000000001,-69.71061107849273,-69.71061123708871,-69.73102310536302,2.4149766484410175e-08
low,74.72000000000001,-69.71069174631769,-69.71069190486187,-69.73109753489462,2.4069401279216332e-08
low,74.73,-69.71077239110957,-69.71077254960196,-69.73117194415173,2.3989303512062192e-08
low,74.74,-69.71085301287584,-69.71085317131649,-69.73124633313928,2.390947229297157e-08
low,74.75000000000001,-69.7109336116241,-69.71093377001306,-69.73132070186222,2.3829906734930107e-08
low,74.76,-69.7110141873619,-69.71101434569918,-69.7313950503255,2.375060595387547e-08
low,74.77000000000001,-69.71109474009674,-69.7110948983824,-69.73146937853409,2.3671569068686812e-08
low,74.78,-69.71117526983618,-69.71117542807025,-69.73154368649288,2.359279520117586e-08
low,74.79,-69.7112557765877,-69.71125593477025,-69.73161797420686,2.3514283476076376e-08
low,74.80000000000001,-69.7113362603589,-69.71133641848992,-69.73169224168093,2.3436033021035368e-08
low,74.81,-69.71141672115728,-69.71141687923681,-69.73176648892009,2.3358042966602295e-08
low,74.82000000000001,-69.71149715899031,-69.71149731701843,-69.73184071592925,2.3280312446220187e-08
low,74.83000000000001,-69.71157757386558,-69.71157773184228,-69.73191492271337,2.3202840596216047e-08
low,74.84,-69.71165796579052,-69.71165812371588,-69.7319891092774,2.3125626555790493e-08
low,74.85,-69.7117383347727,-69.71173849264673,-69.73206327562625,2.304866946700911e-08
low,74.86000000000001,-69.71181868081958,-69.71181883864232,-69.73213742176489,2.2971968474792108e-08
low,74.87,-69.71189900393867,-69.71189916171015,-69.73221154769827,2.2895522726905767e-08
low,74.88,-69.71197930413747,-69.71197946185774,-69.73228565343132,2.281933137395186e-08
low,74.89000000000001,-69.71205958142346,-69.71205973909255,-69.73235973896898,2.2743393569359017e-08
low,74.9,-69.71213983580411,-69.71213999342207,-69.7324338043162,2.2667708469373316e-08
low,74.91000000000001,-69.71222006728695,-69.7122202248538,-69.73250784947793,2.259227523304818e-08
low,74.92,-69.7123002758794,-69.71230043339519,-69.7325818744591,2.251709302223592e-08
low,74.93,-69.71238046158894,-69.7123806190537,-69.73265587926468,2.2442161001577627e-08
low,74.94000000000001,-69.71246062442307,-69.71246078183685,-69.73272986389958,2.236747833849484e-08
low,74.95,-69.71254076438925,-69.71254092175207,-69.73280382836877,2.2293044203179187e-08
low,74.96000000000001,-69.71262088149491,-69.7126210388068,-69.73287777267717,2.2218857768583958e-08
low,74.97000000000001,-69.71270097574752,-69.71270113300854,-69.73295169682972,2.2144918210414903e-08
low,74.98,-69.71278104715454,-69.7127812043647,-69.73302560083137,2.2071224707120377e-08
low,74.99,-69.7128610957234,-69.71286125288277,-69.73309948468707,2.199777643988308e-08
low,75.00000000000001,-69.71294112146157,-69.71294127857016,-69.73317334840176,2.1924572592610166e-08
low,75.01,-69.71302112437647,-69.71302128143432,-69.73324719198037,2.1851612351925105e-08
low,75.02000000000001,-69.71310110447554,-69.71310126148269,-69.73332101542785,2.1778894907157578e-08
low,75.03,-69.71318106176622,-69.71318121872271,-69.73339481874916,2.1706419450335377e-08
low,75.04,-69.71326099625593,-69.71326115316178,-69.7334686019492,2.163418517617468e-08
low,75.05000000000001,-69.71334090795209,-69.71334106480737,-69.73354236503292,2.1562191282071924e-08
low,75.06,-69.71342079686212,-69.71342095366684,-69.73361610800526,2.1490436968094214e-08
low,75.07000000000001,-69.71350066299347,-69.71350081974764,-69.7336898308712,2.1418921436970427e-08
low,75.08000000000001,-69.71358050635348,-69.71358066305717,-69.73376353363562,2.1347643894083115e-08
low,75.09,-69.71366032694962,-69.71366048360287,-69.73383721630351,2.127660354745862e-08
low,75.1,-69.71374012478925,-69.7137402813921,-69.73391087887977,2.120579960775918e-08
low,75.11000000000001,-69.71381989987984,-69.71382005643228,-69.73398452136936,2.1135231288273394e-08
low,75.12,-69.7138996522287,-69.71389980873082,-69.73405814377723,2.1064897804908335e-08
low,75.13,-69.71397938184326,-69.71397953829506,-69.73413174610829,2.0994798376180116e-08
low,75.14000000000001,-69.71405908873092,-69.71405924513243,-69.73420532836751,2.0924932223205257e-08
low,75.15,-69.71413877289903,-69.71413892925031,-69.7342788905598,2.0855298569692754e-08
low,75.16000000000001,-69.71421843435499,-69.71421859065607,-69.7343524326901,2.0785896641934396e-08
low,75.17,-69.71429807310618,-69.71429822935708,-69.73442595476337,2.071672566879709e-08
low,75.18,-69.71437768915997,-69.71437784536073,-69.73449945678453,2.064778488171354e-08
low,75.19000000000001,-69.71445728252372,-69.71445743867439,-69.73457293875852,2.0579073514674505e-08
low,75.2,-69.71453685320482,-69.71453700930542,-69.73464640069027,2.051059080421965e-08
low,75.21000000000001,-69.71461640121059,-69.71461655726115,-69.73471984258472,2.0442335989429042e-08
low,75.22000000000001,-69.7146959265484,-69.71469608254895,-69.73479326444682,2.0374308311915442e-08
low,75.23,-69.71477542922561,-69.71477558517621,-69.73486666628148,2.0306507015814846e-08
low,75.24,-69.71485490924955,-69.71485506515023,-69.73494004809366,2.023893134777897e-08
low,75.25000000000001,-69.71493436662762,-69.7149345224784,-69.7350134098883,2.0171580556966146e-08
low,75.26,-69.71501380136709,-69.715013957168,-69.73508675167032,2.0104453895033773e-08
low,75.27000000000001,-69.71509321347531,-69.71509336922641,-69.73516007344465,2.0037550616129366e-08
low,75.28,-69.71517260295964,-69.71517275866094,-69.73523337521623,1.9970869976882322e-08
low,75.29,-69.7152519698274,-69.71525212547894,-69.73530665698999,1.990441123639597e-08
low,75.30000000000001,-69.71533131408592,-69.71533146968773,-69.73537991877087,1.9838173656239386e-08
low,75.31,-69.71541063574247,-69.7154107912946,-69.73545316056384,1.9772156500438636e-08
low,75.32000000000001,-69.71548993480444,-69.7154900903069,-69.73552638237376,1.9706359035468942e-08
low,75.33000000000001,-69.71556921127912,-69.71556936673196,-69.73559958420562,1.9640780530246903e-08
low,75.34,-69.71564846517379,-69.71564862057704,-69.73567276606433,1.9575420256121773e-08
low,75.35,-69.71572769649576,-69.71572785184945,-69.73574592795482,1.9510277486867484e-08
low,75.36000000000001,-69.71580690525235,-69.71580706055654,-69.73581906988204,1.944535149867481e-08
low,75.37,-69.71588609145088,-69.71588624670555,-69.73589219185091,1.9380641570143427e-08
low,75.38,-69.71596525509858,-69.71596541030381,-69.73596529386636,1.9316146982273254e-08
low,75.39000000000001,-69.71604439620279,-69.71604455135859,-69.73603837593333,1.925186701845717e-08
low,75.4,-69.71612351477077,-69.71612366987719,-69.73611143805677,1.9187800964472684e-08
low,75.41000000000001,-69.71620261080983,-69.71620276586688,-69.73618448024158,1.912394810847417e-08
low,75.42,-69.7162816843272,-69.71628183933493,-69.73625750249269,1.906030774098465e-08
low,75.43,-69.7163607353302,-69.71636089028864,-69.73633050481504,1.899687915488828e-08
low,75.44000000000001,-69.71643976382607,-69.71643991873526,-69.73640348721358,1.893366164542254e-08
low,75.45,-69.71651876982212,-69.71651892468206,-69.73647644969321,1.8870654510169803e-08
low,75.46,-69.71659775332554,-69.71659790813631,-69.7365493922589,1.880785704905028e-08
low,75.47000000000001,-69.71667671434368,-69.71667686910527,-69.73662231491551,1.8745268564313555e-08
low,75.48,-69.71675565288369,-69.71675580759616,-69.73669521766803,1.868288836053164e-08
low,75.49,-69.7168345689529,-69.71683472361629,-69.73676810052136,1.862071574459032e-08
low,75.50000000000001,-69.71691346255855,-69.71691361717286,-69.73684096348045,1.855875002568211e-08
low,75.51,-69.71699233370785,-69.71699248827314,-69.7369138065502,1.849699051529859e-08
low,75.52000000000001,-69.71707118240808,-69.71707133692435,-69.73698662973557,1.8435436527222135e-08
low,75.53,-69.71715000866644,-69.71715016313375,-69.73705943304147,1.8374087377519045e-08
low,75.54,-69.71722881249016,-69.71722896690855,-69.73713221647283,1.8312942384531277e-08
low,75.55000000000001,-69.71730759388649,-69.71730774825598,-69.73720498003458,1.825200086886965e-08
low,75.56,-69.71738635286266,-69.71738650718326,-69.73727772373164,1.8191262153405387e-08
low,75.57000000000001,-69.71746508942586,-69.71746524369762,-69.73735044756893,1.8130725563263255e-08
low,75.58000000000001,-69.71754380358333,-69.71754395780628,-69.73742315155138,1.8070390425814038e-08
low,75.59,-69.71762249534227,-69.71762264951646,-69.73749583568394,1.801025607066651e-08
low,75.6,-69.71770116470991,-69.71770131883534,-69.73756849997152,1.7950321829660674e-08
low,75.61000000000001,-69.71777981169342,-69.71777996577015,-69.73764114441902,1.789058703685972e-08
low,75.62,-69.71785843630003,-69.71785859032809,-69.7377137690314,1.7831051028543358e-08
low,75.63000000000001,-69.71793703853693,-69.71793719251635,-69.73778637381356,1.7771713143199588e-08
low,75.64000000000001,-69.71801561841134,-69.71801577234213,-69.73785895877043,1.7712572721517958e-08
low,75.65,-69.71809417593042,-69.71809432981262,-69.73793152390697,1.7653629106382257e-08
low,75.66000000000001,-69.71817271110135,-69.718172864935,-69.73800406922805,1.7594881642862628e-08
low,75.67,-69.71825122393132,-69.71825137771644,-69.73807659473863,1.7536329678209002e-08
low,75.68,-69.7183297144275,-69.71832986816413,-69.7381491004436,1.74779725618432e-08
low,75.69000000000001,-69.71840818259707,-69.71840833628526,-69.7382215863479,1.7419809645352465e-08
low,75.7,-69.71848662844724,-69.71848678208698,-69.73829405245648,1.7361840282481397e-08
low,75.71,-69.71856505198514,-69.7185652055765,-69.7383664987742,1.7304063829125477e-08
low,75.72000000000001,-69.71864345321795,-69.71864360676093,-69.73843892530603,1.7246479643323338e-08
low,75.73,-69.71872183215281,-69.71872198564746,-69.73851133205687,1.7189087085250287e-08
low,75.74,-69.7188001887969,-69.71880034224324,-69.73858371903165,1.7131885517210643e-08
low,75.75000000000001,-69.71887852315734,-69.71887867655542,-69.7386560862353,1.7074874303630655e-08
low,75.76,-69.71895683524133,-69.71895698859115,-69.7387284336727,1.7018052811052054e-08
low,75.77000000000001,-69.71903512505598,-69.71903527835758,-69.73880076134884,1.696142040812415e-08
low,75.78,-69.71911339260845,-69.71911354586187,-69.73887306926856,1.6904976465597567e-08
low,75.79,-69.71919163790584,-69.71919179111111,-69.73894535743685,1.684872035631662e-08
low,75.80000000000001,-69.71926986095534,-69.71927001411248,-69.73901762585858,1.6792651455213034e-08
low,75.81,-69.71934806176402,-69.7193482148731,-69.73908987453868,1.673676913929844e-08
low,75.82000000000001,-69.71942624033906,-69.71942639340007,-69.73916210348207,1.6681072787657468e-08
low,75.83000000000001,-69.71950439668755,-69.71950454970052,-69.73923431269367,1.6625561781441424e-08
low,75.84,-69.71958253081661,-69.7195826837816,-69.7393065021784,1.6570235503860607e-08
low,75.85,-69.71966064273339,-69.7196607956504,-69.73937867194117,1.651509334017814e-08
low,75.86000000000001,-69.71973873244497,-69.71973888531403,-69.7394508219869,1.6460134677702577e-08
low,75.87,-69.71981679995847,-69.71981695277962,-69.73952295232051,1.6405358905781725e-08
low,75.88000000000001,-69.719894845281,-69.71989499805427,-69.7395950629469,1.6350765415795335e-08
low,75.89000000000001,-69.71997286841965,-69.71997302114507,-69.739667153871,1.6296353601148328e-08
low,75.9,-69.72005086938151,-69.72005102205911,-69.7397392250977,1.6242122857264606e-08
low,75.91000000000001,-69.72012884817369,-69.7201290008035,-69.73981127663195,1.6188072581579792e-08
low,75.92,-69.72020680480327,-69.72020695738533,-69.73988330847865,1.613420217353465e-08
low,75.93,-69.72028473927736,-69.72028489181169,-69.73995532064271,1.608051103456842e-08
low,75.94000000000001,-69.72036265160301,-69.72036280408963,-69.74002731312906,1.6026998568112513e-08
low,75.95,-69.72044054178731,-69.72044069422627,-69.7400992859426,1.5973664179583416e-08
low,75.96,-69.72051840983738,-69.72051856222868,-69.74017123908824,1.5920507276376156e-08
low,75.97000000000001,-69.72059625576023,-69.72059640810392,-69.7402431725709,1.5867527267857922e-08
low,75.98,-69.72067407956297,-69.72067423185906,-69.74031508639548,1.5814723565361578e-08
low,75.99000000000001,-69.72075188125264,-69.72075203350118,-69.7403869805669,1.576209558217861e-08
low,76.00000000000001,-69.72082966083629,-69.72082981303731,-69.74045885509007,1.5709642733553162e-08
low,76.01,-69.72090741832099,-69.72090757047452,-69.7405307099699,1.5657364436675262e-08
low,76.02000000000001,-69.72098515371381,-69.72098530581988,-69.7406025452113,1.560526011067446e-08
low,76.03,-69.7210628670218,-69.72106301908042,-69.74067436081918,1.5553329176613162e-08
low,76.04,-69.72114055825197,-69.7211407102632,-69.74074615679845,1.5501571057480454e-08
low,76.05000000000001,-69.72121822741143,-69.72121837937526,-69.74081793315402,1.544998517818575e-08
low,76.06,-69.72129587450713,-69.72129602642363,-69.74088968989079,1.539857096555192e-08
low,76.07000000000001,-69.72137349954622,-69.72137365141538,-69.74096142701369,1.5347327848309466e-08
low,76.08000000000001,-69.72145110253565,-69.7214512543575,-69.74103314452762,1.529625525708989e-08
low,76.09,-69.72152868348246,-69.72152883525706,-69.74110484243748,1.524535262441948e-08
low,76.1,-69.72160624239366,-69.72160639412105,-69.74117652074817,1.5194619384712795e-08
low,76.11000000000001,-69.72168377927633,-69.7216839309565,-69.7412481794646,1.514405497426666e-08
low,76.12,-69.72176129413744,-69.72176144577043,-69.74131981859169,1.5093658831253924e-08
low,76.13000000000001,-69.721838786984,-69.72183893856985,-69.74139143813433,1.5043430395716762e-08
low,76.14,-69.72191625782308,-69.7219164093618,-69.74146303809745,1.4993369109561047e-08
low,76.15,-69.72199370666162,-69.72199385815324,-69.74153461848594,1.4943474416549584e-08
low,76.16000000000001,-69.72207113350663,-69.7220712849512,-69.7416061793047,1.4893745762296594e-08
low,76.17,-69.72214853836516,-69.72214868976268,-69.74167772055861,1.4844182594260805e-08
low,76.18,-69.72222592124415,-69.72222607259467,-69.74174924225262,1.479478436173984e-08
low,76.19000000000001,-69.72230328215065,-69.72230343345417,-69.74182074439163,1.4745550515864097e-08
low,76.2,-69.72238062109159,-69.72238077234817,-69.74189222698051,1.4696480509590182e-08
low,76.21,-69.72245793807402,-69.72245808928366,-69.74196369002419,1.46475737976954e-08
low,76.22000000000001,-69.72253523310486,-69.72253538426762,-69.74203513352757,1.4598829836771185e-08
low,76.23,-69.72261250619113,-69.72261265730702,-69.74210655749553,1.4550248085217676e-08
low,76.24000000000001,-69.7226897573398,-69.72268990840884,-69.742177961933,1.4501828003236979e-08
low,76.25000000000001,-69.72276698655782,-69.72276713758005,-69.74224934684484,1.4453569052827681e-08
low,76.26,-69.72284419385217,-69.72284434482762,-69.74232071223601,1.4405470697778888e-08
low,76.27000000000001,-69.72292137922983,-69.72292153015852,-69.74239205811135,1.4357532403663777e-08
low,76.28,-69.72299854269775,-69.72299869357971,-69.74246338447578,1.4309753637834247e-08
low,76.29,-69.72307568426291,-69.72307583509817,-69.74253469133423,1.426213386941448e-08
low,76.30000000000001,-69.72315280393224,-69.72315295472082,-69.74260597869159,1.4214672569295645e-08
low,76.31,-69.72322990171267,-69.72323005245461,-69.74267724655273,1.4167369210129329e-08
low,76.32000000000001,-69.72330697761119,-69.7233071283065,-69.74274849492255,1.4120223266322162e-08
low,76.33000000000001,-69.72338403163474,-69.72338418228345,-69.74281972380595,1.4073234214029992e-08
low,76.34,-69.72346106379021,-69.72346121439237,-69.74289093320785,1.4026401531151602e-08
low,76.35,-69.7235380740846,-69.72353822464022,-69.74296212313314,1.3979724697323467e-08
low,76.36000000000001,-69.72361506252481,-69.72361521303392,-69.74303329358669,1.3933203193913476e-08
low,76.37,-69.72369202911777,-69.72369217958041,-69.74310444457342,1.3886836504015747e-08
low,76.38000000000001,-69.72376897387043,-69.72376912428662,-69.74317557609821,1.3840624112444215e-08
low,76.39,-69.7238458967897,-69.72384604715945,-69.74324668816597,1.3794565505727489e-08
low,76.4,-69.72392279788251,-69.72392294820585,-69.74331778078158,1.3748660172102648e-08
low,76.41000000000001,-69.72399967715575,-69.72399982743272,-69.74338885394994,1.3702907601510102e-08
low,76.42,-69.72407653461633,-69.72407668484695,-69.74345990767596,1.3657307285587488e-08
low,76.43,-69.72415337027118,-69.7241535204555,-69.74353094196452,1.3611858717664011e-08
low,76.44000000000001,-69.72423018412722,-69.72423033426524,-69.74360195682048,1.3566561392755315e-08
low,76.45,-69.72430697619133,-69.72430712628307,-69.74367295224879,1.3521414807557172e-08
low,76.46,-69.7243837464704,-69.7243838965159,-69.7437439282543,1.3476418460440495e-08
low,76.47000000000001,-69.72446049497134,-69.72446064497063,-69.74381488484192,1.3431571851445259e-08
low,76.48,-69.72453722170106,-69.72453737165415,-69.74388582201654,1.3386874482275496e-08
low,76.49000000000001,-69.72461392666644,-69.72461407657336,-69.74395673978303,1.334232585629331e-08
low,76.50000000000001,-69.72469060987433,-69.72469075973513,-69.74402763814632,1.3297925478513364e-08
low,76.51,-69.72476727133164,-69.72476742114635,-69.74409851711124,1.3253672855597816e-08
low,76.52000000000001,-69.72484391104527,-69.7248440608139,-69.74416937668275,1.3209567495850397e-08
low,76.53,-69.72492052902204,-69.72492067874461,-69.74424021686568,1.3165608909211056e-08
low,76.54,-69.72499712526889,-69.72499727494542,-69.74431103766494,1.3121796607250504e-08
low,76.55000000000001,-69.72507369979265,-69.72507384942317,-69.74438183908542,1.3078130103165079e-08
low,76.56,-69.72515025260014,-69.7251504021847,-69.74445262113201,1.303460891177095e-08
low,76.57000000000001,-69.7252267836983,-69.72522693323691,-69.74452338380956,1.299123254949874e-08
low,76.58000000000001,-69.72530329309396,-69.72530344258664,-69.74459412712301,1.2948000534388556e-08
low,76.59,-69.72537978079394,-69.72537993024073,-69.7446648510772,1.2904912386084234e-08
low,76.6,-69.72545624680517,-69.72545639620607,-69.74473555567707,1.2861967625828034e-08
low,76.61000000000001,-69.72553269113439,-69.72553284048946,-69.74480624092743,1.2819165776455555e-08
low,76.62,-69.72560911378854,-69.7256092630978,-69.74487690683321,1.2776506362390256e-08
low,76.63000000000001,-69.7256855147744,-69.72568566403787,-69.7449475533993,1.273398890963825e-08
low,76.64,-69.72576189409885,-69.72576204331652,-69.74501818063055,1.2691612945782871e-08
low,76.65,-69.72583825176872,-69.72583840094066,-69.74508878853187,1.2649377999979639e-08
low,76.66000000000001,-69.72591458779081,-69.72591473691705,-69.74515937710814,1.2607283602951082e-08
low,76.67,-69.72599090217196,-69.7259910512525,-69.74522994636425,1.2565329286981101e-08
low,76.68,-69.72606719491901,-69.72606734395389,-69.74530049630503,1.2523514585910253e-08
low,76.69000000000001,-69.72614346603876,-69.72614361502801,-69.74537102693542,1.248183903513031e-08
low,76.7,-69.72621971553805,-69.72621986448168,-69.74544153826027,1.2440302171579217e-08
low,76.71,-69.72629594342368,-69.72629609232172,-69.74551203028444,1.2398903533735749e-08
low,76.72000000000001,-69.72637214970247,-69.72637229855492,-69.74558250301288,1.235764266161462e-08
low,76.73,-69.7264483343812,-69.72644848318814,-69.74565295645041,1.2316519096761399e-08
low,76.74000000000001,-69.72652449746671,-69.72652464622814,-69.74572339060194,1.2275532382247033e-08
low,76.75000000000001,-69.72660063896579,-69.72660078768172,-69.74579380547232,1.2234682062663206e-08
low,76.76,-69.72667675888523,-69.7266769075557,-69.74586420106642,1.2193967684117058e-08
low,76.77000000000001,-69.72675285723183,-69.72675300585686,-69.74593457738914,1.215338879422623e-08
low,76.78,-69.72682893401236,-69.72682908259198,-69.74600493444534,1.2112944942113659e-08
low,76.79,-69.72690498923365,-69.72690513776787,-69.7460752722399,1.2072635678402802e-08
low,76.80000000000001,-69.72698102290244,-69.72698117139132,-69.74614559077772,1.203246055521266e-08
low,76.81,-69.72705703502554,-69.72705718346907,-69.74621589006364,1.1992419126152435e-08
low,76.82,-69.7271330256097,-69.72713317400793,-69.74628617010256,1.1952510946317035e-08
low,76.83000000000001,-69.72720899466174,-69.72720914301466,-69.74635643089934,1.1912735572281698e-08
low,76.84,-69.72728494218838,-69.72728509049605,-69.74642667245885,1.1873092562097586e-08
low,76.85000000000001,-69.72736086819643,-69.72736101645886,-69.74649689478598,1.1833581475286271e-08
low,76.86000000000001,-69.72743677269264,-69.72743692090987,-69.74656709788556,1.1794201872835277e-08
low,76.87,-69.72751265568375,-69.72751280385579,-69.74663728176249,1.175495331719318e-08
low,76.88000000000001,-69.72758851717654,-69.72758866530341,-69.74670744642165,1.171583537226439e-08
low,76.89,-69.72766435717777,-69.72766450525951,-69.74677759186791,1.1676847603404757e-08
low,76.9,-69.72774017569418,-69.7277403237308,-69.74684771810612,1.1637989577416321e-08
low,76.91000000000001,-69.7278159727325,-69.72781612072404,-69.74691782514118,1.1599260862543004e-08
low,76.92,-69.7278917482995,-69.72789189624596,-69.74698791297794,1.1560661028465233e-08
low,76.93,-69.72796750240191,-69.72796765030334,-69.74705798162124,1.1522189646295562e-08
low,76.94000000000001,-69.72804323504646,-69.72804338290288,-69.74712803107597,1.1483846288573917e-08
low,76.95,-69.72811894623993,-69.72811909405134,-69.74719806134702,1.1445630529262474e-08
low,76.96,-69.72819463598897,-69.72819478375544,-69.74726807243924,1.1407541943741369e-08
low,76.97000000000001,-69.7282703043004,-69.72827045202192,-69.74733806435748,1.1369580108803588e-08
low,76.98,-69.72834595118088,-69.72834609885749,-69.74740803710664,1.1331744602650735e-08
low,76.99000000000001,-69.72842157663717,-69.72842172426888,-69.74747799069155,1.1294035004887787e-08
low,77.00000000000001,-69.72849718067596,-69.7284973282628,-69.74754792511709,1.1256450896518823e-08
low,77.01,-69.72857276330399,-69.72857291084598,-69.74761784038812,1.1218991859942376e-08
low,77.02000000000001,-69.72864832452797,-69.72864847202513,-69.7476877365095,1.1181657478946421e-08
low,77.03,-69.72872386435456,-69.72872401180695,-69.74775761348612,1.1144447338704195e-08
low,77.04,-69.72879938279054,-69.72879953019815,-69.74782747132281,1.1107361025769201e-08
low,77.05000000000001,-69.72887487984256,-69.72887502720542,-69.74789731002446,1.1070398128071066e-08
low,77.06,-69.72895035551736,-69.72895050283546,-69.74796712959589,1.103355823491043e-08
low,77.07,-69.72902580982155,-69.72902595709499,-69.748036930042,1.0996840936954846e-08
low,77.08000000000001,-69.72910124276193,-69.72910138999066,-69.74810671136763,1.0960245826233845e-08
low,77.09,-69.72917665434511,-69.7291768015292,-69.74817647357764,1.092377249613482e-08
low,77.10000000000001,-69.72925204457783,-69.7292521917173,-69.74824621667692,1.0887420541398176e-08
low,77.11000000000001,-69.72932741346676,-69.72932756056161,-69.74831594067027,1.0851189558112813e-08
low,77.12,-69.72940276101856,-69.72940290806883,-69.74838564556259,1.0815079143711995e-08
low,77.13000000000001,-69.72947808723994,-69.72947823424565,-69.74845533135873,1.0779088896968524e-08
low,77.14,-69.72955339213753,-69.7295535390987,-69.74852499806356,1.0743218417990359e-08
low,77.15,-69.72962867571803,-69.72962882263471,-69.7485946456819,1.0707467308216178e-08
low,77.16000000000001,-69.72970393798812,-69.7297040848603,-69.74866427421864,1.0671835170411174e-08
low,77.17,-69.72977917895443,-69.72977932578215,-69.74873388367861,1.0636321608662338e-08
low,77.18,-69.72985439862363,-69.7298545454069,-69.74880347406668,1.0600926228374063e-08
low,77.19000000000001,-69.72992959700235,-69.72992974374122,-69.7488730453877,1.056564863626409e-08
low,77.2,-69.73000477409731,-69.73000492079177,-69.74894259764652,1.0530488440358815e-08
low,77.21000000000001,-69.73007992991512,-69.73008007656522,-69.749012130848,1.0495445249988957e-08
low,77.22000000000001,-69.73015506446244,-69.73015521106818,-69.74908164499699,1.0460518675785408e-08
low,77.23,-69.7302301777459,-69.73023032430731,-69.74915114009835,1.0425708329674765e-08
low,77.24000000000001,-69.73030526977213,-69.73030541628924,-69.74922061615692,1.0391013824875081e-08
low,77.25000000000001,-69.73038034054781,-69.73038048702064,-69.74929007317753,1.0356434775891394e-08
low,77.26,-69.73045539007954,-69.73045553650813,-69.74935951116508,1.0321970798511801e-08
low,77.27000000000001,-69.73053041837399,-69.73053056475834,-69.74942893012438,1.0287621509802865e-08
low,77.28,-69.73060542543776,-69.73060557177789,-69.74949833006029,1.0253386528105397e-08
low,77.29,-69.73068041127748,-69.73068055757342,-69.74956771097766,1.0219265473030397e-08
low,77.30000000000001,-69.73075537589976,-69.73075552215155,-69.74963707288134,1.0185257965454677e-08
low,77.31,-69.73083031931125,-69.73083046551889,-69.74970641577617,1.0151363627516727e-08
low,77.32,-69.73090524151854,-69.73090538768206,-69.749775739667,1.0117582082612376e-08
low,77.33000000000001,-69.73098014252824,-69.73098028864767,-69.7498450445587,1.0083912955390776e-08
low,77.34,-69.73105502234696,-69.73105516842233,-69.74991433045608,1.0050355871750273e-08
low,77.35000000000001,-69.73112988098134,-69.73113002701265,-69.749983597364,1.001691045883393e-08
low,77.36000000000001,-69.73120471843795,-69.73120486442525,-69.75005284528729,9.983576345025741e-09
low,77.37,-69.73127953472341,-69.7312796806667,-69.75012207423082,9.950353159946318e-09
low,77.38000000000001,-69.73135432984431,-69.7313544757436,-69.7501912841994,9.917240534448856e-09
low,77.39,-69.73142910380726,-69.73142924966258,-69.7502604751979,9.884238100614879e-09
low,77.4,-69.7315038566188,-69.73150400243021,-69.75032964723117,9.851345491750345e-09
low,77.41000000000001,-69.73157858828557,-69.73157873405306,-69.75039880030403,9.818562342381584e-09
low,77.42,-69.73165329881414,-69.73165344453774,-69.75046793442131,9.78588828825094e-09
low,77.43,-69.7317279882111,-69.73172813389084,-69.75053704958788,9.753322966313063e-09
low,77.44000000000001,-69.73180265648303,-69.7318028021189,-69.75060614580856,9.720866014730714e-09
low,77.45,-69.73187730363648,-69.73187744922853,-69.7506752230882,9.688517072870794e-09
low,77.46000000000001,-69.73195192967805,-69.7319520752263,-69.75074428143164,9.656275781300213e-09
low,77.47000000000001,-69.73202653461429,-69.73202668011875,-69.75081332084369,9.624141781782066e-09
low,77.48,-69.73210111845177,-69.73210126391248,-69.75088234132922,9.592114717271691e-09
low,77.49000000000001,-69.73217568119703,-69.73217582661403,-69.75095134289305,9.560194231912377e-09
low,77.5,-69.73225022285669,-69.73225036822996,-69.75102032554003,9.528379971031809e-09
low,77.51,-69.73232474343726,-69.73232488876684,-69.75108928927497,9.496671581137768e-09
low,77.52000000000001,-69.73239924294532,-69.73239938823123,-69.75115823410273,9.465068709914623e-09
low,77.53,-69.73247372138738,-69.73247386662965,-69.75122716002812,9.43357100621893e-09
low,77.54,-69.73254817877003,-69.73254832396867,-69.75129606705602,9.402178120075885e-09
low,77.55000000000001,-69.73262261509981,-69.73262276025486,-69.75136495519122,9.37088970267541e-09
low,77.56,-69.73269703038326,-69.7326971754947,-69.75143382443856,9.339705406368009e-09
low,77.57,-69.7327714246269,-69.73277156969479,-69.7515026748029,9.308624884661245e-09
low,77.58000000000001,-69.73284579783729,-69.73284594286164,-69.75157150628903,9.277647792215568e-09
low,77.59,-69.73292015002093,-69.73292029500178,-69.75164031890178,9.246773784840872e-09
low,77.60000000000001,-69.73299448118439,-69.73299462612174,-69.75170911264601,9.21600251949222e-09
low,77.61000000000001,-69.73306879133415,-69.73306893622802,-69.75177788752656,9.185333654266345e-09
low,77.62,-69.73314308047678,-69.7331432253272,-69.7518466435482,9.154766848397858e-09
low,77.63000000000001,-69.73321734861877,-69.73321749342576,-69.75191538071581,9.124301762255171e-09
low,77.64,-69.73329159576664,-69.73329174053022,-69.7519840990342,9.093938057337082e-09
low,77.65,-69.73336582192692,-69.73336596664711,-69.75205279850822,9.06367539626868e-09
low,77.66000000000001,-69.7334400271061,-69.73344017178295,-69.75212147914264,9.033513442797993e-09
low,77.67,-69.73351421131072,-69.73351435594421,-69.75219014094235,9.003451861791796e-09
low,77.68,-69.73358837454725,-69.73358851913743,-69.75225878391213,8.973490319232217e-09
low,77.69000000000001,-69.73366251682219,-69.73366266136908,-69.75232740805681,8.943628482213014e-09
low,77.7,-69.7337366381421,-69.7337367826457,-69.75239601338124,8.913866018935592e-09
low,77.71000000000001,-69.73381073851343,-69.73381088297376,-69.75246459989023,8.884202598705675e-09
low,77.72000000000001,-69.73388481794264,-69.73388496235974,-69.75253316758861,8.854637891929304e-09
low,77.73,-69.73395887643628,-69.73395902081016,-69.7526017164812,8.825171570109527e-09
low,77.74000000000001,-69.73403291400079,-69.73403305833149,-69.75267024657279,8.795803305842468e-09
low,77.75,-69.7341069306427,-69.73410707493022,-69.75273875786822,8.766532772813738e-09
low,77.76,-69.73418092636844,-69.73418107061282,-69.75280725037231,8.737359645794838e-09
low,77.77000000000001,-69.73425490118451,-69.73425504538578,-69.7528757240899,8.708283600639704e-09
low,77.78,-69.73432885509742,-69.73432899925557,-69.75294417902579,8.679304314280862e-09
low,77.79,-69.7344027881136,-69.73440293222866,-69.75301261518482,8.650421464725857e-09
low,77.80000000000001,-69.73447670023954,-69.73447684431153,-69.75308103257176,8.62163473105393e-09
low,77.81,-69.73455059148169,-69.73455073551064,-69.75314943119146,8.592943793412191e-09
low,77.82,-69.73462446184651,-69.73462460583244,-69.75321781104871,8.564348333012085e-09
low,77.83000000000001,-69.73469831134051,-69.73469845528342,-69.75328617214838,8.535848032126013e-09
low,77.84,-69.73477213997005,-69.73477228387,-69.75335451449524,8.507442574083672e-09
low,77.85000000000001,-69.73484594774168,-69.73484609159867,-69.75342283809412,8.479131643268599e-09
low,77.86000000000001,-69.7349197346618,-69.73491987847584,-69.75349114294983,8.45091492511451e-09
low,77.87,-69.73499350073688,-69.734993644508,-69.75355942906718,8.422792106102122e-09
low,77.88000000000001,-69.73506724597334,-69.73506738970156,-69.75362769645098,8.394762873755373e-09
low,77.89,-69.73514097037766,-69.735141114063,-69.75369594510606,8.366826916638001e-09
low,77.9,-69.73521467395624,-69.73521481759873,-69.7537641750372,8.338983924350226e-09
low,77.91000000000001,-69.73528835671554,-69.73528850031519,-69.75383238624926,8.31123358752518e-09
low,77.92,-69.73536201866197,-69.73536216221882,-69.75390057874701,8.283575597825533e-09
low,77.93,-69.73543565980201,-69.73543580331604,-69.75396875253526,8.256009647939914e-09
low,77.94000000000001,-69.735509280142,-69.73550942361327,-69.75403690761883,8.228535431579795e-09
low,77.95,-69.73558287968844,-69.73558302311696,-69.75410504400251,8.201152643475821e-09
low,77.96000000000001,-69.73565645844774,-69.73565660183353,-69.75417316169116,8.173860979374456e-09
low,77.97000000000001,-69.7357300164263,-69.73573015976937,-69.75424126068953,8.146660136034731e-09
low,77.98,-69.73580355363055,-69.73580369693092,-69.75430934100244,8.119549811224774e-09
low,77.99000000000001,-69.73587707006688,-69.73587721332459,-69.75437740263472,8.092529703718507e-09
low,78.0,-69.7359505657417,-69.73595070895678,-69.75444544559113,8.065599513292176e-09
low,78.01,-69.73602404066146,-69.7360241838339,-69.7545134698765,8.038758940721164e-09
low,78.02000000000001,-69.73609749483255,-69.73609763796236,-69.75458147549566,8.0120076877767e-09
low,78.03,-69.73617092826132,-69.73617107134855,-69.75464946245336,7.985345457222278e-09
low,78.04,-69.73624434095423,-69.73624448399889,-69.75471743075443,7.958771952810644e-09
low,78.05000000000001,-69.73631773291764,-69.73631787591975,-69.75478538040366,7.932286879280366e-09
low,78.06,-69.73639110415797,-69.73639124711754,-69.75485331140588,7.905889942352606e-09
low,78.07000000000001,-69.73646445468158,-69.73646459759865,-69.75492122376585,7.879580848727735e-09
low,78.08000000000001,-69.73653778449486,-69.73653792736944,-69.75498911748839,7.85335930608222e-09
low,78.09,-69.73661109360421,-69.73661123643632,-69.7550569925783,7.827225023065404e-09
low,78.10000000000001,-69.736684382016,-69.73668452480567,-69.7551248490404,7.80117770929601e-09
low,78.11000000000001,-69.73675764973659,-69.73675779248384,-69.75519268687945,7.775217075359201e-09
low,78.12,-69.73683089677239,-69.73683103947722,-69.75526050610026,7.74934283280322e-09
low,78.13000000000001,-69.73690412312976,-69.73690426579219,-69.75532830670763,7.723554694136245e-09
low,78.14,-69.73697732881503,-69.73697747143513,-69.75539608870635,7.697852372823083e-09
low,78.15,-69.73705051383463,-69.73705065641236,-69.75546385210122,7.672235583282124e-09
low,78.16000000000001,-69.73712367819489,-69.73712382073029,-69.75553159689701,7.646704040882186e-09
low,78.17,-69.73719682190216,-69.73719696439525,-69.75559932309855,7.621257461939122e-09
low,78.17999999999999,-69.7372699449628,-69.7372700874136,-69.75566703071063,7.595895563712958e-09
low,78.19000000000001,-69.73734304738319,-69.73734318979172,-69.755734719738,7.570618064404487e-09
low,78.2,-69.73741612916966,-69.73741627153595,-69.7558023901855,7.545424683152449e-09
low,78.21000000000001,-69.73748919032857,-69.73748933265263,-69.7558700420579,7.520315140030048e-09
low,78.22000000000001,-69.73756223086626,-69.7375623731481,-69.75593767535999,7.4952891560421e-09
low,78.23,-69.73763525078908,-69.73763539302873,-69.75600529009657,7.47034645312194e-09
low,78.24000000000001,-69.73770825010334,-69.73770839230083,-69.7560728862724,7.4454867541280865e-09
low,78.25,-69.73778122881542,-69.73778137097075,-69.7561404638923,7.420709782841463e-09
low,78.26,-69.73785418693163,-69.73785432904482,-69.75620802296103,7.3960152639620515e-09
low,78.27000000000001,-69.73792712445828,-69.73792726652937,-69.7562755634834,7.371402923106162e-09
low,78.28,-69.73800004140175,-69.73800018343076,-69.75634308546421,7.346872486803004e-09
low,78.29,-69.73807293776832,-69.73807307975525,-69.7564105889082,7.322423682491927e-09
low,78.30000000000001,-69.73814581356434,-69.73814595550922,-69.75647807382016,7.298056238519374e-09
low,78.31,-69.73821866879615,-69.73821881069898,-69.7565455402049,7.27376988413564e-09
low,78.32000000000001,-69.73829150347001,-69.73829164533083,-69.7566129880672,7.249564349492143e-09
low,78.33000000000001,-69.73836431759226,-69.73836445941109,-69.75668041741184,7.225439365638174e-09
low,78.34,-69.73843711116923,-69.73843725294608,-69.75674782824359,7.201394664518185e-09
low,78.35000000000001,-69.7385098842072,-69.7385100259421,-69.75681522056725,7.177429978968581e-09
low,78.36000000000001,-69.73858263671248,-69.73858277840546,-69.75688259438759,7.153545042714758e-09
low,78.37,-69.73865536869141,-69.73865551034245,-69.7569499497094,7.129739590368389e-09
low,78.38000000000001,-69.73872808015025,-69.7387282217594,-69.75701728653742,7.106013357424128e-09
low,78.39,-69.73880077109531,-69.73880091266258,-69.7570846048765,7.08236608025697e-09
low,78.4,-69.73887344153289,-69.73887358305831,-69.75715190473134,7.058797496119074e-09
low,78.41000000000001,-69.73894609146926,-69.73894623295283,-69.75721918610677,7.035307343137113e-09
low,78.42,-69.73901872091075,-69.7390188623525,-69.75728644900752,7.011895360309149e-09
low,78.43,-69.73909132986358,-69.73909147126355,-69.75735369343845,6.988561287501747e-09
low,78.44000000000001,-69.7391639183341,-69.73916405969227,-69.75742091940424,6.965304865447214e-09
low,78.45,-69.73923648632856,-69.73923662764497,-69.75748812690969,6.942125835740625e-09
low,78.46000000000001,-69.73930903385325,-69.73930917512791,-69.75755531595962,6.9190239408369895e-09
low,78.47000000000001,-69.73938156091444,-69.73938170214737,-69.75762248655877,6.895998924048274e-09
low,78.48,-69.73945406751838,-69.73945420870962,-69.7576896387119,6.8730505295407994e-09
low,78.49000000000001,-69.73952655367137,-69.73952669482092,-69.75775677242379,6.8501785023321646e-09
low,78.5,-69.73959901937968,-69.73959916048754,-69.75782388769923,6.82738258828845e-09
low,78.51,-69.73967146464953,-69.73967160571574,-69.75789098454297,6.804662534121514e-09
low,78.52000000000001,-69.73974388948722,-69.73974403051179,-69.75795806295979,6.782018087386074e-09
low,78.53,-69.73981629389897,-69.73981643488194,-69.75802512295444,6.759448996476959e-09
low,78.54,-69.73988867789106,-69.73988881883244,-69.7580921645317,6.736955010626187e-09
low,78.55000000000001,-69.73996104146977,-69.73996118236958,-69.75815918769634,6.714535879900422e-09
low,78.56,-69.74003338464132,-69.74003352549957,-69.75822619245312,6.692191355197983e-09
low,78.57000000000001,-69.74010570741196,-69.74010584822867,-69.75829317880681,6.669921188246094e-09
low,78.58000000000001,-69.74017800978793,-69.74017815056311,-69.75836014676219,6.64772513159825e-09
low,78.59,-69.74025029177545,-69.74025043250914,-69.758427096324,6.625602938631372e-09
low,78.60000000000001,-69.7403225533808,-69.74032269407301,-69.75849402749702,6.6035543635431115e-09
low,78.61000000000001,-69.7403947946102,-69.74039493526095,-69.75856094028602,6.5815791613490045e-09
low,78.62,-69.74046701546989,-69.74046715607919,-69.75862783469573,6.5596770878799786e-09
low,78.63000000000001,-69.74053921596608,-69.74053935653397,-69.75869471073094,6.5378478997794404e-09
low,78.64,-69.74061139610504,-69.74061153663149,-69.7587615683964,6.5160913545005834e-09
low,78.65,-69.74068355589293,-69.74068369637801,-69.75882840769685,6.4944072103038126e-09
low,78.66000000000001,-69.740755695336,-69.74075583577972,-69.7588952286371,6.472795226253973e-09
low,78.67,-69.7408278144405,-69.74082795484286,-69.75896203122187,6.451255162217706e-09
low,78.68,-69.74089991321263,-69.74090005357365,-69.75902881545592,6.4297867788607015e-09
low,78.69000000000001,-69.74097199165857,-69.74097213197828,-69.75909558134403,6.408389837645144e-09
low,78.7,-69.74104404978456,-69.74104419006298,-69.75916232889092,6.387064100827092e-09
low,78.71000000000001,-69.74111608759681,-69.74111622783396,-69.75922905810138,6.3658093314536265e-09
low,78.72000000000001,-69.74118810510151,-69.74118824529741,-69.75929576898014,6.344625293360446e-09
low,78.73,-69.74126010230489,-69.74126024245952,-69.75936246153196,6.323511751169132e-09
low,78.74000000000001,-69.7413320792131,-69.74133221932652,-69.75942913576162,6.302468470284578e-09
low,78.75,-69.7414040358324,-69.7414041759046,-69.75949579167386,6.281495216892289e-09
low,78.76,-69.74147597216894,-69.74147611219995,-69.7595624292734,6.2605917579559e-09
low,78.77000000000001,-69.74154788822892,-69.74154802821877,-69.75962904856503,6.23975786121461e-09
low,78.78,-69.74161978401854,-69.74161992396724,-69.75969564955349,6.218993295180395e-09
low,78.79,-69.74169165954399,-69.74169179945156,-69.75976223224352,6.198297829135664e-09
low,78.80000000000001,-69.74176351481141,-69.74176365467788,-69.75982879663988,6.177671233130579e-09
low,78.81,-69.74183534982706,-69.74183548965242,-69.7598953427473,6.157113277980553e-09
low,78.82000000000001,-69.74190716459705,-69.74190730438133,-69.75996187057056,6.136623735263605e-09
low,78.83000000000001,-69.74197895912758,-69.7419790988708,-69.7600283801144,6.116202377317939e-09
low,78.84,-69.7420507334248,-69.74205087312698,-69.76009487138354,6.095848977239432e-09
low,78.85000000000001,-69.74212248749491,-69.74212262715608,-69.76016134438277,6.075563308878921e-09
low,78.86,-69.7421942213441,-69.74219436096425,-69.76022779911678,6.0553451468399255e-09
low,78.87,-69.74226593497848,-69.74226607455765,-69.76029423559034,6.035194266475926e-09
low,78.88000000000001,-69.74233762840424,-69.74233776794244,-69.76036065380819,6.015110443888133e-09
low,78.89,-69.74240930162756,-69.74240944112479,-69.76042705377509,5.995093455922689e-09
low,78.9,-69.74248095465454,-69.74248109411086,-69.76049343549577,5.975143080168413e-09
low,78.91000000000001,-69.74255258749137,-69.74255272690677,-69.76055979897497,5.955259094954322e-09
low,78.92,-69.74262420014419,-69.7426243395187,-69.76062614421743,5.935441279346975e-09
low,78.93,-69.74269579261917,-69.74269593195278,-69.76069247122787,5.915689413148263e-09
low,78.94000000000001,-69.74276736492244,-69.74276750421518,-69.76075878001107,5.8960032768927374e-09
low,78.95,-69.74283891706013,-69.74283905631202,-69.76082507057174,5.876382651845413e-09
low,78.96000000000001,-69.74291044903838,-69.74291058824946,-69.76089134291463,5.856827319999142e-09
low,78.97000000000001,-69.74298196086335,-69.74298210003361,-69.76095759704448,5.8373370640721954e-09
low,78.98,-69.74305345254118,-69.74305359167064,-69.76102383296602,5.817911667506058e-09
low,78.99000000000001,-69.74312492407799,-69.74312506316667,-69.76109005068398,5.798550914462726e-09
low,79.0,-69.74319637547988,-69.74319651452781,-69.76115625020309,5.779254589822566e-09
low,79.01,-69.74326780675302,-69.74326794576022,-69.76122243152808,5.76002247918171e-09
low,79.02000000000001,-69.74333921790353,-69.74333935687,-69.76128859466371,5.740854368849901e-09
low,79.03,-69.7434106089375,-69.74341074786327,-69.7613547396147,5.721750045847939e-09
low,79.04,-69.74348197986106,-69.74348211874614,-69.76142086638578,5.702709297905313e-09
low,79.05000000000001,-69.74355333068036,-69.74355346952478,-69.76148697498166,5.68373191345804e-09
low,79.06,-69.7436246614015,-69.74362480020525,-69.7615530654071,5.664817681646038e-09
low,79.07000000000001,-69.74369597203057,-69.74369611079369,-69.76161913766681,5.645966392311021e-09
low,79.08000000000001,-69.74376726257367,-69.74376740129617,-69.76168519176554,5.627177835993965e-09
low,79.09,-69.74383853303692,-69.74383867171883,-69.761751227708,5.6084518039329995e-09
low,79.10000000000001,-69.74390978342646,-69.74390992206777,-69.76181724549893,5.589788088060908e-09
low,79.11,-69.74398101374834,-69.7439811523491,-69.76188324514304,5.571186481002839e-09
low,79.12,-69.74405222400867,-69.7440523625689,-69.76194922664507,5.552646776074098e-09
low,79.13000000000001,-69.74412341421358,-69.74412355273326,-69.76201519000972,5.534168767277774e-09
low,79.14,-69.7441945843691,-69.74419472284828,-69.76208113524176,5.515752249302485e-09
low,79.15,-69.74426573448137,-69.74426587292005,-69.76214706234586,5.497397017520006e-09
low,79.16000000000001,-69.74433686455649,-69.74433700295468,-69.76221297132679,5.479102867983189e-09
low,79.17,-69.74440797460048,-69.74440811295823,-69.76227886218923,5.460869597423516e-09
low,79.18,-69.74447906461947,-69.74447920293676,-69.76234473493794,5.442697003248866e-09
low,79.19000000000001,-69.74455013461953,-69.74455027289639,-69.76241058957761,5.424584883541357e-09
low,79.2,-69.74462118460671,-69.74462132284317,-69.76247642611297,5.40653303705503e-09
low,79.21000000000001,-69.74469221458713,-69.7446923527832,-69.76254224454874,5.388541263213645e-09
low,79.22000000000001,-69.74476322456685,-69.74476336272254,-69.76260804488963,5.3706093621083626e-09
low,79.23,-69.74483421455191,-69.74483435266724,-69.76267382714038,5.352737134495708e-09
low,79.24000000000001,-69.74490518454839,-69.74490532262337,-69.76273959130569,5.3349243817951925e-09
low,79.25,-69.74497613456235,-69.74497627259701,-69.76280533739026,5.31717090608712e-09
low,79.26,-69.74504706459989,-69.74504720259424,-69.76287106539883,5.299476510110485e-09
low,79.27000000000001,-69.74511797466702,-69.74511811262109,-69.7629367753361,5.281840997260706e-09
low,79.28,-69.74518886476983,-69.74518900268362,-69.76300246720679,5.264264171587477e-09
low,79.29,-69.74525973491434,-69.74525987278787,-69.7630681410156,5.246745837792498e-09
low,79.30000000000001,-69.74533058510663,-69.74533072293993,-69.76313379676726,5.229285801227493e-09
low,79.31,-69.74540141535273,-69.74540155314581,-69.76319943446649,5.2118838678918744e-09
low,79.32000000000001,-69.7454722256587,-69.74547236341155,-69.76326505411798,5.194539844430613e-09
low,79.33000000000001,-69.74554301603055,-69.74554315374323,-69.76333065572645,5.1772535381321754e-09
low,79.34,-69.74561378647438,-69.74561392414688,-69.76339623929658,5.160024756926313e-09
low,79.35000000000001,-69.74568453699617,-69.74568467462852,-69.76346180483313,5.142853309381968e-09
low,79.36,-69.74575526760198,-69.74575540519419,-69.76352735234076,5.125739004705062e-09
low,79.37,-69.74582597829784,-69.74582611584994,-69.7635928818242,5.10868165273648e-09
low,79.38000000000001,-69.74589666908982,-69.74589680660179,-69.76365839328814,5.091681063949968e-09
low,79.39,-69.74596733998385,-69.74596747745575,-69.76372388673731,5.074737049449865e-09
low,79.4,-69.74603799098604,-69.74603812841785,-69.76378936217638,5.057849420969187e-09
low,79.41000000000001,-69.74610862210235,-69.74610875949413,-69.76385481961007,5.041017990867445e-09
low,79.42,-69.74617923333888,-69.74617937069061,-69.7639202590431,5.024242572128593e-09
low,79.43,-69.7462498247016,-69.7462499620133,-69.76398568048015,5.00752297835888e-09
low,79.44000000000001,-69.74632039619652,-69.74632053346822,-69.76405108392592,4.990859023784872e-09
low,79.45,-69.74639094782964,-69.74639108506135,-69.76411646938512,4.974250523251398e-09
low,79.46000000000001,-69.74646147960698,-69.74646161679873,-69.76418183686243,4.9576972922193406e-09
low,79.47000000000001,-69.74653199153457,-69.74653212868635,-69.76424718636258,4.941199146763758e-09
low,79.48,-69.74660248361842,-69.74660262073024,-69.76431251789025,4.92475590357175e-09
low,79.49000000000001,-69.74667295586448,-69.7466730929364,-69.76437783145015,4.908367379940469e-09
low,79.5,-69.7467434082788,-69.7467435453108,-69.76444312704695,4.8920333937749985e-09
low,79.51,-69.74681384086733,-69.74681397785946,-69.76450840468537,4.8757537635864385e-09
low,79.52000000000001,-69.74688425363611,-69.74688439058836,-69.7645736643701,4.859528308489892e-09
low,79.53,-69.74695464659112,-69.74695478350351,-69.76463890610583,4.843356848202308e-09
low,79.54,-69.74702501973833,-69.74702515661087,-69.76470412989725,4.827239203040661e-09
low,79.55000000000001,-69.74709537308375,-69.74709550991648,-69.76476933574905,4.811175193919786e-09
low,79.56,-69.74716570663334,-69.74716584342626,-69.76483452366593,4.795164642350582e-09
low,79.57000000000001,-69.74723602039307,-69.74723615714622,-69.76489969365257,4.7792073704378645e-09
low,79.58000000000001,-69.74730631436897,-69.74730645108234,-69.76496484571369,4.763303200878398e-09
low,79.59,-69.747376588567,-69.74737672524058,-69.76502997985394,4.747451956959092e-09
low,79.60000000000001,-69.74744684299309,-69.74744697962694,-69.76509509607803,4.7316534625547994e-09
low,79.61,-69.74751707765326,-69.74751721424738,-69.76516019439065,4.715907542126565e-09
low,79.62,-69.74758729255343,-69.74758742910787,-69.76522527479648,4.700214020719504e-09
low,79.63000000000001,-69.74765748769964,-69.74765762421437,-69.7652903373002,4.684572723961047e-09
low,79.64,-69.74772766309778,-69.74772779957283,-69.76535538190649,4.6689834780588465e-09
low,79.65,-69.74779781875385,-69.74779795518924,-69.76542040862006,4.653446109798846e-09
low,79.66000000000001,-69.74786795467382,-69.74786809106956,-69.76548541744557,4.637960446543531e-09
low,79.67,-69.74793807086363,-69.74793820721973,-69.76555040838772,4.622526316229766e-09
low,79.68,-69.7480081673292,-69.74800830364572,-69.76561538145118,4.607143547367086e-09
low,79.69000000000001,-69.74807824407655,-69.74807838035346,-69.76568033664063,4.591811969035632e-09
low,79.7,-69.74814830111158,-69.74814843734892,-69.76574527396076,4.576531410884426e-09
low,79.71000000000001,-69.74821833844025,-69.74821847463801,-69.76581019341626,4.56130170312933e-09
low,79.72000000000001,-69.74828835606851,-69.74828849222672,-69.76587509501176,4.546122676551162e-09
low,79.73,-69.74835835400228,-69.74835849012095,-69.765939978752,4.53099416249398e-09
low,79.74000000000001,-69.74842833224751,-69.74842846832667,-69.76600484464163,4.5159159928629825e-09
low,79.75,-69.74849829081015,-69.74849842684979,-69.7660696926853,4.5008880001228255e-09
low,79.76,-69.74856822969609,-69.74856836569627,-69.76613452288774,4.4859100172956095e-09
low,79.77000000000001,-69.74863814891133,-69.74863828487204,-69.76619933525359,4.470981877959198e-09
low,79.78,-69.74870804846175,-69.748708184383,-69.76626412978752,4.456103416245222e-09
low,79.79,-69.74877792835326,-69.74877806423508,-69.76632890649421,4.441274466837255e-09
low,79.80000000000001,-69.74884778859183,-69.74884792443424,-69.76639366537836,4.426494864969056e-09
low,79.81,-69.74891762918341,-69.74891776498639,-69.76645840644458,4.411764446422675e-09
low,79.82000000000001,-69.7489874501338,-69.74898758589741,-69.76652312969762,4.397083047526658e-09
low,79.83000000000001,-69.74905725144903,-69.74905738717325,-69.76658783514209,4.382450505154154e-09
low,79.84,-69.74912703313495,-69.74912716881981,-69.76665252278268,4.367866656721252e-09
low,79.85000000000001,-69.7491967951975,-69.74919693084303,-69.76671719262404,4.353331340185045e-09
low,79.86,-69.74926653764257,-69.74926667324878,-69.76678184467087,4.3388443940418355e-09
low,79.87,-69.7493362604761,-69.74933639604299,-69.76684647892782,4.3244056573254195e-09
low,79.88000000000001,-69.74940596370395,-69.74940609923154,-69.76691109539956,4.310014969605242e-09
low,79.89,-69.74947564733205,-69.74947578282037,-69.76697569409075,4.295672170984638e-09
low,79.9,-69.7495453113663,-69.74954544681536,-69.76704027500605,4.281377102098986e-09
low,79.91000000000001,-69.7496149558126,-69.7496150912224,-69.76710483815013,4.267129604114088e-09
low,79.92,-69.74968458067681,-69.74968471604738,-69.76716938352766,4.252929518724262e-09
low,79.93,-69.74975418596485,-69.74975432129621,-69.76723391114328,4.238776688150605e-09
low,79.94000000000001,-69.74982377168261,-69.74982390697477,-69.76729842100168,4.2246709551393144e-09
low,79.95,-69.74989333783594,-69.74989347308892,-69.7673629131075,4.210612162959878e-09
low,79.96000000000001,-69.7499628844308,-69.74996301964461,-69.76742738746542,4.196600155403364e-09
low,79.97000000000001,-69.750032411473,-69.75003254664765,-69.76749184408007,4.1826347767806104e-09
low,79.98,-69.75010191896845,-69.75010205410395,-69.76755628295611,4.168715871920646e-09
low,79.99000000000001,-69.750171406923,-69.75017154201939,-69.7676207040982,4.154843286168827e-09
low,80.0,-69.75024087534258,-69.75024101039985,-69.76768510751103,4.14101686538514e-09
