condition,time_ms,V_h_mV,V_d_mV,V_s_mV,g_syn_nS
high,0.0,-70.0,-70.0,-70.0,0.0
high,0.01,-70.0,-70.0,-70.0,0.0
high,0.02,-70.0,-70.0,-70.0,0.0
high,0.030000000000000006,-70.0,-70.0,-70.0,0.0
high,0.04,-70.0,-70.0,-70.0,0.0
high,0.05,-70.0,-70.0,-70.0,0.0
high,0.06000000000000001,-70.0,-70.0,-70.0,0.0
high,0.07,-70.0,-70.0,-70.0,0.0
high,0.08,-70.0,-70.0,-70.0,0.0
high,0.09000000000000001,-70.0,-70.0,-70.0,0.0
high,0.1,-70.0,-70.0,-70.0,0.0
high,0.11,-70.0,-70.0,-70.0,0.0
high,0.12000000000000002,-70.0,-70.0,-70.0,0.0
high,0.13,-70.0,-70.0,-70.0,0.0
high,0.14,-70.0,-70.0,-70.0,0.0
high,0.15000000000000002,-70.0,-70.0,-70.0,0.0
high,0.16,-70.0,-70.0,-70.0,0.0
high,0.17,-70.0,-70.0,-70.0,0.0
high,0.18000000000000002,-70.0,-70.0,-70.0,0.0
high,0.19,-70.0,-70.0,-70.0,0.0
high,0.2,-70.0,-70.0,-70.0,0.0
high,0.21000000000000002,-70.0,-70.0,-70.0,0.0
high,0.22,-70.0,-70.0,-70.0,0.0
high,0.23,-70.0,-70.0,-70.0,0.0
high,0.24000000000000005,-70.0,-70.0,-70.0,0.0
high,0.25,-70.0,-70.0,-70.0,0.0
high,0.26,-70.0,-70.0,-70.0,0.0
high,0.27,-70.0,-70.0,-70.0,0.0
high,0.28,-70.0,-70.0,-70.0,0.0
high,0.29,-70.0,-70.0,-70.0,0.0
high,0.30000000000000004,-70.0,-70.0,-70.0,0.0
high,0.31,-70.0,-70.0,-70.0,0.0
high,0.32,-70.0,-70.0,-70.0,0.0
high,0.33000000000000007,-70.0,-70.0,-70.0,0.0
high,0.34,-70.0,-70.0,-70.0,0.0
high,0.35000000000000003,-70.0,-70.0,-70.0,0.0
high,0.36000000000000004,-70.0,-70.0,-70.0,0.0
high,0.37000000000000005,-70.0,-70.0,-70.0,0.0
high,0.38,-70.0,-70.0,-70.0,0.0
high,0.39000000000000007,-70.0,-70.0,-70.0,0.0
high,0.4,-70.0,-70.0,-70.0,0.0
high,0.41000000000000003,-70.0,-70.0,-70.0,0.0
high,0.42000000000000004,-70.0,-70.0,-70.0,0.0
high,0.43000000000000005,-70.0,-70.0,-70.0,0.0
high,0.44,-70.0,-70.0,-70.0,0.0
high,0.45000000000000007,-70.0,-70.0,-70.0,0.0
high,0.46,-70.0,-70.0,-70.0,0.0
high,0.47000000000000003,-70.0,-70.0,-70.0,0.0
high,0.4800000000000001,-70.0,-70.0,-70.0,0.0
high,0.4900000000000001,-70.0,-70.0,-70.0,0.0
high,0.5,-70.0,-70.0,-70.0,0.0
high,0.51,-70.0,-70.0,-70.0,0.0
high,0.52,-70.0,-70.0,-70.0,0.0
high,0.5300000000000001,-70.0,-70.0,-70.0,0.0
high,0.54,-70.0,-70.0,-70.0,0.0
high,0.55,-70.0,-70.0,-70.0,0.0
high,0.56,-70.0,-70.0,-70.0,0.0
high,0.5700000000000001,-70.0,-70.0,-70.0,0.0
high,0.58,-70.0,-70.0,-70.0,0.0
high,0.5900000000000001,-70.0,-70.0,-70.0,0.0
high,0.6000000000000001,-70.0,-70.0,-70.0,0.0
high,0.6100000000000001,-70.0,-70.0,-70.0,0.0
high,0.62,-70.0,-70.0,-70.0,0.0
high,0.63,-70.0,-70.0,-70.0,0.0
high,0.64,-70.0,-70.0,-70.0,0.0
high,0.6500000000000001,-70.0,-70.0,-70.0,0.0
high,0.6600000000000001,-70.0,-70.0,-70.0,0.0
high,0.67,-70.0,-70.0,-70.0,0.0
high,0.68,-70.0,-70.0,-70.0,0.0
high,0.6900000000000001,-70.0,-70.0,-70.0,0.0
high,0.7000000000000001,-70.0,-70.0,-70.0,0.0
high,0.71,-70.0,-70.0,-70.0,0.0
high,0.7200000000000001,-70.0,-70.0,-70.0,0.0
high,0.7300000000000001,-70.0,-70.0,-70.0,0.0
high,0.7400000000000001,-70.0,-70.0,-70.0,0.0
high,0.75,-70.0,-70.0,-70.0,0.0
high,0.76,-70.0,-70.0,-70.0,0.0
high,0.77,-70.0,-70.0,-70.0,0.0
high,0.7800000000000001,-70.0,-70.0,-70.0,0.0
high,0.79,-70.0,-70.0,-70.0,0.0
high,0.8,-70.0,-70.0,-70.0,0.0
high,0.81,-70.0,-70.0,-70.0,0.0
high,0.8200000000000001,-70.0,-70.0,-70.0,0.0
high,0.8300000000000001,-70.0,-70.0,-70.0,0.0
high,0.8400000000000001,-70.0,-70.0,-70.0,0.0
high,0.8500000000000001,-70.0,-70.0,-70.0,0.0
high,0.8600000000000001,-70.0,-70.0,-70.0,0.0
high,0.8700000000000001,-70.0,-70.0,-70.0,0.0
high,0.88,-70.0,-70.0,-70.0,0.0
high,0.89,-70.0,-70.0,-70.0,0.0
high,0.9000000000000001,-70.0,-70.0,-70.0,0.0
high,0.9100000000000001,-70.0,-70.0,-70.0,0.0
high,0.92,-70.0,-70.0,-70.0,0.0
high,0.93,-70.0,-70.0,-70.0,0.0
high,0.9400000000000001,-70.0,-70.0,-70.0,0.0
high,0.9500000000000001,-70.0,-70.0,-70.0,0.0
high,0.9600000000000002,-70.0,-70.0,-70.0,0.0
high,0.9700000000000001,-70.0,-70.0,-70.0,0.0
high,0.9800000000000002,-70.0,-70.0,-70.0,0.0
high,0.99,-70.0,-70.0,-70.0,0.0
high,1.0,-70.0,-70.0,-70.0,0.0
high,1.01,-70.0,-70.0,-70.0,0.0
high,1.02,-70.0,-70.0,-70.0,0.0
high,1.03,-70.0,-70.0,-70.0,0.0
high,1.04,-70.0,-70.0,-70.0,0.0
high,1.05,-70.0,-70.0,-70.0,0.0
high,1.0600000000000003,-70.0,-70.0,-70.0,0.0
high,1.07,-70.0,-70.0,-70.0,0.0
high,1.08,-70.0,-70.0,-70.0,0.0
high,1.09,-70.0,-70.0,-70.0,0.0
high,1.1,-70.0,-70.0,-70.0,0.0
high,1.11,-70.0,-70.0,-70.0,0.0
high,1.12,-70.0,-70.0,-70.0,0.0
high,1.1300000000000001,-70.0,-70.0,-70.0,0.0
high,1.1400000000000001,-70.0,-70.0,-70.0,0.0
high,1.1500000000000001,-70.0,-70.0,-70.0,0.0
high,1.16,-70.0,-70.0,-70.0,0.0
high,1.17,-70.0,-70.0,-70.0,0.0
high,1.1800000000000002,-70.0,-70.0,-70.0,0.0
high,1.1900000000000002,-70.0,-70.0,-70.0,0.0
high,1.2000000000000002,-70.0,-70.0,-70.0,0.0
high,1.2100000000000002,-70.0,-70.0,-70.0,0.0
high,1.2200000000000002,-70.0,-70.0,-70.0,0.0
high,1.2300000000000002,-70.0,-70.0,-70.0,0.0
high,1.24,-70.0,-70.0,-70.0,0.0
high,1.25,-70.0,-70.0,-70.0,0.0
high,1.26,-70.0,-70.0,-70.0,0.0
high,1.27,-70.0,-70.0,-70.0,0.0
high,1.28,-70.0,-70.0,-70.0,0.0
high,1.29,-70.0,-70.0,-70.0,0.0
high,1.3000000000000003,-70.0,-70.0,-70.0,0.0
high,1.3100000000000003,-70.0,-70.0,-70.0,0.0
high,1.3200000000000003,-70.0,-70.0,-70.0,0.0
high,1.33,-70.0,-70.0,-70.0,0.0
high,1.34,-70.0,-70.0,-70.0,0.0
high,1.35,-70.0,-70.0,-70.0,0.0
high,1.36,-70.0,-70.0,-70.0,0.0
high,1.37,-70.0,-70.0,-70.0,0.0
high,1.3800000000000001,-70.0,-70.0,-70.0,0.0
high,1.3900000000000001,-70.0,-70.0,-70.0,0.0
high,1.4000000000000001,-70.0,-70.0,-70.0,0.0
high,1.41,-70.0,-70.0,-70.0,0.0
high,1.42,-70.0,-70.0,-70.0,0.0
high,1.4300000000000002,-70.0,-70.0,-70.0,0.0
high,1.4400000000000002,-70.0,-70.0,-70.0,0.0
high,1.4500000000000002,-70.0,-70.0,-70.0,0.0
high,1.4600000000000002,-70.0,-70.0,-70.0,0.0
high,1.4700000000000002,-70.0,-70.0,-70.0,0.0
high,1.4800000000000002,-70.0,-70.0,-70.0,0.0
high,1.4900000000000002,-70.0,-70.0,-70.0,0.0
high,1.5,-70.0,-70.0,-70.0,0.0
high,1.51,-70.0,-70.0,-70.0,0.0
high,1.52,-70.0,-70.0,-70.0,0.0
high,1.53,-70.0,-70.0,-70.0,0.0
high,1.54,-70.0,-70.0,-70.0,0.0
high,1.5500000000000003,-70.0,-70.0,-70.0,0.0
high,1.5600000000000003,-70.0,-70.0,-70.0,0.0
high,1.5700000000000003,-70.0,-70.0,-70.0,0.0
high,1.58,-70.0,-70.0,-70.0,0.0
high,1.59,-70.0,-70.0,-70.0,0.0
high,1.6,-70.0,-70.0,-70.0,0.0
high,1.61,-70.0,-70.0,-70.0,0.0
high,1.62,-70.0,-70.0,-70.0,0.0
high,1.6300000000000001,-70.0,-70.0,-70.0,0.0
high,1.6400000000000001,-70.0,-70.0,-70.0,0.0
high,1.6500000000000001,-70.0,-70.0,-70.0,0.0
high,1.6600000000000001,-70.0,-70.0,-70.0,0.0
high,1.6700000000000002,-70.0,-70.0,-70.0,0.0
high,1.6800000000000002,-70.0,-70.0,-70.0,0.0
high,1.6900000000000002,-70.0,-70.0,-70.0,0.0
high,1.7000000000000002,-70.0,-70.0,-70.0,0.0
high,1.7100000000000002,-70.0,-70.0,-70.0,0.0
high,1.7200000000000002,-70.0,-70.0,-70.0,0.0
high,1.7300000000000002,-70.0,-70.0,-70.0,0.0
high,1.7400000000000002,-70.0,-70.0,-70.0,0.0
high,1.75,-70.0,-70.0,-70.0,0.0
high,1.76,-70.0,-70.0,-70.0,0.0
high,1.77,-70.0,-70.0,-70.0,0.0
high,1.78,-70.0,-70.0,-70.0,0.0
high,1.79,-70.0,-70.0,-70.0,0.0
high,1.8000000000000003,-70.0,-70.0,-70.0,0.0
high,1.8100000000000003,-70.0,-70.0,-70.0,0.0
high,1.8200000000000003,-70.0,-70.0,-70.0,0.0
high,1.8300000000000003,-70.0,-70.0,-70.0,0.0
high,1.84,-70.0,-70.0,-70.0,0.0
high,1.85,-70.0,-70.0,-70.0,0.0
high,1.86,-70.0,-70.0,-70.0,0.0
high,1.87,-70.0,-70.0,-70.0,0.0
high,1.8800000000000001,-70.0,-70.0,-70.0,0.0
high,1.8900000000000001,-70.0,-70.0,-70.0,0.0
high,1.9000000000000001,-70.0,-70.0,-70.0,0.0
high,1.9100000000000001,-70.0,-70.0,-70.0,0.0
high,1.9200000000000004,-70.0,-70.0,-70.0,0.0
high,1.9300000000000002,-70.0,-70.0,-70.0,0.0
high,1.9400000000000002,-70.0,-70.0,-70.0,0.0
high,1.9500000000000002,-70.0,-70.0,-70.0,0.0
high,1.9600000000000004,-70.0,-70.0,-70.0,0.0
high,1.97,-70.0,-70.0,-70.0,0.0
high,1.98,-70.0,-70.0,-70.0,0.0
high,1.99,-70.0,-70.0,-70.0,0.0
high,2.0,-70.0,-70.0,-70.0,0.0
high,2.0100000000000002,-70.0,-70.0,-70.0,0.0
high,2.02,-70.0,-70.0,-70.0,0.0
high,2.0300000000000002,-70.0,-70.0,-70.0,0.0
high,2.04,-70.0,-70.0,-70.0,0.0
high,2.0500000000000003,-70.0,-70.0,-70.0,0.0
high,2.06,-70.0,-70.0,-70.0,0.0
high,2.0700000000000003,-70.0,-70.0,-70.0,0.0
high,2.08,-70.0,-70.0,-70.0,0.0
high,2.0900000000000003,-70.0,-70.0,-70.0,0.0
high,2.1,-70.0,-70.0,-70.0,0.0
high,2.1100000000000003,-70.0,-70.0,-70.0,0.0
high,2.1200000000000006,-70.0,-70.0,-70.0,0.0
high,2.1300000000000003,-70.0,-70.0,-70.0,0.0
high,2.14,-70.0,-70.0,-70.0,0.0
high,2.15,-70.0,-70.0,-70.0,0.0
high,2.16,-70.0,-70.0,-70.0,0.0
high,2.17,-70.0,-70.0,-70.0,0.0
high,2.18,-70.0,-70.0,-70.0,0.0
high,2.19,-70.0,-70.0,-70.0,0.0
high,2.2,-70.0,-70.0,-70.0,0.0
high,2.21,-70.0,-70.0,-70.0,0.0
high,2.22,-70.0,-70.0,-70.0,0.0
high,2.2300000000000004,-70.0,-70.0,-70.0,0.0
high,2.24,-70.0,-70.0,-70.0,0.0
high,2.2500000000000004,-70.0,-70.0,-70.0,0.0
high,2.2600000000000002,-70.0,-70.0,-70.0,0.0
high,2.2700000000000005,-70.0,-70.0,-70.0,0.0
high,2.2800000000000002,-70.0,-70.0,-70.0,0.0
high,2.2900000000000005,-70.0,-70.0,-70.0,0.0
high,2.3000000000000003,-70.0,-70.0,-70.0,0.0
high,2.31,-70.0,-70.0,-70.0,0.0
high,2.32,-70.0,-70.0,-70.0,0.0
high,2.33,-70.0,-70.0,-70.0,0.0
high,2.34,-70.0,-70.0,-70.0,0.0
high,2.35,-70.0,-70.0,-70.0,0.0
high,2.3600000000000003,-70.0,-70.0,-70.0,0.0
high,2.37,-70.0,-70.0,-70.0,0.0
high,2.3800000000000003,-70.0,-70.0,-70.0,0.0
high,2.39,-70.0,-70.0,-70.0,0.0
high,2.4000000000000004,-70.0,-70.0,-70.0,0.0
high,2.41,-70.0,-70.0,-70.0,0.0
high,2.4200000000000004,-70.0,-70.0,-70.0,0.0
high,2.43,-70.0,-70.0,-70.0,0.0
high,2.4400000000000004,-70.0,-70.0,-70.0,0.0
high,2.45,-70.0,-70.0,-70.0,0.0
high,2.4600000000000004,-70.0,-70.0,-70.0,0.0
high,2.47,-70.0,-70.0,-70.0,0.0
high,2.48,-70.0,-70.0,-70.0,0.0
high,2.49,-70.0,-70.0,-70.0,0.0
high,2.5,-70.0,-70.0,-70.0,0.0
high,2.5100000000000002,-70.0,-70.0,-70.0,0.0
high,2.52,-70.0,-70.0,-70.0,0.0
high,2.5300000000000002,-70.0,-70.0,-70.0,0.0
high,2.54,-70.0,-70.0,-70.0,0.0
high,2.5500000000000003,-70.0,-70.0,-70.0,0.0
high,2.56,-70.0,-70.0,-70.0,0.0
high,2.5700000000000003,-70.0,-70.0,-70.0,0.0
high,2.58,-70.0,-70.0,-70.0,0.0
high,2.5900000000000003,-70.0,-70.0,-70.0,0.0
high,2.6000000000000005,-70.0,-70.0,-70.0,0.0
high,2.6100000000000003,-70.0,-70.0,-70.0,0.0
high,2.6200000000000006,-70.0,-70.0,-70.0,0.0
high,2.6300000000000003,-70.0,-70.0,-70.0,0.0
high,2.6400000000000006,-70.0,-70.0,-70.0,0.0
high,2.65,-70.0,-70.0,-70.0,0.0
high,2.66,-70.0,-70.0,-70.0,0.0
high,2.67,-70.0,-70.0,-70.0,0.0
high,2.68,-70.0,-70.0,-70.0,0.0
high,2.69,-70.0,-70.0,-70.0,0.0
high,2.7,-70.0,-70.0,-70.0,0.0
high,2.71,-70.0,-70.0,-70.0,0.0
high,2.72,-70.0,-70.0,-70.0,0.0
high,2.7300000000000004,-70.0,-70.0,-70.0,0.0
high,2.74,-70.0,-70.0,-70.0,0.0
high,2.7500000000000004,-70.0,-70.0,-70.0,0.0
high,2.7600000000000002,-70.0,-70.0,-70.0,0.0
high,2.7700000000000005,-70.0,-70.0,-70.0,0.0
high,2.7800000000000002,-70.0,-70.0,-70.0,0.0
high,2.7900000000000005,-70.0,-70.0,-70.0,0.0
high,2.8000000000000003,-70.0,-70.0,-70.0,0.0
high,2.8100000000000005,-70.0,-70.0,-70.0,0.0
high,2.82,-70.0,-70.0,-70.0,0.0
high,2.83,-70.0,-70.0,-70.0,0.0
high,2.84,-70.0,-70.0,-70.0,0.0
high,2.85,-70.0,-70.0,-70.0,0.0
high,2.8600000000000003,-70.0,-70.0,-70.0,0.0
high,2.87,-70.0,-70.0,-70.0,0.0
high,2.8800000000000003,-70.0,-70.0,-70.0,0.0
high,2.89,-70.0,-70.0,-70.0,0.0
high,2.9000000000000004,-70.0,-70.0,-70.0,0.0
high,2.91,-70.0,-70.0,-70.0,0.0
high,2.9200000000000004,-70.0,-70.0,-70.0,0.0
high,2.93,-70.0,-70.0,-70.0,0.0
high,2.9400000000000004,-70.0,-70.0,-70.0,0.0
high,2.95,-70.0,-70.0,-70.0,0.0
high,2.9600000000000004,-70.0,-70.0,-70.0,0.0
high,2.9700000000000006,-70.0,-70.0,-70.0,0.0
high,2.9800000000000004,-70.0,-70.0,-70.0,0.0
high,2.99,-70.0,-70.0,-70.0,0.0
high,3.0,-70.0,-70.0,-70.0,0.0
high,3.0100000000000002,-70.0,-70.0,-70.0,0.0
high,3.02,-70.0,-70.0,-70.0,0.0
high,3.0300000000000002,-70.0,-70.0,-70.0,0.0
high,3.04,-70.0,-70.0,-70.0,0.0
high,3.0500000000000003,-70.0,-70.0,-70.0,0.0
high,3.06,-70.0,-70.0,-70.0,0.0
high,3.0700000000000003,-70.0,-70.0,-70.0,0.0
high,3.08,-70.0,-70.0,-70.0,0.0
high,3.0900000000000003,-70.0,-70.0,-70.0,0.0
high,3.1000000000000005,-70.0,-70.0,-70.0,0.0
high,3.1100000000000003,-70.0,-70.0,-70.0,0.0
high,3.1200000000000006,-70.0,-70.0,-70.0,0.0
high,3.1300000000000003,-70.0,-70.0,-70.0,0.0
high,3.1400000000000006,-70.0,-70.0,-70.0,0.0
high,3.1500000000000004,-70.0,-70.0,-70.0,0.0
high,3.16,-70.0,-70.0,-70.0,0.0
high,3.17,-70.0,-70.0,-70.0,0.0
high,3.18,-70.0,-70.0,-70.0,0.0
high,3.19,-70.0,-70.0,-70.0,0.0
high,3.2,-70.0,-70.0,-70.0,0.0
high,3.21,-70.0,-70.0,-70.0,0.0
high,3.22,-70.0,-70.0,-70.0,0.0
high,3.2300000000000004,-70.0,-70.0,-70.0,0.0
high,3.24,-70.0,-70.0,-70.0,0.0
high,3.2500000000000004,-70.0,-70.0,-70.0,0.0
high,3.2600000000000002,-70.0,-70.0,-70.0,0.0
high,3.2700000000000005,-70.0,-70.0,-70.0,0.0
high,3.2800000000000002,-70.0,-70.0,-70.0,0.0
high,3.2900000000000005,-70.0,-70.0,-70.0,0.0
high,3.3000000000000003,-70.0,-70.0,-70.0,0.0
high,3.3100000000000005,-70.0,-70.0,-70.0,0.0
high,3.3200000000000003,-70.0,-70.0,-70.0,0.0
high,3.33,-70.0,-70.0,-70.0,0.0
high,3.3400000000000003,-70.0,-70.0,-70.0,0.0
high,3.35,-70.0,-70.0,-70.0,0.0
high,3.3600000000000003,-70.0,-70.0,-70.0,0.0
high,3.37,-70.0,-70.0,-70.0,0.0
high,3.3800000000000003,-70.0,-70.0,-70.0,0.0
high,3.39,-70.0,-70.0,-70.0,0.0
high,3.4000000000000004,-70.0,-70.0,-70.0,0.0
high,3.41,-70.0,-70.0,-70.0,0.0
high,3.4200000000000004,-70.0,-70.0,-70.0,0.0
high,3.43,-70.0,-70.0,-70.0,0.0
high,3.4400000000000004,-70.0,-70.0,-70.0,0.0
high,3.45,-70.0,-70.0,-70.0,0.0
high,3.4600000000000004,-70.0,-70.0,-70.0,0.0
high,3.4700000000000006,-70.0,-70.0,-70.0,0.0
high,3.4800000000000004,-70.0,-70.0,-70.0,0.0
high,3.4900000000000007,-70.0,-70.0,-70.0,0.0
high,3.5,-70.0,-70.0,-70.0,0.0
high,3.5100000000000002,-70.0,-70.0,-70.0,0.0
high,3.52,-70.0,-70.0,-70.0,0.0
high,3.5300000000000002,-70.0,-70.0,-70.0,0.0
high,3.54,-70.0,-70.0,-70.0,0.0
high,3.5500000000000003,-70.0,-70.0,-70.0,0.0
high,3.56,-70.0,-70.0,-70.0,0.0
high,3.5700000000000003,-70.0,-70.0,-70.0,0.0
high,3.58,-70.0,-70.0,-70.0,0.0
high,3.5900000000000003,-70.0,-70.0,-70.0,0.0
high,3.6000000000000005,-70.0,-70.0,-70.0,0.0
high,3.6100000000000003,-70.0,-70.0,-70.0,0.0
high,3.6200000000000006,-70.0,-70.0,-70.0,0.0
high,3.6300000000000003,-70.0,-70.0,-70.0,0.0
high,3.6400000000000006,-70.0,-70.0,-70.0,0.0
high,3.6500000000000004,-70.0,-70.0,-70.0,0.0
high,3.6600000000000006,-70.0,-70.0,-70.0,0.0
high,3.67,-70.0,-70.0,-70.0,0.0
high,3.68,-70.0,-70.0,-70.0,0.0
high,3.69,-70.0,-70.0,-70.0,0.0
high,3.7,-70.0,-70.0,-70.0,0.0
high,3.7100000000000004,-70.0,-70.0,-70.0,0.0
high,3.72,-70.0,-70.0,-70.0,0.0
high,3.7300000000000004,-70.0,-70.0,-70.0,0.0
high,3.74,-70.0,-70.0,-70.0,0.0
high,3.7500000000000004,-70.0,-70.0,-70.0,0.0
high,3.7600000000000002,-70.0,-70.0,-70.0,0.0
high,3.7700000000000005,-70.0,-70.0,-70.0,0.0
high,3.7800000000000002,-70.0,-70.0,-70.0,0.0
high,3.7900000000000005,-70.0,-70.0,-70.0,0.0
high,3.8000000000000003,-70.0,-70.0,-70.0,0.0
high,3.8100000000000005,-70.0,-70.0,-70.0,0.0
high,3.8200000000000003,-70.0,-70.0,-70.0,0.0
high,3.8300000000000005,-70.0,-70.0,-70.0,0.0
high,3.8400000000000007,-70.0,-70.0,-70.0,0.0
high,3.85,-70.0,-70.0,-70.0,0.0
high,3.8600000000000003,-70.0,-70.0,-70.0,0.0
high,3.87,-70.0,-70.0,-70.0,0.0
high,3.8800000000000003,-70.0,-70.0,-70.0,0.0
high,3.89,-70.0,-70.0,-70.0,0.0
high,3.9000000000000004,-70.0,-70.0,-70.0,0.0
high,3.91,-70.0,-70.0,-70.0,0.0
high,3.920000000000001,-70.0,-70.0,-70.0,0.0
high,3.93,-70.0,-70.0,-70.0,0.0
high,3.94,-70.0,-70.0,-70.0,0.0
high,3.95,-70.0,-70.0,-70.0,0.0
high,3.96,-70.0,-70.0,-70.0,0.0
high,3.9700000000000006,-70.0,-70.0,-70.0,0.0
high,3.98,-70.0,-70.0,-70.0,0.0
high,3.9900000000000007,-70.0,-70.0,-70.0,0.0
high,4.0,-70.0,-70.0,-70.0,0.0
high,4.010000000000001,-70.0,-70.0,-70.0,0.0
high,4.0200000000000005,-70.0,-70.0,-70.0,0.0
high,4.03,-70.0,-70.0,-70.0,0.0
high,4.04,-70.0,-70.0,-70.0,0.0
high,4.050000000000001,-70.0,-70.0,-70.0,0.0
high,4.0600000000000005,-70.0,-70.0,-70.0,0.0
high,4.07,-70.0,-70.0,-70.0,0.0
high,4.08,-70.0,-70.0,-70.0,0.0
high,4.090000000000001,-70.0,-70.0,-70.0,0.0
high,4.1000000000000005,-70.0,-70.0,-70.0,0.0
high,4.11,-70.0,-70.0,-70.0,0.0
high,4.12,-70.0,-70.0,-70.0,0.0
high,4.13,-70.0,-70.0,-70.0,0.0
high,4.140000000000001,-70.0,-70.0,-70.0,0.0
high,4.15,-70.0,-70.0,-70.0,0.0
high,4.16,-70.0,-70.0,-70.0,0.0
high,4.17,-70.0,-70.0,-70.0,0.0
high,4.180000000000001,-70.0,-70.0,-70.0,0.0
high,4.19,-70.0,-70.0,-70.0,0.0
high,4.2,-70.0,-70.0,-70.0,0.0
high,4.21,-70.0,-70.0,-70.0,0.0
high,4.220000000000001,-70.0,-70.0,-70.0,0.0
high,4.23,-70.0,-70.0,-70.0,0.0
high,4.240000000000001,-70.0,-70.0,-70.0,0.0
high,4.25,-70.0,-70.0,-70.0,0.0
high,4.260000000000001,-70.0,-70.0,-70.0,0.0
high,4.2700000000000005,-70.0,-70.0,-70.0,0.0
high,4.28,-70.0,-70.0,-70.0,0.0
high,4.29,-70.0,-70.0,-70.0,0.0
high,4.3,-70.0,-70.0,-70.0,0.0
high,4.3100000000000005,-70.0,-70.0,-70.0,0.0
high,4.32,-70.0,-70.0,-70.0,0.0
high,4.33,-70.0,-70.0,-70.0,0.0
high,4.34,-70.0,-70.0,-70.0,0.0
high,4.3500000000000005,-70.0,-70.0,-70.0,0.0
high,4.36,-70.0,-70.0,-70.0,0.0
high,4.370000000000001,-70.0,-70.0,-70.0,0.0
high,4.38,-70.0,-70.0,-70.0,0.0
high,4.390000000000001,-70.0,-70.0,-70.0,0.0
high,4.4,-70.0,-70.0,-70.0,0.0
high,4.410000000000001,-70.0,-70.0,-70.0,0.0
high,4.42,-70.0,-70.0,-70.0,0.0
high,4.430000000000001,-70.0,-70.0,-70.0,0.0
high,4.44,-70.0,-70.0,-70.0,0.0
high,4.45,-70.0,-70.0,-70.0,0.0
high,4.460000000000001,-70.0,-70.0,-70.0,0.0
high,4.47,-70.0,-70.0,-70.0,0.0
high,4.48,-70.0,-70.0,-70.0,0.0
high,4.49,-70.0,-70.0,-70.0,0.0
high,4.500000000000001,-70.0,-70.0,-70.0,0.0
high,4.51,-70.0,-70.0,-70.0,0.0
high,4.5200000000000005,-70.0,-70.0,-70.0,0.0
high,4.53,-70.0,-70.0,-70.0,0.0
high,4.540000000000001,-70.0,-70.0,-70.0,0.0
high,4.55,-70.0,-70.0,-70.0,0.0
high,4.5600000000000005,-70.0,-70.0,-70.0,0.0
high,4.57,-70.0,-70.0,-70.0,0.0
high,4.580000000000001,-70.0,-70.0,-70.0,0.0
high,4.590000000000001,-70.0,-70.0,-70.0,0.0
high,4.6000000000000005,-70.0,-70.0,-70.0,0.0
high,4.61,-70.0,-70.0,-70.0,0.0
high,4.62,-70.0,-70.0,-70.0,0.0
high,4.630000000000001,-70.0,-70.0,-70.0,0.0
high,4.64,-70.0,-70.0,-70.0,0.0
high,4.65,-70.0,-70.0,-70.0,0.0
high,4.66,-70.0,-70.0,-70.0,0.0
high,4.670000000000001,-70.0,-70.0,-70.0,0.0
high,4.68,-70.0,-70.0,-70.0,0.0
high,4.69,-70.0,-70.0,-70.0,0.0
high,4.7,-70.0,-70.0,-70.0,0.0
high,4.710000000000001,-70.0,-70.0,-70.0,0.0
high,4.720000000000001,-70.0,-70.0,-70.0,0.0
high,4.73,-70.0,-70.0,-70.0,0.0
high,4.74,-70.0,-70.0,-70.0,0.0
high,4.750000000000001,-70.0,-70.0,-70.0,0.0
high,4.760000000000001,-70.0,-70.0,-70.0,0.0
high,4.7700000000000005,-70.0,-70.0,-70.0,0.0
high,4.78,-70.0,-70.0,-70.0,0.0
high,4.79,-70.0,-70.0,-70.0,0.0
high,4.800000000000001,-70.0,-70.0,-70.0,0.0
high,4.81,-70.0,-70.0,-70.0,0.0
high,4.82,-70.0,-70.0,-70.0,0.0
high,4.83,-70.0,-70.0,-70.0,0.0
high,4.840000000000001,-70.0,-70.0,-70.0,0.0
high,4.8500000000000005,-70.0,-70.0,-70.0,0.0
high,4.86,-70.0,-70.0,-70.0,0.0
high,4.87,-70.0,-70.0,-70.0,0.0
high,4.880000000000001,-70.0,-70.0,-70.0,0.0
high,4.890000000000001,-70.0,-70.0,-70.0,0.0
high,4.9,-70.0,-70.0,-70.0,0.0
high,4.91,-70.0,-70.0,-70.0,0.0
high,4.920000000000001,-70.0,-70.0,-70.0,0.0
high,4.930000000000001,-70.0,-70.0,-70.0,0.0
high,4.94,-70.0,-70.0,-70.0,0.0
high,4.95,-70.0,-70.0,-70.0,0.0
high,4.96,-70.0,-70.0,-70.0,0.0
high,4.970000000000001,-70.0,-70.0,-70.0,0.0
high,4.98,-70.0,-70.0,-70.0,0.0
high,4.99,-70.0,-70.0,-70.0,0.0
high,5.0,-70.0,-70.0,-70.0,0.0
high,5.010000000000001,-70.0,-70.0,-70.0,0.0
high,5.0200000000000005,-70.0,-70.0,-70.0,0.0
high,5.03,-70.0,-70.0,-70.0,0.0
high,5.04,-70.0,-70.0,-70.0,0.0
high,5.050000000000001,-70.0,-70.0,-70.0,0.0
high,5.0600000000000005,-70.0,-70.0,-70.0,0.0
high,5.07,-70.0,-70.0,-70.0,0.0
high,5.08,-70.0,-70.0,-70.0,0.0
high,5.090000000000001,-70.0,-70.0,-70.0,0.0
high,5.1000000000000005,-70.0,-70.0,-70.0,0.0
high,5.110000000000001,-70.0,-70.0,-70.0,0.0
high,5.12,-70.0,-70.0,-70.0,0.0
high,5.13,-70.0,-70.0,-70.0,0.0
high,5.140000000000001,-70.0,-70.0,-70.0,0.0
high,5.15,-70.0,-70.0,-70.0,0.0
high,5.16,-70.0,-70.0,-70.0,0.0
high,5.17,-70.0,-70.0,-70.0,0.0
high,5.180000000000001,-70.0,-70.0,-70.0,0.0
high,5.19,-70.0,-70.0,-70.0,0.0
high,5.200000000000001,-70.0,-70.0,-70.0,0.0
high,5.21,-70.0,-70.0,-70.0,0.0
high,5.220000000000001,-70.0,-70.0,-70.0,0.0
high,5.23,-70.0,-70.0,-70.0,0.0
high,5.240000000000001,-70.0,-70.0,-70.0,0.0
high,5.25,-70.0,-70.0,-70.0,0.0
high,5.260000000000001,-70.0,-70.0,-70.0,0.0
high,5.2700000000000005,-70.0,-70.0,-70.0,0.0
high,5.280000000000001,-70.0,-70.0,-70.0,0.0
high,5.29,-70.0,-70.0,-70.0,0.0
high,5.3,-70.0,-70.0,-70.0,0.0
high,5.3100000000000005,-70.0,-70.0,-70.0,0.0
high,5.32,-70.0,-70.0,-70.0,0.0
high,5.330000000000001,-70.0,-70.0,-70.0,0.0
high,5.34,-70.0,-70.0,-70.0,0.0
high,5.3500000000000005,-70.0,-70.0,-70.0,0.0
high,5.36,-70.0,-70.0,-70.0,0.0
high,5.370000000000001,-70.0,-70.0,-70.0,0.0
high,5.38,-70.0,-70.0,-70.0,0.0
high,5.390000000000001,-70.0,-70.0,-70.0,0.0
high,5.4,-70.0,-70.0,-70.0,0.0
high,5.410000000000001,-70.0,-70.0,-70.0,0.0
high,5.42,-70.0,-70.0,-70.0,0.0
high,5.430000000000001,-70.0,-70.0,-70.0,0.0
high,5.44,-70.0,-70.0,-70.0,0.0
high,5.450000000000001,-70.0,-70.0,-70.0,0.0
high,5.460000000000001,-70.0,-70.0,-70.0,0.0
high,5.47,-70.0,-70.0,-70.0,0.0
high,5.48,-70.0,-70.0,-70.0,0.0
high,5.49,-70.0,-70.0,-70.0,0.0
high,5.500000000000001,-70.0,-70.0,-70.0,0.0
high,5.51,-70.0,-70.0,-70.0,0.0
high,5.5200000000000005,-70.0,-70.0,-70.0,0.0
high,5.53,-70.0,-70.0,-70.0,0.0
high,5.540000000000001,-70.0,-70.0,-70.0,0.0
high,5.55,-70.0,-70.0,-70.0,0.0
high,5.5600000000000005,-70.0,-70.0,-70.0,0.0
high,5.57,-70.0,-70.0,-70.0,0.0
high,5.580000000000001,-70.0,-70.0,-70.0,0.0
high,5.590000000000001,-70.0,-70.0,-70.0,0.0
high,5.6000000000000005,-70.0,-70.0,-70.0,0.0
high,5.61,-70.0,-70.0,-70.0,0.0
high,5.620000000000001,-70.0,-70.0,-70.0,0.0
high,5.630000000000001,-70.0,-70.0,-70.0,0.0
high,5.64,-70.0,-70.0,-70.0,0.0
high,5.65,-70.0,-70.0,-70.0,0.0
high,5.66,-70.0,-70.0,-70.0,0.0
high,5.670000000000001,-70.0,-70.0,-70.0,0.0
high,5.68,-70.0,-70.0,-70.0,0.0
high,5.69,-70.0,-70.0,-70.0,0.0
high,5.7,-70.0,-70.0,-70.0,0.0
high,5.710000000000001,-70.0,-70.0,-70.0,0.0
high,5.720000000000001,-70.0,-70.0,-70.0,0.0
high,5.73,-70.0,-70.0,-70.0,0.0
high,5.74,-70.0,-70.0,-70.0,0.0
high,5.750000000000001,-70.0,-70.0,-70.0,0.0
high,5.760000000000001,-70.0,-70.0,-70.0,0.0
high,5.7700000000000005,-70.0,-70.0,-70.0,0.0
high,5.78,-70.0,-70.0,-70.0,0.0
high,5.790000000000001,-70.0,-70.0,-70.0,0.0
high,5.800000000000001,-70.0,-70.0,-70.0,0.0
high,5.8100000000000005,-70.0,-70.0,-70.0,0.0
high,5.82,-70.0,-70.0,-70.0,0.0
high,5.83,-70.0,-70.0,-70.0,0.0
high,5.840000000000001,-70.0,-70.0,-70.0,0.0
high,5.8500000000000005,-70.0,-70.0,-70.0,0.0
high,5.86,-70.0,-70.0,-70.0,0.0
high,5.87,-70.0,-70.0,-70.0,0.0
high,5.880000000000001,-70.0,-70.0,-70.0,0.0
high,5.890000000000001,-70.0,-70.0,-70.0,0.0
high,5.9,-70.0,-70.0,-70.0,0.0
high,5.91,-70.0,-70.0,-70.0,0.0
high,5.920000000000001,-70.0,-70.0,-70.0,0.0
high,5.930000000000001,-70.0,-70.0,-70.0,0.0
high,5.940000000000001,-70.0,-70.0,-70.0,0.0
high,5.95,-70.0,-70.0,-70.0,0.0
high,5.960000000000001,-70.0,-70.0,-70.0,0.0
high,5.970000000000001,-70.0,-70.0,-70.0,0.0
high,5.98,-70.0,-70.0,-70.0,0.0
high,5.99,-70.0,-70.0,-70.0,0.0
high,6.0,-70.0,-70.0,-70.0,0.0
high,6.010000000000001,-70.0,-70.0,-70.0,0.0
high,6.0200000000000005,-70.0,-70.0,-70.0,0.0
high,6.03,-70.0,-70.0,-70.0,0.0
high,6.04,-70.0,-70.0,-70.0,0.0
high,6.050000000000001,-70.0,-70.0,-70.0,0.0
high,6.0600000000000005,-70.0,-70.0,-70.0,0.0
high,6.070000000000001,-70.0,-70.0,-70.0,0.0
high,6.08,-70.0,-70.0,-70.0,0.0
high,6.090000000000001,-70.0,-70.0,-70.0,0.0
high,6.1000000000000005,-70.0,-70.0,-70.0,0.0
high,6.110000000000001,-70.0,-70.0,-70.0,0.0
high,6.12,-70.0,-70.0,-70.0,0.0
high,6.130000000000001,-70.0,-70.0,-70.0,0.0
high,6.140000000000001,-70.0,-70.0,-70.0,0.0
high,6.15,-70.0,-70.0,-70.0,0.0
high,6.16,-70.0,-70.0,-70.0,0.0
high,6.17,-70.0,-70.0,-70.0,0.0
high,6.180000000000001,-70.0,-70.0,-70.0,0.0
high,6.19,-70.0,-70.0,-70.0,0.0
high,6.200000000000001,-70.0,-70.0,-70.0,0.0
high,6.21,-70.0,-70.0,-70.0,0.0
high,6.220000000000001,-70.0,-70.0,-70.0,0.0
high,6.23,-70.0,-70.0,-70.0,0.0
high,6.240000000000001,-70.0,-70.0,-70.0,0.0
high,6.25,-70.0,-70.0,-70.0,0.0
high,6.260000000000001,-70.0,-70.0,-70.0,0.0
high,6.2700000000000005,-70.0,-70.0,-70.0,0.0
high,6.280000000000001,-70.0,-70.0,-70.0,0.0
high,6.29,-70.0,-70.0,-70.0,0.0
high,6.300000000000001,-70.0,-70.0,-70.0,0.0
high,6.3100000000000005,-70.0,-70.0,-70.0,0.0
high,6.32,-70.0,-70.0,-70.0,0.0
high,6.330000000000001,-70.0,-70.0,-70.0,0.0
high,6.34,-70.0,-70.0,-70.0,0.0
high,6.3500000000000005,-70.0,-70.0,-70.0,0.0
high,6.36,-70.0,-70.0,-70.0,0.0
high,6.370000000000001,-70.0,-70.0,-70.0,0.0
high,6.38,-70.0,-70.0,-70.0,0.0
high,6.390000000000001,-70.0,-70.0,-70.0,0.0
high,6.4,-70.0,-70.0,-70.0,0.0
high,6.410000000000001,-70.0,-70.0,-70.0,0.0
high,6.42,-70.0,-70.0,-70.0,0.0
high,6.430000000000001,-70.0,-70.0,-70.0,0.0
high,6.44,-70.0,-70.0,-70.0,0.0
high,6.450000000000001,-70.0,-70.0,-70.0,0.0
high,6.460000000000001,-70.0,-70.0,-70.0,0.0
high,6.470000000000001,-70.0,-70.0,-70.0,0.0
high,6.48,-70.0,-70.0,-70.0,0.0
high,6.49,-70.0,-70.0,-70.0,0.0
high,6.500000000000001,-70.0,-70.0,-70.0,0.0
high,6.51,-70.0,-70.0,-70.0,0.0
high,6.5200000000000005,-70.0,-70.0,-70.0,0.0
high,6.53,-70.0,-70.0,-70.0,0.0
high,6.540000000000001,-70.0,-70.0,-70.0,0.0
high,6.550000000000001,-70.0,-70.0,-70.0,0.0
high,6.5600000000000005,-70.0,-70.0,-70.0,0.0
high,6.57,-70.0,-70.0,-70.0,0.0
high,6.580000000000001,-70.0,-70.0,-70.0,0.0
high,6.590000000000001,-70.0,-70.0,-70.0,0.0
high,6.6000000000000005,-70.0,-70.0,-70.0,0.0
high,6.61,-70.0,-70.0,-70.0,0.0
high,6.620000000000001,-70.0,-70.0,-70.0,0.0
high,6.630000000000001,-70.0,-70.0,-70.0,0.0
high,6.640000000000001,-70.0,-70.0,-70.0,0.0
high,6.65,-70.0,-70.0,-70.0,0.0
high,6.66,-70.0,-70.0,-70.0,0.0
high,6.670000000000001,-70.0,-70.0,-70.0,0.0
high,6.680000000000001,-70.0,-70.0,-70.0,0.0
high,6.69,-70.0,-70.0,-70.0,0.0
high,6.7,-70.0,-70.0,-70.0,0.0
high,6.710000000000001,-70.0,-70.0,-70.0,0.0
high,6.720000000000001,-70.0,-70.0,-70.0,0.0
high,6.73,-70.0,-70.0,-70.0,0.0
high,6.74,-70.0,-70.0,-70.0,0.0
high,6.750000000000001,-70.0,-70.0,-70.0,0.0
high,6.760000000000001,-70.0,-70.0,-70.0,0.0
high,6.7700000000000005,-70.0,-70.0,-70.0,0.0
high,6.78,-70.0,-70.0,-70.0,0.0
high,6.790000000000001,-70.0,-70.0,-70.0,0.0
high,6.800000000000001,-70.0,-70.0,-70.0,0.0
high,6.810000000000001,-70.0,-70.0,-70.0,0.0
high,6.82,-70.0,-70.0,-70.0,0.0
high,6.83,-70.0,-70.0,-70.0,0.0
high,6.840000000000001,-70.0,-70.0,-70.0,0.0
high,6.8500000000000005,-70.0,-70.0,-70.0,0.0
high,6.86,-70.0,-70.0,-70.0,0.0
high,6.87,-70.0,-70.0,-70.0,0.0
high,6.880000000000001,-70.0,-70.0,-70.0,0.0
high,6.890000000000001,-70.0,-70.0,-70.0,0.0
high,6.9,-70.0,-70.0,-70.0,0.0
high,6.91,-70.0,-70.0,-70.0,0.0
high,6.920000000000001,-70.0,-70.0,-70.0,0.0
high,6.930000000000001,-70.0,-70.0,-70.0,0.0
high,6.940000000000001,-70.0,-70.0,-70.0,0.0
high,6.95,-70.0,-70.0,-70.0,0.0
high,6.960000000000001,-70.0,-70.0,-70.0,0.0
high,6.970000000000001,-70.0,-70.0,-70.0,0.0
high,6.980000000000001,-70.0,-70.0,-70.0,0.0
high,6.99,-70.0,-70.0,-70.0,0.0
high,7.0,-70.0,-70.0,-70.0,0.0
high,7.010000000000001,-70.0,-70.0,-70.0,0.0
high,7.0200000000000005,-70.0,-70.0,-70.0,0.0
high,7.03,-70.0,-70.0,-70.0,0.0
high,7.04,-70.0,-70.0,-70.0,0.0
high,7.050000000000001,-70.0,-70.0,-70.0,0.0
high,7.0600000000000005,-70.0,-70.0,-70.0,0.0
high,7.070000000000001,-70.0,-70.0,-70.0,0.0
high,7.08,-70.0,-70.0,-70.0,0.0
high,7.090000000000001,-70.0,-70.0,-70.0,0.0
high,7.1000000000000005,-70.0,-70.0,-70.0,0.0
high,7.110000000000001,-70.0,-70.0,-70.0,0.0
high,7.12,-70.0,-70.0,-70.0,0.0
high,7.130000000000001,-70.0,-70.0,-70.0,0.0
high,7.140000000000001,-70.0,-70.0,-70.0,0.0
high,7.150000000000001,-70.0,-70.0,-70.0,0.0
high,7.16,-70.0,-70.0,-70.0,0.0
high,7.17,-70.0,-70.0,-70.0,0.0
high,7.180000000000001,-70.0,-70.0,-70.0,0.0
high,7.19,-70.0,-70.0,-70.0,0.0
high,7.200000000000001,-70.0,-70.0,-70.0,0.0
high,7.21,-70.0,-70.0,-70.0,0.0
high,7.220000000000001,-70.0,-70.0,-70.0,0.0
high,7.23,-70.0,-70.0,-70.0,0.0
high,7.240000000000001,-70.0,-70.0,-70.0,0.0
high,7.25,-70.0,-70.0,-70.0,0.0
high,7.260000000000001,-70.0,-70.0,-70.0,0.0
high,7.2700000000000005,-70.0,-70.0,-70.0,0.0
high,7.280000000000001,-70.0,-70.0,-70.0,0.0
high,7.29,-70.0,-70.0,-70.0,0.0
high,7.300000000000001,-70.0,-70.0,-70.0,0.0
high,7.3100000000000005,-70.0,-70.0,-70.0,0.0
high,7.320000000000001,-70.0,-70.0,-70.0,0.0
high,7.330000000000001,-70.0,-70.0,-70.0,0.0
high,7.34,-70.0,-70.0,-70.0,0.0
high,7.3500000000000005,-70.0,-70.0,-70.0,0.0
high,7.36,-70.0,-70.0,-70.0,0.0
high,7.370000000000001,-70.0,-70.0,-70.0,0.0
high,7.38,-70.0,-70.0,-70.0,0.0
high,7.390000000000001,-70.0,-70.0,-70.0,0.0
high,7.4,-70.0,-70.0,-70.0,0.0
high,7.410000000000001,-70.0,-70.0,-70.0,0.0
high,7.420000000000001,-70.0,-70.0,-70.0,0.0
high,7.430000000000001,-70.0,-70.0,-70.0,0.0
high,7.44,-70.0,-70.0,-70.0,0.0
high,7.450000000000001,-70.0,-70.0,-70.0,0.0
high,7.460000000000001,-70.0,-70.0,-70.0,0.0
high,7.470000000000001,-70.0,-70.0,-70.0,0.0
high,7.48,-70.0,-70.0,-70.0,0.0
high,7.490000000000001,-70.0,-70.0,-70.0,0.0
high,7.500000000000001,-70.0,-70.0,-70.0,0.0
high,7.51,-70.0,-70.0,-70.0,0.0
high,7.5200000000000005,-70.0,-70.0,-70.0,0.0
high,7.53,-70.0,-70.0,-70.0,0.0
high,7.540000000000001,-70.0,-70.0,-70.0,0.0
high,7.550000000000001,-70.0,-70.0,-70.0,0.0
high,7.5600000000000005,-70.0,-70.0,-70.0,0.0
high,7.57,-70.0,-70.0,-70.0,0.0
high,7.580000000000001,-70.0,-70.0,-70.0,0.0
high,7.590000000000001,-70.0,-70.0,-70.0,0.0
high,7.6000000000000005,-70.0,-70.0,-70.0,0.0
high,7.61,-70.0,-70.0,-70.0,0.0
high,7.620000000000001,-70.0,-70.0,-70.0,0.0
high,7.630000000000001,-70.0,-70.0,-70.0,0.0
high,7.640000000000001,-70.0,-70.0,-70.0,0.0
high,7.65,-70.0,-70.0,-70.0,0.0
high,7.660000000000001,-70.0,-70.0,-70.0,0.0
high,7.670000000000001,-70.0,-70.0,-70.0,0.0
high,7.6800000000000015,-70.0,-70.0,-70.0,0.0
high,7.69,-70.0,-70.0,-70.0,0.0
high,7.7,-70.0,-70.0,-70.0,0.0
high,7.710000000000001,-70.0,-70.0,-70.0,0.0
high,7.720000000000001,-70.0,-70.0,-70.0,0.0
high,7.73,-70.0,-70.0,-70.0,0.0
high,7.74,-70.0,-70.0,-70.0,0.0
high,7.750000000000001,-70.0,-70.0,-70.0,0.0
high,7.760000000000001,-70.0,-70.0,-70.0,0.0
high,7.7700000000000005,-70.0,-70.0,-70.0,0.0
high,7.78,-70.0,-70.0,-70.0,0.0
high,7.790000000000001,-70.0,-70.0,-70.0,0.0
high,7.800000000000001,-70.0,-70.0,-70.0,0.0
high,7.810000000000001,-70.0,-70.0,-70.0,0.0
high,7.82,-70.0,-70.0,-70.0,0.0
high,7.83,-70.0,-70.0,-70.0,0.0
high,7.840000000000002,-70.0,-70.0,-70.0,0.0
high,7.850000000000001,-70.0,-70.0,-70.0,0.0
high,7.86,-70.0,-70.0,-70.0,0.0
high,7.87,-70.0,-70.0,-70.0,0.0
high,7.88,-70.0,-70.0,-70.0,0.0
high,7.8900000000000015,-70.0,-70.0,-70.0,0.0
high,7.9,-70.0,-70.0,-70.0,0.0
high,7.91,-70.0,-70.0,-70.0,0.0
high,7.92,-70.0,-70.0,-70.0,0.0
high,7.9300000000000015,-70.0,-70.0,-70.0,0.0
high,7.940000000000001,-70.0,-70.0,-70.0,0.0
high,7.95,-70.0,-70.0,-70.0,0.0
high,7.96,-70.0,-70.0,-70.0,0.0
high,7.9700000000000015,-70.0,-70.0,-70.0,0.0
high,7.980000000000001,-70.0,-70.0,-70.0,0.0
high,7.99,-70.0,-70.0,-70.0,0.0
high,8.0,-70.0,-70.0,-70.0,0.0
high,8.010000000000002,-70.0,-70.0,-70.0,0.0
high,8.020000000000001,-70.0,-70.0,-70.0,0.0
high,8.030000000000001,-70.0,-70.0,-70.0,0.0
high,8.040000000000001,-70.0,-70.0,-70.0,0.0
high,8.05,-70.0,-70.0,-70.0,0.0
high,8.06,-70.0,-70.0,-70.0,0.0
high,8.07,-70.0,-70.0,-70.0,0.0
high,8.08,-70.0,-70.0,-70.0,0.0
high,8.09,-70.0,-70.0,-70.0,0.0
high,8.100000000000001,-70.0,-70.0,-70.0,0.0
high,8.110000000000001,-70.0,-70.0,-70.0,0.0
high,8.120000000000001,-70.0,-70.0,-70.0,0.0
high,8.13,-70.0,-70.0,-70.0,0.0
high,8.14,-70.0,-70.0,-70.0,0.0
high,8.15,-70.0,-70.0,-70.0,0.0
high,8.16,-70.0,-70.0,-70.0,0.0
high,8.17,-70.0,-70.0,-70.0,0.0
high,8.180000000000001,-70.0,-70.0,-70.0,0.0
high,8.190000000000001,-70.0,-70.0,-70.0,0.0
high,8.200000000000001,-70.0,-70.0,-70.0,0.0
high,8.21,-70.0,-70.0,-70.0,0.0
high,8.22,-70.0,-70.0,-70.0,0.0
high,8.23,-70.0,-70.0,-70.0,0.0
high,8.24,-70.0,-70.0,-70.0,0.0
high,8.25,-70.0,-70.0,-70.0,0.0
high,8.26,-70.0,-70.0,-70.0,0.0
high,8.270000000000001,-70.0,-70.0,-70.0,0.0
high,8.280000000000001,-70.0,-70.0,-70.0,0.0
high,8.290000000000001,-70.0,-70.0,-70.0,0.0
high,8.3,-70.0,-70.0,-70.0,0.0
high,8.310000000000002,-70.0,-70.0,-70.0,0.0
high,8.32,-70.0,-70.0,-70.0,0.0
high,8.33,-70.0,-70.0,-70.0,0.0
high,8.34,-70.0,-70.0,-70.0,0.0
high,8.350000000000001,-70.0,-70.0,-70.0,0.0
high,8.360000000000001,-70.0,-70.0,-70.0,0.0
high,8.370000000000001,-70.0,-70.0,-70.0,0.0
high,8.38,-70.0,-70.0,-70.0,0.0
high,8.39,-70.0,-70.0,-70.0,0.0
high,8.4,-70.0,-70.0,-70.0,0.0
high,8.41,-70.0,-70.0,-70.0,0.0
high,8.42,-70.0,-70.0,-70.0,0.0
high,8.43,-70.0,-70.0,-70.0,0.0
high,8.440000000000001,-70.0,-70.0,-70.0,0.0
high,8.450000000000001,-70.0,-70.0,-70.0,0.0
high,8.46,-70.0,-70.0,-70.0,0.0
high,8.47,-70.0,-70.0,-70.0,0.0
high,8.480000000000002,-70.0,-70.0,-70.0,0.0
high,8.49,-70.0,-70.0,-70.0,0.0
high,8.5,-70.0,-70.0,-70.0,0.0
high,8.51,-70.0,-70.0,-70.0,0.0
high,8.520000000000001,-70.0,-70.0,-70.0,0.0
high,8.530000000000001,-70.0,-70.0,-70.0,0.0
high,8.540000000000001,-70.0,-70.0,-70.0,0.0
high,8.55,-70.0,-70.0,-70.0,0.0
high,8.56,-70.0,-70.0,-70.0,0.0
high,8.570000000000002,-70.0,-70.0,-70.0,0.0
high,8.58,-70.0,-70.0,-70.0,0.0
high,8.59,-70.0,-70.0,-70.0,0.0
high,8.6,-70.0,-70.0,-70.0,0.0
high,8.610000000000001,-70.0,-70.0,-70.0,0.0
high,8.620000000000001,-70.0,-70.0,-70.0,0.0
high,8.63,-70.0,-70.0,-70.0,0.0
high,8.64,-70.0,-70.0,-70.0,0.0
high,8.650000000000002,-70.0,-70.0,-70.0,0.0
high,8.66,-70.0,-70.0,-70.0,0.0
high,8.67,-70.0,-70.0,-70.0,0.0
high,8.68,-70.0,-70.0,-70.0,0.0
high,8.690000000000001,-70.0,-70.0,-70.0,0.0
high,8.700000000000001,-70.0,-70.0,-70.0,0.0
high,8.71,-70.0,-70.0,-70.0,0.0
high,8.72,-70.0,-70.0,-70.0,0.0
high,8.73,-70.0,-70.0,-70.0,0.0
high,8.740000000000002,-70.0,-70.0,-70.0,0.0
high,8.75,-70.0,-70.0,-70.0,0.0
high,8.76,-70.0,-70.0,-70.0,0.0
high,8.77,-70.0,-70.0,-70.0,0.0
high,8.780000000000001,-70.0,-70.0,-70.0,0.0
high,8.790000000000001,-70.0,-70.0,-70.0,0.0
high,8.8,-70.0,-70.0,-70.0,0.0
high,8.81,-70.0,-70.0,-70.0,0.0
high,8.820000000000002,-70.0,-70.0,-70.0,0.0
high,8.830000000000002,-70.0,-70.0,-70.0,0.0
high,8.84,-70.0,-70.0,-70.0,0.0
high,8.85,-70.0,-70.0,-70.0,0.0
high,8.860000000000001,-70.0,-70.0,-70.0,0.0
high,8.870000000000001,-70.0,-70.0,-70.0,0.0
high,8.88,-70.0,-70.0,-70.0,0.0
high,8.89,-70.0,-70.0,-70.0,0.0
high,8.9,-70.0,-70.0,-70.0,0.0
high,8.910000000000002,-70.0,-70.0,-70.0,0.0
high,8.920000000000002,-70.0,-70.0,-70.0,0.0
high,8.93,-70.0,-70.0,-70.0,0.0
high,8.94,-70.0,-70.0,-70.0,0.0
high,8.950000000000001,-70.0,-70.0,-70.0,0.0
high,8.96,-70.0,-70.0,-70.0,0.0
high,8.97,-70.0,-70.0,-70.0,0.0
high,8.98,-70.0,-70.0,-70.0,0.0
high,8.990000000000002,-70.0,-70.0,-70.0,0.0
high,9.000000000000002,-70.0,-70.0,-70.0,0.0
high,9.01,-70.0,-70.0,-70.0,0.0
high,9.02,-70.0,-70.0,-70.0,0.0
high,9.030000000000001,-70.0,-70.0,-70.0,0.0
high,9.040000000000001,-70.0,-70.0,-70.0,0.0
high,9.05,-70.0,-70.0,-70.0,0.0
high,9.06,-70.0,-70.0,-70.0,0.0
high,9.07,-70.0,-70.0,-70.0,0.0
high,9.080000000000002,-70.0,-70.0,-70.0,0.0
high,9.090000000000002,-70.0,-70.0,-70.0,0.0
high,9.1,-70.0,-70.0,-70.0,0.0
high,9.11,-70.0,-70.0,-70.0,0.0
high,9.120000000000001,-70.0,-70.0,-70.0,0.0
high,9.13,-70.0,-70.0,-70.0,0.0
high,9.14,-70.0,-70.0,-70.0,0.0
high,9.15,-70.0,-70.0,-70.0,0.0
high,9.160000000000002,-70.0,-70.0,-70.0,0.0
high,9.170000000000002,-70.0,-70.0,-70.0,0.0
high,9.180000000000001,-70.0,-70.0,-70.0,0.0
high,9.19,-70.0,-70.0,-70.0,0.0
high,9.200000000000001,-70.0,-70.0,-70.0,0.0
high,9.21,-70.0,-70.0,-70.0,0.0
high,9.22,-70.0,-70.0,-70.0,0.0
high,9.23,-70.0,-70.0,-70.0,0.0
high,9.24,-70.0,-70.0,-70.0,0.0
high,9.250000000000002,-70.0,-70.0,-70.0,0.0
high,9.260000000000002,-70.0,-70.0,-70.0,0.0
high,9.27,-70.0,-70.0,-70.0,0.0
high,9.28,-70.0,-70.0,-70.0,0.0
high,9.290000000000001,-70.0,-70.0,-70.0,0.0
high,9.3,-70.0,-70.0,-70.0,0.0
high,9.31,-70.0,-70.0,-70.0,0.0
high,9.32,-70.0,-70.0,-70.0,0.0
high,9.330000000000002,-70.0,-70.0,-70.0,0.0
high,9.340000000000002,-70.0,-70.0,-70.0,0.0
high,9.350000000000001,-70.0,-70.0,-70.0,0.0
high,9.36,-70.0,-70.0,-70.0,0.0
high,9.370000000000001,-70.0,-70.0,-70.0,0.0
high,9.38,-70.0,-70.0,-70.0,0.0
high,9.39,-70.0,-70.0,-70.0,0.0
high,9.4,-70.0,-70.0,-70.0,0.0
high,9.41,-70.0,-70.0,-70.0,0.0
high,9.420000000000002,-70.0,-70.0,-70.0,0.0
high,9.430000000000001,-70.0,-70.0,-70.0,0.0
high,9.440000000000001,-70.0,-70.0,-70.0,0.0
high,9.45,-70.0,-70.0,-70.0,0.0
high,9.46,-70.0,-70.0,-70.0,0.0
high,9.47,-70.0,-70.0,-70.0,0.0
high,9.48,-70.0,-70.0,-70.0,0.0
high,9.49,-70.0,-70.0,-70.0,0.0
high,9.500000000000002,-70.0,-70.0,-70.0,0.0
high,9.510000000000002,-70.0,-70.0,-70.0,0.0
high,9.520000000000001,-70.0,-70.0,-70.0,0.0
high,9.530000000000001,-70.0,-70.0,-70.0,0.0
high,9.540000000000001,-70.0,-70.0,-70.0,0.0
high,9.55,-70.0,-70.0,-70.0,0.0
high,9.56,-70.0,-70.0,-70.0,0.0
high,9.57,-70.0,-70.0,-70.0,0.0
high,9.58,-70.0,-70.0,-70.0,0.0
high,9.590000000000002,-70.0,-70.0,-70.0,0.0
high,9.600000000000001,-70.0,-70.0,-70.0,0.0
high,9.610000000000001,-70.0,-70.0,-70.0,0.0
high,9.62,-70.0,-70.0,-70.0,0.0
high,9.63,-70.0,-70.0,-70.0,0.0
high,9.64,-70.0,-70.0,-70.0,0.0
high,9.65,-70.0,-70.0,-70.0,0.0
high,9.66,-70.0,-70.0,-70.0,0.0
high,9.670000000000002,-70.0,-70.0,-70.0,0.0
high,9.680000000000001,-70.0,-70.0,-70.0,0.0
high,9.690000000000001,-70.0,-70.0,-70.0,0.0
high,9.700000000000001,-70.0,-70.0,-70.0,0.0
high,9.71,-70.0,-70.0,-70.0,0.0
high,9.72,-70.0,-70.0,-70.0,0.0
high,9.73,-70.0,-70.0,-70.0,0.0
high,9.74,-70.0,-70.0,-70.0,0.0
high,9.75,-70.0,-70.0,-70.0,0.0
high,9.760000000000002,-70.0,-70.0,-70.0,0.0
high,9.770000000000001,-70.0,-70.0,-70.0,0.0
high,9.780000000000001,-70.0,-70.0,-70.0,0.0
high,9.790000000000001,-70.0,-70.0,-70.0,0.0
high,9.8,-70.0,-70.0,-70.0,0.0
high,9.81,-70.0,-70.0,-70.0,0.0
high,9.82,-70.0,-70.0,-70.0,0.0
high,9.83,-70.0,-70.0,-70.0,0.0
high,9.840000000000002,-70.0,-70.0,-70.0,0.0
high,9.850000000000001,-70.0,-70.0,-70.0,0.0
high,9.860000000000001,-70.0,-70.0,-70.0,0.0
high,9.870000000000001,-70.0,-70.0,-70.0,0.0
high,9.88,-70.0,-70.0,-70.0,0.0
high,9.89,-70.0,-70.0,-70.0,0.0
high,9.9,-70.0,-70.0,-70.0,0.0
high,9.91,-70.0,-70.0,-70.0,0.0
high,9.92,-70.0,-70.0,-70.0,0.0
high,9.930000000000001,-70.0,-70.0,-70.0,0.0
high,9.940000000000001,-70.0,-70.0,-70.0,0.0
high,9.950000000000001,-70.0,-70.0,-70.0,0.0
high,9.96,-70.0,-70.0,-70.0,0.0
high,9.97,-70.0,-70.0,-70.0,0.0
high,9.98,-70.0,-70.0,-70.0,0.0
high,9.99,-70.0,-70.0,-70.0,0.0
high,10.0,-70.0,-70.0,-70.0,0.0
high,10.010000000000002,-70.0,-70.0,-70.0,0.0
high,10.020000000000001,-70.0,-70.0,-70.0,0.0
high,10.030000000000001,-70.0,-70.0,-70.0,0.0
high,10.040000000000001,-70.0,-70.0,-70.0,0.0
high,10.050000000000002,-70.0,-70.0,-70.0,0.0
high,10.06,-70.0,-70.0,-70.0,0.0
high,10.07,-70.0,-70.0,-70.0,0.0
high,10.08,-70.0,-70.0,-70.0,0.0
high,10.09,-70.0,-70.0,-70.0,0.0
high,10.100000000000001,-70.0,-70.0,-70.0,0.0
high,10.110000000000001,-70.0,-70.0,-70.0,0.0
high,10.120000000000001,-70.0,-70.0,-70.0,0.0
high,10.13,-70.0,-70.0,-70.0,0.0
high,10.14,-70.0,-70.0,-70.0,0.0
high,10.15,-70.0,-70.0,-70.0,0.0
high,10.16,-70.0,-70.0,-70.0,0.0
high,10.17,-70.0,-70.0,-70.0,0.0
high,10.180000000000001,-70.0,-70.0,-70.0,0.0
high,10.190000000000001,-70.0,-70.0,-70.0,0.0
high,10.200000000000001,-70.0,-70.0,-70.0,0.0
high,10.21,-70.0,-70.0,-70.0,0.0
high,10.220000000000002,-70.0,-70.0,-70.0,0.0
high,10.23,-70.0,-70.0,-70.0,0.0
high,10.24,-70.0,-70.0,-70.0,0.0
high,10.25,-70.0,-70.0,-70.0,0.0
high,10.26,-70.0,-70.0,-70.0,0.0
high,10.270000000000001,-70.0,-70.0,-70.0,0.0
high,10.280000000000001,-70.0,-70.0,-70.0,0.0
high,10.290000000000001,-70.0,-70.0,-70.0,0.0
high,10.3,-70.0,-70.0,-70.0,0.0
high,10.310000000000002,-70.0,-70.0,-70.0,0.0
high,10.32,-70.0,-70.0,-70.0,0.0
high,10.33,-70.0,-70.0,-70.0,0.0
high,10.34,-70.0,-70.0,-70.0,0.0
high,10.350000000000001,-70.0,-70.0,-70.0,0.0
high,10.360000000000001,-70.0,-70.0,-70.0,0.0
high,10.370000000000001,-70.0,-70.0,-70.0,0.0
high,10.38,-70.0,-70.0,-70.0,0.0
high,10.390000000000002,-70.0,-70.0,-70.0,0.0
high,10.400000000000002,-70.0,-70.0,-70.0,0.0
high,10.41,-70.0,-70.0,-70.0,0.0
high,10.42,-70.0,-70.0,-70.0,0.0
high,10.43,-70.0,-70.0,-70.0,0.0
high,10.440000000000001,-70.0,-70.0,-70.0,0.0
high,10.450000000000001,-70.0,-70.0,-70.0,0.0
high,10.46,-70.0,-70.0,-70.0,0.0
high,10.47,-70.0,-70.0,-70.0,0.0
high,10.480000000000002,-70.0,-70.0,-70.0,0.0
high,10.49,-70.0,-70.0,-70.0,0.0
high,10.5,-70.0,-70.0,-70.0,0.0
high,10.51,-70.0,-70.0,-70.0,0.0
high,10.520000000000001,-70.0,-70.0,-70.0,0.0
high,10.530000000000001,-70.0,-70.0,-70.0,0.0
high,10.540000000000001,-70.0,-70.0,-70.0,0.0
high,10.55,-70.0,-70.0,-70.0,0.0
high,10.560000000000002,-70.0,-70.0,-70.0,0.0
high,10.570000000000002,-70.0,-70.0,-70.0,0.0
high,10.58,-70.0,-70.0,-70.0,0.0
high,10.59,-70.0,-70.0,-70.0,0.0
high,10.6,-70.0,-70.0,-70.0,0.0
high,10.610000000000001,-70.0,-70.0,-70.0,0.0
high,10.620000000000001,-70.0,-70.0,-70.0,0.0
high,10.63,-70.0,-70.0,-70.0,0.0
high,10.64,-70.0,-70.0,-70.0,0.0
high,10.650000000000002,-70.0,-70.0,-70.0,0.0
high,10.660000000000002,-70.0,-70.0,-70.0,0.0
high,10.67,-70.0,-70.0,-70.0,0.0
high,10.68,-70.0,-70.0,-70.0,0.0
high,10.690000000000001,-70.0,-70.0,-70.0,0.0
high,10.700000000000001,-70.0,-70.0,-70.0,0.0
high,10.71,-70.0,-70.0,-70.0,0.0
high,10.72,-70.0,-70.0,-70.0,0.0
high,10.730000000000002,-70.0,-70.0,-70.0,0.0
high,10.740000000000002,-70.0,-70.0,-70.0,0.0
high,10.75,-70.0,-70.0,-70.0,0.0
high,10.76,-70.0,-70.0,-70.0,0.0
high,10.77,-70.0,-70.0,-70.0,0.0
high,10.780000000000001,-70.0,-70.0,-70.0,0.0
high,10.790000000000001,-70.0,-70.0,-70.0,0.0
high,10.8,-70.0,-70.0,-70.0,0.0
high,10.81,-70.0,-70.0,-70.0,0.0
high,10.820000000000002,-70.0,-70.0,-70.0,0.0
high,10.830000000000002,-70.0,-70.0,-70.0,0.0
high,10.84,-70.0,-70.0,-70.0,0.0
high,10.85,-70.0,-70.0,-70.0,0.0
high,10.860000000000001,-70.0,-70.0,-70.0,0.0
high,10.870000000000001,-70.0,-70.0,-70.0,0.0
high,10.88,-70.0,-70.0,-70.0,0.0
high,10.89,-70.0,-70.0,-70.0,0.0
high,10.900000000000002,-70.0,-70.0,-70.0,0.0
high,10.910000000000002,-70.0,-70.0,-70.0,0.0
high,10.920000000000002,-70.0,-70.0,-70.0,0.0
high,10.93,-70.0,-70.0,-70.0,0.0
high,10.94,-70.0,-70.0,-70.0,0.0
high,10.950000000000001,-70.0,-70.0,-70.0,0.0
high,10.96,-70.0,-70.0,-70.0,0.0
high,10.97,-70.0,-70.0,-70.0,0.0
high,10.98,-70.0,-70.0,-70.0,0.0
high,10.990000000000002,-70.0,-70.0,-70.0,0.0
high,11.000000000000002,-70.0,-70.0,-70.0,0.0
high,11.010000000000002,-70.0,-70.0,-70.0,0.0
high,11.02,-70.0,-70.0,-70.0,0.0
high,11.030000000000001,-70.0,-70.0,-70.0,0.0
high,11.040000000000001,-70.0,-70.0,-70.0,0.0
high,11.05,-70.0,-70.0,-70.0,0.0
high,11.06,-70.0,-70.0,-70.0,0.0
high,11.070000000000002,-70.0,-70.0,-70.0,0.0
high,11.080000000000002,-70.0,-70.0,-70.0,0.0
high,11.090000000000002,-70.0,-70.0,-70.0,0.0
high,11.1,-70.0,-70.0,-70.0,0.0
high,11.11,-70.0,-70.0,-70.0,0.0
high,11.120000000000001,-70.0,-70.0,-70.0,0.0
high,11.13,-70.0,-70.0,-70.0,0.0
high,11.14,-70.0,-70.0,-70.0,0.0
high,11.15,-70.0,-70.0,-70.0,0.0
high,11.160000000000002,-70.0,-70.0,-70.0,0.0
high,11.170000000000002,-70.0,-70.0,-70.0,0.0
high,11.180000000000001,-70.0,-70.0,-70.0,0.0
high,11.19,-70.0,-70.0,-70.0,0.0
high,11.200000000000001,-70.0,-70.0,-70.0,0.0
high,11.21,-70.0,-70.0,-70.0,0.0
high,11.22,-70.0,-70.0,-70.0,0.0
high,11.23,-70.0,-70.0,-70.0,0.0
high,11.240000000000002,-70.0,-70.0,-70.0,0.0
high,11.250000000000002,-70.0,-70.0,-70.0,0.0
high,11.260000000000002,-70.0,-70.0,-70.0,0.0
high,11.270000000000001,-70.0,-70.0,-70.0,0.0
high,11.28,-70.0,-70.0,-70.0,0.0
high,11.290000000000001,-70.0,-70.0,-70.0,0.0
high,11.3,-70.0,-70.0,-70.0,0.0
high,11.31,-70.0,-70.0,-70.0,0.0
high,11.32,-70.0,-70.0,-70.0,0.0
high,11.330000000000002,-70.0,-70.0,-70.0,0.0
high,11.340000000000002,-70.0,-70.0,-70.0,0.0
high,11.350000000000001,-70.0,-70.0,-70.0,0.0
high,11.36,-70.0,-70.0,-70.0,0.0
high,11.370000000000001,-70.0,-70.0,-70.0,0.0
high,11.38,-70.0,-70.0,-70.0,0.0
high,11.39,-70.0,-70.0,-70.0,0.0
high,11.4,-70.0,-70.0,-70.0,0.0
high,11.410000000000002,-70.0,-70.0,-70.0,0.0
high,11.420000000000002,-70.0,-70.0,-70.0,0.0
high,11.430000000000001,-70.0,-70.0,-70.0,0.0
high,11.440000000000001,-70.0,-70.0,-70.0,0.0
high,11.45,-70.0,-70.0,-70.0,0.0
high,11.46,-70.0,-70.0,-70.0,0.0
high,11.47,-70.0,-70.0,-70.0,0.0
high,11.48,-70.0,-70.0,-70.0,0.0
high,11.49,-70.0,-70.0,-70.0,0.0
high,11.500000000000002,-70.0,-70.0,-70.0,0.0
high,11.510000000000002,-70.0,-70.0,-70.0,0.0
high,11.520000000000001,-70.0,-70.0,-70.0,0.0
high,11.530000000000001,-70.0,-70.0,-70.0,0.0
high,11.540000000000001,-70.0,-70.0,-70.0,0.0
high,11.55,-70.0,-70.0,-70.0,0.0
high,11.56,-70.0,-70.0,-70.0,0.0
high,11.57,-70.0,-70.0,-70.0,0.0
high,11.580000000000002,-70.0,-70.0,-70.0,0.0
high,11.590000000000002,-70.0,-70.0,-70.0,0.0
high,11.600000000000001,-70.0,-70.0,-70.0,0.0
high,11.610000000000001,-70.0,-70.0,-70.0,0.0
high,11.620000000000001,-70.0,-70.0,-70.0,0.0
high,11.63,-70.0,-70.0,-70.0,0.0
high,11.64,-70.0,-70.0,-70.0,0.0
high,11.65,-70.0,-70.0,-70.0,0.0
high,11.66,-70.0,-70.0,-70.0,0.0
high,11.670000000000002,-70.0,-70.0,-70.0,0.0
high,11.680000000000001,-70.0,-70.0,-70.0,0.0
high,11.690000000000001,-70.0,-70.0,-70.0,0.0
high,11.700000000000001,-70.0,-70.0,-70.0,0.0
high,11.71,-70.0,-70.0,-70.0,0.0
high,11.72,-70.0,-70.0,-70.0,0.0
high,11.73,-70.0,-70.0,-70.0,0.0
high,11.74,-70.0,-70.0,-70.0,0.0
high,11.750000000000002,-70.0,-70.0,-70.0,0.0
high,11.760000000000002,-70.0,-70.0,-70.0,0.0
high,11.770000000000001,-70.0,-70.0,-70.0,0.0
high,11.780000000000001,-70.0,-70.0,-70.0,0.0
high,11.790000000000001,-70.0,-70.0,-70.0,0.0
high,11.8,-70.0,-70.0,-70.0,0.0
high,11.81,-70.0,-70.0,-70.0,0.0
high,11.82,-70.0,-70.0,-70.0,0.0
high,11.83,-70.0,-70.0,-70.0,0.0
high,11.840000000000002,-70.0,-70.0,-70.0,0.0
high,11.850000000000001,-70.0,-70.0,-70.0,0.0
high,11.860000000000001,-70.0,-70.0,-70.0,0.0
high,11.870000000000001,-70.0,-70.0,-70.0,0.0
high,11.880000000000003,-70.0,-70.0,-70.0,0.0
high,11.89,-70.0,-70.0,-70.0,0.0
high,11.9,-70.0,-70.0,-70.0,0.0
high,11.91,-70.0,-70.0,-70.0,0.0
high,11.920000000000002,-70.0,-70.0,-70.0,0.0
high,11.930000000000001,-70.0,-70.0,-70.0,0.0
high,11.940000000000001,-70.0,-70.0,-70.0,0.0
high,11.950000000000001,-70.0,-70.0,-70.0,0.0
high,11.96,-70.0,-70.0,-70.0,0.0
high,11.97,-70.0,-70.0,-70.0,0.0
high,11.98,-70.0,-70.0,-70.0,0.0
high,11.99,-70.0,-70.0,-70.0,0.0
high,12.0,-70.0,-70.0,-70.0,0.0
high,12.010000000000002,-70.0,-70.0,-70.0,0.0
high,12.020000000000001,-70.0,-70.0,-70.0,0.0
high,12.030000000000001,-70.0,-70.0,-70.0,0.0
high,12.040000000000001,-70.0,-70.0,-70.0,0.0
high,12.050000000000002,-70.0,-70.0,-70.0,0.0
high,12.06,-70.0,-70.0,-70.0,0.0
high,12.07,-70.0,-70.0,-70.0,0.0
high,12.08,-70.0,-70.0,-70.0,0.0
high,12.090000000000002,-70.0,-70.0,-70.0,0.0
high,12.100000000000001,-70.0,-70.0,-70.0,0.0
high,12.110000000000001,-70.0,-70.0,-70.0,0.0
high,12.120000000000001,-70.0,-70.0,-70.0,0.0
high,12.13,-70.0,-70.0,-70.0,0.0
high,12.140000000000002,-70.0,-70.0,-70.0,0.0
high,12.15,-70.0,-70.0,-70.0,0.0
high,12.16,-70.0,-70.0,-70.0,0.0
high,12.17,-70.0,-70.0,-70.0,0.0
high,12.180000000000001,-70.0,-70.0,-70.0,0.0
high,12.190000000000001,-70.0,-70.0,-70.0,0.0
high,12.200000000000001,-70.0,-70.0,-70.0,0.0
high,12.21,-70.0,-70.0,-70.0,0.0
high,12.220000000000002,-70.0,-70.0,-70.0,0.0
high,12.23,-70.0,-70.0,-70.0,0.0
high,12.24,-70.0,-70.0,-70.0,0.0
high,12.25,-70.0,-70.0,-70.0,0.0
high,12.260000000000002,-70.0,-70.0,-70.0,0.0
high,12.270000000000001,-70.0,-70.0,-70.0,0.0
high,12.280000000000001,-70.0,-70.0,-70.0,0.0
high,12.290000000000001,-70.0,-70.0,-70.0,0.0
high,12.3,-70.0,-70.0,-70.0,0.0
high,12.310000000000002,-70.0,-70.0,-70.0,0.0
high,12.32,-70.0,-70.0,-70.0,0.0
high,12.33,-70.0,-70.0,-70.0,0.0
high,12.34,-70.0,-70.0,-70.0,0.0
high,12.350000000000001,-70.0,-70.0,-70.0,0.0
high,12.360000000000001,-70.0,-70.0,-70.0,0.0
high,12.370000000000001,-70.0,-70.0,-70.0,0.0
high,12.38,-70.0,-70.0,-70.0,0.0
high,12.390000000000002,-70.0,-70.0,-70.0,0.0
high,12.400000000000002,-70.0,-70.0,-70.0,0.0
high,12.41,-70.0,-70.0,-70.0,0.0
high,12.42,-70.0,-70.0,-70.0,0.0
high,12.430000000000001,-70.0,-70.0,-70.0,0.0
high,12.440000000000001,-70.0,-70.0,-70.0,0.0
high,12.450000000000001,-70.0,-70.0,-70.0,0.0
high,12.46,-70.0,-70.0,-70.0,0.0
high,12.47,-70.0,-70.0,-70.0,0.0
high,12.480000000000002,-70.0,-70.0,-70.0,0.0
high,12.490000000000002,-70.0,-70.0,-70.0,0.0
high,12.5,-70.0,-70.0,-70.0,0.0
high,12.51,-70.0,-70.0,-70.0,0.0
high,12.520000000000001,-70.0,-70.0,-70.0,0.0
high,12.530000000000001,-70.0,-70.0,-70.0,0.0
high,12.540000000000001,-70.0,-70.0,-70.0,0.0
high,12.55,-70.0,-70.0,-70.0,0.0
high,12.560000000000002,-70.0,-70.0,-70.0,0.0
high,12.570000000000002,-70.0,-70.0,-70.0,0.0
high,12.58,-70.0,-70.0,-70.0,0.0
high,12.59,-70.0,-70.0,-70.0,0.0
high,12.600000000000001,-70.0,-70.0,-70.0,0.0
high,12.610000000000001,-70.0,-70.0,-70.0,0.0
high,12.620000000000001,-70.0,-70.0,-70.0,0.0
high,12.63,-70.0,-70.0,-70.0,0.0
high,12.64,-70.0,-70.0,-70.0,0.0
high,12.650000000000002,-70.0,-70.0,-70.0,0.0
high,12.660000000000002,-70.0,-70.0,-70.0,0.0
high,12.67,-70.0,-70.0,-70.0,0.0
high,12.68,-70.0,-70.0,-70.0,0.0
high,12.690000000000001,-70.0,-70.0,-70.0,0.0
high,12.700000000000001,-70.0,-70.0,-70.0,0.0
high,12.71,-70.0,-70.0,-70.0,0.0
high,12.72,-70.0,-70.0,-70.0,0.0
high,12.730000000000002,-70.0,-70.0,-70.0,0.0
high,12.740000000000002,-70.0,-70.0,-70.0,0.0
high,12.750000000000002,-70.0,-70.0,-70.0,0.0
high,12.76,-70.0,-70.0,-70.0,0.0
high,12.770000000000001,-70.0,-70.0,-70.0,0.0
high,12.780000000000001,-70.0,-70.0,-70.0,0.0
high,12.790000000000001,-70.0,-70.0,-70.0,0.0
high,12.8,-70.0,-70.0,-70.0,0.0
high,12.81,-70.0,-70.0,-70.0,0.0
high,12.820000000000002,-70.0,-70.0,-70.0,0.0
high,12.830000000000002,-70.0,-70.0,-70.0,0.0
high,12.84,-70.0,-70.0,-70.0,0.0
high,12.85,-70.0,-70.0,-70.0,0.0
high,12.860000000000001,-70.0,-70.0,-70.0,0.0
high,12.870000000000001,-70.0,-70.0,-70.0,0.0
high,12.88,-70.0,-70.0,-70.0,0.0
high,12.89,-70.0,-70.0,-70.0,0.0
high,12.900000000000002,-70.0,-70.0,-70.0,0.0
high,12.910000000000002,-70.0,-70.0,-70.0,0.0
high,12.920000000000002,-70.0,-70.0,-70.0,0.0
high,12.93,-70.0,-70.0,-70.0,0.0
high,12.940000000000001,-70.0,-70.0,-70.0,0.0
high,12.950000000000001,-70.0,-70.0,-70.0,0.0
high,12.96,-70.0,-70.0,-70.0,0.0
high,12.97,-70.0,-70.0,-70.0,0.0
high,12.98,-70.0,-70.0,-70.0,0.0
high,12.990000000000002,-70.0,-70.0,-70.0,0.0
high,13.000000000000002,-70.0,-70.0,-70.0,0.0
high,13.010000000000002,-70.0,-70.0,-70.0,0.0
high,13.02,-70.0,-70.0,-70.0,0.0
high,13.030000000000001,-70.0,-70.0,-70.0,0.0
high,13.040000000000001,-70.0,-70.0,-70.0,0.0
high,13.05,-70.0,-70.0,-70.0,0.0
high,13.06,-70.0,-70.0,-70.0,0.0
high,13.070000000000002,-70.0,-70.0,-70.0,0.0
high,13.080000000000002,-70.0,-70.0,-70.0,0.0
high,13.090000000000002,-70.0,-70.0,-70.0,0.0
high,13.100000000000001,-70.0,-70.0,-70.0,0.0
high,13.110000000000001,-70.0,-70.0,-70.0,0.0
high,13.120000000000001,-70.0,-70.0,-70.0,0.0
high,13.13,-70.0,-70.0,-70.0,0.0
high,13.14,-70.0,-70.0,-70.0,0.0
high,13.15,-70.0,-70.0,-70.0,0.0
high,13.160000000000002,-70.0,-70.0,-70.0,0.0
high,13.170000000000002,-70.0,-70.0,-70.0,0.0
high,13.180000000000001,-70.0,-70.0,-70.0,0.0
high,13.19,-70.0,-70.0,-70.0,0.0
high,13.200000000000001,-70.0,-70.0,-70.0,0.0
high,13.21,-70.0,-70.0,-70.0,0.0
high,13.22,-70.0,-70.0,-70.0,0.0
high,13.23,-70.0,-70.0,-70.0,0.0
high,13.240000000000002,-70.0,-70.0,-70.0,0.0
high,13.250000000000002,-70.0,-70.0,-70.0,0.0
high,13.260000000000002,-70.0,-70.0,-70.0,0.0
high,13.270000000000001,-70.0,-70.0,-70.0,0.0
high,13.280000000000001,-70.0,-70.0,-70.0,0.0
high,13.290000000000001,-70.0,-70.0,-70.0,0.0
high,13.3,-70.0,-70.0,-70.0,0.0
high,13.31,-70.0,-70.0,-70.0,0.0
high,13.32,-70.0,-70.0,-70.0,0.0
high,13.330000000000002,-70.0,-70.0,-70.0,0.0
high,13.340000000000002,-70.0,-70.0,-70.0,0.0
high,13.350000000000001,-70.0,-70.0,-70.0,0.0
high,13.360000000000001,-70.0,-70.0,-70.0,0.0
high,13.370000000000001,-70.0,-70.0,-70.0,0.0
high,13.38,-70.0,-70.0,-70.0,0.0
high,13.39,-70.0,-70.0,-70.0,0.0
high,13.4,-70.0,-70.0,-70.0,0.0
high,13.410000000000002,-70.0,-70.0,-70.0,0.0
high,13.420000000000002,-70.0,-70.0,-70.0,0.0
high,13.430000000000001,-70.0,-70.0,-70.0,0.0
high,13.440000000000001,-70.0,-70.0,-70.0,0.0
high,13.450000000000001,-70.0,-70.0,-70.0,0.0
high,13.46,-70.0,-70.0,-70.0,0.0
high,13.47,-70.0,-70.0,-70.0,0.0
high,13.48,-70.0,-70.0,-70.0,0.0
high,13.49,-70.0,-70.0,-70.0,0.0
high,13.500000000000002,-70.0,-70.0,-70.0,0.0
high,13.510000000000002,-70.0,-70.0,-70.0,0.0
high,13.520000000000001,-70.0,-70.0,-70.0,0.0
high,13.530000000000001,-70.0,-70.0,-70.0,0.0
high,13.540000000000001,-70.0,-70.0,-70.0,0.0
high,13.55,-70.0,-70.0,-70.0,0.0
high,13.56,-70.0,-70.0,-70.0,0.0
high,13.57,-70.0,-70.0,-70.0,0.0
high,13.580000000000002,-70.0,-70.0,-70.0,0.0
high,13.590000000000002,-70.0,-70.0,-70.0,0.0
high,13.600000000000001,-70.0,-70.0,-70.0,0.0
high,13.610000000000001,-70.0,-70.0,-70.0,0.0
high,13.620000000000003,-70.0,-70.0,-70.0,0.0
high,13.63,-70.0,-70.0,-70.0,0.0
high,13.64,-70.0,-70.0,-70.0,0.0
high,13.65,-70.0,-70.0,-70.0,0.0
high,13.66,-70.0,-70.0,-70.0,0.0
high,13.670000000000002,-70.0,-70.0,-70.0,0.0
high,13.680000000000001,-70.0,-70.0,-70.0,0.0
high,13.690000000000001,-70.0,-70.0,-70.0,0.0
high,13.700000000000001,-70.0,-70.0,-70.0,0.0
high,13.71,-70.0,-70.0,-70.0,0.0
high,13.72,-70.0,-70.0,-70.0,0.0
high,13.73,-70.0,-70.0,-70.0,0.0
high,13.74,-70.0,-70.0,-70.0,0.0
high,13.750000000000002,-70.0,-70.0,-70.0,0.0
high,13.760000000000002,-70.0,-70.0,-70.0,0.0
high,13.770000000000001,-70.0,-70.0,-70.0,0.0
high,13.780000000000001,-70.0,-70.0,-70.0,0.0
high,13.790000000000003,-70.0,-70.0,-70.0,0.0
high,13.8,-70.0,-70.0,-70.0,0.0
high,13.81,-70.0,-70.0,-70.0,0.0
high,13.82,-70.0,-70.0,-70.0,0.0
high,13.83,-70.0,-70.0,-70.0,0.0
high,13.840000000000002,-70.0,-70.0,-70.0,0.0
high,13.850000000000001,-70.0,-70.0,-70.0,0.0
high,13.860000000000001,-70.0,-70.0,-70.0,0.0
high,13.870000000000001,-70.0,-70.0,-70.0,0.0
high,13.880000000000003,-70.0,-70.0,-70.0,0.0
high,13.89,-70.0,-70.0,-70.0,0.0
high,13.9,-70.0,-70.0,-70.0,0.0
high,13.91,-70.0,-70.0,-70.0,0.0
high,13.920000000000002,-70.0,-70.0,-70.0,0.0
high,13.930000000000001,-70.0,-70.0,-70.0,0.0
high,13.940000000000001,-70.0,-70.0,-70.0,0.0
high,13.950000000000001,-70.0,-70.0,-70.0,0.0
high,13.960000000000003,-70.0,-70.0,-70.0,0.0
high,13.97,-70.0,-70.0,-70.0,0.0
high,13.98,-70.0,-70.0,-70.0,0.0
high,13.99,-70.0,-70.0,-70.0,0.0
high,14.0,-70.0,-70.0,-70.0,0.0
high,14.010000000000002,-70.0,-70.0,-70.0,0.0
high,14.020000000000001,-70.0,-70.0,-70.0,0.0
high,14.030000000000001,-70.0,-70.0,-70.0,0.0
high,14.040000000000001,-70.0,-70.0,-70.0,0.0
high,14.050000000000002,-70.0,-70.0,-70.0,0.0
high,14.06,-70.0,-70.0,-70.0,0.0
high,14.07,-70.0,-70.0,-70.0,0.0
high,14.08,-70.0,-70.0,-70.0,0.0
high,14.090000000000002,-70.0,-70.0,-70.0,0.0
high,14.100000000000001,-70.0,-70.0,-70.0,0.0
high,14.110000000000001,-70.0,-70.0,-70.0,0.0
high,14.120000000000001,-70.0,-70.0,-70.0,0.0
high,14.130000000000003,-70.0,-70.0,-70.0,0.0
high,14.140000000000002,-70.0,-70.0,-70.0,0.0
high,14.15,-70.0,-70.0,-70.0,0.0
high,14.16,-70.0,-70.0,-70.0,0.0
high,14.17,-70.0,-70.0,-70.0,0.0
high,14.180000000000001,-70.0,-70.0,-70.0,0.0
high,14.190000000000001,-70.0,-70.0,-70.0,0.0
high,14.200000000000001,-70.0,-70.0,-70.0,0.0
high,14.21,-70.0,-70.0,-70.0,0.0
high,14.220000000000002,-70.0,-70.0,-70.0,0.0
high,14.230000000000002,-70.0,-70.0,-70.0,0.0
high,14.24,-70.0,-70.0,-70.0,0.0
high,14.25,-70.0,-70.0,-70.0,0.0
high,14.260000000000002,-70.0,-70.0,-70.0,0.0
high,14.270000000000001,-70.0,-70.0,-70.0,0.0
high,14.280000000000001,-70.0,-70.0,-70.0,0.0
high,14.290000000000001,-70.0,-70.0,-70.0,0.0
high,14.300000000000002,-70.0,-70.0,-70.0,0.0
high,14.310000000000002,-70.0,-70.0,-70.0,0.0
high,14.32,-70.0,-70.0,-70.0,0.0
high,14.33,-70.0,-70.0,-70.0,0.0
high,14.34,-70.0,-70.0,-70.0,0.0
high,14.350000000000001,-70.0,-70.0,-70.0,0.0
high,14.360000000000001,-70.0,-70.0,-70.0,0.0
high,14.370000000000001,-70.0,-70.0,-70.0,0.0
high,14.38,-70.0,-70.0,-70.0,0.0
high,14.390000000000002,-70.0,-70.0,-70.0,0.0
high,14.400000000000002,-70.0,-70.0,-70.0,0.0
high,14.41,-70.0,-70.0,-70.0,0.0
high,14.42,-70.0,-70.0,-70.0,0.0
high,14.430000000000001,-70.0,-70.0,-70.0,0.0
high,14.440000000000001,-70.0,-70.0,-70.0,0.0
high,14.450000000000001,-70.0,-70.0,-70.0,0.0
high,14.46,-70.0,-70.0,-70.0,0.0
high,14.470000000000002,-70.0,-70.0,-70.0,0.0
high,14.480000000000002,-70.0,-70.0,-70.0,0.0
high,14.490000000000002,-70.0,-70.0,-70.0,0.0
high,14.5,-70.0,-70.0,-70.0,0.0
high,14.51,-70.0,-70.0,-70.0,0.0
high,14.520000000000001,-70.0,-70.0,-70.0,0.0
high,14.530000000000001,-70.0,-70.0,-70.0,0.0
high,14.540000000000001,-70.0,-70.0,-70.0,0.0
high,14.55,-70.0,-70.0,-70.0,0.0
high,14.560000000000002,-70.0,-70.0,-70.0,0.0
high,14.570000000000002,-70.0,-70.0,-70.0,0.0
high,14.58,-70.0,-70.0,-70.0,0.0
high,14.59,-70.0,-70.0,-70.0,0.0
high,14.600000000000001,-70.0,-70.0,-70.0,0.0
high,14.610000000000001,-70.0,-70.0,-70.0,0.0
high,14.620000000000001,-70.0,-70.0,-70.0,0.0
high,14.63,-70.0,-70.0,-70.0,0.0
high,14.640000000000002,-70.0,-70.0,-70.0,0.0
high,14.650000000000002,-70.0,-70.0,-70.0,0.0
high,14.660000000000002,-70.0,-70.0,-70.0,0.0
high,14.67,-70.0,-70.0,-70.0,0.0
high,14.68,-70.0,-70.0,-70.0,0.0
high,14.690000000000001,-70.0,-70.0,-70.0,0.0
high,14.700000000000001,-70.0,-70.0,-70.0,0.0
high,14.71,-70.0,-70.0,-70.0,0.0
high,14.72,-70.0,-70.0,-70.0,0.0
high,14.730000000000002,-70.0,-70.0,-70.0,0.0
high,14.740000000000002,-70.0,-70.0,-70.0,0.0
high,14.750000000000002,-70.0,-70.0,-70.0,0.0
high,14.76,-70.0,-70.0,-70.0,0.0
high,14.770000000000001,-70.0,-70.0,-70.0,0.0
high,14.780000000000001,-70.0,-70.0,-70.0,0.0
high,14.790000000000001,-70.0,-70.0,-70.0,0.0
high,14.8,-70.0,-70.0,-70.0,0.0
high,14.810000000000002,-70.0,-70.0,-70.0,0.0
high,14.820000000000002,-70.0,-70.0,-70.0,0.0
high,14.830000000000002,-70.0,-70.0,-70.0,0.0
high,14.840000000000002,-70.0,-70.0,-70.0,0.0
high,14.85,-70.0,-70.0,-70.0,0.0
high,14.860000000000001,-70.0,-70.0,-70.0,0.0
high,14.870000000000001,-70.0,-70.0,-70.0,0.0
high,14.88,-70.0,-70.0,-70.0,0.0
high,14.89,-70.0,-70.0,-70.0,0.0
high,14.900000000000002,-70.0,-70.0,-70.0,0.0
high,14.910000000000002,-70.0,-70.0,-70.0,0.0
high,14.920000000000002,-70.0,-70.0,-70.0,0.0
high,14.93,-70.0,-70.0,-70.0,0.0
high,14.940000000000001,-70.0,-70.0,-70.0,0.0
high,14.950000000000001,-70.0,-70.0,-70.0,0.0
high,14.96,-70.0,-70.0,-70.0,0.0
high,14.97,-70.0,-70.0,-70.0,0.0
high,14.980000000000002,-70.0,-70.0,-70.0,0.0
high,14.990000000000002,-70.0,-70.0,-70.0,0.0
high,15.000000000000002,-70.0,-70.0,-70.0,0.0
high,15.010000000000002,-70.0,-70.0,-70.0,0.0
high,15.02,-70.0,-70.0,-70.0,0.0
high,15.030000000000001,-70.0,-70.0,-70.0,0.0
high,15.040000000000001,-70.0,-70.0,-70.0,0.0
high,15.05,-70.0,-70.0,-70.0,0.0
high,15.06,-70.0,-70.0,-70.0,0.0
high,15.070000000000002,-70.0,-70.0,-70.0,0.0
high,15.080000000000002,-70.0,-70.0,-70.0,0.0
high,15.090000000000002,-70.0,-70.0,-70.0,0.0
high,15.100000000000001,-70.0,-70.0,-70.0,0.0
high,15.110000000000001,-70.0,-70.0,-70.0,0.0
high,15.120000000000001,-70.0,-70.0,-70.0,0.0
high,15.13,-70.0,-70.0,-70.0,0.0
high,15.14,-70.0,-70.0,-70.0,0.0
high,15.150000000000002,-70.0,-70.0,-70.0,0.0
high,15.160000000000002,-70.0,-70.0,-70.0,0.0
high,15.170000000000002,-70.0,-70.0,-70.0,0.0
high,15.180000000000001,-70.0,-70.0,-70.0,0.0
high,15.19,-70.0,-70.0,-70.0,0.0
high,15.200000000000001,-70.0,-70.0,-70.0,0.0
high,15.21,-70.0,-70.0,-70.0,0.0
high,15.22,-70.0,-70.0,-70.0,0.0
high,15.23,-70.0,-70.0,-70.0,0.0
high,15.240000000000002,-70.0,-70.0,-70.0,0.0
high,15.250000000000002,-70.0,-70.0,-70.0,0.0
high,15.260000000000002,-70.0,-70.0,-70.0,0.0
high,15.270000000000001,-70.0,-70.0,-70.0,0.0
high,15.280000000000001,-70.0,-70.0,-70.0,0.0
high,15.290000000000001,-70.0,-70.0,-70.0,0.0
high,15.3,-70.0,-70.0,-70.0,0.0
high,15.31,-70.0,-70.0,-70.0,0.0
high,15.320000000000002,-70.0,-70.0,-70.0,0.0
high,15.330000000000002,-70.0,-70.0,-70.0,0.0
high,15.340000000000002,-70.0,-70.0,-70.0,0.0
high,15.350000000000001,-70.0,-70.0,-70.0,0.0
high,15.360000000000003,-70.0,-70.0,-70.0,0.0
high,15.370000000000001,-70.0,-70.0,-70.0,0.0
high,15.38,-70.0,-70.0,-70.0,0.0
high,15.39,-70.0,-70.0,-70.0,0.0
high,15.4,-70.0,-70.0,-70.0,0.0
high,15.410000000000002,-70.0,-70.0,-70.0,0.0
high,15.420000000000002,-70.0,-70.0,-70.0,0.0
high,15.430000000000001,-70.0,-70.0,-70.0,0.0
high,15.440000000000001,-70.0,-70.0,-70.0,0.0
high,15.450000000000001,-70.0,-70.0,-70.0,0.0
high,15.46,-70.0,-70.0,-70.0,0.0
high,15.47,-70.0,-70.0,-70.0,0.0
high,15.48,-70.0,-70.0,-70.0,0.0
high,15.490000000000002,-70.0,-70.0,-70.0,0.0
high,15.500000000000002,-70.0,-70.0,-70.0,0.0
high,15.510000000000002,-70.0,-70.0,-70.0,0.0
high,15.520000000000001,-70.0,-70.0,-70.0,0.0
high,15.530000000000003,-70.0,-70.0,-70.0,0.0
high,15.540000000000001,-70.0,-70.0,-70.0,0.0
high,15.55,-70.0,-70.0,-70.0,0.0
high,15.56,-70.0,-70.0,-70.0,0.0
high,15.57,-70.0,-70.0,-70.0,0.0
high,15.580000000000002,-70.0,-70.0,-70.0,0.0
high,15.590000000000002,-70.0,-70.0,-70.0,0.0
high,15.600000000000001,-70.0,-70.0,-70.0,0.0
high,15.610000000000001,-70.0,-70.0,-70.0,0.0
high,15.620000000000003,-70.0,-70.0,-70.0,0.0
high,15.63,-70.0,-70.0,-70.0,0.0
high,15.64,-70.0,-70.0,-70.0,0.0
high,15.65,-70.0,-70.0,-70.0,0.0
high,15.66,-70.0,-70.0,-70.0,0.0
high,15.67,-70.0,-70.0,-70.0,0.0
high,15.680000000000003,-70.0,-70.0,-70.0,0.0
high,15.690000000000003,-70.0,-70.0,-70.0,0.0
high,15.700000000000003,-70.0,-70.0,-70.0,0.0
high,15.71,-70.0,-70.0,-70.0,0.0
high,15.72,-70.0,-70.0,-70.0,0.0
high,15.73,-70.0,-70.0,-70.0,0.0
high,15.74,-70.0,-70.0,-70.0,0.0
high,15.75,-70.0,-70.0,-70.0,0.0
high,15.76,-70.0,-70.0,-70.0,0.0
high,15.770000000000003,-70.0,-70.0,-70.0,0.0
high,15.780000000000003,-70.0,-70.0,-70.0,0.0
high,15.790000000000003,-70.0,-70.0,-70.0,0.0
high,15.8,-70.0,-70.0,-70.0,0.0
high,15.81,-70.0,-70.0,-70.0,0.0
high,15.82,-70.0,-70.0,-70.0,0.0
high,15.83,-70.0,-70.0,-70.0,0.0
high,15.84,-70.0,-70.0,-70.0,0.0
high,15.850000000000003,-70.0,-70.0,-70.0,0.0
high,15.860000000000003,-70.0,-70.0,-70.0,0.0
high,15.870000000000003,-70.0,-70.0,-70.0,0.0
high,15.880000000000003,-70.0,-70.0,-70.0,0.0
high,15.89,-70.0,-70.0,-70.0,0.0
high,15.9,-70.0,-70.0,-70.0,0.0
high,15.91,-70.0,-70.0,-70.0,0.0
high,15.92,-70.0,-70.0,-70.0,0.0
high,15.93,-70.0,-70.0,-70.0,0.0
high,15.940000000000003,-70.0,-70.0,-70.0,0.0
high,15.950000000000003,-70.0,-70.0,-70.0,0.0
high,15.960000000000003,-70.0,-70.0,-70.0,0.0
high,15.970000000000002,-70.0,-70.0,-70.0,0.0
high,15.98,-70.0,-70.0,-70.0,0.0
high,15.99,-70.0,-70.0,-70.0,0.0
high,16.0,-70.0,-70.0,-70.0,0.0
high,16.01,-70.0,-70.0,-70.0,0.0
high,16.020000000000003,-70.0,-70.0,-70.0,0.0
high,16.03,-70.0,-70.0,-70.0,0.0
high,16.040000000000003,-70.0,-70.0,-70.0,0.0
high,16.05,-70.0,-70.0,-70.0,0.0
high,16.060000000000002,-70.0,-70.0,-70.0,0.0
high,16.07,-70.0,-70.0,-70.0,0.0
high,16.080000000000002,-70.0,-70.0,-70.0,0.0
high,16.09,-70.0,-70.0,-70.0,0.0
high,16.1,-70.0,-70.0,-70.0,0.0
high,16.110000000000003,-70.0,-70.0,-70.0,0.0
high,16.12,-70.0,-70.0,-70.0,0.0
high,16.130000000000003,-70.0,-70.0,-70.0,0.0
high,16.14,-70.0,-70.0,-70.0,0.0
high,16.150000000000002,-70.0,-70.0,-70.0,0.0
high,16.16,-70.0,-70.0,-70.0,0.0
high,16.17,-70.0,-70.0,-70.0,0.0
high,16.18,-70.0,-70.0,-70.0,0.0
high,16.19,-70.0,-70.0,-70.0,0.0
high,16.200000000000003,-70.0,-70.0,-70.0,0.0
high,16.21,-70.0,-70.0,-70.0,0.0
high,16.220000000000002,-70.0,-70.0,-70.0,0.0
high,16.23,-70.0,-70.0,-70.0,0.0
high,16.240000000000002,-70.0,-70.0,-70.0,0.0
high,16.25,-70.0,-70.0,-70.0,0.0
high,16.26,-70.0,-70.0,-70.0,0.0
high,16.27,-70.0,-70.0,-70.0,0.0
high,16.28,-70.0,-70.0,-70.0,0.0
high,16.290000000000003,-70.0,-70.0,-70.0,0.0
high,16.3,-70.0,-70.0,-70.0,0.0
high,16.310000000000002,-70.0,-70.0,-70.0,0.0
high,16.32,-70.0,-70.0,-70.0,0.0
high,16.330000000000002,-70.0,-70.0,-70.0,0.0
high,16.34,-70.0,-70.0,-70.0,0.0
high,16.35,-70.0,-70.0,-70.0,0.0
high,16.360000000000003,-70.0,-70.0,-70.0,0.0
high,16.37,-70.0,-70.0,-70.0,0.0
high,16.380000000000003,-70.0,-70.0,-70.0,0.0
high,16.39,-70.0,-70.0,-70.0,0.0
high,16.400000000000002,-70.0,-70.0,-70.0,0.0
high,16.41,-70.0,-70.0,-70.0,0.0
high,16.42,-70.0,-70.0,-70.0,0.0
high,16.43,-70.0,-70.0,-70.0,0.0
high,16.44,-70.0,-70.0,-70.0,0.0
high,16.450000000000003,-70.0,-70.0,-70.0,0.0
high,16.46,-70.0,-70.0,-70.0,0.0
high,16.470000000000002,-70.0,-70.0,-70.0,0.0
high,16.48,-70.0,-70.0,-70.0,0.0
high,16.490000000000002,-70.0,-70.0,-70.0,0.0
high,16.5,-70.0,-70.0,-70.0,0.0
high,16.51,-70.0,-70.0,-70.0,0.0
high,16.52,-70.0,-70.0,-70.0,0.0
high,16.530000000000005,-70.0,-70.0,-70.0,0.0
high,16.540000000000003,-70.0,-70.0,-70.0,0.0
high,16.55,-70.0,-70.0,-70.0,0.0
high,16.560000000000002,-70.0,-70.0,-70.0,0.0
high,16.57,-70.0,-70.0,-70.0,0.0
high,16.580000000000002,-70.0,-70.0,-70.0,0.0
high,16.59,-70.0,-70.0,-70.0,0.0
high,16.6,-70.0,-70.0,-70.0,0.0
high,16.61,-70.0,-70.0,-70.0,0.0
high,16.620000000000005,-70.0,-70.0,-70.0,0.0
high,16.630000000000003,-70.0,-70.0,-70.0,0.0
high,16.64,-70.0,-70.0,-70.0,0.0
high,16.650000000000002,-70.0,-70.0,-70.0,0.0
high,16.66,-70.0,-70.0,-70.0,0.0
high,16.67,-70.0,-70.0,-70.0,0.0
high,16.68,-70.0,-70.0,-70.0,0.0
high,16.69,-70.0,-70.0,-70.0,0.0
high,16.700000000000003,-70.0,-70.0,-70.0,0.0
high,16.71,-70.0,-70.0,-70.0,0.0
high,16.720000000000002,-70.0,-70.0,-70.0,0.0
high,16.73,-70.0,-70.0,-70.0,0.0
high,16.740000000000002,-70.0,-70.0,-70.0,0.0
high,16.75,-70.0,-70.0,-70.0,0.0
high,16.76,-70.0,-70.0,-70.0,0.0
high,16.77,-70.0,-70.0,-70.0,0.0
high,16.78,-70.0,-70.0,-70.0,0.0
high,16.790000000000003,-70.0,-70.0,-70.0,0.0
high,16.8,-70.0,-70.0,-70.0,0.0
high,16.810000000000002,-70.0,-70.0,-70.0,0.0
high,16.82,-70.0,-70.0,-70.0,0.0
high,16.830000000000002,-70.0,-70.0,-70.0,0.0
high,16.84,-70.0,-70.0,-70.0,0.0
high,16.85,-70.0,-70.0,-70.0,0.0
high,16.86,-70.0,-70.0,-70.0,0.0
high,16.870000000000005,-70.0,-70.0,-70.0,0.0
high,16.880000000000003,-70.0,-70.0,-70.0,0.0
high,16.89,-70.0,-70.0,-70.0,0.0
high,16.900000000000002,-70.0,-70.0,-70.0,0.0
high,16.91,-70.0,-70.0,-70.0,0.0
high,16.92,-70.0,-70.0,-70.0,0.0
high,16.93,-70.0,-70.0,-70.0,0.0
high,16.94,-70.0,-70.0,-70.0,0.0
high,16.95,-70.0,-70.0,-70.0,0.0
high,16.960000000000004,-70.0,-70.0,-70.0,0.0
high,16.970000000000002,-70.0,-70.0,-70.0,0.0
high,16.98,-70.0,-70.0,-70.0,0.0
high,16.990000000000002,-70.0,-70.0,-70.0,0.0
high,17.0,-70.0,-70.0,-70.0,0.0
high,17.01,-70.0,-70.0,-70.0,0.0
high,17.02,-70.0,-70.0,-70.0,0.0
high,17.03,-70.0,-70.0,-70.0,0.0
high,17.040000000000003,-70.0,-70.0,-70.0,0.0
high,17.050000000000004,-70.0,-70.0,-70.0,0.0
high,17.060000000000002,-70.0,-70.0,-70.0,0.0
high,17.07,-70.0,-70.0,-70.0,0.0
high,17.080000000000002,-70.0,-70.0,-70.0,0.0
high,17.09,-70.0,-70.0,-70.0,0.0
high,17.1,-70.0,-70.0,-70.0,0.0
high,17.11,-70.0,-70.0,-70.0,0.0
high,17.12,-70.0,-70.0,-70.0,0.0
high,17.130000000000003,-70.0,-70.0,-70.0,0.0
high,17.140000000000004,-70.0,-70.0,-70.0,0.0
high,17.150000000000002,-70.0,-70.0,-70.0,0.0
high,17.16,-70.0,-70.0,-70.0,0.0
high,17.17,-70.0,-70.0,-70.0,0.0
high,17.18,-70.0,-70.0,-70.0,0.0
high,17.19,-70.0,-70.0,-70.0,0.0
high,17.2,-70.0,-70.0,-70.0,0.0
high,17.210000000000004,-70.0,-70.0,-70.0,0.0
high,17.220000000000002,-70.0,-70.0,-70.0,0.0
high,17.230000000000004,-70.0,-70.0,-70.0,0.0
high,17.240000000000002,-70.0,-70.0,-70.0,0.0
high,17.25,-70.0,-70.0,-70.0,0.0
high,17.26,-70.0,-70.0,-70.0,0.0
high,17.27,-70.0,-70.0,-70.0,0.0
high,17.28,-70.0,-70.0,-70.0,0.0
high,17.29,-70.0,-70.0,-70.0,0.0
high,17.300000000000004,-70.0,-70.0,-70.0,0.0
high,17.310000000000002,-70.0,-70.0,-70.0,0.0
high,17.32,-70.0,-70.0,-70.0,0.0
high,17.330000000000002,-70.0,-70.0,-70.0,0.0
high,17.34,-70.0,-70.0,-70.0,0.0
high,17.35,-70.0,-70.0,-70.0,0.0
high,17.36,-70.0,-70.0,-70.0,0.0
high,17.37,-70.0,-70.0,-70.0,0.0
high,17.380000000000003,-70.0,-70.0,-70.0,0.0
high,17.390000000000004,-70.0,-70.0,-70.0,0.0
high,17.400000000000002,-70.0,-70.0,-70.0,0.0
high,17.41,-70.0,-70.0,-70.0,0.0
high,17.42,-70.0,-70.0,-70.0,0.0
high,17.43,-70.0,-70.0,-70.0,0.0
high,17.44,-70.0,-70.0,-70.0,0.0
high,17.45,-70.0,-70.0,-70.0,0.0
high,17.46,-70.0,-70.0,-70.0,0.0
high,17.470000000000002,-70.0,-70.0,-70.0,0.0
high,17.480000000000004,-70.0,-70.0,-70.0,0.0
high,17.490000000000002,-70.0,-70.0,-70.0,0.0
high,17.5,-70.0,-70.0,-70.0,0.0
high,17.51,-70.0,-70.0,-70.0,0.0
high,17.52,-70.0,-70.0,-70.0,0.0
high,17.53,-70.0,-70.0,-70.0,0.0
high,17.54,-70.0,-70.0,-70.0,0.0
high,17.550000000000004,-70.0,-70.0,-70.0,0.0
high,17.560000000000002,-70.0,-70.0,-70.0,0.0
high,17.570000000000004,-70.0,-70.0,-70.0,0.0
high,17.580000000000002,-70.0,-70.0,-70.0,0.0
high,17.59,-70.0,-70.0,-70.0,0.0
high,17.6,-70.0,-70.0,-70.0,0.0
high,17.61,-70.0,-70.0,-70.0,0.0
high,17.62,-70.0,-70.0,-70.0,0.0
high,17.63,-70.0,-70.0,-70.0,0.0
high,17.640000000000004,-70.0,-70.0,-70.0,0.0
high,17.650000000000002,-70.0,-70.0,-70.0,0.0
high,17.660000000000004,-70.0,-70.0,-70.0,0.0
high,17.67,-70.0,-70.0,-70.0,0.0
high,17.68,-70.0,-70.0,-70.0,0.0
high,17.69,-70.0,-70.0,-70.0,0.0
high,17.7,-70.0,-70.0,-70.0,0.0
high,17.71,-70.0,-70.0,-70.0,0.0
high,17.720000000000002,-70.0,-70.0,-70.0,0.0
high,17.730000000000004,-70.0,-70.0,-70.0,0.0
high,17.740000000000002,-70.0,-70.0,-70.0,0.0
high,17.750000000000004,-70.0,-70.0,-70.0,0.0
high,17.76,-70.0,-70.0,-70.0,0.0
high,17.77,-70.0,-70.0,-70.0,0.0
high,17.78,-70.0,-70.0,-70.0,0.0
high,17.79,-70.0,-70.0,-70.0,0.0
high,17.8,-70.0,-70.0,-70.0,0.0
high,17.810000000000002,-70.0,-70.0,-70.0,0.0
high,17.820000000000004,-70.0,-70.0,-70.0,0.0
high,17.830000000000002,-70.0,-70.0,-70.0,0.0
high,17.840000000000003,-70.0,-70.0,-70.0,0.0
high,17.85,-70.0,-70.0,-70.0,0.0
high,17.86,-70.0,-70.0,-70.0,0.0
high,17.87,-70.0,-70.0,-70.0,0.0
high,17.88,-70.0,-70.0,-70.0,0.0
high,17.890000000000004,-70.0,-70.0,-70.0,0.0
high,17.900000000000002,-70.0,-70.0,-70.0,0.0
high,17.910000000000004,-70.0,-70.0,-70.0,0.0
high,17.92,-70.0,-70.0,-70.0,0.0
high,17.93,-70.0,-70.0,-70.0,0.0
high,17.94,-70.0,-70.0,-70.0,0.0
high,17.95,-70.0,-70.0,-70.0,0.0
high,17.96,-70.0,-70.0,-70.0,0.0
high,17.97,-70.0,-70.0,-70.0,0.0
high,17.980000000000004,-70.0,-70.0,-70.0,0.0
high,17.990000000000002,-70.0,-70.0,-70.0,0.0
high,18.000000000000004,-70.0,-70.0,-70.0,0.0
high,18.01,-70.0,-70.0,-70.0,0.0
high,18.02,-70.0,-70.0,-70.0,0.0
high,18.03,-70.0,-70.0,-70.0,0.0
high,18.04,-70.0,-70.0,-70.0,0.0
high,18.05,-70.0,-70.0,-70.0,0.0
high,18.060000000000002,-70.0,-70.0,-70.0,0.0
high,18.070000000000004,-70.0,-70.0,-70.0,0.0
high,18.080000000000002,-70.0,-70.0,-70.0,0.0
high,18.090000000000003,-70.0,-70.0,-70.0,0.0
high,18.1,-70.0,-70.0,-70.0,0.0
high,18.11,-70.0,-70.0,-70.0,0.0
high,18.12,-70.0,-70.0,-70.0,0.0
high,18.13,-70.0,-70.0,-70.0,0.0
high,18.14,-70.0,-70.0,-70.0,0.0
high,18.150000000000002,-70.0,-70.0,-70.0,0.0
high,18.160000000000004,-70.0,-70.0,-70.0,0.0
high,18.17,-70.0,-70.0,-70.0,0.0
high,18.180000000000003,-70.0,-70.0,-70.0,0.0
high,18.19,-70.0,-70.0,-70.0,0.0
high,18.2,-70.0,-70.0,-70.0,0.0
high,18.21,-70.0,-70.0,-70.0,0.0
high,18.22,-70.0,-70.0,-70.0,0.0
high,18.230000000000004,-70.0,-70.0,-70.0,0.0
high,18.240000000000002,-70.0,-70.0,-70.0,0.0
high,18.250000000000004,-70.0,-70.0,-70.0,0.0
high,18.26,-70.0,-70.0,-70.0,0.0
high,18.270000000000003,-70.0,-70.0,-70.0,0.0
high,18.28,-70.0,-70.0,-70.0,0.0
high,18.29,-70.0,-70.0,-70.0,0.0
high,18.3,-70.0,-70.0,-70.0,0.0
high,18.31,-70.0,-70.0,-70.0,0.0
high,18.320000000000004,-70.0,-70.0,-70.0,0.0
high,18.330000000000002,-70.0,-70.0,-70.0,0.0
high,18.340000000000003,-70.0,-70.0,-70.0,0.0
high,18.35,-70.0,-70.0,-70.0,0.0
high,18.360000000000003,-70.0,-70.0,-70.0,0.0
high,18.37,-70.0,-70.0,-70.0,0.0
high,18.38,-70.0,-70.0,-70.0,0.0
high,18.39,-70.0,-70.0,-70.0,0.0
high,18.400000000000002,-70.0,-70.0,-70.0,0.0
high,18.410000000000004,-70.0,-70.0,-70.0,0.0
high,18.42,-70.0,-70.0,-70.0,0.0
high,18.430000000000003,-70.0,-70.0,-70.0,0.0
high,18.44,-70.0,-70.0,-70.0,0.0
high,18.450000000000003,-70.0,-70.0,-70.0,0.0
high,18.46,-70.0,-70.0,-70.0,0.0
high,18.47,-70.0,-70.0,-70.0,0.0
high,18.48,-70.0,-70.0,-70.0,0.0
high,18.490000000000002,-70.0,-70.0,-70.0,0.0
high,18.500000000000004,-70.0,-70.0,-70.0,0.0
high,18.51,-70.0,-70.0,-70.0,0.0
high,18.520000000000003,-70.0,-70.0,-70.0,0.0
high,18.53,-70.0,-70.0,-70.0,0.0
high,18.54,-70.0,-70.0,-70.0,0.0
high,18.55,-70.0,-70.0,-70.0,0.0
high,18.56,-70.0,-70.0,-70.0,0.0
high,18.570000000000004,-70.0,-70.0,-70.0,0.0
high,18.580000000000002,-70.0,-70.0,-70.0,0.0
high,18.590000000000003,-70.0,-70.0,-70.0,0.0
high,18.6,-70.0,-70.0,-70.0,0.0
high,18.610000000000003,-70.0,-70.0,-70.0,0.0
high,18.62,-70.0,-70.0,-70.0,0.0
high,18.63,-70.0,-70.0,-70.0,0.0
high,18.64,-70.0,-70.0,-70.0,0.0
high,18.65,-70.0,-70.0,-70.0,0.0
high,18.660000000000004,-70.0,-70.0,-70.0,0.0
high,18.67,-70.0,-70.0,-70.0,0.0
high,18.680000000000003,-70.0,-70.0,-70.0,0.0
high,18.69,-70.0,-70.0,-70.0,0.0
high,18.700000000000003,-70.0,-70.0,-70.0,0.0
high,18.71,-70.0,-70.0,-70.0,0.0
high,18.72,-70.0,-70.0,-70.0,0.0
high,18.73,-70.0,-70.0,-70.0,0.0
high,18.740000000000002,-70.0,-70.0,-70.0,0.0
high,18.750000000000004,-70.0,-70.0,-70.0,0.0
high,18.76,-70.0,-70.0,-70.0,0.0
high,18.770000000000003,-70.0,-70.0,-70.0,0.0
high,18.78,-70.0,-70.0,-70.0,0.0
high,18.790000000000003,-70.0,-70.0,-70.0,0.0
high,18.8,-70.0,-70.0,-70.0,0.0
high,18.81,-70.0,-70.0,-70.0,0.0
high,18.82,-70.0,-70.0,-70.0,0.0
high,18.830000000000002,-70.0,-70.0,-70.0,0.0
high,18.840000000000003,-70.0,-70.0,-70.0,0.0
high,18.85,-70.0,-70.0,-70.0,0.0
high,18.860000000000003,-70.0,-70.0,-70.0,0.0
high,18.87,-70.0,-70.0,-70.0,0.0
high,18.880000000000003,-70.0,-70.0,-70.0,0.0
high,18.89,-70.0,-70.0,-70.0,0.0
high,18.9,-70.0,-70.0,-70.0,0.0
high,18.910000000000004,-70.0,-70.0,-70.0,0.0
high,18.92,-70.0,-70.0,-70.0,0.0
high,18.930000000000003,-70.0,-70.0,-70.0,0.0
high,18.94,-70.0,-70.0,-70.0,0.0
high,18.950000000000003,-70.0,-70.0,-70.0,0.0
high,18.96,-70.0,-70.0,-70.0,0.0
high,18.970000000000002,-70.0,-70.0,-70.0,0.0
high,18.98,-70.0,-70.0,-70.0,0.0
high,18.99,-70.0,-70.0,-70.0,0.0
high,19.000000000000004,-70.0,-70.0,-70.0,0.0
high,19.01,-70.0,-70.0,-70.0,0.0
high,19.020000000000003,-70.0,-70.0,-70.0,0.0
high,19.03,-70.0,-70.0,-70.0,0.0
high,19.040000000000003,-70.0,-70.0,-70.0,0.0
high,19.05,-70.0,-70.0,-70.0,0.0
high,19.060000000000002,-70.0,-70.0,-70.0,0.0
high,19.07,-70.0,-70.0,-70.0,0.0
high,19.080000000000002,-70.0,-70.0,-70.0,0.0
high,19.090000000000003,-70.0,-70.0,-70.0,0.0
high,19.1,-70.0,-70.0,-70.0,0.0
high,19.110000000000003,-70.0,-70.0,-70.0,0.0
high,19.12,-70.0,-70.0,-70.0,0.0
high,19.130000000000003,-70.0,-70.0,-70.0,0.0
high,19.14,-70.0,-70.0,-70.0,0.0
high,19.15,-70.0,-70.0,-70.0,0.0
high,19.16,-70.0,-70.0,-70.0,0.0
high,19.17,-70.0,-70.0,-70.0,0.0
high,19.180000000000003,-70.0,-70.0,-70.0,0.0
high,19.19,-70.0,-70.0,-70.0,0.0
high,19.200000000000003,-70.0,-70.0,-70.0,0.0
high,19.21,-70.0,-70.0,-70.0,0.0
high,19.220000000000002,-70.0,-70.0,-70.0,0.0
high,19.23,-70.0,-70.0,-70.0,0.0
high,19.24,-70.0,-70.0,-70.0,0.0
high,19.250000000000004,-70.0,-70.0,-70.0,0.0
high,19.26,-70.0,-70.0,-70.0,0.0
high,19.270000000000003,-70.0,-70.0,-70.0,0.0
high,19.28,-70.0,-70.0,-70.0,0.0
high,19.290000000000003,-70.0,-70.0,-70.0,0.0
high,19.3,-70.0,-70.0,-70.0,0.0
high,19.310000000000002,-70.0,-70.0,-70.0,0.0
high,19.32,-70.0,-70.0,-70.0,0.0
high,19.33,-70.0,-70.0,-70.0,0.0
high,19.340000000000003,-70.0,-70.0,-70.0,0.0
high,19.35,-70.0,-70.0,-70.0,0.0
high,19.360000000000003,-70.0,-70.0,-70.0,0.0
high,19.37,-70.0,-70.0,-70.0,0.0
high,19.380000000000003,-70.0,-70.0,-70.0,0.0
high,19.39,-70.0,-70.0,-70.0,0.0
high,19.400000000000002,-70.0,-70.0,-70.0,0.0
high,19.41,-70.0,-70.0,-70.0,0.0
high,19.42,-70.0,-70.0,-70.0,0.0
high,19.430000000000003,-70.0,-70.0,-70.0,0.0
high,19.44,-70.0,-70.0,-70.0,0.0
high,19.450000000000003,-70.0,-70.0,-70.0,0.0
high,19.46,-70.0,-70.0,-70.0,0.0
high,19.470000000000002,-70.0,-70.0,-70.0,0.0
high,19.48,-70.0,-70.0,-70.0,0.0
high,19.490000000000002,-70.0,-70.0,-70.0,0.0
high,19.5,-70.0,-70.0,-70.0,0.0
high,19.51,-70.0,-70.0,-70.0,0.0
high,19.520000000000003,-70.0,-70.0,-70.0,0.0
high,19.53,-70.0,-70.0,-70.0,0.0
high,19.540000000000003,-70.0,-70.0,-70.0,0.0
high,19.55,-70.0,-70.0,-70.0,0.0
high,19.560000000000002,-70.0,-70.0,-70.0,0.0
high,19.57,-70.0,-70.0,-70.0,0.0
high,19.580000000000002,-70.0,-70.0,-70.0,0.0
high,19.590000000000003,-70.0,-70.0,-70.0,0.0
high,19.6,-70.0,-70.0,-70.0,0.0
high,19.610000000000003,-70.0,-70.0,-70.0,0.0
high,19.62,-70.0,-70.0,-70.0,0.0
high,19.630000000000003,-70.0,-70.0,-70.0,0.0
high,19.64,-70.0,-70.0,-70.0,0.0
high,19.650000000000002,-70.0,-70.0,-70.0,0.0
high,19.66,-70.0,-70.0,-70.0,0.0
high,19.67,-70.0,-70.0,-70.0,0.0
high,19.680000000000003,-70.0,-70.0,-70.0,0.0
high,19.69,-70.0,-70.0,-70.0,0.0
high,19.700000000000003,-70.0,-70.0,-70.0,0.0
high,19.71,-70.0,-70.0,-70.0,0.0
high,19.720000000000002,-70.0,-70.0,-70.0,0.0
high,19.73,-70.0,-70.0,-70.0,0.0
high,19.740000000000002,-70.0,-70.0,-70.0,0.0
high,19.75,-70.0,-70.0,-70.0,0.0
high,19.76,-70.0,-70.0,-70.0,0.0
high,19.770000000000003,-70.0,-70.0,-70.0,0.0
high,19.78,-70.0,-70.0,-70.0,0.0
high,19.790000000000003,-70.0,-70.0,-70.0,0.0
high,19.8,-70.0,-70.0,-70.0,0.0
high,19.810000000000002,-70.0,-70.0,-70.0,0.0
high,19.82,-70.0,-70.0,-70.0,0.0
high,19.830000000000002,-70.0,-70.0,-70.0,0.0
high,19.84,-70.0,-70.0,-70.0,0.0
high,19.85,-70.0,-70.0,-70.0,0.0
high,19.860000000000003,-70.0,-70.0,-70.0,0.0
high,19.87,-70.0,-70.0,-70.0,0.0
high,19.880000000000003,-70.0,-70.0,-70.0,0.0
high,19.89,-70.0,-70.0,-70.0,0.0
high,19.900000000000002,-70.0,-70.0,-70.0,0.0
high,19.91,-70.0,-70.0,-70.0,0.0
high,19.92,-70.0,-70.0,-70.0,0.0
high,19.930000000000003,-70.0,-70.0,-70.0,0.0
high,19.94,-70.0,-70.0,-70.0,0.0
high,19.950000000000003,-70.0,-70.0,-70.0,0.0
high,19.96,-70.0,-70.0,-70.0,0.0
high,19.970000000000002,-70.0,-70.0,-70.0,0.0
high,19.98,-70.0,-70.0,-70.0,0.0
high,19.990000000000002,-70.0,-70.0,-70.0,0.0
high,20.0,-70.0,-70.0,-70.0,0.0
high,20.01,-69.39367561325994,-69.99973587533074,-69.99999985605632,0.059179611867169225
high,20.020000000000003,-68.68342553574827,-69.99916278768377,-69.9999993999133,0.11622214832311965
high,20.03,-67.98179975629417,-69.99828500076944,-69.99999846578419,0.17119832639701757
high,20.040000000000003,-67.31207955896309,-69.99711691283655,-69.99999689587203,0.22417654255720032
high,20.05,-66.67744559801433,-69.99567428388704,-69.99999454110501,0.2752229487953895
high,20.060000000000002,-66.07672842220187,-69.99397233847367,-69.99999126083709,0.32440152621663954
high,20.07,-65.50794835264784,-69.99202541363886,-69.99998692235704,0.37177415621667786
high,20.080000000000002,-64.96909141270302,-69.98984694543891,-69.99998140039058,0.41740068932574825
high,20.09,-64.45826665149114,-69.98744952402227,-69.99997457663294,0.46133901179546505
high,20.100000000000005,-63.97372753965606,-69.98484495793724,-69.99996633931696,0.5036451100026754
high,20.110000000000003,-63.51386492822357,-69.98204433526672,-69.99995658281466,0.5443731327418211
high,20.12,-63.077195153159515,-69.97905807947998,-69.9999452072699,0.5835754514752318
high,20.130000000000003,-62.66234828085605,-69.97589600007227,-69.99993211825871,0.6213027186080101
high,20.14,-62.26805742528524,-69.97256733846717,-69.999917226475,0.6576039238524902
high,20.150000000000002,-61.89314920292469,-69.96908080968531,-69.99990044743933,0.692526448744809
high,20.16,-61.536535223762364,-69.96544464023783,-69.99988170122838,0.7261161193741899
high,20.17,-61.19720449717765,-69.96166660264919,-69.99986091222382,0.7584172573835303
high,20.18,-60.874216641353904,-69.95775404696491,-69.99983800887813,0.7894727292979702
high,20.190000000000005,-60.56669579883926,-69.95371392955704,-69.99981292349668,0.8193239942362617
high,20.200000000000003,-60.2738251738874,-69.94955283950242,-69.9997855920342,0.8480111500579022
high,20.21,-59.994842118502,-69.94527702277666,-69.99975595390461,0.8755729779974631
high,20.220000000000002,-59.72903370377328,-69.9408924044795,-69.99972395180322,0.9020469858355059
high,20.23,-59.47573272134638,-69.93640460928111,-69.99968953154013,0.9274694496542152
high,20.240000000000002,-59.23431406692664,-69.93181898025969,-69.99965264188408,0.9518754542240869
high,20.25,-59.00419146378763,-69.92714059628052,-69.99961323441597,0.9752989320665609
high,20.26,-58.78481448946049,-69.92237428805112,-69.99957126339108,0.9977727012360054
high,20.270000000000003,-58.575665873279476,-69.91752465297267,-69.99952668560965,1.0193285018630438
high,20.28,-58.37625903634463,-69.91259606889544,-69.99947946029516,1.0399970314997928
high,20.290000000000003,-58.186135848829345,-69.90759270687437,-69.99942954897934,1.059807979306394
high,20.3,-58.004864582487045,-69.90251854301175,-69.99937691539404,1.0787900591166826
high,20.310000000000002,-57.83203803875556,-69.89737736946508,-69.9993215253691,1.0969710414198517
high,20.32,-57.66727183507903,-69.89217280468992,-69.99926334673583,1.1143777842935974
high,20.330000000000002,-57.51020283400876,-69.88690830298181,-69.99920234923583,1.1310362633231412
high,20.34,-57.360487701344724,-69.88158716337428,-69.99913850443474,1.1469716005393586
high,20.35,-57.21780158107116,-69.8762125379449,-69.99907178564057,1.1622080924081906
high,20.360000000000003,-57.08183687615257,-69.8707874395764,-69.9990021678263,1.1767692369024279
high,20.37,-56.95230212541243,-69.86531474921608,-69.99892962755662,1.1906777596859353
high,20.380000000000003,-56.82892096773559,-69.85979722267155,-69.99885414291829,1.203955639439481
high,20.39,-56.71143118573942,-69.85423749697908,-69.9987756934541,1.216624132356216
high,20.400000000000002,-56.59958382185518,-69.84863809637608,-69.99869426010022,1.228703795834098
high,20.41,-56.49314236047056,-69.84300143790762,-69.99860982512647,1.2402145113915606
high,20.42,-56.39188197041356,-69.83732983669357,-69.99852237207968,1.251175506831894
high,20.43,-56.29558880261704,-69.83162551088122,-69.99843188572977,1.261605377680972
high,20.440000000000005,-56.204059338303196,-69.82589058630575,-69.99833835201828,1.2715221079221466
high,20.450000000000003,-56.11709978347197,-69.82012710087903,-69.99824175800957,1.2809430900513357
high,20.46,-56.03452550587514,-69.81433700872628,-69.99814209184409,1.2898851444746369
high,20.470000000000002,-55.956160511014794,-69.80852218408724,-69.99803934269399,1.2983645382699607
high,20.48,-55.88183695402356,-69.80268442499852,-69.99793350072063,1.306397003333576
high,20.490000000000002,-55.811394684570296,-69.7968254567715,-69.99782455703415,1.3139977539317205
high,20.5,-55.74468082219289,-69.79094693527956,-69.99771250365478,1.3211815036767767
high,20.51,-55.681549359691054,-69.78505045006708,-69.99759733347591,1.3279624819468854
high,20.52,-55.62186079242064,-69.77913752729167,-69.99747904022878,1.3343544497672346
high,20.530000000000005,-55.565481771519224,-69.77320963251078,-69.99735761844876,1.340370715170686
high,20.540000000000003,-55.51228477926282,-69.76726817332205,-69.99723306344305,1.3460241480547825
high,20.55,-55.462147824906594,-69.76131450186678,-69.99710537125979,1.3513271945516903
high,20.560000000000002,-55.41495415950226,-69.75534991720521,-69.9969745386585,1.356291890926993
high,20.57,-55.37059200830999,-69.74937566757117,-69.99684056308179,1.3609298770228235
high,20.580000000000002,-55.32895431953759,-69.74339295251355,-69.99670344262816,1.3652524092602518
high,20.59,-55.289938528242786,-69.73740292493143,-69.99656317602611,1.3692703732153833
high,20.6,-55.253446334329354,-69.73140669300918,-69.99641976260914,1.3729942957831478
high,20.610000000000003,-55.21938349365286,-69.72540532205717,-69.99627320229192,1.3764343569422868
high,20.620000000000005,-55.187659621330745,-69.71939983626403,-69.99612349554735,1.379600401134619
high,20.630000000000003,-55.15818800642177,-69.71339122036498,-69.99597064338461,1.3825019482712348
high,20.64,-55.13088543720561,-69.70738042123152,-69.99581464732805,1.3851482043778394
high,20.650000000000002,-55.105672036352075,-69.70136834938664,-69.99565550939685,1.3875480718910793
high,20.66,-55.08247110532401,-69.69535588044967,-69.99549323208575,1.3897101596173023
high,20.67,-55.061208977407595,-69.68934385651474,-69.99532781834618,1.3916427923648016
high,20.68,-55.041814878808644,-69.68333308746648,-69.99515927156845,1.3933540202602654
high,20.69,-55.024220797296124,-69.67732435223635,-69.99498759556441,1.3948516277597736
high,20.700000000000003,-55.00836135791111,-69.67131840000265,-69.99481279455094,1.3961431423643598
high,20.710000000000004,-54.99417370529547,-69.66531595133736,-69.99463487313396,1.3972358430498237
high,20.720000000000002,-54.9815973922261,-69.65931769930253,-69.99445383629315,1.3981367684201633
high,20.73,-54.97057427397052,-69.65332431049877,-69.99426968936713,1.3988527245936857
high,20.740000000000002,-54.96104840810675,-69.6473364260684,-69.9940824380394,1.3993902928305597
high,20.75,-54.952965959475314,-69.64135466265562,-69.99389208832456,1.3997558369102905
high,20.76,-54.946275109954684,-69.63537961332557,-69.99369864655525,1.399955510267313
high,20.77,-54.940925972772504,-69.62941184844483,-69.99350211936948,1.3999952628926298
high,20.780000000000005,-54.936870511084585,-69.62345191652471,-69.99330251369848,1.399880848009173
high,20.790000000000003,-54.93406246057228,-69.61750034502967,-69.99309983675494,1.3996178285282979
high,20.800000000000004,-54.93245725582484,-69.61155764115209,-69.99289409602171,1.3992115832945928
high,20.810000000000002,-54.93201196028971,-69.60562429255552,-69.99268529924105,1.3986673131259368
high,20.82,-54.9326851995875,-69.59970076808736,-69.99247345440394,1.3979900466555257
high,20.830000000000002,-54.93443709800199,-69.59378751846293,-69.99225856974013,1.3971846459823531
high,20.84,-54.93722921796764,-69.58788497692196,-69.99204065370843,1.3962558121364272
high,20.85,-54.94102450238862,-69.58199355985872,-69.99181971498722,1.3952080903648
high,20.86,-54.945787219634106,-69.57611366742748,-69.9915957624655,1.3940458752442804
high,20.870000000000005,-54.951482911064005,-69.57024568412379,-69.99136880523413,1.3927734156265135
high,20.880000000000003,-54.958078340948944,-69.5643899793431,-69.99113885257745,1.3913948194209251
high,20.89,-54.96554144865638,-69.5585469079177,-69.99090591396516,1.3899140582208394
high,20.900000000000002,-54.97384130298307,-69.55271681063273,-69.99066999904451,1.3883349717779219
high,20.91,-54.98294805852082,-69.54690001472245,-69.99043111763278,1.38666127232991
high,20.92,-54.992832913950075,-69.54109683434748,-69.99018927970994,1.384896548786449
high,20.93,-55.00346807216176,-69.53530757105388,-69.98994449541175,1.3830442707776793
high,20.94,-55.01482670211357,-69.52953251421474,-69.98969677502289,1.381107792570078
high,20.950000000000003,-55.02688290233321,-69.52377194145538,-69.98944612897049,1.3790903568539075
high,20.960000000000004,-55.039611665985504,-69.51802611906248,-69.98919256781775,1.3769950984064774
high,20.970000000000002,-55.05298884742526,-69.51229530237785,-69.98893610225801,1.3748250476352903
high,20.98,-55.06699113016274,-69.50657973617787,-69.98867674310868,1.3725831340050179
high,20.990000000000002,-55.081595996172254,-69.50087965503867,-69.98841450130575,1.3702721893521017
high,21.0,-55.09678169647863,-69.4951952836881,-69.98814938789822,1.3678949510906804
high,21.01,-55.11252722295988,-69.48952683734463,-69.98788141404282,1.3654540653133844
high,21.02,-55.1288122813079,-69.4838745220441,-69.98761059099898,1.3629520897904701
high,21.03,-55.14561726509231,-69.47823853495449,-69.98733693012385,1.360391496870602
high,21.040000000000003,-55.16292323087536,-69.4726190646794,-69.98706044286754,1.3577746762865253
high,21.050000000000004,-55.180711874329,-69.46701629155064,-69.98678114076863,1.3551039378687388
high,21.060000000000002,-55.19896550730749,-69.4614303879103,-69.98649903544961,1.352381514170184
high,21.07,-55.21766703583172,-69.45586151838269,-69.98621413861264,1.3496095630048703
high,21.080000000000002,-55.2367999389437,-69.45030984013688,-69.9859264620355,1.3467901699032578
high,21.09,-55.2563482483917,-69.4447755031396,-69.98563601756749,1.3439253504871251
high,21.1,-55.276296529108784,-69.43925865039954,-69.98534281712566,1.3410170527665632
high,21.11,-55.29662986044938,-69.43375941820281,-69.98504687269097,1.3380671593616473
high,21.120000000000005,-55.31733381815027,-69.42827793634036,-69.98474819630489,1.3350774896512554
high,21.130000000000003,-55.33839445698429,-69.42281432832732,-69.98444680006574,1.3320498018514302
high,21.140000000000004,-55.3597982940764,-69.41736871161481,-69.98414269612542,1.328985795025574
high,21.150000000000002,-55.38153229285351,-69.41194119779436,-69.98383589668616,1.3258871110287382
high,21.16,-55.40358384760072,-69.40653189279521,-69.98352641399741,1.3227553363881481
high,21.17,-55.425940768598274,-69.40114089707492,-69.98321426035278,1.3195920041220606
high,21.18,-55.44859126781447,-69.39576830580337,-69.98289944808714,1.3163985954989763
high,21.19,-55.47152394513098,-69.39041420904047,-69.9825819895738,1.3131765417391625
high,21.2,-55.49472777507871,-69.38507869190774,-69.98226189722178,1.309927225660376
high,21.210000000000004,-55.51819209406253,-69.37976183475413,-69.98193918347317,1.3066519832696142
high,21.220000000000002,-55.54190658805497,-69.3744637133162,-69.98161386080064,1.3033521053026738
high,21.230000000000004,-55.565861280739696,-69.36918439887275,-69.9812859417049,1.3000288387132066
high,21.240000000000002,-55.590046522086126,-69.36392395839431,-69.9809554387124,1.2966833881129574
high,21.25,-55.61445297733816,-69.35868245468771,-69.98062236437299,1.2933169171647563
high,21.26,-55.639071616399875,-69.35345994653545,-69.98028673125773,1.289930549929837
high,21.27,-55.66389370360279,-69.34825648883076,-69.97994855195677,1.2865253721709609
high,21.28,-55.688910787839156,-69.3430721327078,-69.97960783907722,1.2831024326128082
high,21.290000000000003,-55.71411469304707,-69.33790692566787,-69.97926460524123,1.2796627441610307
high,21.300000000000004,-55.739497509033356,-69.33276091170097,-69.97891886308403,1.276207285081326
high,21.310000000000002,-55.76505158262109,-69.32763413140371,-69.97857062525208,1.2727370001398344
high,21.320000000000004,-55.790769509109495,-69.32252662209304,-69.97821990440121,1.2692528017061409
high,21.330000000000002,-55.81664412403341,-69.31743841791635,-69.97786671319504,1.265755570820097
high,21.34,-55.84266849521157,-69.31236954995784,-69.97751106430312,1.2622461582236524
high,21.35,-55.86883591507222,-69.30732004634137,-69.9771529703994,1.2587253853588436
high,21.36,-55.89513989324559,-69.30228993233004,-69.97679244416071,1.2551940453330497
high,21.37,-55.92157414941327,-69.29727923042222,-69.97642949826516,1.2516529038525859
high,21.380000000000003,-55.94813260640464,-69.29228796044477,-69.97606414539074,1.2481027001256768
high,21.390000000000004,-55.97480938353121,-69.28731613964288,-69.9756963982139,1.2445441477358128
high,21.400000000000002,-56.001598790150005,-69.28236378276716,-69.9753262694082,1.2409779354864499
high,21.410000000000004,-56.02849531944739,-69.2774309021578,-69.97495377164293,1.2374047282180134
high,21.42,-56.05549364243537,-69.27251750782595,-69.97457891758202,1.2338251675980954
high,21.43,-56.082588602152335,-69.26762360753254,-69.9742017198826,1.2302398728857313
high,21.44,-56.109775208060995,-69.2627492068644,-69.97382219119395,1.2266494416706064
high,21.45,-56.1370486306361,-69.25789430930801,-69.97344034415633,1.2230544505880132
high,21.460000000000004,-56.16440419613526,-69.25305891632077,-69.97305619139992,1.2194554560103525
high,21.470000000000002,-56.19183738154606,-69.24824302739995,-69.9726697455437,1.2158529947159558
high,21.480000000000004,-56.219343809703375,-69.24344664014957,-69.97228101919447,1.2122475845359544
high,21.490000000000002,-56.2469192445704,-69.23866975034476,-69.97189002494584,1.2086397249799377
high,21.5,-56.27455958667797,-69.23391235199443,-69.97149677537728,1.2050298978410792
high,21.51,-56.30226086871626,-69.22917443740161,-69.97110128305322,1.2014185677814118
high,21.52,-56.33001925127351,-69.22445599722198,-69.97070356052215,1.1978061828978985
high,21.53,-56.357831018716745,-69.2197570205205,-69.97030362031579,1.194193175269933
high,21.54,-56.385692575209255,-69.21507749482622,-69.96990147494823,1.1905799614888717
high,21.550000000000004,-56.41360044086018,-69.21041740618517,-69.96949713691518,1.1869669431701961
high,21.560000000000002,-56.441551248001495,-69.20577673921179,-69.96909061869313,1.1833545074488703
high,21.570000000000004,-56.46954173758826,-69.20115547713847,-69.96868193273875,1.1797430274584355
high,21.580000000000002,-56.497568755717275,-69.19655360186371,-69.96827109148802,1.1761328627943932
high,21.59,-56.52562925026056,-69.19197109399859,-69.96785810735567,1.1725243599623787
high,21.6,-56.55372026760955,-69.1874079329117,-69.96744299273445,1.1689178528116255
high,21.61,-56.581838949525974,-69.18286409677278,-69.9670257599945,1.165313662954207
high,21.62,-56.60998253009616,-69.17833956259489,-69.96660642148282,1.1617121001705197
high,21.630000000000003,-56.63814833278486,-69.17383430627515,-69.96618498952256,1.1581134628014556
high,21.640000000000004,-56.666333767585336,-69.16934830263433,-69.96576147641254,1.1545180381277105
high,21.650000000000002,-56.694536328262544,-69.16488152545506,-69.96533589442667,1.1509261027366309
high,21.660000000000004,-56.722753589686086,-69.16043394751874,-69.96490825581347,1.1473379228770324
high,21.67,-56.7509832052499,-69.15600554064153,-69.96447857279549,1.1437537548023637
high,21.68,-56.77922290437598,-69.15159627570888,-69.96404685756887,1.140173845102612
high,21.69,-56.807470490098815,-69.1472061227092,-69.96361312230292,1.1365984310253063
high,21.7,-56.83572383672859,-69.14283505076632,-69.96317737913951,1.1330277407859903
high,21.71,-56.86398088758961,-69.1384830281709,-69.9627396401929,1.1294619938684973
high,21.720000000000002,-56.892239652832224,-69.13415002241096,-69.96229991754905,1.1259014013153683
high,21.730000000000004,-56.920498207315156,-69.12983600020131,-69.96185822326541,1.122346166008743
high,21.740000000000002,-56.948754688556456,-69.12554092751206,-69.96141456937049,1.11879648294201
high,21.750000000000004,-56.977007294750344,-69.12126476959635,-69.96096896786348,1.115252539482558
high,21.76,-57.005254282848036,-69.11700749101696,-69.96052143071388,1.1117145156258859
high,21.77,-57.03349396670016,-69.11276905567229,-69.96007196986118,1.1081825842413748
high,21.78,-57.06172471525918,-69.10854942682141,-69.95962059721457,1.1046569113099862
high,21.79,-57.08994495083927,-69.1043485671083,-69.95916732465261,1.1011376561541535
high,21.800000000000004,-57.11815314743221,-69.10016643858533,-69.95871216402291,1.097624971660126
high,21.810000000000002,-57.1463478290772,-69.09600300273605,-69.95825512714187,1.0941190044930111
high,21.820000000000004,-57.17452756828298,-69.09185822049717,-69.9577962257944,1.090619895304745
high,21.830000000000002,-57.202690984500414,-69.08773205227989,-69.95733547173369,1.0871277789352418
high,21.840000000000003,-57.23083674264386,-69.08362445799051,-69.9568728766809,1.083642784606928
high,21.85,-57.258963551660024,-69.07953539705046,-69.95640845232501,1.0801650361128916
high,21.86,-57.28707016314229,-69.07546482841562,-69.9559422103225,1.0766946519988447
high,21.87,-57.3151553699894,-69.071412710595,-69.95547416229721,1.0732317457391094
high,21.88,-57.343218005106856,-69.06737900166888,-69.95500431984006,1.0697764259068236
high,21.890000000000004,-57.37125694014989,-69.06336365930648,-69.95453269450897,1.0663287963385464
high,21.900000000000002,-57.3992710843062,-69.05936664078274,-69.95405929782854,1.062888956293466
high,21.910000000000004,-57.427259383117665,-69.055387902995,-69.95358414128995,1.0594570006073605
high,21.92,-57.45522081733946,-69.05142740247871,-69.9531072363508,1.0560330198415109
high,21.930000000000003,-57.48315440183547,-69.04748509542304,-69.95262859443493,1.0526171004267106
high,21.94,-57.51105918450878,-69.04356093768564,-69.95214822693221,1.0492093248025471
high,21.95,-57.53893424526616,-69.03965488480723,-69.95166614519852,1.0458097715521002
high,21.96,-57.56677869501545,-69.03576689202549,-69.9511823605555,1.042418515532213
high,21.970000000000002,-57.594591674694776,-69.0318969142887,-69.9506968842905,1.0390356279994788
high,21.980000000000004,-57.622372354332335,-69.02804490626872,-69.95020972765639,1.035661176732089
high,21.990000000000002,-57.650119932136384,-69.02421082237383,-69.94972090187152,1.032295226147665
high,22.000000000000004,-57.67783363361367,-69.02039461676094,-69.94923041811955,1.028937837417223
high,22.01,-57.705512710716064,-69.01659624334745,-69.9487382875494,1.025589068575385
high,22.020000000000003,-57.733156441014025,-69.0128156558229,-69.9482445212751,1.0222489746269663
high,22.03,-57.76076412689631,-69.00905280766,-69.94774913037577,1.0189176076500563
high,22.04,-57.78833509479499,-69.00530765212545,-69.94725212589547,1.0155950168957042
high,22.05,-57.81586869443489,-69.00158014229045,-69.94675351884318,1.0122812488843294
high,22.060000000000002,-57.84336429810691,-68.99787023104074,-69.94625332019267,1.0089763474989533
high,22.070000000000004,-57.870821299964106,-68.99417787108639,-69.9457515408825,1.0056803540753683
high,22.080000000000002,-57.89823911534015,-68.9905030149714,-69.94524819181589,1.0023933074893319
high,22.090000000000003,-57.92561718008928,-68.98684561508271,-69.94474328386079,0.9991152442408928
high,22.1,-57.95295494994702,-68.98320562365923,-69.94423682784964,0.9958461985359437
high,22.11,-57.98025189991105,-68.97958299280032,-69.94372883457947,0.9925862023650822
high,22.12,-58.00750752364176,-68.97597767447417,-69.94321931481184,0.9893352855798783
high,22.13,-58.034721332881496,-68.97238962052587,-69.94270827927275,0.9860934759666271
high,22.140000000000004,-58.06189285689229,-68.96881878268522,-69.94219573865264,0.9828607993176737
high,22.150000000000002,-58.089021641911096,-68.96526511257419,-69.94168170360638,0.9796372795003885
high,22.160000000000004,-58.116107250622406,-68.9617285617143,-69.9411661847532,0.9764229385238627
high,22.17,-58.143149261647366,-68.9582090815337,-69.94064919267673,0.9732177966034132
high,22.180000000000003,-58.17014726904891,-68.95470662337395,-69.9401307379249,0.9700218722229573
high,22.19,-58.1971008818526,-68.95122113849676,-69.93961083101003,0.9668351821953307
high,22.2,-58.224009723582405,-68.94775257809027,-69.9390894824087,0.9636577417206164
high,22.21,-58.25087343181117,-68.94430089327533,-69.9385667025619,0.9604895644425501
high,22.22,-58.27769165772519,-68.94086603511145,-69.93804250187488,0.9573306625030638
high,22.230000000000004,-58.30446406570249,-68.9374479546027,-69.93751689071723,0.9541810465950287
high,22.240000000000002,-58.331190332904264,-68.93404660270326,-69.93698987942281,0.9510407260132643
high,22.250000000000004,-58.3578701488793,-68.9306619303229,-69.93646147828991,0.9479097087038492
high,22.26,-58.384503215180686,-68.92729388833219,-69.93593169758108,0.9447880013118183
high,22.270000000000003,-58.41108924499464,-68.9239424275677,-69.93540054752324,0.9416756092272771
high,22.28,-58.43762796278094,-68.92060749883682,-69.9348680383077,0.9385725366299942
high,22.29,-58.464119103924666,-68.9172890529226,-69.93433418009012,0.9354787865325213
high,22.3,-58.49056241439883,-68.91398704058837,-69.93379898299058,0.932394360821886
high,22.310000000000002,-58.51695765043763,-68.91070141258214,-69.93326245709359,0.9293192602999082
high,22.320000000000004,-58.543304578219974,-68.907432119641,-69.9327246124481,0.926253484722186
high,22.330000000000002,-58.56960297356273,-68.90417911249523,-69.93218545906753,0.9231970328357838
high,22.340000000000003,-58.595852621623955,-68.90094234187244,-69.93164500692981,0.9201499024156815
high,22.35,-58.62205331661501,-68.89772175850138,-69.93110326597747,0.9171120903000153
high,22.360000000000003,-58.648204861522,-68.89451731311577,-69.93056024611752,0.9140835924241503
high,22.37,-58.67430706783575,-68.89132895645798,-69.93001595722161,0.9110644038536267
high,22.38,-58.70035975529037,-68.88815663928256,-69.92947040912607,0.9080545188160141
high,22.39,-58.72636275160989,-68.88500031235961,-69.92892361163186,0.9050539307317098
high,22.400000000000002,-58.752315892262885,-68.88185992647821,-69.92837557450468,0.9020626322437165
high,22.410000000000004,-58.778219020224725,-68.87873543244952,-69.92782630747502,0.8990806152464368
high,22.42,-58.80407198574734,-68.8756267811099,-69.92727582023814,0.8961078709135031
high,22.430000000000003,-58.829874646136105,-68.87253392332393,-69.92672412245417,0.8931443897246946
high,22.44,-58.85562686553372,-68.86945680998731,-69.9261712237482,0.8901901614919541
high,22.450000000000003,-58.881328514710845,-68.86639539202962,-69.92561713371019,0.8872451753845455
high,22.46,-58.906979470863305,-68.86334962041708,-69.92506186189513,0.8843094199533713
high,22.47,-58.93257961741555,-68.86031944615516,-69.92450541782311,0.8813828831544858
high,22.480000000000004,-58.95812884383033,-68.85730482029102,-69.92394781097924,0.8784655523718229
high,22.490000000000002,-58.98362704542427,-68.85430569391612,-69.92338905081384,0.875557414439176
high,22.500000000000004,-59.00907412318918,-68.85132201816846,-69.92282914674246,0.8726584556614331
high,22.51,-59.03446998361899,-68.84835374423488,-69.9222681081459,0.8697686618351179
high,22.520000000000003,-59.05981453854203,-68.84540082335333,-69.92170594437032,0.8668880182682404
high,22.53,-59.085107704958546,-68.84246320681495,-69.92114266472723,0.864016509799488
high,22.540000000000003,-59.11034940488334,-68.83954084596616,-69.9205782784936,0.8611541208167753
high,22.55,-59.135539565193156,-68.83663369221057,-69.92001279491191,0.8583008352751783
high,22.56,-59.16067811747906,-68.8337416970111,-69.91944622319026,0.8554566367142658
high,22.570000000000004,-59.18576499790314,-68.83086481189164,-69.91887857250231,0.8526215082748552
high,22.580000000000002,-59.21080014705984,-68.82800298843891,-69.91830985198747,0.8497954327152111
high,22.590000000000003,-59.23578350984158,-68.82515617830424,-69.9177400707509,0.8469783924266939
high,22.6,-59.260715035308536,-68.82232433320522,-69.91716923786358,0.8441703694488936
high,22.610000000000003,-59.28559467656245,-68.81950740492726,-69.91659736236238,0.8413713454842532
high,22.62,-59.31042239062434,-68.81670534532527,-69.9160244532502,0.8385813019122036
high,22.630000000000003,-59.3351981383161,-68.81391810632505,-69.9154505194959,0.8358002198028232
high,22.64,-59.35992188414568,-68.8111456399248,-69.91487557003447,0.8330280799300416
high,22.650000000000002,-59.38459359619584,-68.80838789819656,-69.91429961376706,0.8302648627843981
high,22.660000000000004,-59.40921324601644,-68.80564483328749,-69.91372265956103,0.827510548585376
high,22.67,-59.43378080851989,-68.80291639742123,-69.91314471625013,0.824765117293315
high,22.680000000000003,-59.45829626188008,-68.80020254289911,-69.91256579263442,0.8220285486209293
high,22.69,-59.482759587434195,-68.79750322210147,-69.91198589748046,0.819300822044437
high,22.700000000000003,-59.507170769587724,-68.79481838748868,-69.91140503952133,0.8165819168143125
high,22.71,-59.53152979572241,-68.7921479916024,-69.91082322745667,0.8138718119656779
high,22.72,-59.55583665610691,-68.78949198706667,-69.91024046995283,0.8111704863283432
high,22.73,-59.58009134381037,-68.78685032658885,-69.90965677564292,0.8084779185365082
high,22.740000000000002,-59.60429385461857,-68.78422296296073,-69.90907215312681,0.8057940870381344
high,22.750000000000004,-59.628444186952656,-68.78160984905948,-69.90848661097137,0.8031189701040058
high,22.76,-59.65254234179051,-68.77901093784861,-69.90790015771034,0.800452545836472
high,22.770000000000003,-59.676588322590334,-68.77642618237881,-69.90731280184458,0.7977947921779056
high,22.78,-59.70058213521678,-68.77385553578891,-69.90672455184205,0.7951456869188668
high,22.790000000000003,-59.72452378786917,-68.77129895130663,-69.90613541613791,0.7925052077059923
high,22.8,-59.74841329101215,-68.76875638224952,-69.90554540313462,0.789873332049616
high,22.81,-59.77225065730826,-68.76622778202557,-69.90495452120196,0.7872500373311285
high,22.820000000000004,-59.796035901552685,-68.76371310413406,-69.90436277867718,0.7846353008100884
high,22.830000000000002,-59.81976904060997,-68.76121230216627,-69.903770183865,0.78202909963109
high,22.840000000000003,-59.84345009335277,-68.75872532980617,-69.90317674503783,0.7794314108303937
high,22.85,-59.867079080602316,-68.7562521408311,-69.90258247043563,0.7768422113423327
high,22.860000000000003,-59.89065602507082,-68.75379268911232,-69.90198736826619,0.7742614780054995
high,22.87,-59.91418095130561,-68.7513469286157,-69.9013914467051,0.7716891875687191
high,22.880000000000003,-59.937653885634965,-68.74891481340235,-69.90079471389586,0.7691253166968174
high,22.89,-59.96107485611571,-68.7464962976291,-69.90019717794998,0.7665698419761919
high,22.9,-59.984443892482105,-68.74409133554904,-69.89959884694699,0.7640227399201892
high,22.910000000000004,-60.00776102609672,-68.7416998815121,-69.89899972893465,0.7614839869742959
high,22.92,-60.03102628990246,-68.73932188996554,-69.89839983192887,0.7589535595211566
high,22.930000000000003,-60.05423971837621,-68.73695731545436,-69.8977991639139,0.7564314338854057
high,22.94,-60.07740134748389,-68.73460611262183,-69.89719773284241,0.7539175863383446
high,22.950000000000003,-60.1005112146368,-68.73226823620992,-69.89659554663554,0.7514119931024471
high,22.96,-60.12356935864937,-68.72994364105963,-69.89599261318291,0.7489146303557142
high,22.970000000000002,-60.14657581969809,-68.72763228211154,-69.89538894034285,0.7464254742358714
high,22.98,-60.169530639281845,-68.72533411440604,-69.89478453594238,0.7439445008444239
high,22.990000000000002,-60.192433860183286,-68.7230490930838,-69.89417940777734,0.7414716862505673
high,23.000000000000004,-60.21528552643142,-68.72077717338607,-69.89357356361243,0.7390070064949631
high,23.01,-60.23808568326538,-68.71851831065501,-69.89296701118133,0.7365504375933767
high,23.020000000000003,-60.26083437709923,-68.716272460334,-69.8923597581867,0.7341019555401925
high,23.03,-60.28353165548791,-68.71403957796802,-69.89175181230041,0.7316615363118029
high,23.040000000000003,-60.306177567094025,-68.71181961920381,-69.89114318116351,0.7292291558698757
high,23.05,-60.32877216165588,-68.70961253979023,-69.89053387238633,0.7268047901645077
high,23.060000000000002,-60.351315489956214,-68.70741829557846,-69.88992389354858,0.7243884151372654
high,23.07,-60.37380760379211,-68.7052368425223,-69.88931325219943,0.7219800067241151
high,23.080000000000002,-60.396248555945625,-68.70306813667834,-69.88870195585754,0.719579540858251
high,23.090000000000003,-60.41863840015541,-68.70091213420626,-69.88809001201126,0.7171869934728227
high,23.1,-60.440977191089104,-68.69876879136893,-69.88747742811863,0.7148023405035581
high,23.110000000000003,-60.46326498431656,-68.6966380645327,-69.88686421160743,0.7124255578912991
high,23.12,-60.48550183628393,-68.69451991016749,-69.88625036987536,0.7100566215844414
high,23.130000000000003,-60.50768780428847,-68.69241428484708,-69.88563591029,0.707695507541286
high,23.14,-60.529822946454054,-68.69032114524911,-69.88502084018907,0.7053421917323065
high,23.150000000000002,-60.551907321707475,-68.68824044815543,-69.88440516688031,0.7029966501423315
high,23.160000000000004,-60.57394098975541,-68.68617215045201,-69.88378889764167,0.700658858772648
high,23.17,-60.5959240110621,-68.68411620912929,-69.88317203972144,0.698328793643029
high,23.180000000000003,-60.61785644682767,-68.68207258128211,-69.88255460033821,0.6960064307936805
high,23.19,-60.63973835896701,-68.68004122410997,-69.88193658668104,0.693691746287122
high,23.200000000000003,-60.661569810089425,-68.67802209491705,-69.88131800590952,0.6913847162099949
high,23.21,-60.68335086347875,-68.6760151511123,-69.88069886515386,0.6890853166748021
high,23.220000000000002,-60.70508158307416,-68.67402035020957,-69.88007917151494,0.6867935238215833
high,23.23,-60.72676203345135,-68.67203764982766,-69.87945893206442,0.6845093138195271
high,23.240000000000002,-60.74839227980447,-68.67006700769036,-69.87883815384482,0.6822326628685204
high,23.250000000000004,-60.76997238792852,-68.6681083816266,-69.87821684386965,0.67996354720064
high,23.26,-60.79150242420215,-68.66616172957036,-69.87759500912334,0.6777019430815897
high,23.270000000000003,-60.812982455571145,-68.66422700956089,-69.87697265656152,0.6754478268120735
high,23.28,-60.83441254953214,-68.66230417974256,-69.87634979311096,0.6732011747291249
high,23.290000000000003,-60.85579277411708,-68.66039319836506,-69.87572642566971,0.6709619632073794
high,23.3,-60.87712319787791,-68.65849402378333,-69.87510256110717,0.6687301686602988
high,23.310000000000002,-60.898403889871794,-68.6566066144576,-69.87447820626419,0.6665057675413455
high,23.32,-60.91963491964675,-68.6547309289534,-69.87385336795312,0.6642887363451124
high,23.330000000000002,-60.9408163572277,-68.65286692594157,-69.8732280529579,0.6620790516084047
high,23.340000000000003,-60.96194827310287,-68.65101456419828,-69.87260226803416,0.6598766899112841
high,23.35,-60.983030738210594,-68.64917380260498,-69.8719760199093,0.6576816278780607
high,23.360000000000003,-61.004063823926586,-68.64734460014843,-69.87134931528253,0.6554938421782542
high,23.37,-61.02504760205137,-68.64552691592067,-69.87072216082504,0.6533133095275104
high,23.380000000000003,-61.04598214479829,-68.64372070911901,-69.87009456317999,0.6511400066884809
high,23.39,-61.06686752478164,-68.64192593904598,-69.86946652896265,0.6489739104716655
high,23.400000000000002,-61.087703815005334,-68.6401425651093,-69.8688380647604,0.6468149977362203
high,23.41,-61.10849108885166,-68.63837054682186,-69.86820917713295,0.6446632453907296
high,23.42,-61.129229420070594,-68.6366098438017,-69.86757987261231,0.6425186303939456
high,23.430000000000003,-61.14991888276919,-68.63486041577191,-69.86695015770289,0.6403811297554988
high,23.44,-61.17055955140148,-68.63312222256066,-69.8663200388816,0.6382507205365693
high,23.450000000000003,-61.191151500758366,-68.63139522410106,-69.86568952259795,0.6361273798505376
high,23.46,-61.21169480595807,-68.62967938043114,-69.86505861527408,0.6340110848636002
high,23.470000000000002,-61.23218954243667,-68.62797465169382,-69.86442732330487,0.6319018127953603
high,23.48,-61.25263578593899,-68.62628099813679,-69.863795653058,0.6297995409193892
high,23.490000000000002,-61.273033612509664,-68.62459838011249,-69.86316361087414,0.6277042465637638
high,23.500000000000004,-61.293383098484476,-68.62292675807801,-69.86253120306681,0.6256159071115761
high,23.51,-61.313684320481904,-68.621266092595,-69.86189843592264,0.6235345000014233
high,23.520000000000003,-61.33393735539494,-68.61961634432961,-69.86126531570143,0.6214600027278666
high,23.53,-61.35414228038312,-68.61797747405248,-69.86063184863619,0.6193923928418744
high,23.540000000000003,-61.3742991728647,-68.6163494426385,-69.85999804093316,0.6173316479512397
high,23.55,-61.394408110509104,-68.61473221106682,-69.85936389877207,0.6152777457209778
high,23.560000000000002,-61.414469171229555,-68.6131257404208,-69.85872942830603,0.6132306638737018
high,23.57,-61.43448243317588,-68.6115299918878,-69.85809463566173,0.6111903801899804
high,23.580000000000002,-61.45444797472753,-68.60994492675918,-69.85745952693942,0.6091568725086755
high,23.590000000000003,-61.47436587448675,-68.60837050643013,-69.8568241082131,0.6071301187272591
high,23.6,-61.49423621127194,-68.60680669239963,-69.85618838553054,0.605110096802119
high,23.610000000000003,-61.51405906411124,-68.6052534462703,-69.85555236491334,0.6030967847488374
high,23.62,-61.53383451223615,-68.60371072974827,-69.85491605235707,0.6010901606424616
high,23.630000000000003,-61.55356263507544,-68.6021785046432,-69.85427945383128,0.5990902026177531
high,23.64,-61.573243512249135,-68.60065673286799,-69.85364257527965,0.5970968888694254
high,23.650000000000002,-61.592877223562745,-68.59914537643878,-69.85300542261999,0.5951101976523621
high,23.66,-61.61246384900146,-68.59764439747481,-69.85236800174438,0.5931301072818247
high,23.670000000000005,-61.63200346872471,-68.5961537581983,-69.85173031851922,0.5911565961336432
high,23.680000000000003,-61.651496163060706,-68.59467342093431,-69.85109237878531,0.5891896426443972
high,23.69,-61.67094201250118,-68.59320334811062,-69.85045418835797,0.5872292253115773
high,23.700000000000003,-61.69034109769621,-68.59174350225763,-69.84981575302706,0.5852753226937415
high,23.71,-61.709693499449244,-68.59029384600824,-69.84917707855702,0.5833279134106537
high,23.720000000000002,-61.728999298712125,-68.58885434209763,-69.84853817068712,0.5813869761434143
high,23.73,-61.748258576580426,-68.5874249533633,-69.84789903513133,0.5794524896345763
high,23.740000000000002,-61.767471414288664,-68.58600564274474,-69.84725967757856,0.5775244326882528
high,23.75,-61.786637893205814,-68.58459637328345,-69.84662010369262,0.575602784170213
high,23.760000000000005,-61.80575809483085,-68.5831971081227,-69.84598031911234,0.5736875230079673
high,23.770000000000003,-61.82483210078835,-68.58180781050748,-69.84534032945172,0.5717786281908463
high,23.78,-61.843859992824356,-68.58042844378434,-69.84470014029989,0.5698760787700633
high,23.790000000000003,-61.86284185280212,-68.57905897140117,-69.84405975722123,0.5679798538587739
high,23.8,-61.88177776269816,-68.57769935690713,-69.84341918575548,0.5660899326321249
high,23.810000000000002,-61.900667804598186,-68.57634956395255,-69.84277843141777,0.564206294327294
high,23.82,-61.91951206069336,-68.57500955628866,-69.84213749969872,0.562328918243521
high,23.830000000000002,-61.938310613276435,-68.57367929776755,-69.84149639606454,0.5604577837421332
high,23.840000000000003,-61.957063544738105,-68.57235875234201,-69.84085512595703,0.5585928702465602
high,23.85,-61.97577093756332,-68.5710478840653,-69.84021369479373,0.5567341572423453
high,23.860000000000003,-61.994432874327885,-68.56974665709107,-69.839572107968,0.554881624277144
high,23.87,-62.013049437694896,-68.56845503567327,-69.838930370849,0.5530352509607217
high,23.880000000000003,-62.03162071041142,-68.56717298416585,-69.83828848878187,0.5511950169649407
high,23.89,-62.05014677530519,-68.56590046702273,-69.83764646708775,0.5493609020237433
high,23.900000000000002,-62.06862771528131,-68.56463744879754,-69.8370043110639,0.5475328859331272
high,23.91,-62.087063613319174,-68.56338389414358,-69.83636202598372,0.5457109485511155
high,23.92,-62.105454552469325,-68.5621397678136,-69.83571961709684,0.5438950697977213
high,23.930000000000003,-62.123800615850435,-68.5609050346596,-69.83507708962924,0.5420852296549059
high,23.94,-62.14210188664635,-68.55967965963279,-69.83443444878327,0.5402814081665349
high,23.950000000000003,-62.160358448103146,-68.55846360778332,-69.83379169973774,0.5384835854383229
high,23.96,-62.178570383526335,-68.55725684426018,-69.833148847648,0.5366917416377794
high,23.970000000000002,-62.196737776278034,-68.55605933431102,-69.83250589764602,0.534905856994148
high,23.98,-62.21486070977428,-68.55487104328196,-69.83186285484044,0.5331259117983396
high,23.990000000000002,-62.232939267482266,-68.55369193661753,-69.8312197243167,0.5313518864028632
high,24.0,-62.25097353291784,-68.55252197986033,-69.83057651113698,0.5295837612217512
high,24.010000000000005,-62.26896358964284,-68.55136113865107,-69.8299332203405,0.5278215167304813
high,24.020000000000003,-62.2869095212626,-68.55020937872824,-69.82928985694333,0.5260651334658961
high,24.03,-62.30481141142349,-68.54906666592804,-69.82864642593873,0.5243145920261137
high,24.040000000000003,-62.322669343810496,-68.54793296618416,-69.82800293229694,0.5225698730704413
high,24.05,-62.34048340214482,-68.54680824552766,-69.82735938096548,0.5208309573192809
high,24.060000000000002,-62.35825367018157,-68.54569247008673,-69.82671577686912,0.5190978255540329
high,24.07,-62.375980231707445,-68.54458560608666,-69.82607212491001,0.5173704586169988
high,24.080000000000002,-62.39366317053853,-68.54348761984947,-69.82542842996769,0.5156488374112754
high,24.09,-62.41130257051806,-68.54239847779394,-69.82478469689914,0.5139329429006518
high,24.100000000000005,-62.42889851551428,-68.54131814643529,-69.82414093053902,0.5122227561095001
high,24.110000000000003,-62.44645108941827,-68.54024659238512,-69.82349713569948,0.5105182581226662
high,24.12,-62.46396037614196,-68.53918378235113,-69.82285331717046,0.5088194300853531
high,24.130000000000003,-62.48142645961595,-68.53812968313706,-69.82220947971969,0.5071262532030074
high,24.14,-62.49884942378764,-68.53708426164245,-69.82156562809267,0.5054387087411999
high,24.150000000000002,-62.51622935261912,-68.53604748486245,-69.82092176701289,0.5037567780255048
high,24.16,-62.533566330085335,-68.53501931988771,-69.82027790118181,0.5020804424413772
high,24.17,-62.550860440172094,-68.53399973390414,-69.81963403527891,0.5004096834340275
high,24.180000000000003,-62.568111766874296,-68.53298869419285,-69.81899017396185,0.4987444825082942
high,24.190000000000005,-62.58532039419394,-68.53198616812979,-69.81834632186649,0.49708482122851705
high,24.200000000000003,-62.60248640613847,-68.53099212318574,-69.81770248360691,0.49543068121840267
high,24.21,-62.619609886718855,-68.53000652692604,-69.81705866377561,0.4937820441608945
high,24.220000000000002,-62.63669091994799,-68.5290293470105,-69.81641486694343,0.49213889179803727
high,24.23,-62.65372958983878,-68.52806055119312,-69.81577109765973,0.49050120593084195
high,24.240000000000002,-62.67072598040263,-68.52710010732198,-69.81512736045242,0.4888689684191477
high,24.25,-62.68768017564763,-68.52614798333903,-69.81448365982803,0.4872421611814832
high,24.26,-62.70459225957704,-68.52520414728,-69.81384000027175,0.48562076619492633
high,24.270000000000003,-62.72146231618757,-68.52426856727402,-69.8131963862476,0.48400476549496163
high,24.280000000000005,-62.73829042946785,-68.52334121154371,-69.81255282219836,0.4823941411753401
high,24.290000000000003,-62.75507668339683,-68.52242204840479,-69.81190931254574,0.48078887538793136
high,24.3,-62.771821161942285,-68.521511046266,-69.81126586169042,0.47918895034258063
high,24.310000000000002,-62.78852394905923,-68.52060817362887,-69.81062247401209,0.4775943483069619
high,24.32,-62.80518512868851,-68.51971339908759,-69.80997915386962,0.47600505160643053
high,24.330000000000002,-62.821804784755216,-68.5188266913288,-69.80933590560096,0.47442104262387447
high,24.34,-62.83838300116739,-68.51794801913144,-69.80869273352336,0.47284230379956577
high,24.350000000000005,-62.85491986181445,-68.5170773513665,-69.80804964193334,0.4712688176310086
high,24.360000000000003,-62.87141545056579,-68.51621465699691,-69.80740663510683,0.4697005666727914
high,24.370000000000005,-62.88786985126957,-68.51535990507735,-69.8067637172992,0.46813753353643106
high,24.380000000000003,-62.90428314775115,-68.51451306475406,-69.80612089274534,0.466579700890223
high,24.39,-62.920655423811795,-68.51367410526458,-69.80547816565968,0.46502705145908724
high,24.400000000000002,-62.93698676322741,-68.51284299593777,-69.80483554023637,0.46347956802441403
high,24.41,-62.95327724974717,-68.51201970619337,-69.80419302064918,0.4619372334239097
high,24.42,-62.969526967092264,-68.51120420554204,-69.80355061105175,0.46040003055144163
high,24.43,-62.985735998954574,-68.51039646358507,-69.80290831557751,0.45886794235688183
high,24.440000000000005,-63.0019044289955,-68.50959645001416,-69.80226613833986,0.45734095184595114
high,24.450000000000003,-63.018032340844606,-68.50880413461134,-69.80162408343213,0.4558190420800639
high,24.46,-63.03411981809853,-68.50801948724876,-69.80098215492774,0.45430219617616835
high,24.470000000000002,-63.05016694431967,-68.50724247788843,-69.80034035688018,0.4527903973065904
high,24.48,-63.06617380303507,-68.50647307658211,-69.79969869332317,0.4512836286988763
high,24.490000000000002,-63.08214047773521,-68.50571125347116,-69.79905716827065,0.44978187363563343
high,24.5,-63.09806705187283,-68.50495697878624,-69.79841578571687,0.4482851154543724
high,24.51,-63.11395360886185,-68.50421022284722,-69.79777454963646,0.4467933375473478
high,24.520000000000003,-63.129800232076164,-68.503470956063,-69.7971334639845,0.4453065233613991
high,24.530000000000005,-63.14560700484863,-68.50273914893127,-69.79649253269659,0.443824656397793
high,24.540000000000003,-63.16137401046987,-68.50201477203836,-69.79585175968887,0.4423477202120609
high,24.55,-63.177101332187206,-68.50129779605905,-69.79521114885817,0.4408756984138417
high,24.560000000000002,-63.19278905320365,-68.50058819175638,-69.79457070408196,0.43940857466672095
high,24.57,-63.20843725667677,-68.49988592998145,-69.79393042921852,0.437946332688071
high,24.580000000000002,-63.224046025717726,-68.49919098167332,-69.79329032810698,0.4364889562488911
high,24.59,-63.23961544339014,-68.49850331785875,-69.79265040456733,0.4350364291736473
high,24.6,-63.25514559270917,-68.49782290965197,-69.7920106624005,0.43358873534011183
high,24.610000000000003,-63.27063655664049,-68.49714972825464,-69.79137110538852,0.4321458586792027
high,24.620000000000005,-63.28608841809918,-68.49648374495553,-69.79073173729446,0.43070778317482533
high,24.630000000000003,-63.30150125994891,-68.49582493113036,-69.79009256186256,0.4292744928637093
high,24.64,-63.31687516500084,-68.4951732582417,-69.78945358281827,0.42784597183524953
high,24.650000000000002,-63.33221021601282,-68.49452869783876,-69.78881480386829,0.42642220423134636
high,24.66,-63.347506495688236,-68.49389122155705,-69.78817622870072,0.42500317424624456
high,24.67,-63.36276408667524,-68.49326080111845,-69.78753786098501,0.42358886612637386
high,24.68,-63.37798307156572,-68.49263740833081,-69.78689970437215,0.422179264170188
high,24.690000000000005,-63.39316353289447,-68.49202101508787,-69.78626176249459,0.42077435272800506
high,24.700000000000003,-63.40830555313824,-68.49141159336911,-69.7856240389664,0.4193741162018489
high,24.710000000000004,-63.423409214714844,-68.49080911523943,-69.78498653738333,0.41797853904528687
high,24.720000000000002,-63.43847459998228,-68.4902135528491,-69.78434926132283,0.4165876057632716
high,24.73,-63.45350179123789,-68.48962487843349,-69.78371221434413,0.4152013009119817
high,24.740000000000002,-63.468490870717446,-68.48904306431294,-69.78307539998832,0.41381960909866167
high,24.75,-63.48344192059432,-68.48846808289255,-69.78243882177836,0.41244251498146317
high,24.76,-63.49835502297872,-68.48789990666198,-69.78180248321921,0.4110700032692857
high,24.77,-63.513230259916675,-68.48733850819531,-69.78116638779784,0.40970205872161813
high,24.780000000000005,-63.5280677133894,-68.4867838601508,-69.78053053898334,0.40833866614837905
high,24.790000000000003,-63.54286746531235,-68.48623593527073,-69.77989494022692,0.406979810409761
high,24.800000000000004,-63.5576295975345,-68.48569470638125,-69.77925959496201,0.4056254764160685
high,24.810000000000002,-63.57235419183754,-68.48516014639218,-69.77862450660434,0.4042756491275628
high,24.82,-63.58704132993502,-68.48463222829673,-69.77798967855193,0.40293031355430314
high,24.830000000000002,-63.601691093471636,-68.48411092517148,-69.77735511418523,0.4015894547559895
high,24.84,-63.61630356402245,-68.48359621017605,-69.77672081686711,0.4002530578418052
high,24.85,-63.63087882309211,-68.48308805655302,-69.77608678994301,0.39892110797026004
high,24.860000000000003,-63.645416952114104,-68.48258643762765,-69.77545303674088,0.3975935903490333
high,24.870000000000005,-63.65991803245004,-68.48209132680779,-69.77481956057139,0.39627049023481864
high,24.880000000000003,-63.67438214538887,-68.48160269758364,-69.7741863647278,0.3949517929331657
high,24.890000000000004,-63.68880937214619,-68.48112052352758,-69.7735534524862,0.39363748379832586
high,24.900000000000002,-63.70319979386352,-68.48064477829396,-69.7729208271055,0.39232754823309623
high,24.91,-63.71755349160757,-68.48017543561899,-69.77228849182744,0.3910219716886645
high,24.92,-63.73187054636957,-68.47971246932046,-69.77165644987672,0.38972073966445403
high,24.93,-63.74615103906454,-68.47925585329759,-69.77102470446101,0.3884238377079688
high,24.94,-63.76039505053062,-68.4788055615309,-69.7703932587711,0.3871312514146396
high,24.950000000000003,-63.774602661528384,-68.47836156808198,-69.76976211598078,0.3858429664276696
high,24.960000000000004,-63.78877395274016,-68.47792384709327,-69.7691312792471,0.3845589684378822
high,24.970000000000002,-63.802909004769354,-68.47749237278792,-69.76850075171035,0.383279243183565
high,24.980000000000004,-63.81700789813982,-68.47706711946965,-69.76787053649397,0.3820037764503191
high,24.990000000000002,-63.83107071329522,-68.47664806152244,-69.76724063670491,0.38073255407090534
high,25.0,-63.8450975305983,-68.4762351734105,-69.76661105543344,0.37946556192509295
high,25.01,-63.85908843033035,-68.47582842967796,-69.7659817957533,0.37820278593950657
high,25.02,-63.87304349269049,-68.47542780494877,-69.76535286072173,0.37694421208747536
high,25.030000000000005,-63.886962797795086,-68.47503327392643,-69.76472425337958,0.3756898263888814
high,25.040000000000003,-63.900846425677116,-68.47464481139392,-69.76409597675132,0.3744396149100102
high,25.050000000000004,-63.914694456285616,-68.4742623922134,-69.7634680338451,0.3731935637633979
high,25.060000000000002,-63.928506969484985,-68.47388599132616,-69.76284042765285,0.3719516591076828
high,25.07,-63.94228404505445,-68.47351558375227,-69.76221316115026,0.3707138871474553
high,25.080000000000002,-63.95602576268745,-68.47315114459053,-69.76158623729692,0.36948023413310843
high,25.09,-63.96973220199105,-68.47279264901826,-69.76095965903629,0.3682506863606892
high,25.1,-63.98340344248536,-68.47244007229106,-69.76033342929587,0.36702523017174943
high,25.11,-63.997039563602975,-68.47209338974268,-69.75970755098714,0.3658038519531982
high,25.120000000000005,-64.01064064468846,-68.47175257678487,-69.7590820270057,0.36458653813715297
high,25.130000000000003,-64.02420676499764,-68.47141760890709,-69.75845686023128,0.36337327520079454
high,25.140000000000004,-64.03773800369721,-68.47108846167643,-69.75783205352778,0.36216404966621696
high,25.150000000000002,-64.0512344398641,-68.47076511073737,-69.7572076097434,0.3609588481002827
high,25.16,-64.06469615248491,-68.47044753181166,-69.75658353171065,0.3597576571144764
high,25.17,-64.07812322045548,-68.470135700698,-69.75595982224635,0.35856046336475816
high,25.18,-64.09151572258024,-68.46982959327204,-69.75533648415183,0.35736725355141896
high,25.19,-64.10487373757181,-68.4695291854861,-69.75471352021283,0.35617801441893526
high,25.200000000000003,-64.11819734405029,-68.46923445336897,-69.75409093319963,0.35499273275582377
high,25.210000000000004,-64.13148662054299,-68.46894537302576,-69.75346872586712,0.35381139539449913
high,25.220000000000002,-64.14474164548373,-68.46866192063773,-69.75284690095484,0.3526339892111275
high,25.230000000000004,-64.15796249721244,-68.4683840724621,-69.75222546118697,0.3514605011254849
high,25.240000000000002,-64.1711492539746,-68.46811180483185,-69.7516044092725,0.3502909181008133
high,25.25,-64.18430199392085,-68.46784509415558,-69.75098374790521,0.34912522714367894
high,25.26,-64.19742079510634,-68.46758391691723,-69.75036347976373,0.34796341530382896
high,25.27,-64.2105057354904,-68.46732824967609,-69.74974360751162,0.34680546967405035
high,25.28,-64.22355689293607,-68.46707806906637,-69.74912413379737,0.34565137739002855
high,25.290000000000003,-64.23657434520948,-68.46683335179729,-69.74850506125455,0.34450112563020574
high,25.300000000000004,-64.2495581699795,-68.46659407465263,-69.74788639250174,0.3433547016156421
high,25.310000000000002,-64.2625084448173,-68.46636021449078,-69.74726813014269,0.3422120926098732
high,25.320000000000004,-64.27542524719583,-68.46613174824436,-69.74665027676635,0.3410732859187716
high,25.330000000000002,-64.28830865448941,-68.46590865292026,-69.74603283494683,0.33993826889040774
high,25.34,-64.30115874397329,-68.46569090559927,-69.74541580724362,0.3388070289149104
high,25.35,-64.31397559282317,-68.46547848343599,-69.7447991962015,0.33767955342432826
high,25.36,-64.32675927811482,-68.4652713636586,-69.74418300435063,0.3365558298924923
high,25.370000000000005,-64.33950987682363,-68.46506952356876,-69.74356723420668,0.3354358458348771
high,25.380000000000003,-64.35222746582414,-68.46487294054135,-69.74295188827074,0.3343195888084658
high,25.390000000000004,-64.36491212188976,-68.46468159202436,-69.74233696902948,0.33320704641161
high,25.400000000000002,-64.37756392169217,-68.46449545553864,-69.74172247895521,0.3320982062838959
high,25.410000000000004,-64.39018294180103,-68.46431450867777,-69.74110842050587,0.3309930561060071
high,25.42,-64.40276925868365,-68.46413872910793,-69.74049479612508,0.3298915835995893
high,25.43,-64.41532294870433,-68.46396809456756,-69.73988160824229,0.3287937765271152
high,25.44,-64.42784408812429,-68.46380258286737,-69.73926885927266,0.3276996226917496
high,25.45,-64.44033275310099,-68.46364217189002,-69.7386565516173,0.32660910993721476
high,25.460000000000004,-64.45278901968796,-68.46348683959003,-69.73804468766316,0.3255222261476565
high,25.470000000000002,-64.46521296383432,-68.46333656399355,-69.73743326978325,0.32443895924751215
high,25.480000000000004,-64.47760466138439,-68.46319132319823,-69.73682230033653,0.3233592972013746
high,25.490000000000002,-64.48996418807737,-68.46305109537299,-69.73621178166802,0.32228322801386183
high,25.500000000000004,-64.50229161954697,-68.46291585875788,-69.73560171610887,0.32121073972948355
high,25.51,-64.51458703132101,-68.46278559166393,-69.73499210597645,0.3201418204325099
high,25.52,-64.5268504988211,-68.46266027247287,-69.73438295357424,0.3190764582468394
high,25.53,-64.5390820973623,-68.46253987963709,-69.7337742611921,0.3180146413358684
high,25.540000000000003,-64.55128190215265,-68.46242439167932,-69.73316603110615,0.31695635790235954
high,25.550000000000004,-64.563449988293,-68.4623137871926,-69.73255826557887,0.3159015961883134
high,25.560000000000002,-64.5755864307766,-68.46220804484,-69.73195096685922,0.31485034447483623
high,25.570000000000004,-64.58769130448867,-68.46210714335447,-69.73134413718257,0.3138025910820119
high,25.580000000000002,-64.59976468420626,-68.4620110615387,-69.73073777877083,0.31275832436877266
high,25.590000000000003,-64.61180664459775,-68.46191977826489,-69.73013189383248,0.3117175327327703
high,25.6,-64.62381726022258,-68.46183327247458,-69.72952648456261,0.31068020461024853
high,25.61,-64.63579660553101,-68.46175152317859,-69.728921553143,0.30964632847591417
high,25.62,-64.64774475486367,-68.46167450945663,-69.7283171017421,0.30861589284281077
high,25.630000000000003,-64.65966178245137,-68.46160221045734,-69.72771313251519,0.30758888626219044
high,25.640000000000004,-64.67154776241472,-68.461534605398,-69.72710964760428,0.3065652973233891
high,25.650000000000002,-64.68340276876386,-68.46147167356433,-69.72650664913834,0.3055451146536983
high,25.660000000000004,-64.69522687539816,-68.46141339431047,-69.72590413923317,0.3045283269182401
high,25.67,-64.70702015610591,-68.4613597470586,-69.72530211999158,0.3035149228198424
high,25.68,-64.71878268456405,-68.4613107112989,-69.72470059350334,0.302504891098913
high,25.69,-64.73051453433786,-68.46126626658939,-69.72409956184535,0.30149822053331543
high,25.7,-64.74221577888069,-68.46122639255567,-69.72349902708153,0.3004948999382448
high,25.710000000000004,-64.75388649153372,-68.46119106889078,-69.72289899126301,0.29949491816610374
high,25.720000000000002,-64.76552674552563,-68.4611602753551,-69.7222994564281,0.29849826410637986
high,25.730000000000004,-64.77713661397233,-68.46113399177602,-69.72170042460236,0.2975049266855213
high,25.740000000000002,-64.78871616987672,-68.46111219804797,-69.72110189779865,0.2965148948668152
high,25.750000000000004,-64.80026548612844,-68.46109487413206,-69.72050387801717,0.29552815765026513
high,25.76,-64.81178463550356,-68.46108200005602,-69.71990636724549,0.29454470407246935
high,25.77,-64.82327369066441,-68.46107355591398,-69.7193093674586,0.2935645232064995
high,25.78,-64.8347327241592,-68.46106952186635,-69.7187128806191,0.2925876041617793
high,25.79,-64.84616180842191,-68.46106987813961,-69.71811690867695,0.2916139360839642
high,25.800000000000004,-64.85756101577196,-68.46107460502613,-69.71752145356979,0.29064350815482054
high,25.810000000000002,-64.86893041841398,-68.461083682884,-69.71692651722284,0.28967630959210716
high,25.820000000000004,-64.88027008843761,-68.4610970921369,-69.71633210154903,0.288712329649454
high,25.830000000000002,-64.89158009781721,-68.46111481327391,-69.71573820844897,0.2877515576162444
high,25.840000000000003,-64.90286051841173,-68.46113682684933,-69.71514483981106,0.2867939828174955
high,25.85,-64.91411142196432,-68.46116311348251,-69.71455199751148,0.2858395946137409
high,25.86,-64.92533288010229,-68.46119365385765,-69.71395968341426,0.28488838240091197
high,25.87,-64.93652496433674,-68.46122842872374,-69.71336789937138,0.2839403356102204
high,25.880000000000003,-64.94768774606248,-68.46126741889424,-69.71277664722273,0.2829954437080413
high,25.890000000000004,-64.95882129655767,-68.46131060524705,-69.71218592879616,0.2820536961957969
high,25.900000000000002,-64.96992568698376,-68.46135796872424,-69.71159574590763,0.2811150826098387
high,25.910000000000004,-64.9810009883852,-68.46140949033196,-69.71100610036113,0.28017959252133284
high,25.92,-64.99204727168922,-68.46146515114017,-69.71041699394878,0.2792472155361436
high,25.930000000000003,-65.00306460770567,-68.46152493228261,-69.7098284284509,0.2783179412947189
high,25.94,-65.01405306712687,-68.46158881495651,-69.70924040563601,0.2773917594719747
high,25.95,-65.0250127205273,-68.46165678042249,-69.70865292726087,0.27646865977718094
high,25.96,-65.03594363836355,-68.46172881000437,-69.70806599507058,0.27554863195384727
high,25.970000000000002,-65.04684589097404,-68.461804885089,-69.70747961079857,0.27463166577960907
high,25.980000000000004,-65.05771954857882,-68.46188498712608,-69.70689377616668,0.27371775106611496
high,25.990000000000002,-65.06856468127948,-68.46196909762809,-69.70630849288516,0.2728068776589126
high,26.000000000000004,-65.07938135905897,-68.46205719816996,-69.70572376265277,0.2718990354373365
high,26.01,-65.09016965178127,-68.46214927038902,-69.7051395871568,0.27099421431439574
high,26.020000000000003,-65.10092962919147,-68.46224529598484,-69.70455596807308,0.2700924042366627
high,26.03,-65.11166136091539,-68.46234525671898,-69.70397290706609,0.2691935951841602
high,26.04,-65.12236491645955,-68.46244913441492,-69.70339040578895,0.2682977771702518
high,26.050000000000004,-65.13304036521095,-68.46255691095782,-69.70280846588348,0.2674049402415294
high,26.060000000000002,-65.14368777643689,-68.4626685682944,-69.70222708898025,0.2665150744777049
high,26.070000000000004,-65.15430721928493,-68.46278408843276,-69.7016462766986,0.26562816999149785
high,26.080000000000002,-65.16489876278261,-68.46290345344222,-69.70106603064674,0.26474421692852723
high,26.090000000000003,-65.17546247583735,-68.46302664545313,-69.7004863524217,0.26386320546720127
high,26.1,-65.18599842723634,-68.46315364665675,-69.6999072436095,0.2629851258186093
high,26.110000000000003,-65.19650668564636,-68.46328443930508,-69.69932870578504,0.2621099682264122
high,26.12,-65.20698731961366,-68.46341900571063,-69.69875074051224,0.2612377229667349
high,26.13,-65.21744039756382,-68.46355732824638,-69.69817334934413,0.2603683803480578
high,26.140000000000004,-65.22786598780162,-68.46369938934552,-69.69759653382273,0.25950193071110944
high,26.150000000000002,-65.23826415851093,-68.46384517150126,-69.69702029547928,0.25863836442876015
high,26.160000000000004,-65.2486349777545,-68.46399465726682,-69.6964446358341,0.2577776719059133
high,26.17,-65.25897851347395,-68.4641478292551,-69.6958695563968,0.2569198435794007
high,26.180000000000003,-65.2692948334896,-68.4643046701386,-69.6952950586662,0.2560648699178749
high,26.19,-65.27958400550034,-68.46446516264929,-69.69472114413044,0.2552127414217048
high,26.200000000000003,-65.28984609708351,-68.46462928957833,-69.69414781426698,0.2543634486228689
high,26.21,-65.30008117569481,-68.46479703377607,-69.69357507054266,0.25351698208485157
high,26.220000000000002,-65.31028930866823,-68.46496837815172,-69.69300291441374,0.25267333240253614
high,26.230000000000004,-65.32047056321586,-68.46514330567335,-69.69243134732596,0.2518324902021038
high,26.240000000000002,-65.33062500642784,-68.46532179936763,-69.69186037071454,0.25099444614092586
high,26.250000000000004,-65.34075270527221,-68.46550384231965,-69.69128998600425,0.25015919090746275
high,26.26,-65.35085372659489,-68.46568941767288,-69.69072019460945,0.24932671522115893
high,26.270000000000003,-65.36092813711954,-68.46587850862888,-69.69015099793411,0.24849700983234124
high,26.28,-65.37097600344748,-68.46607109844722,-69.6895823973719,0.24767006552211487
high,26.29,-65.38099739205752,-68.46626717044526,-69.68901439430616,0.24684587310226214
high,26.3,-65.39099236930602,-68.46646670799811,-69.68844699010995,0.24602442341513953
high,26.310000000000002,-65.40096100142671,-68.46666969453831,-69.6878801861462,0.24520570733357652
high,26.320000000000004,-65.4109033545306,-68.4668761135558,-69.68731398376761,0.24438971576077487
high,26.330000000000002,-65.42081949460594,-68.46708594859768,-69.68674838431676,0.2435764396302058
high,26.340000000000003,-65.43070948751813,-68.46729918326812,-69.6861833891261,0.24276586990551113
high,26.35,-65.44057339900964,-68.46751580122813,-69.6856189995181,0.24195799758040185
high,26.360000000000003,-65.45041129469998,-68.46773578619552,-69.68505521680514,0.24115281367855862
high,26.37,-65.46022324008553,-68.46795912194456,-69.68449204228968,0.24035030925353174
high,26.38,-65.47000930053959,-68.46818579230603,-69.68392947726419,0.23955047538864208
high,26.390000000000004,-65.47976954131224,-68.4684157811669,-69.68336752301133,0.23875330319688198
high,26.400000000000002,-65.4895040275303,-68.46864907247026,-69.6828061808038,0.2379587838208169
high,26.410000000000004,-65.49921282419729,-68.46888565021513,-69.68224545190454,0.23716690843248597
high,26.42,-65.50889599619329,-68.46912549845632,-69.68168533756669,0.23637766823330508
high,26.430000000000003,-65.51855360827507,-68.46936860130431,-69.6811258390337,0.23559105445396858
high,26.44,-65.5281857250758,-68.46961494292502,-69.68056695753924,0.23480705835435217
high,26.450000000000003,-65.53779241110522,-68.46986450753967,-69.68000869430736,0.23402567122341544
high,26.46,-65.54737373074938,-68.47011727942468,-69.67945105055249,0.2332468843791059
high,26.47,-65.5569297482708,-68.4703732429115,-69.67889402747943,0.2324706891682614
high,26.480000000000004,-65.5664605278083,-68.47063238238643,-69.67833762628348,0.23169707696651484
high,26.490000000000002,-65.575966133377,-68.47089468229044,-69.6777818481504,0.2309260391781989
high,26.500000000000004,-65.58544662886824,-68.47116012711908,-69.6772266942565,0.23015756723624875
high,26.51,-65.59490207804961,-68.47142870142233,-69.67667216576866,0.22939165260210878
high,26.520000000000003,-65.60433254456493,-68.47170038980435,-69.67611826384432,0.22862828676563657
high,26.53,-65.6137380919341,-68.47197517692348,-69.67556498963158,0.2278674612450089
high,26.540000000000003,-65.6231187835532,-68.47225304749195,-69.67501234426925,0.22710916758662758
high,26.55,-65.63247468269434,-68.47253398627578,-69.6744603288868,0.2263533973650251
high,26.560000000000002,-65.6418058525058,-68.47281797809462,-69.6739089446045,0.2256001421827713
high,26.570000000000004,-65.65111235601185,-68.47310500782169,-69.67335819253341,0.22484939367038081
high,26.580000000000002,-65.66039425611281,-68.47339506038342,-69.67280807377534,0.22410114348621846
high,26.590000000000003,-65.669651615585,-68.47368812075956,-69.67225858942308,0.22335538331640814
high,26.6,-65.67888449708077,-68.4739841739828,-69.6717097405602,0.22261210487473948
high,26.610000000000003,-65.68809296312845,-68.47428320513876,-69.67116152826134,0.2218712999025766
high,26.62,-65.69727707613232,-68.47458519936579,-69.67061395359198,0.22113296016876555
high,26.630000000000003,-65.70643689837263,-68.47489014185484,-69.67006701760869,0.22039707746954357
high,26.64,-65.71557249200562,-68.47519801784927,-69.66952072135906,0.21966364362844745
high,26.650000000000002,-65.72468391906341,-68.47550881264472,-69.6689750658818,0.21893265049622293
high,26.660000000000004,-65.73377124145419,-68.47582251158904,-69.66843005220666,0.2182040899507346
high,26.67,-65.74283452096198,-68.47613910008201,-69.66788568135462,0.21747795389687485
high,26.680000000000003,-65.75187381924678,-68.47645856357524,-69.66734195433783,0.21675423426647417
high,26.69,-65.76088919784458,-68.47678088757209,-69.66679887215963,0.21603292301821214
high,26.700000000000003,-65.76988071816726,-68.47710605762742,-69.66625643581469,0.2153140121375271
high,26.71,-65.77884844150273,-68.47743405934754,-69.6657146462889,0.21459749363652822
high,26.720000000000002,-65.78779242901486,-68.47776487838998,-69.66517350455953,0.21388335955390572
high,26.730000000000004,-65.79671274174348,-68.47809850046337,-69.66463301159521,0.21317160195484303
high,26.740000000000002,-65.80560944060439,-68.47843491132734,-69.66409316835599,0.21246221293092907
high,26.750000000000004,-65.81448258638945,-68.47877409679228,-69.66355397579332,0.21175518460006904
high,26.76,-65.82333223976651,-68.47911604271927,-69.66301543485017,0.21105050910639817
high,26.770000000000003,-65.8321584612795,-68.47946073501994,-69.66247754646096,0.21034817862019348
high,26.78,-65.84096131134841,-68.47980815965626,-69.66194031155169,0.2096481853377879
high,26.790000000000003,-65.84974085026927,-68.48015830264046,-69.66140373103997,0.20895052148148222
high,26.8,-65.85849713821429,-68.48051115003486,-69.66086780583493,0.20825517929946
high,26.810000000000002,-65.86723023523174,-68.48086668795167,-69.66033253683744,0.2075621510657003
high,26.820000000000004,-65.87594020124612,-68.48122490255294,-69.65979792494001,0.2068714290798927
high,26.830000000000002,-65.8846270960581,-68.4815857800504,-69.65926397102687,0.20618300566735165
high,26.840000000000003,-65.89329097934454,-68.48194930670522,-69.658730675974,0.20549687317893073
high,26.85,-65.90193191065865,-68.48231546882802,-69.65819804064915,0.2048130239909377
high,26.860000000000003,-65.91054994942981,-68.48268425277857,-69.65766606591193,0.20413145050505055
high,26.87,-65.91914515496381,-68.48305564496575,-69.65713475261373,0.2034521451482321
high,26.880000000000003,-65.92771758644282,-68.4834296318474,-69.65660410159789,0.2027751003726467
high,26.89,-65.93626730292537,-68.48380619993014,-69.65607411369966,0.20210030865557577
high,26.900000000000002,-65.94479436334646,-68.48418533576924,-69.6555447897462,0.20142776249933447
high,26.910000000000004,-65.95329882651754,-68.48456702596846,-69.65501613055669,0.20075745443118892
high,26.92,-65.9617807511267,-68.48495125717999,-69.65448813694233,0.20008937700327187
high,26.930000000000003,-65.97024019573848,-68.48533801610418,-69.65396080970638,0.1994235227925013
high,26.94,-65.97867721879416,-68.48572728948955,-69.65343414964413,0.19875988440049702
high,26.950000000000003,-65.98709187861168,-68.4861190641325,-69.65290815754304,0.1980984544534992
high,26.96,-65.99548423338568,-68.48651332687726,-69.65238283418272,0.1974392256022857
high,26.970000000000002,-66.00385434118759,-68.48691006461576,-69.65185818033495,0.19678219052209125
high,26.98,-66.01220225996572,-68.48730926428739,-69.65133419676373,0.19612734191252518
high,26.990000000000002,-66.02052804754524,-68.487710912879,-69.65081088422528,0.19547467249749093
high,27.000000000000004,-66.02883176162831,-68.48811499742466,-69.65028824346814,0.19482417502510535
high,27.01,-66.03711345979409,-68.48852150500555,-69.64976627523318,0.1941758422676176
high,27.020000000000003,-66.0453731994988,-68.48893042274982,-69.64924498025354,0.19352966702132882
high,27.03,-66.05361103807583,-68.48934173783246,-69.64872435925481,0.19288564210651268
high,27.040000000000003,-66.06182703273576,-68.48975543747517,-69.64820441295498,0.192243760367335
high,27.05,-66.07002124056643,-68.49017150894618,-69.64768514206443,0.19160401467177487
high,27.060000000000002,-66.07819371853304,-68.49058993956017,-69.64716654728608,0.19096639791154466
high,27.070000000000004,-66.0863445234782,-68.4910107166781,-69.6466486293153,0.19033090300201158
high,27.080000000000002,-66.09447371212195,-68.49143382770707,-69.64613138884005,0.18969752288211936
high,27.090000000000003,-66.10258134106193,-68.49185926010018,-69.64561482654081,0.18906625051430845
high,27.1,-66.11066746677338,-68.49228700135643,-69.64509894309069,0.18843707888443917
high,27.110000000000003,-66.11873214560923,-68.49271703902053,-69.64458373915542,0.18781000100171294
high,27.12,-66.12677543380019,-68.49314936068284,-69.6440692153934,0.1871850098985953
high,27.130000000000003,-66.13479738745481,-68.49358395397911,-69.64355537245571,0.1865620986307377
high,27.14,-66.14279806255956,-68.49402080659051,-69.64304221098618,0.1859412602769011
high,27.150000000000002,-66.15077751497897,-68.49445990624338,-69.64252973162135,0.18532248793887876
high,27.160000000000004,-66.15873580045559,-68.49490124070908,-69.6420179349906,0.18470577474141905
high,27.17,-66.16667297461018,-68.49534479780397,-69.64150682171609,0.18409111383215046
high,27.180000000000003,-66.17458909294176,-68.49579056538913,-69.64099639241284,0.1834784983815041
high,27.19,-66.18248421082768,-68.49623853137035,-69.64048664768877,0.18286792158263804
high,27.200000000000003,-66.19035838352369,-68.49668868369793,-69.63997758814467,0.18225937665136258
high,27.21,-66.19821166616411,-68.49714101036659,-69.63946921437427,0.18165285682606366
high,27.220000000000002,-66.20604411376186,-68.49759549941533,-69.63896152696431,0.18104835536762887
high,27.23,-66.21385578120854,-68.49805213892716,-69.63845452649446,0.18044586555937153
high,27.240000000000006,-66.2216467232745,-68.49851091702924,-69.63794821353751,0.17984538070695671
high,27.250000000000004,-66.22941699460908,-68.49897182189252,-69.63744258865924,0.17924689413832728
high,27.26,-66.23716664974047,-68.49943484173167,-69.63693765241855,0.1786503992036283
high,27.270000000000003,-66.24489574307603,-68.499899964805,-69.63643340536743,0.1780558892751347
high,27.28,-66.25260432890228,-68.5003671794143,-69.63592984805106,0.17746335774717648
high,27.290000000000003,-66.26029246138495,-68.50083647390463,-69.63542698100778,0.1768727980360662
high,27.3,-66.26796019456918,-68.50130783666438,-69.6349248047691,0.1762842035800254
high,27.310000000000002,-66.2756075823796,-68.50178125612489,-69.63442331985982,0.1756975678391114
high,27.32,-66.28323467862037,-68.50225672076051,-69.633922526798,0.1751128842951455
high,27.330000000000002,-66.29084153697538,-68.50273421908847,-69.63342242609497,0.17453014645163942
high,27.340000000000003,-66.29842821100823,-68.50321373966857,-69.63292301825538,0.17394934783372443
high,27.35,-66.30599475416244,-68.50369527110325,-69.63242430377727,0.17337048198807822
high,27.360000000000003,-66.31354121976152,-68.50417880203739,-69.63192628315201,0.1727935424828538
high,27.37,-66.32106766100911,-68.50466432115813,-69.63142895686443,0.17221852290760803
high,27.380000000000003,-66.32857413098898,-68.50515181719484,-69.63093232539279,0.17164541687323004
high,27.39,-66.33606068266533,-68.50564127891889,-69.6304363892088,0.17107421801187078
high,27.400000000000002,-66.34352736888269,-68.50613269514359,-69.62994114877766,0.1705049199768718
high,27.410000000000004,-66.35097424236616,-68.50662605472405,-69.62944660455811,0.16993751644269486
high,27.42,-66.35840135572155,-68.50712134655706,-69.62895275700244,0.1693720011048521
high,27.430000000000003,-66.36580876143536,-68.50761855958088,-69.62845960655655,0.16880836767983523
high,27.44,-66.37319651187501,-68.50811768277528,-69.6279671536599,0.168246609905046
high,27.450000000000003,-66.38056465928896,-68.50861870516127,-69.6274753987456,0.16768672153872705
high,27.46,-66.38791325580672,-68.509121615801,-69.62698434224046,0.16712869635989178
high,27.470000000000002,-66.39524235343912,-68.50962640379774,-69.62649398456495,0.16657252816825605
high,27.48,-66.40255200407823,-68.51013305829555,-69.62600432613326,0.1660182107841686
high,27.490000000000002,-66.40984225949774,-68.51064156847937,-69.62551536735333,0.16546573804854284
high,27.500000000000004,-66.41711317135281,-68.51115192357474,-69.62502710862692,0.16491510382278804
high,27.51,-66.42436479118041,-68.51166411284778,-69.62453955034952,0.16436630198874183
high,27.520000000000003,-66.43159717039933,-68.51217812560502,-69.62405269291052,0.1638193264486013
high,27.53,-66.43881036031036,-68.51269395119324,-69.62356653669313,0.1632741711248557
high,27.540000000000003,-66.4460044120963,-68.51321157899945,-69.62308108207444,0.16273082996021915
high,27.55,-66.4531793768223,-68.51373099845064,-69.62259632942545,0.16218929691756273
high,27.560000000000002,-66.46033530543578,-68.51425219901373,-69.62211227911114,0.16164956597984806
high,27.57,-66.46747224876664,-68.51477517019545,-69.6216289314904,0.16111163115005994
high,27.580000000000005,-66.47459025752742,-68.51529990154222,-69.62114628691617,0.1605754864511399
high,27.590000000000003,-66.48168938231338,-68.51582638263994,-69.62066434573538,0.1600411259259202
high,27.6,-66.48876967360263,-68.51635460311405,-69.620183108289,0.1595085436370568
high,27.610000000000003,-66.49583118175636,-68.5168845526292,-69.6197025749121,0.15897773366696394
high,27.62,-66.5028739570188,-68.51741622088925,-69.61922274593381,0.1584486901177484
high,27.630000000000003,-66.50989804951755,-68.51794959763717,-69.61874362167742,0.15792140711114366
high,27.64,-66.51690350926353,-68.51848467265482,-69.61826520246038,0.15739587878844505
high,27.650000000000002,-66.52389038615122,-68.51902143576292,-69.61778748859427,0.15687209931044402
high,27.66,-66.53085872995882,-68.51955987682086,-69.61731048038493,0.15635006285736405
high,27.670000000000005,-66.53780859034835,-68.52009998572666,-69.6168341781324,0.15582976362879508
high,27.680000000000003,-66.54474001686567,-68.52064175241676,-69.61635858213094,0.1553111958436301
high,27.69,-66.55165305894089,-68.52118516686596,-69.6158836926692,0.15479435373999997
high,27.700000000000003,-66.55854776588822,-68.52173021908729,-69.61540951003003,0.15427923157520984
high,27.71,-66.56542418690631,-68.52227689913187,-69.61493603449068,0.15376582362567542
high,27.720000000000002,-66.5722823710783,-68.52282519708884,-69.61446326632272,0.153254124186859
high,27.73,-66.57912236737202,-68.52337510308517,-69.61399120579212,0.1527441275732067
high,27.740000000000002,-66.58594422464009,-68.52392660728563,-69.61351985315926,0.15223582811808453
high,27.750000000000004,-66.59274799162002,-68.52447969989258,-69.61304920867897,0.15172922017371598
high,27.760000000000005,-66.59953371693446,-68.5250343711459,-69.61257927260053,0.15122429811111934
high,27.770000000000003,-66.60630144909129,-68.52559061132293,-69.6121100451677,0.15072105632004476
high,27.78,-66.61305123648376,-68.5261484107382,-69.61164152661874,0.15021948920891173
high,27.790000000000003,-66.61978312739066,-68.52670775974349,-69.61117371718646,0.14971959120474787
high,27.8,-66.6264971699764,-68.52726864872757,-69.61070661709826,0.14922135675312595
high,27.810000000000002,-66.6331934122913,-68.52783106811619,-69.6102402265761,0.1487247803181031
high,27.82,-66.63987190227158,-68.52839500837187,-69.60977454583652,0.14822985638215838
high,27.830000000000002,-66.64653268773961,-68.5289604599939,-69.60930957509075,0.14773657944613242
high,27.840000000000003,-66.65317581640403,-68.52952741351807,-69.60884531454464,0.14724494402916538
high,27.850000000000005,-66.6598013358599,-68.53009585951673,-69.60838176439874,0.14675494466863712
high,27.860000000000003,-66.66640929358883,-68.53066578859854,-69.60791892484833,0.14626657592010547
high,27.87,-66.67299973695921,-68.53123719140841,-69.6074567960834,0.14577983235724626
high,27.880000000000003,-66.67957271322626,-68.53181005862739,-69.60699537828866,0.14529470857179305
high,27.89,-66.68612826953228,-68.53238438097252,-69.60653467164367,0.14481119917347668
high,27.900000000000002,-66.69266645290669,-68.5329601491968,-69.60607467632276,0.14432929878996592
high,27.91,-66.69918731026635,-68.53353735408898,-69.6056153924951,0.14384900206680745
high,27.920000000000005,-66.70569088841552,-68.53411598647345,-69.60515682032471,0.1433703036673661
high,27.930000000000003,-66.7121772340462,-68.53469603721027,-69.60469895997049,0.14289319827276642
high,27.94,-66.71864639373813,-68.53527749719484,-69.60424181158622,0.14241768058183255
high,27.950000000000003,-66.72509841395906,-68.53586035735796,-69.60378537532064,0.1419437453110299
high,27.96,-66.73153334106487,-68.53644460866568,-69.60332965131741,0.14147138719440644
high,27.970000000000002,-66.73795122129974,-68.53703024211907,-69.60287463971517,0.14100060098353395
high,27.98,-66.74435210079623,-68.53761724875432,-69.60242034064757,0.14053138144745
high,27.990000000000002,-66.75073602557559,-68.53820561964244,-69.60196675424325,0.14006372337259945
high,28.0,-66.7571030415478,-68.53879534588924,-69.60151388062593,0.13959762156277697
high,28.010000000000005,-66.76345319451173,-68.53938641863523,-69.60106171991434,0.13913307083906873
high,28.020000000000003,-66.76978653015541,-68.53997882905546,-69.60061027222237,0.13867006603979573
high,28.03,-66.7761030940561,-68.54057256835941,-69.60015953765894,0.1382086020204556
high,28.040000000000003,-66.78240293168044,-68.54116762779094,-69.59970951632818,0.13774867365366558
high,28.05,-66.78868608838468,-68.54176399862816,-69.59926020832933,0.13729027582910608
high,28.060000000000002,-66.79495260941482,-68.54236167218325,-69.59881161375681,0.13683340345346334
high,28.07,-66.80120253990674,-68.54296063980244,-69.59836373270028,0.13637805145037307
high,28.080000000000002,-66.80743592488642,-68.54356089286588,-69.59791656524457,0.13592421476036412
high,28.090000000000003,-66.81365280927005,-68.5441624227875,-69.59747011146982,0.1354718883408018
high,28.100000000000005,-66.81985323786425,-68.5447652210149,-69.5970243714514,0.13502106716583287
high,28.110000000000003,-66.82603725536619,-68.5453692790293,-69.59657934525995,0.1345717462263286
high,28.12,-66.83220490636377,-68.5459745883454,-69.59613503296148,0.13412392052982938
high,28.130000000000003,-66.83835623533581,-68.54658114051122,-69.59569143461732,0.13367758510048997
high,28.14,-66.8444912866522,-68.54718892710812,-69.59524855028413,0.13323273497902305
high,28.150000000000002,-66.85061010457406,-68.54779793975057,-69.59480638001396,0.1327893652226453
high,28.16,-66.85671273325396,-68.54840817008606,-69.5943649238543,0.13234747090502152
high,28.17,-66.862799216736,-68.54901960979508,-69.59392418184805,0.13190704711621046
high,28.180000000000003,-66.86886959895601,-68.54963225059092,-69.59348415403353,0.1314680889626098
high,28.190000000000005,-66.87492392374179,-68.55024608421964,-69.59304484044453,0.13103059156690278
high,28.200000000000003,-66.88096223481324,-68.55086110245989,-69.59260624111039,0.1305945500680025
high,28.21,-66.88698457578246,-68.55147729712286,-69.59216835605585,0.13015995962099922
high,28.220000000000002,-66.892990990154,-68.55209466005213,-69.5917311853013,0.12972681539710562
high,28.23,-66.89898152132507,-68.55271318312364,-69.59129472886261,0.12929511258360393
high,28.240000000000002,-66.90495621258555,-68.55333285824551,-69.59085898675127,0.12886484638379173
high,28.25,-66.91091510711837,-68.55395367735798,-69.59042395897434,0.1284360120169292
high,28.260000000000005,-66.91685824799953,-68.55457563243327,-69.58998964553452,0.12800860471818556
high,28.270000000000003,-66.92278567819834,-68.55519871547551,-69.58955604643013,0.12758261973858676
high,28.280000000000005,-66.92869744057758,-68.55582291852062,-69.58912316165517,0.127158052344962
high,28.290000000000003,-66.93459357789364,-68.55644823363623,-69.58869099119929,0.1267348978198914
high,28.3,-66.94047413279677,-68.55707465292151,-69.58825953504788,0.1263131514616538
high,28.310000000000002,-66.9463391478312,-68.5577021685072,-69.58782879318204,0.12589280858417423
high,28.32,-66.95218866543532,-68.55833077255535,-69.58739876557861,0.12547386451697215
high,28.330000000000002,-66.95802272794184,-68.5589604572593,-69.58696945221021,0.12505631460510908
high,28.34,-66.96384137757806,-68.55959121484362,-69.58654085304522,0.12464015420913742
high,28.350000000000005,-66.96964465646593,-68.56022303756392,-69.58611296804786,0.12422537870504832
high,28.360000000000003,-66.97543260662223,-68.56085591770679,-69.58568579717814,0.12381198348422129
high,28.370000000000005,-66.9812052699589,-68.56148984758973,-69.58525934039193,0.1233999639533716
high,28.380000000000003,-66.986962688283,-68.56212481956096,-69.58483359764101,0.12298931553450045
high,28.39,-66.99270490329705,-68.56276082599946,-69.58440856887296,0.12258003366484331
high,28.400000000000002,-66.99843195659918,-68.56339785931473,-69.58398425403138,0.1221721137968198
high,28.41,-67.00414388968318,-68.56403591194675,-69.58356065305571,0.1217655513979827
high,28.42,-67.00984074393888,-68.5646749763659,-69.58313776588136,0.121360341950968
high,28.430000000000003,-67.01552256065222,-68.56531504507282,-69.58271559243975,0.12095648095344418
high,28.440000000000005,-67.02118938100536,-68.56595611059835,-69.58229413265823,0.12055396391806297
high,28.450000000000003,-67.02684124607703,-68.5665981655034,-69.5818733864602,0.12015278637240871
high,28.460000000000004,-67.03247819684253,-68.56724120237884,-69.58145335376506,0.11975294385894895
high,28.470000000000002,-67.03810027417411,-68.56788521384547,-69.58103403448828,0.11935443193498514
high,28.48,-67.04370751884095,-68.56853019255388,-69.58061542854138,0.11895724617260278
high,28.490000000000002,-67.04929997150944,-68.5691761311843,-69.58019753583199,0.11856138215862289
high,28.5,-67.05487767274336,-68.56982302244661,-69.57978035626381,0.11816683549455219
high,28.51,-67.06044066300409,-68.57047085908015,-69.57936388973671,0.11777360179653494
high,28.520000000000003,-67.06598898265068,-68.57111963385366,-69.57894813614668,0.11738167669530372
high,28.530000000000005,-67.07152267194014,-68.57176933956517,-69.57853309538588,0.1169910558361314
high,28.540000000000003,-67.07704177102765,-68.57241996904197,-69.57811876734264,0.1166017348787821
high,28.55,-67.08254631996654,-68.57307151514041,-69.57770515190153,0.11621370949746346
high,28.560000000000002,-67.08803635870875,-68.57372397074589,-69.5772922489433,0.11582697538077831
high,28.57,-67.09351192710477,-68.5743773287727,-69.57688005834495,0.1154415282316771
high,28.580000000000002,-67.09897306490399,-68.57503158216393,-69.57646857997977,0.11505736376740963
high,28.59,-67.10441981175478,-68.57568672389148,-69.57605781371733,0.11467447771947806
high,28.600000000000005,-67.10985220720471,-68.57634274695579,-69.57564775942343,0.11429286583358889
high,28.610000000000003,-67.11527029070079,-68.57699964438591,-69.57523841696026,0.11391252386960635
high,28.620000000000005,-67.12067410158953,-68.5776574092393,-69.5748297861863,0.11353344760150469
high,28.630000000000003,-67.12606367911725,-68.57831603460178,-69.57442186695643,0.11315563281732145
high,28.64,-67.13143906243019,-68.57897551358744,-69.57401465912187,0.11277907531911076
high,28.650000000000002,-67.13680029057467,-68.57963583933851,-69.57360816253023,0.1124037709228965
high,28.66,-67.1421474024974,-68.58029700502529,-69.57320237702554,0.11202971545862601
high,28.67,-67.14748043704546,-68.58095900384608,-69.57279730244824,0.11165690477012372
high,28.68,-67.15279943296675,-68.58162182902704,-69.57239293863525,0.1112853347150447
high,28.690000000000005,-67.15810442890991,-68.58228547382214,-69.57198928541993,0.11091500116482897
high,28.700000000000003,-67.16339546342465,-68.58294993151304,-69.5715863426321,0.11054590000465571
high,28.710000000000004,-67.16867257496197,-68.58361519540901,-69.57118411009814,0.11017802713339701
high,28.720000000000002,-67.17393580187425,-68.58428125884684,-69.5707825876409,0.10981137846357279
high,28.73,-67.17918518241545,-68.58494811519074,-69.5703817750798,0.10944594992130512
high,28.740000000000002,-67.18442075474132,-68.58561575783226,-69.56998167223075,0.10908173744627322
high,28.75,-67.18964255690962,-68.58628418019019,-69.56958227890635,0.10871873699166798
high,28.76,-67.19485062688024,-68.58695337571046,-69.56918359491567,0.10835694452414739
high,28.770000000000003,-67.20004500251544,-68.58762333786608,-69.56878562006443,0.10799635602379125
high,28.780000000000005,-67.20522572157994,-68.58829406015701,-69.56838835415502,0.10763696748405722
high,28.790000000000003,-67.21039282174125,-68.58896553611011,-69.5679917969864,0.10727877491173549
high,28.800000000000004,-67.21554634056977,-68.589637759279,-69.56759594835425,0.10692177432690499
high,28.810000000000002,-67.22068631553897,-68.59031072324404,-69.56720080805087,0.10656596176288881
high,28.82,-67.22581278402562,-68.5909844216122,-69.56680637586533,0.10621133326621045
high,28.830000000000002,-67.23092578330993,-68.59165884801695,-69.56641265158332,0.10585788489654958
high,28.84,-67.23602535057577,-68.59233399611819,-69.56601963498734,0.10550561272669853
high,28.85,-67.24111152291084,-68.59300985960216,-69.56562732585661,0.10515451284251837
high,28.860000000000003,-67.2461843373069,-68.59368643218143,-69.56523572396709,0.10480458134289564
high,28.870000000000005,-67.25124383065985,-68.59436370759462,-69.56484482909156,0.10445581433969922
high,28.880000000000003,-67.25629003977006,-68.59504167960657,-69.56445464099957,0.10410820795773641
high,28.890000000000004,-67.26132300134245,-68.59572034200798,-69.5640651594575,0.1037617583347106
high,28.900000000000002,-67.26634275198674,-68.59639968861556,-69.56367638422853,0.1034164616211779
high,28.91,-67.27134932821758,-68.59707971327177,-69.56328831507275,0.1030723139805047
high,28.92,-67.27634276645477,-68.59776040984484,-69.56290095174707,0.10272931158882471
high,28.93,-67.28132310302348,-68.59844177222864,-69.56251429400527,0.10238745063499682
high,28.940000000000005,-67.28629037415436,-68.5991237943426,-69.56212834159808,0.10204672732056225
high,28.950000000000003,-67.29124461598379,-68.59980647013161,-69.5617430942731,0.10170713785970324
high,28.960000000000004,-67.29618586455405,-68.60048979356597,-69.56135855177486,0.10136867847919988
high,28.970000000000002,-67.30111415581352,-68.60117375864125,-69.56097471384489,0.10103134541838898
high,28.980000000000004,-67.30602952561684,-68.60185835937828,-69.56059158022161,0.10069513492912187
high,28.990000000000002,-67.31093200972508,-68.60254358982299,-69.56020915064049,0.10036004327572308
high,29.0,-67.31582164380603,-68.60322944404635,-69.55982742483397,0.1000260667349485
high,29.01,-67.32069846343427,-68.60391591614432,-69.55944640253149,0.09969320159594433
high,29.02,-67.32556250409142,-68.60460300023772,-69.55906608345953,0.09936144416020554
high,29.030000000000005,-67.33041380116632,-68.60529069047216,-69.55868646734162,0.09903079074153492
high,29.040000000000003,-67.33525238995516,-68.605978981018,-69.55830755389835,0.09870123766600242
high,29.050000000000004,-67.34007830566183,-68.60666786607017,-69.55792934284737,0.09837278127190366
high,29.060000000000002,-67.34489158339791,-68.60735733984816,-69.55755183390347,0.09804541790971986
high,29.070000000000004,-67.34969225818296,-68.60804739659592,-69.55717502677848,0.09771914394207686
high,29.080000000000002,-67.35448036494468,-68.6087380305818,-69.55679892118141,0.09739395574370512
high,29.09,-67.35925593851918,-68.60942923609842,-69.55642351681838,0.097069849701399
high,29.1,-67.36401901365106,-68.6101210074626,-69.55604881339269,0.09674682221397697
high,29.110000000000003,-67.36876962499362,-68.61081333901531,-69.55567481060481,0.09642486969224123
high,29.120000000000005,-67.37350780710909,-68.61150622512154,-69.55530150815238,0.09610398855893859
high,29.130000000000003,-67.3782335944688,-68.6121996601703,-69.55492890573024,0.09578417524871957
high,29.140000000000004,-67.38294702145332,-68.6128936385744,-69.55455700303048,0.0954654262080998
high,29.150000000000002,-67.38764812235276,-68.61358815477054,-69.55418579974238,0.09514773789541986
high,29.16,-67.39233693136686,-68.61428320321903,-69.55381529555252,0.09483110678080646
high,29.17,-67.39701348260516,-68.61497877840394,-69.55344549014471,0.09451552934613273
high,29.18,-67.40167781008729,-68.6156748748328,-69.55307638320004,0.09420100208497963
high,29.19,-67.40632994774313,-68.61637148703672,-69.55270797439687,0.09388752150259645
high,29.200000000000003,-67.41096992941291,-68.6170686095701,-69.55234026341097,0.09357508411586235
high,29.210000000000004,-67.41559778884745,-68.61776623701068,-69.55197324991532,0.09326368645324783
high,29.220000000000002,-67.42021355970844,-68.6184643639595,-69.55160693358029,0.09295332505477549
high,29.230000000000004,-67.42481727556846,-68.61916298504072,-69.55124131407361,0.09264399647198222
high,29.240000000000002,-67.42940896991128,-68.61986209490155,-69.55087639106036,0.09233569726788052
high,29.25,-67.43398867613205,-68.62056168821226,-69.55051216420303,0.09202842401692062
high,29.26,-67.43855642753742,-68.62126175966598,-69.55014863316146,0.09172217330495197
high,29.27,-67.44311225734583,-68.62196230397875,-69.54978579759296,0.09141694172918585
high,29.280000000000005,-67.44765619868753,-68.6226633158893,-69.54942365715226,0.09111272589815707
high,29.290000000000003,-67.45218828460494,-68.6233647901591,-69.5490622114915,0.09080952243168676
high,29.300000000000004,-67.45670854805276,-68.62406672157216,-69.5487014602603,0.09050732796084428
high,29.310000000000002,-67.46121702189818,-68.62476910493511,-69.54834140310575,0.09020613912791027
high,29.320000000000004,-67.46571373892102,-68.625471935077,-69.54798203967245,0.08990595258633893
high,29.330000000000002,-67.47019873181395,-68.62617520684918,-69.54762336960243,0.08960676500072126
high,29.34,-67.47467203318274,-68.62687891512543,-69.54726539253531,0.0893085730467476
high,29.35,-67.47913367554632,-68.62758305480166,-69.5469081081082,0.08901137341117102
high,29.36,-67.48358369133705,-68.62828762079592,-69.54655151595576,0.0887151627917702
high,29.370000000000005,-67.48802211290088,-68.62899260804836,-69.5461956157102,0.08841993789731299
high,29.380000000000003,-67.4924489724976,-68.62969801152113,-69.54584040700136,0.08812569544751991
high,29.390000000000004,-67.49686430230085,-68.63040382619828,-69.54548588945657,0.08783243217302723
high,29.400000000000002,-67.5012681343986,-68.63111004708567,-69.54513206270083,0.08754014481535122
high,29.410000000000004,-67.50566050079304,-68.63181666921096,-69.54477892635673,0.08724883012685145
high,29.42,-67.51004143340093,-68.63252368762352,-69.54442648004448,0.08695848487069507
high,29.43,-67.51441096405378,-68.63323109739427,-69.54407472338195,0.0866691058208208
high,29.44,-67.51876912449792,-68.63393889361573,-69.54372365598466,0.08638068976190279
high,29.450000000000003,-67.5231159463949,-68.63464707140184,-69.54337327746579,0.08609323348931511
high,29.460000000000004,-67.52745146132142,-68.63535562588795,-69.54302358743621,0.08580673380909647
high,29.470000000000002,-67.53177570076976,-68.63606455223075,-69.54267458550447,0.08552118753791395
high,29.480000000000004,-67.53608869614773,-68.63677384560809,-69.54232627127689,0.08523659150302837
high,29.490000000000002,-67.54039047877909,-68.6374835012191,-69.54197864435741,0.08495294254225856
high,29.500000000000004,-67.54468107990357,-68.6381935142839,-69.54163170434781,0.08467023750394652
high,29.51,-67.54896053067708,-68.63890388004369,-69.54128545084755,0.08438847324692222
high,29.52,-67.55322886217198,-68.63961459376061,-69.54093988345387,0.08410764664046888
high,29.53,-67.55748610537717,-68.64032565071766,-69.54059500176184,0.08382775456428787
high,29.540000000000003,-67.56173229119834,-68.64103704621866,-69.54025080536422,0.08354879390846436
high,29.550000000000004,-67.56596745045812,-68.64174877558813,-69.53990729385167,0.08327076157343273
high,29.560000000000002,-67.57019161389626,-68.64246083417127,-69.5395644668126,0.08299365446994196
high,29.570000000000004,-67.57440481216985,-68.6431732173339,-69.53922232383329,0.08271746951902129
high,29.580000000000002,-67.57860707585347,-68.64388592046225,-69.53888086449783,0.08244220365194631
high,29.590000000000003,-67.58279843543939,-68.64459893896307,-69.53854008838819,0.08216785381020443
high,29.6,-67.58697892133777,-68.6453122682635,-69.53819999508421,0.08189441694546137
high,29.61,-67.5911485638768,-68.6460259038109,-69.5378605841636,0.08162189001952681
high,29.620000000000005,-67.59530739330293,-68.6467398410729,-69.53752185520196,0.08135027000432103
high,29.630000000000003,-67.59945543978101,-68.64745407553731,-69.5371838077728,0.08107955388184118
high,29.640000000000004,-67.60359273339456,-68.64816860271199,-69.53684644144757,0.08080973864412747
high,29.650000000000002,-67.60771930414582,-68.64888341812481,-69.53650975579565,0.08054082129323004
high,29.660000000000004,-67.61183518195608,-68.64959851732364,-69.53617375038431,0.08027279884117557
high,29.67,-67.61594039666575,-68.65031389587615,-69.53583842477883,0.08000566830993407
high,29.680000000000003,-67.62003497803458,-68.65102954936988,-69.53550377854245,0.0797394267313857
high,29.69,-67.62411895574184,-68.65174547341208,-69.53516981123641,0.07947407114728809
high,29.7,-67.62819235938652,-68.65246166362962,-69.53483652241992,0.07920959860924302
high,29.710000000000004,-67.63225521848753,-68.65317811566905,-69.53450391165022,0.078946006178664
high,29.720000000000002,-67.63630756248386,-68.65389482519642,-69.53417197848255,0.07868329092674366
high,29.730000000000004,-67.64034942073467,-68.6546117878972,-69.53384072247017,0.07842144993442089
high,29.740000000000002,-67.64438082251968,-68.65532899947628,-69.53351014316443,0.07816048029234861
high,29.750000000000004,-67.64840179703916,-68.6560464556579,-69.53318024011467,0.07790037910086148
high,29.76,-67.6524123734142,-68.65676415218552,-69.53285101286839,0.07764114346994352
high,29.77,-67.65641258068689,-68.65748208482178,-69.5325224609711,0.07738277051919627
high,29.78,-67.66040244782047,-68.65820024934847,-69.53219458396642,0.07712525737780639
high,29.790000000000003,-67.66438200369956,-68.65891864156642,-69.53186738139605,0.07686860118451412
high,29.800000000000004,-67.66835127713028,-68.6596372572954,-69.53154085279988,0.07661279908758147
high,29.810000000000002,-67.6723102968405,-68.66035609237419,-69.53121499771586,0.07635784824476016
high,29.820000000000004,-67.67625909147993,-68.66107514266032,-69.53088981568013,0.0761037458232605
high,29.830000000000002,-67.68019768962041,-68.66179440403019,-69.53056530622695,0.07585048899971956
high,29.840000000000003,-67.68412611975602,-68.66251387237884,-69.53024146888876,0.07559807496017013
high,29.85,-67.68804441030323,-68.66323354362001,-69.52991830319614,0.07534650090000905
high,29.86,-67.69195258960121,-68.66395341368602,-69.52959580867793,0.07509576402396653
high,29.87,-67.69585068591186,-68.66467347852767,-69.5292739848611,0.07484586154607457
high,29.880000000000003,-67.69973872742011,-68.66539373411426,-69.52895283127089,0.0745967906896364
high,29.890000000000004,-67.70361674223398,-68.66611417643345,-69.52863234743072,0.07434854868719565
high,29.900000000000002,-67.70748475838488,-68.66683480149123,-69.52831253286222,0.07410113278050522
high,29.910000000000004,-67.71134280382772,-68.66755560531185,-69.52799338708536,0.0738545402204969
high,29.92,-67.7151909064411,-68.66827658393773,-69.52767490961828,0.07360876826725084
high,29.930000000000003,-67.7190290940275,-68.66899773342945,-69.52735709997744,0.07336381418996502
high,29.94,-67.72285739431346,-68.66971904986563,-69.52703995767754,0.07311967526692499
high,29.95,-67.72667583494973,-68.67044052934287,-69.52672348223163,0.0728763487854735
high,29.960000000000004,-67.73048444351147,-68.67116216797575,-69.526407673151,0.0726338320419804
high,29.970000000000002,-67.73428324749845,-68.6718839618967,-69.52609252994525,0.0723921223418129
high,29.980000000000004,-67.73807227433522,-68.67260590725591,-69.52577805212238,0.07215121699930506
high,29.990000000000002,-67.74185155137121,-68.67332800022142,-69.52546423918865,0.0719111133377284
high,30.000000000000004,-67.74562110588103,-68.67405023697883,-69.5251510906487,0.07167180868926194
high,30.01,-67.74938096506456,-68.6747726137314,-69.52483860600555,0.07143330039496276
high,30.020000000000003,-67.75313115604716,-68.6754951267,-69.52452678476052,0.07119558580473619
high,30.03,-67.75687170587985,-68.67621777212291,-69.52421562641341,0.07095866227730656
high,30.04,-67.76060264153948,-68.67694054625585,-69.52390513046232,0.07072252718018783
high,30.050000000000004,-67.7643239899289,-68.67766344537196,-69.52359529640381,0.07048717788965418
high,30.060000000000002,-67.76803577787716,-68.67838646576162,-69.52328612373282,0.0702526117907112
high,30.070000000000004,-67.77173803213961,-68.67910960373247,-69.52297761194272,0.07001882627706645
high,30.080000000000002,-67.77543077939819,-68.67983285560933,-69.52266976052532,0.06978581875110067
high,30.090000000000003,-67.77911404626157,-68.68055621773415,-69.52236256897088,0.06955358662383898
high,30.1,-67.78278785926524,-68.68127968646594,-69.52205603676809,0.06932212731492197
high,30.110000000000003,-67.78645224487178,-68.68200325818066,-69.52175016340416,0.06909143825257726
high,30.12,-67.79010722947102,-68.68272692927124,-69.5214449483647,0.06886151687359059
high,30.130000000000003,-67.79375283938018,-68.68345069614747,-69.5211403911339,0.06863236062327752
high,30.140000000000004,-67.79738910084407,-68.68417455523598,-69.52083649119436,0.06840396695545536
high,30.150000000000002,-67.80101604003528,-68.6848985029801,-69.52053324802725,0.06817633333241421
high,30.160000000000004,-67.80463368305426,-68.68562253583988,-69.5202306611122,0.06794945722488925
high,30.17,-67.80824205592971,-68.686346650292,-69.5199287299274,0.06772333611203254
high,30.180000000000003,-67.81184118461844,-68.6870708428297,-69.51962745394962,0.06749796748138491
high,30.19,-67.81543109500583,-68.68779510996272,-69.51932683265413,0.0672733488288482
high,30.200000000000003,-67.81901181290587,-68.68851944821729,-69.51902686551476,0.06704947765865718
high,30.21,-67.82258336406129,-68.689243854136,-69.51872755200392,0.06682635148335224
high,30.220000000000002,-67.82614577414385,-68.68996832427776,-69.51842889159259,0.06660396782375119
high,30.230000000000004,-67.82969906875445,-68.69069285521779,-69.51813088375039,0.06638232420892237
high,30.240000000000002,-67.83324327342332,-68.69141744354752,-69.51783352794546,0.0661614181761566
high,30.250000000000004,-67.83677841361015,-68.6921420858745,-69.5175368236446,0.0659412472709401
high,30.26,-67.84030451470426,-68.69286677882239,-69.51724077031322,0.06572180904692726
high,30.270000000000003,-67.84382160202489,-68.69359151903092,-69.51694536741537,0.06550310106591328
high,30.28,-67.8473297008212,-68.69431630315576,-69.51665061441373,0.06528512089780732
high,30.290000000000003,-67.8508288362726,-68.69504112786849,-69.51635651076963,0.06506786612060517
high,30.300000000000004,-67.85431903348876,-68.69576598985662,-69.51606305594305,0.0648513343203626
high,30.310000000000002,-67.85780031750996,-68.69649088582341,-69.51577024939265,0.06463552309116863
high,30.320000000000004,-67.86127271330709,-68.6972158124879,-69.51547809057577,0.06442043003511842
high,30.330000000000002,-67.86473624578196,-68.6979407665848,-69.51518657894844,0.06420605276228693
high,30.340000000000003,-67.86819093976736,-68.69866574486446,-69.5148957139654,0.06399238889070226
high,30.35,-67.87163682002728,-68.6993907440928,-69.51460549508006,0.06377943604631914
high,30.360000000000003,-67.87507391125709,-68.7001157610513,-69.51431592174458,0.06356719186299271
high,30.37,-67.8785022380837,-68.70084079253685,-69.51402699340983,0.06335565398245208
high,30.38,-67.8819218250657,-68.7015658353618,-69.51373870952544,0.06314482005427417
high,30.390000000000004,-67.88533269669361,-68.70229088635381,-69.51345106953976,0.06293468773585754
high,30.400000000000002,-67.88873487738992,-68.70301594235585,-69.51316407289988,0.0627252546923966
high,30.410000000000004,-67.89212839150933,-68.70374100022613,-69.51287771905172,0.06251651859685539
high,30.42,-67.89551326333898,-68.70446605683807,-69.51259200743992,0.06230847712994173
high,30.430000000000003,-67.8988895170985,-68.70519110908016,-69.51230693750794,0.06210112798008169
high,30.44,-67.90225717694027,-68.70591615385604,-69.51202250869798,0.06189446884339361
high,30.450000000000003,-67.90561626694947,-68.70664118808426,-69.51173872045108,0.061688497423662836
high,30.46,-67.90896681114442,-68.70736620869847,-69.5114555722071,0.06148321143231583
high,30.470000000000002,-67.91230883347663,-68.7080912126471,-69.5111730634047,0.061278608588395005
high,30.480000000000004,-67.91564235783092,-68.70881619689352,-69.51089119348134,0.061074686618533436
high,30.490000000000002,-67.91896740802574,-68.70954115841587,-69.5106099618734,0.06087144325692932
high,30.500000000000004,-67.9222840078132,-68.71026609420704,-69.51032936801603,0.06066887624532094
high,30.51,-67.9255921808793,-68.71099100127458,-69.51004941134329,0.06046698333296171
high,30.520000000000003,-67.92889195084408,-68.71171587664071,-69.50977009128806,0.060265762276594914
high,30.53,-67.93218334126175,-68.71244071734223,-69.50949140728213,0.060065210840429005
high,30.540000000000003,-67.93546637562095,-68.71316552043045,-69.50921335875616,0.059865326796112575
high,30.55,-67.93874107734483,-68.7138902829712,-69.5089359451397,0.05966610792270981
high,30.560000000000002,-67.94200746979125,-68.71461500204468,-69.5086591658612,0.059467552006675514
high,30.570000000000004,-67.94526557625287,-68.71533967474547,-69.50838302034802,0.05926965684183093
high,30.580000000000002,-67.94851541995746,-68.71606429818247,-69.50810750802646,0.05907242022933882
high,30.590000000000003,-67.95175702406792,-68.71678886947889,-69.50783262832171,0.0588758399776792
high,30.6,-67.95499041168253,-68.71751338577208,-69.50755838065791,0.05867991390262507
high,30.610000000000003,-67.9582156058351,-68.71823784421358,-69.50728476445818,0.05848463982721799
high,30.62,-67.96143262949505,-68.71896224196904,-69.50701177914452,0.05829001558174403
high,30.630000000000003,-67.96464150556774,-68.71968657621815,-69.50673942413796,0.05809603900370954
high,30.640000000000004,-67.96784225689447,-68.72041084415461,-69.50646769885847,0.057902707937817176
high,30.650000000000002,-67.97103490625267,-68.72113504298609,-69.50619660272501,0.0577100202359421
high,30.660000000000004,-67.97421947635617,-68.72185916993412,-69.50592613515552,0.05751797375710785
high,30.67,-67.97739598985528,-68.7225832222341,-69.50565629556694,0.05732656636746261
high,30.680000000000003,-67.98056446933687,-68.72330719713523,-69.50538708337518,0.05713579594025571
high,30.69,-67.98372493732472,-68.72403109190043,-69.50511849799521,0.056945660355813714
high,30.700000000000003,-67.98687741627957,-68.72475490380633,-69.50485053884104,0.0567561575015171
high,30.71,-67.99002192859919,-68.72547863014321,-69.5045832053256,0.05656728527177663
high,30.720000000000006,-67.99315849661875,-68.7262022682149,-69.50431649686097,0.05637904156800997
high,30.730000000000004,-67.9962871426108,-68.72692581533886,-69.50405041285822,0.05619142429861863
high,30.740000000000002,-67.99940788878554,-68.72764926884595,-69.5037849527275,0.05600443137896422
high,30.750000000000004,-68.00252075729091,-68.7283726260805,-69.50352011587803,0.05581806073134579
high,30.76,-68.0056257702128,-68.72909588440027,-69.50325590171803,0.055632310284976394
high,30.770000000000003,-68.00872294957514,-68.72981904117628,-69.50299230965489,0.055447177975960306
high,30.78,-68.01181231734016,-68.73054209379295,-69.502729339095,0.05526266174726993
high,30.790000000000003,-68.01489389540843,-68.73126503964782,-69.50246698944393,0.05507875954872307
high,30.8,-68.01796770561911,-68.73198787615172,-69.50220526010627,0.05489546933696009
high,30.810000000000002,-68.02103376975008,-68.73271060072855,-69.50194415048578,0.054712789075421105
high,30.820000000000004,-68.02409210951807,-68.73343321081538,-69.50168365998533,0.05453071673432368
high,30.830000000000002,-68.02714274657885,-68.73415570386224,-69.50142378800687,0.054349250290639896
high,30.840000000000003,-68.03018570252738,-68.73487807733224,-69.50116453395155,0.054168387728074016
high,30.85,-68.03322099889796,-68.73560032870138,-69.50090589721961,0.05398812703704021
high,30.860000000000003,-68.03624865716439,-68.73632245545858,-69.50064787721044,0.05380846621463999
high,30.87,-68.03926869874007,-68.73704445510559,-69.50039047332262,0.053629403264640226
high,30.880000000000003,-68.04228114497832,-68.73776632515698,-69.50013368495388,0.05345093619745067
high,30.890000000000004,-68.04528601717232,-68.7384880631401,-69.4998775115011,0.05327306303010205
high,30.900000000000002,-68.0482833365554,-68.73920966659496,-69.49962195236037,0.053095781786224136
high,30.910000000000004,-68.05127312430118,-68.73993113307425,-69.49936700692696,0.05291909049602342
high,30.92,-68.05425540152369,-68.74065246014328,-69.49911267459535,0.052742987196261526
high,30.930000000000003,-68.05723018927758,-68.74137364537992,-69.49885895475917,0.05256746993023336
high,30.94,-68.06019750855816,-68.74209468637454,-69.4986058468113,0.0523925367477452
high,30.950000000000003,-68.06315738030166,-68.74281558073,-69.49835335014384,0.052218185705093276
high,30.96,-68.06610982538541,-68.74353632606156,-69.4981014641481,0.05204441486504196
high,30.970000000000002,-68.06905486462784,-68.74425691999689,-69.49785018821466,0.051871222296802376
high,30.980000000000004,-68.0719925187888,-68.74497736017595,-69.49759952173325,0.05169860607601078
high,30.990000000000002,-68.07492280856958,-68.74569764425104,-69.49734946409293,0.05152656428470751
high,31.000000000000004,-68.07784575461316,-68.7464177698866,-69.497100014682,0.05135509501131532
high,31.01,-68.0807613775043,-68.74713773475936,-69.49685117288801,0.05118419635061824
high,31.020000000000003,-68.08366969776978,-68.74785753655816,-69.49660293809777,0.05101386640374055
high,31.03,-68.08657073587835,-68.74857717298391,-69.49635530969739,0.050844103278125496
high,31.040000000000003,-68.08946451224115,-68.74929664174961,-69.49610828707223,0.05067490508751442
high,31.05,-68.09235104721166,-68.75001594058025,-69.49586186960697,0.050506269951925635
high,31.060000000000006,-68.09523036108592,-68.75073506721277,-69.49561605668558,0.05033819599763366
high,31.070000000000004,-68.0981024741027,-68.75145401939608,-69.49537084769133,0.05017068135714848
high,31.080000000000002,-68.1009674064436,-68.75217279489088,-69.4951262420068,0.05000372416919456
high,31.090000000000003,-68.10382517823324,-68.75289139146976,-69.49488223901392,0.049837322578690266
high,31.1,-68.10667580953938,-68.75360980691705,-69.49463883809388,0.04967147473672738
high,31.110000000000003,-68.10951932037312,-68.75432803902886,-69.49439603862726,0.04950617880055035
high,31.12,-68.11235573068896,-68.75504608561297,-69.49415383999396,0.04934143293353601
high,31.130000000000003,-68.11518506038506,-68.75576394448879,-69.49391224157321,0.04917723530517297
high,31.14,-68.11800732930324,-68.75648161348735,-69.49367124274364,0.0490135840910415
high,31.150000000000006,-68.12082255722933,-68.75719909045127,-69.49343084288321,0.04885047747279303
high,31.160000000000004,-68.1236307638931,-68.75791637323461,-69.49319104136924,0.0486879136381302
high,31.17,-68.12643196896859,-68.75863345970298,-69.49295183757843,0.0485258907807865
high,31.180000000000003,-68.12922619207414,-68.75935034773337,-69.49271323088689,0.04836440710050624
high,31.19,-68.13201345277253,-68.76006703521419,-69.49247522067006,0.0482034608030247
high,31.200000000000003,-68.13479377057126,-68.76078352004514,-69.49223780630282,0.048043050100047974
high,31.21,-68.13756716492253,-68.76149980013726,-69.49200098715944,0.047883173209233326
high,31.220000000000002,-68.1403336552235,-68.7622158734128,-69.4917647626136,0.04772382835416917
high,31.230000000000004,-68.1430932608164,-68.76293173780532,-69.49152913203837,0.04756501376435543
high,31.240000000000006,-68.14584600098864,-68.76364739125943,-69.49129409480625,0.047406727675184036
high,31.25,-68.14859189497302,-68.76436283173093,-69.49105965028923,0.04724896832791903
high,31.26,-68.15133096194783,-68.7650780571867,-69.49082579785865,0.04709173396967701
high,31.27,-68.15406322103698,-68.76579306560463,-69.49059253688529,0.046935022853408115
high,31.28,-68.15678869131021,-68.76650785497365,-69.49035986673944,0.046778833237875926
high,31.290000000000006,-68.15950739178315,-68.76722242329362,-69.49012778679082,0.04662316338763875
high,31.3,-68.16221934141755,-68.76793676857531,-69.4898962964086,0.04646801157303008
high,31.310000000000006,-68.16492455912135,-68.7686508888404,-69.4896653949614,0.04631337607013909
high,31.32,-68.16762306374888,-68.76936478212136,-69.48943508181735,0.04615925516079211
high,31.330000000000005,-68.17031487410091,-68.77007844646145,-69.48920535634402,0.04600564713253283
high,31.34,-68.17300000892492,-68.7707918799147,-69.4889762179085,0.04585255027860398
high,31.35,-68.17567848691513,-68.77150508054584,-69.48874766587736,0.04569996289792764
high,31.360000000000007,-68.17835032671275,-68.77221804643025,-69.48851969961666,0.045547883295086994
high,31.37,-68.18101554690602,-68.77293077565398,-69.48829231849193,0.04539630978030722
high,31.380000000000006,-68.18367416603041,-68.7736432663136,-69.48806552186831,0.04524524066943638
high,31.39,-68.1863262025687,-68.77435551651627,-69.48783930911036,0.045094674283927466
high,31.400000000000006,-68.18897167495119,-68.77506752437962,-69.48761367958218,0.044944608950818865
high,31.41,-68.19161060155584,-68.77577928803174,-69.48738863264747,0.04479504300271666
high,31.42,-68.19424300070833,-68.77649080561118,-69.48716416766933,0.04464597477777525
high,31.43,-68.19686889068228,-68.77720207526683,-69.48694028401056,0.04449740261967967
high,31.44,-68.1994882896994,-68.77791309515796,-69.48671698103338,0.04434932487762644
high,31.450000000000006,-68.20210121592953,-68.7786238634541,-69.48649425809964,0.0442017399063059
high,31.46,-68.20470768749084,-68.77933437833505,-69.48627211457068,0.04405464606588362
high,31.470000000000006,-68.20730772244998,-68.78004463799085,-69.48605054980749,0.04390804172198188
high,31.48,-68.20990133882226,-68.78075464062172,-69.48582956317054,0.0437619252456622
high,31.490000000000006,-68.21248855457165,-68.781464384438,-69.48560915401994,0.04361629501340649
high,31.5,-68.21506938761104,-68.78217386766012,-69.48538932171537,0.043471149407099764
high,31.51,-68.21764385580235,-68.78288308851866,-69.48517006561606,0.043326486814011356
high,31.52,-68.22021197695662,-68.78359204525408,-69.48495138508092,0.04318230562677784
high,31.53,-68.22277376883417,-68.78430073611696,-69.48473327946834,0.04303860424338432
high,31.540000000000006,-68.22532924914482,-68.78500915936776,-69.48451574813643,0.042895381067147416
high,31.55,-68.22787843554788,-68.78571731327686,-69.48429879044282,0.042752634506697126
high,31.560000000000006,-68.2304213456524,-68.7864251961245,-69.48408240574483,0.04261036297595886
high,31.57,-68.23295799701727,-68.78713280620079,-69.48386659339937,0.04246856489413658
high,31.580000000000005,-68.23548840715131,-68.78784014180557,-69.48365135276295,0.04232723868569441
high,31.59,-68.23801259351346,-68.78854720124848,-69.48343668319178,0.04218638278033984
high,31.6,-68.24053057351291,-68.78925398284885,-69.48322258404164,0.04204599561300565
high,31.61,-68.24304236450924,-68.78996048493573,-69.48300905466803,0.041906075623833174
high,31.62,-68.24554798381246,-68.79066670584774,-69.48279609442602,0.0417666212581542
high,31.630000000000006,-68.24804744868332,-68.79137264393317,-69.48258370267041,0.04162763096647447
high,31.64,-68.25054077633328,-68.79207829754984,-69.4823718787556,0.04148910320445606
high,31.650000000000006,-68.25302798392474,-68.79278366506512,-69.48216062203569,0.041351036432900015
high,31.66,-68.25550908857115,-68.79348874485585,-69.48194993186445,0.041213429117729836
high,31.670000000000005,-68.25798410733705,-68.79419353530831,-69.48173980759533,0.04107627972997377
high,31.68,-68.26045305723837,-68.79489803481823,-69.48153024858146,0.04093958674574851
high,31.69,-68.26291595524248,-68.79560224179073,-69.48132125417565,0.04080334864624153
high,31.700000000000006,-68.26537281826823,-68.79630615464023,-69.48111282373041,0.040667563917694834
high,31.71,-68.26782366318632,-68.79700977179048,-69.48090495659797,0.04053223105138794
high,31.720000000000006,-68.27026850681911,-68.79771309167448,-69.48069765213022,0.04039734854362074
high,31.73,-68.27270736594105,-68.7984161127345,-69.48049090967879,0.0402629148956975
high,31.740000000000006,-68.27514025727858,-68.79911883342196,-69.48028472859504,0.040128928613909466
high,31.75,-68.27756719751046,-68.79982125219748,-69.48007910823003,0.03999538820951897
high,31.760000000000005,-68.27998820326776,-68.80052336753076,-69.47987404793457,0.03986229219874218
high,31.77,-68.282403291134,-68.80122517790063,-69.47966954705915,0.03972963910273336
high,31.78,-68.28481247764536,-68.80192668179497,-69.47946560495402,0.03959742744756767
high,31.790000000000006,-68.28721577929072,-68.80262787771065,-69.4792622209692,0.03946565576422544
high,31.8,-68.28961321251187,-68.80332876415355,-69.47905939445442,0.03933432258857559
high,31.810000000000006,-68.29200479370357,-68.80402933963846,-69.4788571247592,0.039203426461359075
high,31.82,-68.29439053921372,-68.80472960268914,-69.47865541123278,0.03907296592817335
high,31.830000000000005,-68.29677046534347,-68.80542955183815,-69.47845425322417,0.038942939539455365
high,31.84,-68.29914458834733,-68.80612918562694,-69.47825365008217,0.03881334585046636
high,31.850000000000005,-68.30151292443334,-68.80682850260577,-69.47805360115532,0.038684183421274894
high,31.86,-68.30387548976319,-68.80752750133362,-69.47785410579195,0.03855545081674175
high,31.87,-68.30623230045228,-68.80822618037827,-69.47765516334017,0.03842714660650314
high,31.880000000000006,-68.30858337256996,-68.80892453831615,-69.4774567731479,0.0382992693649555
high,31.89,-68.31092872213955,-68.80962257373238,-69.4772589345628,0.038171817671239366
high,31.900000000000006,-68.31326836513853,-68.8103202852207,-69.47706164693238,0.03804479010922331
high,31.91,-68.31560231749862,-68.81101767138345,-69.47686490960395,0.03791818526748886
high,31.920000000000005,-68.317930595106,-68.81171473083157,-69.47666872192455,0.03779200173931407
high,31.93,-68.3202532138013,-68.81241146218446,-69.4764730832411,0.03766623812265859
high,31.940000000000005,-68.32257018937977,-68.81310786407006,-69.47627799290036,0.03754089302014748
high,31.95,-68.32488153759154,-68.81380393512478,-69.47608345024885,0.037415965039056226
high,31.96,-68.32718727414148,-68.81449967399342,-69.47588945463293,0.0372914527912947
high,31.970000000000006,-68.32948741468961,-68.8151950793292,-69.47569600539882,0.0371673548933923
high,31.98,-68.33178197485101,-68.81589014979372,-69.47550310189253,0.03704366996648227
high,31.990000000000006,-68.33407097019605,-68.81658488405687,-69.47531074345993,0.03692039663628625
high,32.0,-68.33635441625044,-68.81727928079682,-69.47511892944675,0.03679753353309942
high,32.010000000000005,-68.33863232849544,-68.81797333870007,-69.47492765919854,0.03667507929177478
high,32.02,-68.34090472236792,-68.81866705646128,-69.47473693206074,0.03655303255170858
high,32.03,-68.34317161326052,-68.81936043278331,-69.4745467473786,0.0364313919568245
high,32.040000000000006,-68.34543301652172,-68.82005346637725,-69.47435710449729,0.03631015615555915
high,32.050000000000004,-68.34768894745606,-68.82074615596225,-69.47416800276179,0.03618932380084699
high,32.06,-68.34993942132411,-68.8214385002656,-69.47397944151697,0.03606889355010485
high,32.07,-68.35218445334274,-68.82213049802262,-69.4737914201076,0.03594886406521775
high,32.080000000000005,-68.35442405868515,-68.82282214797667,-69.47360393787834,0.03582923401252334
high,32.09,-68.35665825248098,-68.82351344887908,-69.47341699417368,0.03571000206279778
high,32.1,-68.35888704981656,-68.82420439948925,-69.473230588338,0.03559116689124025
high,32.11,-68.36111046573487,-68.82489499857441,-69.47304471971565,0.03547272717745884
high,32.120000000000005,-68.36332851523574,-68.82558524490973,-69.4728593876508,0.03535468160545537
high,32.13,-68.36554121327597,-68.82627513727826,-69.47267459148757,0.035237028863611276
high,32.14,-68.36774857476945,-68.8269646744709,-69.47249033056997,0.03511976764467269
high,32.150000000000006,-68.3699506145872,-68.82765385528631,-69.47230660424192,0.03500289664573583
high,32.160000000000004,-68.37214734755764,-68.828342678531,-69.47212341184725,0.034886414568233014
high,32.17,-68.37433878846656,-68.82903114301915,-69.47194075272971,0.03477032011791759
high,32.18,-68.37652495205731,-68.8297192475727,-69.471758626233,0.03465461200485014
high,32.190000000000005,-68.37870585303094,-68.83040699102125,-69.4715770317007,0.03453928894338363
high,32.2,-68.38088150604624,-68.83109437220209,-69.47139596847639,0.034424349652149695
high,32.21,-68.38305192571991,-68.83178138996007,-69.47121543590355,0.03430979285404378
high,32.220000000000006,-68.38521712662673,-68.8324680431477,-69.47103543332555,0.03419561727621142
high,32.230000000000004,-68.38737712329953,-68.83315433062499,-69.47085596008583,0.03408182165003402
high,32.24,-68.38953193022941,-68.83384025125952,-69.47067701552764,0.03396840471111442
high,32.25,-68.3916815618659,-68.83452580392634,-69.47049859899428,0.033855365199263354
high,32.260000000000005,-68.39382603261693,-68.83521098750798,-69.47032070982898,0.03374270185848496
high,32.27,-68.39596535684909,-68.8358958008944,-69.47014334737491,0.03363041343696333
high,32.28,-68.39809954888766,-68.83658024298298,-69.46996651097524,0.033518498687048044
high,32.29,-68.40022862301672,-68.83726431267846,-69.46979019997309,0.033406956365240846
high,32.300000000000004,-68.40235259347935,-68.83794800889297,-69.46961441371154,0.03329578523218131
high,32.31,-68.40447147447763,-68.83863133054588,-69.46943915153369,0.03318498405263357
high,32.32,-68.4065852801729,-68.83931427656393,-69.4692644127826,0.03307455159547236
high,32.330000000000005,-68.40869402468567,-68.83999684588105,-69.46909019680128,0.03296448663366909
high,32.34,-68.41079772209592,-68.84067903743845,-69.46891650293281,0.03285478794427873
high,32.35,-68.41289638644312,-68.84136085018449,-69.4687433305202,0.032745454308425674
high,32.36,-68.4149900317264,-68.84204228307473,-69.46857067890645,0.03263648451129079
high,32.370000000000005,-68.41707867190458,-68.8427233350719,-69.46839854743462,0.0325278773420973
high,32.38,-68.41916232089636,-68.84340400514577,-69.46822693544772,0.03241963159409779
high,32.39,-68.42124099258038,-68.84408429227325,-69.46805584228878,0.03231174606456073
high,32.400000000000006,-68.42331470079536,-68.84476419543824,-69.4678852673009,0.03220421955475675
high,32.410000000000004,-68.42538345934025,-68.84544371363174,-69.46771520982712,0.03209705086994586
high,32.42,-68.42744728197424,-68.8461228458517,-69.46754566921052,0.03199023881936365
high,32.43,-68.42950618241694,-68.84680159110303,-69.46737664479426,0.031883782216208655
high,32.440000000000005,-68.4315601743485,-68.84747994839762,-69.46720813592142,0.03177767987762846
high,32.45,-68.43360927140971,-68.84815791675419,-69.46704014193526,0.03167193062470723
high,32.46,-68.43565348720203,-68.84883549519843,-69.46687266217893,0.031566533282452035
high,32.470000000000006,-68.43769283528785,-68.84951268276284,-69.46670569599571,0.03146148667978032
high,32.480000000000004,-68.43972732919046,-68.85018947848671,-69.46653924272887,0.03135678964950656
high,32.49,-68.44175698239428,-68.85086588141621,-69.4663733017218,0.0312524410283292
high,32.5,-68.44378180834487,-68.85154189060422,-69.46620787231785,0.03114843965681821
high,32.510000000000005,-68.44580182044906,-68.85221750511035,-69.4660429538605,0.03104478437940158
high,32.52,-68.44781703207512,-68.85289272400095,-69.4658785456932,0.030941474044353066
high,32.53,-68.4498274565528,-68.85356754634905,-69.46571464715959,0.03083850750377884
high,32.54,-68.45183310717343,-68.85424197123432,-69.46555125760324,0.030735883613605342
high,32.550000000000004,-68.45383399719012,-68.85491599774308,-69.46538837636786,0.03063360123356593
high,32.56,-68.45583013981776,-68.85558962496823,-69.46522600279724,0.030531659227188687
high,32.57,-68.45782154823324,-68.8562628520093,-69.46506413623521,0.030430056461783726
high,32.580000000000005,-68.45980823557544,-68.85693567797229,-69.46490277602572,0.030328791808430212
high,32.59,-68.46179021494535,-68.85760810196975,-69.46474192151277,0.030227864141964475
high,32.6,-68.46376749940627,-68.85828012312074,-69.46458157204043,0.030127272340966755
high,32.61,-68.46574010198391,-68.85895174055076,-69.46442172695289,0.03002701528774952
high,32.620000000000005,-68.46770803566635,-68.85962295339179,-69.46426238559445,0.029927091868344326
high,32.63,-68.4696713134043,-68.86029376078218,-69.46410354730948,0.029827500972490074
high,32.64,-68.47162994811112,-68.8609641618667,-69.46394521144242,0.029728241493620116
high,32.650000000000006,-68.47358395266298,-68.86163415579642,-69.46378737733787,0.029629312328850355
high,32.660000000000004,-68.47553333989889,-68.86230374172882,-69.46363004434052,0.029530712378966928
high,32.67,-68.47747812262094,-68.86297291882762,-69.46347321179515,0.029432440548413697
high,32.68,-68.47941831359424,-68.86364168626287,-69.46331687904667,0.02933449574528053
high,32.690000000000005,-68.48135392554711,-68.86431004321084,-69.46316104544009,0.029236876881290685
high,32.7,-68.4832849711712,-68.86497798885402,-69.46300571032056,0.029139582871789287
high,32.71,-68.48521146312162,-68.86564552238116,-69.46285087303333,0.029042612635730644
high,32.720000000000006,-68.48713341401687,-68.86631264298713,-69.4626965329238,0.02894596509566672
high,32.730000000000004,-68.48905083643916,-68.86697934987295,-69.46254268933748,0.02884963917773507
high,32.74,-68.49096374293441,-68.8676456422458,-69.46238934162002,0.02875363381164659
high,32.75,-68.4928721460123,-68.86831151931894,-69.46223648911723,0.028657947930674114
high,32.760000000000005,-68.49477605814653,-68.86897698031167,-69.462084131175,0.02856258047164007
high,32.77,-68.49667549177471,-68.86964202444939,-69.46193226713946,0.0284675303749052
high,32.78,-68.49857045929868,-68.87030665096351,-69.46178089635676,0.028372796584356205
high,32.79,-68.50046097308447,-68.8709708590914,-69.46163001817328,0.028278378047394543
high,32.800000000000004,-68.50234704546241,-68.87163464807642,-69.46147963193555,0.02818427371492426
high,32.81,-68.50422868872732,-68.87229801716792,-69.46132973699025,0.028090482541340805
high,32.82,-68.5061059151385,-68.87296096562109,-69.46118033268417,0.02799700348451907
high,32.830000000000005,-68.50797873691994,-68.87362349269709,-69.46103141836433,0.027903835505801795
high,32.84,-68.50984716626027,-68.8742855976629,-69.46088299337785,0.027810977569988397
high,32.85,-68.51171121531306,-68.87494727979137,-69.4607350570721,0.02771842864532297
high,32.86,-68.51357089619677,-68.87560853836119,-69.46058760879451,0.027626187703483258
high,32.870000000000005,-68.51542622099487,-68.8762693726568,-69.46044064789278,0.02753425371956884
high,32.88,-68.51727720175596,-68.87692978196844,-69.46029417371474,0.02744262567209021
high,32.89,-68.5191238504939,-68.87758976559209,-69.4601481856084,0.02735130254295689
high,32.900000000000006,-68.5209661791879,-68.87824932282949,-69.46000268292197,0.02726028331746652
high,32.910000000000004,-68.5228041997825,-68.878908452988,-69.4598576650038,0.02716956698429354
high,32.92,-68.52463792418787,-68.87956715538073,-69.4597131312025,0.027079152535477623
high,32.93,-68.52646736427977,-68.88022542932639,-69.45956908086683,0.02698903896641298
high,32.940000000000005,-68.52829253189965,-68.88088327414935,-69.45942551334574,0.026899225275836696
high,32.95,-68.53011343885485,-68.8815406891796,-69.4592824279884,0.026809710465818037
high,32.96,-68.53193009691854,-68.88219767375266,-69.45913982414413,0.02672049354174697
high,32.97,-68.53374251782996,-68.88285422720963,-69.45899770116252,0.026631573512323568
high,32.980000000000004,-68.53555071329446,-68.88351034889713,-69.4588560583933,0.02654294938954646
high,32.99,-68.53735469498355,-68.88416603816731,-69.45871489518645,0.02645462018870229
high,33.0,-68.5391544745351,-68.8848212943778,-69.45857421089215,0.026366584928354676
high,33.010000000000005,-68.54095006355335,-68.88547611689168,-69.45843400486079,0.02627884263033304
high,33.02,-68.54274147360903,-68.88613050507746,-69.458294276443,0.02619139231972214
high,33.03,-68.5445287162395,-68.88678445830908,-69.45815502498958,0.026104233024850848
high,33.04,-68.54631180294874,-68.88743797596587,-69.45801624985158,0.026017363777281803
high,33.050000000000004,-68.54809074520755,-68.88809105743253,-69.45787795038031,0.025930783611800123
high,33.06000000000001,-68.54986555445359,-68.88874370209909,-69.45774012592723,0.025844491566403106
high,33.07,-68.55163624209152,-68.88939590936093,-69.4576027758441,0.025758486682289458
high,33.080000000000005,-68.55340281949304,-68.89004767861871,-69.45746589948287,0.025672768003848347
high,33.09,-68.55516529799702,-68.89069900927836,-69.45732949619575,0.025587334578649222
high,33.1,-68.55692368890956,-68.8913499007511,-69.45719356533519,0.02550218545743082
high,33.11,-68.5586780035041,-68.89200035245331,-69.45705810625384,0.025417319694091042
high,33.120000000000005,-68.56042825302156,-68.89265036380665,-69.45692311830464,0.025332736345675986
high,33.13,-68.56217444867035,-68.89329993423794,-69.45678860084075,0.025248434472369883
high,33.14,-68.56391660162656,-68.89394906317918,-69.45665455321561,0.025164413137484277
high,33.150000000000006,-68.5656547230339,-68.89459775006746,-69.45652097478289,0.025080671407448
high,33.160000000000004,-68.567388824004,-68.89524599434506,-69.45638786489647,0.024997208351796554
high,33.17,-68.56911891561631,-68.89589379545932,-69.45625522291057,0.02491402304316167
high,33.18,-68.57084500891833,-68.89654115286262,-69.4561230481796,0.024831114557261433
high,33.190000000000005,-68.57256711492559,-68.8971880660125,-69.45599134005829,0.024748481972889452
high,33.2,-68.57428524462182,-68.89783453437141,-69.45586009790158,0.024666124371905206
high,33.21,-68.57599940895906,-68.89848055740688,-69.4557293210647,0.024584040839223213
high,33.22,-68.57770961885763,-68.89912613459141,-69.45559900890315,0.02450223046280353
high,33.230000000000004,-68.57941588520633,-68.89977126540248,-69.4554691607727,0.024420692333641008
high,33.24000000000001,-68.58111821886256,-68.90041594932248,-69.45533977602939,0.02433942554575568
high,33.25,-68.58281663065223,-68.90106018583874,-69.45521085402954,0.024258429196182422
high,33.260000000000005,-68.58451113137008,-68.90170397444355,-69.45508239412976,0.02417770238496085
high,33.27,-68.5862017317796,-68.90234731463397,-69.45495439568691,0.024097244215125695
high,33.28,-68.58788844261319,-68.902990205912,-69.45482685805817,0.024017053792696353
high,33.29,-68.58957127457225,-68.90363264778448,-69.45469978060096,0.0239371302266674
high,33.300000000000004,-68.59125023832723,-68.90427463976299,-69.45457316267306,0.023857472628998278
high,33.31,-68.59292534451781,-68.904916181364,-69.45444700363247,0.02377808011460388
high,33.32,-68.5945966037528,-68.90555727210871,-69.45432130283753,0.023698951801344233
high,33.330000000000005,-68.59626402661051,-68.90619791152305,-69.45419605964685,0.023620086810015057
high,33.34,-68.59792762363853,-68.90683809913774,-69.45407127341933,0.023541484264337952
high,33.35,-68.59958740535407,-68.90747783448815,-69.4539469435142,0.023463143290950384
high,33.36,-68.6012433822439,-68.90811711711439,-69.45382306929098,0.023385063019396374
high,33.370000000000005,-68.60289556476451,-68.90875594656121,-69.45369965010946,0.02330724258211643
high,33.38,-68.60454396334217,-68.90939432237808,-69.45357668532978,0.02322968111443836
high,33.39,-68.60618858837296,-68.91003224411898,-69.4534541743124,0.02315237775456718
high,33.400000000000006,-68.60782945022297,-68.91066971134259,-69.45333211641804,0.023075331643575888
high,33.410000000000004,-68.60946655922832,-68.91130672361214,-69.45321051100777,0.022998541925395872
high,33.42,-68.61109992569529,-68.91194328049548,-69.45308935744298,0.02292200774680716
high,33.43,-68.61272955990025,-68.91257938156494,-69.45296865508534,0.022845728257429268
high,33.440000000000005,-68.61435547209004,-68.91321502639741,-69.45284840329688,0.02276970260971144
high,33.45,-68.61597767248176,-68.9138502145743,-69.45272860143994,0.022693929958923595
high,33.46,-68.61759617126299,-68.91448494568151,-69.4526092488772,0.022618409463146503
high,33.47,-68.61921097859194,-68.91511921930937,-69.45249034497162,0.022543140283262857
high,33.480000000000004,-68.6208221045974,-68.91575303505272,-69.45237188908654,0.022468121582947552
high,33.49000000000001,-68.62242955937884,-68.91638639251076,-69.45225388058559,0.022393352528658768
high,33.5,-68.62403335300662,-68.91701929128716,-69.45213631883274,0.022318832289628547
high,33.510000000000005,-68.625633495522,-68.91765173098996,-69.45201920319235,0.022244560037853304
high,33.52,-68.6272299969371,-68.91828371123155,-69.45190253302904,0.02217053494808517
high,33.53,-68.62882286723524,-68.91891523162872,-69.45178630770783,0.022096756197822275
high,33.54,-68.63041211637082,-68.91954629180252,-69.45167052659403,0.022023222967300075
high,33.550000000000004,-68.6319977542694,-68.92017689137839,-69.45155518905332,0.021949934439481827
high,33.56,-68.63357979082798,-68.920807029986,-69.45144029445174,0.021876889800049884
high,33.57,-68.63515823591486,-68.92143670725932,-69.45132584215565,0.021804088237396282
high,33.580000000000005,-68.63673309936982,-68.9220659228366,-69.4512118315318,0.021731528942614108
high,33.59,-68.63830439100424,-68.92269467636027,-69.45109826194722,0.021659211109488246
high,33.6,-68.63987212060113,-68.92332296747702,-69.45098513276936,0.021587133934486368
high,33.61,-68.6414362979152,-68.92395079583775,-69.450872443366,0.021515296616750355
high,33.620000000000005,-68.64299693267296,-68.92457816109751,-69.45076019310528,0.021443698358086957
high,33.63,-68.6445540345728,-68.9252050629155,-69.4506483813557,0.021372338362959292
high,33.64,-68.64610761328514,-68.92583150095508,-69.45053700748612,0.021301215838477713
high,33.65,-68.64765767845236,-68.92645747488376,-69.45042607086576,0.02123032999439132
high,33.660000000000004,-68.64920423968904,-68.92708298437313,-69.4503155708642,0.0211596800430788
high,33.67000000000001,-68.6507473065819,-68.92770802909882,-69.45020550685142,0.02108926519953999
high,33.68,-68.65228688868999,-68.9283326087406,-69.45009587819774,0.02101908468138709
high,33.690000000000005,-68.65382299554469,-68.92895672298226,-69.44998668427385,0.020949137708835743
high,33.7,-68.65535563664992,-68.92958037151163,-69.44987792445083,0.020879423504696727
high,33.71,-68.65688482148201,-68.93020355402054,-69.4497695981001,0.020809941294366956
high,33.72,-68.65841055948998,-68.93082627020482,-69.44966170459352,0.02074069030582128
high,33.730000000000004,-68.65993286009552,-68.93144851976427,-69.44955424330327,0.02067166976960345
high,33.74000000000001,-68.66145173269307,-68.93207030240268,-69.44944721360193,0.02060287891881794
high,33.75,-68.66296718664991,-68.93269161782776,-69.44934061486245,0.020534316989121323
high,33.760000000000005,-68.66447923130626,-68.9333124657511,-69.44923444645819,0.02046598321871359
high,33.77,-68.66598787597536,-68.93393284588828,-69.44912870776287,0.02039787684832998
high,33.78,-68.66749312994348,-68.9345527579587,-69.44902339815062,0.020329997121232266
high,33.79,-68.66899500247007,-68.93517220168565,-69.44891851699593,0.02026234328320067
high,33.800000000000004,-68.67049350278785,-68.93579117679629,-69.44881406367375,0.02019491458252507
high,33.81,-68.67198864010285,-68.93640968302161,-69.44871003755931,0.02012771026999711
high,33.82,-68.67348042359438,-68.93702772009638,-69.44860643802834,0.020060729598901383
high,33.830000000000005,-68.67496886241541,-68.93764528775922,-69.44850326445689,0.019993971825007582
high,33.84,-68.67645396569229,-68.93826238575251,-69.44840051622148,0.01992743620656203
high,33.85000000000001,-68.67793574252508,-68.9388790138224,-69.44829819269894,0.01986112200427932
high,33.86,-68.6794142019875,-68.93949517171875,-69.4481962932666,0.019795028481334347
high,33.870000000000005,-68.68088935312706,-68.94011085919522,-69.44809481730213,0.01972915490335388
high,33.88,-68.68236120496509,-68.9407260760091,-69.44799376418361,0.0196635005384087
high,33.89,-68.68382976649691,-68.94134082192147,-69.44789313328954,0.0195980646570051
high,33.9,-68.6852950466918,-68.94195509669701,-69.44779292399883,0.019532846532077132
high,33.910000000000004,-68.68675705449313,-68.94256890010412,-69.44769313569078,0.0194678454389782
high,33.92000000000001,-68.68821579881842,-68.94318223191483,-69.44759376774512,0.019403060655473335
high,33.93,-68.68967128855942,-68.94379509190475,-69.447494819542,0.019338491461730962
high,33.940000000000005,-68.69112353258217,-68.94440747985315,-69.44739629046198,0.01927413714031485
high,33.95,-68.69257253972711,-68.94501939554293,-69.44729817988602,0.019209996976176417
high,33.96,-68.69401831880911,-68.94563083876048,-69.44720048719547,0.019146070256646438
high,33.97,-68.6954608786176,-68.94624180929581,-69.44710321177219,0.019082356271427424
high,33.980000000000004,-68.69690022791657,-68.94685230694249,-69.44700635299837,0.019018854312585473
high,33.99,-68.69833637544471,-68.94746233149755,-69.4469099102567,0.018955563674542715
high,34.0,-68.69976932991548,-68.94807188276161,-69.44681388293021,0.018892483654069103
high,34.010000000000005,-68.7011991000171,-68.94868096053874,-69.44671827040243,0.018829613550274883
high,34.02,-68.70262569441275,-68.9492895646365,-69.44662307205728,0.018766952664602772
high,34.03,-68.70404912174052,-68.94989769486592,-69.4465282872791,0.018704500300819975
high,34.04,-68.70546939061359,-68.9505053510415,-69.44643391545267,0.018642255765010766
high,34.050000000000004,-68.70688650962022,-68.9511125329811,-69.44633995596323,0.01858021836556847
high,34.06,-68.70830048732388,-68.95171924050608,-69.44624640819642,0.018518387413188103
high,34.07,-68.7097113322633,-68.95232547344115,-69.44615327153832,0.018456762220858364
high,34.080000000000005,-68.7111190529525,-68.95293123161444,-69.44606054537546,0.018395342103854285
high,34.09,-68.71252365788095,-68.9535365148574,-69.4459682290948,0.018334126379729556
high,34.10000000000001,-68.71392515551358,-68.95414132300488,-69.44587632208372,0.018273114368308724
high,34.11,-68.71532355429086,-68.95474565589501,-69.44578482373008,0.018212305391680048
high,34.120000000000005,-68.71671886262888,-68.95534951336933,-69.44569373342215,0.018151698774187465
high,34.13,-68.7181110889194,-68.9559528952726,-69.44560305054863,0.018091293842423622
high,34.14,-68.71950024152996,-68.95655580145291,-69.44551277449871,0.018031089925221875
high,34.15,-68.72088632880393,-68.95715823176161,-69.44542290466201,0.0179710863536493
high,34.160000000000004,-68.72226935906055,-68.95776018605333,-69.44533344042857,0.01791128246099884
high,34.17000000000001,-68.7236493405951,-68.95836166418593,-69.44524438118891,0.017851677582782208
high,34.18,-68.72502628167881,-68.95896266602047,-69.44515572633401,0.01779227105672242
high,34.190000000000005,-68.72640019055909,-68.9595631914213,-69.44506747525523,0.01773306222274628
high,34.2,-68.72777107545947,-68.96016324025588,-69.44497962734447,0.01767405042297731
high,34.21,-68.7291389445798,-68.9607628123949,-69.44489218199405,0.017615235001728152
high,34.22,-68.73050380609618,-68.96136190771222,-69.44480513859673,0.017556615305493628
high,34.230000000000004,-68.73186566816115,-68.96196052608487,-69.44471849654575,0.017498190682943084
high,34.24,-68.73322453890368,-68.96255866739293,-69.44463225523481,0.01743996048491352
high,34.25,-68.73458042642926,-68.9631563315197,-69.44454641405805,0.017381924064402053
high,34.260000000000005,-68.73593333881998,-68.96375351835154,-69.44446097241007,0.017324080776559034
high,34.27,-68.73728328413462,-68.96435022777794,-69.44437592968595,0.017266429978680678
high,34.28000000000001,-68.73863027040865,-68.96494645969142,-69.44429128528121,0.017208971030201903
high,34.29,-68.73997430565434,-68.96554221398759,-69.44420703859186,0.017151703292689446
high,34.300000000000004,-68.74131539786089,-68.96613749056513,-69.44412318901438,0.017094626129834447
high,34.31,-68.74265355499432,-68.96673228932569,-69.44403973594568,0.017037738907445678
high,34.32,-68.74398878499777,-68.96732661017401,-69.44395667878318,0.016981040993442234
high,34.33,-68.74532109579134,-68.96792045301781,-69.44387401692475,0.0169245317578468
high,34.34,-68.74665049527238,-68.96851381776779,-69.44379174976874,0.016868210572778316
high,34.35000000000001,-68.74797699131531,-68.96910670433759,-69.44370987671392,0.01681207681244528
high,34.36,-68.74930059177194,-68.96969911264391,-69.44362839715963,0.016756129853138724
high,34.370000000000005,-68.75062130447134,-68.97029104260632,-69.44354731050562,0.016700369073225117
high,34.38,-68.75193913721999,-68.97088249414736,-69.44346661615211,0.016644793853139727
high,34.39,-68.7532540978019,-68.97147346719248,-69.44338631349981,0.01658940357537945
high,34.4,-68.75456619397856,-68.97206396167003,-69.44330640194994,0.016534197624496295
high,34.410000000000004,-68.75587543348902,-68.97265397751124,-69.44322688090416,0.016479175387090133
high,34.42000000000001,-68.7571818240501,-68.97324351465026,-69.44314774976462,0.01642433625180227
high,34.43,-68.75848537335625,-68.97383257302407,-69.44306900793396,0.016369679609308435
high,34.440000000000005,-68.75978608907977,-68.9744211525725,-69.44299065481528,0.016315204852311957
high,34.45,-68.76108397887077,-68.97500925323821,-69.4429126898122,0.01626091137553729
high,34.46000000000001,-68.76237905035738,-68.97559687496671,-69.4428351123288,0.016206798575722953
high,34.47,-68.76367131114561,-68.97618401770629,-69.44275792176964,0.016152865851615104
high,34.480000000000004,-68.7649607688196,-68.97677068140804,-69.4426811175398,0.01609911260396064
high,34.49,-68.76624743094158,-68.97735686602587,-69.44260469904482,0.01604553823550078
high,34.5,-68.76753130505196,-68.97794257151641,-69.44252866569074,0.015992142150964138
high,34.510000000000005,-68.7688123986694,-68.97852779783905,-69.44245301688407,0.015938923757060356
high,34.52,-68.77009071929086,-68.97911254495592,-69.44237775203185,0.015885882462473456
high,34.53000000000001,-68.77136627439171,-68.97969681283192,-69.44230287054155,0.015833017677855096
high,34.54,-68.7726390714257,-68.98028060143461,-69.4422283718212,0.0157803288158183
high,34.550000000000004,-68.77390911782513,-68.98086391073427,-69.44215425527932,0.015727815290930654
high,34.56,-68.77517642100084,-68.98144674070387,-69.44208052032486,0.015675476519708097
high,34.57,-68.77644098834232,-68.98202909131908,-69.44200716636735,0.015623311920608106
high,34.58,-68.7777028272177,-68.98261096255816,-69.44193419281676,0.015571320914023553
high,34.59,-68.77896194497387,-68.98319235440208,-69.44186159908358,0.015519502922275977
high,34.60000000000001,-68.78021834893659,-68.98377326683442,-69.4417893845788,0.015467857369609442
high,34.61,-68.78147204641047,-68.98435369984138,-69.44171754871391,0.01541638368218395
high,34.620000000000005,-68.78272304467902,-68.9849336534118,-69.44164609090089,0.015365081288069049
high,34.63,-68.78397135100475,-68.98551312753705,-69.44157501055224,0.015313949617237687
high,34.64,-68.78521697262929,-68.98609212221115,-69.44150430708096,0.015262988101559597
high,34.65,-68.78645991677335,-68.98667063743065,-69.44143397990055,0.015212196174795243
high,34.660000000000004,-68.78770019063681,-68.98724867319469,-69.441364028425,0.0151615732725893
high,34.67,-68.78893780139886,-68.9878262295049,-69.44129445206886,0.015111118832464628
high,34.68,-68.7901727562179,-68.98840330636551,-69.44122525024711,0.015060832293815753
high,34.690000000000005,-68.79140506223177,-68.9889799037832,-69.4411564223753,0.015010713097902854
high,34.7,-68.79263472655772,-68.98955602176721,-69.44108796786946,0.014960760687845517
high,34.71000000000001,-68.79386175629244,-68.99013166032927,-69.44101988614615,0.014910974508616363
high,34.72,-68.79508615851223,-68.99070681948355,-69.44095217662242,0.014861354007035211
high,34.730000000000004,-68.796307940273,-68.99128149924671,-69.44088483871583,0.014811898631762533
high,34.74,-68.79752710861024,-68.9918556996379,-69.44081787184449,0.01476260783329374
high,34.75,-68.79874367053927,-68.99242942067863,-69.44075127542698,0.014713481063952719
high,34.760000000000005,-68.79995763305514,-68.99300266239295,-69.44068504888243,0.014664517777886016
high,34.77,-68.80116900313276,-68.99357542480728,-69.44061919163046,0.014615717431056625
high,34.78000000000001,-68.80237778772694,-68.9941477079504,-69.4405537030912,0.01456707948123791
high,34.79,-68.80358399377245,-68.99471951185356,-69.44048858268535,0.014518603388007784
high,34.800000000000004,-68.8047876281841,-68.99529083655035,-69.44042382983406,0.01447028861274242
high,34.81,-68.80598869785679,-68.99586168207676,-69.44035944395904,0.014422134618610541
high,34.82,-68.8071872096655,-68.99643204847109,-69.44029542448251,0.014374140870567204
high,34.83,-68.80838317046546,-68.99700193577405,-69.44023177082721,0.01432630683534813
high,34.84,-68.80957658709215,-68.99757134402864,-69.44016848241641,0.014278631981463476
high,34.85000000000001,-68.81076746636137,-68.99814027328021,-69.44010555867389,0.014231115779192173
high,34.86,-68.81195581506927,-68.9987087235764,-69.44004299902394,0.014183757700575976
high,34.870000000000005,-68.81314163999244,-68.99927669496714,-69.43998080289143,0.014136557219413459
high,34.88,-68.81432494788795,-68.99984418750468,-69.4399189697017,0.014089513811254402
high,34.89000000000001,-68.81550574549344,-69.00041120124354,-69.43985749888061,0.014042626953393717
high,34.9,-68.81668403952712,-69.00097773624047,-69.43979638985459,0.013995896124865913
high,34.910000000000004,-68.81785983668787,-69.00154379255451,-69.43973564205056,0.01394932080643902
high,34.92,-68.81903314365532,-69.00210937024697,-69.43967525489602,0.013902900480609064
high,34.93,-68.82020396708981,-69.0026744693813,-69.43961522781893,0.013856634631594112
high,34.940000000000005,-68.82137231363255,-69.00323909002323,-69.43955556024783,0.01381052274532875
high,34.95,-68.82253818990563,-69.0038032322407,-69.43949625161174,0.013764564309458223
high,34.96000000000001,-68.82370160251212,-69.00436689610383,-69.43943730134028,0.013718758813332708
high,34.97,-68.82486255803596,-69.0049300816849,-69.43937870886354,0.01367310574800185
high,34.980000000000004,-68.82602106304228,-69.00549278905841,-69.43932047361218,0.013627604606208838
high,34.99,-68.82717712407727,-69.00605501830098,-69.43926259501738,0.013582254882385009
high,35.0,-68.82833074766828,-69.00661676949142,-69.43920507251084,0.013537056072644015
high,35.01,-68.82948194032389,-69.00717804271066,-69.43914790552485,0.013492007674776471
high,35.02,-68.83063070853393,-69.00773883804172,-69.43909109349211,0.013447109188244093
high,35.03000000000001,-68.83177705876959,-69.00829915556977,-69.439034635846,0.013402360114174365
high,35.04,-68.83292099748344,-69.00885899538214,-69.43897853202037,0.013357759955354936
high,35.050000000000004,-68.83406253110947,-69.00941835756817,-69.4389227814496,0.013313308216227955
high,35.06,-68.8352016660632,-69.00997724221932,-69.43886738356863,0.013269004402884825
high,35.07000000000001,-68.83633840874171,-69.01053564942913,-69.43881233781293,0.013224848023060438
high,35.08,-68.8374727655236,-69.01109357929317,-69.4387576436185,0.013180838586127947
high,35.09,-68.8386047427692,-69.01165103190911,-69.4387033004219,0.013136975603093091
high,35.10000000000001,-68.83973434682056,-69.01220800737661,-69.43864930766021,0.013093258586588993
high,35.11,-68.84086158400146,-69.0127645057974,-69.43859566477106,0.013049687050870583
high,35.120000000000005,-68.84198646061748,-69.0133205272752,-69.43854237119264,0.013006260511809182
high,35.13,-68.84310898295614,-69.01387607191575,-69.43848942636363,0.012962978486887313
high,35.14000000000001,-68.84422915728685,-69.0144311398268,-69.43843682972333,0.012919840495193083
high,35.15,-68.84534698986099,-69.01498573111807,-69.43838458071149,0.012876846057415077
high,35.160000000000004,-68.84646248691196,-69.01553984590126,-69.43833267876849,0.012833994695836818
high,35.17,-68.84757565465532,-69.01609348429001,-69.43828112333522,0.012791285934331697
high,35.18,-68.84868649928865,-69.01664664639998,-69.43822991385312,0.012748719298357419
high,35.190000000000005,-68.84979502699186,-69.01719933234874,-69.43817904976416,0.012706294314950939
high,35.2,-68.85090124392698,-69.01775154225575,-69.43812853051087,0.012664010512723157
high,35.21000000000001,-68.8520051562384,-69.01830327624248,-69.43807835553629,0.012621867421853564
high,35.22,-68.85310677005286,-69.01885453443225,-69.4380285242841,0.0125798645740852
high,35.230000000000004,-68.85420609147948,-69.01940531695031,-69.43797903619844,0.01253800150271927
high,35.24,-68.85530312660984,-69.0199556239238,-69.43792989072405,0.012496277742610175
high,35.25,-68.856397881518,-69.02050545548174,-69.43788108730617,0.012454692830160092
high,35.26,-68.85749036226062,-69.02105481175502,-69.43783262539064,0.012413246303314059
high,35.27,-68.85858057487692,-69.02160369287641,-69.43778450442385,0.012371937701554623
high,35.28000000000001,-68.85966852538883,-69.02215209898051,-69.4377367238527,0.012330766565896947
high,35.29,-68.86075421980095,-69.02270003020377,-69.43768928312466,0.01228973243888355
high,35.300000000000004,-68.86183766410065,-69.02324748668448,-69.43764218168775,0.012248834864579212
high,35.31,-68.8629188642581,-69.02379446856277,-69.43759541899057,0.012208073388566085
high,35.32000000000001,-68.86399782622635,-69.02434097598054,-69.43754899448221,0.012167447557938397
high,35.33,-68.86507455594135,-69.02488700908152,-69.43750290761241,0.012126956921297687
high,35.34,-68.86614905932203,-69.02543256801123,-69.43745715783137,0.012086601028747488
high,35.35,-68.86722134227028,-69.02597765291699,-69.43741174458991,0.012046379431888654
high,35.36,-68.86829141067116,-69.02652226394787,-69.43736666733936,0.012006291683814077
high,35.370000000000005,-68.86935927039272,-69.02706640125471,-69.43732192553163,0.011966337339103966
high,35.38,-68.87042492728625,-69.02761006499009,-69.43727751861918,0.011926515953820754
high,35.39000000000001,-68.8714883871862,-69.02815325530837,-69.43723344605503,0.011886827085504141
high,35.4,-68.87254965591036,-69.02869597236563,-69.43718970729275,0.011847270293166356
high,35.410000000000004,-68.87360873925975,-69.02923821631967,-69.43714630178646,0.011807845137287028
high,35.42,-68.8746656430188,-69.02977998732999,-69.43710322899086,0.011768551179808504
high,35.43,-68.8757203729553,-69.03032128555785,-69.43706048836123,0.011729387984130802
high,35.440000000000005,-68.87677293482058,-69.03086211116616,-69.43701807935332,0.011690355115106937
high,35.45,-68.8778233343494,-69.03140246431951,-69.43697600142353,0.011651452139037977
high,35.46000000000001,-68.8788715772601,-69.03194234518425,-69.43693425402878,0.011612678623668181
high,35.47,-68.87991766925462,-69.03248175392827,-69.43689283662655,0.01157403413818037
high,35.480000000000004,-68.88096161601858,-69.0330206907212,-69.43685174867491,0.01153551825319093
high,35.49,-68.88200342322128,-69.03355915573434,-69.43681098963243,0.011497130540745222
high,35.50000000000001,-68.88304309651575,-69.03409714914058,-69.43677055895832,0.011458870574312665
high,35.51,-68.88408064153883,-69.03463467111446,-69.43673045611227,0.011420737928782187
high,35.52,-68.88511606391127,-69.03517172183219,-69.4366906805546,0.011382732180457282
high,35.53000000000001,-68.88614936923759,-69.03570830147147,-69.43665123174618,0.01134485290705148
high,35.54,-68.88718056310636,-69.03624441021176,-69.43661210914838,0.011307099687683614
high,35.550000000000004,-68.88820965109005,-69.03678004823401,-69.43657331222322,0.01126947210287303
high,35.56,-68.88923663874525,-69.0373152157208,-69.43653484043323,0.011231969734535106
high,35.57000000000001,-68.89026153161255,-69.03784991285623,-69.43649669324154,0.011194592165976423
high,35.58,-68.89128433521674,-69.03838413982606,-69.43645887011178,0.011157338981890343
high,35.59,-68.89230505506671,-69.03891789681755,-69.43642137050824,0.011120209768352162
high,35.6,-68.8933236966557,-69.03945118401955,-69.43638419389569,0.01108320411281472
high,35.61,-68.89434026546103,-69.03998400162239,-69.43634733973954,0.01104632160410364
high,35.620000000000005,-68.8953547669445,-69.04051634981799,-69.43631080750568,0.011009561832412914
high,35.63,-68.8963672065522,-69.04104822879977,-69.43627459666062,0.010972924389300302
high,35.64000000000001,-68.89737758971462,-69.04157963876267,-69.43623870667146,0.010936408867682644
high,35.65,-68.89838592184674,-69.04211057990314,-69.4362031370058,0.010900014861831614
high,35.660000000000004,-68.89939220834803,-69.04264105241913,-69.43616788713187,0.010863741967368936
high,35.67,-68.90039645460249,-69.04317105651008,-69.43613295651842,0.01082758978126214
high,35.68000000000001,-68.90139866597872,-69.04370059237691,-69.4360983446348,0.010791557901819845
high,35.69,-68.90239884782993,-69.04422966022199,-69.4360640509509,0.010755645928687498
high,35.7,-68.9033970054941,-69.0447582602492,-69.43603007493722,0.010719853462842766
high,35.71000000000001,-68.90439314429383,-69.04528639266384,-69.4359964160648,0.01068418010659125
high,35.72,-68.90538726953655,-69.04581405767269,-69.43596307380524,0.010648625463561967
high,35.730000000000004,-68.90637938651447,-69.04634125548392,-69.43593004763073,0.010613189138702918
high,35.74,-68.90736950050474,-69.04686798630718,-69.43589733701403,0.010577870738276847
high,35.75000000000001,-68.90835761676934,-69.0473942503535,-69.43586494142843,0.010542669869856676
high,35.76,-68.90934374055522,-69.04792004783538,-69.43583286034786,0.010507586142321319
high,35.77,-68.9103278770943,-69.04844537896663,-69.43580109324675,0.010472619165851174
high,35.78000000000001,-68.91131003160363,-69.04897024396259,-69.43576963960015,0.010437768551923958
high,35.79,-68.91229020928529,-69.04949464303988,-69.4357384988837,0.010403033913310277
high,35.800000000000004,-68.91326841532644,-69.05001857641652,-69.4357076705735,0.010368414864069298
high,35.81,-68.91424465489949,-69.05054204431195,-69.43567715414638,0.01033391101954462
high,35.82000000000001,-68.91521893316202,-69.05106504694693,-69.4356469490796,0.010299521996359789
high,35.83,-68.91619125525689,-69.0515875845436,-69.43561705485106,0.010265247412414233
high,35.84,-68.91716162631224,-69.05210965732542,-69.43558747093924,0.01023108688687884
high,35.85,-68.91813005144162,-69.05263126551723,-69.43555819682318,0.01019704004019192
high,35.86,-68.91909653574389,-69.05315240934519,-69.43552923198247,0.010163106494054781
high,35.870000000000005,-68.92006108430338,-69.05367308903676,-69.43550057589731,0.010129285871427684
high,35.88,-68.92102370218991,-69.05419330482076,-69.43547222804845,0.010095577796525614
high,35.89000000000001,-68.9219843944588,-69.05471305692726,-69.4354441879172,0.01006198189481402
high,35.9,-68.92294316615094,-69.05523234558768,-69.43541645498549,0.010028497793004795
high,35.910000000000004,-68.92390002229281,-69.05575117103473,-69.43538902873577,0.00999512511905197
high,35.92,-68.92485496789658,-69.05626953350236,-69.43536190865112,0.009961863502147771
high,35.93000000000001,-68.92580800796004,-69.05678743322584,-69.43533509421513,0.00992871257271828
high,35.94,-68.92675914746675,-69.0573048704417,-69.43530858491205,0.009895671962419557
high,35.95,-68.92770839138608,-69.05782184538775,-69.4352823802266,0.0098627413041333
high,35.96000000000001,-68.92865574467315,-69.058338358303,-69.43525647964415,0.009829920231963002
high,35.97,-68.92960121226899,-69.05885440942778,-69.43523088265064,0.009797208381229772
high,35.980000000000004,-68.93054479910052,-69.05936999900361,-69.43520558873256,0.00976460538846822
high,35.99,-68.93148651008057,-69.05988512727323,-69.43518059737698,0.009732110891422572
high,36.00000000000001,-68.93242635010799,-69.06039979448066,-69.43515590807155,0.009699724529042483
high,36.01,-68.93336432406761,-69.06091400087108,-69.4351315203045,0.0096674459414792
high,36.02,-68.93430043683043,-69.06142774669091,-69.4351074335646,0.00963527477008138
high,36.03,-68.93523469325338,-69.06194103218776,-69.43508364734127,0.009603210657391255
high,36.04,-68.93616709817971,-69.06245385761042,-69.43506016112444,0.009571253247140546
high,36.050000000000004,-68.93709765643877,-69.06296622320892,-69.43503697440464,0.009539402184246615
high,36.06,-68.93802637284614,-69.06347812923438,-69.43501408667302,0.009507657114808447
high,36.07000000000001,-68.93895325220373,-69.0639895759392,-69.43499149742121,0.009476017686102676
high,36.08,-68.9398782992997,-69.06450056357687,-69.43496920614149,0.009444483546579823
high,36.09,-68.9408015189086,-69.06501109240206,-69.43494721232669,0.00941305434586019
high,36.1,-68.94172291579133,-69.06552116267055,-69.43492551547024,0.00938172973473015
high,36.11000000000001,-68.94264249469526,-69.06603077463936,-69.43490411506612,0.009350509365138102
high,36.120000000000005,-68.94356026035423,-69.06653992856653,-69.4348830106089,0.00931939289019076
high,36.13,-68.94447621748859,-69.0670486247113,-69.43486220159373,0.009288379964149204
high,36.14000000000001,-68.9453903708052,-69.06755686333403,-69.43484168751633,0.00925747024242501
high,36.15,-68.94630272499758,-69.06806464469618,-69.43482146787298,0.00922666338157655
high,36.160000000000004,-68.94721328474583,-69.0685719690603,-69.4348015421606,0.009195959039305018
high,36.17,-68.94812205471676,-69.06907883669007,-69.43478190987662,0.00916535687445077
high,36.18000000000001,-68.94902903956385,-69.06958524785023,-69.43476257051908,0.009134856546989395
high,36.19,-68.94993424392734,-69.07009120280664,-69.43474352358662,0.009104457718028102
high,36.2,-68.9508376724343,-69.07059670182622,-69.43472476857839,0.00907416004980177
high,36.21000000000001,-68.9517393296986,-69.07110174517696,-69.43470630499415,0.009043963205669343
high,36.22,-68.95263922032092,-69.07160633312792,-69.43468813233429,0.009013866850110045
high,36.230000000000004,-68.95353734888897,-69.07211046594922,-69.43467025009973,0.008983870648719573
high,36.24,-68.95443371997729,-69.07261414391206,-69.43465265779194,0.008953974268206544
high,36.25000000000001,-68.95532833814747,-69.07311736728865,-69.43463535491304,0.008924177376388582
high,36.26,-68.95622120794808,-69.0736201363522,-69.43461834096566,0.008894479642188861
high,36.27,-68.95711233391478,-69.07412245137705,-69.43460161545306,0.008864880735632203
high,36.28,-68.95800172057034,-69.07462431263848,-69.43458517787906,0.008835380327841612
high,36.290000000000006,-68.9588893724246,-69.07512572041281,-69.43456902774804,0.008805978091034436
high,36.300000000000004,-68.95977529397466,-69.07562667497741,-69.434553164565,0.00877667369851886
high,36.31,-68.96065948970477,-69.0761271766106,-69.43453758783546,0.008747466824690252
high,36.32000000000001,-68.96154196408644,-69.07662722559172,-69.4345222970656,0.008718357145027453
high,36.33,-68.96242272157852,-69.07712682220112,-69.43450729176209,0.00868934433608931
high,36.34,-68.9633017666271,-69.0776259667201,-69.43449257143223,0.008660428075510943
high,36.35,-68.9641791036657,-69.07812465943097,-69.43447813558393,0.008631608042000312
high,36.36000000000001,-68.96505473711521,-69.07862290061699,-69.43446398372559,0.008602883915334491
high,36.37,-68.965928671384,-69.07912069056239,-69.43445011536626,0.008574255376356253
high,36.38,-68.96680091086783,-69.07961802955236,-69.43443653001555,0.008545722106970384
high,36.39000000000001,-68.96767145995005,-69.08011491787305,-69.43442322718364,0.0085172837901403
high,36.4,-68.96854032300152,-69.08061135581153,-69.43441020638129,0.008488940109884413
high,36.410000000000004,-68.96940750438068,-69.08110734365583,-69.43439746711987,0.008460690751272615
high,36.42,-68.97027300843362,-69.08160288169492,-69.43438500891126,0.008432535400422896
high,36.43000000000001,-68.97113683949411,-69.0820979702187,-69.434372831268,0.0084044737444977
high,36.44,-68.97199900188355,-69.08259260951795,-69.43436093370319,0.008376505471700593
high,36.45,-68.97285949991107,-69.0830867998844,-69.43434931573044,0.008348630271272656
high,36.46000000000001,-68.97371833787365,-69.08358054161067,-69.43433797686403,0.00832084783348919
high,36.47,-68.974575520056,-69.08407383499032,-69.43432691661877,0.008293157849656162
high,36.480000000000004,-68.97543105073073,-69.08456668031775,-69.43431613451004,0.008265560012106762
high,36.49,-68.97628493415826,-69.0850590778883,-69.43430563005383,0.008238054014198108
high,36.50000000000001,-68.97713717458694,-69.08555102799814,-69.43429540276672,0.008210639550307685
high,36.51,-68.97798777625312,-69.08604253094437,-69.43428545216582,0.008183316315830086
high,36.52,-68.97883674338107,-69.08653358702492,-69.43427577776885,0.008156084007173499
high,36.53,-68.9796840801831,-69.08702419653864,-69.4342663790941,0.008128942321756477
high,36.540000000000006,-68.9805297908596,-69.08751435978515,-69.43425725566046,0.008101890958004418
high,36.550000000000004,-68.98137387959902,-69.088004077065,-69.43424840698735,0.008074929615346364
high,36.56,-68.98221635057789,-69.08849334867952,-69.43423983259484,0.008048057994211572
high,36.57000000000001,-68.98305720796101,-69.08898217493098,-69.43423153200351,0.008021275796026156
high,36.58,-68.98389645590127,-69.08947055612238,-69.43422350473456,0.00799458272320991
high,36.59,-68.98473409853987,-69.08995849255763,-69.43421575030978,0.007967978479172824
high,36.6,-68.98557014000625,-69.0904459845414,-69.43420826825148,0.007941462768311936
high,36.61000000000001,-68.98640458441811,-69.09093303237923,-69.4342010580826,0.007915035296007938
high,36.62,-68.98723743588153,-69.09141963637742,-69.43419411932666,0.007888695768622011
high,36.63,-68.9880686984909,-69.09190579684311,-69.43418745150773,0.007862443893492436
high,36.64000000000001,-68.98889837632909,-69.09239151408424,-69.43418105415046,0.00783627937893145
high,36.65,-68.98972647346736,-69.09287678840951,-69.4341749267801,0.007810201934221983
high,36.660000000000004,-68.99055299396547,-69.09336162012846,-69.43416906892247,0.007784211269614343
high,36.67,-68.99137794187165,-69.0938460095514,-69.43416348010395,0.007758307096323132
high,36.68000000000001,-68.99220132122268,-69.09432995698936,-69.43415815985153,0.007732489126523899
high,36.69,-68.99302313604392,-69.0948134627542,-69.43415310769274,0.00770675707335009
high,36.7,-68.99384339034933,-69.09529652715854,-69.43414832315574,0.007681110650889701
high,36.71,-68.99466208814151,-69.09577915051572,-69.43414380576921,0.0076555495741822506
high,36.720000000000006,-68.99547923341176,-69.09626133313989,-69.43413955506244,0.007630073559215476
high,36.730000000000004,-68.99629483014007,-69.09674307534591,-69.43413557056533,0.007604682322922309
high,36.74,-68.99710888229515,-69.09722437744941,-69.43413185180829,0.007579375583177647
high,36.75000000000001,-68.99792139383452,-69.09770523976671,-69.43412839832233,0.0075541530587952006
high,36.76,-68.99873236870445,-69.09818566261492,-69.43412520963906,0.007529014469524477
high,36.77,-68.99954181084014,-69.09866564631187,-69.43412228529067,0.007503959536047529
high,36.78,-69.00034972416557,-69.09914519117604,-69.43411962480985,0.007478987979975972
high,36.790000000000006,-69.00115611259372,-69.0996242975267,-69.43411722773001,0.007454099523847784
high,36.800000000000004,-69.00196098002641,-69.10010296568382,-69.43411509358502,0.007429293891124334
high,36.81,-69.0027643303545,-69.10058119596806,-69.43411322190934,0.0074045708061872325
high,36.82000000000001,-69.00356616745782,-69.10105898870074,-69.43411161223806,0.007379929994335247
high,36.83,-69.00436649520525,-69.10153634420396,-69.4341102641068,0.0073553711817813654
high,36.84,-69.00516531745477,-69.10201326280045,-69.43410917705177,0.0073308940956495995
high,36.85,-69.00596263805339,-69.10248974481365,-69.43410835060979,0.007306498463972124
high,36.86000000000001,-69.00675846083733,-69.10296579056765,-69.43410778431819,0.007282184015686057
high,36.87,-69.00755278963194,-69.10344140038725,-69.43410747771492,0.007257950480630659
high,36.88,-69.00834562825176,-69.10391657459787,-69.4341074303385,0.007233797589544143
high,36.89000000000001,-69.00913698050053,-69.10439131352562,-69.43410764172802,0.007209725074060825
high,36.900000000000006,-69.00992685017134,-69.1048656174973,-69.43410811142314,0.0071857326667080735
high,36.910000000000004,-69.01071524104653,-69.1053394868403,-69.43410883896414,0.007161820100903305
high,36.92,-69.01150215689772,-69.10581292188269,-69.4341098238918,0.007137987110951136
high,36.93000000000001,-69.01228760148595,-69.10628592295318,-69.43411106574753,0.00711423343204029
high,36.94,-69.01307157856162,-69.10675849038111,-69.4341125640733,0.007090558800240782
high,36.95,-69.01385409186453,-69.10723062449645,-69.43411431841167,0.007066962952500872
high,36.96,-69.01463514512396,-69.1077023256298,-69.43411632830575,0.007043445626644269
high,36.970000000000006,-69.0154147420587,-69.10817359411242,-69.43411859329922,0.007020006561367081
high,36.980000000000004,-69.01619288637697,-69.10864443027613,-69.43412111293637,0.006996645496235013
high,36.99,-69.0169695817766,-69.10911483445337,-69.43412388676204,0.00697336217168046
high,37.00000000000001,-69.01774483194498,-69.1095848069772,-69.43412691432164,0.006950156328999544
high,37.01,-69.01851864055908,-69.11005434818127,-69.43413019516119,0.006927027710349354
high,37.02,-69.01929101128553,-69.11052345839985,-69.43413372882723,0.006903976058744972
high,37.03,-69.02006194778065,-69.11099213796781,-69.43413751486692,0.006881001118056733
high,37.040000000000006,-69.0208314536904,-69.11146038722056,-69.43414155282795,0.006858102633007253
high,37.05,-69.02159953265053,-69.11192820649411,-69.43414584225863,0.00683528034916871
high,37.06,-69.02236618828645,-69.11239559612507,-69.4341503827078,0.006812534012959904
high,37.07000000000001,-69.02313142421349,-69.11286255645061,-69.4341551737249,0.006789863371643558
high,37.08,-69.02389524403671,-69.11332908780844,-69.43416021485996,0.006767268173323431
high,37.09,-69.02465765135102,-69.11379519053688,-69.43416550566353,0.006744748166941501
high,37.1,-69.02541864974125,-69.1142608649748,-69.4341710456868,0.0067223031022752774
high,37.11000000000001,-69.02617824278211,-69.11472611146158,-69.43417683448145,0.006699932729934895
high,37.12,-69.02693643403828,-69.11519093033719,-69.43418287159977,0.006677636801360452
high,37.13,-69.02769322706436,-69.11565532194214,-69.43418915659467,0.006655415068819152
high,37.14000000000001,-69.02844862540498,-69.11611928661745,-69.43419568901957,0.006633267285402642
high,37.150000000000006,-69.02920263259473,-69.1165828247047,-69.43420246842851,0.006611193205024232
high,37.160000000000004,-69.02995525215842,-69.11704593654598,-69.434209494376,0.006589192582416104
high,37.17,-69.03070648761074,-69.11750862248397,-69.43421676641726,0.0065672651731266945
high,37.18000000000001,-69.03145634245664,-69.11797088286175,-69.434224284108,0.006545410733517865
high,37.19,-69.03220482019114,-69.11843271802304,-69.43423204700451,0.006523629020762323
high,37.2,-69.03295192429951,-69.118894128312,-69.43424005466366,0.006501919792840781
high,37.21,-69.03369765825714,-69.11935511407331,-69.43424830664287,0.006480282808539396
high,37.220000000000006,-69.03444202552966,-69.11981567565218,-69.43425680250014,0.006458717827446982
high,37.230000000000004,-69.03518502957306,-69.12027581339427,-69.43426554179409,0.006437224609952436
high,37.24,-69.03592667383347,-69.12073552764578,-69.43427452408382,0.006415802917242017
high,37.25000000000001,-69.03666696174747,-69.12119481875337,-69.43428374892908,0.006394452511296667
high,37.26,-69.03740589674187,-69.12165368706417,-69.43429321589011,0.006373173154889469
high,37.27,-69.03814348223392,-69.12211213292584,-69.43430292452777,0.0063519646115828814
high,37.28,-69.03887972163129,-69.12257015668648,-69.43431287440353,0.006330826645726228
high,37.290000000000006,-69.03961461833205,-69.12302775869466,-69.43432306507935,0.006309759022452975
high,37.3,-69.04034817572473,-69.12348493929946,-69.43433349611777,0.0062887615076782375
high,37.31,-69.04108039718834,-69.12394169885035,-69.43434416708195,0.006267833868096051
high,37.32000000000001,-69.04181128609243,-69.1243980376973,-69.43435507753554,0.006246975871176877
high,37.330000000000005,-69.04254084579708,-69.12485395619078,-69.43436622704283,0.006226187285165003
high,37.34,-69.04326907965297,-69.12530945468163,-69.43437761516864,0.0062054678790758955
high,37.35,-69.04399599100131,-69.12576453352114,-69.43438924147837,0.006184817422693744
high,37.36000000000001,-69.04472158317398,-69.1262191930611,-69.43440110553797,0.00616423568656879
high,37.37,-69.04544585949354,-69.12667343365369,-69.43441320691399,0.0061437224420149
high,37.38,-69.04616882327319,-69.12712725565157,-69.43442554517351,0.006123277461106895
high,37.39,-69.04689047781686,-69.12758065940776,-69.43443811988419,0.006102900516678132
high,37.400000000000006,-69.04761082641919,-69.12803364527575,-69.43445093061426,0.0060825913823178805
high,37.410000000000004,-69.04832987236566,-69.12848621360945,-69.4344639769325,0.006062349832368906
high,37.42,-69.04904761893245,-69.12893836476319,-69.4344772584083,0.006042175641924892
high,37.43000000000001,-69.04976406938661,-69.1293900990917,-69.43449077461153,0.006022068586827935
high,37.44,-69.05047922698603,-69.12984141695009,-69.43450452511271,0.006002028443666138
high,37.45,-69.05119309497945,-69.13029231869392,-69.43451850948288,0.0059820549897710035
high,37.46,-69.05190567660655,-69.13074280467913,-69.43453272729369,0.005962148003215097
high,37.470000000000006,-69.05261697509789,-69.13119287526203,-69.43454717811728,0.005942307262809434
high,37.480000000000004,-69.05332699367501,-69.1316425307994,-69.43456186152639,0.0059225325481011585
high,37.49,-69.05403573555044,-69.1320917716483,-69.43457677709434,0.005902823639371032
high,37.50000000000001,-69.05474320392769,-69.13254059816629,-69.43459192439498,0.00588318031763095
high,37.510000000000005,-69.05544940200129,-69.1329890107112,-69.43460730300276,0.005863602364621601
high,37.52,-69.05615433295691,-69.13343700964131,-69.4346229124927,0.005844089562809945
high,37.53,-69.05685799997121,-69.13388459531522,-69.43463875244029,0.005824641695386906
high,37.540000000000006,-69.05756040621205,-69.13433176809197,-69.4346548224217,0.00580525854626484
high,37.55,-69.05826155483834,-69.13477852833088,-69.4346711220136,0.0057859399000752465
high,37.56,-69.05896144900021,-69.1352248763917,-69.43468765079322,0.005766685542166275
high,37.57000000000001,-69.05966009183899,-69.1356708126345,-69.43470440833836,0.005747495258600439
high,37.580000000000005,-69.06035748648719,-69.1361163374197,-69.43472139422741,0.005728368836152172
high,37.59,-69.06105363606854,-69.13656145110805,-69.43473860803924,0.005709306062305447
high,37.6,-69.06174854369812,-69.13700615406073,-69.43475604935337,0.005690306725251502
high,37.61000000000001,-69.06244221248225,-69.13745044663915,-69.43477371774983,0.005671370613886369
high,37.62,-69.06313464551857,-69.13789432920512,-69.43479161280925,0.0056524975178086365
high,37.63,-69.06382584589609,-69.1383378021208,-69.43480973411276,0.005633687227317019
high,37.64,-69.06451581669513,-69.13878086574864,-69.43482808124209,0.005614939533408123
high,37.650000000000006,-69.06520456098748,-69.13922352045141,-69.43484665377953,0.005596254227774023
high,37.660000000000004,-69.06589208183637,-69.13966576659223,-69.43486545130789,0.0055776311028000215
high,37.67,-69.06657838229636,-69.14010760453455,-69.43488447341059,0.00555906995156234
high,37.68000000000001,-69.06726346541355,-69.14054903464209,-69.43490371967158,0.005540570567825746
high,37.69,-69.06794733422558,-69.14099005727893,-69.43492318967539,0.005522132746041361
high,37.7,-69.06862999176157,-69.1414306728094,-69.43494288300704,0.005503756281344286
high,37.71,-69.06931144104215,-69.1418708815982,-69.43496279925219,0.005485440969551419
high,37.720000000000006,-69.06999168507956,-69.14231068401027,-69.434982937997,0.005467186607159083
high,37.73,-69.07067072687767,-69.14275008041089,-69.43500329882825,0.005448992991340861
high,37.74,-69.0713485694319,-69.14318907116561,-69.43502388133318,0.005430859919945254
high,37.75000000000001,-69.07202521572938,-69.14362765664026,-69.43504468509965,0.0054127871914935195
high,37.760000000000005,-69.07270066874887,-69.14406583720101,-69.4350657097161,0.005394774605177398
high,37.77,-69.07337493146085,-69.14450361321425,-69.43508695477145,0.0053768219608568155
high,37.78,-69.0740480068275,-69.14494098504669,-69.43510841985521,0.005358929059057797
high,37.790000000000006,-69.07471989780275,-69.14537795306528,-69.4351301045575,0.005341095700970108
high,37.8,-69.0753906073323,-69.14581451763725,-69.4351520084689,0.005323321688445172
high,37.81,-69.07606013835364,-69.14625067913013,-69.43517413118059,0.0053056068239937535
high,37.82000000000001,-69.0767284937961,-69.14668643791171,-69.43519647228428,0.005287950910783849
high,37.830000000000005,-69.0773956765808,-69.14712179435,-69.43521903137227,0.005270353752638479
high,37.84,-69.07806168962078,-69.14755674881329,-69.4352418080374,0.005252815154033463
high,37.85,-69.07872653582095,-69.14799130167015,-69.43526480187306,0.0052353349200953215
high,37.86000000000001,-69.07939021807812,-69.14842545328939,-69.43528801247318,0.005217912856599028
high,37.87,-69.08005273928103,-69.14885920404002,-69.43531143943223,0.005200548769965946
high,37.88,-69.0807141023104,-69.14929255429136,-69.43533508234526,0.005183242467261583
high,37.89,-69.08137431003891,-69.14972550441293,-69.43535894080786,0.005165993756193523
high,37.900000000000006,-69.0820333653313,-69.15015805477451,-69.43538301441617,0.005148802445109223
high,37.910000000000004,-69.08269127104427,-69.1505902057461,-69.43540730276693,0.005131668342993954
high,37.92,-69.08334803002667,-69.15102195769794,-69.43543180545731,0.005114591259468635
high,37.93000000000001,-69.0840036451193,-69.15145331100051,-69.43545652208515,0.005097571004787692
high,37.940000000000005,-69.08465811915515,-69.15188426602448,-69.43548145224875,0.005080607389837039
high,37.95,-69.08531145495932,-69.15231482314077,-69.43550659554703,0.005063700226131866
high,37.96,-69.08596365534906,-69.15274498272053,-69.43553195157939,0.005046849325814644
high,37.970000000000006,-69.08661472313376,-69.15317474513508,-69.43555751994587,0.005030054501652952
high,37.98,-69.08726466111503,-69.15360411075598,-69.43558330024698,0.005013315567037485
high,37.99,-69.0879134720867,-69.15403307995501,-69.43560929208378,0.004996632335979886
high,38.00000000000001,-69.08856115883484,-69.15446165310415,-69.43563549505794,0.004980004623110756
high,38.010000000000005,-69.08920772413774,-69.15488983057556,-69.43566190877158,0.004963432243677575
high,38.02,-69.08985317076603,-69.1553176127416,-69.43568853282746,0.0049469150135426
high,38.03,-69.09049750148262,-69.15574499997486,-69.43571536682883,0.004930452749180902
high,38.040000000000006,-69.09114071904274,-69.1561719926481,-69.43574241037949,0.0049140452676782395
high,38.05,-69.09178282619403,-69.15659859113427,-69.4357696630838,0.0048976923867291204
high,38.06,-69.09242382567642,-69.1570247958065,-69.43579712454667,0.004881393924634672
high,38.07,-69.09306372022228,-69.15745060703813,-69.43582479437354,0.004865149700300737
high,38.080000000000005,-69.09370251255642,-69.15787602520264,-69.43585267217041,0.004848959533235729
high,38.09,-69.09434020539605,-69.15830105067373,-69.43588075754381,0.004832823243548754
high,38.1,-69.09497680145091,-69.15872568382525,-69.4359090501008,0.004816740651947551
high,38.11000000000001,-69.09561230342312,-69.15914992503122,-69.43593754944902,0.004800711579736472
high,38.120000000000005,-69.09624671400742,-69.15957377466584,-69.43596625519662,0.004784735848814568
high,38.13,-69.096880035891,-69.15999723310348,-69.43599516695228,0.004768813281673529
high,38.14,-69.09751227175366,-69.16042030071864,-69.4360242843253,0.004752943701395807
high,38.150000000000006,-69.09814342426775,-69.16084297788605,-69.43605360692544,0.0047371269316525445
high,38.160000000000004,-69.09877349609818,-69.1612652649805,-69.43608313436302,0.0047213627967017
high,38.17,-69.09940248990257,-69.161687162377,-69.4361128662489,0.00470565112138607
high,38.18000000000001,-69.10003040833107,-69.16210867045069,-69.43614280219452,0.004689991731131306
high,38.190000000000005,-69.10065725402656,-69.1625297895769,-69.43617294181183,0.004674384451944034
high,38.2,-69.1012830296246,-69.162950520131,-69.43620328471327,0.004658829110409862
high,38.21,-69.10190773775342,-69.16337086248863,-69.43623383051191,0.004643325533691527
high,38.220000000000006,-69.10253138103403,-69.16379081702549,-69.4362645788213,0.004627873549526883
high,38.23,-69.10315396208013,-69.16421038411742,-69.43629552925553,0.004612472986227077
high,38.24,-69.10377548349818,-69.16462956414043,-69.43632668142928,0.00459712367267456
high,38.25000000000001,-69.10439594788751,-69.1650483574706,-69.4363580349577,0.00458182543832126
high,38.260000000000005,-69.1050153578402,-69.16546676448422,-69.43638958945652,0.004566578113186643
high,38.27,-69.1056337159412,-69.16588478555765,-69.43642134454198,0.00455138152785581
high,38.28,-69.10625102476823,-69.16630242106739,-69.43645329983089,0.004536235513477678
high,38.290000000000006,-69.10686728689195,-69.16671967139003,-69.43648545494057,0.004521139901763023
high,38.3,-69.10748250487593,-69.16713653690232,-69.43651780948885,0.004506094524982688
high,38.31,-69.10809668127662,-69.16755301798109,-69.43655036309417,0.004491099215965643
high,38.32,-69.10870981864342,-69.16796911500332,-69.43658311537541,0.004476153808097216
high,38.330000000000005,-69.10932191951869,-69.16838482834608,-69.4366160659521,0.004461258135317144
high,38.34,-69.10993298643776,-69.16880015838652,-69.4366492144442,0.004446412032117802
high,38.35,-69.11054302192893,-69.1692151055019,-69.43668256047225,0.004431615333542352
high,38.36000000000001,-69.1111520285136,-69.16962967006964,-69.43671610365732,0.004416867875182855
high,38.370000000000005,-69.1117600087061,-69.17004385246716,-69.43674984362099,0.004402169493178538
high,38.38,-69.11236696501389,-69.17045765307208,-69.4367837799854,0.004387520024213865
high,38.39,-69.11297289993755,-69.17087107226202,-69.4368179123732,0.004372919305516834
high,38.400000000000006,-69.11357781597066,-69.17128411041475,-69.43685224040762,0.004358367174857064
high,38.41,-69.11418171559995,-69.17169676790809,-69.43688676371237,0.004343863470544088
high,38.42,-69.11478460130537,-69.17210904512,-69.43692148191168,0.004329408031425467
high,38.43000000000001,-69.11538647555994,-69.17252094242846,-69.43695639463036,0.0043150006968850655
high,38.440000000000005,-69.11598734082986,-69.17293246021154,-69.43699150149372,0.004300641306841256
high,38.45,-69.11658719957458,-69.17334359884742,-69.43702680212763,0.004286329701745094
high,38.46,-69.11718605424677,-69.17375435871433,-69.43706229615843,0.004272065722578612
high,38.470000000000006,-69.11778390729229,-69.1741647401906,-69.43709798321302,0.004257849210852988
high,38.48,-69.11838076115033,-69.17457474365457,-69.43713386291886,0.004243680008606856
high,38.49,-69.1189766182533,-69.1749843694847,-69.43716993490388,0.004229557958404471
high,38.50000000000001,-69.11957148102694,-69.1753936180595,-69.43720619879657,0.0042154829033340235
high,38.510000000000005,-69.12016535189028,-69.17580248975756,-69.43724265422597,0.004201454687005883
high,38.52,-69.12075823325576,-69.17621098495749,-69.43727930082161,0.004187473153550814
high,38.53,-69.12135012752907,-69.17661910403797,-69.43731613821352,0.004173538147618319
high,38.540000000000006,-69.12194103710938,-69.17702684737775,-69.43735316603234,0.004159649514374834
high,38.550000000000004,-69.12253096438918,-69.17743421535562,-69.43739038390915,0.004145807099502093
high,38.56,-69.12311991175444,-69.17784120835043,-69.4374277914756,0.004132010749195325
high,38.57,-69.12370788158452,-69.17824782674104,-69.43746538836386,0.004118260310161621
high,38.580000000000005,-69.12429487625226,-69.17865407090643,-69.43750317420664,0.004104555629618165
high,38.59,-69.12488089812396,-69.17905994122557,-69.43754114863711,0.0040908965552906035
high,38.6,-69.12546594955944,-69.17946543807746,-69.43757931128904,0.004077282935411307
high,38.61000000000001,-69.126050032912,-69.17987056184116,-69.43761766179666,0.004063714618717673
high,38.620000000000005,-69.12663315052848,-69.18027531289576,-69.43765619979477,0.00405019145445051
high,38.63,-69.12721530474927,-69.1806796916204,-69.43769492491867,0.004036713292352281
high,38.64,-69.12779649790832,-69.18108369839419,-69.4377338368042,0.004023279982665504
high,38.650000000000006,-69.1283767323332,-69.18148733359637,-69.43777293508766,0.004009891376131026
high,38.66,-69.12895601034506,-69.18189059760608,-69.43781221940597,0.003996547323986438
high,38.67,-69.1295343342587,-69.18229349080262,-69.43785168939647,0.003983247677964332
high,38.68000000000001,-69.13011170638255,-69.18269601356522,-69.43789134469708,0.003969992290290743
high,38.690000000000005,-69.13068812901867,-69.18309816627314,-69.43793118494624,0.0039567810136834514
high,38.7,-69.13126360446284,-69.18349994930568,-69.43797120978286,0.0039436137013503444
high,38.71,-69.13183813500456,-69.18390136304215,-69.43801141884643,0.003930490206987833
high,38.720000000000006,-69.13241172292697,-69.18430240786186,-69.4380518117769,0.003917410384779164
high,38.730000000000004,-69.13298437050702,-69.18470308414412,-69.43809238821478,0.003904374089392857
high,38.74,-69.13355608001541,-69.18510339226829,-69.4381331478011,0.003891381175981035
high,38.75,-69.13412685371658,-69.18550333261368,-69.43817409017736,0.00387843150017788
high,38.760000000000005,-69.13469669386873,-69.18590290555966,-69.43821521498562,0.0038655249180979553
high,38.77,-69.13526560272399,-69.18630211148557,-69.43825652186845,0.0038526612863346633
high,38.78,-69.13583358252819,-69.18670095077076,-69.43829801046893,0.0038398404619586443
high,38.790000000000006,-69.13640063552107,-69.18709942379456,-69.43833968043062,0.0038270623025161445
high,38.800000000000004,-69.13696676393621,-69.1874975309363,-69.43838153139764,0.003814326666027497
high,38.81,-69.1375319700011,-69.18789527257532,-69.43842356301464,0.0038016334109854813
high,38.82,-69.1380962559371,-69.18829264909093,-69.4384657749267,0.0037889823963538206
high,38.830000000000005,-69.13865962395948,-69.18868966086245,-69.43850816677949,0.003776373481565539
high,38.84,-69.1392220762775,-69.18908630826915,-69.43855073821916,0.003763806526521456
high,38.85,-69.13978361509432,-69.18948259169034,-69.43859348889241,0.003751281391588622
high,38.86000000000001,-69.14034424260709,-69.18987851150526,-69.4386364184464,0.0037387979375987264
high,38.870000000000005,-69.1409039610069,-69.19027406809313,-69.43867952652882,0.0037263560258466084
high,38.88,-69.14146277247895,-69.19066926183324,-69.43872281278784,0.003713955518088661
high,38.89,-69.14202067920239,-69.19106409310471,-69.43876627687223,0.0037015962765413555
high,38.900000000000006,-69.14257768335038,-69.19145856228675,-69.43880991843119,0.003689278163879643
high,38.91,-69.14313378709022,-69.19185266975849,-69.43885373711447,0.003677001043235491
high,38.92,-69.14368899258324,-69.192246415899,-69.43889773257229,0.003664764778196306
high,38.93000000000001,-69.14424330198484,-69.19263980108742,-69.43894190445538,0.003652569232803474
high,38.940000000000005,-69.14479671744458,-69.19303282570276,-69.43898625241503,0.0036404142715508133
high,38.95,-69.14534924110613,-69.19342549012403,-69.439030776103,0.003628299759383057
high,38.96,-69.14590087510727,-69.19381779473021,-69.43907547517156,0.00361622556169441
high,38.970000000000006,-69.14645162158,-69.1942097399002,-69.43912034927348,0.0036041915443269755
high,38.980000000000004,-69.14700148265044,-69.19460132601291,-69.43916539806207,0.0035921975735693492
high,38.99,-69.14755046043892,-69.1949925534472,-69.4392106211911,0.00358024351615504
high,39.0,-69.14809855706002,-69.1953834225818,-69.43925601831486,0.003568329239261087
high,39.010000000000005,-69.14864577462254,-69.19577393379554,-69.43930158908817,0.003556454610506493
high,39.02,-69.14919211522947,-69.19616408746705,-69.43934733316632,0.0035446194979508318
high,39.03,-69.14973758097808,-69.19655388397501,-69.43939325020513,0.003532823770092732
high,39.040000000000006,-69.15028217396,-69.19694332369801,-69.4394393398609,0.003521067295868414
high,39.050000000000004,-69.15082589626104,-69.19733240701458,-69.43948560179045,0.003509349944650285
high,39.06,-69.1513687499614,-69.19772113430321,-69.4395320356511,0.003497671586245416
high,39.07,-69.1519107371356,-69.19810950594231,-69.43957864110065,0.0034860320908941624
high,39.080000000000005,-69.15245185985246,-69.19849752231025,-69.43962541779744,0.0034744313292686636
high,39.089999999999996,-69.15299212017521,-69.19888518378532,-69.43967236540027,0.0034628691724714663
high,39.1,-69.15353152016147,-69.19927249074576,-69.4397194835685,0.0034513454920340283
high,39.11000000000001,-69.15407006186317,-69.1996594435697,-69.43976677196193,0.003439860159915339
high,39.120000000000005,-69.15460774732675,-69.20004604263526,-69.43981423024087,0.003428413048500492
high,39.13,-69.155144578593,-69.20043228832048,-69.43986185806617,0.003417004030599228
high,39.14,-69.15568055769722,-69.2008181810033,-69.43990965509911,0.003405632979444575
high,39.150000000000006,-69.1562156866691,-69.20120372106156,-69.43995762100154,0.0033942997686913887
high,39.160000000000004,-69.15674996753289,-69.20158890887312,-69.44000575543576,0.0033830042724150066
high,39.17,-69.15728340230726,-69.20197374481569,-69.4400540580646,0.0033717463651097832
high,39.18000000000001,-69.15781599300543,-69.20235822926692,-69.44010252855138,0.0033605259216877466
high,39.190000000000005,-69.15834774163511,-69.20274236260434,-69.44015116655986,0.0033493428174772
high,39.2,-69.15887865019857,-69.20312614520546,-69.44019997175435,0.0033381969282213
high,39.21,-69.15940872069262,-69.20350957744768,-69.44024894379967,0.00332708813007673
high,39.220000000000006,-69.1599379551087,-69.2038926597083,-69.4402980823611,0.0033160162996122696
high,39.230000000000004,-69.16046635543275,-69.20427539236455,-69.44034738710444,0.0033049813138074854
high,39.24,-69.16099392364539,-69.20465777579358,-69.44039685769594,0.0032939830500512946
high,39.25,-69.1615206617218,-69.20503981037238,-69.4404464938024,0.003283021386140666
high,39.260000000000005,-69.16204657163182,-69.20542149647795,-69.44049629509108,0.003272096200279206
high,39.27,-69.16257165533995,-69.20580283448713,-69.44054626122973,0.0032612073710758566
high,39.28,-69.16309591480534,-69.20618382477667,-69.4405963918866,0.0032503547775435244
high,39.290000000000006,-69.16361935198181,-69.20656446772323,-69.44064668673046,0.00323953829909771
high,39.300000000000004,-69.16414196881793,-69.20694476370335,-69.4406971454305,0.0032287578155552193
high,39.31,-69.1646637672569,-69.2073247130935,-69.44074776765648,0.003218013207132778
high,39.32,-69.16518474923672,-69.20770431627005,-69.44079855307861,0.0032073043544457542
high,39.330000000000005,-69.1657049166901,-69.20808357360923,-69.44084950136757,0.0031966311385067704
high,39.34,-69.16622427154454,-69.2084624854872,-69.44090061219457,0.0031859934407244403
high,39.35,-69.16674281572224,-69.20884105228001,-69.44095188523129,0.0031753911429019993
high,39.36000000000001,-69.16726055114029,-69.20921927436356,-69.4410033201499,0.00316482412723604
high,39.370000000000005,-69.16777747971047,-69.20959715211367,-69.44105491662306,0.0031542922763151703
high,39.38,-69.16829360333948,-69.20997468590603,-69.4411066743239,0.0031437954731187026
high,39.39,-69.1688089239288,-69.21035187611623,-69.44115859292607,0.0031333336010154
high,39.400000000000006,-69.16932344337476,-69.21072872311977,-69.44121067210368,0.003122906543762117
high,39.410000000000004,-69.16983716356856,-69.21110522729195,-69.44126291153134,0.0031125141855025654
high,39.42,-69.17035008639628,-69.21148138900806,-69.44131531088412,0.0031021564107659772
high,39.43,-69.17086221373893,-69.21185720864317,-69.4413678698376,0.003091833104465876
high,39.440000000000005,-69.17137354747236,-69.21223268657229,-69.44142058806784,0.0030815441518987395
high,39.45,-69.1718840894674,-69.2126078231703,-69.44147346525139,0.003071289438742769
high,39.46,-69.17239384158977,-69.21298261881192,-69.44152650106528,0.0030610688510566133
high,39.470000000000006,-69.17290280570016,-69.21335707387179,-69.44157969518699,0.0030508822752780664
high,39.480000000000004,-69.17341098365429,-69.21373118872437,-69.44163304729453,0.0030407295982228604
high,39.49,-69.17391837730275,-69.21410496374403,-69.44168655706636,0.0030306107070833545
high,39.5,-69.17442498849123,-69.21447839930502,-69.44174022418147,0.0030205254894273364
high,39.510000000000005,-69.17493081906034,-69.21485149578139,-69.44179404831925,0.0030104738331967152
high,39.52,-69.17543587084577,-69.21522425354712,-69.44184802915964,0.0030004556267063213
high,39.53,-69.17594014567827,-69.21559667297603,-69.44190216638302,0.002990470758642657
high,39.540000000000006,-69.17644364538359,-69.21596875444185,-69.44195645967027,0.002980519118062627
high,39.550000000000004,-69.17694637178253,-69.21634049831808,-69.44201090870274,0.0029706005943923555
high,39.56,-69.17744832669109,-69.21671190497813,-69.44206551316226,0.002960715077425909
high,39.57,-69.17794951192025,-69.21708297479528,-69.44212027273116,0.002950862457324124
high,39.580000000000005,-69.17844992927614,-69.21745370814264,-69.4421751870922,0.0029410426246133273
high,39.59,-69.17894958056003,-69.21782410539322,-69.44223025592866,0.002931255470184182
high,39.6,-69.1794484675683,-69.21819416691983,-69.44228547892426,0.0029215008852904083
high,39.61000000000001,-69.17994659209253,-69.21856389309517,-69.44234085576325,0.002911778761547639
high,39.620000000000005,-69.18044395591942,-69.21893328429177,-69.44239638613028,0.0029020889909321845
high,39.63,-69.18094056083086,-69.21930234088202,-69.44245206971055,0.002892431465779814
high,39.64,-69.18143640860397,-69.21967106323818,-69.4425079061897,0.002882806078784604
high,39.650000000000006,-69.18193150101105,-69.22003945173232,-69.44256389525383,0.002873212722997698
high,39.660000000000004,-69.1824258398196,-69.22040750673636,-69.44262003658953,0.002863651291826171
high,39.67,-69.18291942679241,-69.22077522862207,-69.44267632988388,0.002854121679031787
high,39.68,-69.18341226368752,-69.22114261776112,-69.44273277482439,0.002844623778729871
high,39.690000000000005,-69.18390435225814,-69.22150967452491,-69.44278937109908,0.0028351574853880887
high,39.7,-69.1843956942529,-69.22187639928478,-69.44284611839643,0.0028257226938253146
high,39.71,-69.18488629141562,-69.22224279241188,-69.4429030164054,0.002816319299210437
high,39.720000000000006,-69.18537614548548,-69.22260885427715,-69.44296006481537,0.002806947197061185
high,39.730000000000004,-69.18586525819694,-69.22297458525145,-69.44301726331628,0.002797606283243007
high,39.74,-69.18635363127979,-69.22333998570541,-69.44307461159848,0.002788296453967865
high,39.75,-69.18684126645923,-69.22370505600954,-69.44313210935276,0.0027790176057931244
high,39.760000000000005,-69.18732816545575,-69.22406979653412,-69.44318975627044,0.002769769635620366
high,39.77,-69.18781432998522,-69.22443420764932,-69.4432475520433,0.0027605524406942826
high,39.78,-69.18829976175898,-69.22479828972516,-69.44330549636356,0.0027513659186014926
high,39.790000000000006,-69.18878446248362,-69.22516204313138,-69.44336358892393,0.0027422099672694345
high,39.800000000000004,-69.1892684338613,-69.22552546823766,-69.44342182941756,0.002733084484965233
high,39.81,-69.18975167758953,-69.22588856541348,-69.44348021753807,0.0027239893702945325
high,39.82,-69.19023419536121,-69.22625133502811,-69.4435387529796,0.0027149245222004206
high,39.830000000000005,-69.19071598886478,-69.22661377745067,-69.4435974354367,0.0027058898399622577
high,39.84,-69.19119705978414,-69.2269758930501,-69.44365626460439,0.002696885223194606
high,39.85,-69.19167740979863,-69.22733768219516,-69.44371524017815,0.0026879105718460644
high,39.86000000000001,-69.19215704058308,-69.22769914525442,-69.44377436185395,0.0026789657861981944
high,39.870000000000005,-69.19263595380784,-69.2280602825963,-69.44383362932822,0.002670050766864406
high,39.88,-69.1931141511388,-69.228421094589,-69.44389304229783,0.0026611654147888227
high,39.89,-69.19359163423734,-69.22878158160057,-69.44395260046012,0.002652309631245234
high,39.900000000000006,-69.19406840476042,-69.22914174399885,-69.44401230351289,0.0026434833178359415
high,39.910000000000004,-69.19454446436053,-69.22950158215151,-69.44407215115443,0.002634686376490715
high,39.92,-69.19501981468575,-69.22986109642603,-69.44413214308344,0.00262591870946566
high,39.93,-69.19549445737971,-69.23022028718971,-69.44419227899913,0.0026171802193421766
high,39.940000000000005,-69.1959683940817,-69.23057915480963,-69.44425255860114,0.002608470809025829
high,39.95,-69.19644162642656,-69.23093769965273,-69.44431298158956,0.0025997903817453045
high,39.96,-69.19691415604473,-69.23129592208569,-69.44437354766498,0.0025911388410513312
high,39.970000000000006,-69.19738598456239,-69.2316538224751,-69.44443425652842,0.002582516090815578
high,39.980000000000004,-69.19785711360124,-69.23201140118725,-69.44449510788134,0.0025739220352296297
high,39.99,-69.1983275447787,-69.23236865858829,-69.44455610142569,0.0025653565788038802
high,40.0,-69.19879727970792,-69.23272559504416,-69.44461723686388,0.002556819626366517
high,40.010000000000005,-69.19926631999758,-69.23308221092063,-69.44467851389874,0.002548311083062414
high,40.02,-69.19973466725223,-69.23343850658324,-69.44473993223357,0.0025398308543521215
high,40.03,-69.20020232307196,-69.23379448239733,-69.44480149157215,0.0025313788460107787
high,40.040000000000006,-69.20066928905274,-69.23415013872808,-69.44486319161868,0.0025229549641271032
high,40.050000000000004,-69.20113556678616,-69.23450547594042,-69.44492503207785,0.002514559115102324
high,40.06,-69.20160115785957,-69.2348604943991,-69.44498701265476,0.0025061912056491306
high,40.07,-69.20206606385617,-69.23521519446868,-69.44504913305502,0.0024978511427906796
high,40.080000000000005,-69.20253028635479,-69.23556957651347,-69.44511139298461,0.002489538833859509
high,40.09,-69.20299382693017,-69.23592364089765,-69.44517379215007,0.002481254186496554
high,40.1,-69.20345668715275,-69.23627738798513,-69.44523633025828,0.0024729971086500805
high,40.11,-69.20391886858883,-69.23663081813962,-69.44529900701667,0.002464767508574707
high,40.120000000000005,-69.20438037280049,-69.23698393172464,-69.44536182213302,0.002456565294830339
high,40.13,-69.20484120134566,-69.23733672910349,-69.44542477531566,0.0024483903762811837
high,40.14,-69.20530135577816,-69.23768921063929,-69.44548786627331,0.0024402426620947384
high,40.150000000000006,-69.20576083764759,-69.2380413766949,-69.44555109471516,0.002432122061740751
high,40.160000000000004,-69.20621964849943,-69.238393227633,-69.44561446035084,0.002424028484990253
high,40.17,-69.20667778987507,-69.23874476381603,-69.44567796289041,0.0024159618419145215
high,40.18,-69.20713526331178,-69.23909598560626,-69.44574160204444,0.002407922042884117
high,40.190000000000005,-69.20759207034273,-69.23944689336568,-69.44580537752385,0.0023999089985678444
high,40.20000000000001,-69.20804821249696,-69.23979748745613,-69.4458692890401,0.002391922619931804
high,40.21,-69.20850369129953,-69.24014776823921,-69.44593333630506,0.0023839628182383754
high,40.220000000000006,-69.20895850827131,-69.24049773607626,-69.44599751903102,0.0023760295050452252
high,40.230000000000004,-69.20941266492926,-69.24084739132846,-69.44606183693077,0.00236812259220436
high,40.24,-69.20986616278618,-69.24119673435675,-69.44612628971747,0.0023602419918611
high,40.25,-69.21031900335093,-69.24154576552182,-69.4461908771048,0.002352387616453148
high,40.260000000000005,-69.2107711881283,-69.24189448518418,-69.44625559880683,0.002344559378709574
high,40.27,-69.2112227186191,-69.24224289370407,-69.44632045453811,0.00233675719164989
high,40.28,-69.21167359632013,-69.24259099144157,-69.4463854440136,0.0023289809685830393
high,40.290000000000006,-69.2121238227242,-69.24293877875648,-69.44645056694874,0.002321230623106465
high,40.300000000000004,-69.21257339932018,-69.24328625600839,-69.44651582305937,0.002313506069105145
high,40.31,-69.21302232759298,-69.24363342355669,-69.4465812120618,0.002305807220750613
high,40.32,-69.21347060902356,-69.2439802817605,-69.44664673367278,0.002298133992500038
high,40.330000000000005,-69.21391824508889,-69.24432683097874,-69.44671238760945,0.002290486299095239
high,40.34,-69.21436523726211,-69.24467307157008,-69.44677817358948,0.002282864055561778
high,40.35,-69.21481158701235,-69.24501900389296,-69.4468440913309,0.0022752671772079728
high,40.36,-69.2152572958049,-69.24536462830562,-69.44691014055223,0.0022676955796239926
high,40.370000000000005,-69.21570236510114,-69.24570994516603,-69.4469763209724,0.0022601491786808886
high,40.38000000000001,-69.21614679635857,-69.24605495483196,-69.44704263231075,0.0022526278905296905
high,40.39,-69.21659059103084,-69.24639965766093,-69.44710907428713,0.0022451316316004556
high,40.400000000000006,-69.21703375056771,-69.2467440540102,-69.44717564662179,0.002237660318601331
high,40.410000000000004,-69.21747627641507,-69.24708814423683,-69.44724234903538,0.002230213868517662
high,40.42,-69.21791817001508,-69.24743192869765,-69.44730918124904,0.002222792198611028
high,40.43,-69.218359432806,-69.24777540774922,-69.44737614298433,0.0022153952264183626
high,40.440000000000005,-69.21880006622222,-69.24811858174787,-69.44744323396321,0.0022080228697509987
high,40.45,-69.21924007169443,-69.24846145104972,-69.44751045390812,0.002200675046693799
high,40.46,-69.21967945064951,-69.24880401601061,-69.44757780254191,0.0021933516756041985
high,40.470000000000006,-69.22011820451048,-69.24914627698617,-69.4476452795879,0.0021860526751113357
high,40.480000000000004,-69.22055633469674,-69.24948823433176,-69.44771288476979,0.0021787779641151365
high,40.49,-69.22099384262374,-69.24982988840253,-69.4477806178117,0.0021715274617853924
high,40.5,-69.22143072970334,-69.25017123955338,-69.44784847843826,0.0021643010875609064
high,40.510000000000005,-69.2218669973436,-69.25051228813894,-69.44791646637447,0.0021570987611485406
high,40.52,-69.22230264694883,-69.25085303451358,-69.44798458134575,0.0021499204025223853
high,40.53,-69.22273767991965,-69.25119347903153,-69.44805282307802,0.002142765931922816
high,40.540000000000006,-69.22317209765298,-69.25153362204664,-69.44812119129755,0.0021356352698556473
high,40.550000000000004,-69.22360590154203,-69.2518734639126,-69.44818968573111,0.0021285283370912306
high,40.56,-69.22403909297635,-69.25221300498283,-69.44825830610581,0.002121445054663563
high,40.57,-69.22447167334178,-69.2525522456105,-69.4483270521493,0.002114385343869446
high,40.580000000000005,-69.22490364402053,-69.25289118614852,-69.44839592358953,0.0021073491262675642
high,40.59,-69.22533500639115,-69.25322982694954,-69.448464920155,0.0021003363236776597
high,40.6,-69.22576576182851,-69.25356816836599,-69.44853404157458,0.0020933468581796205
high,40.61,-69.22619591170387,-69.25390621075003,-69.44860328757753,0.0020863806521126595
high,40.620000000000005,-69.22662545738493,-69.2542439544536,-69.4486726578936,0.002079437628074404
high,40.63000000000001,-69.22705440023566,-69.25458139982833,-69.44874215225292,0.0020725177089200753
high,40.64,-69.22748274161651,-69.25491854722563,-69.44881177038607,0.0020656208177616173
high,40.650000000000006,-69.22791048288434,-69.25525539699665,-69.44888151202404,0.0020587468779668266
high,40.660000000000004,-69.22833762539238,-69.2555919494923,-69.44895137689825,0.002051895813158531
high,40.67,-69.22876417049038,-69.25592820506323,-69.44902136474056,0.0020450675472137086
high,40.68,-69.22919011952442,-69.25626416405979,-69.44909147528321,0.002038262004262678
high,40.690000000000005,-69.22961547383709,-69.25659982683213,-69.44916170825888,0.0020314791086882165
high,40.7,-69.23004023476743,-69.25693519373013,-69.44923206340071,0.002024718785124755
high,40.71,-69.23046440365097,-69.25727026510339,-69.44930254044219,0.002017980958457509
high,40.720000000000006,-69.23088798181968,-69.25760504130123,-69.4493731391173,0.0020112655538216755
high,40.730000000000004,-69.23131097060204,-69.25793952267277,-69.44944385916038,0.00200457249660158
high,40.74,-69.23173337132303,-69.25827370956685,-69.44951470030625,0.001997901712429843
high,40.75,-69.23215518530418,-69.25860760233202,-69.44958566229009,0.0019912531271865804
high,40.760000000000005,-69.23257641386346,-69.25894120131659,-69.44965674484753,0.0019846266669985477
high,40.77,-69.23299705831545,-69.2592745068686,-69.4497279477146,0.0019780222582383477
high,40.78,-69.2334171199712,-69.25960751933584,-69.44979927062778,0.0019714398275235837
high,40.79,-69.23383660013835,-69.25994023906581,-69.44987071332393,0.0019648793017160797
high,40.800000000000004,-69.2342555001211,-69.26027266640577,-69.44994227554037,0.0019583406079210267
high,40.81000000000001,-69.2346738212202,-69.2606048017027,-69.45001395701478,0.0019518236734862111
high,40.82,-69.23509156473304,-69.26093664530332,-69.4500857574853,0.0019453284260011851
high,40.830000000000005,-69.23550873195349,-69.26126819755409,-69.45015767669045,0.001938854793296456
high,40.84,-69.23592532417213,-69.2615994588012,-69.4502297143692,0.0019324027034427161
high,40.85,-69.23634134267607,-69.26193042939055,-69.45030187026092,0.0019259720847500026
high,40.86,-69.23675678874909,-69.2622611096678,-69.45037414410535,0.0019195628657669376
high,40.870000000000005,-69.23717166367156,-69.26259149997834,-69.45044653564274,0.0019131749752799025
high,40.88000000000001,-69.23758596872054,-69.26292160066726,-69.45051904461366,0.0019068083423122773
high,40.89,-69.23799970516964,-69.2632514120794,-69.45059167075914,0.001900462896123632
high,40.900000000000006,-69.23841287428924,-69.26358093455934,-69.45066441382059,0.0018941385662089346
high,40.910000000000004,-69.23882547734632,-69.26391016845137,-69.45073727353986,0.001887835282297799
high,40.92,-69.23923751560456,-69.26423911409954,-69.4508102496592,0.001881552974353663
high,40.93,-69.23964899032428,-69.26456777184757,-69.45088334192126,0.0018752915725730472
high,40.940000000000005,-69.2400599027626,-69.26489614203894,-69.45095655006912,0.0018690510073847485
high,40.95,-69.24047025417319,-69.26522422501688,-69.45102987384625,0.001862831209449099
high,40.96,-69.24088004580659,-69.26555202112431,-69.45110331299655,0.0018566321096571603
high,40.970000000000006,-69.24128927890996,-69.26587953070386,-69.45117686726431,0.0018504536391299841
high,40.980000000000004,-69.2416979547272,-69.26620675409794,-69.4512505363942,0.001844295729217841
high,40.99000000000001,-69.24210607449905,-69.26653369164863,-69.45132432013135,0.0018381583114994372
high,41.0,-69.24251363946284,-69.26686034369777,-69.45139821822127,0.0018320413177811874
high,41.010000000000005,-69.24292065085278,-69.26718671058691,-69.45147223040988,0.0018259446800964227
high,41.02,-69.24332710989987,-69.26751279265733,-69.45154635644349,0.0018198683307046716
high,41.03,-69.24373301783176,-69.26783859025002,-69.45162059606884,0.00181381220209087
high,41.04,-69.24413837587298,-69.26816410370567,-69.45169494903305,0.0018077762269646446
high,41.050000000000004,-69.24454318524485,-69.26848933336476,-69.45176941508369,0.0018017603382595347
high,41.06000000000001,-69.2449474471655,-69.26881427956741,-69.45184399396864,0.001795764469132277
high,41.07,-69.24535116284984,-69.26913894265348,-69.45191868543631,0.0017897885529620434
high,41.080000000000005,-69.24575433350961,-69.26946332296261,-69.45199348923539,0.001783832523349696
high,41.09,-69.24615696035342,-69.26978742083406,-69.45206840511506,0.0017778963141170758
high,41.1,-69.24655904458666,-69.2701112366069,-69.45214343282485,0.0017719798593062324
high,41.11,-69.24696058741166,-69.27043477061986,-69.45221857211473,0.001766083093178729
high,41.120000000000005,-69.24736159002755,-69.2707580232114,-69.45229382273502,0.0017602059502148683
high,41.13000000000001,-69.24776205363032,-69.27108099471972,-69.45236918443646,0.0017543483651130084
high,41.14,-69.24816197941287,-69.27140368548271,-69.45244465697024,0.0017485102727888143
high,41.150000000000006,-69.24856136856496,-69.27172609583796,-69.45252024008788,0.0017426916083745259
high,41.160000000000004,-69.24896022227328,-69.27204822612282,-69.45259593354133,0.0017368923072182622
high,41.17,-69.24935854172136,-69.2723700766743,-69.45267173708294,0.001731112304883277
high,41.18,-69.24975632808972,-69.2726916478292,-69.45274765046545,0.0017253515371472715
high,41.190000000000005,-69.25015358255577,-69.27301293992397,-69.45282367344198,0.0017196099400016483
high,41.2,-69.25055030629383,-69.27333395329477,-69.45289980576607,0.0017138874496508308
high,41.21,-69.2509465004752,-69.27365468827752,-69.45297604719164,0.0017081840025115265
high,41.220000000000006,-69.25134216626807,-69.27397514520781,-69.45305239747303,0.0017024995352120478
high,41.230000000000004,-69.25173730483766,-69.27429532442099,-69.45312885636494,0.0016968339845915895
high,41.24000000000001,-69.2521319173461,-69.27461522625204,-69.4532054236225,0.001691187287699524
high,41.25,-69.25252600495251,-69.27493485103574,-69.4532820990012,0.0016855593817947255
high,41.260000000000005,-69.252919568813,-69.27525419910651,-69.45335888225694,0.0016799502043448405
high,41.27,-69.25331261008066,-69.27557327079853,-69.45343577314601,0.0016743596930256237
high,41.28,-69.25370512990555,-69.27589206644566,-69.4535127714251,0.0016687877857202173
high,41.29,-69.25409712943484,-69.2762105863815,-69.4535898768513,0.001663234420518492
high,41.300000000000004,-69.25448860981261,-69.2765288309393,-69.45366708918205,0.0016576995357163256
high,41.31000000000001,-69.25487957218,-69.27684680045206,-69.45374440817521,0.0016521830698149424
high,41.32,-69.25527001767519,-69.27716449525252,-69.45382183358906,0.0016466849615202259
high,41.330000000000005,-69.25565994743339,-69.27748191567305,-69.45389936518221,0.0016412051497420202
high,41.34,-69.25604936258691,-69.2777990620458,-69.45397700271369,0.001635743573593477
high,41.35,-69.25643826426501,-69.27811593470257,-69.45405474594294,0.0016303001723903538
high,41.36,-69.25682665359416,-69.2784325339749,-69.45413259462974,0.0016248748856503674
high,41.370000000000005,-69.25721453169778,-69.278748860194,-69.45421054853428,0.001619467653092491
high,41.38,-69.2576018996964,-69.27906491369083,-69.45428860741714,0.0016140784146363128
high,41.39,-69.25798875870773,-69.27938069479605,-69.45436677103932,0.0016087071104013435
high,41.400000000000006,-69.25837510984645,-69.27969620383998,-69.45444503916214,0.0016033536807063733
high,41.410000000000004,-69.25876095422447,-69.28001144115268,-69.45452341154733,0.0015980180660687998
high,41.42000000000001,-69.2591462929507,-69.28032640706392,-69.45460188795703,0.0015927002072039535
high,41.43,-69.25953112713128,-69.28064110190317,-69.45468046815375,0.001587400045024465
high,41.440000000000005,-69.25991545786941,-69.28095552599957,-69.45475915190039,0.0015821175206395812
high,41.45,-69.26029928626546,-69.28126967968198,-69.45483793896021,0.0015768525753545415
high,41.46,-69.26068261341698,-69.28158356327899,-69.45491682909686,0.0015716051506698924
high,41.470000000000006,-69.26106544041856,-69.28189717711884,-69.4549958220744,0.0015663751882808623
high,41.480000000000004,-69.2614477683621,-69.28221052152954,-69.45507491765724,0.0015611626300767103
high,41.49000000000001,-69.2618295983366,-69.28252359683874,-69.45515411561023,0.001555967418140062
high,41.5,-69.26221093142821,-69.2828364033738,-69.4552334156985,0.0015507894947462927
high,41.510000000000005,-69.26259176872037,-69.28314894146183,-69.45531281768766,0.0015456288023628598
high,41.52,-69.2629721112936,-69.28346121142957,-69.45539232134364,0.0015404852836486923
high,41.53,-69.26335196022573,-69.28377321360351,-69.45547192643276,0.0015353588814535223
high,41.54,-69.26373131659173,-69.28408494830983,-69.45555163272176,0.0015302495388172784
high,41.550000000000004,-69.26411018146379,-69.28439641587438,-69.45563143997771,0.0015251571989694267
high,41.56000000000001,-69.2644885559114,-69.28470761662274,-69.45571134796808,0.0015200818053283675
high,41.57,-69.26486644100119,-69.28501855088018,-69.4557913564607,0.0015150233015007863
high,41.580000000000005,-69.26524383779709,-69.28532921897165,-69.4558714652238,0.0015099816312810269
high,41.59,-69.26562074736029,-69.28563962122185,-69.45595167402598,0.0015049567386504871
high,41.60000000000001,-69.26599717074919,-69.2859497579551,-69.45603198263622,0.001499948567776968
high,41.61,-69.26637310901953,-69.28625962949546,-69.45611239082388,0.001494957063014081
high,41.620000000000005,-69.26674856322423,-69.2865692361667,-69.45619289835865,0.0014899821689006037
high,41.63,-69.26712353441359,-69.28687857829229,-69.45627350501066,0.0014850238301598918
high,41.64,-69.26749802363511,-69.28718765619533,-69.45635421055037,0.0014800819916992347
high,41.650000000000006,-69.26787203193372,-69.28749647019872,-69.45643501474865,0.0014751565986092666
high,41.660000000000004,-69.26824556035149,-69.28780502062497,-69.4565159173767,0.0014702475961633527
high,41.67000000000001,-69.26861860992793,-69.2881133077963,-69.45659691820613,0.0014653549298169638
high,41.68,-69.26899118169979,-69.28842133203467,-69.45667801700891,0.0014604785452070957
high,41.690000000000005,-69.26936327670118,-69.28872909366169,-69.45675921355738,0.0014556183881516403
high,41.7,-69.26973489596358,-69.28903659299866,-69.45684050762424,0.0014507744046488103
high,41.71,-69.27010604051574,-69.28934383036662,-69.45692189898259,0.0014459465408765096
high,41.72,-69.27047671138382,-69.28965080608623,-69.45700338740588,0.0014411347431917663
high,41.730000000000004,-69.2708469095913,-69.28995752047794,-69.45708497266791,0.0014363389581301018
high,41.74000000000001,-69.27121663615908,-69.29026397386183,-69.4571666545429,0.001431559132404972
high,41.75,-69.27158589210535,-69.29057016655766,-69.45724843280543,0.0014267952129071561
high,41.760000000000005,-69.27195467844575,-69.29087609888492,-69.4573303072304,0.0014220471467041597
high,41.77,-69.2723229961933,-69.2911817711628,-69.4574122775931,0.0014173148810396484
high,41.78,-69.27269084635836,-69.29148718371013,-69.45749434366921,0.0014125983633328377
high,41.79,-69.27305822994876,-69.29179233684548,-69.4575765052348,0.0014078975411779336
high,41.800000000000004,-69.27342514796969,-69.2920972308871,-69.45765876206622,0.001403212362343525
high,41.81000000000001,-69.2737916014238,-69.29240186615291,-69.45774111394024,0.0013985427747720217
high,41.82,-69.27415759131114,-69.29270624296055,-69.45782356063405,0.001393888726579075
high,41.830000000000005,-69.27452311862918,-69.29301036162734,-69.4579061019251,0.0013892501660529833
high,41.84,-69.27488818437286,-69.2933142224703,-69.45798873759125,0.0013846270416541433
high,41.85000000000001,-69.27525278953452,-69.29361782580611,-69.45807146741075,0.0013800193020144515
high,41.86,-69.275616935104,-69.29392117195115,-69.45815429116216,0.0013754268959367615
high,41.870000000000005,-69.27598062206856,-69.29422426122153,-69.45823720862447,0.001370849772394286
high,41.88,-69.27634385141297,-69.29452709393301,-69.45832021957699,0.0013662878805300537
high,41.89,-69.27670662411946,-69.29482967040103,-69.45840332379936,0.0013617411696563242
high,41.900000000000006,-69.27706894116771,-69.29513199094076,-69.45848652107168,0.0013572095892540469
high,41.910000000000004,-69.27743080353493,-69.29543405586702,-69.4585698111743,0.0013526930889722819
high,41.92000000000001,-69.27779221219579,-69.29573586549436,-69.45865319388804,0.0013481916186276408
high,41.93,-69.2781531681225,-69.29603742013698,-69.45873666899398,0.001343705128203747
high,41.940000000000005,-69.27851367228473,-69.29633872010879,-69.45882023627361,0.0013392335678506552
high,41.95,-69.27887372564975,-69.29663976572336,-69.4589038955088,0.00133477688788432
high,41.96,-69.27923332918222,-69.29694055729398,-69.45898764648172,0.0013303350387860234
high,41.97,-69.27959248384448,-69.29724109513361,-69.45907148897494,0.0013259079712018478
high,41.980000000000004,-69.2799511905963,-69.29754137955491,-69.45915542277139,0.0013214956359421022
high,41.99000000000001,-69.28030945039505,-69.29784141087023,-69.45923944765433,0.0013170979839807946
high,42.0,-69.28066726419563,-69.2981411893916,-69.45932356340741,0.0013127149664550854
high,42.010000000000005,-69.28102463295049,-69.29844071543071,-69.45940776981463,0.0013083465346647272
high,42.02,-69.28138155760968,-69.29873998929901,-69.45949206666032,0.0013039926400715514
high,42.03000000000001,-69.28173803912077,-69.29903901130753,-69.45957645372916,0.001299653234298901
high,42.04,-69.28209407842894,-69.29933778176706,-69.45966093080624,0.001295328269131116
high,42.050000000000004,-69.28244967647697,-69.29963630098808,-69.45974549767696,0.0012910176965129775
high,42.06,-69.2828048342052,-69.29993456928072,-69.4598301541271,0.0012867214685491968
high,42.07,-69.28315955255158,-69.30023258695485,-69.45991489994275,0.001282439537503858
high,42.080000000000005,-69.28351383245169,-69.30053035431995,-69.45999973491041,0.0012781718557999067
high,42.09,-69.28386767483867,-69.30082787168523,-69.46008465881688,0.001273918376018617
high,42.10000000000001,-69.28422108064329,-69.30112513935957,-69.46016967144936,0.0012696790508990538
high,42.11,-69.28457405079403,-69.30142215765157,-69.46025477259538,0.0012654538333375656
high,42.120000000000005,-69.2849265862169,-69.30171892686948,-69.46033996204281,0.0012612426763872412
high,42.13,-69.28527868783559,-69.30201544732124,-69.46042523957988,0.0012570455332574111
high,42.14,-69.28563035657142,-69.30231171931447,-69.46051060499518,0.0012528623573131034
high,42.150000000000006,-69.28598159334334,-69.3026077431565,-69.46059605807764,0.001248693102074543
high,42.160000000000004,-69.28633239906806,-69.30290351915431,-69.46068159861655,0.001244537721216633
high,42.17000000000001,-69.28668277465985,-69.3031990476146,-69.46076722640154,0.0012403961685684276
high,42.18,-69.28703272103068,-69.30349432884373,-69.46085294122257,0.0012362683981126364
high,42.190000000000005,-69.28738223909023,-69.30378936314774,-69.46093874287,0.0012321543639850954
high,42.2,-69.28773132974584,-69.30408415083237,-69.46102463113448,0.0012280540204742782
high,42.21000000000001,-69.2880799939025,-69.30437869220303,-69.46111060580702,0.0012239673220207654
high,42.22,-69.28842823246296,-69.30467298756483,-69.461196666679,0.001219894223216758
high,42.230000000000004,-69.28877604632768,-69.30496703722255,-69.46128281354216,0.001215834678805556
high,42.24000000000001,-69.28912343639479,-69.30526084148067,-69.46136904618852,0.0012117886436810725
high,42.25,-69.28947040356012,-69.30555440064333,-69.46145536441051,0.001207756072887321
high,42.260000000000005,-69.28981694871727,-69.30584771501435,-69.46154176800087,0.0012037369216179128
high,42.27,-69.2901630727576,-69.30614078489728,-69.46162825675272,0.0011997311452155766
high,42.28000000000001,-69.29050877657008,-69.30643361059526,-69.46171483045946,0.0011957386991716394
high,42.29,-69.29085406104151,-69.30672619241122,-69.46180148891489,0.0011917595391255523
high,42.300000000000004,-69.29119892705647,-69.30701853064772,-69.46188823191312,0.0011877936208643798
high,42.31,-69.29154337549721,-69.30731062560697,-69.46197505924866,0.0011838409003223295
high,42.32,-69.29188740724383,-69.30760247759095,-69.46206197071626,0.0011799013335802365
high,42.330000000000005,-69.29223102317411,-69.30789408690123,-69.46214896611112,0.001175974876865101
high,42.34,-69.29257422416366,-69.30818545383912,-69.46223604522868,0.001172061486549587
high,42.35000000000001,-69.29291701108583,-69.30847657870558,-69.46232320786481,0.001168161119151534
high,42.36,-69.29325938481183,-69.30876746180127,-69.46241045381568,0.0011642737313334929
high,42.370000000000005,-69.29360134621056,-69.30905810342655,-69.46249778287779,0.0011603992799022204
high,42.38,-69.2939428961488,-69.30934850388141,-69.46258519484797,0.0011565377218082206
high,42.39,-69.29428403549109,-69.30963866346558,-69.46267268952346,0.0011526890141452474
high,42.4,-69.2946247650998,-69.30992858247842,-69.46276026670174,0.0011488531141498489
high,42.410000000000004,-69.2949650858351,-69.31021826121899,-69.46284792618071,0.0011450299792008694
high,42.42000000000001,-69.29530499855503,-69.31050769998606,-69.46293566775854,0.0011412195668189938
high,42.43,-69.29564450411534,-69.31079689907804,-69.4630234912338,0.0011374218346662714
high,42.440000000000005,-69.29598360336978,-69.31108585879304,-69.46311139640535,0.0011336367405456334
high,42.45,-69.29632229716981,-69.31137457942883,-69.46319938307238,0.0011298642424004447
high,42.46000000000001,-69.29666058636477,-69.3116630612829,-69.46328745103446,0.0011261042983140147
high,42.47,-69.2969984718019,-69.3119513046524,-69.46337560009145,0.0011223568665091545
high,42.480000000000004,-69.29733595432624,-69.31223930983414,-69.4634638300436,0.0011186219053476894
high,42.49000000000001,-69.29767303478074,-69.31252707712466,-69.46355214069143,0.001114899373330013
high,42.5,-69.29800971400618,-69.31281460682013,-69.46364053183584,0.0011111892290946248
high,42.510000000000005,-69.29834599284123,-69.31310189921642,-69.46372900327803,0.0011074914314176565
high,42.52,-69.29868187212247,-69.31338895460912,-69.46381755481956,0.0011038059392124333
high,42.53000000000001,-69.29901735268433,-69.31367577329343,-69.4639061862623,0.0011001327115289989
high,42.54,-69.29935243535914,-69.31396235556426,-69.46399489740848,0.0010964717075536803
high,42.550000000000004,-69.29968712097714,-69.3142487017162,-69.46408368806064,0.001092822886608613
high,42.56,-69.30002141036647,-69.31453481204355,-69.46417255802163,0.0010891862081513087
high,42.57,-69.30035530435322,-69.31482068684024,-69.46426150709469,0.0010855616317741869
high,42.580000000000005,-69.30068880376132,-69.31510632639993,-69.46435053508333,0.0010819491172041418
high,42.59,-69.30102190941267,-69.31539173101591,-69.46443964179143,0.0010783486243020894
high,42.60000000000001,-69.30135462212714,-69.31567690098119,-69.46452882702317,0.0010747601130625085
high,42.61,-69.30168694272243,-69.31596183658843,-69.46461809058306,0.0010711835436130216
high,42.620000000000005,-69.30201887201427,-69.31624653813002,-69.46470743227599,0.0010676188762139258
high,42.63,-69.3023504108163,-69.31653100589793,-69.46479685190708,0.0010640660712577749
high,42.64000000000001,-69.30268155994011,-69.31681524018394,-69.46488634928188,0.0010605250892689164
high,42.65,-69.30301232019526,-69.31709924127942,-69.46497592420623,0.0010569958909030731
high,42.660000000000004,-69.30334269238928,-69.31738300947542,-69.46506557648625,0.0010534784369468895
high,42.67000000000001,-69.30367267732763,-69.31766654506272,-69.46515530592843,0.0010499726883175112
high,42.68,-69.30400227581376,-69.31794984833174,-69.46524511233959,0.0010464786060621408
high,42.690000000000005,-69.30433148864913,-69.31823291957261,-69.46533499552685,0.0010429961513576007
high,42.7,-69.30466031663317,-69.31851575907511,-69.46542495529768,0.0010395252855099203
high,42.71000000000001,-69.3049887605633,-69.31879836712872,-69.46551499145984,0.0010360659699538827
high,42.72,-69.30531682123492,-69.31908074402257,-69.46560510382145,0.0010326181662526168
high,42.730000000000004,-69.30564449944144,-69.31936289004554,-69.46569529219094,0.0010291818360971523
high,42.74,-69.30597179597429,-69.31964480548606,-69.46578555637706,0.0010257569413060135
high,42.75,-69.30629871162289,-69.3199264906324,-69.46587589618888,0.0010223434438247734
high,42.760000000000005,-69.30662524717471,-69.3202079457724,-69.46596631143576,0.0010189413057256486
high,42.77,-69.30695140341523,-69.3204891711936,-69.46605680192746,0.001015550489207073
high,42.78000000000001,-69.30727718112794,-69.32077016718326,-69.46614736747402,0.001012170956593268
high,42.79,-69.3076025810944,-69.32105093402826,-69.46623800788576,0.0010088026703338406
high,42.800000000000004,-69.30792760409419,-69.32133147201519,-69.46632872297339,0.001005445593003348
high,42.81,-69.30825225090491,-69.32161178143032,-69.46641951254787,0.0010020996873009026
high,42.82000000000001,-69.30857652230227,-69.32189186255961,-69.46651037642053,0.000998764916049735
high,42.830000000000005,-69.30890041906001,-69.32217171568865,-69.46660131440302,0.000995441242196798
high,42.84,-69.30922394194991,-69.32245134110279,-69.46669232630727,0.0009921286288123515
high,42.85000000000001,-69.30954709174183,-69.32273073908699,-69.46678341194554,0.0009888270390895413
high,42.86,-69.30986986920377,-69.32300990992594,-69.46687457113042,0.0009855364363440071
high,42.870000000000005,-69.31019227510166,-69.32328885390397,-69.46696580367482,0.0009822567840134578
high,42.88,-69.31051431019965,-69.3235675713051,-69.46705710939197,0.0009789880456572836
high,42.89000000000001,-69.31083597525992,-69.32384606241304,-69.46714848809538,0.0009757301849561311
high,42.9,-69.31115727104273,-69.32412432751114,-69.4672399395989,0.0009724831657115183
high,42.910000000000004,-69.31147819830646,-69.32440236688252,-69.4673314637167,0.000969246951845416
high,42.92000000000001,-69.31179875780765,-69.32468018080988,-69.46742306026327,0.000966021507399861
high,42.93,-69.31211895030084,-69.32495776957568,-69.46751472905339,0.0009628067965365517
high,42.940000000000005,-69.31243877653877,-69.32523513346194,-69.4676064699022,0.0009596027835364412
high,42.95,-69.31275823727225,-69.32551227275053,-69.46769828262505,0.0009564094327993549
high,42.96000000000001,-69.31307733325022,-69.32578918772288,-69.46779016703773,0.0009532267088435814
high,42.97,-69.3133960652198,-69.3260658786601,-69.46788212295627,0.0009500545763054935
high,42.980000000000004,-69.3137144339262,-69.32634234584306,-69.467974150197,0.0009468929999391369
high,42.99,-69.31403244011278,-69.32661858955224,-69.46806624857662,0.0009437419446158565
high,43.0,-69.31435008452107,-69.3268946100678,-69.46815841791208,0.0009406013753238895
high,43.010000000000005,-69.31466736789068,-69.32717040766963,-69.46825065802071,0.0009374712571679929
high,43.02,-69.31498429095943,-69.32744598263724,-69.46834296872007,0.0009343515553690446
high,43.03000000000001,-69.31530085446333,-69.32772133524986,-69.46843534982808,0.0009312422352636551
high,43.04,-69.3156170591365,-69.32799646578638,-69.46852780116296,0.0009281432623037961
high,43.050000000000004,-69.31593290571124,-69.32827137452541,-69.46862032254322,0.0009250546020563985
high,43.06,-69.31624839491809,-69.32854606174519,-69.46871291378773,0.000921976220202987
high,43.07000000000001,-69.31656352748567,-69.32882052772364,-69.46880557471559,0.000918908082539283
high,43.08,-69.31687830414083,-69.3290947727384,-69.46889830514627,0.0009158501549748412
high,43.09,-69.31719272560865,-69.32936879706675,-69.46899110489952,0.000912802403532653
high,43.10000000000001,-69.31750679261233,-69.32964260098568,-69.4690839737954,0.0009097647943487833
high,43.11,-69.31782050587334,-69.32991618477185,-69.4691769116543,0.0009067372936719907
high,43.120000000000005,-69.31813386611134,-69.33018954870158,-69.46926991829689,0.0009037198678633436
high,43.13,-69.31844687404417,-69.33046269305092,-69.46936299354411,0.0009007124833958608
high,43.14000000000001,-69.31875953038794,-69.33073561809555,-69.46945613721729,0.0008977151068541244
high,43.15,-69.31907183585689,-69.33100832411087,-69.469549349138,0.0008947277049339244
high,43.160000000000004,-69.31938379116357,-69.3312808113719,-69.46964262912813,0.0008917502444418717
high,43.17000000000001,-69.31969539701876,-69.33155308015341,-69.46973597700989,0.0008887826922950418
high,43.18,-69.32000665413142,-69.33182513072983,-69.46982939260576,0.000885825015520606
high,43.190000000000005,-69.32031756320876,-69.33209696337524,-69.46992287573856,0.0008828771812554544
high,43.2,-69.32062812495631,-69.33236857836343,-69.47001642623137,0.0008799391567458461
high,43.21000000000001,-69.32093834007775,-69.33263997596787,-69.47011004390761,0.0008770109093470295
high,43.22,-69.32124820927505,-69.33291115646168,-69.47020372859099,0.0008740924065228976
high,43.230000000000004,-69.3215577332485,-69.3331821201177,-69.4702974801055,0.0008711836158456066
high,43.24,-69.32186691269654,-69.33345286720845,-69.47039129827547,0.0008682845049952351
high,43.25000000000001,-69.32217574831596,-69.33372339800609,-69.47048518292547,0.0008653950417594045
high,43.260000000000005,-69.3224842408018,-69.33399371278249,-69.47057913388046,0.0008625151940329413
high,43.27,-69.32279239084741,-69.33426381180921,-69.47067315096561,0.0008596449298175099
high,43.28000000000001,-69.32310019914436,-69.33453369535748,-69.47076723400643,0.0008567842172212524
high,43.29,-69.32340766638255,-69.3348033636982,-69.47086138282873,0.0008539330244584466
high,43.300000000000004,-69.32371479325019,-69.33507281710197,-69.47095559725861,0.0008510913198491402
high,43.31,-69.32402158043377,-69.33534205583909,-69.47104987712247,0.0008482590718188128
high,43.32000000000001,-69.32432802861803,-69.33561108017948,-69.47114422224698,0.0008454362488980087
high,43.33,-69.32463413848608,-69.33587989039277,-69.47123863245918,0.000842622819722003
high,43.34,-69.32493991071934,-69.33614848674831,-69.4713331075863,0.0008398187530304387
high,43.35000000000001,-69.32524534599749,-69.33641686951506,-69.47142764745595,0.0008370240176669933
high,43.36,-69.3255504449986,-69.33668503896175,-69.471522251896,0.0008342385825790237
high,43.370000000000005,-69.325855208399,-69.33695299535671,-69.47161692073468,0.0008314624168172188
high,43.38,-69.32615963687344,-69.33722073896799,-69.47171165380037,0.0008286954895352683
high,43.39000000000001,-69.3264637310949,-69.33748827006333,-69.47180645092187,0.0008259377699895035
high,43.4,-69.32676749173476,-69.33775558891013,-69.47190131192825,0.0008231892275385707
high,43.410000000000004,-69.3270709194627,-69.33802269577549,-69.47199623664883,0.0008204498316430772
high,43.42,-69.32737401494684,-69.3382895909262,-69.47209122491327,0.0008177195518652674
high,43.43000000000001,-69.32767677885354,-69.33855627462869,-69.47218627655151,0.0008149983578686674
high,43.440000000000005,-69.32797921184758,-69.33882274714911,-69.47228139139375,0.000812286219417761
high,43.45,-69.32828131459208,-69.33908900875329,-69.4723765692705,0.0008095831063776516
high,43.46000000000001,-69.32858308774854,-69.33935505970673,-69.47247181001259,0.0008068889887137186
high,43.47,-69.3288845319768,-69.33962090027461,-69.47256711345112,0.0008042038364912961
high,43.480000000000004,-69.32918564793509,-69.33988653072178,-69.47266247941747,0.0008015276198753286
high,43.49,-69.32948643628009,-69.34015195131286,-69.4727579077433,0.0007988603091300523
high,43.50000000000001,-69.32978689766674,-69.34041716231204,-69.47285339826063,0.0007962018746186504
high,43.510000000000005,-69.33008703274841,-69.34068216398325,-69.47294895080164,0.0007935522868029348
high,43.52,-69.33038684217695,-69.34094695659009,-69.47304456519893,0.0007909115162430167
high,43.53000000000001,-69.33068632660247,-69.34121154039585,-69.4731402412853,0.0007882795335969695
high,43.54,-69.33098548667355,-69.34147591566351,-69.47323597889388,0.0007856563096205187
high,43.550000000000004,-69.33128432303724,-69.34174008265572,-69.47333177785808,0.0007830418151667006
high,43.56,-69.33158283633887,-69.34200404163481,-69.4734276380116,0.0007804360211855529
high,43.57000000000001,-69.33188102722222,-69.3422677928628,-69.4735235591884,0.0007778388987237789
high,43.58,-69.33217889632961,-69.34253133660143,-69.47361954122275,0.0007752504189244396
high,43.59,-69.33247644430158,-69.34279467311205,-69.47371558394921,0.0007726705530266184
high,43.60000000000001,-69.33277367177725,-69.34305780265576,-69.47381168720261,0.0007700992723651127
high,43.61,-69.33307057939415,-69.34332072549331,-69.47390785081808,0.0007675365483701137
high,43.620000000000005,-69.33336716778818,-69.34358344188517,-69.47400407463103,0.0007649823525668807
high,43.63,-69.33366343759374,-69.34384595209143,-69.47410035847712,0.0007624366565754366
high,43.64000000000001,-69.33395938944365,-69.34410825637192,-69.47419670219233,0.000759899432110241
high,43.65,-69.33425502396916,-69.34437035498614,-69.47429310561293,0.0007573706509798885
high,43.660000000000004,-69.33455034180002,-69.34463224819329,-69.47438956857543,0.0007548502850867819
high,43.67,-69.33484534356442,-69.34489393625222,-69.4744860909167,0.0007523383064268327
high,43.68000000000001,-69.33514002988896,-69.34515541942147,-69.47458267247377,0.0007498346870891373
high,43.690000000000005,-69.33543440139879,-69.34541669795931,-69.47467931308408,0.0007473393992556801
high,43.7,-69.33572845871745,-69.34567777212365,-69.47477601258528,0.0007448524152010158
high,43.71000000000001,-69.33602220246699,-69.3459386421721,-69.47487277081531,0.0007423737072919594
high,43.72,-69.33631563326796,-69.34619930836196,-69.47496958761238,0.0007399032479872901
high,43.730000000000004,-69.33660875173936,-69.3464597709502,-69.475066462815,0.0007374410098374317
high,43.74,-69.33690155849868,-69.34672003019352,-69.47516339626198,0.0007349869654841594
high,43.75000000000001,-69.3371940541619,-69.34698008634827,-69.47526038779233,0.0007325410876602856
high,43.76,-69.3374862393435,-69.34723993967046,-69.47535743724544,0.0007301033491893686
high,43.77,-69.33777811465646,-69.34749959041582,-69.47545454446092,0.000727673722985397
high,43.78000000000001,-69.33806968071225,-69.3477590388398,-69.47555170927863,0.0007252521820524999
high,43.79,-69.33836093812084,-69.34801828519748,-69.47564893153877,0.0007228386994846446
high,43.800000000000004,-69.33865188749076,-69.34827732974365,-69.4757462110818,0.00072043324846533
high,43.81,-69.33894252942898,-69.34853617273278,-69.47584354774841,0.0007180358022673003
high,43.82000000000001,-69.33923286454105,-69.34879481441904,-69.47594094137963,0.0007156463342522368
high,43.83,-69.33952289343101,-69.34905325505628,-69.47603839181672,0.0007132648178704738
high,43.84,-69.33981261670142,-69.349311494898,-69.47613589890123,0.0007108912266606901
high,43.85000000000001,-69.34010203495339,-69.34956953419747,-69.47623346247501,0.000708525534249628
high,43.86000000000001,-69.34039114878658,-69.34982737320759,-69.47633108238016,0.0007061677143517927
high,43.870000000000005,-69.34067995879913,-69.35008501218097,-69.47642875845904,0.000703817740769158
high,43.88,-69.3409684655878,-69.3503424513699,-69.4765264905543,0.0007014755873908855
high,43.89000000000001,-69.34125666974785,-69.35059969102633,-69.47662427850887,0.000699141228193022
high,43.9,-69.34154457187307,-69.35085673140195,-69.47672212216595,0.0006968146372382212
high,43.910000000000004,-69.34183217255585,-69.3511135727481,-69.47682002136898,0.0006944957886754457
high,43.92,-69.3421194723871,-69.35137021531582,-69.47691797596173,0.0006921846567396914
high,43.93000000000001,-69.34240647195632,-69.35162665935587,-69.47701598578819,0.0006898812157516873
high,43.940000000000005,-69.34269317185155,-69.35188290511866,-69.47711405069265,0.0006875854401176219
high,43.95,-69.34297957265944,-69.35213895285426,-69.47721217051966,0.0006852973043288558
high,43.96000000000001,-69.34326567496517,-69.35239480281251,-69.47731034511405,0.0006830167829616315
high,43.97,-69.34355147935253,-69.35265045524288,-69.4774085743209,0.0006807438506768015
high,43.980000000000004,-69.34383698640386,-69.35290591039455,-69.47750685798557,0.0006784784822195364
high,43.99,-69.34412219670008,-69.35316116851641,-69.47760519595373,0.0006762206524190556
high,44.00000000000001,-69.34440711082077,-69.35341622985698,-69.47770358807122,0.0006739703361883347
high,44.01,-69.34469172934402,-69.35367109466453,-69.47780203418425,0.0006717275085238406
high,44.02,-69.34497605284653,-69.35392576318701,-69.47790053413922,0.0006694921445052395
high,44.03000000000001,-69.34526008190367,-69.35418023567203,-69.47799908778286,0.0006672642192951318
high,44.040000000000006,-69.34554381708935,-69.35443451236694,-69.47809769496213,0.0006650437081387713
high,44.050000000000004,-69.34582725897607,-69.3546885935187,-69.47819635552428,0.0006628305863637866
high,44.06,-69.34611040813499,-69.35494247937405,-69.47829506931679,0.000660624829379915
high,44.07000000000001,-69.34639326513584,-69.35519617017935,-69.47839383618744,0.0006584264126787199
high,44.08,-69.34667583054706,-69.3554496661807,-69.47849265598427,0.0006562353118333306
high,44.09,-69.34695810493558,-69.35570296762388,-69.47859152855558,0.0006540515024981564
high,44.1,-69.34724008886704,-69.35595607475435,-69.47869045374993,0.0006518749604086289
high,44.11000000000001,-69.34752178290574,-69.35620898781728,-69.47878943141616,0.0006497056613809226
high,44.120000000000005,-69.34780318761452,-69.3564617070575,-69.47888846140333,0.0006475435813116922
high,44.13,-69.34808430355493,-69.35671423271958,-69.47898754356083,0.0006453886961778089
high,44.14000000000001,-69.34836513128708,-69.35696656504773,-69.47908667773827,0.0006432409820360745
high,44.15,-69.34864567136987,-69.35721870428588,-69.47918586378552,0.000641100415022983
high,44.160000000000004,-69.34892592436071,-69.35747065067768,-69.47928510155272,0.0006389669713544308
high,44.17,-69.34920589081575,-69.35772240446641,-69.4793843908903,0.0006368406273254684
high,44.18000000000001,-69.3494855712897,-69.35797396589507,-69.4794837316489,0.0006347213593100271
high,44.190000000000005,-69.34976496633602,-69.35822533520638,-69.47958312367948,0.0006326091437606628
high,44.2,-69.35004407650679,-69.35847651264275,-69.47968256683319,0.0006305039572082951
high,44.21000000000001,-69.35032290235279,-69.35872749844624,-69.47978206096151,0.0006284057762619375
high,44.22,-69.35060144442342,-69.35897829285862,-69.47988160591616,0.0006263145776084489
high,44.230000000000004,-69.3508797032668,-69.35922889612141,-69.47998120154907,0.0006242303380122652
high,44.24,-69.35115767942968,-69.35947930847573,-69.48008084771249,0.0006221530343151493
high,44.25000000000001,-69.35143537345755,-69.35972953016247,-69.48018054425889,0.0006200826434359254
high,44.26,-69.35171278589452,-69.35997956142218,-69.48028029104103,0.0006180191423702313
high,44.27,-69.35198991728346,-69.36022940249511,-69.48038008791191,0.0006159625081902531
high,44.28000000000001,-69.35226676816588,-69.3604790536212,-69.4804799347248,0.0006139127180444817
high,44.290000000000006,-69.35254333908195,-69.36072851504011,-69.4805798313332,0.00061186974915745
high,44.300000000000004,-69.35281963057062,-69.36097778699116,-69.48067977759091,0.0006098335788294807
high,44.31,-69.35309564316952,-69.36122686971339,-69.48077977335194,0.0006078041844364402
high,44.32000000000001,-69.35337137741496,-69.36147576344554,-69.4808798184706,0.0006057815434294787
high,44.33,-69.35364683384196,-69.361724468426,-69.4809799128014,0.0006037656333347887
high,44.34,-69.35392201298427,-69.36197298489293,-69.48108005619918,0.0006017564317533453
high,44.35,-69.35419691537436,-69.36222131308413,-69.48118024851892,0.0005997539163606699
high,44.36000000000001,-69.35447154154339,-69.36246945323711,-69.48128048961604,0.0005977580649065677
high,44.370000000000005,-69.35474589202127,-69.36271740558908,-69.48138077934601,0.0005957688552148922
high,44.38,-69.35501996733664,-69.36296517037697,-69.48148111756467,0.0005937862651832938
high,44.39000000000001,-69.35529376801684,-69.36321274783734,-69.4815815041281,0.000591810272782972
high,44.4,-69.35556729458794,-69.36346013820652,-69.48168193889262,0.0005898408560584374
high,44.410000000000004,-69.3558405475748,-69.36370734172051,-69.4817824217148,0.0005878779931272586
high,44.42,-69.35611352750098,-69.36395435861499,-69.48188295245147,0.0005859216621798312
high,44.43000000000001,-69.35638623488879,-69.36420118912538,-69.48198353095971,0.000583971841479122
high,44.44,-69.35665867025924,-69.36444783348675,-69.48208415709682,0.000582028509360438
high,44.45,-69.35693083413216,-69.36469429193389,-69.48218483072044,0.0005800916442311783
high,44.46000000000001,-69.35720272702612,-69.36494056470127,-69.48228555168835,0.0005781612245705994
high,44.470000000000006,-69.35747434945846,-69.36518665202313,-69.48238631985866,0.0005762372289295769
high,44.480000000000004,-69.35774570194519,-69.3654325541333,-69.4824871350897,0.0005743196359303587
high,44.49,-69.35801678500117,-69.36567827126541,-69.48258799724005,0.0005724084242663385
high,44.50000000000001,-69.35828759914001,-69.36592380365272,-69.4826889061685,0.000570503572701809
high,44.51,-69.35855814487408,-69.36616915152823,-69.48278986173419,0.0005686050600717356
high,44.52,-69.35882842271452,-69.36641431512462,-69.48289086379643,0.0005667128652815117
high,44.53000000000001,-69.35909843317127,-69.36665929467424,-69.48299191221479,0.0005648269673067316
high,44.540000000000006,-69.35936817675302,-69.36690409040922,-69.4830930068491,0.0005629473451929566
high,44.550000000000004,-69.35963765396724,-69.36714870256132,-69.48319414755942,0.0005610739780554744
high,44.56,-69.3599068653202,-69.36739313136202,-69.48329533420606,0.0005592068450790775
high,44.57000000000001,-69.36017581131698,-69.3676373770425,-69.48339656664962,0.0005573459255178223
high,44.58,-69.36044449246141,-69.36788143983368,-69.48349784475087,0.000555491198694808
high,44.59,-69.36071290925614,-69.36812531996611,-69.48359916837089,0.0005536426440019375
high,44.6,-69.36098106220261,-69.3683690176701,-69.48370053737098,0.0005518002408996973
high,44.61000000000001,-69.36124895180109,-69.36861253317564,-69.48380195161268,0.0005499639689169198
high,44.620000000000005,-69.36151657855062,-69.36885586671242,-69.48390341095777,0.0005481338076505672
high,44.63,-69.36178394294905,-69.36909901850983,-69.4840049152683,0.0005463097367654953
high,44.64000000000001,-69.36205104549308,-69.36934198879695,-69.48410646440658,0.0005444917359942293
high,44.650000000000006,-69.36231788667817,-69.3695847778026,-69.48420805823507,0.0005426797851367436
high,44.660000000000004,-69.36258446699863,-69.36982738575526,-69.48430969661659,0.0005408738640602306
high,44.67,-69.36285078694758,-69.37006981288316,-69.48441137941413,0.0005390739526988837
high,44.68000000000001,-69.363116847017,-69.37031205941419,-69.48451310649091,0.0005372800310536664
high,44.69,-69.36338264769766,-69.37055412557596,-69.48461487771047,0.0005354920791921014
high,44.7,-69.36364818947915,-69.3707960115958,-69.48471669293653,0.0005337100772480357
high,44.71000000000001,-69.36391347284994,-69.37103771770073,-69.48481855203306,0.0005319340054214304
high,44.720000000000006,-69.36417849829725,-69.37127924411743,-69.4849204548643,0.0005301638439781365
high,44.730000000000004,-69.36444326630726,-69.37152059107235,-69.48502240129467,0.0005283995732496727
high,44.74,-69.36470777736491,-69.37176175879164,-69.48512439118888,0.0005266411736330173
high,44.75000000000001,-69.36497203195404,-69.3720027475011,-69.48522642441188,0.0005248886255903731
high,44.76,-69.36523603055726,-69.37224355742632,-69.48532850082884,0.0005231419096489708
high,44.77,-69.3654997736561,-69.37248418879248,-69.48543062030518,0.0005214010064008347
high,44.78,-69.3657632617309,-69.37272464182456,-69.48553278270656,0.0005196658965025793
high,44.790000000000006,-69.3660264952609,-69.37296491674722,-69.48563498789886,0.000517936560675186
high,44.800000000000004,-69.36628947472418,-69.37320501378483,-69.48573723574823,0.0005162129797037946
high,44.81,-69.36655220059774,-69.37344493316144,-69.48583952612103,0.0005144951344374901
high,44.82000000000001,-69.3668146733573,-69.37368467510083,-69.48594185888386,0.0005127830057890829
high,44.83,-69.36707689347763,-69.37392423982647,-69.48604423390357,0.0005110765747349053
high,44.84,-69.36733886143222,-69.37416362756154,-69.48614665104725,0.0005093758223145931
high,44.85,-69.36760057769354,-69.37440283852897,-69.4862491101822,0.0005076807296308814
high,44.86000000000001,-69.36786204273292,-69.37464187295134,-69.48635161117598,0.0005059912778493875
high,44.870000000000005,-69.36812325702051,-69.37488073105094,-69.48645415389636,0.0005043074481984079
high,44.88,-69.36838422102544,-69.3751194130498,-69.48655673821138,0.0005026292219687095
high,44.89000000000001,-69.36864493521564,-69.37535791916964,-69.48665936398929,0.0005009565805133144
high,44.900000000000006,-69.36890540005801,-69.3755962496319,-69.48676203109859,0.0004992895052473019
high,44.910000000000004,-69.36916561601826,-69.37583440465771,-69.486864739408,0.0004976279776475948
high,44.92,-69.36942558356105,-69.3760723844679,-69.48696748878649,0.0004959719792527596
high,44.93000000000001,-69.36968530314995,-69.37631018928306,-69.48707027910324,0.0004943214916627957
high,44.94,-69.36994477524743,-69.37654781932343,-69.48717311022766,0.0004926764965389369
high,44.95,-69.37020400031483,-69.37678527480904,-69.48727598202943,0.0004910369756034398
high,44.96000000000001,-69.37046297881238,-69.3770225559595,-69.48737889437845,0.0004894029106393909
high,44.970000000000006,-69.37072171119934,-69.37725966299422,-69.48748184714482,0.0004877742834904962
high,44.980000000000004,-69.37098019793372,-69.37749659613233,-69.48758484019889,0.00048615107606087986
high,44.99,-69.3712384394726,-69.37773335559264,-69.48768787341126,0.0004845332703148889
high,45.00000000000001,-69.37149643627187,-69.37796994159365,-69.48779094665275,0.00048292084827688544
high,45.01,-69.37175418878638,-69.3782063543536,-69.48789405979439,0.0004813137920310542
high,45.02,-69.37201169746994,-69.37844259409046,-69.48799721270744,0.0004797120837211957
high,45.03,-69.37226896277524,-69.37867866102187,-69.48810040526345,0.00047811570555053774
high,45.040000000000006,-69.37252598515393,-69.37891455536518,-69.48820363733414,0.00047652463978152624
high,45.050000000000004,-69.37278276505657,-69.3791502773375,-69.48830690879146,0.00047493886873563687
high,45.06,-69.37303930293268,-69.3793858271556,-69.48841021950761,0.00047335837479317615
high,45.07000000000001,-69.3732955992307,-69.37962120503599,-69.48851356935499,0.00047178314039308136
high,45.080000000000005,-69.37355165439806,-69.37985641119491,-69.48861695820628,0.00047021314803273535
high,45.09,-69.37380746888104,-69.38009144584822,-69.48872038593433,0.00046864838026775967
high,45.1,-69.37406304312499,-69.38032630921163,-69.48882385241227,0.0004670888197118316
high,45.11000000000001,-69.3743183775741,-69.38056100150044,-69.48892735751343,0.00046553444903648267
high,45.12,-69.3745734726716,-69.38079552292977,-69.48903090111133,0.00046398525097091336
high,45.13,-69.3748283288596,-69.38102987371438,-69.48913448307978,0.0004624412083017941
high,45.14000000000001,-69.37508294657924,-69.38126405406874,-69.48923810329279,0.00046090230387307944
high,45.150000000000006,-69.37533732627058,-69.38149806420707,-69.48934176162459,0.00045936852058581803
high,45.160000000000004,-69.37559146837265,-69.38173190434331,-69.48944545794963,0.000457839841397955
high,45.17,-69.37584537332346,-69.3819655746911,-69.48954919214262,0.00045631624932415183
high,45.18000000000001,-69.37609904155998,-69.38219907546373,-69.48965296407845,0.00045479772743559055
high,45.19,-69.37635247351814,-69.38243240687434,-69.48975677363222,0.00045328425885979165
high,45.2,-69.3766056696329,-69.38266556913568,-69.48986062067934,0.0004517758267804205
high,45.21000000000001,-69.37685863033813,-69.38289856246024,-69.48996450509537,0.0004502724144371051
high,45.220000000000006,-69.37711135606672,-69.38313138706026,-69.49006842675611,0.00044877400512525085
high,45.230000000000004,-69.37736384725054,-69.38336404314764,-69.49017238553758,0.00044728058219584756
high,45.24,-69.37761610432042,-69.38359653093404,-69.49027638131604,0.00044579212905529334
high,45.25000000000001,-69.37786812770624,-69.3838288506308,-69.49038041396796,0.00044430862916520304
high,45.260000000000005,-69.37811991783678,-69.38406100244903,-69.49048448337001,0.00044283006604223083
high,45.27,-69.37837147513989,-69.38429298659948,-69.49058858939914,0.00044135642325788095
high,45.28,-69.3786228000424,-69.38452480329272,-69.49069273193244,0.0004398876844383309
high,45.290000000000006,-69.37887389297013,-69.38475645273893,-69.4907969108473,0.0004384238332642431
high,45.300000000000004,-69.3791247543479,-69.38498793514806,-69.49090112602127,0.00043696485347059175
high,45.31,-69.37937538459954,-69.3852192507298,-69.49100537733214,0.0004355107288464753
high,45.32000000000001,-69.37962578414792,-69.38545039969353,-69.49110966465796,0.00043406144323493694
high,45.330000000000005,-69.37987595341482,-69.38568138224834,-69.49121398787692,0.00043261698053278976
high,45.34,-69.38012589282114,-69.38591219860304,-69.49131834686749,0.00043117732469043126
high,45.35,-69.38037560278677,-69.38614284896617,-69.49142274150834,0.0004297424597116741
high,45.36000000000001,-69.38062508373058,-69.38637333354602,-69.49152717167836,0.000428312369653555
high,45.37,-69.38087433607049,-69.38660365255053,-69.49163163725666,0.0004268870386261733
high,45.38,-69.38112336022344,-69.38683380618741,-69.49173613812256,0.00042546645079250087
high,45.39000000000001,-69.3813721566054,-69.38706379466409,-69.49184067415561,0.0004240505903682144
high,45.400000000000006,-69.38162072563132,-69.38729361818768,-69.49194524523554,0.00042263944162151767
high,45.410000000000004,-69.38186906771529,-69.38752327696507,-69.49204985124236,0.0004212329888729634
high,45.42,-69.3821171832703,-69.3877527712028,-69.49215449205623,0.0004198312164952873
high,45.43000000000001,-69.38236507270847,-69.3879821011072,-69.49225916755758,0.0004184341089132241
high,45.44,-69.38261273644092,-69.38821126688426,-69.49236387762701,0.0004170416506033434
high,45.45,-69.38286017487782,-69.38844026873973,-69.49246862214538,0.00041565382609387027
high,45.46,-69.38310738842841,-69.3886691068791,-69.49257340099372,0.0004142706199645196
high,45.470000000000006,-69.38335437750091,-69.38889778150754,-69.49267821405331,0.00041289201684631887
high,45.480000000000004,-69.38360114250266,-69.38912629282997,-69.49278306120563,0.00041151800142144124
high,45.49,-69.38384768383999,-69.38935464105099,-69.49288794233237,0.0004101485584230368
high,45.50000000000001,-69.38409400191831,-69.38958282637498,-69.49299285731543,0.00040878367263505607
high,45.510000000000005,-69.38434009714213,-69.38981084900598,-69.49309780603694,0.00040742332889208866
high,45.52,-69.38458596991495,-69.39003870914784,-69.49320278837924,0.0004060675120791886
high,45.53,-69.38483162063935,-69.39026640700403,-69.49330780422487,0.0004047162071317124
high,45.540000000000006,-69.38507704971694,-69.39049394277782,-69.49341285345658,0.00040336939903514503
high,45.550000000000004,-69.38532225754851,-69.39072131667218,-69.49351793595734,0.0004020270728249384
high,45.56,-69.38556724453376,-69.3909485288898,-69.49362305161033,0.00040068921358634503
high,45.57000000000001,-69.38581201107162,-69.3911755796331,-69.49372820029896,0.00039935580645424654
high,45.580000000000005,-69.38605655755998,-69.39140246910424,-69.49383338190682,0.00039802683661299573
high,45.59,-69.38630088439584,-69.39162919750505,-69.49393859631773,0.00039670228929624595
high,45.6,-69.38654499197528,-69.39185576503715,-69.49404384341571,0.0003953821497867925
high,45.61000000000001,-69.3867888806935,-69.39208217190188,-69.49414912308498,0.00039406640341640373
high,45.62,-69.38703255094467,-69.39230841830023,-69.49425443521001,0.0003927550355656634
high,45.63,-69.38727600312215,-69.39253450443302,-69.49435977967543,0.000391448031663802
high,45.64000000000001,-69.38751923761838,-69.39276043050072,-69.49446515636612,0.0003901453771885425
high,45.650000000000006,-69.38776225482484,-69.39298619670356,-69.49457056516712,0.00038884705766593306
high,45.660000000000004,-69.38800505513211,-69.3932118032415,-69.49467600596374,0.00038755305867018634
high,45.67,-69.38824763892991,-69.39343725031422,-69.49478147864144,0.00038626336582352373
high,45.68000000000001,-69.388490006607,-69.39366253812109,-69.49488698308592,0.0003849779647960096
high,45.690000000000005,-69.38873215855128,-69.39388766686129,-69.49499251918309,0.0003836968413053996
high,45.7,-69.38897409514973,-69.39411263673365,-69.49509808681906,0.00038241998111697315
high,45.71,-69.38921581678845,-69.39433744793678,-69.49520368588014,0.0003811473700433831
high,45.720000000000006,-69.38945732385264,-69.39456210066898,-69.49530931625281,0.00037987899394449187
high,45.730000000000004,-69.38969861672662,-69.39478659512831,-69.49541497782386,0.0003786148387272194
high,45.74,-69.38993969579376,-69.39501093151253,-69.49552067048018,0.0003773548903453841
high,45.75000000000001,-69.39018056143662,-69.39523511001916,-69.49562639410891,0.0003760991347995448
high,45.760000000000005,-69.39042121403686,-69.39545913084544,-69.4957321485974,0.0003748475581368517
high,45.77,-69.39066165397522,-69.3956829941883,-69.49583793383319,0.00037360014645088254
high,45.78,-69.39090188163159,-69.39590670024447,-69.49594374970403,0.00037235688588149605
high,45.790000000000006,-69.39114189738498,-69.39613024921034,-69.49604959609789,0.0003711177626146717
high,45.8,-69.39138170161354,-69.39635364128209,-69.49615547290288,0.0003698827628823618
high,45.81,-69.39162129469447,-69.39657687665562,-69.49626138000741,0.0003686518729623331
high,45.82000000000001,-69.39186067700422,-69.3967999555265,-69.49636731730004,0.00036742507917801836
high,45.830000000000005,-69.39209984891825,-69.3970228780901,-69.4964732846695,0.0003662023678983647
high,45.84,-69.39233881081125,-69.3972456445415,-69.4965792820048,0.0003649837255376768
high,45.85,-69.39257756305699,-69.39746825507552,-69.49668530919507,0.0003637691385554727
high,45.86000000000001,-69.3928161060284,-69.39769070988669,-69.49679136612971,0.0003625585934563277
high,45.870000000000005,-69.39305444009757,-69.3979130091693,-69.49689745269828,0.00036135207678972964
high,45.88,-69.39329256563568,-69.39813515311734,-69.49700356879056,0.0003601495751499239
high,45.89000000000001,-69.39353048301307,-69.39835714192456,-69.49710971429654,0.00035895107517576886
high,45.900000000000006,-69.39376819259927,-69.39857897578445,-69.49721588910637,0.00035775656355058785
high,45.910000000000004,-69.39400569476291,-69.39880065489018,-69.49732209311044,0.00035656602700201505
high,45.92,-69.39424298987181,-69.39902217943472,-69.49742832619931,0.00035537945230185587
high,45.93000000000001,-69.39448007829291,-69.39924354961074,-69.49753458826379,0.00035419682626593326
high,45.940000000000005,-69.39471696039233,-69.39946476561066,-69.49764087919482,0.0003530181357539471
high,45.95,-69.39495363653533,-69.39968582762663,-69.49774719888356,0.00035184336766932225
high,45.96,-69.39519010708635,-69.3999067358505,-69.49785354722142,0.00035067250895907086
high,45.970000000000006,-69.39542637240898,-69.40012749047388,-69.49795992409994,0.0003495055466136361
high,45.980000000000004,-69.39566243286593,-69.40034809168814,-69.49806632941093,0.00034834246766675994
high,45.99,-69.3958982888192,-69.40056853968437,-69.4981727630463,0.00034718325919533125
high,46.00000000000001,-69.39613394062984,-69.4007888346534,-69.49827922489825,0.0003460279083192425
high,46.010000000000005,-69.3963693886581,-69.40100897678575,-69.49838571485911,0.00034487640220125134
high,46.02,-69.39660463326345,-69.40122896627176,-69.49849223282146,0.00034372872804683144
high,46.03,-69.39683967480447,-69.4014488033014,-69.49859877867804,0.00034258487310403856
high,46.040000000000006,-69.39707451363894,-69.40166848806449,-69.4987053523218,0.0003414448246633595
high,46.05,-69.39730915012387,-69.40188802075052,-69.49881195364588,0.00034030857005757915
high,46.06,-69.39754358461539,-69.40210740154873,-69.49891858254362,0.00033917609666163324
high,46.07000000000001,-69.39777781746882,-69.40232663064809,-69.49902523890854,0.000338047391892473
high,46.080000000000005,-69.3980118490387,-69.40254570823733,-69.49913192263439,0.00033692244320892347
high,46.09,-69.3982456796787,-69.4027646345049,-69.4992386336151,0.0003358012381115412
high,46.1,-69.39847930974176,-69.402983409639,-69.49934537174477,0.00033468376414248286
high,46.11000000000001,-69.39871273957996,-69.40320203382758,-69.49945213691768,0.0003335700088853576
high,46.120000000000005,-69.39894596954458,-69.40342050725829,-69.4995589290284,0.00033245995996509684
high,46.13,-69.39917899998612,-69.40363883011854,-69.49966574797158,0.000331353605047811
high,46.14,-69.39941183125423,-69.40385700259549,-69.4997725936421,0.0003302509318406575
high,46.150000000000006,-69.39964446369777,-69.40407502487602,-69.49987946593508,0.00032915192809169927
high,46.160000000000004,-69.39987689766485,-69.40429289714679,-69.4999863647458,0.00032805658158977224
high,46.17,-69.40010913350277,-69.40451061959415,-69.50009328996967,0.0003269648801643502
high,46.18000000000001,-69.40034117155798,-69.4047281924042,-69.50020024150241,0.00032587681168540444
high,46.190000000000005,-69.40057301217622,-69.40494561576283,-69.50030721923986,0.00032479236406327504
high,46.2,-69.4008046557024,-69.40516288985562,-69.50041422307802,0.00032371152524853175
high,46.21,-69.40103610248063,-69.40538001486789,-69.50052125291316,0.00032263428323184426
high,46.220000000000006,-69.40126735285426,-69.40559699098473,-69.50062830864168,0.00032156062604384483
high,46.230000000000004,-69.40149840716583,-69.405813818391,-69.5007353901602,0.00032049054175499795
high,46.24,-69.40172926575715,-69.40603049727119,-69.50084249736554,0.0003194240184754689
high,46.25000000000001,-69.40195992896919,-69.40624702780966,-69.50094963015466,0.0003183610443549864
high,46.260000000000005,-69.40219039714215,-69.40646341019044,-69.50105678842476,0.00031730160758271713
high,46.27,-69.40242067061551,-69.40667964459732,-69.50116397207319,0.0003162456963871292
high,46.28,-69.40265074972793,-69.40689573121384,-69.50127118099752,0.00031519329903586645
high,46.290000000000006,-69.40288063481728,-69.40711167022326,-69.50137841509553,0.0003141444038356124
high,46.300000000000004,-69.40311032622077,-69.40732746180865,-69.50148567426511,0.00031309899913196725
high,46.31,-69.40333982427467,-69.40754310615276,-69.50159295840439,0.0003120570733093109
high,46.32000000000001,-69.40356912931466,-69.4077586034381,-69.50170026741168,0.00031101861479067956
high,46.330000000000005,-69.4037982416755,-69.40797395384689,-69.50180760118548,0.00030998361203763515
high,46.34,-69.4040271616913,-69.40818915756118,-69.50191495962446,0.00030895205355013533
high,46.35,-69.40425588969539,-69.4084042147627,-69.50202234262753,0.00030792392786640956
high,46.36000000000001,-69.4044844260203,-69.40861912563294,-69.50212975009369,0.00030689922356282685
high,46.370000000000005,-69.40471277099785,-69.40883389035314,-69.50223718192223,0.00030587792925377557
high,46.38,-69.40494092495906,-69.4090485091043,-69.50234463801253,0.0003048600335915291
high,46.39,-69.40516888823426,-69.40926298206712,-69.50245211826423,0.0003038455252661261
high,46.400000000000006,-69.40539666115296,-69.40947730942213,-69.50255962257714,0.00030283439300524037
high,46.410000000000004,-69.40562424404399,-69.40969149134949,-69.50266715085122,0.00030182662557405924
high,46.42,-69.40585163723541,-69.40990552802926,-69.50277470298666,0.00030082221177515683
high,46.43000000000001,-69.4060788410545,-69.41011941964106,-69.50288227888379,0.00029982114044836797
high,46.440000000000005,-69.40630585582782,-69.41033316636444,-69.50298987844316,0.0002988234004706698
high,46.45,-69.40653268188123,-69.41054676837855,-69.50309750156545,0.0002978289807560506
high,46.46,-69.40675931953982,-69.41076022586242,-69.50320514815161,0.0002968378702553933
high,46.470000000000006,-69.40698576912789,-69.41097353899472,-69.5033128181027,0.00029585005795634774
high,46.480000000000004,-69.40721203096909,-69.41118670795393,-69.50342051131999,0.0002948655328832126
high,46.49,-69.40743810538632,-69.41139973291826,-69.50352822770492,0.0002938842840968093
high,46.50000000000001,-69.40766399270171,-69.41161261406566,-69.50363596715913,0.00029290630069436335
high,46.510000000000005,-69.40788969323671,-69.41182535157385,-69.50374372958443,0.000291931571809384
high,46.52,-69.40811520731201,-69.4120379456203,-69.50385151488283,0.00029096008661153884
high,46.53,-69.40834053524755,-69.4122503963822,-69.50395932295648,0.00028999183430653886
high,46.540000000000006,-69.40856567736262,-69.41246270403654,-69.50406715370774,0.000289026804136014
high,46.550000000000004,-69.40879063397574,-69.41267486876004,-69.50417500703917,0.0002880649853773982
high,46.56,-69.40901540540472,-69.41288689072911,-69.50428288285346,0.0002871063673438046
high,46.57000000000001,-69.40923999196664,-69.41309877012,-69.50439078105352,0.00028615093938391364
high,46.580000000000005,-69.40946439397787,-69.41331050710868,-69.50449870154242,0.0002851986908818491
high,46.59,-69.4096886117541,-69.41352210187088,-69.50460664422343,0.00028424961125706144
high,46.6,-69.40991264561026,-69.41373355458205,-69.50471460899999,0.00028330368996421244
high,46.61000000000001,-69.41013649586057,-69.4139448654174,-69.50482259577568,0.0002823609164930551
high,46.620000000000005,-69.41036016281858,-69.41415603455195,-69.5049306044543,0.00028142128036831983
high,46.63,-69.41058364679712,-69.41436706216041,-69.50503863493984,0.000280484771149594
high,46.64,-69.4108069481083,-69.41457794841726,-69.50514668713645,0.000279551378431212
high,46.650000000000006,-69.41103006706355,-69.41478869349673,-69.50525476094845,0.00027862109184213264
high,46.660000000000004,-69.41125300397357,-69.41499929757283,-69.50536285628034,0.00027769390104582907
high,46.67,-69.41147575914833,-69.4152097608193,-69.5054709730368,0.0002767697957401723
high,46.68000000000001,-69.4116983328972,-69.4154200834096,-69.50557911112269,0.0002758487656573152
high,46.690000000000005,-69.41192072552879,-69.41563026551705,-69.50568727044302,0.00027493080056358157
high,46.7,-69.41214293735104,-69.41584030731464,-69.50579545090307,0.0002740158902593484
high,46.71,-69.41236496867114,-69.41605020897511,-69.50590365240815,0.0002731040245789382
high,46.720000000000006,-69.41258681979569,-69.41625997067099,-69.50601187486386,0.0002721951933904991
high,46.730000000000004,-69.4128084910305,-69.41646959257459,-69.50612011817591,0.00027128938659589866
high,46.74,-69.41302998268073,-69.41667907485788,-69.50622838225026,0.00027038659413060643
high,46.75000000000001,-69.41325129505087,-69.41688841769269,-69.50633666699295,0.0002694868059635864
high,46.760000000000005,-69.41347242844473,-69.41709762125058,-69.50644497231028,0.0002685900120971833
high,46.77,-69.41369338316544,-69.41730668570283,-69.50655329810866,0.00026769620256701025
high,46.78,-69.4139141595154,-69.41751561122048,-69.5066616442947,0.00026680536744184307
high,46.790000000000006,-69.41413475779633,-69.41772439797437,-69.5067700107752,0.0002659174968235029
high,46.800000000000004,-69.41435517830938,-69.41793304613506,-69.5068783974571,0.0002650325808467527
high,46.81,-69.41457542135491,-69.4181415558729,-69.50698680424753,0.00026415060967918246
high,46.82,-69.41479548723267,-69.41834992735797,-69.50709523105382,0.00026327157352110456
high,46.830000000000005,-69.41501537624171,-69.41855816076013,-69.50720367778342,0.0002623954626054405
high,46.84,-69.41523508868042,-69.41876625624899,-69.50731214434398,0.00026152226719761563
high,46.85,-69.41545462484652,-69.41897421399392,-69.50742063064332,0.000260651977595451
high,46.86000000000001,-69.41567398503706,-69.41918203416402,-69.50752913658944,0.000259784584129052
high,46.870000000000005,-69.41589316954847,-69.41938971692822,-69.5076376620905,0.00025892007716070534
high,46.88,-69.4161121786764,-69.41959726245514,-69.50774620705484,0.00025805844708476827
high,46.89,-69.41633101271596,-69.41980467091321,-69.50785477139094,0.00025719968432756516
high,46.900000000000006,-69.41654967196153,-69.42001194247057,-69.50796335500752,0.00025634377934727765
high,46.91000000000001,-69.41676815670691,-69.42021907729514,-69.50807195781337,0.0002554907226338429
high,46.92,-69.4169864672451,-69.42042607555466,-69.50818057971756,0.00025464050470884404
high,46.93000000000001,-69.41720460386858,-69.42063293741654,-69.50828922062924,0.0002537931161254058
high,46.940000000000005,-69.41742256686916,-69.420839663048,-69.50839788045778,0.00025294854746809144
high,46.95,-69.41764035653792,-69.42104625261602,-69.50850655911269,0.00025210678935279535
high,46.96,-69.41785797316535,-69.42125270628735,-69.50861525650369,0.0002512678324266418
high,46.970000000000006,-69.4180754170413,-69.42145902422845,-69.50872397254062,0.0002504316673678771
high,46.980000000000004,-69.41829268845493,-69.42166520660561,-69.50883270713351,0.0002495982848857716
high,46.99,-69.41850978769479,-69.42187125358487,-69.50894146019257,0.0002487676757205101
high,47.00000000000001,-69.41872671504878,-69.42207716533201,-69.50905023162817,0.00024793983064309367
high,47.010000000000005,-69.41894347080412,-69.42228294201257,-69.50915902135081,0.0002471147404552357
high,47.02,-69.41916005524749,-69.42248858379186,-69.50926782927122,0.000246292395989258
high,47.03,-69.41937646866481,-69.42269409083498,-69.50937665530027,0.0002454727881079923
high,47.040000000000006,-69.41959271134144,-69.42289946330676,-69.50948549934898,0.00024465590770467453
high,47.050000000000004,-69.41980878356206,-69.42310470137183,-69.50959436132858,0.00024384174570284923
high,47.06,-69.42002468561076,-69.42330980519453,-69.50970324115042,0.00024303029305626213
high,47.07,-69.420240417771,-69.42351477493905,-69.50981213872603,0.00024222154074876533
high,47.080000000000005,-69.42045598032553,-69.42371961076925,-69.5099210539671,0.00024141547979421288
high,47.09,-69.42067137355654,-69.42392431284883,-69.51002998678553,0.00024061210123636398
high,47.1,-69.42088659774565,-69.42412888134119,-69.51013893709332,0.0002398113961487825
high,47.11000000000001,-69.42110165317368,-69.42433331640957,-69.51024790480265,0.0002390133556347357
high,47.120000000000005,-69.421316540121,-69.42453761821693,-69.51035688982591,0.0002382179708271002
high,47.13,-69.42153125886726,-69.42474178692599,-69.51046589207563,0.0002374252328882576
high,47.14,-69.42174580969152,-69.42494582269929,-69.51057491146446,0.00023663513301000136
high,47.150000000000006,-69.4219601928722,-69.42514972569906,-69.51068394790529,0.00023584766241343478
high,47.160000000000004,-69.42217440868717,-69.42535349608737,-69.51079300131109,0.00023506281234887745
high,47.17,-69.42238845741358,-69.42555713402602,-69.5109020715951,0.00023428057409576373
high,47.18000000000001,-69.42260233932805,-69.42576063967658,-69.51101115867063,0.00023350093896255065
high,47.190000000000005,-69.42281605470654,-69.42596401320039,-69.51112026245117,0.00023272389828661762
high,47.2,-69.4230296038244,-69.42616725475858,-69.5112293828504,0.00023194944343417055
high,47.21,-69.42324298695642,-69.42637036451204,-69.51133851978213,0.00023117756580014838
high,47.220000000000006,-69.42345620437672,-69.42657334262138,-69.51144767316036,0.00023040825680812414
high,47.230000000000004,-69.42366925635885,-69.42677618924708,-69.51155684289927,0.00022964150791021307
high,47.24,-69.4238821431757,-69.42697890454927,-69.51166602891315,0.0002288773105869739
high,47.25000000000001,-69.42409486509963,-69.42718148868794,-69.51177523111647,0.0002281156563473186
high,47.260000000000005,-69.42430742240239,-69.42738394182284,-69.51188444942387,0.00022735653672841433
high,47.27,-69.42451981535507,-69.42758626411344,-69.51199368375013,0.00022659994329559026
high,47.28,-69.42473204422818,-69.42778845571904,-69.51210293401023,0.00022584586764224553
high,47.290000000000006,-69.42494410929167,-69.42799051679866,-69.51221220011928,0.0002250943013897533
high,47.300000000000004,-69.42515601081485,-69.42819244751112,-69.51232148199256,0.0002243452361873705
high,47.31,-69.4253677490665,-69.42839424801504,-69.5124307795455,0.00022359866371214146
high,47.32,-69.4255793243147,-69.42859591846876,-69.5125400926937,0.00022285457566881042
high,47.330000000000005,-69.42579073682704,-69.42879745903039,-69.5126494213529,0.00022211296378972362
high,47.34000000000001,-69.42600198687046,-69.42899886985788,-69.51275876543905,0.00022137381983474184
high,47.35,-69.42621307471133,-69.42920015110886,-69.51286812486816,0.0002206371355911472
high,47.36000000000001,-69.42642400061546,-69.42940130294083,-69.51297749955651,0.00021990290287355092
high,47.370000000000005,-69.42663476484798,-69.42960232551098,-69.51308688942045,0.00021917111352380488
high,47.38,-69.42684536767356,-69.42980321897632,-69.51319629437657,0.00021844175941090763
high,47.39,-69.42705580935619,-69.43000398349363,-69.51330571434153,0.00021771483243091858
high,47.400000000000006,-69.42726609015934,-69.43020461921947,-69.51341514923222,0.00021699032450686273
high,47.410000000000004,-69.4274762103459,-69.43040512631013,-69.51352459896565,0.0002162682275886453
high,47.42,-69.42768617017809,-69.43060550492173,-69.51363406345898,0.00021554853365295896
high,47.43000000000001,-69.42789596991767,-69.43080575521014,-69.51374354262954,0.0002148312347031975
high,47.440000000000005,-69.42810560982575,-69.431005877331,-69.51385303639483,0.00021411632276936552
high,47.45,-69.42831509016291,-69.43120587143974,-69.51396254467248,0.00021340378990798863
high,47.46,-69.4285244111891,-69.43140573769156,-69.51407206738031,0.00021269362820202923
high,47.470000000000006,-69.42873357316377,-69.43160547624143,-69.51418160443625,0.00021198582976079323
high,47.480000000000004,-69.42894257634575,-69.4318050872441,-69.5142911557584,0.00021128038671984698
high,47.49,-69.4291514209933,-69.4320045708541,-69.51440072126505,0.00021057729124092644
high,47.5,-69.42936010736415,-69.43220392722576,-69.51451030087459,0.00020987653551185319
high,47.510000000000005,-69.42956863571543,-69.43240315651313,-69.51461989450561,0.0002091781117464441
high,47.52000000000001,-69.42977700630371,-69.43260225887008,-69.51472950207682,0.00020848201218442904
high,47.53,-69.429985219385,-69.43280123445025,-69.51483912350713,0.0002077882290913613
high,47.540000000000006,-69.43019327521479,-69.43300008340707,-69.51494875871555,0.00020709675475853194
high,47.550000000000004,-69.43040117404796,-69.43319880589372,-69.51505840762125,0.00020640758150288643
high,47.56,-69.4306089161388,-69.43339740206319,-69.5151680701436,0.00020572070166693633
high,47.57,-69.43081650174113,-69.43359587206824,-69.51527774620209,0.00020503610761867715
high,47.580000000000005,-69.43102393110814,-69.43379421606137,-69.51538743571636,0.00020435379175150025
high,47.59000000000001,-69.43123120449252,-69.43399243419492,-69.51549713860622,0.0002036737464841122
high,47.6,-69.43143832214636,-69.43419052662097,-69.5156068547916,0.00020299596426044753
high,47.61000000000001,-69.43164528432125,-69.4343884934914,-69.51571658419259,0.00020232043754958497
high,47.620000000000005,-69.43185209126815,-69.43458633495784,-69.51582632672947,0.0002016471588456659
high,47.63,-69.43205874323758,-69.43478405117175,-69.51593608232264,0.00020097612066780816
high,47.64,-69.43226524047938,-69.43498164228433,-69.51604585089267,0.0002003073155600259
high,47.650000000000006,-69.43247158324296,-69.43517910844659,-69.51615563236022,0.00019964073609114326
high,47.660000000000004,-69.43267777177714,-69.43537644980928,-69.51626542664621,0.0001989763748547163
high,47.67,-69.4328838063302,-69.43557366652298,-69.51637523367158,0.00019831422446894552
high,47.68000000000001,-69.43308968714985,-69.43577075873804,-69.51648505335754,0.00019765427757659798
high,47.690000000000005,-69.43329541448328,-69.43596772660456,-69.51659488562538,0.00019699652684492406
high,47.7,-69.43350098857718,-69.43616457027245,-69.51670473039654,0.00019634096496557474
high,47.71,-69.43370640967761,-69.4363612898914,-69.51681458759265,0.00019568758465452312
high,47.720000000000006,-69.43391167803017,-69.43655788561085,-69.51692445713545,0.00019503637865198026
high,47.730000000000004,-69.43411679387992,-69.43675435758013,-69.51703433894684,0.00019438733972231852
high,47.74,-69.43432175747135,-69.43695070594822,-69.51714423294891,0.0001937404606539866
high,47.75,-69.43452656904844,-69.43714693086395,-69.51725413906384,0.00019309573425943324
high,47.760000000000005,-69.43473122885466,-69.43734303247595,-69.51736405721395,0.00019245315337502455
high,47.77000000000001,-69.43493573713288,-69.43753901093258,-69.51747398732178,0.00019181271086096634
high,47.78,-69.43514009412546,-69.43773486638202,-69.51758392930994,0.0001911743996012251
high,47.790000000000006,-69.4353443000743,-69.43793059897226,-69.51769388310123,0.0001905382125034459
high,47.800000000000004,-69.43554835522073,-69.438126208851,-69.51780384861861,0.00018990414249887735
high,47.81,-69.43575225980554,-69.43832169616583,-69.51791382578514,0.00018927218254228997
high,47.82,-69.435956014069,-69.43851706106402,-69.5180238145241,0.00018864232561190066
high,47.830000000000005,-69.43615961825088,-69.43871230369268,-69.51813381475883,0.00018801456470929185
high,47.84,-69.4363630725904,-69.4389074241987,-69.51824382641283,0.00018738889285933676
high,47.85,-69.43656637732626,-69.43910242272875,-69.51835384940982,0.00018676530311011836
high,47.86000000000001,-69.4367695326967,-69.43929729942931,-69.5184638836736,0.00018614378853285633
high,47.870000000000005,-69.43697253893937,-69.43949205444662,-69.51857392912815,0.0001855243422218267
high,47.88,-69.43717539629145,-69.43968668792671,-69.51868398569755,0.0001849069572942857
high,47.89,-69.43737810498958,-69.43988120001544,-69.51879405330607,0.00018429162689039506
high,47.900000000000006,-69.43758066526986,-69.44007559085837,-69.51890413187809,0.00018367834417314333
high,47.910000000000004,-69.43778307736798,-69.44026986060094,-69.51901422133817,0.00018306710232827243
high,47.92,-69.43798534151901,-69.44046400938834,-69.51912432161099,0.00018245789456419908
high,47.93000000000001,-69.43818745795755,-69.44065803736551,-69.51923443262139,0.00018185071411194273
high,47.940000000000005,-69.4383894269177,-69.44085194467725,-69.5193445542943,0.0001812455542250478
high,47.95000000000001,-69.43859124863303,-69.44104573146811,-69.5194546865549,0.00018064240817950857
high,47.96,-69.43879292333665,-69.44123939788246,-69.5195648293284,0.00018004126927369677
high,47.970000000000006,-69.43899445126108,-69.44143294406437,-69.51967498254025,0.0001794421308282844
high,47.980000000000004,-69.43919583263845,-69.44162637015782,-69.51978514611595,0.00017884498618617216
high,47.99,-69.43939706770028,-69.44181967630651,-69.51989531998122,0.00017824982871241242
high,48.0,-69.43959815667769,-69.44201286265395,-69.52000550406188,0.0001776566517941395
high,48.010000000000005,-69.43979909980118,-69.44220592934344,-69.52011569828393,0.00017706544884049172
high,48.02000000000001,-69.43999989730088,-69.44239887651807,-69.52022590257344,0.00017647621328254165
high,48.03,-69.44020054940633,-69.44259170432072,-69.5203361168567,0.00017588893857322166
high,48.040000000000006,-69.4404010563466,-69.44278441289406,-69.52044634106008,0.0001753036181872507
high,48.050000000000004,-69.4406014183503,-69.44297700238056,-69.52055657511015,0.0001747202456210634
high,48.06,-69.4408016356455,-69.44316947292246,-69.52066681893356,0.00017413881439273546
high,48.07,-69.4410017084598,-69.44336182466184,-69.52077707245715,0.00017355931804191523
high,48.080000000000005,-69.44120163702027,-69.4435540577405,-69.5208873356079,0.00017298175012974736
high,48.09,-69.44140142155355,-69.44374617230011,-69.52099760831287,0.00017240610423880533
high,48.1,-69.4416010622858,-69.44393816848208,-69.52110789049934,0.00017183237397301718
high,48.11000000000001,-69.44180055944257,-69.44413004642762,-69.52121818209467,0.00017126055295759625
high,48.120000000000005,-69.44199991324909,-69.44432180627778,-69.5213284830264,0.0001706906348389707
high,48.13000000000001,-69.44219912392997,-69.44451344817334,-69.52143879322215,0.00017012261328471027
high,48.14,-69.44239819170943,-69.44470497225493,-69.52154911260976,0.00016955648198345907
high,48.150000000000006,-69.44259711681113,-69.44489637866292,-69.52165944111714,0.00016899223464486292
high,48.160000000000004,-69.44279589945832,-69.4450876675375,-69.5217697786724,0.00016842986499950174
high,48.17,-69.4429945398737,-69.4452788390187,-69.52188012520372,0.00016786936679881752
high,48.18,-69.44319303827955,-69.44546989324628,-69.52199048063946,0.00016731073381504727
high,48.190000000000005,-69.44339139489763,-69.4456608303598,-69.52210084490815,0.00016675395984115126
high,48.20000000000001,-69.44358960994927,-69.44585165049867,-69.52221121793839,0.00016619903869074712
high,48.21,-69.44378768365527,-69.44604235380204,-69.52232159965894,0.00016564596419803862
high,48.220000000000006,-69.44398561623602,-69.4462329404089,-69.5224319899987,0.0001650947302177473
high,48.230000000000004,-69.44418340791132,-69.44642341045798,-69.52254238888672,0.00016454533062504605
high,48.24,-69.44438105890065,-69.44661376408789,-69.52265279625217,0.0001639977593154888
high,48.25,-69.4445785694229,-69.44680400143693,-69.5227632120244,0.00016345201020494477
high,48.260000000000005,-69.44477593969654,-69.44699412264329,-69.52287363613281,0.00016290807722952848
high,48.27000000000001,-69.44497316993959,-69.44718412784495,-69.52298406850701,0.0001623659543455355
high,48.28,-69.44517026036957,-69.44737401717964,-69.52309450907671,0.00016182563552937266
high,48.290000000000006,-69.44536721120352,-69.4475637907849,-69.52320495777178,0.00016128711477749136
high,48.300000000000004,-69.44556402265802,-69.44775344879808,-69.52331541452224,0.00016075038610632275
high,48.31,-69.44576069494923,-69.44794299135634,-69.52342587925817,0.00016021544355220886
high,48.32,-69.44595722829281,-69.44813241859663,-69.52353635190984,0.00015968228117133862
high,48.330000000000005,-69.44615362290396,-69.44832173065568,-69.52364683240766,0.00015915089303967917
high,48.34,-69.44634987899745,-69.44851092767006,-69.52375732068217,0.00015862127325291366
high,48.35,-69.44654599678753,-69.44870000977612,-69.52386781666402,0.00015809341592637146
high,48.36000000000001,-69.44674197648807,-69.44888897710997,-69.523978320284,0.00015756731519496602
high,48.370000000000005,-69.44693781831238,-69.44907782980759,-69.52408883147308,0.00015704296521312856
high,48.38000000000001,-69.44713352247341,-69.44926656800472,-69.52419935016229,0.0001565203601547419
high,48.39,-69.44732908918363,-69.44945519183693,-69.52430987628287,0.0001559994942130792
high,48.400000000000006,-69.447524518655,-69.44964370143954,-69.52442040976612,0.00015548036160073405
high,48.410000000000004,-69.44771981109909,-69.44983209694769,-69.52453095054354,0.00015496295654956243
high,48.42,-69.44791496672698,-69.45002037849636,-69.52464149854669,0.0001544472733106131
high,48.43,-69.44810998574937,-69.45020854622031,-69.52475205370735,0.0001539333061540676
high,48.440000000000005,-69.44830486837641,-69.45039660025408,-69.52486261595732,0.00015342104936917386
high,48.45000000000001,-69.44849961481789,-69.45058454073204,-69.52497318522866,0.0001529104972641846
high,48.46,-69.44869422528303,-69.45077236778835,-69.52508376145347,0.0001524016441662942
high,48.470000000000006,-69.44888869998078,-69.45096008155699,-69.52519434456401,0.00015189448442157324
high,48.480000000000004,-69.44908303911951,-69.45114768217172,-69.52530493449268,0.00015138901239490887
high,48.49,-69.44927724290719,-69.45133516976612,-69.52541553117197,0.00015088522246993943
high,48.5,-69.4494713115513,-69.45152254447353,-69.52552613453459,0.0001503831090489945
high,48.510000000000005,-69.44966524525898,-69.45170980642719,-69.52563674451328,0.0001498826665530303
high,48.52,-69.44985904423686,-69.45189695576005,-69.52574736104097,0.0001493838894215701
high,48.53,-69.45005270869108,-69.4520839926049,-69.52585798405072,0.00014888677211263979
high,48.540000000000006,-69.45024623882745,-69.45227091709432,-69.52596861347567,0.0001483913091027094
high,48.550000000000004,-69.45043963485128,-69.45245772936076,-69.52607924924915,0.00014789749488662934
high,48.56000000000001,-69.45063289696749,-69.45264442953639,-69.5261898913046,0.00014740532397756933
high,48.57,-69.45082602538047,-69.45283101775321,-69.52630053957556,0.00014691479090695914
high,48.580000000000005,-69.45101902029427,-69.45301749414307,-69.52641119399573,0.00014642589022442583
high,48.59,-69.45121188191246,-69.45320385883758,-69.52652185449894,0.00014593861649773505
high,48.6,-69.45140461043819,-69.45339011196816,-69.52663252101912,0.00014545296431272848
high,48.61000000000001,-69.4515972060742,-69.45357625366606,-69.52674319349038,0.0001449689282732665
high,48.620000000000005,-69.45178966902274,-69.45376228406232,-69.5268538718469,0.00014448650300116596
high,48.63000000000001,-69.45198199948568,-69.4539482032878,-69.52696455602303,0.00014400568313614054
high,48.64,-69.45217419766448,-69.45413401147312,-69.52707524595324,0.00014352646333574287
high,48.650000000000006,-69.4523662637601,-69.45431970874878,-69.5271859415721,0.00014304883827530307
high,48.660000000000004,-69.45255819797313,-69.45450529524506,-69.52729664281435,0.0001425728026478716
high,48.67,-69.45275000050373,-69.454690771092,-69.52740734961482,0.00014209835116415804
high,48.68,-69.45294167155161,-69.45487613641956,-69.5275180619085,0.00014162547855247544
high,48.690000000000005,-69.45313321131609,-69.45506139135738,-69.52762877963045,0.000141154179558678
high,48.70000000000001,-69.45332461999607,-69.45524653603499,-69.52773950271595,0.00014068444894610563
high,48.71,-69.45351589778993,-69.45543157058171,-69.5278502311003,0.00014021628149552473
high,48.720000000000006,-69.45370704489578,-69.45561649512663,-69.52796096471903,0.00013974967200506912
high,48.730000000000004,-69.45389806151124,-69.45580130979874,-69.5280717035077,0.00013928461529018522
high,48.74000000000001,-69.45408894783348,-69.45598601472678,-69.52818244740207,0.00013882110618357055
high,48.75,-69.4542797040593,-69.45617061003927,-69.52829319633797,0.00013835913953511974
high,48.760000000000005,-69.45447033038508,-69.45635509586461,-69.5284039502514,0.00013789871021186473
high,48.77,-69.45466082700679,-69.45653947233096,-69.52851470907848,0.0001374398130979199
high,48.78,-69.4548511941199,-69.45672373956633,-69.52862547275541,0.00013698244309442328
high,48.790000000000006,-69.45504143191961,-69.4569078976985,-69.52873624121854,0.00013652659511948116
high,48.800000000000004,-69.4552315406006,-69.45709194685509,-69.52884701440439,0.00013607226410811214
high,48.81000000000001,-69.4554215203572,-69.45727588716353,-69.52895779224953,0.0001356194450121884
high,48.82,-69.45561137138327,-69.45745971875105,-69.5290685746907,0.00013516813280038258
high,48.830000000000005,-69.45580109387231,-69.4576434417447,-69.52917936166475,0.00013471832245810935
high,48.84,-69.45599068801741,-69.45782705627134,-69.52929015310866,0.00013427000898747187
high,48.85,-69.45618015401122,-69.45801056245763,-69.52940094895953,0.0001338231874072043
high,48.86,-69.45636949204602,-69.4581939604301,-69.52951174915458,0.00013337785275261823
high,48.870000000000005,-69.45655870231367,-69.45837725031501,-69.52962255363114,0.0001329340000755456
high,48.88000000000001,-69.45674778500562,-69.45856043223849,-69.52973336232671,0.00013249162444428614
high,48.89,-69.45693674031291,-69.45874350632646,-69.52984417517888,0.0001320507209435505
high,48.900000000000006,-69.4571255684262,-69.45892647270468,-69.52995499212533,0.00013161128467440586
high,48.910000000000004,-69.45731426953577,-69.45910933149868,-69.53006581310392,0.00013117331075422297
high,48.92,-69.45750284383142,-69.45929208283385,-69.5301766380526,0.00013073679431661997
high,48.93,-69.45769129150261,-69.45947472683538,-69.53028746690944,0.0001303017305114102
high,48.940000000000005,-69.45787961273841,-69.45965726362824,-69.53039829961266,0.0001298681145045462
high,48.95000000000001,-69.45806780772745,-69.45983969333727,-69.53050913610058,0.00012943594147806856
high,48.96,-69.45825587665797,-69.46002201608711,-69.53061997631163,0.00012900520663005035
high,48.970000000000006,-69.45844381971791,-69.4602042320022,-69.53073082018437,0.0001285759051745439
high,48.980000000000004,-69.45863163709467,-69.4603863412068,-69.53084166765751,0.0001281480323415291
high,48.99000000000001,-69.45881932897534,-69.460568343825,-69.53095251866982,0.00012772158337685826
high,49.0,-69.4590068955466,-69.46075023998065,-69.53106337316025,0.00012729655354220624
high,49.010000000000005,-69.45919433699473,-69.46093202979755,-69.53117423106785,0.0001268729381150137
high,49.02,-69.45938165350566,-69.46111371339914,-69.53128509233179,0.00012645073238843924
high,49.03,-69.45956884526484,-69.46129529090885,-69.53139595689133,0.00012602993167130317
high,49.040000000000006,-69.45975591245747,-69.46147676244978,-69.53150682468588,0.00012561053128803783
high,49.050000000000004,-69.4599428552682,-69.46165812814493,-69.531617695655,0.00012519252657863485
high,49.06000000000001,-69.46012967388143,-69.46183938811713,-69.53172856973829,0.0001247759128985925
high,49.07,-69.46031636848112,-69.46202054248899,-69.53183944687552,0.00012436068561886654
high,49.080000000000005,-69.46050293925083,-69.46220159138294,-69.53195032700658,0.00012394684012581554
high,49.09,-69.46068938637373,-69.46238253492122,-69.53206121007148,0.00012353437182115244
high,49.1,-69.46087571003264,-69.46256337322593,-69.53217209601031,0.00012312327612189138
high,49.11,-69.46106191041,-69.46274410641897,-69.53228298476333,0.00012271354846029862
high,49.120000000000005,-69.46124798768784,-69.46292473462204,-69.53239387627087,0.0001223051842838399
high,49.13000000000001,-69.46143394204782,-69.46310525795667,-69.53250477047342,0.00012189817905513131
high,49.14,-69.46161977367125,-69.46328567654423,-69.53261566731157,0.00012149252825188896
high,49.150000000000006,-69.461805482739,-69.46346599050591,-69.53272656672603,0.00012108822736687688
high,49.160000000000004,-69.46199106943158,-69.46364619996268,-69.53283746865763,0.00012068527190785931
high,49.17000000000001,-69.46217653392918,-69.46382630503537,-69.53294837304729,0.00012028365739754878
high,49.18,-69.46236187641156,-69.4640063058446,-69.53305927983607,0.00011988337937355815
high,49.190000000000005,-69.46254709705813,-69.46418620251086,-69.53317018896514,0.00011948443338834927
high,49.2,-69.4627321960479,-69.46436599515442,-69.5332811003758,0.0001190868150091853
high,49.21,-69.46291717355953,-69.46454568389538,-69.53339201400946,0.00011869051981807952
high,49.220000000000006,-69.46310202977129,-69.46472526885366,-69.53350292980763,0.00011829554341174855
high,49.230000000000004,-69.4632867648611,-69.464904750149,-69.53361384771195,0.00011790188140156165
high,49.24000000000001,-69.46347137900646,-69.46508412790101,-69.53372476766418,0.00011750952941349198
high,49.25,-69.46365587238458,-69.46526340222903,-69.53383568960619,0.0001171184830880694
high,49.260000000000005,-69.46384024517225,-69.4654425732523,-69.53394661347996,0.00011672873808033026
high,49.27,-69.46402449754589,-69.46562164108988,-69.53405753922759,0.00011634029005977093
high,49.28,-69.46420862968156,-69.46580060586062,-69.53416846679129,0.00011595313471029766
high,49.290000000000006,-69.46439264175497,-69.46597946768318,-69.53427939611335,0.00011556726773018099
high,49.300000000000004,-69.46457653394145,-69.4661582266761,-69.5343903271363,0.00011518268483200604
high,49.31000000000001,-69.46476030641595,-69.46633688295769,-69.53450125980262,0.0001147993817426251
high,49.32,-69.46494395935309,-69.46651543664615,-69.53461219405501,0.0001144173542031115
high,49.330000000000005,-69.46512749292712,-69.46669388785944,-69.53472312983627,0.0001140365979687102
high,49.34,-69.46531090731189,-69.46687223671536,-69.53483406708925,0.0001136571088087933
high,49.35000000000001,-69.46549420268094,-69.46705048333155,-69.53494500575701,0.00011327888250681003
high,49.36,-69.46567737920743,-69.46722862782548,-69.53505594578264,0.00011290191486024248
high,49.370000000000005,-69.46586043706417,-69.46740667031442,-69.5351668871094,0.00011252620168055693
high,49.38000000000001,-69.46604337642357,-69.46758461091551,-69.53527782968062,0.00011215173879315884
high,49.39,-69.46622619745771,-69.46776244974566,-69.53538877343979,0.00011177852203734582
high,49.400000000000006,-69.46640890033834,-69.46794018692164,-69.53549971833047,0.00011140654726626057
high,49.410000000000004,-69.46659148523683,-69.46811782256005,-69.53561066429633,0.00011103581034684706
high,49.42000000000001,-69.4667739523242,-69.4682953567773,-69.53572161128118,0.00011066630715980176
high,49.43,-69.46695630177108,-69.46847278968964,-69.53583255922894,0.00011029803359953032
high,49.440000000000005,-69.46713853374781,-69.46865012141313,-69.53594350808363,0.00010993098557410011
high,49.45,-69.46732064842432,-69.4688273520637,-69.53605445778939,0.00010956515900519634
high,49.46,-69.46750264597024,-69.46900448175705,-69.53616540829047,0.00010920054982807518
high,49.470000000000006,-69.46768452655482,-69.46918151060875,-69.5362763595312,0.00010883715399151984
high,49.480000000000004,-69.46786629034696,-69.46935843873418,-69.53638731145605,0.00010847496745779562
high,49.49000000000001,-69.4680479375152,-69.46953526624856,-69.53649826400965,0.0001081139862026034
high,49.5,-69.46822946822775,-69.46971199326691,-69.53660921713663,0.00010775420621503703
high,49.510000000000005,-69.46841088265248,-69.46988861990414,-69.53672017078182,0.00010739562349753699
high,49.52,-69.46859218095689,-69.4700651462749,-69.5368311248901,0.00010703823406584757
high,49.53,-69.46877336330816,-69.47024157249378,-69.53694207940651,0.000106682033948971
high,49.54,-69.4689544298731,-69.47041789867508,-69.53705303427618,0.00010632701918912495
high,49.550000000000004,-69.46913538081819,-69.47059412493303,-69.53716398944435,0.00010597318584169675
high,49.56000000000001,-69.46931621630955,-69.47077025138165,-69.53727494485635,0.00010562052997520167
high,49.57,-69.46949693651302,-69.47094627813479,-69.53738590045768,0.0001052690476712376
high,49.580000000000005,-69.469677541594,-69.4711222053061,-69.53749685619384,0.00010491873502444158
high,49.59,-69.46985803171762,-69.47129803300913,-69.53760781201056,0.00010456958814244765
high,49.60000000000001,-69.47003840704866,-69.47147376135723,-69.5377187678536,0.00010422160314584187
high,49.61,-69.47021866775152,-69.47164939046354,-69.53782972366886,0.00010387477616812161
high,49.620000000000005,-69.4703988139903,-69.47182492044108,-69.53794067940234,0.0001035291033556491
high,49.63000000000001,-69.47057884592874,-69.47200035140268,-69.53805163500016,0.00010318458086761252
high,49.64,-69.47075876373029,-69.47217568346106,-69.5381625904085,0.00010284120487598068
high,49.650000000000006,-69.47093856755802,-69.47235091672869,-69.5382735455737,0.00010249897156546086
high,49.660000000000004,-69.47111825757466,-69.47252605131787,-69.53838450044222,0.00010215787713345757
high,49.67000000000001,-69.47129783394264,-69.47270108734084,-69.53849545496057,0.00010181791779002865
high,49.68,-69.47147729682402,-69.47287602490955,-69.5386064090754,0.00010147908975784525
high,49.690000000000005,-69.47165664638052,-69.47305086413587,-69.53871736273346,0.00010114138927214746
high,49.7,-69.47183588277363,-69.47322560513146,-69.53882831588163,0.00010080481258070453
high,49.71,-69.47201500616434,-69.47340024800782,-69.53893926846686,0.00010046935594377161
high,49.720000000000006,-69.47219401671346,-69.47357479287628,-69.53905022043624,0.00010013501563404949
high,49.730000000000004,-69.4723729145814,-69.47374923984802,-69.53916117173694,9.980178793664258e-05
high,49.74000000000001,-69.47255169992825,-69.47392358903404,-69.53927212231622,9.946966914901692e-05
high,49.75,-69.47273037291374,-69.4740978405452,-69.5393830721215,9.913865558096107e-05
high,49.760000000000005,-69.47290893369733,-69.47427199449214,-69.53949402110025,9.880874355454256e-05
high,49.77,-69.47308738243811,-69.4744460509854,-69.53960496920011,9.847992940406916e-05
high,49.78000000000001,-69.47326571929491,-69.47462001013535,-69.53971591636879,9.815220947604657e-05
high,49.79,-69.47344394442615,-69.47479387205213,-69.53982686255405,9.782558012913923e-05
high,49.800000000000004,-69.47362205798999,-69.47496763684579,-69.53993780770386,9.75000377341285e-05
high,49.81000000000001,-69.4738000601442,-69.47514130462615,-69.54004875176622,9.717557867387325e-05
high,49.82,-69.4739779510463,-69.47531487550293,-69.54015969468925,9.685219934327005e-05
high,49.830000000000005,-69.47415573085341,-69.47548834958566,-69.54027063642121,9.652989614921138e-05
high,49.84,-69.47433339972245,-69.47566172698367,-69.54038157691042,9.62086655105476e-05
high,49.85000000000001,-69.47451095780988,-69.47583500780623,-69.5404925161053,9.588850385804584e-05
high,49.86,-69.47468840527195,-69.47600819216233,-69.54060345395443,9.556940763435136e-05
high,49.870000000000005,-69.4748657422645,-69.47618128016083,-69.54071439040644,9.5251373293947e-05
high,49.88,-69.4750429689431,-69.4763542719105,-69.54082532541007,9.493439730311492e-05
high,49.89,-69.47522008546304,-69.47652716751985,-69.54093625891419,9.461847613989588e-05
high,49.900000000000006,-69.47539709197919,-69.47669996709729,-69.54104719086776,9.430360629405203e-05
high,49.910000000000004,-69.47557398864623,-69.47687267075106,-69.54115812121984,9.398978426702625e-05
high,49.92000000000001,-69.47575077561844,-69.4770452785892,-69.54126904991958,9.367700657190358e-05
high,49.93,-69.47592745304979,-69.47721779071966,-69.54137997691625,9.33652697333734e-05
high,49.940000000000005,-69.47610402109395,-69.47739020725015,-69.54149090215924,9.305457028768935e-05
high,49.95,-69.47628047990428,-69.47756252828826,-69.54160182559801,9.274490478263287e-05
high,49.96000000000001,-69.47645682963385,-69.47773475394142,-69.54171274718213,9.243626977747242e-05
high,49.970000000000006,-69.47663307043534,-69.47790688431691,-69.54182366686129,9.212866184292715e-05
high,49.980000000000004,-69.47680920246123,-69.47807891952183,-69.54193458458525,9.182207756112811e-05
high,49.99000000000001,-69.47698522586364,-69.47825085966312,-69.5420455003039,9.151651352557984e-05
high,50.0,-69.47716114079432,-69.47842270484757,-69.54215641396722,9.121196634112354e-05
high,50.010000000000005,-69.4773369474048,-69.4785944551818,-69.54226732552526,9.090843262389797e-05
high,50.02,-69.47751264584628,-69.47876611077231,-69.54237823492824,9.060590900130384e-05
high,50.03000000000001,-69.47768823626961,-69.47893767172536,-69.54248914212643,9.03043921119639e-05
high,50.04,-69.47786371882538,-69.47910913814714,-69.54260004707021,9.000387860568781e-05
high,50.050000000000004,-69.47803909366387,-69.47928051014364,-69.54271094971007,8.970436514343312e-05
high,50.06000000000001,-69.47821436093501,-69.47945178782068,-69.5428218499966,8.940584839726958e-05
high,50.07,-69.47838952078847,-69.47962297128394,-69.5429327478805,8.910832505034153e-05
high,50.080000000000005,-69.47856457337363,-69.47979406063897,-69.54304364331253,8.881179179683048e-05
high,50.09,-69.47873951883953,-69.47996505599109,-69.54315453624358,8.85162453419201e-05
high,50.10000000000001,-69.47891435733492,-69.48013595744554,-69.54326542662463,8.822168240175732e-05
high,50.11,-69.47908908900824,-69.48030676510736,-69.54337631440679,8.792809970341793e-05
high,50.120000000000005,-69.47926371400763,-69.48047747908143,-69.54348719954122,8.763549398486858e-05
high,50.13,-69.47943823248094,-69.48064809947248,-69.54359808197921,8.734386199493192e-05
high,50.14,-69.47961264457575,-69.48081862638512,-69.54370896167215,8.70532004932492e-05
high,50.150000000000006,-69.47978695043928,-69.48098905992373,-69.54381983857154,8.676350625024521e-05
high,50.160000000000004,-69.47996115021847,-69.4811594001926,-69.54393071262892,8.647477604709249e-05
high,50.17000000000001,-69.48013524406,-69.48132964729587,-69.54404158379599,8.618700667567423e-05
high,50.18,-69.48030923211022,-69.48149980133745,-69.54415245202452,8.590019493855036e-05
high,50.190000000000005,-69.48048311451518,-69.48166986242117,-69.54426331726637,8.561433764892047e-05
high,50.2,-69.48065689142065,-69.48183983065066,-69.54437417947355,8.532943163058988e-05
high,50.21000000000001,-69.48083056297212,-69.48200970612942,-69.54448503859811,8.504547371793276e-05
high,50.22,-69.48100412931474,-69.48217948896078,-69.5445958945922,8.476246075585903e-05
high,50.230000000000004,-69.4811775905934,-69.48234917924793,-69.54470674740811,8.448038959977638e-05
high,50.24000000000001,-69.48135094695273,-69.48251877709393,-69.54481759699821,8.41992571155586e-05
high,50.25,-69.481524198537,-69.48268828260161,-69.54492844331494,8.391906017950847e-05
high,50.260000000000005,-69.48169734549022,-69.48285769587372,-69.54503928631088,8.363979567832358e-05
high,50.27,-69.48187038795609,-69.4830270170128,-69.54515012593865,8.33614605090624e-05
high,50.28000000000001,-69.48204332607807,-69.48319624612128,-69.54526096215103,8.308405157910867e-05
high,50.29,-69.4822161599993,-69.48336538330145,-69.54537179490086,8.280756580613866e-05
high,50.300000000000004,-69.48238888986259,-69.48353442865537,-69.54548262414109,8.253200011808493e-05
high,50.31000000000001,-69.48256151581056,-69.48370338228504,-69.54559344982476,8.225735145310387e-05
high,50.32,-69.48273403798544,-69.48387224429223,-69.545704271905,8.198361675954089e-05
high,50.330000000000005,-69.48290645652924,-69.48404101477863,-69.54581509033503,8.171079299589634e-05
high,50.34,-69.48307877158366,-69.48420969384571,-69.54592590506819,8.143887713079253e-05
high,50.35000000000001,-69.48325098329013,-69.48437828159483,-69.54603671605791,8.116786614293884e-05
high,50.36,-69.48342309178979,-69.4845467781272,-69.54614752325772,8.089775702109987e-05
high,50.370000000000005,-69.48359509722346,-69.48471518354386,-69.5462583266212,8.062854676405993e-05
high,50.38,-69.48376699973173,-69.48488349794569,-69.54636912610208,8.036023238059148e-05
high,50.39000000000001,-69.48393879945488,-69.48505172143345,-69.54647992165417,8.009281088942054e-05
high,50.400000000000006,-69.4841104965329,-69.48521985410773,-69.54659071323134,7.982627931919458e-05
high,50.410000000000004,-69.48428209110554,-69.48538789606899,-69.5467015007876,7.956063470844913e-05
high,50.42000000000001,-69.48445358331222,-69.48555584741753,-69.54681228427705,7.929587410557424e-05
high,50.43,-69.48462497329214,-69.48572370825349,-69.54692306365385,7.903199456878327e-05
high,50.440000000000005,-69.48479626118413,-69.48589147867685,-69.54703383887227,7.876899316607823e-05
high,50.45,-69.48496744712683,-69.48605915878744,-69.5471446098867,7.85068669752189e-05
high,50.46000000000001,-69.48513853125856,-69.48622674868501,-69.5472553766516,7.824561308368903e-05
high,50.47,-69.48530951371735,-69.48639424846908,-69.54736613912152,7.798522858866527e-05
high,50.480000000000004,-69.48548039464103,-69.48656165823907,-69.5474768972511,7.772571059698352e-05
high,50.49000000000001,-69.48565117416703,-69.48672897809419,-69.54758765099511,7.746705622510794e-05
high,50.5,-69.4858218524326,-69.48689620813356,-69.54769840030838,7.720926259909878e-05
high,50.510000000000005,-69.4859924295747,-69.48706334845615,-69.5478091451458,7.695232685457936e-05
high,50.52,-69.48616290572997,-69.48723039916074,-69.54791988546243,7.669624613670572e-05
high,50.53000000000001,-69.48633328103482,-69.48739736034601,-69.5480306212134,7.644101760013363e-05
high,50.54,-69.48650355562539,-69.48756423211047,-69.54814135235387,7.61866384089881e-05
high,50.550000000000004,-69.48667372963753,-69.48773101455248,-69.54825207883916,7.593310573683065e-05
high,50.56,-69.48684380320681,-69.48789770777027,-69.54836280062466,7.568041676662954e-05
high,50.57000000000001,-69.48701377646859,-69.4880643118619,-69.54847351766587,7.542856869072653e-05
high,50.580000000000005,-69.48718364955786,-69.4882308269253,-69.54858422991836,7.517755871080721e-05
high,50.59,-69.48735342260939,-69.48839725305824,-69.54869493733779,7.492738403786933e-05
high,50.60000000000001,-69.48752309575772,-69.48856359035835,-69.5488056398799,7.467804189219152e-05
high,50.61,-69.48769266913708,-69.48872983892313,-69.54891633750057,7.442952950330314e-05
high,50.620000000000005,-69.48786214288143,-69.48889599884991,-69.54902703015573,7.41818441099525e-05
high,50.63,-69.48803151712444,-69.48906207023589,-69.54913771780139,7.393498296007763e-05
high,50.64000000000001,-69.48820079199957,-69.48922805317811,-69.54924840039368,7.368894331077395e-05
high,50.650000000000006,-69.48836996764001,-69.4893939477735,-69.54935907788884,7.34437224282652e-05
high,50.660000000000004,-69.48853904417865,-69.48955975411879,-69.54946975024315,7.319931758787247e-05
high,50.67000000000001,-69.4887080217481,-69.48972547231061,-69.54958041741301,7.295572607398365e-05
high,50.68,-69.48887690048075,-69.48989110244543,-69.54969107935489,7.271294518002414e-05
high,50.690000000000005,-69.48904568050872,-69.49005664461956,-69.54980173602539,7.247097220842556e-05
high,50.7,-69.48921436196387,-69.49022209892922,-69.54991238738116,7.222980447059737e-05
high,50.71000000000001,-69.48938294497773,-69.49038746547042,-69.55002303337895,7.198943928689515e-05
high,50.72,-69.48955142968168,-69.49055274433904,-69.55013367397561,7.174987398659246e-05
high,50.730000000000004,-69.48971981620674,-69.49071793563087,-69.55024430912805,7.151110590784986e-05
high,50.74000000000001,-69.48988810468376,-69.4908830394415,-69.55035493879333,7.12731323976864e-05
high,50.75,-69.49005629524324,-69.49104805586639,-69.55046556292854,7.103595081194961e-05
high,50.760000000000005,-69.49022438801548,-69.49121298500086,-69.55057618149088,7.079955851528579e-05
high,50.77,-69.4903923831305,-69.49137782694011,-69.55068679443764,7.056395288111187e-05
high,50.78000000000001,-69.49056028071809,-69.49154258177916,-69.55079740172619,7.03291312915847e-05
high,50.79,-69.49072808090772,-69.49170724961292,-69.550908003314,7.009509113757332e-05
high,50.800000000000004,-69.49089578382866,-69.49187183053614,-69.55101859915865,6.986182981862896e-05
high,50.81,-69.49106338960993,-69.49203632464344,-69.55112918921779,6.962934474295697e-05
high,50.82000000000001,-69.49123089838022,-69.49220073202926,-69.55123977344908,6.939763332738714e-05
high,50.830000000000005,-69.49139831026805,-69.49236505278796,-69.5513503518104,6.916669299734616e-05
high,50.84,-69.49156562540165,-69.4925292870137,-69.55146092425964,6.893652118682795e-05
high,50.85000000000001,-69.49173284390898,-69.49269343480056,-69.5515714907548,6.870711533836538e-05
high,50.86,-69.49189996591777,-69.49285749624242,-69.55168205125392,6.847847290300243e-05
high,50.870000000000005,-69.4920669915555,-69.4930214714331,-69.55179260571524,6.825059134026504e-05
high,50.88,-69.4922339209494,-69.49318536046614,-69.55190315409695,6.80234681181337e-05
high,50.89000000000001,-69.49240075422638,-69.4933491634351,-69.5520136963574,6.779710071301439e-05
high,50.9,-69.49256749151324,-69.4935128804333,-69.55212423245506,6.757148660971183e-05
high,50.910000000000004,-69.49273413293639,-69.49367651155394,-69.5522347623484,6.73466233014e-05
high,50.92000000000001,-69.49290067862204,-69.49384005689011,-69.55234528599607,6.71225082895955e-05
high,50.93,-69.49306712869617,-69.4940035165347,-69.55245580335672,6.689913908412933e-05
high,50.940000000000005,-69.49323348328453,-69.49416689058054,-69.55256631438917,6.667651320311894e-05
high,50.95,-69.49339974251255,-69.49433017912028,-69.55267681905222,6.645462817294131e-05
high,50.96000000000001,-69.49356590650547,-69.4944933822464,-69.55278731730485,6.623348152820461e-05
high,50.97,-69.49373197538823,-69.49465650005129,-69.55289780910608,6.60130708117221e-05
high,50.980000000000004,-69.49389794928561,-69.49481953262719,-69.55300829441506,6.579339357448322e-05
high,50.99000000000001,-69.49406382832206,-69.4949824800662,-69.55311877319096,6.557444737562758e-05
high,51.00000000000001,-69.49422961262184,-69.49514534246026,-69.5532292453931,6.535622978241756e-05
high,51.010000000000005,-69.49439530230893,-69.49530811990122,-69.55333971098084,6.51387383702107e-05
high,51.02,-69.49456089750706,-69.49547081248073,-69.55345016991362,6.492197072243379e-05
high,51.03000000000001,-69.49472639833975,-69.49563342029039,-69.55356062215098,6.470592443055482e-05
high,51.04,-69.49489180493028,-69.49579594342156,-69.55367106765259,6.449059709405767e-05
high,51.050000000000004,-69.49505711740166,-69.49595838196554,-69.55378150637814,6.427598632041383e-05
high,51.06,-69.49522233587665,-69.49612073601347,-69.55389193828745,6.406208972505717e-05
high,51.07000000000001,-69.49538746047779,-69.49628300565634,-69.55400236334037,6.38489049313564e-05
high,51.080000000000005,-69.4955524913274,-69.49644519098503,-69.5541127814969,6.363642957058953e-05
high,51.09,-69.49571742854751,-69.49660729209025,-69.55422319271706,6.342466128191713e-05
high,51.10000000000001,-69.49588227225995,-69.4967693090626,-69.55433359696099,6.321359771235573e-05
high,51.11,-69.49604702258627,-69.49693124199256,-69.55444399418892,6.300323651675282e-05
high,51.120000000000005,-69.49621167964786,-69.49709309097041,-69.55455438436113,6.279357535775927e-05
high,51.13,-69.49637624356575,-69.49725485608637,-69.55466476743801,6.258461190580471e-05
high,51.14000000000001,-69.49654071446085,-69.4974165374305,-69.55477514338006,6.237634383907066e-05
high,51.15,-69.49670509245377,-69.49757813509271,-69.55488551214779,6.216876884346554e-05
high,51.160000000000004,-69.49686937766491,-69.49773964916275,-69.55499587370186,6.196188461259807e-05
high,51.17000000000001,-69.4970335702144,-69.49790107973033,-69.55510622800297,6.175568884775276e-05
high,51.18000000000001,-69.49719767022215,-69.4980624268849,-69.55521657501193,6.155017925786341e-05
high,51.190000000000005,-69.49736167780789,-69.49822369071589,-69.55532691468963,6.134535355948786e-05
high,51.2,-69.49752559309103,-69.49838487131254,-69.55543724699702,6.114120947678309e-05
high,51.21000000000001,-69.49768941619078,-69.49854596876393,-69.55554757189515,6.093774474147919e-05
high,51.22,-69.49785314722614,-69.4987069831591,-69.55565788934516,6.073495709285501e-05
high,51.230000000000004,-69.49801678631583,-69.49886791458684,-69.55576819930826,6.0532844277712055e-05
high,51.24,-69.4981803335784,-69.49902876313591,-69.55587850174572,6.0331404050350716e-05
high,51.25000000000001,-69.49834378913211,-69.49918952889485,-69.55598879661893,6.013063417254397e-05
high,51.260000000000005,-69.49850715309502,-69.49935021195213,-69.55609908388936,5.993053241351301e-05
high,51.27,-69.49867042558496,-69.4995108123961,-69.55620936351853,5.973109654990352e-05
high,51.28000000000001,-69.4988336067195,-69.4996713303149,-69.55631963546806,5.9532324365759104e-05
high,51.29,-69.49899669661605,-69.4998317657966,-69.55642989969965,5.933421365249789e-05
high,51.300000000000004,-69.49915969539168,-69.49999211892913,-69.55654015617509,5.913676220888751e-05
high,51.31,-69.49932260316332,-69.50015238980026,-69.55665040485623,5.893996784102137e-05
high,51.32000000000001,-69.49948542004766,-69.50031257849764,-69.55676064570501,5.874382836229317e-05
high,51.330000000000005,-69.49964814616115,-69.50047268510885,-69.55687087868348,5.8548341593373056e-05
high,51.34,-69.49981078161998,-69.50063270972123,-69.55698110375371,5.835350536218443e-05
high,51.35000000000001,-69.49997332654019,-69.50079265242208,-69.55709132087792,5.815931750387793e-05
high,51.36,-69.50013578103751,-69.50095251329851,-69.55720153001835,5.7965775860808717e-05
high,51.370000000000005,-69.50029814522752,-69.50111229243755,-69.55731173113733,5.777287828251188e-05
high,51.38,-69.5004604192255,-69.50127198992608,-69.5574219241973,5.758062262567944e-05
high,51.39000000000001,-69.50062260314657,-69.50143160585081,-69.55753210916076,5.7389006754135224e-05
high,51.4,-69.5007846971056,-69.50159114029839,-69.55764228599028,5.719802853881203e-05
high,51.410000000000004,-69.50094670121723,-69.50175059335528,-69.55775245464855,5.700768585772742e-05
high,51.42000000000001,-69.5011086155959,-69.50190996510786,-69.5578626150983,5.681797659596137e-05
high,51.43000000000001,-69.50127044035578,-69.50206925564233,-69.55797276730235,5.662889864563093e-05
high,51.440000000000005,-69.5014321756109,-69.50222846504482,-69.55808291122358,5.6440449905867846e-05
high,51.45,-69.50159382147498,-69.50238759340128,-69.558193046825,5.6252628282795686e-05
high,51.46000000000001,-69.50175537806156,-69.50254664079755,-69.55830317406964,5.6065431689505404e-05
high,51.47,-69.501916845484,-69.50270560731936,-69.55841329292065,5.587885804603292e-05
high,51.480000000000004,-69.50207822385534,-69.50286449305226,-69.55852340334123,5.569290527933553e-05
high,51.49,-69.50223951328847,-69.50302329808174,-69.5586335052947,5.5507571323270074e-05
high,51.50000000000001,-69.5024007138961,-69.50318202249312,-69.5587435987444,5.5322854118568166e-05
high,51.510000000000005,-69.50256182579061,-69.5033406663716,-69.55885368365381,5.513875161281422e-05
high,51.52,-69.50272284908426,-69.50349922980224,-69.55896375998643,5.495526176042364e-05
high,51.53000000000001,-69.50288378388905,-69.50365771287002,-69.55907382770587,5.477238252261791e-05
high,51.54,-69.50304463031675,-69.50381611565973,-69.55918388677583,5.459011186740369e-05
high,51.550000000000004,-69.50320538847896,-69.50397443825605,-69.55929393716005,5.440844776954935e-05
high,51.56,-69.50336605848703,-69.5041326807436,-69.55940397882237,5.4227388210563604e-05
high,51.57000000000001,-69.50352664045208,-69.50429084320675,-69.55951401172672,5.4046931178671426e-05
high,51.58,-69.50368713448506,-69.50444892572986,-69.55962403583707,5.3867074668792834e-05
high,51.59,-69.50384754069668,-69.50460692839712,-69.5597340511175,5.3687816682520014e-05
high,51.60000000000001,-69.5040078591974,-69.50476485129256,-69.55984405753215,5.350915522809629e-05
high,51.61000000000001,-69.50416809009756,-69.50492269450014,-69.55995405504524,5.333108832039228e-05
high,51.620000000000005,-69.50432823350721,-69.50508045810365,-69.56006404362107,5.3153613980884754e-05
high,51.63,-69.50448828953618,-69.50523814218678,-69.56017402322402,5.2976730237635174e-05
high,51.64000000000001,-69.50464825829417,-69.50539574683312,-69.56028399381853,5.280043512526659e-05
high,51.65,-69.50480813989059,-69.50555327212606,-69.56039395536914,5.262472668494261e-05
high,51.660000000000004,-69.50496793443466,-69.50571071814896,-69.56050390784044,5.2449602964345146e-05
high,51.67000000000001,-69.50512764203539,-69.50586808498495,-69.56061385119712,5.227506201765384e-05
high,51.68000000000001,-69.50528726280157,-69.5060253727171,-69.56072378540394,5.210110190552276e-05
high,51.690000000000005,-69.50544679684181,-69.50618258142838,-69.56083371042573,5.1927720695059796e-05
high,51.7,-69.50560624426451,-69.50633971120159,-69.56094362622736,5.175491645980564e-05
high,51.71000000000001,-69.50576560517786,-69.50649676211941,-69.56105353277385,5.158268727971128e-05
high,51.72,-69.50592487968976,-69.5066537342644,-69.56116343003025,5.141103124111737e-05
high,51.730000000000004,-69.50608406790802,-69.506810627719,-69.56127331796166,5.123994643673257e-05
high,51.74,-69.50624316994019,-69.50696744256555,-69.56138319653333,5.10694309656134e-05
high,51.75000000000001,-69.5064021858936,-69.50712417888624,-69.56149306571051,5.0899482933141456e-05
high,51.760000000000005,-69.5065611158754,-69.50728083676313,-69.56160292545857,5.0730100451003374e-05
high,51.77,-69.50671995999251,-69.50743741627818,-69.56171277574293,5.056128163717017e-05
high,51.78000000000001,-69.50687871835166,-69.5075939175132,-69.56182261652911,5.0393024615875334e-05
high,51.790000000000006,-69.50703739105938,-69.50775034054993,-69.5619324477827,5.0225327517594684e-05
high,51.800000000000004,-69.50719597822199,-69.5079066854699,-69.56204226946932,5.0058188479025106e-05
high,51.81,-69.5073544799456,-69.50806295235463,-69.5621520815547,4.989160564306503e-05
high,51.82000000000001,-69.50751289633612,-69.50821914128542,-69.56226188400466,4.972557715879205e-05
high,51.83,-69.50767122749926,-69.5083752523435,-69.56237167678508,4.956010118144352e-05
high,51.84,-69.50782947354051,-69.50853128560996,-69.5624814598619,4.93951758723956e-05
high,51.85000000000001,-69.5079876345652,-69.5086872411658,-69.56259123320112,4.923079939914351e-05
high,51.86000000000001,-69.50814571067839,-69.50884311909184,-69.56270099676887,4.906696993528011e-05
high,51.870000000000005,-69.50830370198501,-69.50899891946882,-69.5628107505313,4.89036856604761e-05
high,51.88,-69.50846160858977,-69.50915464237737,-69.56292049445464,4.874094476046059e-05
high,51.89000000000001,-69.50861943059714,-69.50931028789797,-69.56303022850524,4.8578745426999425e-05
high,51.9,-69.50877716811142,-69.50946585611099,-69.56313995264945,4.8417085857876114e-05
high,51.910000000000004,-69.5089348212367,-69.50962134709671,-69.56324966685376,4.82559642568714e-05
high,51.92,-69.50909239007693,-69.50977676093521,-69.5633593710847,4.809537883374395e-05
high,51.93000000000001,-69.50924987473574,-69.50993209770654,-69.56346906530885,4.793532780420946e-05
high,51.940000000000005,-69.50940727531666,-69.51008735749056,-69.5635787494929,4.777580938992125e-05
high,51.95,-69.50956459192302,-69.51024254036709,-69.56368842360361,4.7616821818451384e-05
high,51.96000000000001,-69.50972182465789,-69.51039764641574,-69.56379808760781,4.745836332326938e-05
high,51.97,-69.50987897362418,-69.51055267571607,-69.56390774147236,4.7300432143723656e-05
high,51.980000000000004,-69.51003603892464,-69.51070762834749,-69.56401738516426,4.714302652502156e-05
high,51.99,-69.51019302066175,-69.51086250438928,-69.56412701865055,4.698614471821047e-05
high,52.00000000000001,-69.51034991893786,-69.51101730392065,-69.56423664189833,4.682978498015742e-05
high,52.010000000000005,-69.51050673385507,-69.51117202702063,-69.56434625487478,4.667394557353014e-05
high,52.02,-69.51066346551532,-69.5113266737682,-69.56445585754713,4.651862476677855e-05
high,52.03000000000001,-69.51082011402033,-69.51148124424212,-69.56456544988272,4.636382083411407e-05
high,52.040000000000006,-69.5109766794717,-69.51163573852118,-69.56467503184895,4.6209532055491405e-05
high,52.050000000000004,-69.51113316197073,-69.5117901566839,-69.56478460341329,4.605575671658904e-05
high,52.06,-69.51128956161858,-69.51194449880879,-69.56489416454326,4.5902493108790856e-05
high,52.07000000000001,-69.51144587851627,-69.5120987649742,-69.56500371520647,4.574973952916613e-05
high,52.08,-69.51160211276449,-69.51225295525838,-69.5651132553706,4.559749428045128e-05
high,52.09,-69.5117582644639,-69.51240706973941,-69.56522278500341,4.544575567103065e-05
high,52.10000000000001,-69.51191433371481,-69.5125611084953,-69.56533230407273,4.52945220149186e-05
high,52.11000000000001,-69.51207032061748,-69.51271507160398,-69.5654418125464,4.5143791631739366e-05
high,52.120000000000005,-69.51222622527189,-69.51286895914319,-69.56555131039241,4.4993562846709216e-05
high,52.13,-69.51238204777788,-69.51302277119059,-69.56566079757879,4.48438339906182e-05
high,52.14000000000001,-69.51253778823506,-69.51317650782373,-69.56577027407361,4.469460339981065e-05
high,52.15,-69.51269344674286,-69.51333016912001,-69.56587973984509,4.454586941616737e-05
high,52.160000000000004,-69.51284902340058,-69.51348375515676,-69.56598919486143,4.439763038708677e-05
high,52.17,-69.51300451830721,-69.51363726601114,-69.56609863909094,4.424988466546747e-05
high,52.18000000000001,-69.51315993156167,-69.51379070176027,-69.56620807250201,4.410263060968859e-05
high,52.190000000000005,-69.51331526326265,-69.51394406248109,-69.56631749506307,4.39558665835922e-05
high,52.2,-69.51347051350864,-69.51409734825043,-69.56642690674265,4.3809590956465864e-05
high,52.21000000000001,-69.51362568239794,-69.51425055914505,-69.56653630750932,4.366380210302309e-05
high,52.220000000000006,-69.51378077002869,-69.51440369524155,-69.56664569733177,4.351849840338632e-05
high,52.230000000000004,-69.51393577649884,-69.51455675661647,-69.56675507617865,4.337367824306809e-05
high,52.24,-69.51409070190613,-69.51470974334616,-69.56686444401883,4.3229340012954595e-05
high,52.25000000000001,-69.51424554634815,-69.5148626555069,-69.56697380082112,4.308548210928598e-05
high,52.26,-69.51440030992228,-69.51501549317487,-69.56708314655445,4.2942102933639636e-05
high,52.27,-69.51455499272572,-69.51516825642611,-69.56719248118783,4.279920089291189e-05
high,52.28000000000001,-69.5147095948555,-69.51532094533655,-69.56730180469032,4.2656774399301276e-05
high,52.290000000000006,-69.51486411640843,-69.51547355998201,-69.56741111703104,4.2514821870289517e-05
high,52.300000000000004,-69.5150185574812,-69.51562610043821,-69.56752041817921,4.237334172862467e-05
high,52.31,-69.51517291817024,-69.51577856678074,-69.56762970810408,4.223233240230401e-05
high,52.32000000000001,-69.51532719857184,-69.51593095908505,-69.567738986775,4.209179232455564e-05
high,52.33,-69.51548139878214,-69.51608327742656,-69.56784825416136,4.195171993382169e-05
high,52.34,-69.51563551889703,-69.51623552188049,-69.56795751023263,4.181211367374062e-05
high,52.35000000000001,-69.51578955901228,-69.51638769252202,-69.56806675495835,4.1672971993130755e-05
high,52.36000000000001,-69.51594351922343,-69.51653978942613,-69.56817598830814,4.153429334597176e-05
high,52.370000000000005,-69.51609739962588,-69.5166918126678,-69.56828521025164,4.139607619138822e-05
high,52.38,-69.51625120031484,-69.5168437623218,-69.56839442075861,4.125831899363284e-05
high,52.39000000000001,-69.5164049213853,-69.51699563846283,-69.56850361979886,4.1121020222068535e-05
high,52.400000000000006,-69.51655856293213,-69.51714744116549,-69.56861280734223,4.098417835115196e-05
high,52.410000000000004,-69.51671212505003,-69.51729917050427,-69.5687219833587,4.084779186041627e-05
high,52.42,-69.51686560783345,-69.5174508265535,-69.56883114781824,4.071185923445506e-05
high,52.43000000000001,-69.51701901137668,-69.51760240938744,-69.56894030069094,4.057637896290419e-05
high,52.440000000000005,-69.51717233577389,-69.51775391908025,-69.56904944194694,4.0441349540425766e-05
high,52.45,-69.51732558111904,-69.51790535570593,-69.56915857155644,4.0306769466691776e-05
high,52.46000000000001,-69.51747874750588,-69.51805671933843,-69.5692676894897,4.017263724636654e-05
high,52.470000000000006,-69.51763183502801,-69.51820801005155,-69.56937679571706,4.003895138909067e-05
high,52.480000000000004,-69.5177848437789,-69.51835922791899,-69.56948589020894,3.990571040946417e-05
high,52.49,-69.51793777385176,-69.51851037301435,-69.56959497293577,3.9772912827030765e-05
high,52.50000000000001,-69.51809062533971,-69.51866144541111,-69.56970404386811,3.964055716626018e-05
high,52.51,-69.51824339833564,-69.51881244518263,-69.56981310297655,3.95086419565326e-05
high,52.52,-69.51839609293224,-69.51896337240217,-69.56992215023175,3.937716573212197e-05
high,52.53000000000001,-69.51854870922212,-69.5191142271429,-69.57003118560444,3.924612703218029e-05
high,52.540000000000006,-69.5187012472976,-69.51926500947785,-69.57014020906541,3.9115524400720514e-05
high,52.550000000000004,-69.51885370725095,-69.51941571947998,-69.57024922058554,3.898535638660073e-05
high,52.56,-69.51900608917418,-69.51956635722208,-69.57035822013573,3.8855621543508765e-05
high,52.57000000000001,-69.51915839315916,-69.5197169227769,-69.57046720768696,3.872631842994481e-05
high,52.58,-69.51931061929756,-69.51986741621702,-69.5705761832103,3.859744560920627e-05
high,52.59,-69.51946276768093,-69.52001783761499,-69.57068514667687,3.8469001649371456e-05
high,52.6,-69.5196148384006,-69.52016818704314,-69.57079409805785,3.8340985123284205e-05
high,52.61000000000001,-69.51976683154774,-69.52031846457379,-69.57090303732447,3.8213394608537234e-05
high,52.620000000000005,-69.5199187472134,-69.52046867027913,-69.57101196444805,3.808622868745663e-05
high,52.63,-69.52007058548836,-69.52061880423119,-69.57112087939997,3.7959485947086804e-05
high,52.64000000000001,-69.5202223464633,-69.52076886650195,-69.57122978215165,3.783316497917358e-05
high,52.650000000000006,-69.52037403022874,-69.52091885716328,-69.5713386726746,3.770726438014936e-05
high,52.660000000000004,-69.52052563687499,-69.52106877628694,-69.57144755094039,3.758178275111717e-05
high,52.67,-69.52067716649225,-69.52121862394456,-69.57155641692064,3.745671869783566e-05
high,52.68000000000001,-69.52082861917049,-69.52136840020766,-69.57166527058706,3.733207083070281e-05
high,52.690000000000005,-69.52097999499951,-69.52151810514768,-69.5717741119114,3.720783776474086e-05
high,52.7,-69.52113129406901,-69.52166773883593,-69.57188294086546,3.708401811958149e-05
high,52.71000000000001,-69.52128251646843,-69.52181730134365,-69.57199175742116,3.696061051944943e-05
high,52.720000000000006,-69.52143366228712,-69.52196679274194,-69.57210056155039,3.6837613593147835e-05
high,52.730000000000004,-69.52158473161427,-69.52211621310178,-69.57220935322519,3.6715025974042805e-05
high,52.74,-69.5217357245388,-69.5222655624941,-69.57231813241764,3.659284630004866e-05
high,52.75000000000001,-69.52188664114958,-69.52241484098967,-69.57242689909985,3.647107321361212e-05
high,52.76,-69.52203748153529,-69.5225640486592,-69.57253565324405,3.63497053616976e-05
high,52.77,-69.52218824578439,-69.52271318557327,-69.57264439482246,3.622874139577199e-05
high,52.78000000000001,-69.52233893398522,-69.52286225180235,-69.57275312380742,3.610817997179035e-05
high,52.790000000000006,-69.52248954622596,-69.5230112474168,-69.5728618401713,3.5988019750179894e-05
high,52.800000000000004,-69.52264008259459,-69.52316017248691,-69.57297054388656,3.5868259395825596e-05
high,52.81,-69.52279054317896,-69.52330902708285,-69.5730792349257,3.5748897578056027e-05
high,52.82000000000001,-69.52294092806675,-69.52345781127462,-69.57318791326131,3.562993297062732e-05
high,52.830000000000005,-69.52309123734544,-69.52360652513225,-69.57329657886599,3.551136425170937e-05
high,52.84,-69.52324147110245,-69.52375516872554,-69.57340523171246,3.5393190103870415e-05
high,52.85,-69.5233916294249,-69.52390374212426,-69.57351387177346,3.5275409214063585e-05
high,52.86000000000001,-69.52354171239989,-69.52405224539805,-69.5736224990218,3.5158020273610954e-05
high,52.870000000000005,-69.52369172011423,-69.52420067861645,-69.57373111343034,3.5041021978189544e-05
high,52.88,-69.52384165265464,-69.5243490418489,-69.57383971497207,3.492441302781747e-05
high,52.89000000000001,-69.52399151010765,-69.52449733516471,-69.57394830361993,3.480819212683835e-05
high,52.900000000000006,-69.52414129255965,-69.52464555863313,-69.57405687934704,3.4692357983907626e-05
high,52.910000000000004,-69.52429100009688,-69.52479371232327,-69.57416544212647,3.457690931197798e-05
high,52.92,-69.5244406328054,-69.52494179630416,-69.57427399193142,3.446184482828541e-05
high,52.93000000000001,-69.52459019077112,-69.52508981064474,-69.57438252873513,3.434716325433438e-05
high,52.94,-69.52473967407978,-69.52523775541381,-69.5744910525109,3.4232863315883984e-05
high,52.95,-69.52488908281697,-69.5253856306801,-69.57459956323211,3.4118943742933554e-05
high,52.96000000000001,-69.5250384170681,-69.5255334365122,-69.57470806087218,3.400540326970924e-05
high,52.970000000000006,-69.52518767691846,-69.52568117297865,-69.57481654540459,3.389224063464888e-05
high,52.980000000000004,-69.52533686245317,-69.52582884014784,-69.5749250168029,3.377945458038858e-05
high,52.99,-69.52548597375718,-69.52597643808808,-69.57503347504067,3.366704385374905e-05
high,53.00000000000001,-69.52563501091531,-69.5261239668676,-69.57514192009161,3.355500720572093e-05
high,53.010000000000005,-69.52578397401217,-69.52627142655447,-69.57525035192943,3.344334339145142e-05
high,53.02,-69.52593286313227,-69.52641881721674,-69.5753587705279,3.333205117023015e-05
high,53.03000000000001,-69.52608167835997,-69.52656613892228,-69.57546717586088,3.322112930547609e-05
high,53.040000000000006,-69.52623041977935,-69.52671339173888,-69.57557556790228,3.311057656472276e-05
high,53.050000000000004,-69.52637908747454,-69.52686057573428,-69.57568394662606,3.3000391719605126e-05
high,53.06,-69.52652768152936,-69.52700769097605,-69.57579231200621,3.2890573545846225e-05
high,53.07000000000001,-69.52667620202753,-69.52715473753172,-69.57590066401684,3.278112082324288e-05
high,53.080000000000005,-69.52682464905257,-69.52730171546865,-69.57600900263208,3.2672032335652597e-05
high,53.09,-69.52697302268794,-69.52744862485419,-69.57611732782615,3.2563306870979785e-05
high,53.1,-69.52712132301687,-69.52759546575551,-69.5762256395733,3.245494322116295e-05
high,53.11000000000001,-69.52726955012248,-69.52774223823974,-69.57633393784782,3.234694018216025e-05
high,53.120000000000005,-69.52741770408767,-69.52788894237383,-69.57644222262411,3.2239296553936695e-05
high,53.13,-69.52756578499529,-69.52803557822473,-69.57655049387661,3.213201114045108e-05
high,53.14000000000001,-69.52771379292793,-69.52818214585922,-69.57665875157979,3.2025082749642044e-05
high,53.150000000000006,-69.52786172796809,-69.528328645344,-69.57676699570821,3.191851019341527e-05
high,53.160000000000004,-69.5280095901981,-69.52847507674568,-69.5768752262365,3.181229228762995e-05
high,53.17,-69.52815737970016,-69.52862144013075,-69.57698344313931,3.170642785208641e-05
high,53.18000000000001,-69.52830509655632,-69.52876773556564,-69.57709164639137,3.160091571051186e-05
high,53.19,-69.52845274084844,-69.52891396311666,-69.57719983596743,3.14957546905481e-05
high,53.2,-69.52860031265828,-69.52906012285003,-69.57730801184239,3.139094362373815e-05
high,53.21000000000001,-69.52874781206742,-69.52920621483183,-69.57741617399111,3.128648134551375e-05
high,53.220000000000006,-69.52889523915728,-69.52935223912809,-69.57752432238857,3.1182366695181734e-05
high,53.230000000000004,-69.52904259400916,-69.52949819580472,-69.57763245700978,3.107859851591141e-05
high,53.24,-69.52918987670421,-69.52964408492754,-69.5777405778298,3.097517565472229e-05
high,53.25000000000001,-69.5293370873234,-69.52978990656226,-69.57784868482375,3.087209696247022e-05
high,53.260000000000005,-69.52948422594757,-69.52993566077453,-69.57795677796683,3.076936129383535e-05
high,53.27,-69.52963129265741,-69.53008134762985,-69.57806485723428,3.0666967507309085e-05
high,53.28,-69.52977828753347,-69.53022696719366,-69.57817292260141,3.0564914465181836e-05
high,53.290000000000006,-69.52992521065617,-69.53037251953128,-69.57828097404357,3.0463201033529778e-05
high,53.300000000000004,-69.53007206210575,-69.53051800470797,-69.57838901153615,3.0361826082202446e-05
high,53.31,-69.53021884196232,-69.53066342278885,-69.57849703505467,3.0260788484810777e-05
high,53.32000000000001,-69.53036555030583,-69.53080877383897,-69.57860504457463,3.01600871187136e-05
high,53.330000000000005,-69.53051218721606,-69.53095405792324,-69.5787130400716,3.0059720865005798e-05
high,53.34,-69.53065875277272,-69.53109927510656,-69.57882102152125,2.9959688608505655e-05
high,53.35,-69.53080524705537,-69.53124442545365,-69.57892898889926,2.9859989237742824e-05
high,53.36000000000001,-69.5309516701433,-69.53138950902918,-69.5790369421814,2.9760621644945392e-05
high,53.370000000000005,-69.53109802211577,-69.53153452589768,-69.57914488134345,2.966158472602782e-05
high,53.38,-69.53124430305189,-69.53167947612366,-69.57925280636131,2.9562877380579186e-05
high,53.39000000000001,-69.5313905130306,-69.53182435977145,-69.57936071721086,2.9464498511850036e-05
high,53.400000000000006,-69.53153665213068,-69.53196917690535,-69.5794686138681,2.9366447026740816e-05
high,53.410000000000004,-69.53168272043082,-69.53211392758952,-69.57957649630906,2.9268721835789422e-05
high,53.42,-69.53182871800952,-69.53225861188808,-69.57968436450983,2.9171321853159693e-05
high,53.43000000000001,-69.53197464494514,-69.532403229865,-69.57979221844656,2.907424599662845e-05
high,53.440000000000005,-69.5321205013159,-69.53254778158416,-69.57990005809543,2.8977493187574117e-05
high,53.45,-69.53226628719993,-69.53269226710937,-69.58000788343271,2.8881062350964232e-05
high,53.46000000000001,-69.53241200267512,-69.53283668650434,-69.5801156944347,2.878495241534442e-05
high,53.470000000000006,-69.5325576478193,-69.53298103983268,-69.58022349107777,2.8689162312825363e-05
high,53.480000000000004,-69.53270322271014,-69.53312532715789,-69.58033127333833,2.859369097907145e-05
high,53.49,-69.53284872742516,-69.5332695485434,-69.58043904119286,2.849853735328941e-05
high,53.50000000000001,-69.53299416204173,-69.53341370405256,-69.5805467946179,2.8403700378215604e-05
high,53.510000000000005,-69.53313952663706,-69.53355779374859,-69.58065453359002,2.8309179000104886e-05
high,53.52,-69.5332848212883,-69.53370181769462,-69.58076225808588,2.8214972168718643e-05
high,53.53,-69.53343004607237,-69.53384577595371,-69.58086996808214,2.8121078837313543e-05
high,53.540000000000006,-69.53357520106613,-69.53398966858882,-69.58097766355557,2.8027497962629283e-05
high,53.550000000000004,-69.53372028634621,-69.53413349566279,-69.58108534448297,2.7934228504877252e-05
high,53.56,-69.5338653019892,-69.53427725723841,-69.58119301084119,2.7841269427729482e-05
high,53.57000000000001,-69.53401024807148,-69.53442095337837,-69.58130066260715,2.774861969830623e-05
high,53.580000000000005,-69.53415512466933,-69.53456458414522,-69.58140829975778,2.7656278287165102e-05
high,53.59,-69.53429993185885,-69.53470814960144,-69.58151592227014,2.7564244168289373e-05
high,53.6,-69.53444466971604,-69.53485164980948,-69.5816235301213,2.747251631907697e-05
high,53.61000000000001,-69.53458933831678,-69.53499508483162,-69.58173112328836,2.738109372032854e-05
high,53.620000000000005,-69.53473393773673,-69.53513845473006,-69.58183870174851,2.7289975356236473e-05
high,53.63,-69.5348784680515,-69.53528175956693,-69.581946265479,2.719916021437342e-05
high,53.64000000000001,-69.53502292933655,-69.53542499940428,-69.5820538144571,2.7108647285681616e-05
high,53.650000000000006,-69.53516732166719,-69.53556817430403,-69.58216134866015,2.701843556446077e-05
high,53.660000000000004,-69.53531164511854,-69.53571128432803,-69.58226886806554,2.69285240483574e-05
high,53.67,-69.53545589976568,-69.53585432953804,-69.58237637265071,2.683891173835393e-05
high,53.68000000000001,-69.53560008568347,-69.53599730999572,-69.58248386239319,2.6749597638757e-05
high,53.690000000000005,-69.5357442029467,-69.53614022576264,-69.5825913372705,2.6660580757186816e-05
high,53.7,-69.53588825162998,-69.53628307690028,-69.58269879726025,2.6571860104565858e-05
high,53.71000000000001,-69.53603223180785,-69.53642586347004,-69.58280624234011,2.6483434695108465e-05
high,53.720000000000006,-69.53617614355461,-69.53656858553325,-69.58291367248779,2.6395303546309033e-05
high,53.730000000000004,-69.53631998694452,-69.53671124315106,-69.58302108768105,2.6307465678931584e-05
high,53.74,-69.53646376205168,-69.53685383638462,-69.58312848789771,2.621992011699909e-05
high,53.75000000000001,-69.53660746895004,-69.53699636529498,-69.58323587311563,2.6132665887782092e-05
high,53.760000000000005,-69.53675110771341,-69.53713882994306,-69.58334324331273,2.604570202178826e-05
high,53.77,-69.53689467841549,-69.5372812303897,-69.58345059846698,2.5959027552751377e-05
high,53.78,-69.53703818112986,-69.53742356669567,-69.58355793855642,2.5872641517621176e-05
high,53.790000000000006,-69.53718161592994,-69.53756583892162,-69.58366526355911,2.5786542956551796e-05
high,53.800000000000004,-69.53732498288899,-69.53770804712816,-69.58377257345319,2.5700730912891576e-05
high,53.81,-69.53746828208023,-69.53785019137578,-69.58387986821684,2.5615204433172672e-05
high,53.82000000000001,-69.53761151357666,-69.53799227172486,-69.5839871478283,2.552996256709989e-05
high,53.830000000000005,-69.53775467745122,-69.53813428823572,-69.58409441226581,2.5445004367540507e-05
high,53.84,-69.53789777377662,-69.53827624096859,-69.58420166150776,2.536032889051352e-05
high,53.85,-69.53804080262555,-69.53841812998361,-69.58430889553252,2.527593519517969e-05
high,53.86000000000001,-69.53818376407051,-69.53855995534082,-69.58441611431853,2.5191822343830292e-05
high,53.870000000000005,-69.53832665818388,-69.5387017171002,-69.58452331784424,2.5107989401877225e-05
high,53.88,-69.53846948503794,-69.53884341532157,-69.58463050608825,2.5024435437842402e-05
high,53.89000000000001,-69.53861224470475,-69.53898505006475,-69.58473767902912,2.4941159523347765e-05
high,53.900000000000006,-69.53875493725636,-69.53912662138941,-69.58484483664549,2.4858160733104426e-05
high,53.910000000000004,-69.5388975627646,-69.53926812935518,-69.58495197891605,2.4775438144902618e-05
high,53.92,-69.53904012130123,-69.53940957402158,-69.58505910581958,2.4692990839601895e-05
high,53.93000000000001,-69.53918261293786,-69.53955095544801,-69.58516621733484,2.46108179011201e-05
high,53.940000000000005,-69.53932503774594,-69.53969227369382,-69.58527331344071,2.452891841642373e-05
high,53.95,-69.53946739579685,-69.53983352881828,-69.58538039411604,2.4447291475517592e-05
high,53.96,-69.5396096871618,-69.53997472088055,-69.58548745933982,2.4365936171435008e-05
high,53.970000000000006,-69.5397519119119,-69.54011584993971,-69.58559450909102,2.4284851600227226e-05
high,53.980000000000004,-69.53989407011811,-69.54025691605476,-69.5857015433487,2.4204036860953608e-05
high,53.99,-69.54003616185126,-69.54039791928459,-69.58580856209196,2.412349105567203e-05
high,54.00000000000001,-69.54017818718212,-69.54053885968804,-69.58591556529994,2.4043213289428142e-05
high,54.010000000000005,-69.54032014618123,-69.54067973732384,-69.58602255295185,2.3963202670245943e-05
high,54.02,-69.54046203891907,-69.54082055225061,-69.5861295250269,2.3883458309117597e-05
high,54.03,-69.54060386546598,-69.54096130452693,-69.58623648150444,2.3803979319994082e-05
high,54.040000000000006,-69.54074562589217,-69.54110199421127,-69.58634342236378,2.3724764819774582e-05
high,54.050000000000004,-69.54088732026776,-69.54124262136203,-69.58645034758433,2.364581392829707e-05
high,54.06,-69.54102894866266,-69.5413831860375,-69.58655725714554,2.3567125768328782e-05
high,54.07000000000001,-69.54117051114673,-69.5415236882959,-69.58666415102691,2.348869946555594e-05
high,54.080000000000005,-69.54131200778974,-69.54166412819536,-69.58677102920797,2.341053414857436e-05
high,54.09,-69.54145343866122,-69.54180450579393,-69.58687789166831,2.333262894887961e-05
high,54.1,-69.54159480383063,-69.54194482114956,-69.5869847383876,2.3254983000857794e-05
high,54.11000000000001,-69.54173610336738,-69.54208507432014,-69.58709156934552,2.3177595441775237e-05
high,54.120000000000005,-69.54187733734064,-69.54222526536344,-69.58719838452183,2.310046541176937e-05
high,54.13,-69.54201850581956,-69.54236539433718,-69.58730518389628,2.3023592053838992e-05
high,54.14000000000001,-69.54215960887304,-69.54250546129897,-69.58741196744873,2.294697451383505e-05
high,54.150000000000006,-69.54230064656998,-69.54264546630635,-69.58751873515908,2.2870611940450677e-05
high,54.160000000000004,-69.54244161897911,-69.5427854094168,-69.58762548700724,2.2794503485211926e-05
high,54.17,-69.54258252616904,-69.5429252906876,-69.58773222297322,2.2718648302468755e-05
high,54.18000000000001,-69.54272336820823,-69.5430651101761,-69.58783894303707,2.2643045549384895e-05
high,54.190000000000005,-69.54286414516508,-69.54320486793951,-69.58794564717884,2.2567694385928984e-05
high,54.2,-69.54300485710785,-69.54334456403491,-69.58805233537866,2.2492593974865015e-05
high,54.21,-69.54314550410461,-69.54348419851932,-69.58815900761674,2.2417743481743363e-05
high,54.220000000000006,-69.54328608622342,-69.54362377144972,-69.58826566387327,2.234314207489103e-05
high,54.230000000000004,-69.54342660353211,-69.54376328288296,-69.58837230412855,2.226878892540261e-05
high,54.24,-69.5435670560985,-69.54390273287581,-69.58847892836289,2.2194683207131478e-05
high,54.25000000000001,-69.54370744399019,-69.54404212148496,-69.58858553655668,2.212082409667987e-05
high,54.260000000000005,-69.54384776727473,-69.54418144876705,-69.58869212869031,2.204721077339025e-05
high,54.27,-69.5439880260195,-69.54432071477858,-69.58879870474426,2.1973842419335974e-05
high,54.28,-69.54412822029181,-69.544459919576,-69.58890526469906,2.1900718219312498e-05
high,54.290000000000006,-69.54426835015882,-69.5445990632157,-69.58901180853526,2.1827837360827893e-05
high,54.300000000000004,-69.54440841568757,-69.54473814575393,-69.58911833623348,2.1755199034094078e-05
high,54.31,-69.544548416945,-69.5448771672469,-69.58922484777436,2.1682802432017683e-05
high,54.32000000000001,-69.54468835399793,-69.54501612775073,-69.5893313431386,2.1610646750191503e-05
high,54.330000000000005,-69.54482822691303,-69.54515502732144,-69.58943782230695,2.153873118688487e-05
high,54.34,-69.5449680357569,-69.545293866015,-69.58954428526022,2.146705494303517e-05
high,54.35,-69.54510778059597,-69.54543264388727,-69.58965073197926,2.13956172222391e-05
high,54.36000000000001,-69.54524746149663,-69.54557136099403,-69.58975716244497,2.1324417230743395e-05
high,54.370000000000005,-69.54538707852507,-69.54571001739099,-69.58986357663827,2.1253454177436306e-05
high,54.38,-69.54552663174739,-69.54584861313377,-69.58996997454014,2.118272727383862e-05
high,54.39000000000001,-69.5456661212296,-69.54598714827793,-69.59007635613163,2.1112235734095358e-05
high,54.400000000000006,-69.5458055470376,-69.54612562287893,-69.59018272139382,2.1041978774966343e-05
high,54.410000000000004,-69.54594490923712,-69.54626403699213,-69.59028907030782,2.09719556158179e-05
high,54.42,-69.5460842078938,-69.54640239067282,-69.59039540285481,2.090216547861436e-05
high,54.43000000000001,-69.54622344307317,-69.54654068397625,-69.590501719016,2.0832607587908954e-05
high,54.440000000000005,-69.54636261484066,-69.54667891695752,-69.59060801877266,2.076328117083552e-05
high,54.45,-69.54650172326158,-69.54681708967172,-69.59071430210612,2.0694185457099712e-05
high,54.46,-69.5466407684011,-69.54695520217382,-69.59082056899773,2.0625319678970883e-05
high,54.470000000000006,-69.54677975032429,-69.5470932545187,-69.59092681942886,2.0556683071272906e-05
high,54.48000000000001,-69.5469186690961,-69.54723124676119,-69.59103305338098,2.0488274871376024e-05
high,54.49,-69.54705752478138,-69.54736917895599,-69.5911392708356,2.0420094319188572e-05
high,54.50000000000001,-69.54719631744486,-69.54750705115778,-69.59124547177424,2.0352140657148083e-05
high,54.510000000000005,-69.54733504715115,-69.54764486342114,-69.5913516561785,2.028441313021317e-05
high,54.52,-69.54747371396475,-69.54778261580057,-69.59145782402999,2.0216910985854946e-05
high,54.53,-69.54761231795007,-69.54792030835046,-69.59156397531041,2.0149633474049112e-05
high,54.540000000000006,-69.54775085917136,-69.54805794112515,-69.59167011000147,2.0082579847266954e-05
high,54.550000000000004,-69.54788933769281,-69.5481955141789,-69.59177622808495,2.0015749360467494e-05
high,54.56,-69.54802775357845,-69.5483330275659,-69.59188232954264,1.9949141271089002e-05
high,54.57000000000001,-69.54816610689223,-69.54847048134023,-69.59198841435642,1.988275483904105e-05
high,54.580000000000005,-69.54830439769796,-69.5486078755559,-69.59209448250819,1.9816589326695864e-05
high,54.59,-69.54844262605937,-69.54874521026687,-69.59220053397989,1.9750643998880298e-05
high,54.6,-69.5485807920401,-69.548882485527,-69.59230656875353,1.9684918122868025e-05
high,54.61000000000001,-69.5487188957036,-69.54901970139008,-69.59241258681112,1.9619410968370747e-05
high,54.620000000000005,-69.54885693711327,-69.54915685790978,-69.59251858813477,1.955412180753052e-05
high,54.63,-69.54899491633236,-69.54929395513972,-69.59262457270658,1.9489049914911444e-05
high,54.64,-69.54913283342408,-69.54943099313347,-69.59273054050875,1.9424194567492034e-05
high,54.650000000000006,-69.54927068845143,-69.5495679719445,-69.5928364915235,1.9359555044656543e-05
high,54.660000000000004,-69.54940848147739,-69.54970489162619,-69.59294242573307,1.9295130628187318e-05
high,54.67,-69.54954621256476,-69.54984175223186,-69.59304834311978,1.9230920602256984e-05
high,54.68000000000001,-69.54968388177629,-69.54997855381473,-69.59315424366595,1.916692425342008e-05
high,54.690000000000005,-69.54982148917459,-69.55011529642798,-69.593260127354,1.9103140870605406e-05
high,54.7,-69.54995903482215,-69.55025198012466,-69.59336599416638,1.903956974510795e-05
high,54.71,-69.55009651878139,-69.55038860495777,-69.59347184408556,1.897621017058142e-05
high,54.720000000000006,-69.55023394111456,-69.55052517098026,-69.59357767709403,1.891306144302979e-05
high,54.73000000000001,-69.55037130188387,-69.55066167824498,-69.59368349317442,1.885012286079982e-05
high,54.74,-69.5505086011514,-69.55079812680466,-69.59378929230932,1.878739372457341e-05
high,54.75000000000001,-69.55064583897911,-69.55093451671203,-69.59389507448137,1.872487333735945e-05
high,54.760000000000005,-69.55078301542883,-69.55107084801969,-69.5940008396733,1.8662561004486323e-05
high,54.77,-69.55092013056232,-69.55120712078016,-69.59410658786784,1.8600456033594037e-05
high,54.78,-69.55105718444122,-69.55134333504596,-69.59421231904777,1.853855773462692e-05
high,54.790000000000006,-69.55119417712706,-69.5514794908694,-69.59431803319595,1.8476865419825362e-05
high,54.800000000000004,-69.5513311086813,-69.55161558830285,-69.59442373029522,1.8415378403718555e-05
high,54.81,-69.55146797916521,-69.55175162739852,-69.59452941032852,1.8354096003116742e-05
high,54.82000000000001,-69.55160478864005,-69.55188760820855,-69.5946350732788,1.8293017537103852e-05
high,54.830000000000005,-69.5517415371669,-69.55202353078506,-69.59474071912906,1.823214232702958e-05
high,54.84,-69.55187822480679,-69.55215939518003,-69.59484634786239,1.817146969650197e-05
high,54.85,-69.55201485162058,-69.5522952014454,-69.59495195946181,1.8110998971380258e-05
high,54.86000000000001,-69.5521514176691,-69.552430949633,-69.59505755391051,1.8050729479766775e-05
high,54.870000000000005,-69.55228792301303,-69.55256663979465,-69.59516313119164,1.799066055199989e-05
high,54.88,-69.5524243677129,-69.552702271982,-69.59526869128842,1.7930791520646385e-05
high,54.89,-69.55256075182925,-69.55283784624672,-69.59537423418415,1.7871121720494305e-05
high,54.900000000000006,-69.55269707542243,-69.55297336264036,-69.59547975986206,1.781165048854521e-05
high,54.91000000000001,-69.5528333385527,-69.55310882121438,-69.59558526830554,1.7752377164006917e-05
high,54.92,-69.55296954128025,-69.5532442220202,-69.595690759498,1.7693301088286507e-05
high,54.93000000000001,-69.55310568366512,-69.55337956510913,-69.59579623342282,1.7634421604982447e-05
high,54.940000000000005,-69.55324176576725,-69.55351485053242,-69.59590169006351,1.7575738059877642e-05
high,54.95,-69.55337778764653,-69.55365007834128,-69.59600712940357,1.7517249800932034e-05
high,54.96,-69.55351374936268,-69.55378524858676,-69.59611255142656,1.745895617827561e-05
high,54.970000000000006,-69.55364965097536,-69.55392036131995,-69.59621795611608,1.740085654420079e-05
high,54.980000000000004,-69.55378549254411,-69.55405541659178,-69.59632334345578,1.7342950253155478e-05
high,54.99,-69.55392127412837,-69.55419041445313,-69.59642871342935,1.7285236661735752e-05
high,55.00000000000001,-69.55405699578749,-69.5543253549548,-69.59653406602048,1.7227715128679086e-05
high,55.010000000000005,-69.55419265758071,-69.55446023814754,-69.59663940121297,1.7170385014856643e-05
high,55.02,-69.55432825956716,-69.554595064082,-69.5967447189906,1.711324568326651e-05
high,55.03,-69.55446380180585,-69.55472983280877,-69.59685001933725,1.705629649902676e-05
high,55.040000000000006,-69.55459928435575,-69.55486454437838,-69.59695530223681,1.699953682936803e-05
high,55.050000000000004,-69.55473470727563,-69.55499919884123,-69.59706056767317,1.694296604362674e-05
high,55.06,-69.5548700706243,-69.55513379624772,-69.59716581563036,1.6886583513237936e-05
high,55.07000000000001,-69.55500537446031,-69.55526833664811,-69.59727104609236,1.683038861172865e-05
high,55.080000000000005,-69.55514061884227,-69.55540282009268,-69.59737625904323,1.677438071471043e-05
high,55.09000000000001,-69.55527580382855,-69.55553724663152,-69.59748145446707,1.6718559199872664e-05
high,55.1,-69.55541092947746,-69.55567161631474,-69.59758663234804,1.6662923446975846e-05
high,55.11000000000001,-69.55554599584728,-69.5558059291923,-69.59769179267028,1.6607472837844313e-05
high,55.120000000000005,-69.55568100299611,-69.55594018531417,-69.59779693541803,1.6552206756359616e-05
high,55.13,-69.555815950982,-69.55607438473021,-69.59790206057558,1.6497124588453525e-05
high,55.14,-69.55595083986283,-69.55620852749018,-69.59800716812718,1.644222572210156e-05
high,55.150000000000006,-69.55608566969649,-69.5563426136438,-69.5981122580572,1.6387509547315665e-05
high,55.16000000000001,-69.55622044054066,-69.55647664324073,-69.59821733035002,1.6332975456137697e-05
high,55.17,-69.556355152453,-69.5566106163305,-69.59832238499007,1.6278622842632947e-05
high,55.18000000000001,-69.55648980549101,-69.55674453296265,-69.5984274219618,1.6224451102882783e-05
high,55.190000000000005,-69.55662439971215,-69.55687839318655,-69.59853244124973,1.617045963497846e-05
high,55.2,-69.55675893517378,-69.5570121970516,-69.59863744283841,1.6116647839014133e-05
high,55.21,-69.55689341193306,-69.55714594460709,-69.59874242671239,1.606301511708058e-05
high,55.220000000000006,-69.5570278300472,-69.55727963590219,-69.59884739285633,1.600956087325803e-05
high,55.230000000000004,-69.55716218957325,-69.55741327098606,-69.59895234125487,1.5956284513609894e-05
high,55.24,-69.5572964905681,-69.55754684990778,-69.59905727189272,1.5903185446175977e-05
high,55.25000000000001,-69.55743073308865,-69.55768037271633,-69.59916218475465,1.5850263080966275e-05
high,55.260000000000005,-69.55756491719161,-69.55781383946065,-69.59926707982541,1.5797516829953873e-05
high,55.27,-69.55769904293366,-69.55794725018959,-69.59937195708984,1.574494610706872e-05
high,55.28,-69.55783311037135,-69.55808060495193,-69.59947681653281,1.569255032819124e-05
high,55.290000000000006,-69.55796711956114,-69.55821390379639,-69.59958165813921,1.564032891114552e-05
high,55.300000000000004,-69.55810107055939,-69.5583471467716,-69.59968648189401,1.5588281275693055e-05
high,55.31,-69.55823496342238,-69.55848033392613,-69.59979128778215,1.5536406843526165e-05
high,55.32,-69.55836879820625,-69.55861346530851,-69.59989607578869,1.5484705038261906e-05
high,55.330000000000005,-69.55850257496712,-69.55874654096716,-69.60000084589866,1.5433175285435153e-05
high,55.34000000000001,-69.55863629376097,-69.55887956095044,-69.60010559809717,1.538181701249252e-05
high,55.35,-69.55876995464364,-69.55901252530664,-69.60021033236937,1.5330629648786107e-05
high,55.36000000000001,-69.55890355767097,-69.55914543408399,-69.60031504870045,1.527961262556685e-05
high,55.370000000000005,-69.55903710289864,-69.55927828733064,-69.60041974707562,1.5228765375978403e-05
high,55.38,-69.55917059038227,-69.5594110850947,-69.60052442748012,1.5178087335050729e-05
high,55.39,-69.55930402017734,-69.55954382742415,-69.60062908989926,1.5127577939694123e-05
high,55.400000000000006,-69.55943739233928,-69.55967651436694,-69.60073373431835,1.507723662869248e-05
high,55.41000000000001,-69.5595707069234,-69.55980914597095,-69.6008383607228,1.502706284269733e-05
high,55.42,-69.55970396398493,-69.55994172228398,-69.600942969098,1.4977056024221753e-05
high,55.43000000000001,-69.559837163579,-69.5600742433538,-69.6010475594294,1.4927215617633861e-05
high,55.440000000000005,-69.55997030576067,-69.56020670922804,-69.6011521317025,1.487754106915085e-05
high,55.45,-69.56010339058486,-69.56033911995432,-69.60125668590284,1.48280318268327e-05
high,55.46,-69.56023641810646,-69.56047147558019,-69.60136122201595,1.4778687340576365e-05
high,55.470000000000006,-69.56036938838015,-69.56060377615306,-69.60146574002746,1.4729507062109195e-05
high,55.480000000000004,-69.56050230146067,-69.56073602172036,-69.601570239923,1.468049044498314e-05
high,55.49,-69.56063515740257,-69.56086821232941,-69.60167472168825,1.4631636944568567e-05
high,55.50000000000001,-69.56076795626035,-69.56100034802748,-69.60177918530896,1.4582946018048408e-05
high,55.510000000000005,-69.56090069808837,-69.56113242886177,-69.60188363077084,1.453441712441181e-05
high,55.52000000000001,-69.56103338294098,-69.56126445487935,-69.60198805805972,1.4486049724448275e-05
high,55.53,-69.5611660108723,-69.56139642612732,-69.60209246716141,1.4437843280741898e-05
high,55.540000000000006,-69.56129858193654,-69.56152834265265,-69.6021968580618,1.438979725766495e-05
high,55.550000000000004,-69.56143109618766,-69.56166020450226,-69.6023012307468,1.4341911121372251e-05
high,55.56,-69.5615635536796,-69.56179201172301,-69.60240558520232,1.429418433979506e-05
high,55.57,-69.56169595446623,-69.56192376436167,-69.60250992141438,1.4246616382635423e-05
high,55.580000000000005,-69.56182829860128,-69.56205546246495,-69.602614239369,1.4199206721359942e-05
high,55.59000000000001,-69.56196058613844,-69.56218710607952,-69.60271853905223,1.4151954829194039e-05
high,55.6,-69.56209281713122,-69.56231869525195,-69.60282282045014,1.4104860181116354e-05
high,55.61000000000001,-69.56222499163316,-69.56245023002876,-69.6029270835489,1.4057922253852459e-05
high,55.620000000000005,-69.56235710969761,-69.5625817104564,-69.60303132833468,1.4011140525869348e-05
high,55.63,-69.56248917137789,-69.56271313658124,-69.60313555479367,1.396451447736951e-05
high,55.64,-69.56262117672719,-69.5628445084496,-69.60323976291211,1.3918043590285359e-05
high,55.650000000000006,-69.56275312579864,-69.5629758261077,-69.6033439526763,1.387172734827318e-05
high,55.660000000000004,-69.56288501864528,-69.56310708960179,-69.60344812407256,1.3825565236707587e-05
high,55.67,-69.56301685532004,-69.56323829897791,-69.60355227708725,1.3779556742675675e-05
high,55.68000000000001,-69.56314863587579,-69.56336945428215,-69.60365641170672,1.3733701354971628e-05
high,55.690000000000005,-69.56328036036528,-69.56350055556048,-69.60376052791744,1.36879985640906e-05
high,55.70000000000001,-69.56341202884119,-69.56363160285883,-69.6038646257059,1.364244786222328e-05
high,55.71,-69.56354364135609,-69.56376259622303,-69.60396870505855,1.359704874325039e-05
high,55.720000000000006,-69.56367519796252,-69.5638935356989,-69.60407276596194,1.3551800702736752e-05
high,55.730000000000004,-69.56380669871287,-69.5640244213321,-69.60417680840268,1.3506703237925902e-05
high,55.74,-69.56393814365943,-69.56415525316832,-69.60428083236737,1.3461755847734359e-05
high,55.75000000000001,-69.56406953285446,-69.56428603125316,-69.60438483784262,1.3416958032746359e-05
high,55.760000000000005,-69.56420086635013,-69.56441675563211,-69.60448882481516,1.337230929520787e-05
high,55.77000000000001,-69.56433214419849,-69.56454742635064,-69.6045927932717,1.3327809139021274e-05
high,55.78,-69.5644633664515,-69.56467804345415,-69.604696743199,1.32834570697401e-05
high,55.790000000000006,-69.56459453316106,-69.56480860698795,-69.60480067458383,1.3239252594563008e-05
high,55.800000000000004,-69.56472564437895,-69.56493911699734,-69.60490458741306,1.3195195222328727e-05
high,55.81,-69.5648567001569,-69.56506957352747,-69.60500848167352,1.315128446351038e-05
high,55.82,-69.56498770054657,-69.5651999766235,-69.60511235735213,1.3107519830210329e-05
high,55.830000000000005,-69.56511864559941,-69.56533032633047,-69.60521621443583,1.3063900836154353e-05
high,55.84000000000001,-69.56524953536695,-69.56546062269341,-69.6053200529116,1.3020426996686446e-05
high,55.85,-69.56538036990054,-69.56559086575724,-69.60542387276642,1.2977097828763637e-05
high,55.86000000000001,-69.56551114925145,-69.56572105556684,-69.60552767398737,1.2933912850950215e-05
high,55.870000000000005,-69.5656418734709,-69.56585119216703,-69.60563145656151,1.2890871583412644e-05
high,55.88,-69.56577254260996,-69.56598127560254,-69.60573522047598,1.2847973547914132e-05
high,55.89,-69.5659031567197,-69.56611130591804,-69.6058389657179,1.280521826780949e-05
high,55.900000000000006,-69.56603371585105,-69.56624128315818,-69.60594269227448,1.2762605268039564e-05
high,55.910000000000004,-69.56616422005484,-69.56637120736748,-69.60604640013293,1.2720134075126142e-05
high,55.92,-69.56629466938192,-69.56650107859048,-69.6061500892805,1.2677804217166576e-05
high,55.93000000000001,-69.56642506388287,-69.56663089687154,-69.60625375970452,1.2635615223828808e-05
high,55.940000000000005,-69.56655540360838,-69.56676066225506,-69.60635741139228,1.2593566626345748e-05
high,55.95000000000001,-69.56668568860891,-69.56689037478533,-69.60646104433114,1.2551657957510272e-05
high,55.96,-69.56681591893492,-69.56702003450658,-69.60656465850853,1.250988875167017e-05
high,55.970000000000006,-69.56694609463675,-69.567149641463,-69.60666825391188,1.2468258544722681e-05
high,55.980000000000004,-69.5670762157647,-69.5672791956987,-69.60677183052861,1.2426766874109514e-05
high,55.99,-69.56720628236893,-69.5674086972577,-69.60687538834628,1.238541327881162e-05
high,56.0,-69.56733629449954,-69.567538146184,-69.60697892735239,1.2344197299344315e-05
high,56.010000000000005,-69.56746625220654,-69.56766754252153,-69.60708244753454,1.2303118477751773e-05
high,56.02000000000001,-69.5675961555399,-69.56779688631413,-69.60718594888033,1.2262176357602188e-05
high,56.03,-69.56772600454944,-69.5679261776056,-69.60728943137737,1.222137048398277e-05
high,56.040000000000006,-69.56785579928491,-69.56805541643966,-69.60739289501338,1.2180700403494465e-05
high,56.050000000000004,-69.56798553979604,-69.56818460286,-69.60749633977603,1.214016566424707e-05
high,56.06,-69.56811522613243,-69.56831373691023,-69.6075997656531,1.2099765815854113e-05
high,56.07,-69.56824485834358,-69.56844281863388,-69.60770317263236,1.20595004094281e-05
high,56.080000000000005,-69.56837443647892,-69.56857184807443,-69.6078065607016,1.201936899757515e-05
high,56.09000000000001,-69.56850396058785,-69.56870082527531,-69.6079099298487,1.1979371134390232e-05
high,56.1,-69.56863343071961,-69.56882975027989,-69.60801328006153,1.1939506375452317e-05
high,56.11000000000001,-69.5687628469234,-69.56895862313145,-69.60811661132799,1.1899774277819186e-05
high,56.120000000000005,-69.56889220924836,-69.56908744387323,-69.60821992363606,1.1860174400022677e-05
high,56.13000000000001,-69.5690215177435,-69.5692162125484,-69.60832321697369,1.182070630206368e-05
high,56.14,-69.56915077245779,-69.56934492920008,-69.60842649132893,1.1781369545407492e-05
high,56.150000000000006,-69.56927997344006,-69.56947359387132,-69.6085297466898,1.1742163692978572e-05
high,56.160000000000004,-69.56940912073915,-69.56960220660511,-69.6086329830444,1.1703088309155933e-05
high,56.17,-69.56953821440376,-69.5697307674444,-69.60873620038086,1.1664142959768202e-05
high,56.18000000000001,-69.56966725448251,-69.56985927643201,-69.60883939868731,1.1625327212088955e-05
high,56.190000000000005,-69.56979624102394,-69.56998773361079,-69.60894257795195,1.1586640634831668e-05
high,56.20000000000001,-69.56992517407652,-69.57011613902345,-69.609045738163,1.154808279814502e-05
high,56.21,-69.57005405368864,-69.5702444927127,-69.60914887930872,1.1509653273608333e-05
high,56.220000000000006,-69.57018287990863,-69.57037279472115,-69.60925200137738,1.147135163422643e-05
high,56.230000000000004,-69.57031165278472,-69.57050104509138,-69.6093551043573,1.1433177454425148e-05
high,56.24,-69.57044037236503,-69.57062924386587,-69.60945818823686,1.13951303100465e-05
high,56.25,-69.57056903869766,-69.57075739108707,-69.6095612530044,1.1357209778344127e-05
high,56.260000000000005,-69.57069765183059,-69.57088548679738,-69.60966429864837,1.1319415437978355e-05
high,56.27000000000001,-69.57082621181175,-69.5710135310391,-69.60976732515721,1.1281746869011623e-05
high,56.28,-69.57095471868897,-69.57114152385451,-69.6098703325194,1.124420365290401e-05
high,56.290000000000006,-69.57108317250997,-69.57126946528578,-69.60997332072348,1.1206785372508219e-05
high,56.300000000000004,-69.57121157332249,-69.5713973553751,-69.61007628975797,1.1169491612065199e-05
high,56.31000000000001,-69.57133992117409,-69.57152519416451,-69.6101792396115,1.1132321957199405e-05
high,56.32,-69.5714682161123,-69.57165298169605,-69.61028217027264,1.1095275994914373e-05
high,56.330000000000005,-69.57159645818454,-69.57178071801167,-69.61038508173006,1.105835331358788e-05
high,56.34,-69.57172464743823,-69.57190840315327,-69.61048797397244,1.1021553502967527e-05
high,56.35,-69.57185278392062,-69.57203603716272,-69.61059084698849,1.0984876154166093e-05
high,56.36000000000001,-69.57198086767893,-69.57216362008178,-69.61069370076696,1.0948320859657224e-05
high,56.370000000000005,-69.57210889876028,-69.57229115195219,-69.61079653529661,1.0911887213270544e-05
high,56.38000000000001,-69.57223687721175,-69.57241863281558,-69.61089935056629,1.0875574810187324e-05
high,56.39,-69.57236480308033,-69.57254606271361,-69.61100214656481,1.0839383246936186e-05
high,56.400000000000006,-69.57249267641288,-69.57267344168778,-69.61110492328109,1.0803312121388176e-05
high,56.410000000000004,-69.57262049725627,-69.57280076977962,-69.61120768070398,1.076736103275266e-05
high,56.42,-69.57274826565722,-69.57292804703053,-69.61131041882247,1.073152958157267e-05
high,56.43000000000001,-69.57287598166239,-69.57305527348187,-69.61141313762552,1.069581736972072e-05
high,56.440000000000005,-69.57300364531844,-69.573182449175,-69.6115158371021,1.0660224000394025e-05
high,56.45000000000001,-69.57313125667181,-69.57330957415111,-69.61161851724131,1.0624749078110286e-05
high,56.46,-69.57325881576902,-69.57343664845146,-69.61172117803216,1.0589392208703445e-05
high,56.470000000000006,-69.57338632265639,-69.57356367211715,-69.61182381946378,1.055415299931898e-05
high,56.480000000000004,-69.57351377738023,-69.57369064518926,-69.61192644152528,1.0519031058409754e-05
high,56.49,-69.57364117998677,-69.57381756770882,-69.61202904420584,1.0484025995731583e-05
high,56.5,-69.57376853052213,-69.57394443971678,-69.61213162749466,1.0449137422339041e-05
high,56.510000000000005,-69.57389582903241,-69.57407126125408,-69.61223419138096,1.0414364950580915e-05
high,56.52000000000001,-69.57402307556359,-69.57419803236152,-69.61233673585402,1.0379708194095994e-05
high,56.53,-69.57415027016157,-69.57432475307992,-69.6124392609031,1.0345166767808962e-05
high,56.540000000000006,-69.57427741287218,-69.57445142345,-69.61254176651754,1.0310740287925781e-05
high,56.550000000000004,-69.57440450374125,-69.57457804351245,-69.61264425268668,1.0276428371929653e-05
high,56.56000000000001,-69.57453154281443,-69.57470461330784,-69.61274671939992,1.0242230638576682e-05
high,56.57,-69.57465853013733,-69.57483113287678,-69.61284916664664,1.0208146707891772e-05
high,56.580000000000005,-69.57478546575553,-69.57495760225974,-69.61295159441634,1.0174176201164192e-05
high,56.59,-69.57491234971447,-69.57508402149719,-69.61305400269846,1.0140318740943518e-05
high,56.6,-69.5750391820596,-69.57521039062951,-69.6131563914825,1.010657395103535e-05
high,56.61000000000001,-69.5751659628362,-69.57533670969701,-69.61325876075806,1.0072941456497333e-05
high,56.620000000000005,-69.57529269208953,-69.57546297873998,-69.61336111051463,1.0039420883634686e-05
high,56.63000000000001,-69.57541936986476,-69.57558919779864,-69.61346344074188,1.0006011859996221e-05
high,56.64,-69.57554599620701,-69.57571536691313,-69.61356575142942,9.97271401437029e-06
high,56.650000000000006,-69.5756725711613,-69.57584148612358,-69.61366804256691,9.939526976780451e-06
high,56.660000000000004,-69.57579909477262,-69.57596755547002,-69.61377031414405,9.9064503784815e-06
high,56.67,-69.5759255670858,-69.57609357499244,-69.61387256615053,9.87348385195529e-06
high,56.68,-69.57605198814572,-69.57621954473079,-69.61397479857615,9.84062703090684e-06
high,56.690000000000005,-69.57617835799707,-69.57634546472492,-69.61407701141069,9.807879550259978e-06
high,56.70000000000001,-69.5763046766845,-69.57647133501467,-69.61417920464395,9.77524104615343e-06
high,56.71,-69.57643094425266,-69.5765971556398,-69.61428137826579,9.74271115593689e-06
high,56.720000000000006,-69.57655716074609,-69.57672292664003,-69.61438353226609,9.710289518166758e-06
high,56.730000000000004,-69.5766833262092,-69.57684864805502,-69.61448566663475,9.677975772602283e-06
high,56.74000000000001,-69.57680944068638,-69.57697431992433,-69.6145877813617,9.645769560201467e-06
high,56.75,-69.57693550422192,-69.57709994228753,-69.61468987643693,9.613670523117272e-06
high,56.760000000000005,-69.57706151686008,-69.57722551518411,-69.61479195185042,9.581678304693353e-06
high,56.77000000000001,-69.57718747864503,-69.57735103865348,-69.61489400759221,9.54979254946025e-06
high,56.78,-69.57731338962087,-69.57747651273503,-69.61499604365235,9.518012903131535e-06
high,56.790000000000006,-69.57743924983158,-69.57760193746807,-69.61509806002094,9.486339012599667e-06
high,56.800000000000004,-69.57756505932117,-69.57772731289188,-69.6152000566881,9.4547705259322e-06
high,56.81000000000001,-69.5776908181335,-69.57785263904566,-69.61530203364399,9.423307092367799e-06
high,56.82,-69.57781652631236,-69.57797791596855,-69.61540399087875,9.391948362312533e-06
high,56.830000000000005,-69.57794218390151,-69.57810314369966,-69.6155059283826,9.360693987335694e-06
high,56.84,-69.57806779094463,-69.57822832227805,-69.6156078461458,9.329543620166132e-06
high,56.85,-69.57819334748531,-69.57835345174271,-69.61570974415861,9.298496914688296e-06
high,56.86000000000001,-69.57831885356711,-69.57847853213255,-69.61581162241133,9.267553525938543e-06
high,56.870000000000005,-69.57844430923343,-69.57860356348645,-69.61591348089426,9.236713110101091e-06
high,56.88000000000001,-69.57856971452772,-69.57872854584326,-69.61601531959779,9.205975324504285e-06
high,56.89,-69.57869506949326,-69.57885347924174,-69.6161171385123,9.175339827616957e-06
high,56.900000000000006,-69.57882037417335,-69.5789783637206,-69.61621893762818,9.14480627904433e-06
high,56.910000000000004,-69.57894562861111,-69.57910319931851,-69.61632071693589,9.114374339524445e-06
high,56.92000000000001,-69.57907083284968,-69.57922798607406,-69.61642247642592,9.08404367092429e-06
high,56.93,-69.57919598693213,-69.57935272402584,-69.61652421608876,9.05381393623619e-06
high,56.940000000000005,-69.57932109090143,-69.57947741321233,-69.61662593591494,9.023684799573862e-06
high,56.95000000000001,-69.57944614480046,-69.57960205367196,-69.61672763589503,8.99365592616876e-06
high,56.96,-69.57957114867207,-69.57972664544313,-69.6168293160196,8.963726982366526e-06
high,56.970000000000006,-69.57969610255901,-69.5798511885642,-69.6169309762793,8.933897635622983e-06
high,56.980000000000004,-69.57982100650402,-69.57997568307343,-69.61703261666476,8.904167554500637e-06
high,56.99000000000001,-69.5799458605497,-69.58010012900907,-69.61713423716665,8.874536408664899e-06
high,57.0,-69.58007066473863,-69.58022452640927,-69.61723583777571,8.845003868880621e-06
high,57.010000000000005,-69.58019541911331,-69.58034887531218,-69.61733741848263,8.815569607008094e-06
high,57.02,-69.58032012371618,-69.58047317575587,-69.6174389792782,8.786233295999669e-06
high,57.03,-69.58044477858957,-69.58059742777836,-69.61754052015321,8.756994609895994e-06
high,57.040000000000006,-69.58056938377578,-69.5807216314176,-69.61764204109849,8.727853223822567e-06
high,57.050000000000004,-69.58069393931706,-69.5808457867115,-69.61774354210488,8.698808813985863e-06
high,57.06000000000001,-69.58081844525556,-69.58096989369794,-69.61784502316324,8.669861057669875e-06
high,57.07,-69.58094290163338,-69.58109395241472,-69.61794648426452,8.64100963323266e-06
high,57.080000000000005,-69.58106730849249,-69.58121796289956,-69.61804792539962,8.61225422010249e-06
high,57.09,-69.58119166587488,-69.58134192519017,-69.6181493465595,8.583594498774479e-06
high,57.1,-69.58131597382248,-69.58146583932424,-69.61825074773519,8.555030150806956e-06
high,57.11000000000001,-69.58144023237709,-69.58158970533933,-69.61835212891766,8.526560858818041e-06
high,57.120000000000005,-69.58156444158044,-69.58171352327298,-69.61845349009799,8.49818630648195e-06
high,57.13000000000001,-69.58168860147426,-69.58183729316269,-69.61855483126725,8.469906178525534e-06
high,57.14,-69.58181271210012,-69.58196101504589,-69.61865615241653,8.441720160724953e-06
high,57.150000000000006,-69.58193677349966,-69.58208468896,-69.61875745353699,8.413627939901896e-06
high,57.160000000000004,-69.58206078571432,-69.58220831494229,-69.61885873461979,8.385629203920288e-06
high,57.17000000000001,-69.58218474878552,-69.58233189303007,-69.6189599956561,8.357723641682741e-06
high,57.18,-69.58230866275466,-69.5824554232606,-69.61906123663714,8.32991094312723e-06
high,57.190000000000005,-69.582432527663,-69.582578905671,-69.61916245755415,8.30219079922345e-06
high,57.20000000000001,-69.58255634355177,-69.58270234029844,-69.61926365839842,8.274562901969476e-06
high,57.21,-69.58268011046216,-69.58282572717998,-69.61936483916124,8.247026944388477e-06
high,57.220000000000006,-69.58280382843526,-69.58294906635265,-69.61946599983393,8.219582620525037e-06
high,57.230000000000004,-69.5829274975121,-69.58307235785341,-69.61956714040784,8.192229625441946e-06
high,57.24000000000001,-69.58305111773367,-69.58319560171918,-69.61966826087439,8.164967655216723e-06
high,57.25,-69.58317468914085,-69.58331879798683,-69.61976936122494,8.137796406938366e-06
high,57.260000000000005,-69.5832982117745,-69.58344194669318,-69.61987044145097,8.110715578703809e-06
high,57.27,-69.58342168567538,-69.58356504787498,-69.61997150154392,8.08372486961468e-06
high,57.28,-69.58354511088419,-69.58368810156895,-69.62007254149529,8.056823979773893e-06
high,57.290000000000006,-69.58366848744159,-69.58381110781177,-69.6201735612966,8.03001261028248e-06
high,57.300000000000004,-69.58379181538818,-69.58393406664004,-69.62027456093941,8.003290463236018e-06
high,57.31000000000001,-69.58391509476445,-69.58405697809032,-69.62037554041527,7.976657241721455e-06
high,57.32,-69.5840383256109,-69.58417984219912,-69.62047649971578,7.950112649813894e-06
high,57.330000000000005,-69.58416150796786,-69.58430265900292,-69.6205774388326,7.923656392573123e-06
high,57.34,-69.5842846418757,-69.58442542853808,-69.62067835775736,7.897288176040454e-06
high,57.35000000000001,-69.58440772737468,-69.584548150841,-69.62077925648174,7.871007707235393e-06
high,57.36,-69.58453076450496,-69.58467082594798,-69.62088013499748,7.844814694152541e-06
high,57.370000000000005,-69.58465375330674,-69.58479345389527,-69.62098099329629,7.818708845758109e-06
high,57.38000000000001,-69.58477669382005,-69.58491603471909,-69.62108183136995,7.792689871986823e-06
high,57.39,-69.5848995860849,-69.58503856845559,-69.62118264921023,7.766757483738755e-06
high,57.400000000000006,-69.58502243014127,-69.58516105514087,-69.62128344680897,7.740911392875969e-06
high,57.410000000000004,-69.58514522602903,-69.58528349481101,-69.62138422415799,7.715151312219408e-06
high,57.42000000000001,-69.585267973788,-69.58540588750199,-69.6214849812492,7.689476955545651e-06
high,57.43,-69.58539067345794,-69.58552823324978,-69.62158571807443,7.66388803758388e-06
high,57.440000000000005,-69.58551332507855,-69.58565053209027,-69.62168643462566,7.63838427401249e-06
high,57.45000000000001,-69.58563592868944,-69.58577278405934,-69.62178713089483,7.61296538145603e-06
high,57.46,-69.58575848433021,-69.58589498919281,-69.6218878068739,7.587631077482161e-06
high,57.470000000000006,-69.58588099204037,-69.58601714752639,-69.62198846255488,7.562381080598326e-06
high,57.480000000000004,-69.58600345185938,-69.58613925909583,-69.6220890979298,7.5372151102487435e-06
high,57.49000000000001,-69.5861258638266,-69.58626132393678,-69.62218971299072,7.512132886811223e-06
high,57.5,-69.58624822798133,-69.58638334208483,-69.62229030772971,7.487134131594214e-06
high,57.510000000000005,-69.5863705443629,-69.58650531357557,-69.62239088213892,7.462218566833473e-06
high,57.52,-69.58649281301048,-69.58662723844449,-69.62249143621041,7.437385915689137e-06
high,57.53000000000001,-69.58661503396323,-69.58674911672709,-69.6225919699364,7.412635902242576e-06
high,57.540000000000006,-69.5867372072602,-69.58687094845875,-69.62269248330905,7.387968251493437e-06
high,57.550000000000004,-69.58685933294043,-69.58699273367485,-69.62279297632058,7.3633826893564356e-06
high,57.56000000000001,-69.58698141104288,-69.58711447241068,-69.62289344896324,7.338878942658365e-06
high,57.57,-69.58710344160642,-69.58723616470151,-69.62299390122928,7.314456739135198e-06
high,57.580000000000005,-69.58722542466991,-69.5873578105826,-69.623094333111,7.29011580742883e-06
high,57.59,-69.58734736027212,-69.58747941008909,-69.62319474460068,7.265855877084212e-06
high,57.60000000000001,-69.58746924845177,-69.58760096325608,-69.62329513569071,7.241676678546286e-06
high,57.61,-69.5875910892475,-69.58772247011868,-69.62339550637346,7.217577943157096e-06
high,57.620000000000005,-69.58771288269791,-69.58784393071191,-69.6234958566413,7.19355940315264e-06
high,57.63000000000001,-69.58783462884156,-69.58796534507073,-69.62359618648664,7.169620791659967e-06
high,57.64,-69.58795632771688,-69.58808671323007,-69.62369649590194,7.145761842694335e-06
high,57.650000000000006,-69.58807797936231,-69.58820803522481,-69.62379678487966,7.121982291156025e-06
high,57.660000000000004,-69.58819958381619,-69.58832931108978,-69.62389705341232,7.098281872827555e-06
high,57.67000000000001,-69.58832114111685,-69.58845054085978,-69.62399730149242,7.074660324370664e-06
high,57.68,-69.58844265130249,-69.58857172456953,-69.6240975291125,7.05111738332353e-06
high,57.690000000000005,-69.58856411441128,-69.58869286225372,-69.62419773626515,7.027652788097644e-06
high,57.7,-69.58868553048137,-69.58881395394701,-69.62429792294294,7.004266277975049e-06
high,57.71,-69.5888068995508,-69.58893499968397,-69.62439808913852,6.980957593105332e-06
high,57.720000000000006,-69.58892822165757,-69.58905599949915,-69.62449823484451,6.957726474502952e-06
high,57.730000000000004,-69.58904949683962,-69.58917695342704,-69.62459836005362,6.934572664044091e-06
high,57.74000000000001,-69.58917072513484,-69.58929786150212,-69.62469846475852,6.911495904463916e-06
high,57.75,-69.58929190658102,-69.58941872375875,-69.62479854895193,6.888495939353822e-06
high,57.760000000000005,-69.58941304121596,-69.58953954023134,-69.62489861262661,6.865572513158368e-06
high,57.77,-69.58953412907735,-69.58966031095414,-69.62499865577533,6.842725371172582e-06
high,57.78000000000001,-69.58965517020283,-69.58978103596147,-69.62509867839088,6.819954259539071e-06
high,57.790000000000006,-69.58977616463,-69.58990171528748,-69.62519868046608,6.797258925245301e-06
high,57.800000000000004,-69.5898971123964,-69.59002234896639,-69.6252986619938,6.77463911612063e-06
high,57.81000000000001,-69.59001801353948,-69.5901429370323,-69.62539862296688,6.752094580833578e-06
high,57.82,-69.59013886809666,-69.59026347951927,-69.62549856337826,6.729625068889149e-06
high,57.830000000000005,-69.59025967610528,-69.59038397646134,-69.62559848322083,6.70723033062583e-06
high,57.84,-69.59038043760265,-69.59050442789247,-69.62569838248753,6.684910117212967e-06
high,57.85000000000001,-69.590501152626,-69.59062483384663,-69.62579826117134,6.662664180647937e-06
high,57.86,-69.59062182121257,-69.5907451943577,-69.62589811926526,6.640492273753482e-06
high,57.870000000000005,-69.5907424433994,-69.5908655094595,-69.6259979567623,6.618394150174832e-06
high,57.88000000000001,-69.59086301922363,-69.59098577918584,-69.62609777365553,6.596369564377016e-06
high,57.89,-69.59098354872226,-69.59110600357046,-69.62619756993799,6.574418271642259e-06
high,57.900000000000006,-69.5911040319322,-69.59122618264708,-69.62629734560278,6.552540028067048e-06
high,57.910000000000004,-69.59122446889037,-69.59134631644929,-69.62639710064302,6.530734590559561e-06
high,57.92000000000001,-69.59134485963362,-69.59146640501078,-69.62649683505184,6.509001716836913e-06
high,57.93,-69.59146520419873,-69.59158644836508,-69.62659654882242,6.487341165422551e-06
high,57.940000000000005,-69.59158550262245,-69.59170644654571,-69.62669624194794,6.465752695643436e-06
high,57.95,-69.59170575494142,-69.59182639958615,-69.62679591442162,6.44423606762746e-06
high,57.96000000000001,-69.59182596119224,-69.5919463075198,-69.6268955662367,6.422791042300721e-06
high,57.970000000000006,-69.59194612141151,-69.59206617038008,-69.62699519738645,6.401417381385009e-06
high,57.980000000000004,-69.59206623563573,-69.5921859882003,-69.62709480786413,6.380114847394949e-06
high,57.99000000000001,-69.5921863039013,-69.59230576101375,-69.62719439766306,6.358883203635476e-06
high,58.0,-69.59230632624465,-69.59242548885366,-69.62729396677658,6.337722214199265e-06
high,58.010000000000005,-69.5924263027021,-69.59254517175326,-69.62739351519805,6.3166316439639696e-06
high,58.02,-69.59254623330995,-69.59266480974567,-69.62749304292085,6.295611258589703e-06
high,58.03000000000001,-69.59266611810439,-69.59278440286403,-69.62759254993836,6.2746608245163805e-06
high,58.04,-69.59278595712158,-69.59290395114137,-69.62769203624406,6.253780108961252e-06
high,58.050000000000004,-69.59290575039769,-69.59302345461074,-69.62779150183135,6.2329688799161175e-06
high,58.06000000000001,-69.59302549796872,-69.5931429133051,-69.62789094669374,6.2122269061448625e-06
high,58.07,-69.59314519987072,-69.59326232725736,-69.6279903708247,6.191553957180943e-06
high,58.080000000000005,-69.59326485613958,-69.59338169650042,-69.62808977421778,6.1709498033246914e-06
high,58.09,-69.59338446681122,-69.59350102106711,-69.62818915686654,6.150414215640853e-06
high,58.10000000000001,-69.59350403192148,-69.59362030099022,-69.6282885187645,6.129946965955986e-06
high,58.11,-69.59362355150614,-69.59373953630252,-69.62838785990529,6.1095478268560625e-06
high,58.120000000000005,-69.59374302560093,-69.59385872703669,-69.62848718028252,6.089216571683736e-06
high,58.13000000000001,-69.59386245424149,-69.5939778732254,-69.62858647988983,6.068952974535943e-06
high,58.14000000000001,-69.59398183746349,-69.59409697490126,-69.62868575872088,6.048756810261437e-06
high,58.150000000000006,-69.59410117530247,-69.59421603209685,-69.62878501676936,6.028627854458163e-06
high,58.160000000000004,-69.59422046779393,-69.59433504484468,-69.62888425402897,6.008565883470852e-06
high,58.17000000000001,-69.59433971497334,-69.59445401317727,-69.62898347049347,5.9885706743884746e-06
high,58.18,-69.59445891687614,-69.59457293712703,-69.62908266615659,5.968642005041899e-06
high,58.190000000000005,-69.59457807353759,-69.59469181672634,-69.62918184101211,5.94877965400123e-06
high,58.2,-69.59469718499307,-69.59481065200757,-69.62928099505383,5.928983400573475e-06
high,58.21000000000001,-69.5948162512777,-69.594929443003,-69.6293801282756,5.909253024800035e-06
high,58.220000000000006,-69.59493527242681,-69.59504818974492,-69.62947924067124,5.889588307454353e-06
high,58.230000000000004,-69.59505424847545,-69.59516689226555,-69.62957833223464,5.869989030039347e-06
high,58.24000000000001,-69.59517317945871,-69.59528555059703,-69.62967740295967,5.850454974785033e-06
high,58.25,-69.59529206541164,-69.59540416477152,-69.62977645284028,5.830985924646217e-06
high,58.260000000000005,-69.5954109063692,-69.59552273482113,-69.62987548187037,5.8115816632998866e-06
high,58.27,-69.59552970236629,-69.59564126077784,-69.62997449004394,5.792241975142937e-06
high,58.28000000000001,-69.5956484534378,-69.59575974267372,-69.63007347735496,5.772966645289717e-06
high,58.29,-69.59576715961856,-69.5958781805407,-69.63017244379742,5.753755459569758e-06
high,58.300000000000004,-69.5958858209433,-69.59599657441066,-69.63027138936536,5.7346082045252085e-06
high,58.31000000000001,-69.59600443744674,-69.59611492431551,-69.63037031405285,5.715524667408579e-06
high,58.32,-69.59612300916353,-69.59623323028707,-69.63046921785394,5.696504636180408e-06
high,58.330000000000005,-69.5962415361283,-69.59635149235712,-69.63056810076274,5.6775478995068e-06
high,58.34,-69.59636001837556,-69.59646971055739,-69.63066696277339,5.6586542467571526e-06
high,58.35000000000001,-69.59647845593985,-69.5965878849196,-69.63076580387998,5.639823468001768e-06
high,58.36,-69.59659684885558,-69.59670601547538,-69.63086462407672,5.621055354009637e-06
high,58.370000000000005,-69.59671519715717,-69.59682410225638,-69.63096342335778,5.602349696245935e-06
high,58.38,-69.59683350087896,-69.59694214529414,-69.63106220171737,5.583706286869828e-06
high,58.39000000000001,-69.59695176005525,-69.59706014462017,-69.63116095914971,5.565124918732113e-06
high,58.400000000000006,-69.59706997472023,-69.597178100266,-69.63125969564908,5.546605385372991e-06
high,58.410000000000004,-69.59718814490816,-69.59729601226304,-69.63135841120972,5.528147481019659e-06
high,58.42000000000001,-69.59730627065312,-69.5974138806427,-69.63145710582596,5.509751000584072e-06
high,58.43,-69.59742435198923,-69.59753170543637,-69.63155577949207,5.491415739660761e-06
high,58.440000000000005,-69.59754238895052,-69.59764948667531,-69.63165443220245,5.473141494524387e-06
high,58.45,-69.59766038157092,-69.59776722439082,-69.63175306395144,5.454928062127593e-06
high,58.46000000000001,-69.59777832988442,-69.59788491861411,-69.6318516747334,5.436775240098702e-06
high,58.470000000000006,-69.59789623392489,-69.5980025693764,-69.63195026454278,5.418682826739544e-06
high,58.480000000000004,-69.59801409372614,-69.5981201767088,-69.63204883337397,5.400650621023096e-06
high,58.49000000000001,-69.59813190932196,-69.59823774064246,-69.63214738122143,5.382678422591305e-06
high,58.5,-69.59824968074606,-69.59835526120841,-69.63224590807965,5.364766031752949e-06
high,58.510000000000005,-69.59836740803216,-69.59847273843768,-69.63234441394312,5.346913249481249e-06
high,58.52,-69.59848509121386,-69.59859017236126,-69.63244289880633,5.329119877411776e-06
high,58.53000000000001,-69.59860273032473,-69.59870756301007,-69.63254136266384,5.3113857178401926e-06
high,58.54,-69.59872032539829,-69.59882491041499,-69.63263980551022,5.293710573720136e-06
high,58.550000000000004,-69.59883787646804,-69.59894221460691,-69.63273822734004,5.276094248660917e-06
high,58.56000000000001,-69.59895538356737,-69.59905947561663,-69.63283662814788,5.258536546925379e-06
high,58.57000000000001,-69.59907284672968,-69.59917669347493,-69.63293500792838,5.241037273427826e-06
high,58.580000000000005,-69.59919026598831,-69.59929386821253,-69.6330333666762,5.223596233731674e-06
high,58.59,-69.5993076413765,-69.5994109998601,-69.63313170438597,5.206213234047417e-06
high,58.60000000000001,-69.59942497292748,-69.59952808844832,-69.63323002105238,5.188888081230412e-06
high,58.61,-69.59954226067444,-69.59964513400777,-69.63332831667017,5.171620582778826e-06
high,58.620000000000005,-69.5996595046505,-69.59976213656904,-69.63342659123404,5.154410546831365e-06
high,58.63,-69.59977670488874,-69.59987909616264,-69.63352484473877,5.137257782165229e-06
high,58.64000000000001,-69.59989386142216,-69.59999601281903,-69.6336230771791,5.120162098193944e-06
high,58.650000000000006,-69.60001097428378,-69.6001128865687,-69.63372128854985,5.1031233049653424e-06
high,58.660000000000004,-69.6001280435065,-69.600229717442,-69.63381947884581,5.086141213159297e-06
high,58.67000000000001,-69.60024506912322,-69.60034650546935,-69.63391764806182,5.069215634085707e-06
high,58.68,-69.60036205116674,-69.60046325068102,-69.63401579619274,5.052346379682443e-06
high,58.690000000000005,-69.60047898966984,-69.6005799531073,-69.63411392323347,5.035533262513155e-06
high,58.7,-69.6005958846653,-69.60069661277845,-69.63421202917887,5.0187760957652565e-06
high,58.71000000000001,-69.60071273618574,-69.60081322972462,-69.63431011402388,5.002074693247807e-06
high,58.72,-69.60082954426385,-69.60092980397603,-69.63440817776343,4.985428869389547e-06
high,58.730000000000004,-69.60094630893218,-69.60104633556277,-69.63450622039248,4.968838439236683e-06
high,58.74000000000001,-69.60106303022329,-69.60116282451493,-69.63460424190603,4.9523032184509125e-06
high,58.75000000000001,-69.60117970816967,-69.6012792708625,-69.63470224229904,4.935823023307426e-06
high,58.760000000000005,-69.60129634280375,-69.60139567463554,-69.63480022156658,4.9193976706927545e-06
high,58.77,-69.60141293415792,-69.60151203586395,-69.63489817970367,4.903026978102813e-06
high,58.78000000000001,-69.60152948226452,-69.6016283545777,-69.63499611670537,4.886710763640825e-06
high,58.79,-69.60164598715588,-69.60174463080662,-69.63509403256677,4.8704488460153986e-06
high,58.800000000000004,-69.6017624488642,-69.60186086458059,-69.63519192728297,4.854241044538369e-06
high,58.81000000000001,-69.60187886742172,-69.60197705592938,-69.63528980084911,4.838087179122861e-06
high,58.82000000000001,-69.60199524286058,-69.60209320488273,-69.63538765326031,4.821987070281374e-06
high,58.830000000000005,-69.60211157521287,-69.6022093114704,-69.63548548451176,4.8059405391236005e-06
high,58.84,-69.60222786451067,-69.60232537572205,-69.63558329459863,4.789947407354596e-06
high,58.85000000000001,-69.60234411078599,-69.6024413976673,-69.63568108351615,4.774007497272705e-06
high,58.86,-69.60246031407077,-69.60255737733577,-69.63577885125952,4.758120631767702e-06
high,58.870000000000005,-69.60257647439695,-69.602673314757,-69.635876597824,4.742286634318669e-06
high,58.88,-69.6026925917964,-69.60278920996055,-69.63597432320483,4.726505328992141e-06
high,58.89000000000001,-69.60280866630092,-69.60290506297586,-69.63607202739736,4.710776540440092e-06
high,58.900000000000006,-69.6029246979423,-69.60302087383239,-69.63616971039683,4.695100093898093e-06
high,58.910000000000004,-69.60304068675227,-69.60313664255956,-69.63626737219859,4.679475815183218e-06
high,58.92000000000001,-69.6031566327625,-69.6032523691867,-69.63636501279801,4.663903530692195e-06
high,58.93,-69.60327253600464,-69.60336805374315,-69.63646263219043,4.648383067399511e-06
high,58.940000000000005,-69.60338839651025,-69.60348369625818,-69.63656023037124,4.6329142528554e-06
high,58.95,-69.60350421431092,-69.60359929676106,-69.63665780733587,4.617496915183983e-06
high,58.96000000000001,-69.60361998943809,-69.60371485528098,-69.63675536307971,4.602130883081328e-06
high,58.97,-69.60373572192324,-69.60383037184711,-69.63685289759825,4.5868159858136325e-06
high,58.980000000000004,-69.60385141179775,-69.60394584648859,-69.63695041088693,4.5715520532151904e-06
high,58.99000000000001,-69.60396705909297,-69.60406127923449,-69.63704790294123,4.556338915686581e-06
high,59.00000000000001,-69.60408266384025,-69.60417667011389,-69.63714537375668,4.541176404192814e-06
high,59.010000000000005,-69.60419822607079,-69.60429201915578,-69.63724282332879,4.526064350261369e-06
high,59.02,-69.6043137458159,-69.60440732638915,-69.63734025165311,4.5110025859803805e-06
high,59.03000000000001,-69.60442922310668,-69.60452259184294,-69.63743765872522,4.495990943996733e-06
high,59.04,-69.60454465797426,-69.60463781554603,-69.6375350445407,4.481029257514297e-06
high,59.050000000000004,-69.60466005044975,-69.6047529975273,-69.63763240909512,4.466117360291936e-06
high,59.06,-69.60477540056418,-69.60486813781556,-69.63772975238413,4.451255086641748e-06
high,59.07000000000001,-69.6048907083485,-69.60498323643961,-69.63782707440339,4.436442271427189e-06
high,59.080000000000005,-69.60500597383371,-69.60509829342818,-69.63792437514854,4.4216787500613054e-06
high,59.09,-69.60512119705068,-69.60521330881,-69.63802165461527,4.406964358504801e-06
high,59.10000000000001,-69.60523637803023,-69.60532828261368,-69.63811891279929,4.392298933264264e-06
high,59.11,-69.60535151680321,-69.60544321486793,-69.63821614969629,4.377682311390417e-06
high,59.120000000000005,-69.60546661340038,-69.60555810560129,-69.63831336530203,4.363114330476181e-06
high,59.13,-69.60558166785243,-69.60567295484233,-69.63841055961227,4.348594828654948e-06
high,59.14000000000001,-69.60569668019008,-69.60578776261958,-69.63850773262278,4.334123644598758e-06
high,59.150000000000006,-69.60581165044391,-69.60590252896151,-69.6386048843294,4.3197006175165575e-06
high,59.160000000000004,-69.60592657864453,-69.60601725389658,-69.63870201472788,4.305325587152325e-06
high,59.17000000000001,-69.6060414648225,-69.60613193745317,-69.63879912381411,4.290998393783332e-06
high,59.18000000000001,-69.60615630900826,-69.60624657965967,-69.63889621158393,4.276718878218439e-06
high,59.190000000000005,-69.60627111123227,-69.6063611805444,-69.63899327803318,4.262486881796191e-06
high,59.2,-69.60638587152496,-69.60647574013565,-69.6390903231578,4.248302246383151e-06
high,59.21000000000001,-69.6065005899167,-69.60659025846168,-69.63918734695369,4.234164814372095e-06
high,59.22,-69.6066152664378,-69.60670473555072,-69.63928434941677,4.2200744286803305e-06
high,59.230000000000004,-69.60672990111848,-69.60681917143093,-69.63938133054299,4.206030932747856e-06
high,59.24000000000001,-69.60684449398903,-69.60693356613046,-69.63947829032831,4.192034170535663e-06
high,59.25000000000001,-69.60695904507965,-69.60704791967746,-69.63957522876873,4.1780839865240695e-06
high,59.260000000000005,-69.60707355442038,-69.60716223209991,-69.63967214586027,4.164180225710867e-06
high,59.27,-69.60718802204138,-69.60727650342591,-69.63976904159894,4.15032273360968e-06
high,59.28000000000001,-69.60730244797273,-69.60739073368345,-69.63986591598078,4.136511356248217e-06
high,59.29,-69.6074168322444,-69.60750492290047,-69.63996276900184,4.122745940166618e-06
high,59.300000000000004,-69.6075311748864,-69.60761907110493,-69.64005960065822,4.109026332415658e-06
high,59.31,-69.60764547592858,-69.60773317832468,-69.64015641094603,4.095352380555109e-06
high,59.32000000000001,-69.60775973540089,-69.60784724458759,-69.64025319986138,4.0817239326520115e-06
high,59.330000000000005,-69.60787395333314,-69.60796126992146,-69.6403499674004,4.068140837279068e-06
high,59.34,-69.60798812975507,-69.60807525435406,-69.64044671355924,4.054602943512838e-06
high,59.35000000000001,-69.6081022646965,-69.60818919791313,-69.64054343833409,4.041110100932125e-06
high,59.36000000000001,-69.6082163581871,-69.60830310062639,-69.64064014172112,4.027662159616344e-06
high,59.370000000000005,-69.60833041025654,-69.60841696252152,-69.64073682371655,4.014258970143774e-06
high,59.38,-69.60844442093448,-69.60853078362612,-69.64083348431662,4.000900383589949e-06
high,59.39000000000001,-69.60855839025044,-69.6086445639678,-69.64093012351756,3.987586251525972e-06
high,59.4,-69.60867231823397,-69.60875830357412,-69.64102674131564,3.9743164260169435e-06
high,59.410000000000004,-69.6087862049146,-69.6088720024726,-69.64112333770716,3.961090759620206e-06
high,59.42000000000001,-69.60890005032171,-69.6089856606907,-69.64121991268838,3.947909105383749e-06
high,59.43000000000001,-69.60901385448474,-69.60909927825591,-69.64131646625566,3.934771316844664e-06
high,59.440000000000005,-69.60912761743307,-69.60921285519562,-69.6414129984053,3.92167724802735e-06
high,59.45,-69.609241339196,-69.60932639153724,-69.64150950913371,3.908626753442029e-06
high,59.46000000000001,-69.60935501980285,-69.60943988730808,-69.64160599843721,3.895619688083048e-06
high,59.47,-69.60946865928283,-69.60955334253546,-69.64170246631224,3.882655907427368e-06
high,59.480000000000004,-69.6095822576651,-69.60966675724664,-69.64179891275518,3.869735267432826e-06
high,59.49000000000001,-69.60969581497886,-69.60978013146887,-69.64189533776245,3.856857624536602e-06
high,59.50000000000001,-69.60980933125322,-69.60989346522935,-69.64199174133051,3.844022835653685e-06
high,59.510000000000005,-69.60992280651722,-69.61000675855523,-69.64208812345582,3.831230758175155e-06
high,59.52,-69.61003624079993,-69.61012001147365,-69.64218448413487,3.818481249966688e-06
high,59.53000000000001,-69.61014963413028,-69.61023322401171,-69.64228082336415,3.805774169366937e-06
high,59.54,-69.61026298653725,-69.61034639619643,-69.64237714114016,3.7931093751860126e-06
high,59.550000000000004,-69.61037629804976,-69.6104595280549,-69.64247343745947,3.780486726703836e-06
high,59.56,-69.61048956869664,-69.61057261961406,-69.6425697123186,3.7679060836686284e-06
high,59.57000000000001,-69.61060279850673,-69.61068567090086,-69.64266596571417,3.7553673062953166e-06
high,59.580000000000005,-69.61071598750878,-69.61079868194224,-69.64276219764271,3.742870255264064e-06
high,59.59,-69.61082913573156,-69.61091165276508,-69.64285840810085,3.730414791718599e-06
high,59.60000000000001,-69.61094224320374,-69.6110245833962,-69.64295459708521,3.7180007772647406e-06
high,59.61000000000001,-69.611055309954,-69.61113747386244,-69.64305076459243,3.7056280739688933e-06
high,59.620000000000005,-69.61116833601095,-69.61125032419058,-69.64314691061918,3.693296544356437e-06
high,59.63,-69.61128132140314,-69.61136313440734,-69.64324303516212,3.6810060514102477e-06
high,59.64000000000001,-69.61139426615911,-69.61147590453945,-69.64333913821794,3.6687564585691466e-06
high,59.65,-69.61150717030738,-69.61158863461355,-69.64343521978336,3.656547629726461e-06
high,59.660000000000004,-69.61162003387636,-69.61170132465631,-69.64353127985513,3.644379429228391e-06
high,59.67000000000001,-69.61173285689448,-69.61181397469434,-69.64362731842994,3.6322517218725706e-06
high,59.68000000000001,-69.61184563939014,-69.6119265847542,-69.64372333550459,3.6201643729065984e-06
high,59.690000000000005,-69.61195838139162,-69.61203915486242,-69.64381933107585,3.6081172480264576e-06
high,59.7,-69.61207108292724,-69.61215168504549,-69.64391530514052,3.596110213375082e-06
high,59.71000000000001,-69.61218374402522,-69.61226417532987,-69.64401125769541,3.584143135540833e-06
high,59.72,-69.61229636471377,-69.61237662574202,-69.64410718873735,3.5722158815560947e-06
high,59.730000000000004,-69.61240894502112,-69.61248903630833,-69.6442030982632,3.5603283188956794e-06
high,59.74,-69.61252148497532,-69.61260140705517,-69.6442989862698,3.548480315475437e-06
high,59.75000000000001,-69.6126339846045,-69.61271373800884,-69.64439485275408,3.53667173965075e-06
high,59.760000000000005,-69.61274644393673,-69.61282602919566,-69.64449069771288,3.5249024602151234e-06
high,59.77,-69.61285886299993,-69.61293828064188,-69.64458652114315,3.513172346398653e-06
high,59.78000000000001,-69.61297124182215,-69.61305049237372,-69.64468232304182,3.5014812678666004e-06
high,59.790000000000006,-69.61308358043131,-69.61316266441739,-69.64477810340583,3.489829094718011e-06
high,59.800000000000004,-69.61319587885525,-69.61327479679905,-69.64487386223215,3.4782156974841552e-06
high,59.81,-69.61330813712186,-69.61338688954481,-69.64496959951775,3.466640947127167e-06
high,59.82000000000001,-69.61342035525898,-69.61349894268078,-69.64506531525967,3.4551047150385773e-06
high,59.830000000000005,-69.61353253329432,-69.61361095623299,-69.6451610094549,3.4436068730379354e-06
high,59.84,-69.61364467125563,-69.61372293022748,-69.64525668210047,3.432147293371311e-06
high,59.85000000000001,-69.61375676917059,-69.61383486469023,-69.64535233319344,3.4207258487099045e-06
high,59.86000000000001,-69.61386882706688,-69.61394675964722,-69.64544796273088,3.4093424121486948e-06
high,59.870000000000005,-69.61398084497212,-69.61405861512435,-69.64554357070988,3.397996857204918e-06
high,59.88,-69.61409282291385,-69.61417043114754,-69.64563915712752,3.3866890578167356e-06
high,59.89000000000001,-69.61420476091963,-69.61428220774262,-69.64573472198092,3.375418888341804e-06
high,59.9,-69.61431665901695,-69.61439394493541,-69.64583026526725,3.3641862235559255e-06
high,59.910000000000004,-69.61442851723326,-69.61450564275172,-69.64592578698361,3.3529909386515863e-06
high,59.92000000000001,-69.61454033559602,-69.6146173012173,-69.64602128712721,3.3418329092365994e-06
high,59.93000000000001,-69.61465211413254,-69.61472892035785,-69.64611676569521,3.3307120113327804e-06
high,59.940000000000005,-69.6147638528702,-69.6148405001991,-69.64621222268481,3.319628121374465e-06
high,59.95,-69.61487555183632,-69.61495204076667,-69.64630765809324,3.308581116207206e-06
high,59.96000000000001,-69.61498721105815,-69.6150635420862,-69.64640307191772,3.297570873086377e-06
high,59.970000000000006,-69.6150988305629,-69.6151750041833,-69.64649846415551,3.286597269675853e-06
high,59.980000000000004,-69.61521041037777,-69.61528642708349,-69.64659383480385,3.275660184046582e-06
high,59.99,-69.61532195052993,-69.61539781081233,-69.64668918386005,3.2647594946752787e-06
high,60.00000000000001,-69.61543345104648,-69.61550915539532,-69.64678451132139,3.253895080443043e-06
high,60.010000000000005,-69.61554491195449,-69.61562046085787,-69.6468798171852,3.2430668206340828e-06
high,60.02,-69.61565633328095,-69.61573172722545,-69.64697510144877,3.232274594934273e-06
high,60.03000000000001,-69.61576771505295,-69.61584295452344,-69.64707036410951,3.221518283429865e-06
high,60.040000000000006,-69.61587905729736,-69.6159541427772,-69.64716560516473,3.2107977666062172e-06
high,60.050000000000004,-69.61599036004117,-69.61606529201205,-69.64726082461183,3.200112925346337e-06
high,60.06,-69.61610162331124,-69.61617640225332,-69.64735602244824,3.189463640929661e-06
high,60.07000000000001,-69.61621284713439,-69.61628747352624,-69.6474511986713,3.1788497950306802e-06
high,60.08,-69.61632403153745,-69.61639850585607,-69.64754635327849,3.1682712697176996e-06
high,60.09,-69.6164351765472,-69.61650949926798,-69.6476414862672,3.157727947451422e-06
high,60.10000000000001,-69.61654628219036,-69.61662045378715,-69.64773659763495,3.1472197110836976e-06
high,60.11000000000001,-69.61665734849362,-69.61673136943872,-69.64783168737917,3.1367464438562694e-06
high,60.120000000000005,-69.61676837548367,-69.61684224624781,-69.64792675549735,3.126308029399377e-06
high,60.13,-69.6168793631871,-69.61695308423946,-69.64802180198704,3.115904351730531e-06
high,60.14000000000001,-69.61699031163053,-69.61706388343873,-69.64811682684571,3.1055352952531942e-06
high,60.15,-69.61710122084045,-69.61717464387061,-69.64821183007095,3.095200744755543e-06
high,60.160000000000004,-69.61721209084342,-69.6172853655601,-69.64830681166026,3.0849005854091218e-06
high,60.17000000000001,-69.61732292166592,-69.61739604853211,-69.64840177161125,3.0746347027675936e-06
high,60.18000000000001,-69.61743371333434,-69.6175066928116,-69.64849670992149,3.0644029827655215e-06
high,60.190000000000005,-69.61754446587511,-69.61761729842338,-69.64859162658857,3.0542053117170073e-06
high,60.2,-69.6176551793146,-69.61772786539235,-69.6486865216101,3.04404157631449e-06
high,60.21000000000001,-69.6177658536791,-69.61783839374331,-69.64878139498374,3.0339116636274603e-06
high,60.220000000000006,-69.61787648899494,-69.61794888350107,-69.64887624670713,3.0238154611012503e-06
high,60.230000000000004,-69.61798708528835,-69.61805933469036,-69.64897107677793,3.013752856555717e-06
high,60.24,-69.61809764258555,-69.6181697473359,-69.64906588519379,3.00372373818404e-06
high,60.25000000000001,-69.61820816091274,-69.61828012146238,-69.64916067195244,2.993727994551452e-06
high,60.260000000000005,-69.61831864029602,-69.61839045709445,-69.64925543705158,2.9837655145940634e-06
high,60.27,-69.61842908076154,-69.61850075425676,-69.64935018048892,2.973836187617534e-06
high,60.28000000000001,-69.61853948233536,-69.61861101297389,-69.64944490226223,2.9639399032958963e-06
high,60.290000000000006,-69.61864984504348,-69.61872123327039,-69.64953960236923,2.954076551670354e-06
high,60.300000000000004,-69.61876016891195,-69.61883141517083,-69.64963428080772,2.944246023148e-06
high,60.31,-69.6188704539667,-69.61894155869969,-69.64972893757546,2.934448208500638e-06
high,60.32000000000001,-69.61898070023366,-69.61905166388144,-69.64982357267026,2.924682998863545e-06
high,60.33,-69.61909090773872,-69.61916173074052,-69.64991818608993,2.914950285734322e-06
high,60.34,-69.61920107650775,-69.61927175930133,-69.65001277783233,2.905249960971596e-06
high,60.35000000000001,-69.61931120656655,-69.61938174958826,-69.65010734789529,2.8955819167938714e-06
high,60.36000000000001,-69.6194212979409,-69.61949170162566,-69.65020189627664,2.8859460457783558e-06
high,60.370000000000005,-69.6195313506566,-69.61960161543787,-69.65029642297431,2.876342240859706e-06
high,60.38,-69.61964136473931,-69.61971149104913,-69.65039092798615,2.866770395328881e-06
high,60.39000000000001,-69.61975134021472,-69.61982132848371,-69.6504854113101,2.8572304028319256e-06
high,60.400000000000006,-69.61986127710848,-69.61993112776584,-69.65057987294405,2.847722157368857e-06
high,60.410000000000004,-69.61997117544615,-69.6200408889197,-69.65067431288597,2.8382455532923904e-06
high,60.42,-69.62008103525339,-69.62015061196948,-69.65076873113378,2.828800485306827e-06
high,60.43000000000001,-69.62019085655562,-69.62026029693926,-69.65086312768547,2.8193868484668598e-06
high,60.440000000000005,-69.62030063937844,-69.62036994385319,-69.65095750253901,2.810004538176448e-06
high,60.45,-69.62041038374728,-69.62047955273533,-69.6510518556924,2.8006534501875907e-06
high,60.46000000000001,-69.62052008968757,-69.62058912360972,-69.65114618714364,2.7913334805992014e-06
high,60.470000000000006,-69.62062975722469,-69.62069865650035,-69.65124049689076,2.7820445258559952e-06
high,60.480000000000004,-69.62073938638402,-69.62080815143123,-69.65133478493183,2.7727864827472536e-06
high,60.49,-69.6208489771909,-69.6209176084263,-69.65142905126488,2.763559248405736e-06
high,60.50000000000001,-69.6209585296706,-69.62102702750947,-69.65152329588797,2.7543627203065117e-06
high,60.510000000000005,-69.62106804384834,-69.62113640870463,-69.65161751879921,2.7451967962658597e-06
high,60.52,-69.62117751974938,-69.62124575203562,-69.65171171999668,2.7360613744400753e-06
high,60.53000000000001,-69.6212869573989,-69.6213550575263,-69.6518058994785,2.726956353324364e-06
high,60.540000000000006,-69.62139635682206,-69.62146432520046,-69.65190005724281,2.717881631751759e-06
high,60.550000000000004,-69.62150571804398,-69.62157355508187,-69.65199419328775,2.7088371088919127e-06
high,60.56,-69.62161504108973,-69.62168274719426,-69.65208830761145,2.6998226842500345e-06
high,60.57000000000001,-69.62172432598435,-69.62179190156134,-69.65218240021211,2.690838257665747e-06
high,60.580000000000005,-69.62183357275286,-69.6219010182068,-69.6522764710879,2.6818837293120163e-06
high,60.59,-69.62194278142027,-69.62201009715427,-69.65237052023706,2.6729589996939797e-06
high,60.60000000000001,-69.62205195201149,-69.6221191384274,-69.65246454765774,2.66406396964787e-06
high,60.61000000000001,-69.62216108455145,-69.62222814204975,-69.65255855334824,2.6551985403399556e-06
high,60.620000000000005,-69.62227017906501,-69.62233710804489,-69.65265253730678,2.6463626132653627e-06
high,60.63,-69.62237923557704,-69.62244603643634,-69.6527464995316,2.6375560902470318e-06
high,60.64000000000001,-69.62248825411231,-69.62255492724763,-69.65284044002097,2.628778873434603e-06
high,60.650000000000006,-69.62259723469565,-69.62266378050221,-69.65293435877321,2.6200308653033872e-06
high,60.660000000000004,-69.62270617735176,-69.62277259622353,-69.6530282557866,2.6113119686531802e-06
high,60.67,-69.62281508210536,-69.622881374435,-69.65312213105945,2.602622086607268e-06
high,60.68000000000001,-69.62292394898115,-69.62299011516001,-69.6532159845901,2.5939611226113035e-06
high,60.690000000000005,-69.62303277800373,-69.62309881842188,-69.65330981637692,2.58532898043229e-06
high,60.7,-69.62314156919774,-69.62320748424399,-69.65340362641822,2.576725564157435e-06
high,60.71000000000001,-69.62325032258774,-69.62331611264959,-69.65349741471242,2.568150778193122e-06
high,60.720000000000006,-69.62335903819826,-69.62342470366195,-69.65359118125785,2.5596045272638906e-06
high,60.730000000000004,-69.62346771605382,-69.62353325730433,-69.65368492605296,2.551086716411296e-06
high,60.74,-69.6235763561789,-69.62364177359991,-69.65377864909615,2.542597250992907e-06
high,60.75000000000001,-69.62368495859792,-69.62375025257191,-69.65387235038585,2.5341360366812333e-06
high,60.76,-69.62379352333531,-69.62385869424345,-69.65396602992051,2.525702979462715e-06
high,60.77,-69.62390205041547,-69.62396709863766,-69.65405968769856,2.517297985636619e-06
high,60.78000000000001,-69.62401053986268,-69.62407546577764,-69.6541533237185,2.508920961814027e-06
high,60.790000000000006,-69.62411899170128,-69.6241837956864,-69.6542469379788,2.5005718149168355e-06
high,60.800000000000004,-69.62422740595554,-69.62429208838705,-69.65434053047795,2.4922504521766467e-06
high,60.81,-69.62433578264971,-69.62440034390256,-69.65443410121448,2.4839567811337894e-06
high,60.82000000000001,-69.624444121808,-69.62450856225591,-69.65452765018689,2.475690709636269e-06
high,60.830000000000005,-69.62455242345459,-69.62461674347006,-69.65462117739376,2.4674521458387786e-06
high,60.84,-69.62466068761361,-69.6247248875679,-69.65471468283361,2.4592409982016277e-06
high,60.85000000000001,-69.62476891430919,-69.62483299457234,-69.65480816650503,2.451057175489744e-06
high,60.86000000000001,-69.6248771035654,-69.62494106450625,-69.65490162840658,2.442900586771707e-06
high,60.870000000000005,-69.62498525540627,-69.62504909739243,-69.65499506853686,2.4347711414186556e-06
high,60.88,-69.62509336985583,-69.62515709325375,-69.6550884868945,2.426668749103336e-06
high,60.89000000000001,-69.62520144693808,-69.62526505211292,-69.6551818834781,2.418593319799074e-06
high,60.900000000000006,-69.62530948667697,-69.62537297399274,-69.65527525828628,2.410544763778813e-06
high,60.910000000000004,-69.62541748909639,-69.6254808589159,-69.65536861131773,2.4025229916140594e-06
high,60.92,-69.62552545422025,-69.6255887069051,-69.65546194257108,2.394527914173931e-06
high,60.93000000000001,-69.62563338207238,-69.62569651798302,-69.65555525204502,2.3865594426241377e-06
high,60.940000000000005,-69.6257412726766,-69.62580429217228,-69.65564853973824,2.37861748842605e-06
high,60.95,-69.62584912605674,-69.62591202949548,-69.65574180564944,2.370701963335639e-06
high,60.96000000000001,-69.62595694223651,-69.62601972997523,-69.65583504977734,2.3628127794025346e-06
high,60.970000000000006,-69.62606472123967,-69.62612739363405,-69.65592827212065,2.354949848969075e-06
high,60.980000000000004,-69.62617246308989,-69.62623502049449,-69.65602147267816,2.347113084669276e-06
high,60.99,-69.62628016781082,-69.62634261057903,-69.65611465144858,2.339302399427898e-06
high,61.00000000000001,-69.62638783542613,-69.62645016391014,-69.65620780843071,2.3315177064594575e-06
high,61.010000000000005,-69.62649546595941,-69.62655768051026,-69.65630094362331,2.32375891926731e-06
high,61.02,-69.62660305943419,-69.62666516040181,-69.65639405702518,2.3160259516426165e-06
high,61.03000000000001,-69.62671061587403,-69.62677260360717,-69.65648714863515,2.3083187176634276e-06
high,61.040000000000006,-69.62681813530246,-69.62688001014871,-69.65658021845202,2.3006371316937473e-06
high,61.050000000000004,-69.6269256177429,-69.62698738004873,-69.65667326647463,2.292981108382532e-06
high,61.06,-69.62703306321883,-69.62709471332957,-69.65676629270182,2.285350562662778e-06
high,61.07000000000001,-69.62714047175363,-69.62720201001346,-69.65685929713247,2.277745409750553e-06
high,61.080000000000005,-69.62724784337071,-69.62730927012268,-69.65695227976546,2.270165565144105e-06
high,61.09,-69.62735517809341,-69.62741649367948,-69.65704524059969,2.2626109446228475e-06
high,61.1,-69.62746247594504,-69.62752368070598,-69.657138179634,2.2550814642464746e-06
high,61.11000000000001,-69.62756973694886,-69.62763083122438,-69.65723109686738,2.247577040354008e-06
high,61.120000000000005,-69.62767696112813,-69.62773794525681,-69.6573239922987,2.2400975895628987e-06
high,61.13,-69.62778414850611,-69.62784502282538,-69.65741686592693,2.2326430287680533e-06
high,61.14000000000001,-69.62789129910597,-69.6279520639522,-69.65750971775101,2.2252132751409296e-06
high,61.150000000000006,-69.62799841295087,-69.6280590686593,-69.65760254776993,2.2178082461286565e-06
high,61.160000000000004,-69.62810549006393,-69.6281660369687,-69.65769535598265,2.210427859453046e-06
high,61.17,-69.62821253046828,-69.62827296890242,-69.65778814238817,2.2030720331097274e-06
high,61.18000000000001,-69.62831953418697,-69.62837986448245,-69.65788090698548,2.195740685367211e-06
high,61.190000000000005,-69.62842650124303,-69.6284867237307,-69.65797364977361,2.1884337347660183e-06
high,61.2,-69.62853343165946,-69.62859354666911,-69.65806637075158,2.1811511001177275e-06
high,61.21000000000001,-69.62864032545926,-69.62870033331957,-69.65815906991845,2.173892700504088e-06
high,61.220000000000006,-69.62874718266536,-69.62880708370395,-69.65825174727328,2.1666584552761646e-06
high,61.230000000000004,-69.6288540033007,-69.62891379784408,-69.65834440281513,2.1594482840533676e-06
high,61.24,-69.62896078738811,-69.62902047576178,-69.65843703654306,2.1522621067226103e-06
high,61.25000000000001,-69.62906753495054,-69.62912711747883,-69.65852964845621,2.1450998434373925e-06
high,61.260000000000005,-69.62917424601072,-69.62923372301701,-69.65862223855363,2.1379614146169637e-06
high,61.27,-69.6292809205915,-69.62934029239804,-69.65871480683448,2.1308467409453554e-06
high,61.28000000000001,-69.62938755871562,-69.62944682564361,-69.65880735329789,2.1237557433705574e-06
high,61.290000000000006,-69.62949416040581,-69.62955332277541,-69.65889987794299,2.1166883431036575e-06
high,61.300000000000004,-69.62960072568481,-69.6296597838151,-69.65899238076895,2.109644461617902e-06
high,61.31,-69.62970725457524,-69.6297662087843,-69.65908486177493,2.1026240206478687e-06
high,61.32000000000001,-69.6298137470998,-69.62987259770463,-69.65917732096011,2.095626942188575e-06
high,61.330000000000005,-69.62992020328107,-69.62997895059763,-69.65926975832369,2.0886531484946536e-06
high,61.34,-69.63002662314166,-69.63008526748487,-69.65936217386488,2.0817025620794264e-06
high,61.35,-69.6301330067041,-69.63019154838786,-69.6594545675829,2.0747751057140837e-06
high,61.36000000000001,-69.6302393539909,-69.63029779332811,-69.65954693947697,2.0678707024268093e-06
high,61.370000000000005,-69.63034566502462,-69.63040400232707,-69.65963928954635,2.060989275501954e-06
high,61.38,-69.63045193982764,-69.63051017540617,-69.6597316177903,2.0541307484791417e-06
high,61.39000000000001,-69.63055817842248,-69.63061631258687,-69.65982392420807,2.0472950451524346e-06
high,61.400000000000006,-69.6306643808315,-69.63072241389051,-69.65991620879893,2.0404820895695245e-06
high,61.410000000000004,-69.63077054707709,-69.63082847933849,-69.66000847156222,2.033691806030825e-06
high,61.42,-69.63087667718159,-69.63093450895214,-69.66010071249721,2.0269241190886708e-06
high,61.43000000000001,-69.63098277116733,-69.63104050275275,-69.66019293160323,2.0201789535464632e-06
high,61.44000000000001,-69.63108882905657,-69.63114646076163,-69.66028512887962,2.0134562344578642e-06
high,61.45,-69.63119485087161,-69.63125238300005,-69.66037730432569,2.0067558871259175e-06
high,61.46000000000001,-69.63130083663465,-69.6313582694892,-69.66046945794079,2.0000778371022408e-06
high,61.470000000000006,-69.63140678636795,-69.63146412025034,-69.66056158972435,1.993422010186231e-06
high,61.480000000000004,-69.63151270009361,-69.63156993530461,-69.66065369967569,1.986788332424176e-06
high,61.49,-69.63161857783382,-69.6316757146732,-69.66074578779423,1.980176730108477e-06
high,61.50000000000001,-69.63172441961066,-69.63178145837722,-69.66083785407935,1.973587129776811e-06
high,61.510000000000005,-69.63183022544624,-69.63188716643776,-69.66092989853048,1.967019458211343e-06
high,61.52,-69.63193599536262,-69.63199283887595,-69.66102192114705,1.960473642437869e-06
high,61.53000000000001,-69.6320417293818,-69.6320984757128,-69.66111392192849,1.9539496097250266e-06
high,61.540000000000006,-69.63214742752581,-69.63220407696934,-69.66120590087425,1.947447287583516e-06
high,61.550000000000004,-69.63225308981661,-69.63230964266661,-69.66129785798381,1.940966603765235e-06
high,61.56,-69.63235871627616,-69.63241517282556,-69.66138979325662,1.934507486262522e-06
high,61.57000000000001,-69.63246430692634,-69.63252066746713,-69.66148170669217,1.9280698633073284e-06
high,61.580000000000005,-69.63256986178905,-69.63262612661228,-69.66157359828998,1.921653663370459e-06
high,61.59,-69.63267538088614,-69.63273155028189,-69.66166546804953,1.9152588151607308e-06
high,61.6,-69.63278086423946,-69.63283693849684,-69.66175731597036,1.9088852476242087e-06
high,61.61000000000001,-69.63288631187079,-69.63294229127797,-69.661849142052,1.9025328899433996e-06
high,61.620000000000005,-69.63299172380194,-69.63304760864614,-69.66194094629401,1.896201671536507e-06
high,61.63,-69.63309710005458,-69.63315289062211,-69.6620327286959,1.8898915220565842e-06
high,61.64000000000001,-69.63320244065048,-69.63325813722666,-69.6621244892573,1.8836023713907874e-06
high,61.650000000000006,-69.6333077456113,-69.63336334848059,-69.66221622797775,1.8773341496596137e-06
high,61.660000000000004,-69.6334130149587,-69.63346852440455,-69.66230794485685,1.8710867872160838e-06
high,61.67,-69.63351824871435,-69.6335736650193,-69.66239963989422,1.8648602146449953e-06
high,61.68000000000001,-69.6336234468998,-69.63367877034547,-69.66249131308946,1.8586543627621337e-06
high,61.690000000000005,-69.63372860953665,-69.63378384040375,-69.66258296444221,1.852469162613546e-06
high,61.7,-69.63383373664644,-69.63388887521474,-69.66267459395209,1.8463045454747125e-06
high,61.71000000000001,-69.63393882825066,-69.63399387479905,-69.66276620161875,1.8401604428498166e-06
high,61.720000000000006,-69.63404388437085,-69.63409883917724,-69.66285778744187,1.834036786471002e-06
high,61.730000000000004,-69.63414890502847,-69.6342037683699,-69.66294935142112,1.8279335082975725e-06
high,61.74,-69.63425389024492,-69.63430866239753,-69.66304089355616,1.8218505405152635e-06
high,61.75000000000001,-69.63435884004164,-69.63441352128065,-69.66313241384671,1.8157878155354711e-06
high,61.760000000000005,-69.63446375444,-69.63451834503971,-69.66322391229247,1.8097452659945425e-06
high,61.77,-69.63456863346134,-69.63462313369517,-69.66331538889314,1.8037228247529657e-06
high,61.78000000000001,-69.63467347712701,-69.63472788726747,-69.6634068436485,1.7977204248946586e-06
high,61.790000000000006,-69.63477828545828,-69.63483260577702,-69.66349827655824,1.791737999726241e-06
high,61.800000000000004,-69.63488305847643,-69.63493728924416,-69.66358968762214,1.7857754827762535e-06
high,61.81,-69.63498779620268,-69.63504193768928,-69.66368107683996,1.7798328077944472e-06
high,61.82000000000001,-69.63509249865828,-69.6351465511327,-69.66377244421149,1.773909908751029e-06
high,61.830000000000005,-69.63519716586443,-69.63525112959474,-69.66386378973648,1.7680067198359677e-06
high,61.84,-69.63530179784223,-69.63535567309565,-69.66395511341474,1.7621231754582047e-06
high,61.85,-69.63540639461287,-69.63546018165569,-69.6640464152461,1.7562592102449648e-06
high,61.86000000000001,-69.63551095619741,-69.63556465529513,-69.66413769523038,1.750414759041009e-06
high,61.87000000000001,-69.63561548261696,-69.63566909403414,-69.66422895336738,1.744589756907952e-06
high,61.88,-69.63571997389258,-69.63577349789293,-69.66432018965698,1.738784139123473e-06
high,61.89000000000001,-69.63582443004528,-69.63587786689166,-69.664411404099,1.7329978411806413e-06
high,61.900000000000006,-69.63592885109605,-69.63598220105044,-69.66450259669332,1.7272307987872168e-06
high,61.910000000000004,-69.63603323706586,-69.6360865003894,-69.66459376743983,1.721482947864882e-06
high,61.92,-69.63613758797567,-69.63619076492863,-69.6646849163384,1.7157542245485677e-06
high,61.93000000000001,-69.63624190384638,-69.63629499468819,-69.66477604338893,1.7100445651857242e-06
high,61.940000000000005,-69.63634618469892,-69.63639918968812,-69.66486714859134,1.7043539063356514e-06
high,61.95,-69.63645043055408,-69.63650334994841,-69.66495823194553,1.6986821847687393e-06
high,61.96000000000001,-69.63655464143277,-69.63660747548913,-69.66504929345145,1.693029337465795e-06
high,61.970000000000006,-69.6366588173558,-69.63671156633018,-69.66514033310902,1.6873953016173574e-06
high,61.980000000000004,-69.63676295834388,-69.63681562249153,-69.66523135091822,1.6817800146229644e-06
high,61.99,-69.63686706441784,-69.63691964399307,-69.665322346879,1.6761834140904806e-06
high,62.00000000000001,-69.63697113559836,-69.63702363085474,-69.66541332099132,1.670605437835389e-06
high,62.010000000000005,-69.63707517190619,-69.63712758309639,-69.66550427325518,1.6650460238801366e-06
high,62.02,-69.63717917336197,-69.63723150073787,-69.66559520367059,1.6595051104533905e-06
high,62.03,-69.63728313998638,-69.63733538379903,-69.66568611223754,1.6539826359893895e-06
high,62.040000000000006,-69.63738707180005,-69.63743923229964,-69.66577699895606,1.6484785391272431e-06
high,62.05000000000001,-69.63749096882354,-69.63754304625952,-69.66586786382615,1.6429927587102746e-06
high,62.06,-69.63759483107746,-69.63764682569838,-69.66595870684787,1.637525233785306e-06
high,62.07000000000001,-69.63769865858235,-69.63775057063599,-69.66604952802128,1.6320759036019958e-06
high,62.080000000000005,-69.63780245135871,-69.63785428109202,-69.66614032734641,1.6266447076121917e-06
high,62.09,-69.63790620942707,-69.63795795708619,-69.66623110482338,1.6212315854692075e-06
high,62.1,-69.63800993280786,-69.63806159863816,-69.66632186045224,1.615836477027185e-06
high,62.11000000000001,-69.63811362152155,-69.63816520576756,-69.6664125942331,1.6104593223404148e-06
high,62.12000000000001,-69.63821727558856,-69.638268778494,-69.66650330616602,1.6051000616626891e-06
high,62.13,-69.63832089502927,-69.63837231683708,-69.66659399625117,1.5997586354466065e-06
high,62.14000000000001,-69.63842447986403,-69.63847582081637,-69.66668466448863,1.594434984342923e-06
high,62.150000000000006,-69.63852803011318,-69.6385792904514,-69.66677531087856,1.5891290491999222e-06
high,62.160000000000004,-69.63863154579708,-69.63868272576174,-69.6668659354211,1.5838407710627062e-06
high,62.17,-69.63873502693599,-69.63878612676685,-69.6669565381164,1.5785700911725743e-06
high,62.18000000000001,-69.63883847355015,-69.63888949348619,-69.66704711896465,1.573316950966357e-06
high,62.190000000000005,-69.63894188565982,-69.63899282593924,-69.66713767796598,1.5680812920757868e-06
high,62.2,-69.63904526328521,-69.63909612414545,-69.66722821512063,1.5628630563268166e-06
high,62.21000000000001,-69.63914860644651,-69.63919938812423,-69.66731873042876,1.5576621857389872e-06
high,62.220000000000006,-69.63925191516387,-69.63930261789491,-69.6674092238906,1.552478622524811e-06
high,62.230000000000004,-69.63935518945743,-69.63940581347691,-69.66749969550636,1.547312309089079e-06
high,62.24,-69.6394584293473,-69.63950897488954,-69.6675901452763,1.5421631880282559e-06
high,62.25000000000001,-69.63956163485355,-69.63961210215213,-69.66768057320061,1.5370312021298266e-06
high,62.260000000000005,-69.63966480599626,-69.63971519528396,-69.66777097927957,1.5319162943716845e-06
high,62.27,-69.63976794279546,-69.63981825430432,-69.66786136351342,1.526818407921462e-06
high,62.28,-69.63987104527115,-69.63992127923245,-69.66795172590245,1.5217374861359247e-06
high,62.290000000000006,-69.63997411344334,-69.64002427008758,-69.66804206644693,1.5166734725603254e-06
high,62.30000000000001,-69.64007714733198,-69.64012722688892,-69.66813238514716,1.5116263109278105e-06
high,62.31,-69.64018014695695,-69.64023014965564,-69.66822268200343,1.5065959451587468e-06
high,62.32000000000001,-69.64028311233824,-69.64033303840691,-69.66831295701604,1.5015823193601238e-06
high,62.330000000000005,-69.64038604349565,-69.64043589316184,-69.66840321018535,1.4965853778249474e-06
high,62.34,-69.64048894044909,-69.64053871393955,-69.66849344151164,1.491605065031588e-06
high,62.35,-69.64059180321841,-69.64064150075916,-69.66858365099529,1.4866413256431864e-06
high,62.36000000000001,-69.64069463182338,-69.64074425363971,-69.66867383863664,1.4816941045070226e-06
high,62.370000000000005,-69.6407974262838,-69.64084697260026,-69.66876400443604,1.4767633466539387e-06
high,62.38,-69.6409001866194,-69.64094965765983,-69.66885414839388,1.471848997297677e-06
high,62.39000000000001,-69.64100291284996,-69.64105230883743,-69.66894427051052,1.4669510018343007e-06
high,62.400000000000006,-69.64110560499516,-69.64115492615204,-69.66903437078638,1.4620693058415972e-06
high,62.410000000000004,-69.64120826307472,-69.6412575096226,-69.66912444922184,1.4572038550784453e-06
high,62.42,-69.64131088710825,-69.64136005926808,-69.66921450581732,1.4523545954842303e-06
high,62.43000000000001,-69.64141347711544,-69.64146257510737,-69.66930454057325,1.4475214731782329e-06
high,62.440000000000005,-69.64151603311588,-69.64156505715935,-69.66939455349005,1.442704434459059e-06
high,62.45,-69.64161855512914,-69.64166750544291,-69.66948454456818,1.4379034258040004e-06
high,62.46000000000001,-69.64172104317478,-69.64176991997688,-69.66957451380806,1.4331183938684578e-06
high,62.470000000000006,-69.64182349727237,-69.6418723007801,-69.66966446121017,1.4283492854853769e-06
high,62.48000000000001,-69.6419259174414,-69.64197464787136,-69.66975438677498,1.4235960476646098e-06
high,62.49,-69.64202830370138,-69.64207696126945,-69.66984429050298,1.4188586275923494e-06
high,62.5,-69.64213065607176,-69.64217924099314,-69.66993417239463,1.4141369726305483e-06
high,62.51000000000001,-69.642232974572,-69.64228148706117,-69.67002403245046,1.4094310303163176e-06
high,62.52,-69.64233525922148,-69.64238369949223,-69.67011387067096,1.404740748361376e-06
high,62.53,-69.64243751003963,-69.64248587830501,-69.67020368705666,1.400066074651424e-06
high,62.54,-69.64253972704579,-69.64258802351823,-69.67029348160811,1.395406957245594e-06
high,62.55000000000001,-69.64264191025934,-69.6426901351505,-69.67038325432581,1.3907633443758602e-06
high,62.56,-69.64274405969961,-69.64279221322049,-69.67047300521034,1.3861351844464904e-06
high,62.57,-69.64284617538587,-69.64289425774676,-69.67056273426225,1.3815224260334308e-06
high,62.58000000000001,-69.64294825733738,-69.64299626874792,-69.67065244148212,1.3769250178837574e-06
high,62.59,-69.64305030557341,-69.64309824624253,-69.67074212687048,1.3723429089151204e-06
high,62.6,-69.64315232011317,-69.64320019024912,-69.67083179042798,1.3677760482151457e-06
high,62.61,-69.64325430097587,-69.64330210078622,-69.67092143215517,1.3632243850408894e-06
high,62.62000000000001,-69.64335624818071,-69.64340397787234,-69.67101105205269,1.3586878688182625e-06
high,62.63,-69.6434581617468,-69.64350582152595,-69.67110065012113,1.354166449141497e-06
high,62.64,-69.64356004169329,-69.64360763176549,-69.67119022636115,1.3496600757725424e-06
high,62.65000000000001,-69.64366188803933,-69.64370940860944,-69.67127978077335,1.3451686986405325e-06
high,62.66000000000001,-69.64376370080399,-69.6438111520762,-69.67136931335841,1.3406922678412404e-06
high,62.67,-69.64386548000628,-69.64391286218415,-69.67145882411697,1.3362307336364955e-06
high,62.68,-69.64396722566528,-69.64401453895164,-69.67154831304967,1.3317840464536489e-06
high,62.69000000000001,-69.64406893779999,-69.64411618239706,-69.6716377801572,1.3273521568850133e-06
high,62.7,-69.64417061642939,-69.64421779253873,-69.67172722544024,1.3229350156873392e-06
high,62.71,-69.64427226157247,-69.64431936939494,-69.6718166488995,1.3185325737812274e-06
high,62.72000000000001,-69.64437387324818,-69.644420912984,-69.67190605053565,1.3141447822506073e-06
high,62.73000000000001,-69.6444754514754,-69.64452242332416,-69.67199543034944,1.3097715923422034e-06
high,62.74,-69.64457699627306,-69.64462390043369,-69.67208478834156,1.3054129554649672e-06
high,62.75,-69.64467850766003,-69.64472534433078,-69.67217412451276,1.3010688231895552e-06
high,62.76000000000001,-69.64477998565516,-69.64482675503366,-69.67226343886377,1.2967391472477794e-06
high,62.77,-69.6448814302773,-69.64492813256051,-69.6723527313953,1.292423879532099e-06
high,62.78,-69.64498284154519,-69.64502947692947,-69.67244200210818,1.288122972095043e-06
high,62.79,-69.64508421947767,-69.6451307881587,-69.67253125100315,1.2838363771487068e-06
high,62.80000000000001,-69.64518556409347,-69.6452320662663,-69.67262047808094,1.2795640470642097e-06
high,62.81,-69.64528687541134,-69.6453333112704,-69.67270968334238,1.2753059343711817e-06
high,62.82,-69.64538815345001,-69.64543452318907,-69.67279886678826,1.271061991757212e-06
high,62.83000000000001,-69.64548939822816,-69.64553570204033,-69.67288802841937,1.2668321720673314e-06
high,62.84,-69.64559060976443,-69.64563684784227,-69.67297716823653,1.2626164283035138e-06
high,62.85,-69.64569178807747,-69.64573796061286,-69.67306628624057,1.258414713624112e-06
high,62.86,-69.64579293318594,-69.64583904037013,-69.67315538243231,1.2542269813433636e-06
high,62.87000000000001,-69.6458940451084,-69.64594008713205,-69.6732444568126,1.2500531849308626e-06
high,62.88,-69.64599512386344,-69.64604110091655,-69.67333350938226,1.2458932780110593e-06
high,62.89,-69.64609616946963,-69.64614208174157,-69.67342254014218,1.2417472143627182e-06
high,62.90000000000001,-69.64619718194548,-69.64624302962504,-69.6735115490932,1.2376149479184166e-06
high,62.91000000000001,-69.6462981613095,-69.64634394458484,-69.67360053623624,1.2334964327640533e-06
high,62.92,-69.64639910758018,-69.64644482663884,-69.67368950157214,1.2293916231382998e-06
high,62.93,-69.646500020776,-69.64654567580492,-69.67377844510182,1.2253004734321184e-06
high,62.94000000000001,-69.64660090091539,-69.64664649210088,-69.67386736682616,1.2212229381882432e-06
high,62.95,-69.64670174801678,-69.64674727554454,-69.67395626674607,1.217158972100694e-06
high,62.96,-69.64680256209853,-69.6468480261537,-69.67404514486252,1.213108530014246e-06
high,62.97000000000001,-69.64690334317905,-69.64694874394611,-69.67413400117638,1.2090715669239384e-06
high,62.98000000000001,-69.64700409127671,-69.64704942893954,-69.67422283568862,1.2050480379745984e-06
high,62.99,-69.64710480640977,-69.64715008115172,-69.67431164840016,1.2010378984602998e-06
high,63.0,-69.64720548859661,-69.64725070060035,-69.674400439312,1.197041103823896e-06
high,63.01000000000001,-69.6473061378555,-69.64735128730312,-69.67448920842506,1.1930576096565125e-06
high,63.02,-69.64740675420468,-69.64745184127771,-69.67457795574033,1.1890873716970704e-06
high,63.03,-69.6475073376624,-69.64755236254176,-69.67466668125883,1.1851303458317694e-06
high,63.04,-69.64760788824691,-69.6476528511129,-69.6747553849815,1.1811864880936144e-06
high,63.05000000000001,-69.64770840597635,-69.64775330700873,-69.67484406690936,1.177255754661918e-06
high,63.06,-69.64780889086896,-69.64785373024688,-69.67493272704341,1.1733381018618354e-06
high,63.07,-69.64790934294284,-69.64795412084486,-69.67502136538467,1.1694334861638449e-06
high,63.08000000000001,-69.64800976221613,-69.64805447882024,-69.67510998193418,1.1655418641832832e-06
high,63.09000000000001,-69.64811014870696,-69.64815480419058,-69.67519857669296,1.1616631926798745e-06
high,63.1,-69.64821050243341,-69.64825509697336,-69.67528714966205,1.1577974285572248e-06
high,63.11,-69.64831082341357,-69.64835535718606,-69.67537570084251,1.1539445288623594e-06
high,63.12000000000001,-69.64841111166547,-69.6484555848462,-69.6754642302354,1.150104450785236e-06
high,63.13,-69.64851136720712,-69.64855577997119,-69.6755527378418,1.146277151658293e-06
high,63.14,-69.64861159005652,-69.64865594257846,-69.67564122366278,1.1424625889559392e-06
high,63.15000000000001,-69.64871178023168,-69.64875607268544,-69.67572968769942,1.1386607202940994e-06
high,63.16000000000001,-69.64881193775052,-69.64885617030951,-69.67581812995282,1.134871503429761e-06
high,63.17,-69.64891206263098,-69.64895623546805,-69.67590655042407,1.1310948962604698e-06
high,63.18,-69.64901215489104,-69.6490562681784,-69.67599494911431,1.1273308568238872e-06
high,63.19000000000001,-69.64911221454854,-69.64915626845789,-69.67608332602462,1.1235793432973035e-06
high,63.2,-69.64921224162133,-69.64925623632382,-69.67617168115616,1.119840313997211e-06
high,63.21,-69.64931223612729,-69.64935617179353,-69.67626001451006,1.116113727378795e-06
high,63.22,-69.64941219808428,-69.64945607488428,-69.67634832608748,1.112399542035499e-06
high,63.23000000000001,-69.64951212751006,-69.6495559456133,-69.67643661588954,1.1086977166985532e-06
high,63.24,-69.64961202442245,-69.64965578399783,-69.67652488391742,1.1050082102365385e-06
high,63.25,-69.6497118888392,-69.64975559005511,-69.67661313017231,1.1013309816548947e-06
high,63.26000000000001,-69.64981172077806,-69.6498553638023,-69.67670135465536,1.0976659900954851e-06
high,63.27000000000001,-69.64991152025675,-69.64995510525661,-69.67678955736778,1.0940131948361511e-06
high,63.28,-69.65001128729298,-69.65005481443518,-69.67687773831075,1.090372555290237e-06
high,63.29,-69.65011102190442,-69.65015449135515,-69.67696589748547,1.0867440310061548e-06
high,63.30000000000001,-69.65021072410875,-69.65025413603365,-69.67705403489317,1.0831275816669256e-06
high,63.31,-69.6503103939236,-69.65035374848779,-69.67714215053506,1.079523167089753e-06
high,63.32,-69.6504100313666,-69.65045332873461,-69.67723024441239,1.0759307472255428e-06
high,63.33000000000001,-69.65050963645533,-69.65055287679118,-69.67731831652637,1.0723502821584783e-06
high,63.34000000000001,-69.65060920920733,-69.65065239267457,-69.67740636687824,1.0687817321055855e-06
high,63.35,-69.65070874964024,-69.65075187640178,-69.67749439546928,1.065225057416267e-06
high,63.36,-69.65080825777154,-69.65085132798983,-69.67758240230074,1.0616802185718791e-06
high,63.37000000000001,-69.65090773361878,-69.6509507474557,-69.6776703873739,1.058147176185281e-06
high,63.38,-69.65100717719942,-69.65105013481636,-69.67775835069001,1.0546258910004216e-06
high,63.39,-69.65110658853094,-69.65114949008874,-69.6778462922504,1.0511163238918677e-06
high,63.40000000000001,-69.6512059676308,-69.6512488132898,-69.67793421205631,1.0476184358643893e-06
high,63.41000000000001,-69.65130531451643,-69.65134810443642,-69.6780221101091,1.0441321880525357e-06
high,63.42,-69.65140462920526,-69.6514473635455,-69.67810998641002,1.0406575417201805e-06
high,63.43,-69.65150391171466,-69.65154659063394,-69.67819784096045,1.037194458260106e-06
high,63.44000000000001,-69.65160316206199,-69.65164578571854,-69.67828567376168,1.0337428991935665e-06
high,63.45,-69.65170238026462,-69.65174494881617,-69.67837348481505,1.030302826169881e-06
high,63.46,-69.65180156633988,-69.65184407994364,-69.67846127412191,1.0268742009659749e-06
high,63.47,-69.65190072030505,-69.65194317911774,-69.67854904168361,1.0234569854859775e-06
high,63.48000000000001,-69.65199984217746,-69.65204224635525,-69.67863678750152,1.0200511417607888e-06
high,63.49,-69.65209893197435,-69.65214128167294,-69.67872451157696,1.0166566319476734e-06
high,63.5,-69.65219798971297,-69.65224028508753,-69.67881221391136,1.0132734183298167e-06
high,63.51000000000001,-69.65229701541057,-69.65233925661576,-69.67889989450607,1.0099014633159166e-06
high,63.52000000000001,-69.65239600908433,-69.65243819627433,-69.67898755336249,1.0065407294397817e-06
high,63.53,-69.65249497075145,-69.65253710407991,-69.67907519048202,1.0031911793598849e-06
high,63.54,-69.65259390042908,-69.65263598004918,-69.67916280586608,9.998527758589685e-07
high,63.55000000000001,-69.6526927981344,-69.6527348241988,-69.67925039951606,9.965254818436223e-07
high,63.56,-69.6527916638845,-69.65283363654538,-69.6793379714334,9.932092603438858e-07
high,63.57,-69.6528904976965,-69.65293241710555,-69.67942552161952,9.89904074512816e-07
high,63.58000000000001,-69.65298929958752,-69.65303116589588,-69.67951305007584,9.866098876260865e-07
high,63.59000000000001,-69.65308806957457,-69.65312988293296,-69.67960055680383,9.833266630815968e-07
high,63.6,-69.65318680767473,-69.65322856823333,-69.67968804180495,9.800543643990362e-07
high,63.61,-69.653285513905,-69.65332722181354,-69.67977550508064,9.76792955219496e-07
high,63.62000000000001,-69.65338418828243,-69.65342584369012,-69.67986294663238,9.735423993050596e-07
high,63.63,-69.65348283082395,-69.65352443387953,-69.67995036646164,9.703026605384122e-07
high,63.64,-69.65358144154659,-69.6536229923983,-69.6800377645699,9.670737029224207e-07
high,63.65000000000001,-69.65368002046728,-69.65372151926289,-69.68012514095868,9.638554905797389e-07
high,63.66000000000001,-69.65377856760291,-69.65382001448972,-69.68021249562946,9.606479877524292e-07
high,63.67,-69.65387708297042,-69.65391847809524,-69.68029982858373,9.574511588015335e-07
high,63.68,-69.65397556658671,-69.65401691009586,-69.68038713982303,9.542649682066969e-07
high,63.69000000000001,-69.6540740184686,-69.65411531050796,-69.68047442934886,9.510893805657655e-07
high,63.70000000000001,-69.654172438633,-69.65421367934792,-69.68056169716279,9.479243605944068e-07
high,63.71,-69.65427082709668,-69.6543120166321,-69.6806489432663,9.447698731256955e-07
high,63.72,-69.65436918387651,-69.65441032237683,-69.680736167661,9.416258831097388e-07
high,63.73000000000001,-69.65446750898923,-69.65450859659845,-69.68082337034838,9.384923556132772e-07
high,63.74,-69.65456580245161,-69.65460683931322,-69.68091055133003,9.353692558193161e-07
high,63.75,-69.65466406428044,-69.65470505053747,-69.68099771060754,9.322565490267093e-07
high,63.76000000000001,-69.65476229449243,-69.65480323028746,-69.68108484818245,9.291542006497889e-07
high,63.77000000000001,-69.65486049310428,-69.65490137857941,-69.68117196405635,9.260621762179954e-07
high,63.78,-69.6549586601327,-69.65499949542956,-69.68125905823084,9.229804413754651e-07
high,63.79,-69.65505679559436,-69.65509758085415,-69.68134613070751,9.199089618806697e-07
high,63.80000000000001,-69.65515489950593,-69.65519563486934,-69.68143318148796,9.168477036060193e-07
high,63.81,-69.65525297188402,-69.65529365749134,-69.68152021057384,9.137966325375131e-07
high,63.82,-69.65535101274527,-69.6553916487363,-69.68160721796671,9.107557147743254e-07
high,63.83000000000001,-69.65544902210623,-69.65548960862034,-69.68169420366827,9.077249165284445e-07
high,63.84000000000001,-69.65554699998353,-69.6555875371596,-69.68178116768007,9.04704204124313e-07
high,63.85,-69.6556449463937,-69.65568543437018,-69.68186811000382,9.016935439984242e-07
high,63.86,-69.65574286135329,-69.6557833002682,-69.68195503064113,8.986929026989674e-07
high,63.87000000000001,-69.65584074487882,-69.6558811348697,-69.68204192959368,8.957022468854497e-07
high,63.88000000000001,-69.65593859698679,-69.65597893819074,-69.68212880686313,8.92721543328338e-07
high,63.89,-69.65603641769367,-69.65607671024738,-69.68221566245114,8.897507589086701e-07
high,63.9,-69.65613420701597,-69.6561744510556,-69.68230249635941,8.867898606176992e-07
high,63.91000000000001,-69.65623196497008,-69.65627216063145,-69.6823893085896,8.838388155565204e-07
high,63.92,-69.65632969157245,-69.65636983899086,-69.68247609914344,8.808975909357235e-07
high,63.93,-69.65642738683947,-69.65646748614982,-69.68256286802259,8.779661540749996e-07
high,63.94000000000001,-69.65652505078754,-69.6565651021243,-69.68264961522878,8.750444724027949e-07
high,63.95000000000001,-69.65662268343304,-69.65666268693022,-69.68273634076371,8.721325134559558e-07
high,63.96,-69.6567202847923,-69.65676024058347,-69.68282304462913,8.6923024487935e-07
high,63.97,-69.65681785488167,-69.65685776309998,-69.68290972682674,8.663376344255188e-07
high,63.98000000000001,-69.65691539371744,-69.65695525449561,-69.6829963873583,8.634546499543119e-07
high,63.99,-69.65701290131592,-69.65705271478625,-69.68308302622553,8.605812594325477e-07
high,64.0,-69.65711037769343,-69.6571501439877,-69.6831696434302,8.577174309336311e-07
high,64.01,-69.65720782286614,-69.65724754211584,-69.68325623897407,8.548631326372127e-07
high,64.02000000000001,-69.6573052368503,-69.65734490918645,-69.68334281285887,8.520183328288437e-07
high,64.03,-69.65740261966221,-69.65744224521532,-69.68342936508641,8.491829998996052e-07
high,64.04,-69.65749997131797,-69.65753955021823,-69.68351589565846,8.463571023457686e-07
high,64.05000000000001,-69.65759729183385,-69.65763682421097,-69.68360240457682,8.435406087684389e-07
high,64.06,-69.65769458122597,-69.65773406720926,-69.68368889184325,8.407334878732226e-07
high,64.07000000000001,-69.65779183951047,-69.65783127922883,-69.68377535745955,8.379357084698546e-07
high,64.08000000000001,-69.65788906670349,-69.65792846028539,-69.68386180142757,8.35147239471865e-07
high,64.09,-69.65798626282114,-69.65802561039462,-69.68394822374908,8.323680498962424e-07
high,64.10000000000001,-69.65808342787952,-69.65812272957221,-69.68403462442593,8.295981088630711e-07
high,64.11,-69.6581805618947,-69.65821981783382,-69.68412100345994,8.268373855951997e-07
high,64.12,-69.65827766488272,-69.6583168751951,-69.68420736085294,8.240858494178927e-07
high,64.13000000000001,-69.65837473685964,-69.65841390167164,-69.68429369660679,8.213434697585065e-07
high,64.14,-69.65847177784144,-69.65851089727909,-69.6843800107233,8.186102161461229e-07
high,64.15,-69.65856878784416,-69.65860786203301,-69.68446630320436,8.158860582112296e-07
high,64.16000000000001,-69.65866576688377,-69.65870479594899,-69.68455257405184,8.131709656853742e-07
high,64.17,-69.6587627149762,-69.65880169904257,-69.68463882326758,8.104649084008398e-07
high,64.18,-69.65885963213745,-69.6588985713293,-69.68472505085346,8.077678562902922e-07
high,64.19000000000001,-69.65895651838342,-69.65899541282472,-69.6848112568114,8.05079779386454e-07
high,64.2,-69.65905337373,-69.65909222354432,-69.68489744114325,8.024006478217849e-07
high,64.21000000000001,-69.6591501981931,-69.65918900350358,-69.68498360385094,7.997304318281244e-07
high,64.22,-69.65924699178863,-69.65928575271802,-69.68506974493634,7.970691017363787e-07
high,64.23,-69.65934375453239,-69.65938247120305,-69.68515586440137,7.94416627976183e-07
high,64.24000000000001,-69.65944048644022,-69.65947915897412,-69.68524196224796,7.917729810755851e-07
high,64.25,-69.65953718752797,-69.65957581604667,-69.68532803847803,7.891381316607006e-07
high,64.26,-69.65963385781144,-69.65967244243609,-69.68541409309351,7.865120504553934e-07
high,64.27000000000001,-69.65973049730643,-69.6597690381578,-69.68550012609633,7.838947082809651e-07
high,64.28,-69.65982710602866,-69.65986560322715,-69.68558613748844,7.812860760558045e-07
high,64.29,-69.65992368399388,-69.65996213765952,-69.6856721272718,7.786861247950825e-07
high,64.30000000000001,-69.66002023121789,-69.66005864147021,-69.68575809544835,7.760948256104222e-07
high,64.31,-69.66011674771633,-69.66015511467461,-69.68584404202005,7.735121497095893e-07
high,64.32000000000001,-69.6602132335049,-69.66025155728796,-69.68592996698888,7.709380683961554e-07
high,64.33000000000001,-69.66030968859934,-69.6603479693256,-69.68601587035683,7.683725530691867e-07
high,64.34,-69.66040611301524,-69.66044435080279,-69.6861017521259,7.658155752229392e-07
high,64.35000000000001,-69.6605025067683,-69.66054070173479,-69.68618761229804,7.632671064465173e-07
high,64.36,-69.66059886987408,-69.66063702213684,-69.68627345087528,7.60727118423575e-07
high,64.37,-69.66069520234825,-69.66073331202419,-69.68635926785959,7.581955829319933e-07
high,64.38000000000001,-69.66079150420637,-69.66082957141204,-69.686445063253,7.556724718435818e-07
high,64.39,-69.66088777546406,-69.66092580031558,-69.68653083705753,7.531577571237431e-07
high,64.4,-69.66098401613681,-69.66102199874999,-69.6866165892752,7.506514108311776e-07
high,64.41000000000001,-69.66108022624017,-69.66111816673043,-69.68670231990805,7.481534051175612e-07
high,64.42,-69.66117640578972,-69.66121430427206,-69.6867880289581,7.456637122272582e-07
high,64.43,-69.66127255480087,-69.66131041138999,-69.6868737164274,7.431823044969847e-07
high,64.44000000000001,-69.66136867328918,-69.66140648809937,-69.68695938231801,7.407091543555143e-07
high,64.45,-69.6614647612701,-69.66150253441528,-69.68704502663195,7.382442343233833e-07
high,64.46000000000001,-69.66156081875909,-69.66159855035279,-69.68713064937133,7.357875170125622e-07
high,64.47,-69.66165684577155,-69.661694535927,-69.68721625053819,7.333389751261666e-07
high,64.48,-69.66175284232293,-69.66179049115291,-69.6873018301346,7.308985814581477e-07
high,64.49000000000001,-69.6618488084286,-69.6618864160456,-69.68738738816268,7.284663088930005e-07
high,64.5,-69.66194474410399,-69.66198231062008,-69.68747292462447,7.260421304054466e-07
high,64.51,-69.66204064936446,-69.66207817489135,-69.68755843952209,7.236260190601408e-07
high,64.52000000000001,-69.66213652422532,-69.66217400887439,-69.68764393285765,7.212179480113841e-07
high,64.53,-69.66223236870192,-69.66226981258419,-69.68772940463325,7.188178905028031e-07
high,64.54,-69.66232818280959,-69.66236558603566,-69.68781485485098,7.164258198670673e-07
high,64.55000000000001,-69.6624239665636,-69.6624613292438,-69.68790028351299,7.140417095255872e-07
high,64.56,-69.66251971997924,-69.6625570422235,-69.68798569062139,7.11665532988228e-07
high,64.57000000000001,-69.66261544307181,-69.66265272498968,-69.68807107617832,7.092972638530017e-07
high,64.58,-69.66271113585653,-69.66274837755725,-69.68815644018592,7.069368758057819e-07
high,64.59,-69.6628067983486,-69.66284399994103,-69.68824178264632,7.045843426200071e-07
high,64.60000000000001,-69.66290243056329,-69.66293959215594,-69.68832710356169,7.022396381564029e-07
high,64.61,-69.66299803251577,-69.6630351542168,-69.68841240293419,6.999027363626697e-07
high,64.62,-69.66309360422122,-69.66313068613846,-69.68849768076596,6.975736112732051e-07
high,64.63000000000001,-69.66318914569479,-69.6632261879357,-69.6885829370592,6.952522370088229e-07
high,64.64,-69.66328465695166,-69.66332165962335,-69.68866817181606,6.92938587776449e-07
high,64.65,-69.66338013800696,-69.6634171012162,-69.68875338503872,6.906326378688461e-07
high,64.66000000000001,-69.66347558887576,-69.66351251272899,-69.68883857672941,6.883343616643211e-07
high,64.67,-69.66357100957319,-69.66360789417647,-69.68892374689027,6.860437336264555e-07
high,64.68,-69.66366640011431,-69.66370324557339,-69.68900889552354,6.837607283037995e-07
high,64.69000000000001,-69.66376176051419,-69.66379856693447,-69.68909402263142,6.81485320329601e-07
high,64.7,-69.66385709078791,-69.66389385827443,-69.6891791282161,6.792174844215309e-07
high,64.71000000000001,-69.66395239095047,-69.66398911960796,-69.68926421227982,6.769571953813868e-07
high,64.72,-69.66404766101688,-69.66408435094972,-69.6893492748248,6.747044280948225e-07
high,64.73,-69.66414290100217,-69.66417955231437,-69.68943431585329,6.724591575310638e-07
high,64.74000000000001,-69.66423811092126,-69.66427472371656,-69.6895193353675,6.702213587426441e-07
high,64.75,-69.66433329078917,-69.66436986517093,-69.68960433336969,6.679910068651054e-07
high,64.76,-69.66442844062084,-69.66446497669209,-69.68968930986209,6.657680771167355e-07
high,64.77000000000001,-69.6645235604312,-69.66456005829464,-69.68977426484699,6.635525447982963e-07
high,64.78,-69.66461865023517,-69.66465510999316,-69.6898591983266,6.613443852927372e-07
high,64.79,-69.66471371004761,-69.66475013180221,-69.68994411030323,6.591435740649298e-07
high,64.80000000000001,-69.66480873988347,-69.66484512373637,-69.69002900077913,6.569500866613897e-07
high,64.81,-69.66490373975756,-69.66494008581014,-69.69011386975662,6.547638987100192e-07
high,64.82000000000001,-69.66499870968477,-69.66503501803808,-69.69019871723793,6.525849859198151e-07
high,64.83,-69.66509364967987,-69.66512992043468,-69.69028354322539,6.50413324080613e-07
high,64.84,-69.66518855975777,-69.66522479301443,-69.69036834772128,6.482488890628118e-07
high,64.85000000000001,-69.66528343993322,-69.66531963579183,-69.69045313072789,6.460916568171163e-07
high,64.86,-69.665378290221,-69.6654144487813,-69.69053789224755,6.439416033742547e-07
high,64.87,-69.6654731106359,-69.66550923199735,-69.69062263228258,6.417987048447187e-07
high,64.88000000000001,-69.66556790119269,-69.66560398545437,-69.69070735083528,6.396629374185096e-07
high,64.89,-69.66566266190607,-69.66569870916678,-69.690792047908,6.375342773648525e-07
high,64.9,-69.66575739279077,-69.665793403149,-69.69087672350305,6.354127010319475e-07
high,64.91000000000001,-69.66585209386152,-69.6658880674154,-69.69096137762277,6.332981848467e-07
high,64.92,-69.66594676513299,-69.66598270198038,-69.69104601026953,6.311907053144684e-07
high,64.93,-69.66604140661987,-69.66607730685827,-69.69113062144567,6.290902390187895e-07
high,64.94000000000001,-69.66613601833681,-69.66617188206342,-69.69121521115352,6.269967626211242e-07
high,64.95,-69.66623060029845,-69.66626642761017,-69.69129977939548,6.249102528606086e-07
high,64.96000000000001,-69.66632515251942,-69.66636094351283,-69.69138432617387,6.22830686553776e-07
high,64.97,-69.66641967501432,-69.66645542978571,-69.69146885149111,6.207580405943129e-07
high,64.98,-69.66651416779777,-69.66654988644306,-69.69155335534954,6.186922919527951e-07
high,64.99000000000001,-69.66660863088434,-69.6666443134992,-69.69163783775157,6.166334176764452e-07
high,65.0,-69.66670306428857,-69.66673871096835,-69.69172229869959,6.145813948888578e-07
high,65.01000000000002,-69.66679746802504,-69.66683307886476,-69.69180673819598,6.125362007897568e-07
high,65.02000000000001,-69.66689184210829,-69.66692741720267,-69.69189115624316,6.104978126547461e-07
high,65.03,-69.66698618655279,-69.66702172599625,-69.69197555284353,6.084662078350457e-07
high,65.04,-69.66708050137308,-69.66711600525973,-69.69205992799948,6.064413637572478e-07
high,65.05000000000001,-69.66717478658362,-69.66721025500729,-69.69214428171345,6.04423257923061e-07
high,65.06,-69.6672690421989,-69.66730447525309,-69.69222861398787,6.024118679090727e-07
high,65.07000000000001,-69.66736326823337,-69.6673986660113,-69.69231292482517,6.004071713664811e-07
high,65.08,-69.66745746470146,-69.66749282729602,-69.69239721422777,5.984091460208595e-07
high,65.09,-69.66755163161761,-69.66758695912141,-69.6924814821981,5.964177696719034e-07
high,65.10000000000001,-69.66764576899624,-69.66768106150158,-69.69256572873866,5.94433020193193e-07
high,65.11,-69.66773987685171,-69.66777513445061,-69.69264995385184,5.924548755319336e-07
high,65.12,-69.6678339551984,-69.66786917798258,-69.69273415754014,5.904833137087167e-07
high,65.13000000000001,-69.66792800405068,-69.66796319211156,-69.69281833980601,5.885183128172857e-07
high,65.14,-69.6680220234229,-69.66805717685162,-69.6929025006519,5.86559851024274e-07
high,65.15,-69.6681160133294,-69.66815113221676,-69.6929866400803,5.84607906568975e-07
high,65.16000000000001,-69.66820997378449,-69.66824505822105,-69.69307075809371,5.826624577630947e-07
high,65.17,-69.66830390480244,-69.66833895487844,-69.69315485469458,5.807234829905194e-07
high,65.18,-69.66839780639758,-69.66843282220296,-69.69323892988544,5.787909607070631e-07
high,65.19000000000001,-69.66849167858416,-69.6685266602086,-69.69332298366875,5.768648694402326e-07
high,65.2,-69.66858552137643,-69.66862046890931,-69.693407016047,5.749451877890005e-07
high,65.21000000000001,-69.66867933478864,-69.66871424831905,-69.69349102702274,5.73031894423548e-07
high,65.22,-69.66877311883502,-69.66880799845175,-69.69357501659847,5.7112496808504e-07
high,65.23,-69.66886687352975,-69.66890171932133,-69.69365898477669,5.692243875853843e-07
high,65.24000000000001,-69.66896059888707,-69.66899541094172,-69.69374293155994,5.673301318070047e-07
high,65.25,-69.66905429492111,-69.66908907332679,-69.69382685695075,5.654421797025928e-07
high,65.26,-69.66914796164609,-69.66918270649045,-69.69391076095165,5.635605102948839e-07
high,65.27000000000001,-69.6692415990761,-69.66927631044653,-69.69399464356518,5.616851026764178e-07
high,65.28,-69.66933520722529,-69.66936988520891,-69.69407850479388,5.598159360093183e-07
high,65.29,-69.66942878610783,-69.66946343079142,-69.6941623446403,5.579529895250453e-07
high,65.30000000000001,-69.66952233573775,-69.66955694720791,-69.69424616310701,5.560962425241719e-07
high,65.31,-69.66961585612921,-69.66965043447213,-69.69432996019655,5.542456743761608e-07
high,65.32000000000001,-69.66970934729623,-69.66974389259794,-69.69441373591151,5.524012645191226e-07
high,65.33,-69.66980280925289,-69.66983732159908,-69.69449749025445,5.505629924595954e-07
high,65.34,-69.66989624201322,-69.66993072148935,-69.69458122322793,5.487308377723126e-07
high,65.35000000000001,-69.66998964559127,-69.67002409228247,-69.69466493483455,5.469047800999865e-07
high,65.36,-69.67008302000106,-69.6701174339922,-69.69474862507688,5.45084799153066e-07
high,65.37,-69.67017636525657,-69.67021074663228,-69.69483229395753,5.432708747095199e-07
high,65.38000000000001,-69.67026968137178,-69.6703040302164,-69.6949159414791,5.414629866146172e-07
high,65.39,-69.67036296836068,-69.67039728475828,-69.69499956764419,5.396611147806919e-07
high,65.4,-69.67045622623722,-69.67049051027159,-69.6950831724554,5.378652391869272e-07
high,65.41000000000001,-69.67054945501533,-69.67058370677002,-69.69516675591535,5.36075339879129e-07
high,65.42,-69.67064265470896,-69.6706768742672,-69.69525031802665,5.34291396969514e-07
high,65.43,-69.67073582533202,-69.6707700127768,-69.69533385879194,5.325133906364731e-07
high,65.44000000000001,-69.67082896689838,-69.67086312231244,-69.69541737821383,5.307413011243605e-07
high,65.45,-69.67092207942196,-69.67095620288774,-69.69550087629497,5.289751087432779e-07
high,65.46000000000001,-69.6710151629166,-69.6710492545163,-69.69558435303799,5.272147938688462e-07
high,65.47,-69.67110821739615,-69.67114227721171,-69.69566780844553,5.254603369419922e-07
high,65.48,-69.67120124287447,-69.67123527098757,-69.69575124252026,5.237117184687297e-07
high,65.49000000000001,-69.6712942393654,-69.6713282358574,-69.69583465526482,5.21968919019952e-07
high,65.5,-69.67138720688271,-69.6714211718348,-69.69591804668187,5.202319192312004e-07
high,65.51,-69.67148014544023,-69.67151407893326,-69.69600141677407,5.185006998024589e-07
high,65.52000000000001,-69.67157305505171,-69.6716069571663,-69.69608476554409,5.167752414979366e-07
high,65.53,-69.67166593573094,-69.67169980654745,-69.69616809299461,5.150555251458606e-07
high,65.54,-69.67175878749167,-69.67179262709023,-69.69625139912833,5.133415316382519e-07
high,65.55000000000001,-69.67185161034763,-69.67188541880806,-69.69633468394791,5.116332419307176e-07
high,65.56,-69.67194440431253,-69.67197818171444,-69.69641794745604,5.09930637042249e-07
high,65.57000000000001,-69.67203716940013,-69.67207091582283,-69.69650118965541,5.082336980549937e-07
high,65.58,-69.67212990562408,-69.67216362114665,-69.69658441054874,5.065424061140567e-07
high,65.59,-69.67222261299806,-69.67225629769935,-69.69666761013872,5.048567424272853e-07
high,65.60000000000001,-69.67231529153577,-69.67234894549435,-69.69675078842808,5.031766882650706e-07
high,65.61,-69.67240794125084,-69.67244156454501,-69.69683394541951,5.015022249601247e-07
high,65.62,-69.67250056215688,-69.67253415486475,-69.69691708111576,4.998333339072802e-07
high,65.63000000000001,-69.67259315426757,-69.67262671646694,-69.69700019551951,4.981699965632903e-07
high,65.64,-69.67268571759652,-69.67271924936495,-69.69708328863352,4.965121944466094e-07
high,65.65,-69.6727782521573,-69.67281175357209,-69.69716636046053,4.948599091371972e-07
high,65.66000000000001,-69.67287075796348,-69.67290422910173,-69.69724941100326,4.932131222763085e-07
high,65.67,-69.67296323502865,-69.67299667596717,-69.69733244026446,4.915718155662995e-07
high,65.68,-69.67305568336636,-69.67308909418173,-69.6974154482469,4.899359707704097e-07
high,65.69000000000001,-69.67314810299015,-69.67318148375871,-69.69749843495332,4.883055697125672e-07
high,65.7,-69.67324049391354,-69.67327384471136,-69.69758140038645,4.866805942771916e-07
high,65.71000000000001,-69.67333285615003,-69.67336617705298,-69.69766434454911,4.850610264089816e-07
high,65.72,-69.67342518971313,-69.67345848079681,-69.69774726744402,4.834468481127219e-07
high,65.73,-69.67351749461633,-69.6735507559561,-69.69783016907397,4.818380414530791e-07
high,65.74000000000001,-69.67360977087311,-69.67364300254408,-69.69791304944174,4.802345885544122e-07
high,65.75,-69.67370201849693,-69.67373522057396,-69.69799590855013,4.786364716005588e-07
high,65.76,-69.67379423750123,-69.67382741005895,-69.6980787464019,4.770436728346475e-07
high,65.77000000000001,-69.67388642789939,-69.67391957101222,-69.69816156299986,4.7545617455889604e-07
high,65.78,-69.67397858970486,-69.67401170344698,-69.6982443583468,4.738739591344218e-07
high,65.79,-69.67407072293106,-69.67410380737635,-69.69832713244553,4.722970089810353e-07
high,65.80000000000001,-69.67416282759139,-69.67419588281352,-69.69840988529886,4.707253065770497e-07
high,65.81,-69.67425490369915,-69.67428792977161,-69.69849261690958,4.691588344590936e-07
high,65.82000000000001,-69.67434695126778,-69.67437994826375,-69.69857532728054,4.675975752219026e-07
high,65.83,-69.67443897031056,-69.67447193830304,-69.69865801641451,4.6604151151813597e-07
high,65.84,-69.67453096084088,-69.67456389990261,-69.69874068431437,4.644906260581792e-07
high,65.85000000000001,-69.67462292287202,-69.6746558330755,-69.69882333098293,4.629449016099589e-07
high,65.86,-69.6747148564173,-69.67474773783482,-69.69890595642302,4.6140432099874157e-07
high,65.87000000000002,-69.67480676149003,-69.67483961419362,-69.69898856063749,4.598688671069465e-07
high,65.88000000000001,-69.67489863810346,-69.67493146216493,-69.69907114362917,4.583385228739641e-07
high,65.89,-69.67499048627083,-69.67502328176181,-69.69915370540092,4.568132712959512e-07
high,65.9,-69.67508230600544,-69.67511507299726,-69.69923624595559,4.552930954256525e-07
high,65.91000000000001,-69.67517409732051,-69.6752068358843,-69.69931876529604,4.537779783722075e-07
high,65.92,-69.67526586022929,-69.67529857043593,-69.69940126342513,4.5226790330097016e-07
high,65.93,-69.67535759474492,-69.67539027666513,-69.69948374034574,4.507628534333113e-07
high,65.94,-69.67544930088069,-69.67548195458487,-69.69956619606073,4.492628120464393e-07
high,65.95,-69.6755409786497,-69.67557360420811,-69.69964863057298,4.477677624732096e-07
high,65.96000000000001,-69.67563262806519,-69.67566522554779,-69.69973104388538,4.462776881019498e-07
high,65.97,-69.67572424914026,-69.67575681861685,-69.69981343600082,4.4479257237626025e-07
high,65.98,-69.6758158418881,-69.6758483834282,-69.69989580692216,4.4331239879483823e-07
high,65.99000000000001,-69.67590740632178,-69.67593991999475,-69.6999781566523,4.418371509112986e-07
high,66.0,-69.67599894245447,-69.67603142832941,-69.70006048519419,4.403668123339814e-07
high,66.01,-69.67609045029924,-69.67612290844505,-69.70014279255068,4.3890136672577613e-07
high,66.02000000000001,-69.67618192986922,-69.67621436035454,-69.7002250787247,4.3744079780393656e-07
high,66.03,-69.67627338117745,-69.67630578407075,-69.70030734371916,4.3598508933990866e-07
high,66.04,-69.67636480423701,-69.6763971796065,-69.70038958753698,4.345342251591366e-07
high,66.05000000000001,-69.67645619906096,-69.67648854697464,-69.70047181018109,4.330881891408909e-07
high,66.06,-69.67654756566233,-69.676579886188,-69.7005540116544,4.3164696521809286e-07
high,66.07000000000001,-69.67663890405413,-69.67667119725937,-69.70063619195984,4.3021053737712694e-07
high,66.08,-69.67673021424939,-69.67676248020155,-69.70071835110036,4.2877888965766894e-07
high,66.09,-69.67682149626108,-69.67685373502731,-69.7008004890789,4.273520061525051e-07
high,66.10000000000001,-69.67691275010222,-69.67694496174944,-69.70088260589839,4.2592987100736406e-07
high,66.11,-69.67700397578577,-69.67703616038071,-69.70096470156179,4.245124684207273e-07
high,66.12000000000002,-69.67709517332469,-69.67712733093383,-69.70104677607206,4.2309978264366047e-07
high,66.13000000000001,-69.6771863427319,-69.67721847342155,-69.70112882943214,4.2169179797964545e-07
high,66.14,-69.67727748402038,-69.67730958785658,-69.70121086164501,4.2028849878439017e-07
high,66.15,-69.67736859720301,-69.67740067425167,-69.70129287271361,4.1888986946566744e-07
high,66.16000000000001,-69.6774596822927,-69.67749173261946,-69.70137486264095,4.174958944831351e-07
high,66.17,-69.67755073930236,-69.67758276297266,-69.70145683142998,4.161065583481722e-07
high,66.18,-69.67764176824487,-69.67767376532396,-69.70153877908366,4.147218456236941e-07
high,66.19,-69.67773276913309,-69.67776473968598,-69.70162070560501,4.133417409239897e-07
high,66.2,-69.67782374197988,-69.67785568607141,-69.701702610997,4.1196622891454574e-07
high,66.21000000000001,-69.67791468679808,-69.67794660449285,-69.70178449526264,4.1059529431188586e-07
high,66.22,-69.67800560360051,-69.67803749496295,-69.7018663584049,4.0922892188338704e-07
high,66.23000000000002,-69.67809649239999,-69.67812835749429,-69.7019482004268,4.0786709644711784e-07
high,66.24000000000001,-69.67818735320935,-69.6782191920995,-69.70203002133134,4.0650980287167343e-07
high,66.25,-69.67827818604134,-69.67830999879115,-69.70211182112153,4.0515702607599873e-07
high,66.26,-69.67836899090878,-69.67840077758183,-69.70219359980037,4.0380875102922643e-07
high,66.27000000000001,-69.6784597678244,-69.67849152848409,-69.70227535737091,4.024649627505067e-07
high,66.28,-69.67855051680097,-69.67858225151046,-69.70235709383614,4.011256463088492e-07
high,66.29,-69.67864123785122,-69.67867294667352,-69.70243880919911,3.997907868229442e-07
high,66.30000000000001,-69.6787319309879,-69.67876361398577,-69.70252050346284,3.984603694610044e-07
high,66.31,-69.67882259622368,-69.67885425345972,-69.70260217663035,3.9713437944060384e-07
high,66.32000000000001,-69.67891323357131,-69.6789448651079,-69.70268382870472,3.958128020285051e-07
high,66.33,-69.67900384304345,-69.67903544894277,-69.70276545968895,3.94495622540501e-07
high,66.34,-69.67909442465279,-69.67912600497684,-69.70284706958611,3.9318282634124825e-07
high,66.35000000000001,-69.67918497841198,-69.67921653322254,-69.70292865839926,3.918743988441132e-07
high,66.36,-69.67927550433369,-69.67930703369235,-69.70301022613143,3.905703255109969e-07
high,66.37000000000002,-69.67936600243054,-69.6793975063987,-69.70309177278571,3.892705918521809e-07
high,66.38000000000001,-69.67945647271517,-69.67948795135403,-69.70317329836513,3.879751834261695e-07
high,66.39,-69.6795469152002,-69.67957836857076,-69.70325480287279,3.86684085839521e-07
high,66.4,-69.67963732989823,-69.6796687580613,-69.70333628631172,3.853972847466934e-07
high,66.41000000000001,-69.67972771682183,-69.67975911983802,-69.70341774868504,3.8411476584988156e-07
high,66.42,-69.67981807598359,-69.67984945391333,-69.70349918999582,3.8283651489886624e-07
high,66.43,-69.67990840739607,-69.67993976029962,-69.70358061024713,3.81562517690844e-07
high,66.44,-69.67999871107185,-69.6800300390092,-69.70366200944207,3.8029276007027724e-07
high,66.45,-69.68008898702342,-69.68012029005445,-69.70374338758374,3.790272279287335e-07
high,66.46000000000001,-69.68017923526334,-69.68021051344769,-69.7038247446752,3.7776590720473417e-07
high,66.47,-69.68026945580412,-69.68030070920126,-69.7039060807196,3.7650878388359037e-07
high,66.48000000000002,-69.68035964865823,-69.68039087732747,-69.70398739572002,3.7525584399725005e-07
high,66.49000000000001,-69.68044981383821,-69.68048101783862,-69.70406868967957,3.740070736241501e-07
high,66.5,-69.68053995135652,-69.680571130747,-69.70414996260136,3.7276245888904947e-07
high,66.51,-69.68063006122561,-69.68066121606488,-69.70423121448853,3.715219859628825e-07
high,66.52000000000001,-69.68072014345796,-69.68075127380453,-69.70431244534417,3.702856410626028e-07
high,66.53,-69.68081019806597,-69.68084130397821,-69.70439365517142,3.6905341045103453e-07
high,66.54,-69.68090022506212,-69.68093130659817,-69.70447484397339,3.678252804367127e-07
high,66.55000000000001,-69.68099022445878,-69.68102128167662,-69.70455601175324,3.666012373737334e-07
high,66.56,-69.6810801962684,-69.6811112292258,-69.70463715851409,3.6538126766160965e-07
high,66.57000000000001,-69.68117014050334,-69.68120114925793,-69.7047182842591,3.6416535774510794e-07
high,66.58,-69.68126005717599,-69.68129104178516,-69.7047993889914,3.629534941141054e-07
high,66.59,-69.68134994629871,-69.68138090681973,-69.70488047271414,3.61745663303437e-07
high,66.60000000000001,-69.68143980788388,-69.68147074437378,-69.70496153543047,3.6054185189275045e-07
high,66.61,-69.68152964194384,-69.6815605544595,-69.70504257714354,3.5934204650634983e-07
high,66.62,-69.68161944849088,-69.68165033708901,-69.70512359785654,3.5814623381305174e-07
high,66.63000000000001,-69.68170922753738,-69.68174009227447,-69.7052045975726,3.569544005260342e-07
high,66.64,-69.6817989790956,-69.681829820028,-69.70528557629491,3.557665334026969e-07
high,66.65,-69.68188870317786,-69.68191952036172,-69.70536653402662,3.5458261924450195e-07
high,66.66000000000001,-69.68197839979645,-69.68200919328775,-69.70544747077092,3.5340264489683423e-07
high,66.67,-69.68206806896363,-69.68209883881816,-69.705528386531,3.52226597248858e-07
high,66.68,-69.68215771069165,-69.68218845696505,-69.70560928131005,3.5105446323336377e-07
high,66.69,-69.6822473249928,-69.6822780477405,-69.70569015511121,3.4988622982662834e-07
high,66.7,-69.68233691187926,-69.68236761115654,-69.70577100793771,3.4872188404826645e-07
high,66.71000000000001,-69.6824264713633,-69.68245714722525,-69.70585183979274,3.4756141296109473e-07
high,66.72,-69.68251600345711,-69.68254665595863,-69.7059326506795,3.46404803670976e-07
high,66.73000000000002,-69.68260550817287,-69.68263613736875,-69.70601344060118,3.4525204332668234e-07
high,66.74000000000001,-69.68269498552282,-69.6827255914676,-69.70609420956099,3.441031191197578e-07
high,66.75,-69.68278443551911,-69.68281501826719,-69.70617495756217,3.429580182843631e-07
high,66.76,-69.6828738581739,-69.6829044177795,-69.70625568460788,3.418167280971443e-07
high,66.77000000000001,-69.68296325349935,-69.68299379001654,-69.70633639070137,3.4067923587708587e-07
high,66.78,-69.6830526215076,-69.68308313499024,-69.70641707584586,3.395455289853772e-07
high,66.79,-69.68314196221078,-69.68317245271263,-69.70649774004457,3.3841559482526175e-07
high,66.80000000000001,-69.68323127562104,-69.68326174319557,-69.70657838330072,3.372894208419019e-07
high,66.81,-69.68332056175045,-69.68335100645106,-69.70665900561758,3.3616699452224555e-07
high,66.82000000000001,-69.68340982061109,-69.683440242491,-69.70673960699834,3.350483033948757e-07
high,66.83,-69.68349905221508,-69.68352945132732,-69.70682018744627,3.339333350298795e-07
high,66.84,-69.6835882565745,-69.6836186329719,-69.7069007469646,3.328220770387068e-07
high,66.85000000000001,-69.68367743370136,-69.68370778743666,-69.7069812855566,3.317145170740376e-07
high,66.86,-69.68376658360775,-69.68379691473346,-69.70706180322549,3.306106428296375e-07
high,66.87,-69.68385570630569,-69.6838860148742,-69.70714229997454,3.295104420402257e-07
high,66.88000000000001,-69.68394480180724,-69.68397508787072,-69.70722277580698,3.2841390248133593e-07
high,66.89,-69.68403387012437,-69.68406413373486,-69.70730323072613,3.273210119691876e-07
high,66.9,-69.68412291126911,-69.68415315247847,-69.7073836647352,3.2623175836053984e-07
high,66.91000000000001,-69.68421192525342,-69.68424214411337,-69.7074640778375,3.2514612955256227e-07
high,66.92,-69.68430091208933,-69.68433110865138,-69.70754447003628,3.240641134827038e-07
high,66.93,-69.68438987178875,-69.68442004610431,-69.70762484133483,3.2298569812855125e-07
high,66.94,-69.68447880436366,-69.68450895648395,-69.70770519173641,3.219108715077009e-07
high,66.95,-69.68456770982603,-69.6845978398021,-69.70778552124432,3.208396216776219e-07
high,66.96000000000001,-69.68465658818776,-69.68468669607049,-69.70786582986184,3.197719367355307e-07
high,66.97,-69.68474543946081,-69.68477552530092,-69.70794611759226,3.187078048182486e-07
high,66.98000000000002,-69.68483426365704,-69.68486432750512,-69.7080263844389,3.1764721410207556e-07
high,66.99000000000001,-69.6849230607884,-69.68495310269485,-69.70810663040501,3.165901528026617e-07
high,67.0,-69.68501183086677,-69.68504185088182,-69.70818685549393,3.155366091748694e-07
high,67.01,-69.68510057390401,-69.68513057207777,-69.70826705970894,3.144865715126475e-07
high,67.02000000000001,-69.68518928991199,-69.6852192662944,-69.70834724305338,3.1344002814889847e-07
high,67.03,-69.68527797890256,-69.68530793354338,-69.70842740553054,3.1239696745535515e-07
high,67.04,-69.68536664088758,-69.68539657383643,-69.70850754714374,3.1135737784244205e-07
high,67.05000000000001,-69.68545527587885,-69.68548518718521,-69.70858766789628,3.103212477591515e-07
high,67.06,-69.68554388388823,-69.68557377360138,-69.70866776779151,3.092885656929187e-07
high,67.07000000000001,-69.6856324649275,-69.6856623330966,-69.70874784683276,3.0825932016948664e-07
high,67.08,-69.68572101900848,-69.68575086568254,-69.70882790502334,3.0723349975278356e-07
high,67.09000000000002,-69.68580954614295,-69.68583937137078,-69.7089079423666,3.062110930447923e-07
high,67.10000000000001,-69.68589804634269,-69.68592785017299,-69.70898795886583,3.051920886854314e-07
high,67.11,-69.68598651961945,-69.68601630210074,-69.70906795452443,3.0417647535241794e-07
high,67.12,-69.686074965985,-69.68610472716566,-69.70914792934572,3.031642417611488e-07
high,67.13000000000001,-69.68616338545105,-69.68619312537932,-69.70922788333306,3.0215537666457274e-07
high,67.14,-69.6862517780294,-69.68628149675334,-69.70930781648978,3.011498688530693e-07
high,67.15,-69.68634014373173,-69.68636984129925,-69.70938772881922,3.00147707154318e-07
high,67.16000000000001,-69.68642848256974,-69.68645815902862,-69.70946762032477,2.9914888043317703e-07
high,67.17,-69.68651679455513,-69.686546449953,-69.70954749100979,2.9815337759156456e-07
high,67.18,-69.6866050796996,-69.6866347140839,-69.70962734087762,2.9716118756832614e-07
high,67.19,-69.68669333801483,-69.6867229514329,-69.70970716993163,2.961722993391178e-07
high,67.2,-69.68678156951248,-69.68681116201148,-69.70978697817522,2.951867019162815e-07
high,67.21000000000001,-69.6868697742042,-69.68689934583115,-69.70986676561174,2.942043843487267e-07
high,67.22,-69.68695795210162,-69.6869875029034,-69.70994653224456,2.9322533572180247e-07
high,67.23000000000002,-69.6870461032164,-69.68707563323976,-69.71002627807708,2.922495451571793e-07
high,67.24000000000001,-69.6871342275602,-69.68716373685164,-69.71010600311267,2.912770018127327e-07
high,67.25,-69.68722232514455,-69.68725181375056,-69.71018570735473,2.9030769488241405e-07
high,67.26,-69.68731039598107,-69.68733986394794,-69.71026539080664,2.8934161359613644e-07
high,67.27000000000001,-69.68739844008138,-69.68742788745523,-69.7103450534718,2.883787472196522e-07
high,67.28,-69.68748645745707,-69.68751588428387,-69.71042469535361,2.874190850544383e-07
high,67.29,-69.68757444811963,-69.68760385444527,-69.71050431645547,2.864626164375709e-07
high,67.3,-69.68766241208068,-69.68769179795085,-69.71058391678075,2.855093307416111e-07
high,67.31,-69.68775034935179,-69.68777971481202,-69.71066349633291,2.845592173744842e-07
high,67.32000000000001,-69.68783825994444,-69.68786760504017,-69.71074305511533,2.836122657793683e-07
high,67.33,-69.68792614387014,-69.68795546864668,-69.71082259313144,2.826684654345679e-07
high,67.34000000000002,-69.6880140011405,-69.6880433056429,-69.71090211038464,2.81727805853401e-07
high,67.35000000000001,-69.68810183176691,-69.68813111604024,-69.71098160687836,2.8079027658408857e-07
high,67.36,-69.68818963576093,-69.68821889985,-69.71106108261601,2.7985586720962637e-07
high,67.37,-69.68827741313406,-69.68830665708354,-69.71114053760104,2.7892456734767913e-07
high,67.38000000000001,-69.68836516389771,-69.68839438775221,-69.71121997183685,2.779963666504594e-07
high,67.39,-69.68845288806338,-69.6884820918673,-69.71129938532691,2.770712548046195e-07
high,67.4,-69.68854058564251,-69.68856976944014,-69.71137877807462,2.761492215311279e-07
high,67.41000000000001,-69.68862825664651,-69.68865742048202,-69.71145815008344,2.752302565851596e-07
high,67.42,-69.68871590108685,-69.68874504500423,-69.71153750135683,2.7431434975598646e-07
high,67.43,-69.68880351897495,-69.68883264301806,-69.7116168318982,2.7340149086685495e-07
high,67.44,-69.6888911103222,-69.68892021453476,-69.711696141711,2.724916697748792e-07
high,67.45000000000002,-69.68897867513996,-69.68900775956561,-69.71177543079872,2.7158487637092553e-07
high,67.46000000000001,-69.6890662134397,-69.68909527812187,-69.71185469916479,2.7068110057950453e-07
high,67.47,-69.68915372523276,-69.68918277021474,-69.71193394681265,2.6978033235865234e-07
high,67.48000000000002,-69.68924121053048,-69.68927023585549,-69.71201317374579,2.688825616998228e-07
high,67.49000000000001,-69.68932866934422,-69.68935767505529,-69.71209237996766,2.6798777862777984e-07
high,67.5,-69.68941610168532,-69.68944508782539,-69.71217156548174,2.670959732004787e-07
high,67.51,-69.68950350756516,-69.68953247417697,-69.7122507302915,2.66207135508961e-07
high,67.52000000000001,-69.68959088699505,-69.68961983412125,-69.71232987440038,2.653212556772424e-07
high,67.53,-69.68967823998626,-69.68970716766937,-69.71240899781192,2.6443832386220623e-07
high,67.54,-69.68976556655012,-69.68979447483252,-69.71248810052954,2.635583302534891e-07
high,67.55,-69.68985286669795,-69.68988175562187,-69.71256718255677,2.626812650733753e-07
high,67.56,-69.68994014044098,-69.68996901004854,-69.71264624389705,2.618071185766855e-07
high,67.57000000000001,-69.69002738779052,-69.6900562381237,-69.71272528455391,2.6093588105067485e-07
high,67.58,-69.69011460875782,-69.69014343985846,-69.71280430453083,2.6006754281491595e-07
high,67.59000000000002,-69.69020180335414,-69.69023061526394,-69.7128833038313,2.592020942211963e-07
high,67.60000000000001,-69.69028897159069,-69.69031776435126,-69.71296228245883,2.583395256534134e-07
high,67.61,-69.69037611347873,-69.69040488713154,-69.71304124041691,2.574798275274622e-07
high,67.62,-69.69046322902949,-69.69049198361581,-69.71312017770904,2.5662299029113255e-07
high,67.63000000000001,-69.69055031825414,-69.6905790538152,-69.71319909433873,2.557690044240005e-07
high,67.64,-69.69063738116392,-69.69066609774079,-69.7132779903095,2.5491786043732806e-07
high,67.65,-69.69072441777001,-69.6907531154036,-69.71335686562487,2.5406954887394975e-07
high,67.66000000000001,-69.69081142808358,-69.6908401068147,-69.71343572028833,2.532240603081719e-07
high,67.67,-69.69089841211579,-69.69092707198513,-69.71351455430343,2.5238138534567026e-07
high,67.68,-69.6909853698778,-69.69101401092593,-69.71359336767367,2.515415146233801e-07
high,67.69,-69.69107230138076,-69.6911009236481,-69.71367216040258,2.507044388093959e-07
high,67.70000000000002,-69.69115920663585,-69.69118781016267,-69.7137509324937,2.4987014860286517e-07
high,67.71000000000001,-69.69124608565413,-69.69127467048064,-69.71382968395054,2.4903863473389103e-07
high,67.72,-69.69133293844678,-69.691361504613,-69.71390841477665,2.4820988796342045e-07
high,67.73000000000002,-69.69141976502486,-69.69144831257074,-69.71398712497557,2.473838990831467e-07
high,67.74000000000001,-69.69150656539952,-69.69153509436482,-69.71406581455084,2.465606589154087e-07
high,67.75,-69.6915933395818,-69.69162185000621,-69.71414448350599,2.457401583130841e-07
high,67.76,-69.69168008758281,-69.69170857950589,-69.71422313184458,2.449223881594912e-07
high,67.77000000000001,-69.6917668094136,-69.69179528287475,-69.71430175957015,2.4410733936828523e-07
high,67.78,-69.69185350508523,-69.69188196012377,-69.71438036668626,2.4329500288336276e-07
high,67.79,-69.69194017460876,-69.69196861126386,-69.71445895319646,2.424853696787531e-07
high,67.8,-69.69202681799521,-69.69205523630593,-69.71453751910431,2.416784307585235e-07
high,67.81,-69.69211343525565,-69.69214183526091,-69.71461606441336,2.408741771566767e-07
high,67.82000000000001,-69.69220002640103,-69.69222840813967,-69.71469458912719,2.400725999370551e-07
high,67.83,-69.69228659144241,-69.6923149549531,-69.71477309324935,2.392736901932361e-07
high,67.84000000000002,-69.69237313039078,-69.6924014757121,-69.71485157678342,2.3847743904843507e-07
high,67.85000000000001,-69.69245964325711,-69.69248797042749,-69.71493003973298,2.376838376554116e-07
high,67.86,-69.6925461300524,-69.69257443911019,-69.7150084821016,2.3689287719636292e-07
high,67.87,-69.69263259078761,-69.692660881771,-69.71508690389282,2.361045488828314e-07
high,67.88000000000001,-69.69271902547369,-69.6927472984208,-69.71516530511028,2.3531884395560458e-07
high,67.89,-69.69280543412162,-69.6928336890704,-69.71524368575753,2.3453575368462127e-07
high,67.9,-69.6928918167423,-69.69292005373059,-69.71532204583815,2.337552693688696e-07
high,67.91000000000001,-69.69297817334669,-69.69300639241223,-69.71540038535575,2.3297738233629235e-07
high,67.92,-69.69306450394568,-69.69309270512609,-69.71547870431391,2.3220208394369477e-07
high,67.93,-69.6931508085502,-69.69317899188299,-69.71555700271622,2.3142936557664097e-07
high,67.94,-69.69323708717116,-69.6932652526937,-69.71563528056629,2.3065921864936346e-07
high,67.95000000000002,-69.69332333981943,-69.69335148756899,-69.71571353786771,2.29891634604665e-07
high,67.96000000000001,-69.69340956650588,-69.69343769651962,-69.71579177462407,2.2912660491382888e-07
high,67.97,-69.6934957672414,-69.69352387955635,-69.71586999083901,2.2836412107651535e-07
high,67.98,-69.69358194203687,-69.69361003668995,-69.71594818651612,2.2760417462067435e-07
high,67.99000000000001,-69.69366809090312,-69.69369616793111,-69.716026361659,2.2684675710244724e-07
high,68.0,-69.693754213851,-69.6937822732906,-69.71610451627129,2.2609186010607857e-07
high,68.01,-69.6938403108913,-69.69386835277909,-69.71618265035659,2.253394752438153e-07
high,68.02000000000001,-69.6939263820349,-69.69395440640733,-69.71626076391853,2.2458959415581582e-07
high,68.03,-69.69401242729258,-69.69404043418601,-69.7163388569607,2.2384220851006287e-07
high,68.04,-69.69409844667514,-69.6941264361258,-69.71641692948675,2.2309731000226374e-07
high,68.05,-69.6941844401934,-69.6942124122374,-69.71649498150032,2.2235489035575909e-07
high,68.06,-69.69427040785814,-69.6942983625315,-69.71657301300502,2.2161494132143404e-07
high,68.07000000000001,-69.69435634968013,-69.69438428701872,-69.71665102400448,2.2087745467762748e-07
high,68.08,-69.6944422656701,-69.69447018570973,-69.71672901450235,2.201424222300334e-07
high,68.09000000000002,-69.69452815583887,-69.69455605861519,-69.71680698450226,2.1940983581161783e-07
high,68.10000000000001,-69.69461402019714,-69.69464190574573,-69.71688493400782,2.1867968728252416e-07
high,68.11,-69.69469985875565,-69.69472772711195,-69.71696286302273,2.1795196852998416e-07
high,68.12,-69.69478567152512,-69.6948135227245,-69.71704077155061,2.1722667146822493e-07
high,68.13000000000001,-69.69487145851632,-69.69489929259399,-69.7171186595951,2.1650378803838273e-07
high,68.14,-69.6949572197399,-69.69498503673098,-69.71719652715986,2.1578331020841437e-07
high,68.15,-69.6950429552066,-69.69507075514608,-69.71727437424853,2.150652299730009e-07
high,68.16000000000001,-69.69512866492708,-69.69515644784988,-69.71735220086478,2.1434953935346638e-07
high,68.17,-69.69521434891202,-69.69524211485293,-69.7174300070123,2.1363623039768547e-07
high,68.18,-69.69530000717208,-69.69532775616581,-69.71750779269469,2.1292529517999656e-07
high,68.19,-69.69538563971795,-69.69541337179906,-69.71758555791565,2.1221672580111056e-07
high,68.20000000000002,-69.69547124656027,-69.69549896176324,-69.71766330267886,2.1151051438802715e-07
high,68.21000000000001,-69.69555682770968,-69.69558452606886,-69.71774102698794,2.1080665309394781e-07
high,68.22,-69.69564238317682,-69.69567006472647,-69.7178187308466,2.1010513409818197e-07
high,68.23,-69.69572791297229,-69.69575557774658,-69.71789641425852,2.0940594960606845e-07
high,68.24000000000001,-69.69581341710675,-69.6958410651397,-69.71797407722735,2.0870909184888123e-07
high,68.25,-69.69589889559077,-69.69592652691634,-69.71805171975679,2.0801455308375212e-07
high,68.26,-69.69598434843496,-69.69601196308697,-69.71812934185051,2.073223255935744e-07
high,68.27000000000001,-69.69606977564989,-69.69609737366207,-69.7182069435122,2.0663240168692436e-07
high,68.28,-69.69615517724614,-69.69618275865213,-69.71828452474554,2.0594477369797599e-07
high,68.29,-69.69624055323429,-69.6962681180676,-69.71836208555423,2.052594339864089e-07
high,68.3,-69.69632590362488,-69.69635345191892,-69.71843962594197,2.0457637493733193e-07
high,68.31000000000002,-69.6964112284285,-69.69643876021657,-69.71851714591243,2.0389558896119084e-07
high,68.32000000000001,-69.69649652765563,-69.69652404297095,-69.71859464546932,2.0321706849369286e-07
high,68.33,-69.69658180131682,-69.69660930019252,-69.71867212461635,2.0254080599571263e-07
high,68.34000000000002,-69.69666704942262,-69.69669453189168,-69.71874958335721,2.0186679395321536e-07
high,68.35000000000001,-69.69675227198351,-69.69677973807886,-69.7188270216956,2.011950248771736e-07
high,68.36,-69.69683746901003,-69.69686491876445,-69.71890443963522,2.005254913034775e-07
high,68.37,-69.69692264051267,-69.69695007395883,-69.71898183717983,1.9985818579285955e-07
high,68.38000000000001,-69.69700778650186,-69.69703520367239,-69.71905921433307,1.9919310093080516e-07
high,68.39,-69.69709290698813,-69.69712030791551,-69.71913657109873,1.985302293274785e-07
high,68.4,-69.69717800198191,-69.69720538669856,-69.71921390748047,1.9786956361763063e-07
high,68.41000000000001,-69.6972630714937,-69.69729044003188,-69.71929122348203,1.972110964605246e-07
high,68.42,-69.69734811553391,-69.69737546792585,-69.71936851910712,1.96554820539854e-07
high,68.43,-69.69743313411301,-69.6974604703908,-69.71944579435947,1.9590072856365534e-07
high,68.44,-69.69751812724142,-69.69754544743705,-69.71952304924281,1.952488132642346e-07
high,68.45000000000002,-69.69760309492956,-69.69763039907491,-69.71960028376087,1.9459906739807972e-07
high,68.46000000000001,-69.69768803718783,-69.69771532531472,-69.71967749791739,1.9395148374578826e-07
high,68.47,-69.69777295402666,-69.69780022616676,-69.71975469171608,1.9330605511197753e-07
high,68.48,-69.6978578454564,-69.69788510164135,-69.7198318651607,1.9266277432521304e-07
high,68.49000000000001,-69.6979427114875,-69.69796995174877,-69.71990901825498,1.9202163423792183e-07
high,68.5,-69.69802755213028,-69.6980547764993,-69.71998615100266,1.9138262772632057e-07
high,68.51,-69.69811236739513,-69.69813957590321,-69.72006326340748,1.9074574769033036e-07
high,68.52000000000001,-69.6981971572924,-69.69822434997076,-69.72014035547318,1.9011098705349773e-07
high,68.53,-69.69828192183247,-69.69830909871222,-69.72021742720352,1.8947833876292298e-07
high,68.54,-69.69836666102564,-69.6983938221378,-69.72029447860227,1.8884779578917202e-07
high,68.55,-69.69845137488227,-69.69847852025775,-69.72037150967316,1.8821935112620672e-07
high,68.56000000000002,-69.69853606341266,-69.69856319308231,-69.72044852041994,1.8759299779130016e-07
high,68.57000000000001,-69.69862072662714,-69.69864784062169,-69.72052551084636,1.8696872882496631e-07
high,68.58,-69.69870536453601,-69.6987324628861,-69.7206024809562,1.8634653729087697e-07
high,68.59000000000002,-69.69878997714959,-69.69881705988576,-69.72067943075322,1.8572641627578448e-07
high,68.60000000000001,-69.69887456447813,-69.69890163163083,-69.72075636024118,1.851083588894509e-07
high,68.61,-69.69895912653193,-69.69898617813153,-69.72083326942384,1.8449235826456562e-07
high,68.62,-69.69904366332125,-69.699070699398,-69.72091015830497,1.8387840755667023e-07
high,68.63000000000001,-69.69912817485637,-69.69915519544045,-69.72098702688835,1.8326649994408257e-07
high,68.64,-69.69921266114753,-69.69923966626902,-69.72106387517776,1.8265662862782484e-07
high,68.65,-69.69929712220497,-69.69932411189384,-69.72114070317696,1.8204878683154281e-07
high,68.66,-69.69938155803892,-69.6994085323251,-69.72121751088973,1.814429678014312e-07
high,68.67000000000002,-69.69946596865962,-69.69949292757288,-69.72129429831986,1.8083916480616123e-07
high,68.68,-69.6995503540773,-69.69957729764735,-69.72137106547112,1.8023737113680643e-07
high,68.69,-69.69963471430214,-69.6996616425586,-69.7214478123473,1.7963758010676236e-07
high,68.70000000000002,-69.69971904934437,-69.69974596231677,-69.7215245389522,1.790397850516787e-07
high,68.71000000000001,-69.69980335921416,-69.69983025693192,-69.72160124528959,1.78443979329382e-07
high,68.72,-69.6998876439217,-69.69991452641418,-69.72167793136327,1.7785015631980328e-07
high,68.73,-69.69997190347715,-69.69999877077359,-69.72175459717704,1.7725830942490163e-07
high,68.74000000000001,-69.70005613789068,-69.70008299002028,-69.7218312427347,1.7666843206859435e-07
high,68.75,-69.70014034717246,-69.70016718416426,-69.72190786804003,1.760805176966845e-07
high,68.76,-69.70022453133265,-69.70025135321565,-69.72198447309682,1.754945597767822e-07
high,68.77000000000001,-69.70030869038136,-69.70033549718445,-69.72206105790892,1.749105517982384e-07
high,68.78,-69.70039282432873,-69.70041961608071,-69.72213762248009,1.7432848727206967e-07
high,68.79,-69.7004769331849,-69.7005037099145,-69.72221416681415,1.7374835973088695e-07
high,68.8,-69.70056101695995,-69.7005877786958,-69.72229069091492,1.7317016272882152e-07
high,68.81000000000002,-69.70064507566403,-69.70067182243469,-69.72236719478619,1.7259388984145625e-07
high,68.82000000000001,-69.7007291093072,-69.7007558411411,-69.7224436784318,1.7201953466575498e-07
high,68.83,-69.70081311789957,-69.70083983482509,-69.72252014185557,1.7144709081998586e-07
high,68.84000000000002,-69.7008971014512,-69.70092380349661,-69.72259658506127,1.7087655194365634e-07
high,68.85000000000001,-69.70098105997218,-69.70100774716569,-69.72267300805277,1.7030791169743974e-07
high,68.86,-69.70106499347256,-69.70109166584227,-69.72274941083386,1.6974116376310585e-07
high,68.87,-69.70114890196243,-69.70117555953635,-69.72282579340839,1.6917630184344837e-07
high,68.88000000000001,-69.70123278545178,-69.70125942825787,-69.72290215578018,1.6861331966221792e-07
high,68.89,-69.70131664395069,-69.7013432720168,-69.72297849795304,1.68052210964053e-07
high,68.9,-69.70140047746919,-69.70142709082306,-69.72305481993081,1.6749296951440485e-07
high,68.91,-69.70148428601726,-69.70151088468658,-69.72313112171734,1.6693558909947512e-07
high,68.92000000000002,-69.70156806960495,-69.70159465361732,-69.72320740331645,1.6638006352614053e-07
high,68.93,-69.70165182824225,-69.70167839762517,-69.72328366473198,1.6582638662189134e-07
high,68.94,-69.70173556193916,-69.70176211672006,-69.72335990596775,1.6527455223475454e-07
high,68.95000000000002,-69.70181927070566,-69.70184581091189,-69.72343612702764,1.647245542332312e-07
high,68.96000000000001,-69.70190295455173,-69.70192948021055,-69.72351232791546,1.6417638650622855e-07
high,68.97,-69.70198661348738,-69.70201312462594,-69.72358850863506,1.6363004296298666e-07
high,68.98,-69.70207024752251,-69.70209674416793,-69.7236646691903,1.6308551753301727e-07
high,68.99000000000001,-69.7021538566671,-69.70218033884638,-69.72374080958504,1.6254280416603045e-07
high,69.0,-69.7022374409311,-69.70226390867116,-69.72381692982312,1.620018968318745e-07
high,69.01,-69.70232100032443,-69.70234745365212,-69.72389302990838,1.6146278952046053e-07
high,69.02000000000001,-69.70240453485704,-69.70243097379914,-69.72396910984467,1.6092547624170178e-07
high,69.03,-69.70248804453885,-69.70251446912201,-69.72404516963587,1.6038995102544696e-07
high,69.04,-69.7025715293798,-69.7025979396306,-69.72412120928584,1.598562079214086e-07
high,69.05,-69.7026549893897,-69.70268138533471,-69.72419722879843,1.5932424099910342e-07
high,69.06000000000002,-69.70273842457857,-69.70276480624419,-69.7242732281775,1.5879404434778073e-07
high,69.07000000000001,-69.70282183495618,-69.70284820236878,-69.72434920742691,1.5826561207636335e-07
high,69.08,-69.70290522053249,-69.70293157371835,-69.72442516655055,1.5773893831337447e-07
high,69.09000000000002,-69.70298858131734,-69.70301492030266,-69.72450110555226,1.5721401720687809e-07
high,69.10000000000001,-69.70307191732063,-69.70309824213149,-69.72457702443596,1.5669084292441358e-07
high,69.11,-69.70315522855215,-69.70318153921463,-69.7246529232055,1.5616940965292646e-07
high,69.12,-69.70323851502182,-69.70326481156182,-69.72472880186473,1.5564971159870936e-07
high,69.13000000000001,-69.70332177673941,-69.70334805918286,-69.72480466041756,1.5513174298733245e-07
high,69.14,-69.7034050137148,-69.70343128208748,-69.72488049886785,1.5461549806358586e-07
high,69.15,-69.70348822595778,-69.7035144802854,-69.72495631721951,1.541009710914079e-07
high,69.16,-69.7035714134782,-69.70359765378639,-69.72503211547638,1.53588156353828e-07
high,69.17000000000002,-69.70365457628584,-69.70368080260018,-69.72510789364237,1.5307704815289776e-07
high,69.18,-69.70373771439051,-69.70376392673647,-69.72518365172137,1.525676408096335e-07
high,69.19,-69.70382082780198,-69.70384702620498,-69.72525938971727,1.520599286639484e-07
high,69.20000000000002,-69.70390391653005,-69.70393010101543,-69.72533510763395,1.5155390607458955e-07
high,69.21000000000001,-69.7039869805845,-69.70401315117749,-69.72541080547532,1.510495674190802e-07
high,69.22,-69.70407001997506,-69.70409617670087,-69.72548648324526,1.5054690709365224e-07
high,69.23,-69.70415303471155,-69.70417917759525,-69.72556214094767,1.5004591951318528e-07
high,69.24000000000001,-69.70423602480369,-69.70426215387029,-69.72563777858646,1.495465991111444e-07
high,69.25,-69.7043189902612,-69.70434510553567,-69.72571339616553,1.4904894033952164e-07
high,69.26,-69.70440193109381,-69.70442803260102,-69.72578899368877,1.4855293766876992e-07
high,69.27000000000001,-69.70448484731129,-69.70451093507603,-69.72586457116007,1.4805858558774178e-07
high,69.28,-69.70456773892333,-69.70459381297033,-69.72594012858336,1.4756587860363284e-07
high,69.29,-69.70465060593966,-69.70467666629354,-69.72601566596255,1.4707481124191593e-07
high,69.3,-69.70473344836995,-69.70475949505531,-69.72609118330156,1.4658537804628101e-07
high,69.31000000000002,-69.70481626622393,-69.70484229926524,-69.72616668060428,1.460975735785769e-07
high,69.32000000000001,-69.70489905951128,-69.70492507893296,-69.72624215787461,1.456113924187489e-07
high,69.33,-69.70498182824166,-69.70500783406807,-69.72631761511651,1.4512682916477974e-07
high,69.34,-69.70506457242475,-69.70509056468016,-69.72639305233388,1.4464387843262718e-07
high,69.35000000000001,-69.70514729207021,-69.70517327077883,-69.7264684695306,1.4416253485616698e-07
high,69.36,-69.70522998718769,-69.70525595237363,-69.72654386671066,1.4368279308713388e-07
high,69.37,-69.70531265778686,-69.70533860947415,-69.72661924387793,1.4320464779505716e-07
high,69.38000000000001,-69.70539530387731,-69.70542124208998,-69.72669460103637,1.4272809366720708e-07
high,69.39,-69.70547792546874,-69.70550385023067,-69.72676993818986,1.422531254085328e-07
high,69.4,-69.70556052257072,-69.70558643390576,-69.72684525534238,1.4177973774160484e-07
high,69.41,-69.70564309519291,-69.70566899312479,-69.72692055249782,1.4130792540655432e-07
high,69.42000000000002,-69.70572564334489,-69.7057515278973,-69.72699582966014,1.408376831610172e-07
high,69.43,-69.70580816703624,-69.70583403823284,-69.72707108683328,1.4036900578007626e-07
high,69.44,-69.7058906662766,-69.7059165241409,-69.72714632402115,1.3990188805619873e-07
high,69.45000000000002,-69.70597314107553,-69.70599898563103,-69.7272215412277,1.3943632479918338e-07
high,69.46000000000001,-69.70605559144259,-69.70608142271269,-69.72729673845687,1.3897231083610031e-07
high,69.47,-69.70613801738739,-69.70616383539539,-69.7273719157126,1.3850984101123456e-07
high,69.48,-69.70622041891944,-69.70624622368865,-69.72744707299884,1.380489101860268e-07
high,69.49000000000001,-69.70630279604835,-69.70632858760193,-69.72752221031952,1.375895132390186e-07
high,69.5,-69.70638514878364,-69.70641092714472,-69.72759732767861,1.3713164506579624e-07
high,69.51,-69.70646747713484,-69.70649324232647,-69.72767242508003,1.3667530057892942e-07
high,69.52000000000001,-69.70654978111149,-69.70657553315665,-69.72774750252775,1.362204747079196e-07
high,69.53000000000002,-69.7066320607231,-69.70665779964472,-69.72782256002571,1.3576716239914128e-07
high,69.54,-69.70671431597918,-69.70674004180012,-69.7278975975779,1.353153586157869e-07
high,69.55,-69.70679654688928,-69.70682225963229,-69.72797261518821,1.3486505833780882e-07
high,69.56000000000002,-69.70687875346289,-69.70690445315067,-69.72804761286062,1.3441625656186594e-07
high,69.57000000000001,-69.70696093570946,-69.70698662236465,-69.72812259059913,1.3396894830126868e-07
high,69.58,-69.7070430936385,-69.70706876728369,-69.72819754840766,1.3352312858591925e-07
high,69.59,-69.70712522725951,-69.70715088791718,-69.72827248629018,1.3307879246226162e-07
high,69.60000000000001,-69.70720733658193,-69.70723298427451,-69.72834740425066,1.3263593499322175e-07
high,69.61,-69.70728942161522,-69.7073150563651,-69.72842230229305,1.321945512581584e-07
high,69.62,-69.70737148236887,-69.70739710419832,-69.72849718042134,1.3175463635280194e-07
high,69.63000000000001,-69.70745351885229,-69.70747912778356,-69.72857203863948,1.3131618538920446e-07
high,69.64,-69.70753553107492,-69.70756112713016,-69.72864687695146,1.3087919349568538e-07
high,69.65,-69.70761751904621,-69.70764310224754,-69.72872169536123,1.3044365581677346e-07
high,69.66,-69.70769948277558,-69.70772505314501,-69.72879649387279,1.300095675131575e-07
high,69.67000000000002,-69.70778142227245,-69.70780697983196,-69.7288712724901,1.2957692376162832e-07
high,69.68,-69.70786333754623,-69.70788888231772,-69.72894603121712,1.291457197550305e-07
high,69.69,-69.70794522860629,-69.7079707606116,-69.72902077005786,1.2871595070220262e-07
high,69.70000000000002,-69.70802709546207,-69.70805261472294,-69.72909548901627,1.2828761182792855e-07
high,69.71000000000001,-69.70810893812296,-69.70813444466108,-69.72917018809636,1.2786069837288442e-07
high,69.72,-69.70819075659828,-69.70821625043534,-69.72924486730211,1.2743520559358164e-07
high,69.73,-69.70827255089746,-69.708298032055,-69.7293195266375,1.2701112876231916e-07
high,69.74000000000001,-69.70835432102986,-69.70837978952937,-69.72939416610652,1.2658846316712654e-07
high,69.75,-69.7084360670048,-69.70846152286775,-69.72946878571315,1.2616720411171678e-07
high,69.76,-69.70851778883167,-69.7085432320794,-69.72954338546137,1.2574734691542806e-07
high,69.77000000000001,-69.70859948651977,-69.70862491717364,-69.7296179653552,1.2532888691317612e-07
high,69.78000000000002,-69.70868116007846,-69.70870657815969,-69.72969252539863,1.2491181945540237e-07
high,69.79,-69.70876280951707,-69.70878821504687,-69.72976706559564,1.2449613990801832e-07
high,69.8,-69.70884443484492,-69.70886982784438,-69.72984158595024,1.24081843652359e-07
high,69.81000000000002,-69.70892603607132,-69.70895141656152,-69.7299160864664,1.23668926085127e-07
high,69.82000000000001,-69.70900761320557,-69.7090329812075,-69.72999056714816,1.2325738261834653e-07
high,69.83,-69.70908916625699,-69.70911452179156,-69.7300650279995,1.228472086793081e-07
high,69.84,-69.70917069523483,-69.70919603832293,-69.73013946902442,1.2243839971051884e-07
high,69.85000000000001,-69.7092522001484,-69.70927753081084,-69.73021389022695,1.220309511696518e-07
high,69.86,-69.70933368100697,-69.70935899926451,-69.73028829161106,1.2162485852949816e-07
high,69.87,-69.70941513781983,-69.70944044369313,-69.73036267318078,1.2122011727791317e-07
high,69.88000000000001,-69.70949657059622,-69.7095218641059,-69.73043703494011,1.2081672291776643e-07
high,69.89000000000001,-69.7095779793454,-69.70960326051201,-69.73051137689306,1.2041467096689552e-07
high,69.9,-69.7096593640766,-69.70968463292067,-69.73058569904367,1.200139569580524e-07
high,69.91,-69.7097407247991,-69.70976598134104,-69.73066000139592,1.196145764388542e-07
high,69.92000000000002,-69.7098220615221,-69.70984730578228,-69.73073428395384,1.1921652497173594e-07
high,69.93,-69.70990337425482,-69.70992860625358,-69.73080854672143,1.188197981338994e-07
high,69.94,-69.7099846630065,-69.71000988276407,-69.73088278970275,1.1842439151726497e-07
high,69.95000000000002,-69.71006592778636,-69.71009113532294,-69.73095701290177,1.1803030072842051e-07
high,69.96000000000001,-69.71014716860358,-69.71017236393931,-69.73103121632255,1.1763752138857661e-07
high,69.97,-69.71022838546736,-69.7102535686223,-69.7311053999691,1.172460491335144e-07
high,69.98,-69.7103095783869,-69.71033474938106,-69.73117956384544,1.1685587961353726e-07
high,69.99000000000001,-69.71039074737136,-69.71041590622471,-69.7312537079556,1.164670084934247e-07
high,70.0,-69.71047189242995,-69.71049703916235,-69.73132783230359,1.1607943145238254e-07
high,70.01,-69.71055301357181,-69.71057814820311,-69.73140193689348,1.1569314418399559e-07
high,70.02,-69.71063411080608,-69.71065923335608,-69.73147602172928,1.1530814239617831e-07
high,70.03000000000002,-69.71071518414199,-69.71074029463037,-69.731550086815,1.1492442181112911e-07
high,70.04,-69.71079623358861,-69.71082133203505,-69.73162413215469,1.145419781652832e-07
high,70.05,-69.71087725915511,-69.71090234557921,-69.7316981577524,1.1416080720926155e-07
high,70.06000000000002,-69.71095826085063,-69.71098333527192,-69.73177216361215,1.1378090470782787e-07
high,70.07000000000001,-69.71103923868431,-69.71106430112225,-69.73184614973799,1.1340226643983927e-07
high,70.08,-69.71112019266522,-69.71114524313926,-69.73192011613394,1.1302488819820044e-07
high,70.09,-69.7112011228025,-69.711226161332,-69.73199406280406,1.1264876578981512e-07
high,70.10000000000001,-69.71128202910525,-69.71130705570951,-69.73206798975238,1.1227389503554157e-07
high,70.11,-69.71136291158257,-69.71138792628086,-69.73214189698297,1.1190027177014649e-07
high,70.12,-69.71144377024356,-69.71146877305505,-69.73221578449984,1.1152789184225526e-07
high,70.13000000000001,-69.71152460509728,-69.71154959604112,-69.73228965230705,1.111567511143097e-07
high,70.14000000000001,-69.71160541615284,-69.7116303952481,-69.73236350040864,1.1078684546252008e-07
high,70.15,-69.71168620341926,-69.71171117068498,-69.73243732880867,1.1041817077682024e-07
high,70.16,-69.71176696690564,-69.71179192236076,-69.7325111375112,1.1005072296082018e-07
high,70.17000000000002,-69.71184770662101,-69.71187265028448,-69.73258492652026,1.0968449793176261e-07
high,70.18,-69.71192842257446,-69.71195335446508,-69.73265869583993,1.0931949162047797e-07
high,70.19,-69.71200911477496,-69.71203403491157,-69.73273244547424,1.0895569997133561e-07
high,70.20000000000002,-69.7120897832316,-69.71211469163293,-69.73280617542727,1.0859311894220275e-07
high,70.21000000000001,-69.71217042795342,-69.71219532463815,-69.73287988570306,1.082317445043976e-07
high,70.22,-69.71225104894938,-69.71227593393614,-69.73295357630566,1.0787157264264526e-07
high,70.23,-69.71233164622856,-69.71235651953592,-69.73302724723915,1.0751259935503168e-07
high,70.24000000000001,-69.71241221979993,-69.71243708144641,-69.73310089850759,1.0715482065296112e-07
high,70.25,-69.7124927696725,-69.71251761967656,-69.73317453011505,1.0679823256111209e-07
high,70.26,-69.71257329585524,-69.71259813423531,-69.73324814206556,1.0644283111738986e-07
high,70.27,-69.71265379835712,-69.71267862513157,-69.73332173436323,1.0608861237288665e-07
high,70.28000000000002,-69.7127342771872,-69.71275909237428,-69.7333953070121,1.0573557239183384e-07
high,70.29,-69.71281473235439,-69.71283953597239,-69.73346886001625,1.0538370725156282e-07
high,70.3,-69.71289516386766,-69.71291995593477,-69.73354239337974,1.050330130424562e-07
high,70.31000000000002,-69.71297557173598,-69.71300035227034,-69.73361590710665,1.0468348586790806e-07
high,70.32000000000001,-69.7130559559683,-69.71308072498799,-69.73368940120106,1.043351218442806e-07
high,70.33,-69.71313631657357,-69.71316107409662,-69.73376287566703,1.039879171008578e-07
high,70.34,-69.71321665356072,-69.71324139960511,-69.73383633050865,1.0364186777980631e-07
high,70.35000000000001,-69.71329696693867,-69.71332170152232,-69.73390976572999,1.0329697003612905e-07
high,70.36,-69.71337725671637,-69.71340197985717,-69.73398318133513,1.0295322003762674e-07
high,70.37,-69.71345752290273,-69.71348223461847,-69.73405657732813,1.0261061396485035e-07
high,70.38000000000001,-69.71353776550663,-69.71356246581512,-69.7341299537131,1.0226914801106219e-07
high,70.39000000000001,-69.71361798453701,-69.71364267345594,-69.73420331049411,1.0192881838219371e-07
high,70.4,-69.71369818000277,-69.7137228575498,-69.73427664767523,1.0158962129679999e-07
high,70.41,-69.71377835191278,-69.71380301810554,-69.73434996526056,1.0125155298602175e-07
high,70.42000000000002,-69.71385850027592,-69.71388315513195,-69.73442326325419,1.0091460969353987e-07
high,70.43,-69.71393862510108,-69.7139632686379,-69.73449654166018,1.0057878767553761e-07
high,70.44,-69.71401872639713,-69.71404335863218,-69.73456980048266,1.0024408320065576e-07
high,70.45000000000002,-69.71409880417293,-69.71412342512363,-69.7346430397257,9.991049254995119e-08
high,70.46000000000001,-69.71417885843735,-69.71420346812106,-69.73471625939337,9.957801201685909e-08
high,70.47,-69.71425888919923,-69.71428348763322,-69.7347894594898,9.924663790714684e-08
high,70.48,-69.7143388964674,-69.71436348366895,-69.73486264001906,9.89163665388772e-08
high,70.49000000000001,-69.71441888025072,-69.71444345623702,-69.73493580098526,9.858719424236384e-08
high,70.5,-69.71449884055801,-69.71452340534621,-69.73500894239245,9.825911736013445e-08
high,70.51,-69.71457877739809,-69.71460333100529,-69.73508206424479,9.793213224688699e-08
high,70.52,-69.71465869077979,-69.71468323322304,-69.73515516654635,9.760623526944944e-08
high,70.53000000000002,-69.7147385807119,-69.71476311200821,-69.73522824930123,9.72814228067413e-08
high,70.54,-69.71481844720323,-69.71484296736955,-69.73530131251353,9.695769124973185e-08
high,70.55,-69.7148982902626,-69.7149227993158,-69.73537435618736,9.66350370014008e-08
high,70.56000000000002,-69.71497810989877,-69.71500260785572,-69.73544738032682,9.631345647669661e-08
high,70.57000000000001,-69.71505790612055,-69.71508239299804,-69.73552038493601,9.599294610250005e-08
high,70.58,-69.71513767893669,-69.71516215475148,-69.73559337001905,9.567350231758142e-08
high,70.59,-69.71521742835597,-69.71524189312477,-69.73566633558,9.53551215725614e-08
high,70.60000000000001,-69.71529715438716,-69.71532160812662,-69.73573928162304,9.50378003298732e-08
high,70.61,-69.71537685703903,-69.71540129976573,-69.73581220815224,9.472153506372198e-08
high,70.62,-69.71545653632032,-69.71548096805083,-69.73588511517171,9.440632226004631e-08
high,70.63000000000001,-69.71553619223977,-69.7155606129906,-69.73595800268558,9.409215841647744e-08
high,70.64000000000001,-69.71561582480611,-69.71564023459374,-69.73603087069792,9.37790400423038e-08
high,70.65,-69.71569543402809,-69.7157198328689,-69.73610371921289,9.346696365842908e-08
high,70.66,-69.71577501991443,-69.71579940782479,-69.7361765482346,9.315592579733407e-08
high,70.67000000000002,-69.71585458247381,-69.71587895947005,-69.73624935776715,9.284592300303963e-08
high,70.68,-69.71593412171501,-69.71595848781337,-69.73632214781466,9.253695183106709e-08
high,70.69,-69.71601363764671,-69.7160379928634,-69.73639491838127,9.222900884840062e-08
high,70.7,-69.71609313027759,-69.71611747462882,-69.73646766947105,9.192209063344762e-08
high,70.71000000000001,-69.71617259961636,-69.71619693311823,-69.73654040108818,9.161619377600262e-08
high,70.72,-69.71625204567168,-69.71627636834029,-69.73661311323674,9.131131487720943e-08
high,70.73,-69.71633146845227,-69.71635578030363,-69.73668580592089,9.100745054952064e-08
high,70.74000000000001,-69.71641086796679,-69.71643516901688,-69.73675847914473,9.070459741666314e-08
high,70.75000000000001,-69.71649024422389,-69.71651453448867,-69.73683113291237,9.040275211359898e-08
high,70.76,-69.71656959723225,-69.71659387672759,-69.73690376722797,9.010191128648873e-08
high,70.77,-69.71664892700053,-69.71667319574227,-69.73697638209565,8.980207159265272e-08
high,70.78000000000002,-69.71672823353734,-69.7167524915413,-69.73704897751954,8.95032297005358e-08
high,70.79,-69.71680751685135,-69.71683176413326,-69.73712155350375,8.920538228967029e-08
high,70.8,-69.71688677695118,-69.71691101352677,-69.73719411005246,8.890852605063658e-08
high,70.81000000000002,-69.71696601384548,-69.7169902397304,-69.73726664716976,8.861265768502924e-08
high,70.82000000000001,-69.7170452275429,-69.71706944275275,-69.73733916485979,8.831777390541892e-08
high,70.83,-69.71712441805197,-69.71714862260232,-69.73741166312668,8.80238714353165e-08
high,70.84,-69.71720358538136,-69.71722777928775,-69.73748414197459,8.77309470091353e-08
high,70.85000000000001,-69.71728272953965,-69.71730691281756,-69.73755660140763,8.743899737215648e-08
high,70.86,-69.71736185053544,-69.7173860232003,-69.73762904142997,8.714801928049312e-08
high,70.87,-69.71744094837733,-69.71746511044454,-69.7377014620457,8.685800950105134e-08
high,70.88000000000001,-69.71752002307389,-69.7175441745588,-69.73777386325901,8.656896481149764e-08
high,70.89000000000001,-69.71759907463374,-69.71762321555161,-69.73784624507401,8.628088200022137e-08
high,70.9,-69.71767810306541,-69.71770223343151,-69.73791860749488,8.599375786629972e-08
high,70.91,-69.71775710837747,-69.71778122820703,-69.73799095052571,8.570758921946099e-08
high,70.92000000000002,-69.71783609057849,-69.71786019988666,-69.73806327417067,8.54223728800506e-08
high,70.93,-69.717915049677,-69.71793914847893,-69.73813557843391,8.513810567899612e-08
high,70.94,-69.71799398568162,-69.71801807399234,-69.73820786331959,8.485478445776921e-08
high,70.95,-69.71807289860078,-69.71809697643539,-69.73828012883183,8.457240606835403e-08
high,70.96000000000001,-69.7181517884431,-69.71817585581654,-69.7383523749748,8.429096737320907e-08
high,70.97,-69.71823065521706,-69.7182547121443,-69.73842460175263,8.401046524523606e-08
high,70.98,-69.71830949893122,-69.71833354542716,-69.73849680916949,8.373089656774088e-08
high,70.99000000000001,-69.71838831959406,-69.71841235567355,-69.73856899722952,8.345225823440207e-08
high,71.00000000000001,-69.71846711721409,-69.71849114289198,-69.73864116593688,8.31745471492361e-08
high,71.01,-69.71854589179988,-69.71856990709091,-69.73871331529573,8.289776022656053e-08
high,71.02,-69.71862464335982,-69.71864864827876,-69.73878544531019,8.262189439096286e-08
high,71.03000000000002,-69.71870337190249,-69.71872736646401,-69.73885755598445,8.23469465772634e-08
high,71.04,-69.71878207743633,-69.71880606165506,-69.73892964732266,8.207291373048452e-08
high,71.05,-69.71886075996983,-69.7188847338604,-69.73900171932898,8.179979280581396e-08
high,71.06000000000002,-69.71893941951144,-69.71896338308844,-69.73907377200757,8.152758076857113e-08
high,71.07000000000001,-69.71901805606969,-69.71904200934759,-69.73914580536258,8.125627459417617e-08
high,71.08,-69.71909666965297,-69.71912061264626,-69.73921781939818,8.098587126811239e-08
high,71.09,-69.71917526026975,-69.71919919299289,-69.73928981411854,8.071636778589616e-08
high,71.10000000000001,-69.71925382792848,-69.71927775039588,-69.73936178952779,8.044776115304074e-08
high,71.11000000000001,-69.71933237263764,-69.71935628486362,-69.73943374563012,8.018004838502607e-08
high,71.12,-69.71941089440561,-69.71943479640453,-69.7395056824297,7.991322650726308e-08
high,71.13000000000001,-69.71948939324085,-69.71951328502695,-69.73957759993067,7.964729255506064e-08
high,71.14000000000001,-69.71956786915182,-69.7195917507393,-69.73964949813723,7.938224357359546e-08
high,71.15,-69.71964632214684,-69.71967019354994,-69.73972137705353,7.91180766178753e-08
high,71.16,-69.71972475223441,-69.71974861346727,-69.73979323668374,7.885478875270958e-08
high,71.17000000000002,-69.71980315942291,-69.71982701049963,-69.73986507703204,7.859237705267404e-08
high,71.18,-69.71988154372072,-69.71990538465538,-69.73993689810257,7.833083860208125e-08
high,71.19,-69.71995990513624,-69.71998373594286,-69.74000869989953,7.807017049494575e-08
high,71.2,-69.72003824367786,-69.72006206437044,-69.74008048242709,7.781036983495202e-08
high,71.21000000000001,-69.720116559354,-69.72014036994645,-69.74015224568943,7.755143373542362e-08
high,71.22,-69.72019485217294,-69.72021865267922,-69.7402239896907,7.729335931929015e-08
high,71.23,-69.72027312214315,-69.72029691257708,-69.7402957144351,7.703614371905567e-08
high,71.24000000000001,-69.72035136927293,-69.72037514964838,-69.74036741992678,7.677978407676566e-08
high,71.25000000000001,-69.72042959357069,-69.7204533639014,-69.74043910616994,7.65242775439778e-08
high,71.26,-69.7205077950447,-69.72053155534446,-69.74051077316877,7.626962128172796e-08
high,71.27,-69.7205859737034,-69.7206097239859,-69.74058242092741,7.601581246049901e-08
high,71.28000000000002,-69.72066412955505,-69.72068786983398,-69.74065404945007,7.576284826019055e-08
high,71.29,-69.72074226260804,-69.72076599289701,-69.74072565874091,7.551072587008666e-08
high,71.3,-69.72082037287065,-69.72084409318329,-69.74079724880414,7.525944248882512e-08
high,71.31000000000002,-69.72089846035126,-69.72092217070107,-69.74086881964392,7.5008995324365e-08
high,71.32000000000001,-69.72097652505812,-69.72100022545865,-69.74094037126444,7.475938159395818e-08
high,71.33,-69.72105456699958,-69.7210782574643,-69.74101190366989,7.451059852411628e-08
high,71.34,-69.72113258618394,-69.72115626672628,-69.74108341686444,7.426264335057983e-08
high,71.35000000000001,-69.72121058261949,-69.72123425325286,-69.7411549108523,7.401551331828907e-08
high,71.36000000000001,-69.72128855631455,-69.72131221705229,-69.74122638563763,7.376920568135221e-08
high,71.37,-69.72136650727735,-69.72139015813279,-69.74129784122465,7.352371770301547e-08
high,71.38,-69.7214444355162,-69.72146807650265,-69.74136927761754,7.327904665563157e-08
high,71.39000000000001,-69.72152234103939,-69.72154597217006,-69.74144069482047,7.303518982063083e-08
high,71.4,-69.72160022385515,-69.72162384514328,-69.74151209283765,7.279214448849111e-08
high,71.41,-69.72167808397178,-69.72170169543053,-69.74158347167325,7.254990795870546e-08
high,71.42000000000002,-69.72175592139752,-69.72177952304003,-69.74165483133149,7.230847753975462e-08
high,71.43,-69.72183373614062,-69.72185732797998,-69.74172617181654,7.206785054907593e-08
high,71.44,-69.72191152820933,-69.72193511025861,-69.74179749313261,7.182802431303391e-08
high,71.45,-69.72198929761191,-69.72201286988411,-69.74186879528389,7.158899616688966e-08
high,71.46000000000001,-69.72206704435658,-69.72209060686467,-69.74194007827458,7.135076345477239e-08
high,71.47,-69.72214476845153,-69.72216832120849,-69.74201134210888,7.111332352965033e-08
high,71.48,-69.72222246990499,-69.72224601292375,-69.74208258679096,7.087667375329882e-08
high,71.49000000000001,-69.72230014872522,-69.72232368201863,-69.74215381232506,7.064081149627378e-08
high,71.50000000000001,-69.72237780492041,-69.7224013285013,-69.74222501871535,7.040573413788099e-08
high,71.51,-69.72245543849874,-69.72247895237993,-69.74229620596603,7.017143906614767e-08
high,71.52,-69.72253304946848,-69.7225565536627,-69.74236737408133,6.993792367779231e-08
high,71.53000000000002,-69.72261063783772,-69.72263413235775,-69.74243852306542,6.97051853781971e-08
high,71.54,-69.72268820361471,-69.72271168847323,-69.74250965292252,6.947322158137926e-08
high,71.55,-69.72276574680765,-69.7227892220173,-69.74258076365682,6.924202970996018e-08
high,71.56000000000002,-69.7228432674247,-69.72286673299809,-69.74265185527253,6.90116071951391e-08
high,71.57000000000001,-69.72292076547399,-69.72294422142372,-69.74272292777385,6.878195147666355e-08
high,71.58,-69.7229982409637,-69.72302168730234,-69.74279398116501,6.855306000280116e-08
high,71.59,-69.72307569390202,-69.72309913064205,-69.74286501545019,6.832493023031052e-08
high,71.60000000000001,-69.72315312429706,-69.72317655145099,-69.74293603063363,6.809755962441398e-08
high,71.61000000000001,-69.723230532157,-69.72325394973727,-69.7430070267195,6.787094565876992e-08
high,71.62,-69.72330791748999,-69.723331325509,-69.74307800371201,6.764508581544231e-08
high,71.63,-69.72338528030413,-69.72340867877426,-69.7431489616154,6.741997758487551e-08
high,71.64000000000001,-69.72346262060758,-69.72348600954115,-69.74321990043386,6.719561846586389e-08
high,71.65,-69.72353993840845,-69.72356331781778,-69.74329082017161,6.697200596552676e-08
high,71.66,-69.72361723371485,-69.7236406036122,-69.74336172083285,6.674913759927853e-08
high,71.67000000000002,-69.7236945065349,-69.7237178669325,-69.7434326024218,6.652701089080095e-08
high,71.68,-69.72377175687672,-69.72379510778678,-69.74350346494269,6.63056233720182e-08
high,71.69,-69.7238489847484,-69.7238723261831,-69.74357430839972,6.608497258306595e-08
high,71.7,-69.72392619015807,-69.72394952212952,-69.74364513279708,6.586505607226694e-08
high,71.71000000000001,-69.72400337311376,-69.72402669563405,-69.74371593813903,6.564587139610146e-08
high,71.72,-69.72408053362356,-69.72410384670479,-69.74378672442977,6.542741611918267e-08
high,71.73,-69.72415767169561,-69.72418097534978,-69.74385749167351,6.520968781422742e-08
high,71.74000000000001,-69.72423478733793,-69.72425808157708,-69.74392823987449,6.499268406202942e-08
high,71.75000000000001,-69.72431188055863,-69.72433516539466,-69.7439989690369,6.477640245143456e-08
high,71.76,-69.72438895136577,-69.72441222681063,-69.74406967916497,6.45608405793109e-08
high,71.77,-69.72446599976735,-69.72448926583294,-69.74414037026293,6.434599605052479e-08
high,71.78000000000002,-69.72454302577145,-69.72456628246964,-69.74421104233498,6.41318664779119e-08
high,71.79,-69.72462002938613,-69.72464327672874,-69.74428169538537,6.39184494822532e-08
high,71.8,-69.72469701061944,-69.72472024861825,-69.74435232941829,6.370574269224659e-08
high,71.81000000000002,-69.7247739694794,-69.72479719814619,-69.74442294443799,6.34937437444804e-08
high,71.82000000000001,-69.72485090597402,-69.72487412532053,-69.74449354044869,6.32824502834095e-08
high,71.83,-69.72492782011138,-69.72495103014927,-69.74456411745462,6.307185996132592e-08
high,71.84,-69.72500471189943,-69.72502791264039,-69.74463467545996,6.286197043833544e-08
high,71.85000000000001,-69.72508158134622,-69.72510477280187,-69.74470521446901,6.265277938232947e-08
high,71.86000000000001,-69.72515842845975,-69.7251816106417,-69.74477573448594,6.244428446896143e-08
high,71.87,-69.72523525324802,-69.72525842616784,-69.744846235515,6.223648338161903e-08
high,71.88,-69.72531205571904,-69.72533521938824,-69.7449167175604,6.202937381139872e-08
high,71.89000000000001,-69.72538883588079,-69.72541199031089,-69.7449871806264,6.182295345708115e-08
high,71.9,-69.72546559374128,-69.72548873894372,-69.74505762471719,6.161722002510469e-08
high,71.91,-69.72554232930844,-69.7255654652947,-69.74512804983704,6.141217122954043e-08
high,71.92000000000002,-69.72561904259027,-69.72564216937172,-69.74519845599016,6.120780479206566e-08
high,71.93,-69.72569573359475,-69.72571885118278,-69.74526884318078,6.10041184419407e-08
high,71.94,-69.72577240232981,-69.72579551073576,-69.74533921141314,6.080110991598184e-08
high,71.95,-69.72584904880344,-69.72587214803863,-69.74540956069147,6.059877695853624e-08
high,71.96000000000001,-69.72592567302358,-69.72594876309928,-69.74547989102001,6.039711732145808e-08
high,71.97000000000001,-69.7260022749982,-69.72602535592566,-69.74555020240297,6.019612876408262e-08
high,71.98,-69.7260788547352,-69.72610192652564,-69.74562049484462,5.999580905320185e-08
high,71.99000000000001,-69.72615541224258,-69.72617847490717,-69.74569076834918,5.979615596303847e-08
high,72.00000000000001,-69.7262319475282,-69.72625500107812,-69.74576102292087,5.959716727522343e-08
high,72.01,-69.72630846060004,-69.72633150504639,-69.74583125856395,5.939884077876923e-08
high,72.02,-69.726384951466,-69.72640798681986,-69.74590147528266,5.920117427004568e-08
high,72.03000000000002,-69.72646142013399,-69.72648444640643,-69.74597167308121,5.900416555275642e-08
high,72.04,-69.72653786661189,-69.72656088381397,-69.74604185196387,5.880781243791369e-08
high,72.05,-69.72661429090766,-69.72663729905037,-69.74611201193487,5.861211274381437e-08
high,72.06,-69.72669069302918,-69.72671369212347,-69.74618215299844,5.841706429601501e-08
high,72.07000000000001,-69.72676707298434,-69.72679006304115,-69.74625227515882,5.822266492730861e-08
high,72.08,-69.72684343078105,-69.72686641181127,-69.74632237842027,5.8028912477700815e-08
high,72.09,-69.72691976642714,-69.72694273844168,-69.746392462787,5.783580479438403e-08
high,72.10000000000001,-69.72699607993052,-69.72701904294023,-69.74646252826328,5.764333973171552e-08
high,72.11000000000001,-69.72707237129906,-69.72709532531474,-69.74653257485335,5.745151515119264e-08
high,72.12,-69.72714864054063,-69.72717158557307,-69.74660260256145,5.7260328921429356e-08
high,72.13,-69.72722488766308,-69.72724782372305,-69.74667261139182,5.706977891813188e-08
high,72.14000000000001,-69.7273011126743,-69.72732403977253,-69.74674260134871,5.687986302407598e-08
high,72.15,-69.72737731558209,-69.72740023372928,-69.74681257243637,5.669057912908373e-08
high,72.16,-69.72745349639432,-69.72747640560114,-69.74688252465903,5.6501925129998154e-08
high,72.17000000000002,-69.72752965511884,-69.72755255539592,-69.74695245802097,5.631389893066199e-08
high,72.18,-69.72760579176348,-69.72762868312144,-69.74702237252639,5.612649844189331e-08
high,72.19,-69.72768190633607,-69.72770478878549,-69.74709226817957,5.593972158146273e-08
high,72.2,-69.72775799884445,-69.72778087239587,-69.74716214498474,5.575356627406947e-08
high,72.21000000000001,-69.72783406929639,-69.72785693396034,-69.74723200294618,5.5568030451319326e-08
high,72.22000000000001,-69.72791011769975,-69.72793297348673,-69.74730184206811,5.5383112051701835e-08
high,72.23,-69.72798614406233,-69.72800899098279,-69.74737166235478,5.519880902056561e-08
high,72.24000000000001,-69.72806214839191,-69.72808498645631,-69.74744146381047,5.5015119310097314e-08
high,72.25000000000001,-69.72813813069632,-69.72816095991506,-69.74751124643942,5.4832040879298865e-08
high,72.26,-69.72821409098334,-69.7282369113668,-69.74758101024585,5.464957169396297e-08
high,72.27,-69.72829002926076,-69.72831284081929,-69.74765075523405,5.44677097266528e-08
high,72.28000000000002,-69.72836594553635,-69.72838874828028,-69.74772048140827,5.4286452956677345e-08
high,72.29,-69.72844183981793,-69.72846463375754,-69.74779018877274,5.4105799370071395e-08
high,72.3,-69.72851771211322,-69.72854049725878,-69.74785987733172,5.392574695957047e-08
high,72.31,-69.72859356243,-69.72861633879177,-69.74792954708948,5.374629372459073e-08
high,72.32000000000001,-69.72866939077608,-69.72869215836423,-69.74799919805028,5.3567437671204944e-08
high,72.33000000000001,-69.72874519715916,-69.72876795598388,-69.74806883021834,5.338917681212236e-08
high,72.34,-69.72882098158699,-69.72884373165847,-69.74813844359797,5.321150916666492e-08
high,72.35000000000001,-69.72889674406737,-69.72891948539569,-69.74820803819338,5.303443276074529e-08
high,72.36000000000001,-69.72897248460801,-69.7289952172033,-69.74827761400884,5.285794562684678e-08
high,72.37,-69.72904820321662,-69.72907092708897,-69.74834717104862,5.2682045803998855e-08
high,72.38,-69.729123899901,-69.7291466150604,-69.74841670931696,5.25067313377576e-08
high,72.39000000000001,-69.7291995746688,-69.7292222811253,-69.74848622881814,5.233200028018214e-08
high,72.4,-69.72927522752776,-69.72929792529136,-69.74855572955641,5.2157850689815044e-08
high,72.41,-69.72935085848567,-69.7293735475663,-69.74862521153604,5.198428063165906e-08
high,72.42000000000002,-69.72942646755016,-69.72944914795775,-69.74869467476127,5.181128817715567e-08
high,72.43,-69.72950205472893,-69.72952472647343,-69.74876411923636,5.1638871404165416e-08
high,72.44,-69.72957762002972,-69.72960028312097,-69.74883354496559,5.1467028396944067e-08
high,72.45,-69.72965316346021,-69.72967581790809,-69.74890295195323,5.1295757246123485e-08
high,72.46000000000001,-69.72972868502809,-69.72975133084243,-69.7489723402035,5.112505604868856e-08
high,72.47000000000001,-69.72980418474106,-69.72982682193164,-69.7490417097207,5.0954922907958105e-08
high,72.48,-69.72987966260678,-69.72990229118338,-69.74911106050908,5.078535593356216e-08
high,72.49000000000001,-69.72995511863293,-69.72997773860531,-69.74918039257292,5.0616353241420925e-08
high,72.50000000000001,-69.73003055282722,-69.73005316420507,-69.74924970591647,5.044791295372571e-08
high,72.51,-69.73010596519725,-69.7301285679903,-69.74931900054399,5.028003319891546e-08
high,72.52,-69.73018135575073,-69.73020394996864,-69.74938827645975,5.0112712111658227e-08
high,72.53000000000002,-69.7302567244953,-69.7302793101477,-69.74945753366802,4.994594783282856e-08
high,72.54,-69.7303320714386,-69.73035464853511,-69.74952677217308,4.977973850948883e-08
high,72.55,-69.73040739658829,-69.73042996513848,-69.74959599197916,4.961408229486707e-08
high,72.56,-69.73048269995198,-69.73050525996545,-69.74966519309056,4.9448977348336626e-08
high,72.57000000000001,-69.73055798153734,-69.73058053302361,-69.74973437551154,4.928442183539657e-08
high,72.58000000000001,-69.73063324135201,-69.73065578432059,-69.74980353924636,4.912041392765061e-08
high,72.59,-69.73070847940359,-69.73073101386396,-69.7498726842993,4.8956951802787156e-08
high,72.60000000000001,-69.7307836956997,-69.73080622166133,-69.74994181067461,4.8794033644558166e-08
high,72.61000000000001,-69.73085889024796,-69.73088140772028,-69.7500109183766,4.863165764276073e-08
high,72.62,-69.73093406305597,-69.73095657204838,-69.75008000740951,4.8469821993215385e-08
high,72.63,-69.73100921413135,-69.73103171465326,-69.7501490777776,4.830852489774622e-08
high,72.64000000000001,-69.73108434348168,-69.73110683554245,-69.75021812948516,4.8147764564161814e-08
high,72.65,-69.73115945111459,-69.73118193472352,-69.75028716253647,4.7987539206234584e-08
high,72.66,-69.73123453703764,-69.73125701220407,-69.75035617693577,4.782784704368129e-08
high,72.67000000000002,-69.73130960125842,-69.73133206799163,-69.75042517268736,4.766868630214242e-08
high,72.68,-69.73138464378455,-69.73140710209378,-69.75049414979549,4.7510055213164154e-08
high,72.69,-69.73145966462357,-69.73148211451807,-69.75056310826446,4.7351952014177225e-08
high,72.7,-69.73153466378305,-69.73155710527203,-69.75063204809852,4.719437494847744e-08
high,72.71000000000001,-69.73160964127055,-69.7316320743632,-69.75070096930196,4.7037322265207064e-08
high,72.72000000000001,-69.73168459709368,-69.73170702179912,-69.75076987187904,4.688079221933467e-08
high,72.73,-69.73175953125991,-69.73178194758732,-69.75083875583405,4.672478307163608e-08
high,72.74,-69.73183444377688,-69.73185685173534,-69.75090762117127,4.6569293088674386e-08
high,72.75000000000001,-69.73190933465207,-69.73193173425068,-69.75097646789496,4.64143205427815e-08
high,72.76,-69.73198420389305,-69.73200659514087,-69.75104529600938,4.625986371203917e-08
high,72.77,-69.73205905150735,-69.73208143441342,-69.75111410551884,4.610592088025828e-08
high,72.78000000000002,-69.73213387750252,-69.73215625207585,-69.7511828964276,4.5952490336961516e-08
high,72.79,-69.73220868188605,-69.73223104813565,-69.75125166873994,4.579957037736348e-08
high,72.8,-69.7322834646655,-69.73230582260031,-69.75132042246014,4.5647159302352096e-08
high,72.81,-69.73235822584839,-69.73238057547734,-69.75138915759248,4.5495255418469094e-08
high,72.82000000000001,-69.7324329654422,-69.73245530677423,-69.75145787414124,4.534385703789197e-08
high,72.83000000000001,-69.73250768345446,-69.73253001649844,-69.75152657211069,4.519296247841541e-08
high,72.84,-69.73258237989265,-69.73260470465748,-69.75159525150511,4.50425700634312e-08
high,72.85000000000001,-69.73265705476427,-69.7326793712588,-69.75166391232878,4.489267812191091e-08
high,72.86000000000001,-69.73273170807684,-69.73275401630987,-69.751732554586,4.47432849883875e-08
high,72.87,-69.73280633983784,-69.73282863981815,-69.75180117828101,4.459438900293524e-08
high,72.88,-69.73288095005472,-69.73290324179112,-69.75186978341813,4.444598851115306e-08
high,72.89000000000001,-69.732955538735,-69.73297782223624,-69.75193837000161,4.429808186414463e-08
high,72.9,-69.73303010588616,-69.73305238116096,-69.75200693803576,4.4150667418501846e-08
high,72.91,-69.73310465151562,-69.7331269185727,-69.75207548752485,4.4003743536284454e-08
high,72.92000000000002,-69.7331791756309,-69.73320143447891,-69.75214401847316,4.385730858500335e-08
high,72.93,-69.73325367823942,-69.73327592888705,-69.75221253088498,4.37113609376025e-08
high,72.94,-69.73332815934866,-69.73335040180453,-69.75228102476457,4.3565898972439386e-08
high,72.95,-69.73340261896604,-69.73342485323879,-69.75234950011622,4.3420921073268774e-08
high,72.96000000000001,-69.73347705709904,-69.73349928319723,-69.75241795694423,4.327642562922316e-08
high,72.97000000000001,-69.73355147375507,-69.73357369168728,-69.75248639525287,4.313241103479674e-08
high,72.98,-69.73362586894159,-69.73364807871637,-69.75255481504645,4.298887568982543e-08
high,72.99,-69.73370024266603,-69.73372244429191,-69.75262321632923,4.284581799947087e-08
high,73.00000000000001,-69.73377459493581,-69.73379678842126,-69.7526915991055,4.2703236374201234e-08
high,73.01,-69.73384892575834,-69.73387111111185,-69.75275996337956,4.2561129229775254e-08
high,73.02,-69.73392323514102,-69.73394541237107,-69.75282830915566,4.2419494987223176e-08
high,73.03000000000002,-69.73399752309132,-69.73401969220633,-69.75289663643812,4.227833207282929e-08
high,73.04,-69.73407178961662,-69.734093950625,-69.75296494523121,4.2137638918115926e-08
high,73.05,-69.73414603472429,-69.73416818763444,-69.75303323553923,4.1997413959823906e-08
high,73.06,-69.73422025842179,-69.73424240324205,-69.75310150736645,4.185765563989699e-08
high,73.07000000000001,-69.73429446071648,-69.73431659745522,-69.75316976071717,4.1718362405463084e-08
high,73.08000000000001,-69.73436864161575,-69.73439077028128,-69.75323799559567,4.1579532708818586e-08
high,73.09,-69.73444280112696,-69.73446492172758,-69.75330621200625,4.1441165007409874e-08
high,73.10000000000001,-69.73451693925753,-69.73453905180152,-69.7533744099532,4.1303257763816204e-08
high,73.11000000000001,-69.73459105601484,-69.73461316051043,-69.75344258944077,4.116580944573402e-08
high,73.12,-69.7346651514062,-69.7346872478617,-69.75351075047328,4.1028818525957927e-08
high,73.13,-69.73473922543904,-69.7347613138626,-69.75357889305504,4.08922834823655e-08
high,73.14000000000001,-69.7348132781207,-69.73483535852054,-69.75364701719029,4.0756202797898825e-08
high,73.15,-69.73488730945853,-69.73490938184281,-69.75371512288335,4.062057496054937e-08
high,73.16,-69.73496131945986,-69.73498338383673,-69.75378321013851,4.0485398463339744e-08
high,73.17000000000002,-69.73503530813207,-69.73505736450967,-69.75385127896004,4.035067180430705e-08
high,73.18,-69.73510927548251,-69.73513132386893,-69.75391932935226,4.02163934864876e-08
high,73.19000000000001,-69.7351832215185,-69.7352052619218,-69.75398736131943,4.008256201789827e-08
high,73.2,-69.73525714624735,-69.73527917867565,-69.75405537486587,3.994917591152166e-08
high,73.21000000000001,-69.73533104967642,-69.73535307413775,-69.75412336999585,3.981623368528811e-08
high,73.22000000000001,-69.73540493181304,-69.73542694831542,-69.75419134671368,3.9683733862060844e-08
high,73.23,-69.73547879266451,-69.73550080121593,-69.75425930502364,3.9551674969618227e-08
high,73.24,-69.73555263223815,-69.7355746328466,-69.75432724493002,3.94200555406376e-08
high,73.25000000000001,-69.73562645054128,-69.73564844321471,-69.75439516643712,3.928887411267964e-08
high,73.26,-69.73570024758118,-69.73572223232755,-69.75446306954923,3.9158129228171595e-08
high,73.27,-69.73577402336517,-69.7357960001924,-69.75453095427065,3.902781943439131e-08
high,73.28000000000002,-69.73584777790056,-69.73586974681652,-69.75459882060565,3.889794328345042e-08
high,73.29,-69.73592151119462,-69.7359434722072,-69.75466666855854,3.876849933227967e-08
high,73.3,-69.73599522325465,-69.73601717637169,-69.75473449813363,3.8639486142611604e-08
high,73.31,-69.73606891408791,-69.73609085931727,-69.7548023093352,3.851090228096473e-08
high,73.32000000000001,-69.73614258370169,-69.73616452105121,-69.75487010216754,3.838274631862829e-08
high,73.33000000000001,-69.7362162321033,-69.73623816158074,-69.75493787663495,3.825501683164583e-08
high,73.34,-69.73628985929997,-69.73631178091311,-69.75500563274171,3.8127712400799655e-08
high,73.35000000000001,-69.73636346529896,-69.73638537905556,-69.75507337049214,3.8000831611594375e-08
high,73.36000000000001,-69.73643705010755,-69.73645895601535,-69.75514108989051,3.787437305424253e-08
high,73.37,-69.73651061373299,-69.7365325117997,-69.75520879094113,3.774833532364774e-08
high,73.38,-69.73658415618252,-69.73660604641582,-69.7552764736483,3.762271701938922e-08
high,73.39000000000001,-69.73665767746341,-69.736679559871,-69.7553441380163,3.7497516745706857e-08
high,73.4,-69.7367311775829,-69.73675305217243,-69.75541178404944,3.7372733111485237e-08
high,73.41,-69.7368046565482,-69.73682652332731,-69.75547941175202,3.724836473023836e-08
high,73.42,-69.73687811436658,-69.73689997334289,-69.75554702112832,3.7124410220093796e-08
high,73.43,-69.73695155104524,-69.73697340222634,-69.75561461218265,3.700086820377793e-08
high,73.44000000000001,-69.73702496659142,-69.73704680998488,-69.75568218491931,3.687773730860081e-08
high,73.45,-69.73709836101233,-69.73712019662571,-69.75574973934259,3.6755016166439717e-08
high,73.46000000000001,-69.7371717343152,-69.73719356215604,-69.75581727545679,3.663270341372516e-08
high,73.47000000000001,-69.73724508650722,-69.73726690658303,-69.7558847932662,3.651079769142566e-08
high,73.48,-69.7373184175956,-69.7373402299139,-69.75595229277512,3.6389297645031704e-08
high,73.49,-69.73739172758755,-69.73741353215583,-69.75601977398784,3.626820192454137e-08
high,73.50000000000001,-69.7374650164903,-69.737486813316,-69.7560872369087,3.6147509184445434e-08
high,73.51,-69.73753828431101,-69.73756007340157,-69.75615468154194,3.6027218083712576e-08
high,73.52,-69.73761153105687,-69.7376333124197,-69.7562221078919,3.590732728577339e-08
high,73.53000000000002,-69.73768475673505,-69.73770653037758,-69.75628951596285,3.578783545850666e-08
high,73.54,-69.73775796135273,-69.73777972728236,-69.7563569057591,3.56687412742246e-08
high,73.55000000000001,-69.73783114491714,-69.7378529031412,-69.75642427728498,3.555004340965686e-08
high,73.56,-69.73790430743541,-69.73792605796126,-69.75649163054476,3.5431740545937304e-08
high,73.57000000000001,-69.7379774489147,-69.73799919174967,-69.75655896554275,3.53138313685881e-08
high,73.58000000000001,-69.73805056936217,-69.73807230451358,-69.75662628228324,3.519631456750654e-08
high,73.59,-69.738123668785,-69.73814539626012,-69.75669358077053,3.507918883694883e-08
high,73.60000000000001,-69.73819674719036,-69.73821846699646,-69.75676086100891,3.496245287551675e-08
high,73.61000000000001,-69.73826980458534,-69.7382915167297,-69.75682812300272,3.484610538614322e-08
high,73.62,-69.73834284097714,-69.738364545467,-69.75689536675624,3.4730145076076804e-08
high,73.63,-69.7384158563729,-69.73843755321543,-69.75696259227375,3.461457065686867e-08
high,73.64000000000001,-69.7384888507797,-69.73851053998214,-69.75702979955958,3.449938084435703e-08
high,73.65,-69.73856182420472,-69.73858350577424,-69.757096988618,3.438457435865439e-08
high,73.66,-69.73863477665508,-69.73865645059885,-69.75716415945334,3.42701499241316e-08
high,73.67,-69.73870770813791,-69.73872937446306,-69.75723131206989,3.415610626940511e-08
high,73.68,-69.73878061866033,-69.73880227737399,-69.75729844647195,3.404244212732164e-08
high,73.69000000000001,-69.73885350822943,-69.73887515933872,-69.75736556266384,3.39291562349455e-08
high,73.7,-69.73892637685233,-69.73894802036433,-69.75743266064984,3.381624733354338e-08
high,73.71000000000001,-69.73899922453613,-69.73902086045793,-69.75749974043426,3.370371416857041e-08
high,73.72000000000001,-69.73907205128798,-69.73909367962659,-69.75756680202139,3.359155548965741e-08
high,73.73,-69.73914485711491,-69.7391664778774,-69.75763384541554,3.347977005059532e-08
high,73.74,-69.73921764202406,-69.73923925521744,-69.75770087062102,3.3368356609322805e-08
high,73.75000000000001,-69.73929040602249,-69.73931201165377,-69.75776787764214,3.325731392791123e-08
high,73.76,-69.73936314911731,-69.73938474719344,-69.7578348664832,3.3146640772552225e-08
high,73.77,-69.73943587131556,-69.73945746184356,-69.75790183714847,3.3036335913542943e-08
high,73.78000000000002,-69.73950857262437,-69.73953015561115,-69.7579687896423,3.292639812527234e-08
high,73.79,-69.73958125305079,-69.73960282850328,-69.75803572396896,3.281682618620879e-08
high,73.80000000000001,-69.73965391260187,-69.739675480527,-69.75810264013276,3.270761887888481e-08
high,73.81,-69.7397265512847,-69.73974811168934,-69.75816953813803,3.259877498988498e-08
high,73.82000000000001,-69.73979916910633,-69.73982072199738,-69.75823641798904,3.249029330983131e-08
high,73.83000000000001,-69.73987176607379,-69.7398933114581,-69.75830327969008,3.2382172633371004e-08
high,73.84,-69.73994434219416,-69.73996588007859,-69.75837012324551,3.227441175916211e-08
high,73.85000000000001,-69.74001689747448,-69.74003842786583,-69.7584369486596,3.216700948986014e-08
high,73.86000000000001,-69.74008943192177,-69.74011095482687,-69.75850375593663,3.205996463210588e-08
high,73.87,-69.74016194554311,-69.74018346096875,-69.75857054508094,3.19532759965106e-08
high,73.88,-69.7402344383455,-69.74025594629846,-69.75863731609684,3.1846942397644125e-08
high,73.89000000000001,-69.74030691033597,-69.74032841082301,-69.7587040689886,3.174096265402059e-08
high,73.9,-69.74037936152158,-69.74040085454942,-69.75877080376057,3.163533558808655e-08
high,73.91,-69.74045179190932,-69.7404732774847,-69.75883752041702,3.1530060026206846e-08
high,73.92,-69.74052420150622,-69.74054567963583,-69.75890421896226,3.1425134798651704e-08
high,73.93,-69.74059659031929,-69.74061806100983,-69.75897089940061,3.132055873958429e-08
high,73.94000000000001,-69.7406689583555,-69.74069042161366,-69.75903756173636,3.121633068704732e-08
high,73.95,-69.74074130562191,-69.74076276145436,-69.75910420597383,3.111244948295037e-08
high,73.96000000000001,-69.74081363212552,-69.74083508053886,-69.7591708321173,3.1008913973056433e-08
high,73.97000000000001,-69.74088593787327,-69.74090737887414,-69.75923744017108,3.0905723006970214e-08
high,73.98,-69.74095822287218,-69.74097965646722,-69.75930403013949,3.0802875438124355e-08
high,73.99,-69.7410304871293,-69.74105191332504,-69.75937060202682,3.0700370123766835e-08
high,74.00000000000001,-69.7411027306515,-69.74112414945458,-69.75943715583738,3.059820592494876e-08
high,74.01,-69.74117495344585,-69.74119636486279,-69.75950369157547,3.049638170651131e-08
high,74.02,-69.74124715551929,-69.74126855955663,-69.75957020924544,3.0394896337073335e-08
high,74.03000000000002,-69.74131933687877,-69.74134073354305,-69.75963670885153,3.0293748689018275e-08
high,74.04,-69.7413914975313,-69.74141288682902,-69.75970319039811,3.019293763848264e-08
high,74.05000000000001,-69.7414636374838,-69.74148501942149,-69.75976965388944,3.009246206534261e-08
high,74.06,-69.74153575674329,-69.74155713132737,-69.75983609932983,2.999232085320168e-08
high,74.07000000000001,-69.74160785531664,-69.74162922255363,-69.7599025267236,2.989251288937869e-08
high,74.08000000000001,-69.74167993321089,-69.7417012931072,-69.75996893607504,2.9793037064895554e-08
high,74.09,-69.74175199043292,-69.74177334299499,-69.76003532738848,2.9693892274464092e-08
high,74.1,-69.74182402698969,-69.74184537222395,-69.7601017006682,2.9595077416474397e-08
high,74.11000000000001,-69.74189604288814,-69.74191738080097,-69.76016805591851,2.9496591392982595e-08
high,74.12,-69.74196803813523,-69.741989368733,-69.76023439314375,2.9398433109698835e-08
high,74.13,-69.74204001273785,-69.74206133602695,-69.76030071234818,2.930060147597419e-08
high,74.14000000000001,-69.74211196670295,-69.74213328268972,-69.76036701353614,2.920309540478952e-08
high,74.15,-69.74218390003743,-69.74220520872822,-69.76043329671191,2.9105913812743318e-08
high,74.16,-69.74225581274821,-69.74227711414935,-69.76049956187983,2.9009055620038827e-08
high,74.17,-69.74232770484225,-69.74234899896001,-69.76056580904417,2.8912519750473115e-08
high,74.18,-69.74239957632639,-69.74242086316708,-69.76063203820924,2.8816305131424096e-08
high,74.19000000000001,-69.7424714272076,-69.74249270677747,-69.76069824937939,2.872041069383987e-08
high,74.2,-69.74254325749273,-69.74256452979807,-69.7607644425589,2.86248353722254e-08
high,74.21000000000001,-69.7426150671887,-69.74263633223573,-69.76083061775205,2.852957810463168e-08
high,74.22000000000001,-69.7426868563024,-69.74270811409737,-69.7608967749632,2.8434637832643948e-08
high,74.23,-69.74275862484072,-69.74277987538984,-69.7609629141966,2.834001350136902e-08
high,74.24,-69.74283037281056,-69.74285161612,-69.7610290354566,2.8245704059424657e-08
high,74.25000000000001,-69.74290210021877,-69.74292333629474,-69.76109513874746,2.8151708458926903e-08
high,74.26,-69.74297380707225,-69.74299503592091,-69.76116122407353,2.805802565547963e-08
high,74.27,-69.74304549337785,-69.74306671500537,-69.76122729143911,2.7964654608161538e-08
high,74.28000000000002,-69.74311715914247,-69.74313837355496,-69.76129334084851,2.7871594279515578e-08
high,74.29,-69.74318880437296,-69.74321001157658,-69.761359372306,2.7778843635537456e-08
high,74.30000000000001,-69.74326042907619,-69.743281629077,-69.76142538581593,2.7686401645663192e-08
high,74.31,-69.74333203325902,-69.74335322606312,-69.76149138138258,2.759426728275882e-08
high,74.32000000000001,-69.74340361692826,-69.74342480254175,-69.76155735901028,2.750243952310795e-08
high,74.33000000000001,-69.74347518009081,-69.74349635851975,-69.76162331870333,2.741091734640159e-08
high,74.34,-69.74354672275348,-69.74356789400392,-69.76168926046601,2.7319699735725432e-08
high,74.35,-69.74361824492316,-69.7436394090011,-69.76175518430267,2.7228785677549724e-08
high,74.36000000000001,-69.74368974660662,-69.74371090351812,-69.76182109021757,2.713817416171704e-08
high,74.37,-69.74376122781074,-69.74378237756179,-69.76188697821506,2.7047864181432116e-08
high,74.38,-69.74383268854234,-69.74385383113894,-69.76195284829942,2.695785473324979e-08
high,74.39000000000001,-69.74390412880825,-69.74392526425635,-69.76201870047497,2.6868144817063882e-08
high,74.4,-69.74397554861527,-69.74399667692086,-69.762084534746,2.6778733436096996e-08
high,74.41000000000001,-69.74404694797025,-69.74406806913926,-69.76215035111684,2.668961959688814e-08
high,74.42,-69.74411832687996,-69.74413944091835,-69.76221614959178,2.6600802309282815e-08
high,74.43,-69.74418968535124,-69.7442107922649,-69.76228193017513,2.651228058642108e-08
high,74.44000000000001,-69.74426102339089,-69.74428212318573,-69.76234769287122,2.6424053444727597e-08
high,74.45,-69.74433234100572,-69.74435343368762,-69.76241343768432,2.6336119903899894e-08
high,74.46000000000001,-69.74440363820251,-69.74442472377736,-69.76247916461874,2.624847898689744e-08
high,74.47000000000001,-69.74447491498807,-69.74449599346173,-69.7625448736788,2.6161129719931743e-08
high,74.48,-69.74454617136918,-69.74456724274748,-69.76261056486884,2.6074071132454203e-08
high,74.49,-69.74461740735262,-69.74463847164142,-69.7626762381931,2.5987302257146487e-08
high,74.50000000000001,-69.74468862294518,-69.74470968015028,-69.76274189365594,2.59008221299088e-08
high,74.51,-69.74475981815361,-69.74478086828084,-69.76280753126164,2.5814629789850227e-08
high,74.52,-69.74483099298476,-69.74485203603989,-69.7628731510145,2.572872427927722e-08
high,74.53000000000002,-69.74490214744533,-69.74492318343415,-69.76293875291886,2.564310464368294e-08
high,74.54,-69.74497328154213,-69.74499431047039,-69.76300433697901,2.555776993173759e-08
high,74.55000000000001,-69.74504439528187,-69.74506541715533,-69.76306990319924,2.5472719195276553e-08
high,74.56,-69.74511548867135,-69.74513650349574,-69.76313545158386,2.5387951489290954e-08
high,74.57000000000001,-69.7451865617173,-69.74520756949835,-69.76320098213719,2.530346587191625e-08
high,74.58000000000001,-69.74525761442649,-69.74527861516991,-69.76326649486353,2.5219261404422756e-08
high,74.59,-69.74532864680566,-69.74534964051715,-69.7633319897672,2.5135337151204412e-08
high,74.6,-69.74539965886154,-69.7454206455468,-69.7633974668525,2.505169217976848e-08
high,74.61000000000001,-69.74547065060092,-69.74549163026559,-69.76346292612371,2.4968325560725607e-08
high,74.62,-69.7455416220305,-69.74556259468024,-69.76352836758517,2.4885236367779178e-08
high,74.63,-69.74561257315699,-69.74563353879745,-69.76359379124115,2.4802423677715166e-08
high,74.64000000000001,-69.74568350398715,-69.74570446262395,-69.763659197096,2.4719886570391453e-08
high,74.65,-69.7457544145277,-69.74577536616644,-69.763724585154,2.4637624128728485e-08
high,74.66000000000001,-69.74582530478533,-69.74584624943162,-69.76378995541945,2.455563543869829e-08
high,74.67,-69.74589617476678,-69.74591711242624,-69.76385530789669,2.44739195893144e-08
high,74.68,-69.74596702447879,-69.74598795515696,-69.76392064259001,2.439247567262209e-08
high,74.69000000000001,-69.74603785392802,-69.74605877763048,-69.76398595950369,2.431130278368838e-08
high,74.7,-69.74610866312119,-69.74612957985349,-69.76405125864204,2.4230400020591276e-08
high,74.71000000000001,-69.74617945206502,-69.74620036183266,-69.7641165400094,2.4149766484410175e-08
high,74.72000000000001,-69.74625022076619,-69.74627112357473,-69.76418180361004,2.4069401279216332e-08
high,74.73,-69.74632096923138,-69.74634186508634,-69.7642470494483,2.3989303512062192e-08
high,74.74,-69.74639169746729,-69.74641258637415,-69.76431227752845,2.390947229297157e-08
high,74.75000000000001,-69.74646240548061,-69.74648328744487,-69.76437748785483,2.3829906734930107e-08
high,74.76,-69.74653309327805,-69.74655396830516,-69.76444268043171,2.375060595387547e-08
high,74.77000000000001,-69.74660376086625,-69.74662462896167,-69.7645078552634,2.3671569068686812e-08
high,74.78,-69.74667440825188,-69.74669526942107,-69.76457301235422,2.359279520117586e-08
high,74.79,-69.74674503544163,-69.74676588969002,-69.76463815170848,2.3514283476076376e-08
high,74.80000000000001,-69.74681564244219,-69.74683648977519,-69.76470327333048,2.3436033021035368e-08
high,74.81,-69.74688622926017,-69.74690706968319,-69.76476837722453,2.3358042966602295e-08
high,74.82000000000001,-69.74695679590226,-69.7469776294207,-69.76483346339491,2.3280312446220187e-08
high,74.83000000000001,-69.74702734237513,-69.74704816899435,-69.76489853184594,2.3202840596216047e-08
high,74.84,-69.74709786868539,-69.74711868841078,-69.76496358258194,2.3125626555790493e-08
high,74.85,-69.7471683748397,-69.74718918767663,-69.76502861560719,2.304866946700911e-08
high,74.86000000000001,-69.74723886084472,-69.74725966679853,-69.765093630926,2.2971968474792108e-08
high,74.87,-69.74730932670708,-69.74733012578311,-69.76515862854268,2.2895522726905767e-08
high,74.88,-69.74737977243345,-69.74740056463699,-69.76522360846154,2.281933137395186e-08
high,74.89000000000001,-69.74745019803042,-69.7474709833668,-69.76528857068688,2.2743393569359017e-08
high,74.9,-69.74752060350465,-69.74754138197915,-69.765353515223,2.2667708469373316e-08
high,74.91000000000001,-69.74759098886274,-69.74761176048064,-69.76541844207419,2.259227523304818e-08
high,74.92,-69.74766135411132,-69.7476821188779,-69.76548335124477,2.251709302223592e-08
high,74.93,-69.747731699257,-69.74775245717753,-69.76554824273904,2.2442161001577627e-08
high,74.94000000000001,-69.74780202430642,-69.74782277538613,-69.76561311656133,2.236747833849484e-08
high,74.95,-69.74787232926619,-69.74789307351031,-69.76567797271588,2.2293044203179187e-08
high,74.96000000000001,-69.74794261414289,-69.74796335155666,-69.76574281120705,2.2218857768583958e-08
high,74.97000000000001,-69.74801287894314,-69.74803360953177,-69.76580763203911,2.2144918210414903e-08
high,74.98,-69.74808312367354,-69.74810384744221,-69.7658724352164,2.2071224707120377e-08
high,74.99,-69.74815334834065,-69.74817406529458,-69.76593722074318,2.199777643988308e-08
high,75.00000000000001,-69.74822355295112,-69.74824426309544,-69.76600198862378,2.1924572592610166e-08
high,75.01,-69.7482937375115,-69.74831444085142,-69.76606673886252,2.1851612351925105e-08
high,75.02000000000001,-69.7483639020284,-69.74838459856903,-69.76613147146364,2.1778894907157578e-08
high,75.03,-69.7484340465084,-69.74845473625489,-69.7661961864315,2.1706419450335377e-08
high,75.04,-69.74850417095806,-69.74852485391554,-69.76626088377037,2.163418517617468e-08
high,75.05000000000001,-69.74857427538394,-69.74859495155754,-69.76632556348459,2.1562191282071924e-08
high,75.06,-69.74864435979265,-69.74866502918746,-69.7663902255784,2.1490436968094214e-08
high,75.07000000000001,-69.74871442419074,-69.74873508681186,-69.76645487005615,2.1418921436970427e-08
high,75.08000000000001,-69.74878446858479,-69.74880512443728,-69.76651949692214,2.1347643894083115e-08
high,75.09,-69.74885449298132,-69.74887514207026,-69.76658410618066,2.127660354745862e-08
high,75.1,-69.7489244973869,-69.74894513971735,-69.766648697836,2.120579960775918e-08
high,75.11000000000001,-69.7489944818081,-69.74901511738511,-69.76671327189247,2.1135231288273394e-08
high,75.12,-69.74906444625147,-69.74908507508006,-69.7667778283544,2.1064897804908335e-08
high,75.13,-69.74913439072353,-69.74915501280871,-69.76684236722605,2.0994798376180116e-08
high,75.14000000000001,-69.74920431523083,-69.74922493057764,-69.76690688851174,2.0924932223205257e-08
high,75.15,-69.74927421977992,-69.74929482839335,-69.76697139221575,2.0855298569692754e-08
high,75.16000000000001,-69.74934410437731,-69.74936470626236,-69.76703587834241,2.0785896641934396e-08
high,75.17,-69.74941396902953,-69.74943456419116,-69.76710034689603,2.071672566879709e-08
high,75.18,-69.74948381374315,-69.74950440218635,-69.76716479788087,2.064778488171354e-08
high,75.19000000000001,-69.74955363852467,-69.74957422025436,-69.76722923130124,2.0579073514674505e-08
high,75.2,-69.74962344338061,-69.74964401840174,-69.76729364716145,2.051059080421965e-08
high,75.21000000000001,-69.74969322831747,-69.74971379663498,-69.76735804546581,2.0442335989429042e-08
high,75.22000000000001,-69.74976299334178,-69.7497835549606,-69.76742242621862,2.0374308311915442e-08
high,75.23,-69.74983273846004,-69.74985329338509,-69.76748678942414,2.0306507015814846e-08
high,75.24,-69.74990246367877,-69.7499230119149,-69.7675511350867,2.023893134777897e-08
high,75.25000000000001,-69.74997216900445,-69.7499927105566,-69.76761546321059,2.0171580556966146e-08
high,75.26,-69.7500418544436,-69.75006238931661,-69.76767977380011,2.0104453895033773e-08
high,75.27000000000001,-69.75011152000269,-69.75013204820145,-69.76774406685956,2.0037550616129366e-08
high,75.28,-69.75018116568823,-69.75020168721758,-69.76780834239325,1.9970869976882322e-08
high,75.29,-69.7502507915067,-69.7502713063715,-69.76787260040545,1.990441123639597e-08
high,75.30000000000001,-69.75032039746458,-69.75034090566965,-69.76793684090049,1.9838173656239386e-08
high,75.31,-69.75038998356835,-69.75041048511851,-69.76800106388266,1.9772156500438636e-08
high,75.32000000000001,-69.75045954982453,-69.75048004472457,-69.76806526935626,1.9706359035468942e-08
high,75.33000000000001,-69.75052909623952,-69.7505495844943,-69.76812945732557,1.9640780530246903e-08
high,75.34,-69.75059862281985,-69.75061910443411,-69.76819362779487,1.9575420256121773e-08
high,75.35,-69.75066812957196,-69.7506886045505,-69.76825778076852,1.9510277486867484e-08
high,75.36000000000001,-69.7507376165023,-69.7507580848499,-69.76832191625077,1.944535149867481e-08
high,75.37,-69.75080708361735,-69.75082754533875,-69.7683860342459,1.9380641570143427e-08
high,75.38,-69.75087653092356,-69.75089698602349,-69.76845013475827,1.9316146982273254e-08
high,75.39000000000001,-69.75094595842738,-69.7509664069106,-69.76851421779212,1.925186701845717e-08
high,75.4,-69.75101536613525,-69.75103580800648,-69.76857828335177,1.9187800964472684e-08
high,75.41000000000001,-69.75108475405365,-69.75110518931761,-69.76864233144151,1.912394810847417e-08
high,75.42,-69.75115412218896,-69.75117455085037,-69.76870636206566,1.906030774098465e-08
high,75.43,-69.75122347054769,-69.75124389261123,-69.76877037522847,1.899687915488828e-08
high,75.44000000000001,-69.75129279913622,-69.75131321460658,-69.76883437093427,1.893366164542254e-08
high,75.45,-69.75136210796101,-69.75138251684287,-69.76889834918734,1.8870654510169803e-08
high,75.46,-69.7514313970285,-69.75145179932649,-69.76896230999196,1.880785704905028e-08
high,75.47000000000001,-69.75150066634507,-69.75152106206386,-69.76902625335248,1.8745268564313555e-08
high,75.48,-69.75156991591717,-69.75159030506141,-69.76909017927314,1.868288836053164e-08
high,75.49,-69.75163914575121,-69.75165952832553,-69.76915408775824,1.862071574459032e-08
high,75.50000000000001,-69.75170835585361,-69.75172873186264,-69.76921797881211,1.855875002568211e-08
high,75.51,-69.75177754623077,-69.75179791567912,-69.76928185243901,1.849699051529859e-08
high,75.52000000000001,-69.75184671688912,-69.75186707978139,-69.76934570864324,1.8435436527222135e-08
high,75.53,-69.75191586783504,-69.75193622417581,-69.76940954742909,1.8374087377519045e-08
high,75.54,-69.75198499907492,-69.75200534886879,-69.76947336880087,1.8312942384531277e-08
high,75.55000000000001,-69.75205411061518,-69.75207445386671,-69.76953717276287,1.825200086886965e-08
high,75.56,-69.7521232024622,-69.75214353917598,-69.76960095931936,1.8191262153405387e-08
high,75.57000000000001,-69.75219227462239,-69.75221260480292,-69.76966472847467,1.8130725563263255e-08
high,75.58000000000001,-69.75226132710209,-69.75228165075394,-69.76972848023306,1.8070390425814038e-08
high,75.59,-69.75233035990775,-69.75235067703547,-69.76979221459882,1.801025607066651e-08
high,75.6,-69.7523993730457,-69.75241968365378,-69.76985593157626,1.7950321829660674e-08
high,75.61000000000001,-69.75246836652231,-69.7524886706153,-69.76991963116967,1.789058703685972e-08
high,75.62,-69.752537340344,-69.75255763792637,-69.76998331338335,1.7831051028543358e-08
high,75.63000000000001,-69.75260629451711,-69.75262658559336,-69.77004697822157,1.7771713143199588e-08
high,75.64000000000001,-69.752675229048,-69.75269551362261,-69.77011062568863,1.7712572721517958e-08
high,75.65,-69.75274414394302,-69.75276442202046,-69.77017425578883,1.7653629106382257e-08
high,75.66000000000001,-69.75281303920853,-69.7528333107933,-69.77023786852644,1.7594881642862628e-08
high,75.67,-69.75288191485093,-69.75290217994747,-69.77030146390575,1.7536329678209002e-08
high,75.68,-69.75295077087655,-69.75297102948927,-69.77036504193109,1.74779725618432e-08
high,75.69000000000001,-69.75301960729172,-69.75303985942509,-69.7704286026067,1.7419809645352465e-08
high,75.7,-69.75308842410281,-69.75310866976123,-69.77049214593688,1.7361840282481397e-08
high,75.71,-69.75315722131613,-69.75317746050402,-69.77055567192596,1.7304063829125477e-08
high,75.72000000000001,-69.75322599893803,-69.75324623165982,-69.77061918057818,1.7246479643323338e-08
high,75.73,-69.75329475697487,-69.75331498323493,-69.77068267189786,1.7189087085250287e-08
high,75.74,-69.75336349543296,-69.75338371523569,-69.77074614588925,1.7131885517210643e-08
high,75.75000000000001,-69.75343221431862,-69.7534524276684,-69.77080960255668,1.7074874303630655e-08
high,75.76,-69.7535009136382,-69.7535211205394,-69.77087304190442,1.7018052811052054e-08
high,75.77000000000001,-69.753569593398,-69.75358979385497,-69.77093646393676,1.696142040812415e-08
high,75.78,-69.75363825360435,-69.75365844762145,-69.770999868658,1.6904976465597567e-08
high,75.79,-69.75370689426357,-69.75372708184513,-69.77106325607238,1.684872035631662e-08
high,75.80000000000001,-69.75377551538197,-69.75379569653231,-69.77112662618423,1.6792651455213034e-08
high,75.81,-69.75384411696585,-69.7538642916893,-69.77118997899784,1.673676913929844e-08
high,75.82000000000001,-69.7539126990215,-69.75393286732239,-69.77125331451747,1.6681072787657468e-08
high,75.83000000000001,-69.75398126155525,-69.75400142343787,-69.77131663274743,1.6625561781441424e-08
high,75.84,-69.7540498045734,-69.75406996004202,-69.77137993369197,1.6570235503860607e-08
high,75.85,-69.7541183280822,-69.75413847714114,-69.77144321735543,1.651509334017814e-08
high,75.86000000000001,-69.754186832088,-69.7542069747415,-69.77150648374206,1.6460134677702577e-08
high,75.87,-69.75425531659702,-69.7542754528494,-69.77156973285614,1.6405358905781725e-08
high,75.88000000000001,-69.75432378161562,-69.7543439114711,-69.77163296470196,1.6350765415795335e-08
high,75.89000000000001,-69.75439222715005,-69.75441235061288,-69.77169617928384,1.6296353601148328e-08
high,75.9,-69.75446065320656,-69.754480770281,-69.77175937660601,1.6242122857264606e-08
high,75.91000000000001,-69.75452905979148,-69.75454917048174,-69.77182255667277,1.6188072581579792e-08
high,75.92,-69.75459744691105,-69.75461755122136,-69.77188571948842,1.613420217353465e-08
high,75.93,-69.75466581457152,-69.75468591250609,-69.77194886505724,1.608051103456842e-08
high,75.94000000000001,-69.75473416277919,-69.75475425434222,-69.7720119933835,1.6026998568112513e-08
high,75.95,-69.75480249154032,-69.75482257673599,-69.77207510447148,1.5973664179583416e-08
high,75.96,-69.75487080086111,-69.75489087969363,-69.7721381983255,1.5920507276376156e-08
high,75.97000000000001,-69.7549390907479,-69.75495916322144,-69.7722012749498,1.5867527267857922e-08
high,75.98,-69.75500736120688,-69.75502742732562,-69.77226433434866,1.5814723565361578e-08
high,75.99000000000001,-69.75507561224431,-69.75509567201239,-69.77232737652639,1.576209558217861e-08
high,76.00000000000001,-69.75514384386645,-69.75516389728804,-69.77239040148724,1.5709642733553162e-08
high,76.01,-69.75521205607956,-69.75523210315878,-69.77245340923555,1.5657364436675262e-08
high,76.02000000000001,-69.75528024888983,-69.75530028963082,-69.77251639977553,1.560526011067446e-08
high,76.03,-69.75534842230354,-69.75536845671043,-69.7725793731115,1.5553329176613162e-08
high,76.04,-69.7554165763269,-69.7554366044038,-69.77264232924772,1.5501571057480454e-08
high,76.05000000000001,-69.75548471096612,-69.75550473271714,-69.77270526818849,1.544998517818575e-08
high,76.06,-69.75555282622744,-69.7555728416567,-69.77276818993808,1.539857096555192e-08
high,76.07000000000001,-69.75562092211712,-69.75564093122868,-69.77283109450076,1.5347327848309466e-08
high,76.08000000000001,-69.75568899864133,-69.75570900143929,-69.77289398188083,1.529625525708989e-08
high,76.09,-69.7557570558063,-69.75577705229475,-69.77295685208256,1.524535262441948e-08
high,76.1,-69.75582509361827,-69.75584508380125,-69.77301970511022,1.5194619384712795e-08
high,76.11000000000001,-69.75589311208341,-69.75591309596496,-69.77308254096808,1.514405497426666e-08
high,76.12,-69.75596111120795,-69.75598108879214,-69.77314535966043,1.5093658831253924e-08
high,76.13000000000001,-69.75602909099808,-69.75604906228894,-69.77320816119156,1.5043430395716762e-08
high,76.14,-69.75609705146,-69.75611701646157,-69.77327094556574,1.4993369109561047e-08
high,76.15,-69.75616499259993,-69.75618495131621,-69.77333371278722,1.4943474416549584e-08
high,76.16000000000001,-69.75623291442402,-69.75625286685906,-69.77339646286032,1.4893745762296594e-08
high,76.17,-69.75630081693849,-69.7563207630963,-69.77345919578929,1.4844182594260805e-08
high,76.18,-69.75636870014955,-69.75638864003409,-69.77352191157838,1.479478436173984e-08
high,76.19000000000001,-69.75643656406335,-69.75645649767861,-69.77358461023192,1.4745550515864097e-08
high,76.2,-69.75650440868606,-69.75652433603605,-69.77364729175416,1.4696480509590182e-08
high,76.21,-69.75657223402389,-69.75659215511256,-69.77370995614937,1.46475737976954e-08
high,76.22000000000001,-69.75664004008296,-69.7566599549143,-69.7737726034218,1.4598829836771185e-08
high,76.23,-69.75670782686949,-69.75672773544744,-69.7738352335758,1.4550248085217676e-08
high,76.24000000000001,-69.75677559438965,-69.75679549671817,-69.77389784661555,1.4501828003236979e-08
high,76.25000000000001,-69.75684334264959,-69.7568632387326,-69.7739604425454,1.4453569052827681e-08
high,76.26,-69.75691107165547,-69.75693096149692,-69.77402302136957,1.4405470697778888e-08
high,76.27000000000001,-69.75697878141345,-69.75699866501725,-69.77408558309237,1.4357532403663777e-08
high,76.28,-69.75704647192967,-69.75706634929976,-69.77414812771804,1.4309753637834247e-08
high,76.29,-69.75711414321032,-69.75713401435058,-69.77421065525087,1.426213386941448e-08
high,76.30000000000001,-69.75718179526152,-69.75720166017587,-69.77427316569513,1.4214672569295645e-08
high,76.31,-69.7572494280894,-69.75726928678174,-69.77433565905511,1.4167369210129329e-08
high,76.32000000000001,-69.75731704170013,-69.75733689417433,-69.77439813533505,1.4120223266322162e-08
high,76.33000000000001,-69.75738463609984,-69.75740448235979,-69.77446059453924,1.4073234214029992e-08
high,76.34,-69.75745221129469,-69.75747205134424,-69.77452303667192,1.4026401531151602e-08
high,76.35,-69.75751976729074,-69.75753960113377,-69.7745854617374,1.3979724697323467e-08
high,76.36000000000001,-69.7575873040942,-69.75760713173456,-69.77464786973994,1.3933203193913476e-08
high,76.37,-69.75765482171117,-69.75767464315268,-69.7747102606838,1.3886836504015747e-08
high,76.38000000000001,-69.75772232014776,-69.7577421353943,-69.77477263457324,1.3840624112444215e-08
high,76.39,-69.7577897994101,-69.75780960846548,-69.77483499141255,1.3794565505727489e-08
high,76.4,-69.75785725950432,-69.75787706237236,-69.77489733120596,1.3748660172102648e-08
high,76.41000000000001,-69.7579247004365,-69.75794449712102,-69.77495965395781,1.3702907601510102e-08
high,76.42,-69.75799212221278,-69.75801191271758,-69.77502195967229,1.3657307285587488e-08
high,76.43,-69.75805952483927,-69.75807930916815,-69.7750842483537,1.3611858717664011e-08
high,76.44000000000001,-69.75812690832205,-69.75814668647881,-69.77514652000633,1.3566561392755315e-08
high,76.45,-69.75819427266727,-69.75821404465567,-69.77520877463441,1.3521414807557172e-08
high,76.46,-69.75826161788098,-69.7582813837048,-69.7752710122422,1.3476418460440495e-08
high,76.47000000000001,-69.75832894396927,-69.75834870363231,-69.77533323283402,1.3431571851445259e-08
high,76.48,-69.75839625093828,-69.75841600444426,-69.77539543641407,1.3386874482275496e-08
high,76.49000000000001,-69.75846353879403,-69.75848328614674,-69.77545762298666,1.334232585629331e-08
high,76.50000000000001,-69.75853080754267,-69.75855054874584,-69.77551979255604,1.3297925478513364e-08
high,76.51,-69.75859805719024,-69.75861779224762,-69.77558194512646,1.3253672855597816e-08
high,76.52000000000001,-69.75866528774286,-69.75868501665816,-69.77564408070222,1.3209567495850397e-08
high,76.53,-69.75873249920657,-69.75875222198354,-69.77570619928755,1.3165608909211056e-08
high,76.54,-69.75879969158747,-69.75881940822981,-69.77576830088672,1.3121796607250504e-08
high,76.55000000000001,-69.75886686489162,-69.75888657540304,-69.775830385504,1.3078130103165079e-08
high,76.56,-69.75893401912506,-69.75895372350928,-69.77589245314365,1.303460891177095e-08
high,76.57000000000001,-69.75900115429391,-69.7590208525546,-69.77595450380993,1.299123254949874e-08
high,76.58000000000001,-69.7590682704042,-69.75908796254504,-69.77601653750709,1.2948000534388556e-08
high,76.59,-69.75913536746198,-69.75915505348668,-69.77607855423942,1.2904912386084234e-08
high,76.6,-69.75920244547332,-69.75922212538553,-69.77614055401116,1.2861967625828034e-08
high,76.61000000000001,-69.75926950444426,-69.75928917824767,-69.77620253682657,1.2819165776455555e-08
high,76.62,-69.75933654438086,-69.75935621207911,-69.77626450268994,1.2776506362390256e-08
high,76.63000000000001,-69.75940356528918,-69.75942322688591,-69.77632645160548,1.273398890963825e-08
high,76.64,-69.75947056717523,-69.7594902226741,-69.7763883835775,1.2691612945782871e-08
high,76.65,-69.75953755004507,-69.75955719944972,-69.77645029861021,1.2649377999979639e-08
high,76.66000000000001,-69.75960451390472,-69.75962415721877,-69.7765121967079,1.2607283602951082e-08
high,76.67,-69.75967145876022,-69.75969109598731,-69.77657407787483,1.2565329286981101e-08
high,76.68,-69.75973838461763,-69.75975801576134,-69.77663594211523,1.2523514585910253e-08
high,76.69000000000001,-69.75980529148293,-69.75982491654689,-69.7766977894334,1.248183903513031e-08
high,76.7,-69.75987217936216,-69.75989179834998,-69.77675961983354,1.2440302171579217e-08
high,76.71,-69.75993904826136,-69.75995866117664,-69.77682143331995,1.2398903533735749e-08
high,76.72000000000001,-69.76000589818655,-69.76002550503286,-69.77688322989688,1.235764266161462e-08
high,76.73,-69.76007272914374,-69.76009232992465,-69.77694500956858,1.2316519096761399e-08
high,76.74000000000001,-69.76013954113891,-69.760159135858,-69.77700677233929,1.2275532382247033e-08
high,76.75000000000001,-69.76020633417812,-69.76022592283897,-69.7770685182133,1.2234682062663206e-08
high,76.76,-69.76027310826736,-69.7602926908735,-69.77713024719485,1.2193967684117058e-08
high,76.77000000000001,-69.76033986341258,-69.7603594399676,-69.77719195928816,1.215338879422623e-08
high,76.78,-69.76040659961987,-69.76042617012729,-69.77725365449753,1.2112944942113659e-08
high,76.79,-69.76047331689517,-69.76049288135853,-69.77731533282719,1.2072635678402802e-08
high,76.80000000000001,-69.76054001524449,-69.76055957366732,-69.7773769942814,1.203246055521266e-08
high,76.81,-69.76060669467381,-69.76062624705966,-69.7774386388644,1.1992419126152435e-08
high,76.82,-69.76067335518913,-69.76069290154149,-69.77750026658046,1.1952510946317035e-08
high,76.83000000000001,-69.76073999679642,-69.76075953711883,-69.77756187743384,1.1912735572281698e-08
high,76.84,-69.7608066195017,-69.76082615379765,-69.77762347142875,1.1873092562097586e-08
high,76.85000000000001,-69.76087322331091,-69.7608927515839,-69.77768504856948,1.1833581475286271e-08
high,76.86000000000001,-69.76093980823006,-69.76095933048357,-69.77774660886028,1.1794201872835277e-08
high,76.87,-69.7610063742651,-69.76102589050262,-69.77780815230537,1.175495331719318e-08
high,76.88000000000001,-69.76107292142198,-69.761092431647,-69.77786967890903,1.171583537226439e-08
high,76.89,-69.76113944970673,-69.76115895392269,-69.7779311886755,1.1676847603404757e-08
high,76.9,-69.76120595912526,-69.76122545733566,-69.77799268160902,1.1637989577416321e-08
high,76.91000000000001,-69.76127244968357,-69.76129194189184,-69.77805415771385,1.1599260862543004e-08
high,76.92,-69.76133892138759,-69.7613584075972,-69.77811561699424,1.1560661028465233e-08
high,76.93,-69.76140537424327,-69.76142485445767,-69.77817705945439,1.1522189646295562e-08
high,76.94000000000001,-69.76147180825657,-69.7614912824792,-69.77823848509863,1.1483846288573917e-08
high,76.95,-69.76153822343349,-69.76155769166775,-69.77829989393113,1.1445630529262474e-08
high,76.96,-69.76160461977992,-69.76162408202926,-69.77836128595618,1.1407541943741369e-08
high,76.97000000000001,-69.7616709973018,-69.76169045356964,-69.77842266117803,1.1369580108803588e-08
high,76.98,-69.76173735600511,-69.76175680629485,-69.7784840196009,1.1331744602650735e-08
high,76.99000000000001,-69.76180369589575,-69.76182314021081,-69.77854536122904,1.1294035004887787e-08
high,77.00000000000001,-69.76187001697969,-69.76188945532343,-69.7786066860667,1.1256450896518823e-08
high,77.01,-69.76193631926282,-69.76195575163867,-69.77866799411812,1.1218991859942376e-08
high,77.02000000000001,-69.7620026027511,-69.76202202916244,-69.77872928538756,1.1181657478946421e-08
high,77.03,-69.76206886745047,-69.76208828790068,-69.77879055987924,1.1144447338704195e-08
high,77.04,-69.76213511336681,-69.76215452785927,-69.77885181759741,1.1107361025769201e-08
high,77.05000000000001,-69.76220134050608,-69.76222074904415,-69.77891305854634,1.1070398128071066e-08
high,77.06,-69.76226754887418,-69.7622869514612,-69.77897428273022,1.103355823491043e-08
high,77.07,-69.76233373847703,-69.76235313511638,-69.77903549015333,1.0996840936954846e-08
high,77.08000000000001,-69.76239990932052,-69.76241930001558,-69.7790966808199,1.0960245826233845e-08
high,77.09,-69.7624660614106,-69.76248544616467,-69.77915785473418,1.092377249613482e-08
high,77.10000000000001,-69.76253219475318,-69.76255157356958,-69.7792190119004,1.0887420541398176e-08
high,77.11000000000001,-69.76259830935408,-69.76261768223618,-69.77928015232281,1.0851189558112813e-08
high,77.12,-69.76266440521928,-69.76268377217039,-69.77934127600561,1.0815079143711995e-08
high,77.13000000000001,-69.76273048235467,-69.76274984337809,-69.77940238295308,1.0779088896968524e-08
high,77.14,-69.76279654076612,-69.76281589586516,-69.77946347316944,1.0743218417990359e-08
high,77.15,-69.7628625804595,-69.7628819296375,-69.77952454665895,1.0707467308216178e-08
high,77.16000000000001,-69.76292860144076,-69.762947944701,-69.77958560342582,1.0671835170411174e-08
high,77.17,-69.76299460371574,-69.76301394106152,-69.77964664347431,1.0636321608662338e-08
high,77.18,-69.76306058729033,-69.76307991872494,-69.77970766680863,1.0600926228374063e-08
high,77.19000000000001,-69.76312655217043,-69.76314587769714,-69.77976867343305,1.056564863626409e-08
high,77.2,-69.7631924983619,-69.76321181798397,-69.77982966335178,1.0530488440358815e-08
high,77.21000000000001,-69.76325842587065,-69.76327773959136,-69.77989063656906,1.0495445249988957e-08
high,77.22000000000001,-69.76332433470249,-69.7633436425251,-69.77995159308912,1.0460518675785408e-08
high,77.23,-69.7633902248633,-69.76340952679108,-69.78001253291622,1.0425708329674765e-08
high,77.24000000000001,-69.763456096359,-69.76347539239518,-69.78007345605457,1.0391013824875081e-08
high,77.25000000000001,-69.76352194919536,-69.76354123934324,-69.7801343625084,1.0356434775891394e-08
high,77.26,-69.76358778337837,-69.7636070676411,-69.78019525228197,1.0321970798511801e-08
high,77.27000000000001,-69.76365359891376,-69.76367287729464,-69.78025612537948,1.0287621509802865e-08
high,77.28,-69.76371939580746,-69.76373866830968,-69.78031698180519,1.0253386528105397e-08
high,77.29,-69.76378517406529,-69.76380444069211,-69.7803778215633,1.0219265473030397e-08
high,77.30000000000001,-69.7638509336931,-69.76387019444772,-69.78043864465808,1.0185257965454677e-08
high,77.31,-69.76391667469676,-69.76393592958237,-69.78049945109372,1.0151363627516727e-08
high,77.32,-69.76398239708209,-69.7640016461019,-69.78056024087448,1.0117582082612376e-08
high,77.33000000000001,-69.76404810085495,-69.76406734401215,-69.78062101400458,1.0083912955390776e-08
high,77.34,-69.76411378602116,-69.76413302331895,-69.78068177048824,1.0050355871750273e-08
high,77.35000000000001,-69.76417945258652,-69.76419868402812,-69.7807425103297,1.001691045883393e-08
high,77.36000000000001,-69.76424510055692,-69.76426432614547,-69.78080323353318,9.983576345025741e-09
high,77.37,-69.76431072993817,-69.76432994967685,-69.78086394010292,9.950353159946318e-09
high,77.38000000000001,-69.76437634073612,-69.76439555462808,-69.78092463004313,9.917240534448856e-09
high,77.39,-69.76444193295653,-69.76446114100497,-69.78098530335805,9.884238100614879e-09
high,77.4,-69.76450750660526,-69.76452670881332,-69.7810459600519,9.851345491750345e-09
high,77.41000000000001,-69.76457306168813,-69.76459225805897,-69.7811066001289,9.818562342381584e-09
high,77.42,-69.76463859821094,-69.7646577887477,-69.78116722359329,9.78588828825094e-09
high,77.43,-69.76470411617952,-69.76472330088534,-69.78122783044928,9.753322966313063e-09
high,77.44000000000001,-69.76476961559966,-69.76478879447767,-69.78128842070112,9.720866014730714e-09
high,77.45,-69.76483509647719,-69.76485426953053,-69.781348994353,9.688517072870794e-09
high,77.46000000000001,-69.76490055881789,-69.76491972604967,-69.78140955140917,9.656275781300213e-09
high,77.47000000000001,-69.76496600262757,-69.76498516404092,-69.78147009187384,9.624141781782066e-09
high,77.48,-69.76503142791205,-69.76505058351007,-69.78153061575124,9.592114717271691e-09
high,77.49000000000001,-69.7650968346771,-69.7651159844629,-69.78159112304559,9.560194231912377e-09
high,77.5,-69.76516222292848,-69.76518136690518,-69.78165161376111,9.528379971031809e-09
high,77.51,-69.76522759267203,-69.7652467308427,-69.78171208790201,9.496671581137768e-09
high,77.52000000000001,-69.76529294391352,-69.76531207628126,-69.78177254547253,9.465068709914623e-09
high,77.53,-69.76535827665874,-69.76537740322665,-69.78183298647687,9.43357100621893e-09
high,77.54,-69.76542359091347,-69.76544271168461,-69.78189341091927,9.402178120075885e-09
high,77.55000000000001,-69.76548888668347,-69.76550800166092,-69.78195381880394,9.37088970267541e-09
high,77.56,-69.76555416397456,-69.76557327316137,-69.78201421013507,9.339705406368009e-09
high,77.57,-69.76561942279245,-69.76563852619171,-69.78207458491693,9.308624884661245e-09
high,77.58000000000001,-69.76568466314296,-69.7657037607577,-69.78213494315372,9.277647792215568e-09
high,77.59,-69.76574988503184,-69.76576897686513,-69.78219528484964,9.246773784840872e-09
high,77.60000000000001,-69.76581508846485,-69.76583417451974,-69.7822556100089,9.21600251949222e-09
high,77.61000000000001,-69.76588027344776,-69.76589935372729,-69.78231591863576,9.185333654266345e-09
high,77.62,-69.76594543998631,-69.76596451449352,-69.7823762107344,9.154766848397858e-09
high,77.63000000000001,-69.76601058808627,-69.76602965682419,-69.78243648630904,9.124301762255171e-09
high,77.64,-69.76607571775341,-69.76609478072506,-69.7824967453639,9.093938057337082e-09
high,77.65,-69.76614082899347,-69.76615988620186,-69.78255698790318,9.06367539626868e-09
high,77.66000000000001,-69.76620592181219,-69.76622497326034,-69.7826172139311,9.033513442797993e-09
high,77.67,-69.76627099621533,-69.76629004190623,-69.78267742345189,9.003451861791796e-09
high,77.68,-69.7663360522086,-69.76635509214529,-69.78273761646973,8.973490319232217e-09
high,77.69000000000001,-69.76640108979777,-69.76642012398325,-69.78279779298886,8.943628482213014e-09
high,77.7,-69.76646610898858,-69.7664851374258,-69.78285795301349,8.913866018935592e-09
high,77.71000000000001,-69.76653110978674,-69.76655013247873,-69.78291809654783,8.884202598705675e-09
high,77.72000000000001,-69.76659609219799,-69.76661510914772,-69.78297822359606,8.854637891929304e-09
high,77.73,-69.76666105622806,-69.76668006743853,-69.78303833416244,8.825171570109527e-09
high,77.74000000000001,-69.7667260018827,-69.76674500735686,-69.78309842825114,8.795803305842468e-09
high,77.75,-69.76679092916761,-69.76680992890842,-69.78315850586637,8.766532772813738e-09
high,77.76,-69.76685583808852,-69.76687483209895,-69.78321856701236,8.737359645794838e-09
high,77.77000000000001,-69.76692072865114,-69.76693971693416,-69.7832786116933,8.708283600639704e-09
high,77.78,-69.7669856008612,-69.76700458341973,-69.78333863991342,8.679304314280862e-09
high,77.79,-69.76705045472438,-69.76706943156141,-69.78339865167692,8.650421464725857e-09
high,77.80000000000001,-69.7671152902464,-69.76713426136487,-69.783458646988,8.62163473105393e-09
high,77.81,-69.767180107433,-69.76719907283582,-69.78351862585086,8.592943793412191e-09
high,77.82,-69.76724490628987,-69.76726386597998,-69.7835785882697,8.564348333012085e-09
high,77.83000000000001,-69.7673096868227,-69.76732864080303,-69.78363853424875,8.535848032126013e-09
high,77.84,-69.76737444903719,-69.76739339731067,-69.78369846379219,8.507442574083672e-09
high,77.85000000000001,-69.76743919293904,-69.76745813550858,-69.78375837690423,8.479131643268599e-09
high,77.86000000000001,-69.76750391853393,-69.76752285540246,-69.78381827358908,8.45091492511451e-09
high,77.87,-69.7675686258276,-69.767587556998,-69.78387815385092,8.422792106102122e-09
high,77.88000000000001,-69.76763331482569,-69.76765224030086,-69.78393801769398,8.394762873755373e-09
high,77.89,-69.76769798553391,-69.76771690531676,-69.78399786512246,8.366826916638001e-09
high,77.9,-69.7677626379579,-69.76778155205133,-69.78405769614055,8.338983924350226e-09
high,77.91000000000001,-69.76782727210339,-69.76784618051029,-69.78411751075244,8.31123358752518e-09
high,77.92,-69.76789188797605,-69.7679107906993,-69.78417730896234,8.283575597825533e-09
high,77.93,-69.76795648558155,-69.76797538262402,-69.78423709077445,8.256009647939914e-09
high,77.94000000000001,-69.76802106492555,-69.76803995629012,-69.78429685619298,8.228535431579795e-09
high,77.95,-69.76808562601374,-69.76810451170327,-69.78435660522214,8.201152643475821e-09
high,77.96000000000001,-69.76815016885176,-69.76816904886913,-69.7844163378661,8.173860979374456e-09
high,77.97000000000001,-69.7682146934453,-69.76823356779336,-69.78447605412904,8.146660136034731e-09
high,77.98,-69.76827919979999,-69.7682980684816,-69.78453575401521,8.119549811224774e-09
high,77.99000000000001,-69.76834368792154,-69.76836255093953,-69.78459543752875,8.092529703718507e-09
high,78.0,-69.76840815781557,-69.76842701517279,-69.7846551046739,8.065599513292176e-09
high,78.01,-69.76847260948774,-69.76849146118704,-69.78471475545483,8.038758940721164e-09
high,78.02000000000001,-69.76853704294372,-69.7685558889879,-69.78477438987575,8.0120076877767e-09
high,78.03,-69.76860145818911,-69.76862029858106,-69.78483400794084,7.985345457222278e-09
high,78.04,-69.76866585522961,-69.76868468997212,-69.7848936096543,7.958771952810644e-09
high,78.05000000000001,-69.76873023407084,-69.76874906316674,-69.78495319502034,7.932286879280366e-09
high,78.06,-69.76879459471844,-69.76881341817055,-69.78501276404312,7.905889942352606e-09
high,78.07000000000001,-69.76885893717808,-69.76887775498918,-69.78507231672683,7.879580848727735e-09
high,78.08000000000001,-69.76892326145534,-69.76894207362825,-69.7851318530757,7.85335930608222e-09
high,78.09,-69.76898756755587,-69.76900637409342,-69.78519137309388,7.827225023065404e-09
high,78.10000000000001,-69.7690518554853,-69.76907065639028,-69.7852508767856,7.80117770929601e-09
high,78.11000000000001,-69.7691161252493,-69.7691349205245,-69.78531036415501,7.775217075359201e-09
high,78.12,-69.76918037685346,-69.76919916650164,-69.78536983520634,7.74934283280322e-09
high,78.13000000000001,-69.7692446103034,-69.76926339432735,-69.78542928994375,7.723554694136245e-09
high,78.14,-69.76930882560474,-69.76932760400727,-69.78548872837142,7.697852372823083e-09
high,78.15,-69.76937302276309,-69.76939179554697,-69.78554815049358,7.672235583282124e-09
high,78.16000000000001,-69.76943720178409,-69.76945596895206,-69.78560755631437,7.646704040882186e-09
high,78.17,-69.76950136267337,-69.7695201242282,-69.78566694583799,7.621257461939122e-09
high,78.17999999999999,-69.76956550543646,-69.76958426138094,-69.78572631906864,7.595895563712958e-09
high,78.19000000000001,-69.76962963007902,-69.76964838041592,-69.78578567601049,7.570618064404487e-09
high,78.2,-69.76969373660668,-69.7697124813387,-69.78584501666774,7.545424683152449e-09
high,78.21000000000001,-69.76975782502502,-69.76977656415492,-69.78590434104456,7.520315140030048e-09
high,78.22000000000001,-69.7698218953396,-69.76984062887014,-69.78596364914512,7.4952891560421e-09
high,78.23,-69.76988594755603,-69.76990467548995,-69.78602294097364,7.47034645312194e-09
high,78.24000000000001,-69.76994998167996,-69.76996870401997,-69.78608221653428,7.4454867541280865e-09
high,78.25,-69.77001399771692,-69.77003271446576,-69.78614147583122,7.420709782841463e-09
high,78.26,-69.77007799567251,-69.77009670683292,-69.78620071886866,7.3960152639620515e-09
high,78.27000000000001,-69.77014197555233,-69.77016068112702,-69.78625994565076,7.371402923106162e-09
high,78.28,-69.77020593736198,-69.77022463735368,-69.7863191561817,7.346872486803004e-09
high,78.29,-69.77026988110701,-69.7702885755184,-69.78637835046567,7.322423682491927e-09
high,78.30000000000001,-69.77033380679302,-69.77035249562684,-69.78643752850684,7.298056238519374e-09
high,78.31,-69.77039771442558,-69.77041639768451,-69.78649669030939,7.27376988413564e-09
high,78.32000000000001,-69.77046160401024,-69.77048028169699,-69.78655583587752,7.249564349492143e-09
high,78.33000000000001,-69.7705254755526,-69.77054414766987,-69.78661496521539,7.225439365638174e-09
high,78.34,-69.77058932905824,-69.77060799560869,-69.78667407832715,7.201394664518185e-09
high,78.35000000000001,-69.77065316453266,-69.77067182551902,-69.78673317521702,7.177429978968581e-09
high,78.36000000000001,-69.77071698198148,-69.7707356374064,-69.78679225588915,7.153545042714758e-09
high,78.37,-69.77078078141024,-69.77079943127642,-69.78685132034774,7.129739590368389e-09
high,78.38000000000001,-69.77084456282452,-69.77086320713462,-69.78691036859692,7.106013357424128e-09
high,78.39,-69.77090832622987,-69.77092696498654,-69.7869694006409,7.08236608025697e-09
high,78.4,-69.7709720716318,-69.77099070483774,-69.78702841648385,7.058797496119074e-09
high,78.41000000000001,-69.77103579903591,-69.77105442669378,-69.78708741612994,7.035307343137113e-09
high,78.42,-69.77109950844773,-69.77111813056017,-69.78714639958334,7.011895360309149e-09
high,78.43,-69.77116319987282,-69.77118181644246,-69.78720536684821,6.988561287501747e-09
high,78.44000000000001,-69.77122687331669,-69.77124548434621,-69.78726431792875,6.965304865447214e-09
high,78.45,-69.77129052878489,-69.77130913427693,-69.78732325282907,6.942125835740625e-09
high,78.46000000000001,-69.77135416628298,-69.77137276624018,-69.78738217155342,6.9190239408369895e-09
high,78.47000000000001,-69.77141778581647,-69.77143638024147,-69.78744107410593,6.895998924048274e-09
high,78.48,-69.77148138739093,-69.77149997628636,-69.78749996049075,6.8730505295407994e-09
high,78.49000000000001,-69.77154497101186,-69.77156355438034,-69.78755883071207,6.8501785023321646e-09
high,78.5,-69.77160853668481,-69.77162711452895,-69.78761768477405,6.82738258828845e-09
high,78.51,-69.77167208441529,-69.77169065673772,-69.78767652268087,6.804662534121514e-09
high,78.52000000000001,-69.7717356142088,-69.77175418101214,-69.78773534443667,6.782018087386074e-09
high,78.53,-69.7717991260709,-69.77181768735775,-69.78779415004564,6.759448996476959e-09
high,78.54,-69.77186262000707,-69.77188117578005,-69.78785293951194,6.736955010626187e-09
high,78.55000000000001,-69.77192609602285,-69.77194464628455,-69.78791171283973,6.714535879900422e-09
high,78.56,-69.77198955412373,-69.77200809887678,-69.78797047003317,6.692191355197983e-09
high,78.57000000000001,-69.77205299431526,-69.77207153356221,-69.78802921109643,6.669921188246094e-09
high,78.58000000000001,-69.7721164166029,-69.77213495034637,-69.78808793603368,6.64772513159825e-09
high,78.59,-69.77217982099219,-69.77219834923476,-69.78814664484908,6.625602938631372e-09
high,78.60000000000001,-69.77224320748863,-69.77226173023287,-69.78820533754676,6.6035543635431115e-09
high,78.61000000000001,-69.77230657609773,-69.77232509334621,-69.78826401413092,6.5815791613490045e-09
high,78.62,-69.77236992682494,-69.77238843858026,-69.78832267460572,6.5596770878799786e-09
high,78.63000000000001,-69.7724332596758,-69.7724517659405,-69.78838131897528,6.5378478997794404e-09
high,78.64,-69.77249657465576,-69.77251507543245,-69.7884399472438,6.5160913545005834e-09
high,78.65,-69.77255987177035,-69.77257836706157,-69.78849855941543,6.4944072103038126e-09
high,78.66000000000001,-69.77262315102504,-69.77264164083336,-69.78855715549433,6.472795226253973e-09
high,78.67,-69.77268641242533,-69.77270489675328,-69.78861573548464,6.451255162217706e-09
high,78.68,-69.7727496559767,-69.77276813482685,-69.78867429939054,6.4297867788607015e-09
high,78.69000000000001,-69.77281288168462,-69.77283135505951,-69.78873284721615,6.408389837645144e-09
high,78.7,-69.77287608955456,-69.77289455745674,-69.78879137896566,6.387064100827092e-09
high,78.71000000000001,-69.77293927959201,-69.77295774202402,-69.7888498946432,6.3658093314536265e-09
high,78.72000000000001,-69.77300245180244,-69.77302090876681,-69.78890839425294,6.344625293360446e-09
high,78.73,-69.77306560619134,-69.7730840576906,-69.78896687779904,6.323511751169132e-09
high,78.74000000000001,-69.77312874276416,-69.77314718880083,-69.78902534528564,6.302468470284578e-09
high,78.75,-69.77319186152634,-69.77321030210295,-69.7890837967169,6.281495216892289e-09
high,78.76,-69.77325496248339,-69.77327339760247,-69.78914223209695,6.2605917579559e-09
high,78.77000000000001,-69.77331804564072,-69.77333647530477,-69.78920065142998,6.23975786121461e-09
high,78.78,-69.77338111100381,-69.77339953521536,-69.7892590547201,6.218993295180395e-09
high,78.79,-69.77344415857814,-69.77346257733969,-69.7893174419715,6.198297829135664e-09
high,78.80000000000001,-69.77350718836912,-69.77352560168318,-69.7893758131883,6.177671233130579e-09
high,78.81,-69.77357020038225,-69.7735886082513,-69.78943416837464,6.157113277980553e-09
high,78.82000000000001,-69.77363319462296,-69.77365159704951,-69.7894925075347,6.136623735263605e-09
high,78.83000000000001,-69.77369617109667,-69.77371456808322,-69.78955083067262,6.116202377317939e-09
high,78.84,-69.77375912980885,-69.77377752135789,-69.78960913779252,6.095848977239432e-09
high,78.85000000000001,-69.77382207076492,-69.77384045687894,-69.7896674288986,6.075563308878921e-09
high,78.86,-69.77388499397036,-69.77390337465181,-69.78972570399496,6.0553451468399255e-09
high,78.87,-69.77394789943055,-69.77396627468194,-69.78978396308575,6.035194266475926e-09
high,78.88000000000001,-69.77401078715096,-69.77402915697475,-69.78984220617514,6.015110443888133e-09
high,78.89,-69.77407365713701,-69.77409202153568,-69.78990043326725,5.995093455922689e-09
high,78.9,-69.77413650939413,-69.77415486837016,-69.78995864436622,5.975143080168413e-09
high,78.91000000000001,-69.77419934392776,-69.77421769748359,-69.79001683947622,5.955259094954322e-09
high,78.92,-69.77426216074329,-69.7742805088814,-69.79007501860136,5.935441279346975e-09
high,78.93,-69.77432495984618,-69.77434330256902,-69.79013318174579,5.915689413148263e-09
high,78.94000000000001,-69.77438774124184,-69.77440607855186,-69.79019132891366,5.8960032768927374e-09
high,78.95,-69.77445050493567,-69.77446883683533,-69.79024946010911,5.876382651845413e-09
high,78.96000000000001,-69.7745132509331,-69.77453157742482,-69.79030757533626,5.856827319999142e-09
high,78.97000000000001,-69.77457597923956,-69.77459430032579,-69.79036567459929,5.8373370640721954e-09
high,78.98,-69.77463868986041,-69.7746570055436,-69.7904237579023,5.817911667506058e-09
high,78.99000000000001,-69.7747013828011,-69.77471969308367,-69.79048182524944,5.798550914462726e-09
high,79.0,-69.77476405806698,-69.7747823629514,-69.79053987664486,5.779254589822566e-09
high,79.01,-69.77482671566351,-69.77484501515218,-69.79059791209266,5.76002247918171e-09
high,79.02000000000001,-69.7748893555961,-69.77490764969146,-69.79065593159702,5.740854368849901e-09
high,79.03,-69.7749519778701,-69.77497026657456,-69.79071393516205,5.721750045847939e-09
high,79.04,-69.77501458249094,-69.77503286580689,-69.7907719227919,5.702709297905313e-09
high,79.05000000000001,-69.77507716946397,-69.77509544739387,-69.79082989449068,5.68373191345804e-09
high,79.06,-69.77513973879465,-69.77515801134086,-69.79088785026255,5.664817681646038e-09
high,79.07000000000001,-69.7752022904883,-69.77522055765326,-69.79094579011162,5.645966392311021e-09
high,79.08000000000001,-69.77526482455033,-69.77528308633644,-69.79100371404203,5.627177835993965e-09
high,79.09,-69.77532734098614,-69.7753455973958,-69.79106162205794,5.6084518039329995e-09
high,79.10000000000001,-69.77538983980108,-69.77540809083668,-69.79111951416343,5.589788088060908e-09
high,79.11,-69.77545232100056,-69.7754705666645,-69.79117739036265,5.571186481002839e-09
high,79.12,-69.77551478458993,-69.7755330248846,-69.79123525065975,5.552646776074098e-09
high,79.13000000000001,-69.77557723057457,-69.77559546550235,-69.79129309505883,5.534168767277774e-09
high,79.14,-69.77563965895985,-69.77565788852314,-69.79135092356405,5.515752249302485e-09
high,79.15,-69.77570206975118,-69.77572029395232,-69.7914087361795,5.497397017520006e-09
high,79.16000000000001,-69.77576446295386,-69.77578268179525,-69.79146653290934,5.479102867983189e-09
high,79.17,-69.7758268385733,-69.77584505205732,-69.79152431375766,5.460869597423516e-09
high,79.18,-69.77588919661483,-69.77590740474385,-69.79158207872862,5.442697003248866e-09
high,79.19000000000001,-69.77595153708383,-69.7759697398602,-69.79163982782634,5.424584883541357e-09
high,79.2,-69.77601385998567,-69.77603205741177,-69.79169756105493,5.40653303705503e-09
high,79.21000000000001,-69.77607616532569,-69.77609435740386,-69.7917552784185,5.388541263213645e-09
high,79.22000000000001,-69.77613845310923,-69.77615663984186,-69.7918129799212,5.3706093621083626e-09
high,79.23,-69.77620072334167,-69.77621890473107,-69.79187066556716,5.352737134495708e-09
high,79.24000000000001,-69.77626297602833,-69.77628115207688,-69.79192833536048,5.3349243817951925e-09
high,79.25,-69.77632521117457,-69.7763433818846,-69.79198598930529,5.31717090608712e-09
high,79.26,-69.77638742878574,-69.7764055941596,-69.7920436274057,5.299476510110485e-09
high,79.27000000000001,-69.77644962886718,-69.7764677889072,-69.79210124966586,5.281840997260706e-09
high,79.28,-69.77651181142421,-69.77652996613273,-69.79215885608986,5.264264171587477e-09
high,79.29,-69.77657397646219,-69.77659212584153,-69.79221644668182,5.246745837792498e-09
high,79.30000000000001,-69.7766361239864,-69.77665426803893,-69.79227402144586,5.229285801227493e-09
high,79.31,-69.77669825400224,-69.77671639273024,-69.7923315803861,5.2118838678918744e-09
high,79.32000000000001,-69.77676036651502,-69.77677849992082,-69.79238912350667,5.194539844430613e-09
high,79.33000000000001,-69.77682246153005,-69.77684058961597,-69.79244665081167,5.1772535381321754e-09
high,79.34,-69.77688453905266,-69.77690266182104,-69.7925041623052,5.160024756926313e-09
high,79.35000000000001,-69.77694659908818,-69.77696471654131,-69.79256165799141,5.142853309381968e-09
high,79.36,-69.77700864164191,-69.77702675378211,-69.79261913787441,5.125739004705062e-09
high,79.37,-69.7770706667192,-69.77708877354877,-69.79267660195829,5.10868165273648e-09
high,79.38000000000001,-69.77713267432533,-69.77715077584658,-69.79273405024716,5.091681063949968e-09
high,79.39,-69.77719466446565,-69.77721276068088,-69.79279148274517,5.074737049449865e-09
high,79.4,-69.77725663714544,-69.77727472805697,-69.7928488994564,5.057849420969187e-09
high,79.41000000000001,-69.77731859237004,-69.77733667798013,-69.79290630038497,5.041017990867445e-09
high,79.42,-69.77738053014473,-69.77739861045566,-69.79296368553497,5.024242572128593e-09
high,79.43,-69.77744245047481,-69.77746052548889,-69.79302105491054,5.00752297835888e-09
high,79.44000000000001,-69.77750435336557,-69.7775224230851,-69.79307840851578,4.990859023784872e-09
high,79.45,-69.77756623882237,-69.77758430324961,-69.79313574635479,4.974250523251398e-09
high,79.46000000000001,-69.77762810685047,-69.77764616598768,-69.79319306843168,4.9576972922193406e-09
high,79.47000000000001,-69.77768995745515,-69.77770801130463,-69.79325037475057,4.941199146763758e-09
high,79.48,-69.7777517906417,-69.77776983920573,-69.79330766531554,4.92475590357175e-09
high,79.49000000000001,-69.77781360641544,-69.77783164969628,-69.7933649401307,4.908367379940469e-09
high,79.5,-69.77787540478165,-69.77789344278158,-69.79342219920018,4.8920333937749985e-09
high,79.51,-69.77793718574561,-69.77795521846686,-69.79347944252807,4.8757537635864385e-09
high,79.52000000000001,-69.7779989493126,-69.77801697675746,-69.79353667011847,4.859528308489892e-09
high,79.53,-69.77806069548791,-69.77807871765859,-69.79359388197548,4.843356848202308e-09
high,79.54,-69.7781224242768,-69.77814044117558,-69.79365107810321,4.827239203040661e-09
high,79.55000000000001,-69.77818413568457,-69.77820214731372,-69.79370825850576,4.811175193919786e-09
high,79.56,-69.77824582971648,-69.77826383607821,-69.79376542318721,4.795164642350582e-09
high,79.57000000000001,-69.7783075063778,-69.77832550747438,-69.79382257215171,4.7792073704378645e-09
high,79.58000000000001,-69.77836916567378,-69.77838716150747,-69.79387970540331,4.763303200878398e-09
high,79.59,-69.77843080760975,-69.77844879818275,-69.79393682294612,4.747451956959092e-09
high,79.60000000000001,-69.77849243219092,-69.77851041750547,-69.79399392478427,4.7316534625547994e-09
high,79.61,-69.77855403942256,-69.77857201948092,-69.79405101092183,4.715907542126565e-09
high,79.62,-69.77861562930994,-69.77863360411432,-69.7941080813629,4.700214020719504e-09
high,79.63000000000001,-69.77867720185832,-69.77869517141094,-69.79416513611156,4.684572723961047e-09
high,79.64,-69.77873875707297,-69.77875672137606,-69.79422217517194,4.6689834780588465e-09
high,79.65,-69.7788002949591,-69.77881825401487,-69.79427919854811,4.653446109798846e-09
high,79.66000000000001,-69.77886181552198,-69.77887976933269,-69.79433620624417,4.637960446543531e-09
high,79.67,-69.7789233187669,-69.7789412673347,-69.79439319826422,4.622526316229766e-09
high,79.68,-69.77898480469906,-69.77900274802622,-69.79445017461234,4.607143547367086e-09
high,79.69000000000001,-69.77904627332373,-69.77906421141242,-69.79450713529262,4.591811969035632e-09
high,79.7,-69.77910772464612,-69.77912565749857,-69.79456408030917,4.576531410884426e-09
high,79.71000000000001,-69.77916915867151,-69.77918708628991,-69.79462100966606,4.56130170312933e-09
high,79.72000000000001,-69.77923057540512,-69.77924849779167,-69.7946779233674,4.546122676551162e-09
high,79.73,-69.77929197485219,-69.77930989200907,-69.79473482141726,4.53099416249398e-09
high,79.74000000000001,-69.77935335701791,-69.77937126894736,-69.79479170381975,4.5159159928629825e-09
high,79.75,-69.7794147219076,-69.77943262861176,-69.79484857057894,4.5008880001228255e-09
high,79.76,-69.77947606952642,-69.77949397100751,-69.79490542169891,4.4859100172956095e-09
high,79.77000000000001,-69.7795373998796,-69.7795552961398,-69.79496225718378,4.470981877959198e-09
high,79.78,-69.7795987129724,-69.77961660401388,-69.79501907703762,4.456103416245222e-09
high,79.79,-69.77966000881003,-69.77967789463497,-69.79507588126452,4.441274466837255e-09
high,79.80000000000001,-69.77972128739768,-69.77973916800828,-69.79513266986854,4.426494864969056e-09
high,79.81,-69.77978254874061,-69.77980042413901,-69.79518944285377,4.411764446422675e-09
high,79.82000000000001,-69.779843792844,-69.77986166303242,-69.79524620022433,4.397083047526658e-09
high,79.83000000000001,-69.7799050197131,-69.77992288469366,-69.79530294198426,4.382450505154154e-09
high,79.84,-69.7799662293531,-69.77998408912798,-69.79535966813766,4.367866656721252e-09
high,79.85000000000001,-69.78002742176918,-69.78004527634056,-69.79541637868861,4.353331340185045e-09
high,79.86,-69.78008859696659,-69.78010644633662,-69.79547307364119,4.3388443940418355e-09
high,79.87,-69.78014975495051,-69.78016759912136,-69.79552975299947,4.3244056573254195e-09
high,79.88000000000001,-69.78021089572619,-69.78022873469997,-69.79558641676756,4.310014969605242e-09
high,79.89,-69.78027201929878,-69.78028985307768,-69.7956430649495,4.295672170984638e-09
high,79.9,-69.78033312567347,-69.78035095425962,-69.7956996975494,4.281377102098986e-09
high,79.91000000000001,-69.78039421485548,-69.78041203825104,-69.7957563145713,4.267129604114088e-09
high,79.92,-69.78045528685001,-69.78047310505711,-69.79581291601932,4.252929518724262e-09
high,79.93,-69.78051634166222,-69.78053415468304,-69.7958695018975,4.238776688150605e-09
high,79.94000000000001,-69.78057737929737,-69.78059518713398,-69.79592607220994,4.2246709551393144e-09
high,79.95,-69.78063839976058,-69.78065620241514,-69.7959826269607,4.210612162959878e-09
high,79.96000000000001,-69.78069940305703,-69.78071720053171,-69.79603916615386,4.196600155403364e-09
high,79.97000000000001,-69.78076038919195,-69.78077818148886,-69.79609568979349,4.1826347767806104e-09
high,79.98,-69.7808213581705,-69.78083914529175,-69.79615219788366,4.168715871920646e-09
high,79.99000000000001,-69.78088230999785,-69.78090009194557,-69.79620869042843,4.154843286168827e-09
high,80.0,-69.78094324467918,-69.7809610214555,-69.7962651674319,4.14101686538514e-09
