target,target_family,regime,model,predictors,n_rows,in_sample_r2,in_sample_mae,in_sample_rmse,cv_r2,cv_mae,cv_rmse,cv_note,coefficients,coefficient_signs,method
observed_Gamma_h_to_d,local_transfer,all_nonexploratory,SMI_linear,SMI,3584,0.6304847309176709,0.050378908831006965,0.09106599283721213,0.6272233530996758,0.050415157173717806,0.09146698864294507,5_fold_seed_202608_descriptive,intercept=0.893944726; SMI=-0.512660328,SMI:negative,ordinary_least_squares_descriptive
observed_Gamma_h_to_d,local_transfer,all_nonexploratory,Gamma_divider_linear,Gamma_divider,3584,0.8800423812532867,0.02934007808474437,0.05188644910117331,0.8795782917755841,0.029382226228776395,0.05198672080652083,5_fold_seed_202608_descriptive,intercept=-0.604386331; Gamma_divider=1.58649749,Gamma_divider:positive,ordinary_least_squares_descriptive
observed_Gamma_h_to_d,local_transfer,all_nonexploratory,log10_R_neck_linear,log10_R_neck_Mohm,3576,0.5168097277723163,0.06295837982875202,0.10420776325329012,0.5152357067457085,0.06303897997079252,0.10437735674117671,5_fold_seed_202608_descriptive,intercept=1.29808201; log10_R_neck_Mohm=-0.338136483,log10_R_neck_Mohm:negative,ordinary_least_squares_descriptive
observed_Gamma_h_to_d,local_transfer,all_nonexploratory,log10_R_in_d_linear,log10_R_in_d_Mohm,3580,0.1773554077970252,0.08738417796334379,0.13593289075699208,0.1751009804550211,0.08745329037950142,0.13611902287369484,5_fold_seed_202608_descriptive,intercept=-0.283214696; log10_R_in_d_Mohm=0.451849085,log10_R_in_d_Mohm:positive,ordinary_least_squares_descriptive
observed_Gamma_h_to_d,local_transfer,all_nonexploratory,component_pair_log10_OLS,log10_R_neck_Mohm;log10_R_in_d_Mohm,3576,0.7717657401191538,0.053434265902457534,0.07161951919473104,0.77051698430128,0.05351131095082172,0.07181518064204939,5_fold_seed_202608_descriptive,intercept=-0.00596900109; log10_R_neck_Mohm=-0.365058853; log10_R_in_d_Mohm=0.545311126,log10_R_neck_Mohm:negative; log10_R_in_d_Mohm:positive,ordinary_least_squares_descriptive
observed_Gamma_h_to_d,local_transfer,all_nonexploratory,component_pair_raw_OLS,R_neck_Mohm;R_in_d_Mohm,3576,0.6204077691194121,0.05564595902430087,0.09236334240212613,0.6105242189045181,0.055864307019881515,0.0935580607974584,5_fold_seed_202608_descriptive,intercept=0.728837881; R_neck_Mohm=-0.00261577293; R_in_d_Mohm=0.000615672806,R_neck_Mohm:negative; R_in_d_Mohm:positive,ordinary_least_squares_descriptive
observed_Gamma_h_to_d,local_transfer,all_nonexploratory,impedance_pair_OLS,log10_Zin_Mohm;transfer_gain,3143,0.03762330449682094,0.05283392292607114,0.07228821011862606,-0.03375959824500008,0.05293139253546818,0.0749211957542383,5_fold_seed_202608_descriptive,intercept=1.89378225; log10_Zin_Mohm=-0.437255699; transfer_gain=-0.765383127,log10_Zin_Mohm:negative; transfer_gain:negative,ordinary_least_squares_descriptive
observed_Gamma_h_to_d,local_transfer,all_nonexploratory,dynamic_plus_transfer_gain_OLS,dynamic_SMI_abs;transfer_gain,3072,0.9894403040022155,0.004533059629069604,0.00607345670080138,0.9893835325069708,0.004538342216726131,0.00608976100675607,5_fold_seed_202608_descriptive,intercept=0.975134342; dynamic_SMI_abs=-0.689251137; transfer_gain=0.0263897569,dynamic_SMI_abs:negative; transfer_gain:positive,ordinary_least_squares_descriptive
observed_Gamma_h_to_d,local_transfer,all_nonexploratory,synaptic_plus_components_OLS,log10_R_neck_Mohm;log10_R_in_d_Mohm;synaptic_conductance_scale,3072,0.9486911384314407,0.00986287980635321,0.013387713853155129,0.9485632941659778,0.009879962386043528,0.013404382295720158,5_fold_seed_202608_descriptive,intercept=1.22145205; log10_R_neck_Mohm=-0.259185154; log10_R_in_d_Mohm=-0.000431801069; synaptic_conductance_scale=0.00137716483,log10_R_neck_Mohm:negative; log10_R_in_d_Mohm:negative; synaptic_conductance_scale:positive,ordinary_least_squares_descriptive
observed_Gamma_h_to_d,local_transfer,active_nonlinear_challenge,SMI_linear,SMI,47,0.8922580722756558,0.036895919844323506,0.04897120910768593,0.8848882519352161,0.037745415442048215,0.05061838452734934,5_fold_seed_202608_descriptive,intercept=0.849133391; SMI=-0.534969864,SMI:negative,ordinary_least_squares_descriptive
observed_Gamma_h_to_d,local_transfer,active_nonlinear_challenge,Gamma_divider_linear,Gamma_divider,47,0.9139581877242254,0.03292122347856471,0.04376261154449561,0.9064474357693093,0.03381324276232146,0.045632714510322296,5_fold_seed_202608_descriptive,intercept=-0.238268823; Gamma_divider=1.18955082,Gamma_divider:positive,ordinary_least_squares_descriptive
observed_Gamma_h_to_d,local_transfer,active_nonlinear_challenge,log10_R_neck_linear,log10_R_neck_Mohm,47,0.6252298592712218,0.06537204330303453,0.09133367800127021,0.5883228034997895,0.06923104522409358,0.09572532770570158,5_fold_seed_202608_descriptive,intercept=1.60084428; log10_R_neck_Mohm=-0.453592219,log10_R_neck_Mohm:negative,ordinary_least_squares_descriptive
observed_Gamma_h_to_d,local_transfer,active_nonlinear_challenge,log10_R_in_d_linear,log10_R_in_d_Mohm,47,0.11966968506209552,0.12740827108108738,0.13998170687927086,0.061295762728038494,0.131856557682329,0.14454825235100982,5_fold_seed_202608_descriptive,intercept=-0.496538458; log10_R_in_d_Mohm=0.425058342,log10_R_in_d_Mohm:positive,ordinary_least_squares_descriptive
observed_Gamma_h_to_d,local_transfer,active_nonlinear_challenge,component_pair_log10_OLS,log10_R_neck_Mohm;log10_R_in_d_Mohm,47,0.942758320901217,0.025733923948516098,0.03569477415184539,0.9347063315398186,0.027208713487412276,0.03812272979729553,5_fold_seed_202608_descriptive,intercept=-0.0835047244; log10_R_neck_Mohm=-0.537812356; log10_R_in_d_Mohm=0.715499825,log10_R_neck_Mohm:negative; log10_R_in_d_Mohm:positive,ordinary_least_squares_descriptive
observed_Gamma_h_to_d,local_transfer,active_nonlinear_challenge,component_pair_raw_OLS,R_neck_Mohm;R_in_d_Mohm,47,0.8942280404529745,0.03934018623863095,0.04852144558829829,0.8776311625628317,0.042084390875089556,0.052189588566230696,5_fold_seed_202608_descriptive,intercept=0.445005538; R_neck_Mohm=-0.0010845493; R_in_d_Mohm=0.000869827322,R_neck_Mohm:negative; R_in_d_Mohm:positive,ordinary_least_squares_descriptive
observed_Gamma_h_to_d,local_transfer,active_nonlinear_challenge,impedance_pair_OLS,log10_Zin_Mohm;transfer_gain,47,0.2304937009853587,0.11424399805174837,0.13087435240844883,0.17587946838685986,0.11888527957467776,0.13543902637358654,5_fold_seed_202608_descriptive,intercept=2.87015698; log10_Zin_Mohm=-0.769041468; transfer_gain=-6.75626754,log10_Zin_Mohm:negative; transfer_gain:negative,ordinary_least_squares_descriptive
observed_Gamma_h_to_d,local_transfer,baseline_reference_targets,SMI_linear,SMI,3,0.9662611445147165,0.058161878547536405,0.06854095460975525,-8.734727271175087,0.7798772729210516,1.1642516716938727,leave_one_out_descriptive,intercept=0.909193292; SMI=-0.615891,SMI:negative,ordinary_least_squares_descriptive
observed_Gamma_h_to_d,local_transfer,baseline_reference_targets,Gamma_divider_linear,Gamma_divider,3,0.9900627023195505,0.0327471731674971,0.03719796021849757,0.3527365825454182,0.22966469139417936,0.30021024348892844,leave_one_out_descriptive,intercept=-0.558597824; Gamma_divider=1.51493468,Gamma_divider:positive,ordinary_least_squares_descriptive
observed_Gamma_h_to_d,local_transfer,baseline_reference_targets,log10_R_neck_linear,log10_R_neck_Mohm,3,0.9234670571500696,0.09731721819823018,0.10323077371073568,-0.03504830350994248,0.36518677949385986,0.3796341606976508,leave_one_out_descriptive,intercept=1.09751602; log10_R_neck_Mohm=-0.403599821,log10_R_neck_Mohm:negative,ordinary_least_squares_descriptive
observed_Gamma_h_to_d,local_transfer,baseline_reference_targets,log10_R_in_d_linear,log10_R_in_d_Mohm,3,0.0,0.34021945635128564,0.3731513144480923,-1.25,0.5103291845269284,0.5597269716721385,leave_one_out_descriptive,intercept=0.108116004; log10_R_in_d_Mohm=0.233511957,log10_R_in_d_Mohm:positive,ordinary_least_squares_descriptive
observed_Gamma_h_to_d,local_transfer,exploratory_matched_baseline_comparisons,SMI_linear,SMI,27,0.5229803239076082,0.022108612867049023,0.027053673431234312,0.44705261105392247,0.02386544731619829,0.029127284817442117,leave_one_out_descriptive,intercept=1.05688512; SMI=-2.08175142,SMI:negative,ordinary_least_squares_descriptive
observed_Gamma_h_to_d,local_transfer,exploratory_matched_baseline_comparisons,Gamma_divider_linear,Gamma_divider,27,0.5225177665815123,0.022184732932492963,0.027066786981178925,0.4443653174504105,0.023982614755428896,0.029197977524233195,leave_one_out_descriptive,intercept=-1.2566578; Gamma_divider=2.31949583,Gamma_divider:positive,ordinary_least_squares_descriptive
observed_Gamma_h_to_d,local_transfer,exploratory_matched_baseline_comparisons,log10_R_neck_linear,log10_R_neck_Mohm,27,0.05522681755992587,0.03508017957725315,0.03807341874051445,-0.15644344522052478,0.03828791265476629,0.042123097192454564,leave_one_out_descriptive,intercept=1.07689612; log10_R_neck_Mohm=-0.0966576907,log10_R_neck_Mohm:negative,ordinary_least_squares_descriptive
observed_Gamma_h_to_d,local_transfer,exploratory_matched_baseline_comparisons,log10_R_in_d_linear,log10_R_in_d_Mohm,27,0.902357351879251,0.007286655134207367,0.012239900047002835,0.8776553107608656,0.008057358043040455,0.013700949254263892,leave_one_out_descriptive,intercept=-0.599884898; log10_R_in_d_Mohm=0.603575086,log10_R_in_d_Mohm:positive,ordinary_least_squares_descriptive
observed_Gamma_h_to_d,local_transfer,exploratory_matched_baseline_comparisons,component_pair_log10_OLS,log10_R_neck_Mohm;log10_R_in_d_Mohm,27,0.9575278841493987,0.0059102678802661415,0.00807253701716649,0.9324327937151098,0.0070750439612954396,0.01018183554034064,leave_one_out_descriptive,intercept=-0.479398371; log10_R_neck_Mohm=-0.0966084238; log10_R_in_d_Mohm=0.603556266,log10_R_neck_Mohm:negative; log10_R_in_d_Mohm:positive,ordinary_least_squares_descriptive
observed_Gamma_h_to_d,local_transfer,exploratory_matched_baseline_comparisons,component_pair_raw_OLS,R_neck_Mohm;R_in_d_Mohm,27,0.9581326298947571,0.005820137246919519,0.0080148599409614,0.9317199325897931,0.0070043337734935944,0.010235405838317373,leave_one_out_descriptive,intercept=0.718153796; R_neck_Mohm=-0.00215557053; R_in_d_Mohm=0.000724799782,R_neck_Mohm:negative; R_in_d_Mohm:positive,ordinary_least_squares_descriptive
observed_Gamma_h_to_d,local_transfer,exploratory_mechanistic_decomposition,SMI_linear,SMI,8,0.9993229600398701,0.00028700486058336194,0.0003681115711493922,0.9978821693802947,0.0004639740027238548,0.0006510553762985531,leave_one_out_descriptive,intercept=0.988350005; SMI=-1.45445751,SMI:negative,ordinary_least_squares_descriptive
observed_Gamma_h_to_d,local_transfer,exploratory_mechanistic_decomposition,Gamma_divider_linear,Gamma_divider,8,0.9993231058689938,0.0002869794207686627,0.0003680719248346087,0.9978826967523019,0.00046392687519790365,0.0006509743099104314,leave_one_out_descriptive,intercept=-0.654373924; Gamma_divider=1.64863292,Gamma_divider:positive,ordinary_least_squares_descriptive
observed_Gamma_h_to_d,local_transfer,exploratory_scenario_uncertainty,SMI_linear,SMI,72,0.997886410892012,0.0009452994746257582,0.0012974936010460283,0.9976642037582582,0.0009798537853586188,0.0013639938784785653,5_fold_seed_202608_descriptive,intercept=0.989190012; SMI=-1.45496796,SMI:negative,ordinary_least_squares_descriptive
observed_Gamma_h_to_d,local_transfer,exploratory_scenario_uncertainty,Gamma_divider_linear,Gamma_divider,72,0.9989706466384942,0.0006261791341491576,0.0009054765076272328,0.9988812519965604,0.000651210300820152,0.0009439762769872186,5_fold_seed_202608_descriptive,intercept=-0.659819341; Gamma_divider=1.65486324,Gamma_divider:positive,ordinary_least_squares_descriptive
observed_Gamma_h_to_d,local_transfer,exploratory_scenario_uncertainty,log10_R_neck_linear,log10_R_neck_Mohm,72,0.9800212433420186,0.003073313699825909,0.00398913902547872,0.9777785862648462,0.0031972971568857145,0.004207080153620815,5_fold_seed_202608_descriptive,intercept=1.15521182; log10_R_neck_Mohm=-0.20307244,log10_R_neck_Mohm:negative,ordinary_least_squares_descriptive
observed_Gamma_h_to_d,local_transfer,exploratory_scenario_uncertainty,log10_R_in_d_linear,log10_R_in_d_Mohm,72,0.039633613969445425,0.02289925309869162,0.02765753170957901,-0.0924626270141784,0.024050919361072603,0.029498384891410937,5_fold_seed_202608_descriptive,intercept=-658.297386; log10_R_in_d_Mohm=264.60533,log10_R_in_d_Mohm:positive,ordinary_least_squares_descriptive
observed_Gamma_h_to_d,local_transfer,exploratory_scenario_uncertainty,component_pair_log10_OLS,log10_R_neck_Mohm;log10_R_in_d_Mohm,72,0.98011509058145,0.0030556215761340854,0.0039797588031817,0.9766692842395751,0.0032403636309183493,0.0043108109257706285,5_fold_seed_202608_descriptive,intercept=-31.527261; log10_R_neck_Mohm=-0.202684721; log10_R_in_d_Mohm=13.1186803,log10_R_neck_Mohm:negative; log10_R_in_d_Mohm:positive,ordinary_least_squares_descriptive
observed_Gamma_h_to_d,local_transfer,exploratory_scenario_uncertainty,component_pair_raw_OLS,R_neck_Mohm;R_in_d_Mohm,72,0.9979310034238857,0.0009204516112820061,0.0012837333668766465,0.9976461625990539,0.0009543549579971553,0.0013692513354841207,5_fold_seed_202608_descriptive,intercept=4.74923094; R_neck_Mohm=-0.00470109398; R_in_d_Mohm=-0.012131731,R_neck_Mohm:negative; R_in_d_Mohm:negative,ordinary_least_squares_descriptive
observed_Gamma_h_to_d,local_transfer,exploratory_scenario_uncertainty,impedance_pair_OLS,log10_Zin_Mohm;transfer_gain,72,0.09106246033080811,0.02256109864290491,0.02690679462070294,-0.1382022301087209,0.02478046592057234,0.030109577373192097,5_fold_seed_202608_descriptive,intercept=183264997; log10_Zin_Mohm=-149070151; transfer_gain=1.74741769e+09,log10_Zin_Mohm:negative; transfer_gain:positive,ordinary_least_squares_descriptive
observed_Gamma_h_to_d,local_transfer,exploratory_scenario_uncertainty,dynamic_plus_transfer_gain_OLS,dynamic_SMI_abs;transfer_gain,72,0.9979303991457337,0.0009205379974977301,0.0012839208189495727,0.9976451126547965,0.0009545201039435516,0.001369556683103903,5_fold_seed_202608_descriptive,intercept=26.8691554; dynamic_SMI_abs=-0.780867471; transfer_gain=-306.124092,dynamic_SMI_abs:negative; transfer_gain:negative,ordinary_least_squares_descriptive
observed_Gamma_h_to_d,local_transfer,exploratory_scenario_uncertainty,synaptic_plus_components_OLS,log10_R_neck_Mohm;log10_R_in_d_Mohm;synaptic_conductance_scale,72,0.9811508077802927,0.0029125252939814017,0.003874728839707888,0.9772508173159047,0.003097959089514794,0.004256747039953161,5_fold_seed_202608_descriptive,intercept=-39.8286152; log10_R_neck_Mohm=-0.204067066; log10_R_in_d_Mohm=16.4498385; synaptic_conductance_scale=0.00389368123,log10_R_neck_Mohm:negative; log10_R_in_d_Mohm:positive; synaptic_conductance_scale:positive,ordinary_least_squares_descriptive
observed_Gamma_h_to_d,local_transfer,exploratory_scenarios,SMI_linear,SMI,27,0.5229803239076082,0.022108612867049023,0.027053673431234312,0.44705261105392247,0.02386544731619829,0.029127284817442117,leave_one_out_descriptive,intercept=1.05688512; SMI=-2.08175142,SMI:negative,ordinary_least_squares_descriptive
observed_Gamma_h_to_d,local_transfer,exploratory_scenarios,Gamma_divider_linear,Gamma_divider,27,0.5225177665815123,0.022184732932492963,0.027066786981178925,0.4443653174504105,0.023982614755428896,0.029197977524233195,leave_one_out_descriptive,intercept=-1.2566578; Gamma_divider=2.31949583,Gamma_divider:positive,ordinary_least_squares_descriptive
observed_Gamma_h_to_d,local_transfer,exploratory_scenarios,log10_R_neck_linear,log10_R_neck_Mohm,27,0.05522681755992587,0.03508017957725315,0.03807341874051445,-0.15644344522052478,0.03828791265476629,0.042123097192454564,leave_one_out_descriptive,intercept=1.07689612; log10_R_neck_Mohm=-0.0966576907,log10_R_neck_Mohm:negative,ordinary_least_squares_descriptive
observed_Gamma_h_to_d,local_transfer,exploratory_scenarios,log10_R_in_d_linear,log10_R_in_d_Mohm,27,0.902357351879251,0.007286655134207367,0.012239900047002835,0.8776553107608656,0.008057358043040455,0.013700949254263892,leave_one_out_descriptive,intercept=-0.599884898; log10_R_in_d_Mohm=0.603575086,log10_R_in_d_Mohm:positive,ordinary_least_squares_descriptive
observed_Gamma_h_to_d,local_transfer,exploratory_scenarios,component_pair_log10_OLS,log10_R_neck_Mohm;log10_R_in_d_Mohm,27,0.9575278841493987,0.0059102678802661415,0.00807253701716649,0.9324327937151098,0.0070750439612954396,0.01018183554034064,leave_one_out_descriptive,intercept=-0.479398371; log10_R_neck_Mohm=-0.0966084238; log10_R_in_d_Mohm=0.603556266,log10_R_neck_Mohm:negative; log10_R_in_d_Mohm:positive,ordinary_least_squares_descriptive
observed_Gamma_h_to_d,local_transfer,exploratory_scenarios,component_pair_raw_OLS,R_neck_Mohm;R_in_d_Mohm,27,0.9581326298947571,0.005820137246919519,0.0080148599409614,0.9317199325897931,0.0070043337734935944,0.010235405838317373,leave_one_out_descriptive,intercept=0.718153796; R_neck_Mohm=-0.00215557053; R_in_d_Mohm=0.000724799782,R_neck_Mohm:negative; R_in_d_Mohm:positive,ordinary_least_squares_descriptive
observed_Gamma_h_to_d,local_transfer,exploratory_scenarios,impedance_pair_OLS,log10_Zin_Mohm;transfer_gain,27,0.9073621091134675,0.007151072554170936,0.011922090826239257,0.8766429429888474,0.008298454126360388,0.013757518216314811,leave_one_out_descriptive,intercept=-840.767945; log10_Zin_Mohm=310.768581; transfer_gain=1793.78685,log10_Zin_Mohm:positive; transfer_gain:positive,ordinary_least_squares_descriptive
observed_Gamma_h_to_d,local_transfer,exploratory_scenarios,dynamic_plus_transfer_gain_OLS,dynamic_SMI_abs;transfer_gain,27,0.9775183581683115,0.004453951854711124,0.005873163741467948,0.9618169901164761,0.005394980391839018,0.007654083163864715,leave_one_out_descriptive,intercept=1.10599424; dynamic_SMI_abs=-0.535120546; transfer_gain=-1.70232736,dynamic_SMI_abs:negative; transfer_gain:negative,ordinary_least_squares_descriptive
observed_Gamma_h_to_d,local_transfer,exploratory_scenarios,synaptic_plus_components_OLS,log10_R_neck_Mohm;log10_R_in_d_Mohm;synaptic_conductance_scale,27,0.957619164362129,0.005938664476710613,0.00806385768461899,0.9262081348555709,0.00744928019116579,0.010640507459208831,leave_one_out_descriptive,intercept=-0.480642022; log10_R_neck_Mohm=-0.0974323762; log10_R_in_d_Mohm=0.603556728; synaptic_conductance_scale=0.00205295151,log10_R_neck_Mohm:negative; log10_R_in_d_Mohm:positive; synaptic_conductance_scale:positive,ordinary_least_squares_descriptive
observed_Gamma_h_to_d,local_transfer,fixed_load_geometry_sweep,SMI_linear,SMI,400,0.5755029179931965,0.1643162436415635,0.19407582512877472,0.5532942023941319,0.16593824325088724,0.19908790711942204,5_fold_seed_202608_descriptive,intercept=0.784113475; SMI=-0.422585066,SMI:negative,ordinary_least_squares_descriptive
observed_Gamma_h_to_d,local_transfer,fixed_load_geometry_sweep,Gamma_divider_linear,Gamma_divider,400,0.8867862826092356,0.08111415865482055,0.10022674171115005,0.8856356787369608,0.08115368900797287,0.10073476208842407,5_fold_seed_202608_descriptive,intercept=-0.667546942; Gamma_divider=1.5874289,Gamma_divider:positive,ordinary_least_squares_descriptive
observed_Gamma_h_to_d,local_transfer,fixed_load_geometry_sweep,log10_R_neck_linear,log10_R_neck_Mohm,400,0.9013730191733226,0.07823253487847029,0.09354745051367606,0.8998280504853066,0.07863373085975821,0.09427730289263751,5_fold_seed_202608_descriptive,intercept=1.24138436; log10_R_neck_Mohm=-0.475898573,log10_R_neck_Mohm:negative,ordinary_least_squares_descriptive
observed_Gamma_h_to_d,local_transfer,fixed_load_geometry_sweep,log10_R_in_d_linear,log10_R_in_d_Mohm,400,0.0,0.2601021556940293,0.2978750214663932,-0.005345056851701946,0.26032994576118595,0.2986700399896174,5_fold_seed_202608_descriptive,intercept=0.115720547; log10_R_in_d_Mohm=0.249936459,log10_R_in_d_Mohm:positive,ordinary_least_squares_descriptive
observed_Gamma_h_to_d,local_transfer,fixed_load_geometry_sweep,component_pair_log10_OLS,log10_R_neck_Mohm;log10_R_in_d_Mohm,400,0.9013730191733226,0.0782325348784698,0.09354745051367606,0.8998280504853067,0.07863373085975832,0.0942773028926375,5_fold_seed_202608_descriptive,intercept=0.219137836; log10_R_neck_Mohm=-0.475898573; log10_R_in_d_Mohm=0.473300001,log10_R_neck_Mohm:negative; log10_R_in_d_Mohm:positive,ordinary_least_squares_descriptive
observed_Gamma_h_to_d,local_transfer,fixed_load_geometry_sweep,component_pair_raw_OLS,R_neck_Mohm;R_in_d_Mohm,400,0.5755029179931965,0.16431624364156325,0.19407582512877472,0.5532942023941317,0.16593824325088724,0.19908790711942206,5_fold_seed_202608_descriptive,intercept=3.75579966e-05; R_neck_Mohm=-0.00292473348; R_in_d_Mohm=0.00542663069,R_neck_Mohm:negative; R_in_d_Mohm:positive,ordinary_least_squares_descriptive
observed_Gamma_h_to_d,local_transfer,global_uncertainty_N96,SMI_linear,SMI,192,0.8733366586490591,0.017541907478794704,0.02129097233047261,0.8702087322837111,0.017719105738602126,0.02155225726546449,5_fold_seed_202608_descriptive,intercept=0.961994366; SMI=-1.11558449,SMI:negative,ordinary_least_squares_descriptive
observed_Gamma_h_to_d,local_transfer,global_uncertainty_N96,Gamma_divider_linear,Gamma_divider,192,0.8792793573211822,0.017167033308948507,0.020785515253856402,0.8759900931828325,0.017334240166280754,0.02106678271440791,5_fold_seed_202608_descriptive,intercept=-0.41685264; Gamma_divider=1.39065994,Gamma_divider:positive,ordinary_least_squares_descriptive
observed_Gamma_h_to_d,local_transfer,global_uncertainty_N96,log10_R_neck_linear,log10_R_neck_Mohm,192,0.9447432997711765,0.010799683406199315,0.014062498806479867,0.9421684830380492,0.01096719788716618,0.014386406168307475,5_fold_seed_202608_descriptive,intercept=1.22426584; log10_R_neck_Mohm=-0.261086264,log10_R_neck_Mohm:negative,ordinary_least_squares_descriptive
observed_Gamma_h_to_d,local_transfer,global_uncertainty_N96,log10_R_in_d_linear,log10_R_in_d_Mohm,192,0.001759711097516936,0.04641933307765398,0.0597705940609001,-0.023402091664829205,0.047125046984537795,0.06051919957977821,5_fold_seed_202608_descriptive,intercept=0.784514132; log10_R_in_d_Mohm=0.0310990176,log10_R_in_d_Mohm:positive,ordinary_least_squares_descriptive
observed_Gamma_h_to_d,local_transfer,global_uncertainty_N96,component_pair_log10_OLS,log10_R_neck_Mohm;log10_R_in_d_Mohm,192,0.9447561533202048,0.010786933811080965,0.014060863135784567,0.9418238698352509,0.010995842855960732,0.014429206201852257,5_fold_seed_202608_descriptive,intercept=1.21756376; log10_R_neck_Mohm=-0.261048221; log10_R_in_d_Mohm=0.00265996615,log10_R_neck_Mohm:negative; log10_R_in_d_Mohm:positive,ordinary_least_squares_descriptive
observed_Gamma_h_to_d,local_transfer,global_uncertainty_N96,component_pair_raw_OLS,R_neck_Mohm;R_in_d_Mohm,192,0.9897229419515168,0.004427899222396376,0.0060646316784337745,0.988896987933705,0.004486274970955929,0.006303625899430781,5_fold_seed_202608_descriptive,intercept=0.977742962; R_neck_Mohm=-0.00415090728; R_in_d_Mohm=-1.85640951e-06,R_neck_Mohm:negative; R_in_d_Mohm:negative,ordinary_least_squares_descriptive
observed_Gamma_h_to_d,local_transfer,global_uncertainty_N96,impedance_pair_OLS,log10_Zin_Mohm;transfer_gain,192,0.005998802742993803,0.04588265652007905,0.0596435492037503,-0.03749454725359769,0.04709505215562052,0.06093445578920526,5_fold_seed_202608_descriptive,intercept=-1.2354585; log10_Zin_Mohm=0.936692594; transfer_gain=0.216396679,log10_Zin_Mohm:positive; transfer_gain:positive,ordinary_least_squares_descriptive
observed_Gamma_h_to_d,local_transfer,global_uncertainty_N96,dynamic_plus_transfer_gain_OLS,dynamic_SMI_abs;transfer_gain,192,0.9899994814029582,0.004504667157690367,0.005982480424639677,0.9891838453837453,0.004552976314084561,0.006221662787373449,5_fold_seed_202608_descriptive,intercept=0.966867567; dynamic_SMI_abs=-0.686607867; transfer_gain=0.117097233,dynamic_SMI_abs:negative; transfer_gain:positive,ordinary_least_squares_descriptive
observed_Gamma_h_to_d,local_transfer,global_uncertainty_N96,synaptic_plus_components_OLS,log10_R_neck_Mohm;log10_R_in_d_Mohm;synaptic_conductance_scale,192,0.945044836483815,0.010788180258334898,0.01402407667477283,0.9419906843402989,0.011017907388272068,0.014408504164576905,5_fold_seed_202608_descriptive,intercept=1.21486275; log10_R_neck_Mohm=-0.260925705; log10_R_in_d_Mohm=0.00263851215; synaptic_conductance_scale=0.0023890681,log10_R_neck_Mohm:negative; log10_R_in_d_Mohm:positive; synaptic_conductance_scale:positive,ordinary_least_squares_descriptive
observed_Gamma_h_to_d,local_transfer,matched_neck_heterogeneous_load,SMI_linear,SMI,30,0.9676687676649646,0.0035805601880033165,0.004313657656346617,0.9483821263208898,0.004138036722293678,0.005450478129477713,5_fold_seed_202608_descriptive,intercept=0.206250328; SMI=-0.030203644,SMI:negative,ordinary_least_squares_descriptive
observed_Gamma_h_to_d,local_transfer,matched_neck_heterogeneous_load,Gamma_divider_linear,Gamma_divider,30,0.9885149236434085,0.002074532701547779,0.002570996524397446,0.9837682555214992,0.0023803583410513126,0.0030564489384817916,5_fold_seed_202608_descriptive,intercept=0.0847290841; Gamma_divider=0.164779327,Gamma_divider:positive,ordinary_least_squares_descriptive
observed_Gamma_h_to_d,local_transfer,matched_neck_heterogeneous_load,log10_R_neck_linear,log10_R_neck_Mohm,30,0.0,0.019657995633757676,0.02399023742604503,-0.12583062642718312,0.021121248515034642,0.025454881258699547,5_fold_seed_202608_descriptive,intercept=0.0352054454; log10_R_neck_Mohm=0.0704108907,log10_R_neck_Mohm:positive,ordinary_least_squares_descriptive
observed_Gamma_h_to_d,local_transfer,matched_neck_heterogeneous_load,log10_R_in_d_linear,log10_R_in_d_Mohm,30,0.9918373440792227,0.0018595864958973812,0.0021674560061953453,0.9889143761928589,0.00209651149227865,0.0025258910520432306,5_fold_seed_202608_descriptive,intercept=-0.0116719162; log10_R_in_d_Mohm=0.0895778188,log10_R_in_d_Mohm:positive,ordinary_least_squares_descriptive
observed_Gamma_h_to_d,local_transfer,matched_neck_heterogeneous_load,component_pair_log10_OLS,log10_R_neck_Mohm;log10_R_in_d_Mohm,30,0.9918373440792227,0.0018595864958973808,0.0021674560061953445,0.9889143761928589,0.002096511492278645,0.0025258910520432223,5_fold_seed_202608_descriptive,intercept=-0.00233438323; log10_R_neck_Mohm=-0.00466876646; log10_R_in_d_Mohm=0.0895778188,log10_R_neck_Mohm:negative; log10_R_in_d_Mohm:positive,ordinary_least_squares_descriptive
observed_Gamma_h_to_d,local_transfer,matched_neck_heterogeneous_load,component_pair_raw_OLS,R_neck_Mohm;R_in_d_Mohm,30,0.8976672837941804,0.006251221768268132,0.007674353445964331,0.8686236784004087,0.007013020947718561,0.008695470680296326,5_fold_seed_202608_descriptive,intercept=1.25736205e-05; R_neck_Mohm=0.00125736205; R_in_d_Mohm=0.000346761088,R_neck_Mohm:positive; R_in_d_Mohm:positive,ordinary_least_squares_descriptive
observed_Gamma_h_to_d,local_transfer,passive_morphology_challenge,SMI_linear,SMI,24,0.7292721576026331,0.057905250910248125,0.08544157569836497,0.6802020864040059,0.0632285071371576,0.09286254908140361,leave_one_out_descriptive,intercept=0.836880844; SMI=-0.591286779,SMI:negative,ordinary_least_squares_descriptive
observed_Gamma_h_to_d,local_transfer,passive_morphology_challenge,Gamma_divider_linear,Gamma_divider,24,0.7778203314108061,0.051337294297877596,0.07740249236165546,0.733908329148083,0.05623950474968381,0.084706829767722,leave_one_out_descriptive,intercept=-0.378729595; Gamma_divider=1.33969301,Gamma_divider:positive,ordinary_least_squares_descriptive
observed_Gamma_h_to_d,local_transfer,passive_morphology_challenge,log10_R_neck_linear,log10_R_neck_Mohm,24,0.28731491902822703,0.10178103718977798,0.1386282119493937,0.17322434525563102,0.11069199399147818,0.14931265840491378,leave_one_out_descriptive,intercept=1.39502249; log10_R_neck_Mohm=-0.379847107,log10_R_neck_Mohm:negative,ordinary_least_squares_descriptive
observed_Gamma_h_to_d,local_transfer,passive_morphology_challenge,log10_R_in_d_linear,log10_R_in_d_Mohm,24,0.33422321063556903,0.11700765636515002,0.13398837286233395,0.14441899009778836,0.12983038536289235,0.15189145984769423,leave_one_out_descriptive,intercept=-1.10280435; log10_R_in_d_Mohm=0.658574324,log10_R_in_d_Mohm:positive,ordinary_least_squares_descriptive
observed_Gamma_h_to_d,local_transfer,passive_morphology_challenge,component_pair_log10_OLS,log10_R_neck_Mohm;log10_R_in_d_Mohm,24,0.8931746108348195,0.03684621293468272,0.0536710423326678,0.8315754906667574,0.04398354535455832,0.06739154814819209,leave_one_out_descriptive,intercept=-0.618140497; log10_R_neck_Mohm=-0.55623587; log10_R_in_d_Mohm=0.930925131,log10_R_neck_Mohm:negative; log10_R_in_d_Mohm:positive,ordinary_least_squares_descriptive
observed_Gamma_h_to_d,local_transfer,passive_morphology_challenge,component_pair_raw_OLS,R_neck_Mohm;R_in_d_Mohm,24,0.7824258258563184,0.05312878155282402,0.0765960651279548,0.676566169833431,0.06249091568695064,0.09338895371030821,leave_one_out_descriptive,intercept=0.354591418; R_neck_Mohm=-0.00113081315; R_in_d_Mohm=0.00106568913,R_neck_Mohm:negative; R_in_d_Mohm:positive,ordinary_least_squares_descriptive
observed_Gamma_h_to_d,local_transfer,passive_morphology_challenge,impedance_pair_OLS,log10_Zin_Mohm;transfer_gain,24,0.4563928453998649,0.10324054204127316,0.1210724608945055,-1.3323349325618215,0.15662268491214779,0.2507830883714915,leave_one_out_descriptive,intercept=0.0392127593; log10_Zin_Mohm=0.251838557; transfer_gain=-0.367853072,log10_Zin_Mohm:positive; transfer_gain:negative,ordinary_least_squares_descriptive
observed_Gamma_h_to_d,local_transfer,progressive_uncertainty_N192,SMI_linear,SMI,384,0.862942977615724,0.01842110435683682,0.023108687140434108,0.8603495959377622,0.018536631365521385,0.023326292921144715,5_fold_seed_202608_descriptive,intercept=0.964326557; SMI=-1.14719396,SMI:negative,ordinary_least_squares_descriptive
observed_Gamma_h_to_d,local_transfer,progressive_uncertainty_N192,Gamma_divider_linear,Gamma_divider,384,0.8731555758289171,0.01781274392229974,0.022231067499853888,0.8710806792953629,0.017932169546259074,0.022412155701466114,5_fold_seed_202608_descriptive,intercept=-0.458981359; Gamma_divider=1.43590565,Gamma_divider:positive,ordinary_least_squares_descriptive
observed_Gamma_h_to_d,local_transfer,progressive_uncertainty_N192,log10_R_neck_linear,log10_R_neck_Mohm,384,0.9417646660676429,0.011059583106498592,0.015063223215269365,0.9410372769478111,0.01111101566564463,0.015157004961455169,5_fold_seed_202608_descriptive,intercept=1.21852528; log10_R_neck_Mohm=-0.257628421,log10_R_neck_Mohm:negative,ordinary_least_squares_descriptive
observed_Gamma_h_to_d,local_transfer,progressive_uncertainty_N192,log10_R_in_d_linear,log10_R_in_d_Mohm,384,0.002616723994734671,0.049060553581037676,0.06233840233116149,-0.0017363575814517418,0.04910589483549807,0.0624742922689745,5_fold_seed_202608_descriptive,intercept=0.960354221; log10_R_in_d_Mohm=-0.0395933571,log10_R_in_d_Mohm:negative,ordinary_least_squares_descriptive
observed_Gamma_h_to_d,local_transfer,progressive_uncertainty_N192,component_pair_log10_OLS,log10_R_neck_Mohm;log10_R_in_d_Mohm,384,0.941797266038158,0.01105520691963134,0.015059006450786892,0.9409876889427815,0.011116679881695624,0.015163377188173715,5_fold_seed_202608_descriptive,intercept=1.22948634; log10_R_neck_Mohm=-0.257557353; log10_R_in_d_Mohm=-0.00442413943,log10_R_neck_Mohm:negative; log10_R_in_d_Mohm:negative,ordinary_least_squares_descriptive
observed_Gamma_h_to_d,local_transfer,progressive_uncertainty_N192,component_pair_raw_OLS,R_neck_Mohm;R_in_d_Mohm,384,0.9875677640291542,0.005364755182913151,0.006959839892947786,0.9874335109813918,0.00538802285093985,0.006997317893976929,5_fold_seed_202608_descriptive,intercept=0.975321731; R_neck_Mohm=-0.00408608163; R_in_d_Mohm=1.88647373e-06,R_neck_Mohm:negative; R_in_d_Mohm:positive,ordinary_least_squares_descriptive
observed_Gamma_h_to_d,local_transfer,progressive_uncertainty_N192,impedance_pair_OLS,log10_Zin_Mohm;transfer_gain,384,0.005163318451110621,0.048940493022972174,0.06225876790339393,-0.012761056797807369,0.04919645667156893,0.06281713476415138,5_fold_seed_202608_descriptive,intercept=2.37286376; log10_Zin_Mohm=-0.700969001; transfer_gain=0.521145074,log10_Zin_Mohm:negative; transfer_gain:positive,ordinary_least_squares_descriptive
observed_Gamma_h_to_d,local_transfer,progressive_uncertainty_N192,dynamic_plus_transfer_gain_OLS,dynamic_SMI_abs;transfer_gain,384,0.9876042334065706,0.005357677569703391,0.006949624214733017,0.9874214868741505,0.0053796411268977615,0.007000664747023348,5_fold_seed_202608_descriptive,intercept=0.974054512; dynamic_SMI_abs=-0.677324062; transfer_gain=0.0211977549,dynamic_SMI_abs:negative; transfer_gain:positive,ordinary_least_squares_descriptive
observed_Gamma_h_to_d,local_transfer,progressive_uncertainty_N192,synaptic_plus_components_OLS,log10_R_neck_Mohm;log10_R_in_d_Mohm;synaptic_conductance_scale,384,0.9418406891965209,0.011042561064740572,0.015053387886262082,0.9408559411743634,0.011125988379450271,0.015180294228877272,5_fold_seed_202608_descriptive,intercept=1.23012895; log10_R_neck_Mohm=-0.257545469; log10_R_in_d_Mohm=-0.00426989663; synaptic_conductance_scale=-0.000965486505,log10_R_neck_Mohm:negative; log10_R_in_d_Mohm:negative; synaptic_conductance_scale:negative,ordinary_least_squares_descriptive
observed_Gamma_h_to_d,local_transfer,progressive_uncertainty_N384,SMI_linear,SMI,768,0.8586290078983649,0.01717627315294355,0.021556178695623273,0.8566029046460502,0.017301449941567227,0.02171009877796993,5_fold_seed_202608_descriptive,intercept=0.960321511; SMI=-1.09373367,SMI:negative,ordinary_least_squares_descriptive
observed_Gamma_h_to_d,local_transfer,progressive_uncertainty_N384,Gamma_divider_linear,Gamma_divider,768,0.8712568044890135,0.016565095247131397,0.020570922333553777,0.8694515290018712,0.016669920680179372,0.020714646057556428,5_fold_seed_202608_descriptive,intercept=-0.392994085; Gamma_divider=1.36516273,Gamma_divider:positive,ordinary_least_squares_descriptive
observed_Gamma_h_to_d,local_transfer,progressive_uncertainty_N384,log10_R_neck_linear,log10_R_neck_Mohm,768,0.9513061769802544,0.009390142256842385,0.0126511078687025,0.9508507932925041,0.009413893014058958,0.012710126661777942,5_fold_seed_202608_descriptive,intercept=1.21982856; log10_R_neck_Mohm=-0.257405343,log10_R_neck_Mohm:negative,ordinary_least_squares_descriptive
observed_Gamma_h_to_d,local_transfer,progressive_uncertainty_N384,log10_R_in_d_linear,log10_R_in_d_Mohm,768,0.007107846007033403,0.04692485714139286,0.05712716360993322,-0.005326527970344275,0.04720163301445592,0.05748376345009197,5_fold_seed_202608_descriptive,intercept=0.713073677; log10_R_in_d_Mohm=0.0599574052,log10_R_in_d_Mohm:positive,ordinary_least_squares_descriptive
observed_Gamma_h_to_d,local_transfer,progressive_uncertainty_N384,component_pair_log10_OLS,log10_R_neck_Mohm;log10_R_in_d_Mohm,768,0.9513217396560374,0.009384065940523477,0.0126490860432264,0.9508152236263905,0.009407425560294842,0.012714725039099976,5_fold_seed_202608_descriptive,intercept=1.22700186; log10_R_neck_Mohm=-0.257499917; log10_R_in_d_Mohm=-0.00281708831,log10_R_neck_Mohm:negative; log10_R_in_d_Mohm:negative,ordinary_least_squares_descriptive
observed_Gamma_h_to_d,local_transfer,progressive_uncertainty_N384,component_pair_raw_OLS,R_neck_Mohm;R_in_d_Mohm,768,0.9909100652000288,0.00397363844152899,0.005466029941597353,0.9907828541743278,0.003991184528236634,0.005504144812483973,5_fold_seed_202608_descriptive,intercept=0.978728197; R_neck_Mohm=-0.00421758123; R_in_d_Mohm=2.07985176e-07,R_neck_Mohm:negative; R_in_d_Mohm:positive,ordinary_least_squares_descriptive
observed_Gamma_h_to_d,local_transfer,progressive_uncertainty_N384,impedance_pair_OLS,log10_Zin_Mohm;transfer_gain,768,0.005216676933364028,0.04702903554554901,0.05718154299484811,-0.002752004493345339,0.04713469732601063,0.057410111674117616,5_fold_seed_202608_descriptive,intercept=1.77050689; log10_Zin_Mohm=-0.427841188; transfer_gain=0.494242774,log10_Zin_Mohm:negative; transfer_gain:positive,ordinary_least_squares_descriptive
observed_Gamma_h_to_d,local_transfer,progressive_uncertainty_N384,dynamic_plus_transfer_gain_OLS,dynamic_SMI_abs;transfer_gain,768,0.9908475090715316,0.004004452425694738,0.005484806060743853,0.990705990906607,0.004021566775845613,0.005527047141346393,5_fold_seed_202608_descriptive,intercept=0.977781427; dynamic_SMI_abs=-0.698497819; transfer_gain=0.0098801271,dynamic_SMI_abs:negative; transfer_gain:positive,ordinary_least_squares_descriptive
observed_Gamma_h_to_d,local_transfer,progressive_uncertainty_N384,synaptic_plus_components_OLS,log10_R_neck_Mohm;log10_R_in_d_Mohm;synaptic_conductance_scale,768,0.9515716234628943,0.009376042045102544,0.012616578014053931,0.9509777498165611,0.009412045610769942,0.012693700385596094,5_fold_seed_202608_descriptive,intercept=1.22369424; log10_R_neck_Mohm=-0.257265283; log10_R_in_d_Mohm=-0.00254592095; synaptic_conductance_scale=0.00212985167,log10_R_neck_Mohm:negative; log10_R_in_d_Mohm:negative; synaptic_conductance_scale:positive,ordinary_least_squares_descriptive
observed_Gamma_h_to_d,local_transfer,progressive_uncertainty_N768,SMI_linear,SMI,1536,0.8550391426088786,0.017729377382558992,0.022499658534063733,0.8549271198599298,0.017735517474673477,0.022508350490259205,5_fold_seed_202608_descriptive,intercept=0.96106066; SMI=-1.10507107,SMI:negative,ordinary_least_squares_descriptive
observed_Gamma_h_to_d,local_transfer,progressive_uncertainty_N768,Gamma_divider_linear,Gamma_divider,1536,0.8688662254588994,0.017064608265333816,0.021399707319669475,0.8687492088205496,0.017074772215789537,0.02140925315724872,5_fold_seed_202608_descriptive,intercept=-0.413983695; Gamma_divider=1.38760772,Gamma_divider:positive,ordinary_least_squares_descriptive
observed_Gamma_h_to_d,local_transfer,progressive_uncertainty_N768,log10_R_neck_linear,log10_R_neck_Mohm,1536,0.9508156961938905,0.009576935367926908,0.01310580846863738,0.9506175139250002,0.009591230918824458,0.01313218606777609,5_fold_seed_202608_descriptive,intercept=1.22433345; log10_R_neck_Mohm=-0.260895823,log10_R_neck_Mohm:negative,ordinary_least_squares_descriptive
observed_Gamma_h_to_d,local_transfer,progressive_uncertainty_N768,log10_R_in_d_linear,log10_R_in_d_Mohm,1536,0.0005721540026568661,0.04765859237784317,0.05907806677517282,-0.0013124718526695833,0.04771319669220536,0.05913374243669599,5_fold_seed_202608_descriptive,intercept=0.818779614; log10_R_in_d_Mohm=0.0175324971,log10_R_in_d_Mohm:positive,ordinary_least_squares_descriptive
observed_Gamma_h_to_d,local_transfer,progressive_uncertainty_N768,component_pair_log10_OLS,log10_R_neck_Mohm;log10_R_in_d_Mohm,1536,0.9508288539480428,0.009574736133022739,0.01310405532254243,0.9505215505154523,0.009603949219376282,0.01314493955401164,5_fold_seed_202608_descriptive,intercept=1.23102045; log10_R_neck_Mohm=-0.260923251; log10_R_in_d_Mohm=-0.0026598157,log10_R_neck_Mohm:negative; log10_R_in_d_Mohm:negative,ordinary_least_squares_descriptive
observed_Gamma_h_to_d,local_transfer,progressive_uncertainty_N768,component_pair_raw_OLS,R_neck_Mohm;R_in_d_Mohm,1536,0.9895065256366649,0.00454153333985257,0.006053550998328865,0.9894370497616682,0.004546889083424792,0.006073557808711865,5_fold_seed_202608_descriptive,intercept=0.977453529; R_neck_Mohm=-0.00415501897; R_in_d_Mohm=-1.736368e-07,R_neck_Mohm:negative; R_in_d_Mohm:negative,ordinary_least_squares_descriptive
observed_Gamma_h_to_d,local_transfer,progressive_uncertainty_N768,impedance_pair_OLS,log10_Zin_Mohm;transfer_gain,1536,0.0038815571684455152,0.047658088987486025,0.058980173134787865,0.0010861969969703233,0.04773961022172097,0.0590628717951631,5_fold_seed_202608_descriptive,intercept=2.52381498; log10_Zin_Mohm=-0.76563088; transfer_gain=0.448621716,log10_Zin_Mohm:negative; transfer_gain:positive,ordinary_least_squares_descriptive
observed_Gamma_h_to_d,local_transfer,progressive_uncertainty_N768,dynamic_plus_transfer_gain_OLS,dynamic_SMI_abs;transfer_gain,1536,0.9899206753266887,0.0045110622493527005,0.005932889640884765,0.9898423011243038,0.004517663995513327,0.005955911276968469,5_fold_seed_202608_descriptive,intercept=0.976149356; dynamic_SMI_abs=-0.689419841; transfer_gain=0.0151369917,dynamic_SMI_abs:negative; transfer_gain:positive,ordinary_least_squares_descriptive
observed_Gamma_h_to_d,local_transfer,progressive_uncertainty_N768,synaptic_plus_components_OLS,log10_R_neck_Mohm;log10_R_in_d_Mohm;synaptic_conductance_scale,1536,0.9508997058511749,0.009574439027971744,0.013094610942762047,0.9505505445133959,0.009611176109427464,0.013141087571939306,5_fold_seed_202608_descriptive,intercept=1.22833959; log10_R_neck_Mohm=-0.260982128; log10_R_in_d_Mohm=-0.00206231846; synaptic_conductance_scale=0.00117269052,log10_R_neck_Mohm:negative; log10_R_in_d_Mohm:negative; synaptic_conductance_scale:positive,ordinary_least_squares_descriptive
observed_Gamma_h_to_d,local_transfer,progressive_uncertainty_N96,SMI_linear,SMI,192,0.8712806129388257,0.01766959165374471,0.021014231479738806,0.8687746796246218,0.01779892882663257,0.02121779998969998,5_fold_seed_202608_descriptive,intercept=0.953336465; SMI=-1.00234361,SMI:negative,ordinary_least_squares_descriptive
observed_Gamma_h_to_d,local_transfer,progressive_uncertainty_N96,Gamma_divider_linear,Gamma_divider,192,0.8909042852261151,0.016445224666284983,0.01934618677803154,0.8899517077490612,0.01654120798217004,0.019430464554276546,5_fold_seed_202608_descriptive,intercept=-0.324580722; Gamma_divider=1.29163996,Gamma_divider:positive,ordinary_least_squares_descriptive
observed_Gamma_h_to_d,local_transfer,progressive_uncertainty_N96,log10_R_neck_linear,log10_R_neck_Mohm,192,0.9416469278891183,0.010521646291160203,0.01414892332093854,0.9384166403663903,0.010656633232258622,0.014535273876479678,5_fold_seed_202608_descriptive,intercept=1.21474076; log10_R_neck_Mohm=-0.253998818,log10_R_neck_Mohm:negative,ordinary_least_squares_descriptive
observed_Gamma_h_to_d,local_transfer,progressive_uncertainty_N96,log10_R_in_d_linear,log10_R_in_d_Mohm,192,0.03133597591077841,0.046172986458358795,0.05764718641752641,0.010421794830886677,0.04662209775768309,0.05826618603829025,5_fold_seed_202608_descriptive,intercept=0.540909542; log10_R_in_d_Mohm=0.12871021,log10_R_in_d_Mohm:positive,ordinary_least_squares_descriptive
observed_Gamma_h_to_d,local_transfer,progressive_uncertainty_N96,component_pair_log10_OLS,log10_R_neck_Mohm;log10_R_in_d_Mohm,192,0.9433340190427411,0.01014053603702735,0.013942887910369335,0.938960403879752,0.010418706400452104,0.014470960431582067,5_fold_seed_202608_descriptive,intercept=1.13722304; log10_R_neck_Mohm=-0.252472982; log10_R_in_d_Mohm=0.0301641414,log10_R_neck_Mohm:negative; log10_R_in_d_Mohm:positive,ordinary_least_squares_descriptive
observed_Gamma_h_to_d,local_transfer,progressive_uncertainty_N96,component_pair_raw_OLS,R_neck_Mohm;R_in_d_Mohm,192,0.9849896063142476,0.005074140339081068,0.007176084959177392,0.9832287111218991,0.005187941289100784,0.0075853347258473085,5_fold_seed_202608_descriptive,intercept=0.97908332; R_neck_Mohm=-0.00413148508; R_in_d_Mohm=-7.11638945e-06,R_neck_Mohm:negative; R_in_d_Mohm:negative,ordinary_least_squares_descriptive
observed_Gamma_h_to_d,local_transfer,progressive_uncertainty_N96,impedance_pair_OLS,log10_Zin_Mohm;transfer_gain,192,0.0006865474451397402,0.046135962189748414,0.058552089400133546,-0.026584968201689207,0.04674170887772661,0.059345662271042786,5_fold_seed_202608_descriptive,intercept=-0.201151196; log10_Zin_Mohm=0.480032791; transfer_gain=-0.0209250861,log10_Zin_Mohm:positive; transfer_gain:negative,ordinary_least_squares_descriptive
observed_Gamma_h_to_d,local_transfer,progressive_uncertainty_N96,dynamic_plus_transfer_gain_OLS,dynamic_SMI_abs;transfer_gain,192,0.9857624215899585,0.004924097162099294,0.0069889123640761806,0.9841039560981207,0.0050447562670238215,0.007384754414575007,5_fold_seed_202608_descriptive,intercept=0.968300702; dynamic_SMI_abs=-0.685254798; transfer_gain=0.0993956177,dynamic_SMI_abs:negative; transfer_gain:positive,ordinary_least_squares_descriptive
observed_Gamma_h_to_d,local_transfer,progressive_uncertainty_N96,synaptic_plus_components_OLS,log10_R_neck_Mohm;log10_R_in_d_Mohm;synaptic_conductance_scale,192,0.9437228794272146,0.010142454149421942,0.013894965238633719,0.9389606823562479,0.010446841766270467,0.014470927421640946,5_fold_seed_202608_descriptive,intercept=1.14209943; log10_R_neck_Mohm=-0.252630573; log10_R_in_d_Mohm=0.0271026723; synaptic_conductance_scale=0.00276698651,log10_R_neck_Mohm:negative; log10_R_in_d_Mohm:positive; synaptic_conductance_scale:positive,ordinary_least_squares_descriptive
observed_Gamma_h_to_d,local_transfer,spatial_convergence,SMI_linear,SMI,4,0.9997810389603456,3.151455892222432e-05,3.6014897205224494e-05,0.997606117415455,9.428313362658258e-05,0.00011908311292661455,leave_one_out_descriptive,intercept=1.01939068; SMI=-1.97351659,SMI:negative,ordinary_least_squares_descriptive
observed_Gamma_h_to_d,local_transfer,spatial_convergence,Gamma_divider_linear,Gamma_divider,4,0.9997569946435936,3.3181870982668116e-05,3.794081708979838e-05,0.9973498814180588,9.919793008966726e-05,0.00012529432763706353,leave_one_out_descriptive,intercept=-1.12701747; Gamma_divider=2.15019137,Gamma_divider:positive,ordinary_least_squares_descriptive
observed_Gamma_h_to_d,local_transfer,spatial_convergence,log10_R_in_d_linear,log10_R_in_d_Mohm,4,0.9994095286636454,5.1644879041023994e-05,5.9142294075061866e-05,0.9937447383212257,0.00015279059710554543,0.00019249590605646664,leave_one_out_descriptive,intercept=0.420002103; log10_R_in_d_Mohm=0.198950955,log10_R_in_d_Mohm:positive,ordinary_least_squares_descriptive
observed_Gamma_h_to_d,local_transfer,timestep_convergence_intermediate,SMI_linear,SMI,4,0.0,0.00028119169494927876,0.000335141684581643,-0.7777777777777026,0.0003749222599323254,0.0004468555794421812,leave_one_out_descriptive,intercept=0.741550117; SMI=0.0850866761,SMI:positive,ordinary_least_squares_descriptive
observed_Gamma_h_to_d,local_transfer,timestep_convergence_intermediate,Gamma_divider_linear,Gamma_divider,4,0.0,0.00028119169494927876,0.000335141684581643,-0.777777777777682,0.00037492225993229766,0.0004468555794421786,leave_one_out_descriptive,intercept=0.416301636; Gamma_divider=0.37345123,Gamma_divider:positive,ordinary_least_squares_descriptive
residual,divider_residual,all_nonexploratory,SMI_linear,SMI,3584,0.27420162718121144,0.03378591840699772,0.06255462857509474,0.27039645206609153,0.03381644452762638,0.06271839316573832,5_fold_seed_202608_descriptive,intercept=-0.053531487; SMI=-0.165706239,SMI:negative,ordinary_least_squares_descriptive
residual,divider_residual,all_nonexploratory,Gamma_divider_linear,Gamma_divider,3584,0.5006500722338901,0.029340078084744457,0.05188644910117331,0.498718197880356,0.029382226228776367,0.05198672080652082,5_fold_seed_202608_descriptive,intercept=-0.604386331; Gamma_divider=0.586497494,Gamma_divider:positive,ordinary_least_squares_descriptive
residual,divider_residual,all_nonexploratory,log10_R_neck_linear,log10_R_neck_Mohm,3576,0.29150265653144525,0.03344480262685267,0.06182526113737991,0.288698532254002,0.03350767084769634,0.06194748778874263,5_fold_seed_202608_descriptive,intercept=0.0981506935; log10_R_neck_Mohm=-0.124423901,log10_R_neck_Mohm:negative,ordinary_least_squares_descriptive
residual,divider_residual,all_nonexploratory,log10_R_in_d_linear,log10_R_in_d_Mohm,3580,0.1459756794200353,0.04456638886120809,0.06785815369950278,0.14333571897179065,0.044602218938563615,0.06796295435300534,5_fold_seed_202608_descriptive,intercept=-0.568771309; log10_R_in_d_Mohm=0.200844495,log10_R_in_d_Mohm:positive,ordinary_least_squares_descriptive
residual,divider_residual,all_nonexploratory,component_pair_log10_OLS,log10_R_neck_Mohm;log10_R_in_d_Mohm,3576,0.48980441591458257,0.03639872910337561,0.05246445840680394,0.4865757987500614,0.03645952167893752,0.0526301992729211,5_fold_seed_202608_descriptive,intercept=-0.46533267; log10_R_neck_Mohm=-0.136057117; log10_R_in_d_Mohm=0.235630159,log10_R_neck_Mohm:negative; log10_R_in_d_Mohm:positive,ordinary_least_squares_descriptive
residual,divider_residual,all_nonexploratory,component_pair_raw_OLS,R_neck_Mohm;R_in_d_Mohm,3576,0.2809927156094346,0.03909072806622089,0.06228213498993468,0.27036011692358575,0.03921187512357764,0.06274095556459276,5_fold_seed_202608_descriptive,intercept=-0.128026124; R_neck_Mohm=-0.000790739811; R_in_d_Mohm=0.000263083313,R_neck_Mohm:negative; R_in_d_Mohm:positive,ordinary_least_squares_descriptive
residual,divider_residual,all_nonexploratory,impedance_pair_OLS,log10_Zin_Mohm;transfer_gain,3143,0.0251136028616451,0.022014785957374605,0.028478922664476675,-0.0395085179433361,0.022122859127547616,0.02940766735043489,5_fold_seed_202608_descriptive,intercept=-0.107922555; log10_Zin_Mohm=0.031729871; transfer_gain=-0.249704999,log10_Zin_Mohm:positive; transfer_gain:negative,ordinary_least_squares_descriptive
residual,divider_residual,all_nonexploratory,dynamic_plus_transfer_gain_OLS,dynamic_SMI_abs;transfer_gain,3072,0.684725342248423,0.011594827585726773,0.014654219849705353,0.6833936100357015,0.011611823527013393,0.014685137227627872,5_fold_seed_202608_descriptive,intercept=-0.0156308079; dynamic_SMI_abs=-0.253216229; transfer_gain=0.00560446611,dynamic_SMI_abs:negative; transfer_gain:positive,ordinary_least_squares_descriptive
residual,divider_residual,all_nonexploratory,synaptic_plus_components_OLS,log10_R_neck_Mohm;log10_R_in_d_Mohm;synaptic_conductance_scale,3072,0.9281254069145248,0.005016955536597808,0.006996903283019219,0.9277767787820363,0.0050276993163615195,0.007013852015468511,5_fold_seed_202608_descriptive,intercept=0.481500456; log10_R_neck_Mohm=-0.0990933616; log10_R_in_d_Mohm=-0.161564533; synaptic_conductance_scale=0.00222916815,log10_R_neck_Mohm:negative; log10_R_in_d_Mohm:negative; synaptic_conductance_scale:positive,ordinary_least_squares_descriptive
residual,divider_residual,active_nonlinear_challenge,SMI_linear,SMI,47,0.18818468303280278,0.03329974037543782,0.044430854008114175,0.12130537416278453,0.03427064783455927,0.04622479837044682,5_fold_seed_202608_descriptive,intercept=-0.0667781172; SMI=-0.0812051916,SMI:negative,ordinary_least_squares_descriptive
residual,divider_residual,active_nonlinear_challenge,Gamma_divider_linear,Gamma_divider,47,0.21242054092337725,0.03292122347856471,0.04376261154449561,0.14367124560458433,0.033813242762321456,0.045632714510322255,5_fold_seed_202608_descriptive,intercept=-0.238268823; Gamma_divider=0.189550825,Gamma_divider:positive,ordinary_least_squares_descriptive
residual,divider_residual,active_nonlinear_challenge,log10_R_neck_linear,log10_R_neck_Mohm,47,0.030132579816107508,0.036136099000553305,0.04856375122719259,-0.051043963355369204,0.03800985601955809,0.0505552755050409,5_fold_seed_202608_descriptive,intercept=-0.0309388639; log10_R_neck_Mohm=-0.0329133042,log10_R_neck_Mohm:negative,ordinary_least_squares_descriptive
residual,divider_residual,active_nonlinear_challenge,log10_R_in_d_linear,log10_R_in_d_Mohm,47,0.4252992397349903,0.03100905587827187,0.03738323890423494,0.3740095435044918,0.032136478016210855,0.03901574431347358,5_fold_seed_202608_descriptive,intercept=-0.794003865; log10_R_in_d_Mohm=0.26485694,log10_R_in_d_Mohm:positive,ordinary_least_squares_descriptive
residual,divider_residual,active_nonlinear_challenge,component_pair_log10_OLS,log10_R_neck_Mohm;log10_R_in_d_Mohm,47,0.5473064152270878,0.022282008845806257,0.033178611745227134,0.48899094688045097,0.023656867166011446,0.03525091038280138,5_fold_seed_202608_descriptive,intercept=-0.741443002; log10_R_neck_Mohm=-0.0684396444; log10_R_in_d_Mohm=0.301817251,log10_R_neck_Mohm:negative; log10_R_in_d_Mohm:positive,ordinary_least_squares_descriptive
residual,divider_residual,active_nonlinear_challenge,component_pair_raw_OLS,R_neck_Mohm;R_in_d_Mohm,47,0.4986029898183666,0.025531217228816214,0.03491780299131121,0.4313532219747176,0.02718406098262631,0.037185817345475866,5_fold_seed_202608_descriptive,intercept=-0.216386331; R_neck_Mohm=-0.000135640034; R_in_d_Mohm=0.000327812639,R_neck_Mohm:negative; R_in_d_Mohm:positive,ordinary_least_squares_descriptive
residual,divider_residual,active_nonlinear_challenge,impedance_pair_OLS,log10_Zin_Mohm;transfer_gain,47,0.6929032916023397,0.02076665255463321,0.027327104723255287,0.6706605084114686,0.021570103245439978,0.028299446783042463,5_fold_seed_202608_descriptive,intercept=-0.0894570878; log10_Zin_Mohm=0.0261747641; transfer_gain=-1.23296491,log10_Zin_Mohm:positive; transfer_gain:negative,ordinary_least_squares_descriptive
residual,divider_residual,baseline_reference_targets,SMI_linear,SMI,3,0.8682171287033036,0.04053049369802448,0.04776322220398662,-37.02352784744812,0.5434626887012411,0.8113165568394745,leave_one_out_descriptive,intercept=-0.0613714627; SMI=-0.205849555,SMI:negative,ordinary_least_squares_descriptive
residual,divider_residual,baseline_reference_targets,Gamma_divider_linear,Gamma_divider,3,0.9200699688857064,0.03274717316749728,0.03719796021849767,-4.206222733779289,0.22966469139417955,0.3002102434889287,leave_one_out_descriptive,intercept=-0.558597824; Gamma_divider=0.514934684,Gamma_divider:positive,ordinary_least_squares_descriptive
residual,divider_residual,baseline_reference_targets,log10_R_neck_linear,log10_R_neck_Mohm,3,0.9912783108295486,0.011583637038369657,0.012287525640318616,0.8820459629088347,0.04346806436915752,0.04518773148581091,leave_one_out_descriptive,intercept=0.016648902; log10_R_neck_Mohm=-0.147440645,log10_R_neck_Mohm:negative,ordinary_least_squares_descriptive
residual,divider_residual,baseline_reference_targets,log10_R_in_d_linear,log10_R_in_d_Mohm,3,0.0,0.11201016361129572,0.13157219942136603,-1.2500000000000004,0.1680152454169436,0.19735829913204905,leave_one_out_descriptive,intercept=-0.0283410953; log10_R_in_d_Mohm=-0.061211887,log10_R_in_d_Mohm:negative,ordinary_least_squares_descriptive
residual,divider_residual,exploratory_matched_baseline_comparisons,SMI_linear,SMI,27,0.2619882008402735,0.02213933744423133,0.027058258547683758,0.14328370472654572,0.02391494221269424,0.02915323163998633,leave_one_out_descriptive,intercept=0.0594771078; SMI=-1.18477847,SMI:negative,ordinary_least_squares_descriptive
residual,divider_residual,exploratory_matched_baseline_comparisons,Gamma_divider_linear,Gamma_divider,27,0.26152290286508817,0.02218473293249282,0.02706678698117888,0.14065182174627233,0.02398261475542882,0.029197977524233133,leave_one_out_descriptive,intercept=-1.2566578; Gamma_divider=1.31949583,Gamma_divider:positive,ordinary_least_squares_descriptive
residual,divider_residual,exploratory_matched_baseline_comparisons,log10_R_neck_linear,log10_R_neck_Mohm,27,0.0010106740379278722,0.02899891570390042,0.03148100682795951,-0.22287416900956014,0.031671102528319235,0.03483044918604246,leave_one_out_descriptive,intercept=-0.0108211184; log10_R_neck_Mohm=0.0105142198,log10_R_neck_Mohm:positive,ordinary_least_squares_descriptive
residual,divider_residual,exploratory_matched_baseline_comparisons,log10_R_in_d_linear,log10_R_in_d_Mohm,27,0.9536038745691285,0.005102094170143755,0.006784362524687021,0.9448234899159518,0.005537584917254435,0.00739852768983588,leave_one_out_descriptive,intercept=-1.2841637; log10_R_in_d_Mohm=0.498925982,log10_R_in_d_Mohm:positive,ordinary_least_squares_descriptive
residual,divider_residual,exploratory_matched_baseline_comparisons,component_pair_log10_OLS,log10_R_neck_Mohm;log10_R_in_d_Mohm,27,0.9546223933520799,0.004934178650991733,0.006709481854209489,0.9283184866002616,0.0058929159948076385,0.008432799461180297,leave_one_out_descriptive,intercept=-1.29732745; log10_R_neck_Mohm=0.0105549462; log10_R_in_d_Mohm=0.498928038,log10_R_neck_Mohm:positive; log10_R_in_d_Mohm:positive,ordinary_least_squares_descriptive
residual,divider_residual,exploratory_matched_baseline_comparisons,component_pair_raw_OLS,R_neck_Mohm;R_in_d_Mohm,27,0.9546505279663149,0.004943396789299322,0.00670740155550744,0.9263662268649642,0.005929813061175883,0.008546862499699732,leave_one_out_descriptive,intercept=-0.23121588; R_neck_Mohm=0.00023828278; R_in_d_Mohm=0.000599153009,R_neck_Mohm:positive; R_in_d_Mohm:positive,ordinary_least_squares_descriptive
residual,divider_residual,exploratory_mechanistic_decomposition,SMI_linear,SMI,8,0.9956428218793992,0.00028698924903151294,0.00036808752262323247,0.9863707058582817,0.0004639451954108389,0.0006510061947101986,leave_one_out_descriptive,intercept=-0.00806582075; SMI=-0.572237097,SMI:negative,ordinary_least_squares_descriptive
residual,divider_residual,exploratory_mechanistic_decomposition,Gamma_divider_linear,Gamma_divider,8,0.995643191144311,0.0002869794207687477,0.0003680719248346242,0.9863720408891198,0.00046392687519787156,0.0006509743099104113,leave_one_out_descriptive,intercept=-0.654373924; Gamma_divider=0.648632924,Gamma_divider:positive,ordinary_least_squares_descriptive
residual,divider_residual,exploratory_scenario_uncertainty,SMI_linear,SMI,72,0.9913974726993179,0.0007402806954749921,0.0010387164703644983,0.9905598448609315,0.0007705599934432269,0.0010881118852221902,5_fold_seed_202608_descriptive,intercept=-0.00728972794; SMI=-0.575474156,SMI:negative,ordinary_least_squares_descriptive
residual,divider_residual,exploratory_scenario_uncertainty,Gamma_divider_linear,Gamma_divider,72,0.993462880896155,0.0006261791341490817,0.0009054765076272251,0.9928951619345044,0.0006512103008200587,0.0009439762769871521,5_fold_seed_202608_descriptive,intercept=-0.659819341; Gamma_divider=0.65486324,Gamma_divider:positive,ordinary_least_squares_descriptive
residual,divider_residual,exploratory_scenario_uncertainty,log10_R_neck_linear,log10_R_neck_Mohm,72,0.9815095500406965,0.0011845213886022173,0.001522852105580342,0.9796249494973861,0.001240645590216281,0.0015985761720629153,5_fold_seed_202608_descriptive,intercept=0.0587789782; log10_R_neck_Mohm=-0.080643534,log10_R_neck_Mohm:negative,ordinary_least_squares_descriptive
residual,divider_residual,exploratory_scenario_uncertainty,log10_R_in_d_linear,log10_R_in_d_Mohm,72,0.03671853928515656,0.009112071596236553,0.010991591745088765,-0.09077030842669598,0.009564690197485036,0.01169635771593556,5_fold_seed_202608_descriptive,intercept=-251.819147; log10_R_in_d_Mohm=101.064468,log10_R_in_d_Mohm:positive,ordinary_least_squares_descriptive
residual,divider_residual,exploratory_scenario_uncertainty,component_pair_log10_OLS,log10_R_neck_Mohm;log10_R_in_d_Mohm,72,0.9815133100802205,0.0011839249438308115,0.00152269726145152,0.9784844572345807,0.0012613746425053276,0.0016427071273267032,5_fold_seed_202608_descriptive,intercept=-2.53712968; log10_R_neck_Mohm=-0.0806127382; log10_R_in_d_Mohm=1.04199263,log10_R_neck_Mohm:negative; log10_R_in_d_Mohm:positive,ordinary_least_squares_descriptive
residual,divider_residual,exploratory_scenario_uncertainty,component_pair_raw_OLS,R_neck_Mohm;R_in_d_Mohm,72,0.9915826425986197,0.0007212579853479966,0.0010274764395984228,0.9905062189715809,0.000756315456630619,0.001091198081046676,5_fold_seed_202608_descriptive,intercept=3.10932596; R_neck_Mohm=-0.00186212385; R_in_d_Mohm=-0.0100557314,R_neck_Mohm:negative; R_in_d_Mohm:negative,ordinary_least_squares_descriptive
residual,divider_residual,exploratory_scenario_uncertainty,impedance_pair_OLS,log10_Zin_Mohm;transfer_gain,72,0.08422955770718543,0.008989328693630687,0.010717100399286287,-0.1468207134116979,0.00986710916292354,0.01199310821740599,5_fold_seed_202608_descriptive,intercept=69897833.4; log10_Zin_Mohm=-56855814.6; transfer_gain=666470493,log10_Zin_Mohm:negative; transfer_gain:positive,ordinary_least_squares_descriptive
residual,divider_residual,exploratory_scenario_uncertainty,dynamic_plus_transfer_gain_OLS,dynamic_SMI_abs;transfer_gain,72,0.9915815100460676,0.0007212896810904716,0.0010275455605747662,0.990504168820394,0.0007563929877467614,0.001091315895027871,5_fold_seed_202608_descriptive,intercept=21.3478178; dynamic_SMI_abs=-0.309304996; transfer_gain=-252.601312,dynamic_SMI_abs:negative; transfer_gain:negative,ordinary_least_squares_descriptive
residual,divider_residual,exploratory_scenario_uncertainty,synaptic_plus_components_OLS,log10_R_neck_Mohm;log10_R_in_d_Mohm;synaptic_conductance_scale,72,0.9863455361385721,0.0009920217457410133,0.0013086433857102564,0.9836886730891095,0.0010554871399408405,0.001430304925563059,5_fold_seed_202608_descriptive,intercept=-9.65239371; log10_R_neck_Mohm=-0.0817975747; log10_R_in_d_Mohm=3.89719789; synaptic_conductance_scale=0.00333735546,log10_R_neck_Mohm:negative; log10_R_in_d_Mohm:positive; synaptic_conductance_scale:positive,ordinary_least_squares_descriptive
residual,divider_residual,exploratory_scenarios,SMI_linear,SMI,27,0.2619882008402735,0.02213933744423133,0.027058258547683758,0.14328370472654572,0.02391494221269424,0.02915323163998633,leave_one_out_descriptive,intercept=0.0594771078; SMI=-1.18477847,SMI:negative,ordinary_least_squares_descriptive
residual,divider_residual,exploratory_scenarios,Gamma_divider_linear,Gamma_divider,27,0.26152290286508817,0.02218473293249282,0.02706678698117888,0.14065182174627233,0.02398261475542882,0.029197977524233133,leave_one_out_descriptive,intercept=-1.2566578; Gamma_divider=1.31949583,Gamma_divider:positive,ordinary_least_squares_descriptive
residual,divider_residual,exploratory_scenarios,log10_R_neck_linear,log10_R_neck_Mohm,27,0.0010106740379278722,0.02899891570390042,0.03148100682795951,-0.22287416900956014,0.031671102528319235,0.03483044918604246,leave_one_out_descriptive,intercept=-0.0108211184; log10_R_neck_Mohm=0.0105142198,log10_R_neck_Mohm:positive,ordinary_least_squares_descriptive
residual,divider_residual,exploratory_scenarios,log10_R_in_d_linear,log10_R_in_d_Mohm,27,0.9536038745691285,0.005102094170143755,0.006784362524687021,0.9448234899159518,0.005537584917254435,0.00739852768983588,leave_one_out_descriptive,intercept=-1.2841637; log10_R_in_d_Mohm=0.498925982,log10_R_in_d_Mohm:positive,ordinary_least_squares_descriptive
residual,divider_residual,exploratory_scenarios,component_pair_log10_OLS,log10_R_neck_Mohm;log10_R_in_d_Mohm,27,0.9546223933520799,0.004934178650991733,0.006709481854209489,0.9283184866002616,0.0058929159948076385,0.008432799461180297,leave_one_out_descriptive,intercept=-1.29732745; log10_R_neck_Mohm=0.0105549462; log10_R_in_d_Mohm=0.498928038,log10_R_neck_Mohm:positive; log10_R_in_d_Mohm:positive,ordinary_least_squares_descriptive
residual,divider_residual,exploratory_scenarios,component_pair_raw_OLS,R_neck_Mohm;R_in_d_Mohm,27,0.9546505279663149,0.004943396789299322,0.00670740155550744,0.9263662268649642,0.005929813061175883,0.008546862499699732,leave_one_out_descriptive,intercept=-0.23121588; R_neck_Mohm=0.00023828278; R_in_d_Mohm=0.000599153009,R_neck_Mohm:positive; R_in_d_Mohm:positive,ordinary_least_squares_descriptive
residual,divider_residual,exploratory_scenarios,impedance_pair_OLS,log10_Zin_Mohm;transfer_gain,27,0.9558365406672473,0.004829219735129233,0.006619112032062165,0.9418892068642525,0.005524013727432473,0.007592706129271282,leave_one_out_descriptive,intercept=447.428837; log10_Zin_Mohm=-165.119747; transfer_gain=-956.247042,log10_Zin_Mohm:negative; transfer_gain:negative,ordinary_least_squares_descriptive
residual,divider_residual,exploratory_scenarios,dynamic_plus_transfer_gain_OLS,dynamic_SMI_abs;transfer_gain,27,0.95381175631849,0.005110957344750851,0.006769146507416923,0.9206326335310321,0.006208397590233707,0.008873381923509834,leave_one_out_descriptive,intercept=0.121606672; dynamic_SMI_abs=-0.0210041359; transfer_gain=-1.89885731,dynamic_SMI_abs:negative; transfer_gain:negative,ordinary_least_squares_descriptive
residual,divider_residual,exploratory_scenarios,synaptic_plus_components_OLS,log10_R_neck_Mohm;log10_R_in_d_Mohm;synaptic_conductance_scale,27,0.9546442032616487,0.0049241593027783285,0.006707869266078254,0.9213908344135462,0.006171498846460396,0.008830896256595212,leave_one_out_descriptive,intercept=-1.29683863; log10_R_neck_Mohm=0.0108788014; log10_R_in_d_Mohm=0.498927857; synaptic_conductance_scale=-0.00080691427,log10_R_neck_Mohm:positive; log10_R_in_d_Mohm:positive; synaptic_conductance_scale:negative,ordinary_least_squares_descriptive
residual,divider_residual,fixed_load_geometry_sweep,SMI_linear,SMI,400,0.19155682248323236,0.11246141314341446,0.12973799761537771,0.16788297461078228,0.11317529288058394,0.13162386658424452,5_fold_seed_202608_descriptive,intercept=-0.142005615; SMI=-0.118099361,SMI:negative,ordinary_least_squares_descriptive
residual,divider_residual,fixed_load_geometry_sweep,Gamma_divider_linear,Gamma_divider,400,0.5175166365535679,0.0811141586548205,0.10022674171115005,0.5126131033149803,0.08115368900797282,0.10073476208842407,5_fold_seed_202608_descriptive,intercept=-0.667546942; Gamma_divider=0.587428905,Gamma_divider:positive,ordinary_least_squares_descriptive
residual,divider_residual,fixed_load_geometry_sweep,log10_R_neck_linear,log10_R_neck_Mohm,400,0.7101149661763566,0.06232304001038551,0.07768824981395922,0.708446957271718,0.06241753148222874,0.07791143970480047,5_fold_seed_202608_descriptive,intercept=0.0739472698; log10_R_neck_Mohm=-0.204613749,log10_R_neck_Mohm:negative,ordinary_least_squares_descriptive
residual,divider_residual,fixed_load_geometry_sweep,log10_R_in_d_linear,log10_R_in_d_Mohm,400,-2.220446049250313e-16,0.12957072353436638,0.144292062269468,-0.0041644768391786435,0.12971493836079995,0.14459220059004915,5_fold_seed_202608_descriptive,intercept=-0.0314108266; log10_R_in_d_Mohm=-0.067841978,log10_R_in_d_Mohm:negative,ordinary_least_squares_descriptive
residual,divider_residual,fixed_load_geometry_sweep,component_pair_log10_OLS,log10_R_neck_Mohm;log10_R_in_d_Mohm,400,0.7101149661763567,0.06232304001038546,0.07768824981395922,0.708446957271718,0.06241753148222877,0.07791143970480045,5_fold_seed_202608_descriptive,intercept=0.0130536885; log10_R_neck_Mohm=-0.204613749; log10_R_in_d_Mohm=0.0281937199,log10_R_neck_Mohm:negative; log10_R_in_d_Mohm:positive,ordinary_least_squares_descriptive
residual,divider_residual,fixed_load_geometry_sweep,component_pair_raw_OLS,R_neck_Mohm;R_in_d_Mohm,400,0.19155682248323236,0.11246141314341448,0.12973799761537771,0.1678829746107825,0.11317529288058392,0.13162386658424452,5_fold_seed_202608_descriptive,intercept=-6.80188082e-06; R_neck_Mohm=-0.000817371891; R_in_d_Mohm=-0.00098278126,R_neck_Mohm:negative; R_in_d_Mohm:negative,ordinary_least_squares_descriptive
residual,divider_residual,global_uncertainty_N96,SMI_linear,SMI,192,0.35904841050569114,0.017269728177028862,0.020882537648559574,0.3419265319454634,0.017440168478642448,0.02115961928293513,5_fold_seed_202608_descriptive,intercept=-0.0296457738; SMI=-0.311880888,SMI:negative,ordinary_least_squares_descriptive
residual,divider_residual,global_uncertainty_N96,Gamma_divider_linear,Gamma_divider,192,0.36499042735969467,0.017167033308948487,0.020785515253856385,0.34768838051463413,0.01733424016628076,0.021066782714407907,5_fold_seed_202608_descriptive,intercept=-0.41685264; Gamma_divider=0.390659936,Gamma_divider:positive,ordinary_least_squares_descriptive
residual,divider_residual,global_uncertainty_N96,log10_R_neck_linear,log10_R_neck_Mohm,192,0.692970634870141,0.01207106298508757,0.014453086966521924,0.6835893478187522,0.01220766872380373,0.014672232710788496,5_fold_seed_202608_descriptive,intercept=0.0776535775; log10_R_neck_Mohm=-0.0974956328,log10_R_neck_Mohm:negative,ordinary_least_squares_descriptive
residual,divider_residual,global_uncertainty_N96,log10_R_in_d_linear,log10_R_in_d_Mohm,192,0.21480292126003997,0.017790935665569607,0.02311319568461263,0.19149228664910212,0.018050152009654197,0.023453774345490334,5_fold_seed_202608_descriptive,intercept=0.316967508; log10_R_in_d_Mohm=-0.149812037,log10_R_in_d_Mohm:negative,ordinary_least_squares_descriptive
residual,divider_residual,global_uncertainty_N96,component_pair_log10_OLS,log10_R_neck_Mohm;log10_R_in_d_Mohm,192,0.9396957951092362,0.004783856939151927,0.0064053734667069255,0.9347190358885067,0.004930573926467943,0.0066644442372742465,5_fold_seed_202608_descriptive,intercept=0.482514079; log10_R_neck_Mohm=-0.0997937309; log10_R_in_d_Mohm=-0.160683741,log10_R_neck_Mohm:negative; log10_R_in_d_Mohm:negative,ordinary_least_squares_descriptive
residual,divider_residual,global_uncertainty_N96,component_pair_raw_OLS,R_neck_Mohm;R_in_d_Mohm,192,0.941848314690923,0.004887864606851602,0.00629001688743125,0.9404562536431449,0.0049463227120236505,0.0063648582582978164,5_fold_seed_202608_descriptive,intercept=0.0540321069; R_neck_Mohm=-0.00155562055; R_in_d_Mohm=-0.000212985568,R_neck_Mohm:negative; R_in_d_Mohm:negative,ordinary_least_squares_descriptive
residual,divider_residual,global_uncertainty_N96,impedance_pair_OLS,log10_Zin_Mohm;transfer_gain,192,0.07268737190481778,0.02001231345864841,0.0251179242070642,0.03925160473887934,0.020331794326488947,0.025566748098179035,5_fold_seed_202608_descriptive,intercept=-5.23116912; log10_Zin_Mohm=2.34028037; transfer_gain=-0.249523333,log10_Zin_Mohm:positive; transfer_gain:negative,ordinary_least_squares_descriptive
residual,divider_residual,global_uncertainty_N96,dynamic_plus_transfer_gain_OLS,dynamic_SMI_abs;transfer_gain,192,0.700241781262536,0.01145576042441141,0.014280920723650543,0.6902602938444732,0.01161172064192556,0.014516740036492505,5_fold_seed_202608_descriptive,intercept=-0.0238014645; dynamic_SMI_abs=-0.251338801; transfer_gain=0.0964018775,dynamic_SMI_abs:negative; transfer_gain:positive,ordinary_least_squares_descriptive
residual,divider_residual,global_uncertainty_N96,synaptic_plus_components_OLS,log10_R_neck_Mohm;log10_R_in_d_Mohm;synaptic_conductance_scale,192,0.9429617807406045,0.00475645662190777,0.006229506420549663,0.9377772974076306,0.004919782594590547,0.006506464938238972,5_fold_seed_202608_descriptive,intercept=0.478552919; log10_R_neck_Mohm=-0.099614054; log10_R_in_d_Mohm=-0.160715204; synaptic_conductance_scale=0.00350368916,log10_R_neck_Mohm:negative; log10_R_in_d_Mohm:negative; synaptic_conductance_scale:positive,ordinary_least_squares_descriptive
residual,divider_residual,matched_neck_heterogeneous_load,SMI_linear,SMI,30,0.908213711293169,0.03097041927251753,0.03663631252725924,0.8578651843162353,0.03598710264244666,0.04559036670951117,5_fold_seed_202608_descriptive,intercept=-0.525626222; SMI=0.147495344,SMI:positive,ordinary_least_squares_descriptive
residual,divider_residual,matched_neck_heterogeneous_load,Gamma_divider_linear,Gamma_divider,30,0.9995479803873948,0.0020745327015478316,0.0025709965243974563,0.9993611651657094,0.0023803583410512952,0.003056448938481777,5_fold_seed_202608_descriptive,intercept=0.0847290841; Gamma_divider=-0.835220673,Gamma_divider:negative,ordinary_least_squares_descriptive
residual,divider_residual,matched_neck_heterogeneous_load,log10_R_neck_linear,log10_R_neck_Mohm,30,0.0,0.10339965989868707,0.12092688062840472,-0.1338320062221252,0.11017275612937218,0.12876481442843263,5_fold_seed_202608_descriptive,intercept=-0.0756071726; log10_R_neck_Mohm=-0.151214345,log10_R_neck_Mohm:negative,ordinary_least_squares_descriptive
residual,divider_residual,matched_neck_heterogeneous_load,log10_R_in_d_linear,log10_R_in_d_Mohm,30,0.998031096560714,0.0036571544985717196,0.005365807139240121,0.9970114969092584,0.004354855841718352,0.00661073433909961,5_fold_seed_202608_descriptive,intercept=0.571043221; log10_R_in_d_Mohm=-0.452939916,log10_R_in_d_Mohm:negative,ordinary_least_squares_descriptive
residual,divider_residual,matched_neck_heterogeneous_load,component_pair_log10_OLS,log10_R_neck_Mohm;log10_R_in_d_Mohm,30,0.998031096560714,0.0036571544985716815,0.00536580713924012,0.9970114969092584,0.004354855841718261,0.006610734339099636,5_fold_seed_202608_descriptive,intercept=0.114208644; log10_R_neck_Mohm=0.228417288; log10_R_in_d_Mohm=-0.452939916,log10_R_neck_Mohm:positive; log10_R_in_d_Mohm:negative,ordinary_least_squares_descriptive
residual,divider_residual,matched_neck_heterogeneous_load,component_pair_raw_OLS,R_neck_Mohm;R_in_d_Mohm,30,0.9589586418153365,0.020888321307409245,0.024498173857932945,0.9485952541678013,0.023388993394643686,0.027417285739937333,5_fold_seed_202608_descriptive,intercept=-1.16077871e-05; R_neck_Mohm=-0.00116077871; R_in_d_Mohm=-0.0018065954,R_neck_Mohm:negative; R_in_d_Mohm:negative,ordinary_least_squares_descriptive
residual,divider_residual,passive_morphology_challenge,SMI_linear,SMI,24,0.14515021105760828,0.05305225380107714,0.07921038788631815,-0.010015577829876943,0.05793113280853104,0.08609962732509308,leave_one_out_descriptive,intercept=-0.0757005197; SMI=-0.137624779,SMI:negative,ordinary_least_squares_descriptive
residual,divider_residual,passive_morphology_challenge,Gamma_divider_linear,Gamma_divider,24,0.18372702311435862,0.05133729429787757,0.07740249236165546,0.022397316235205578,0.05623950474968384,0.08470682976772201,leave_one_out_descriptive,intercept=-0.378729595; Gamma_divider=0.339693013,Gamma_divider:positive,ordinary_least_squares_descriptive
residual,divider_residual,passive_morphology_challenge,log10_R_neck_linear,log10_R_neck_Mohm,24,0.0011647137368141491,0.058123930286973664,0.0856217645501296,-0.1338612291072392,0.06260270715554483,0.09122569659581377,leave_one_out_descriptive,intercept=-0.160734918; log10_R_neck_Mohm=0.0126175136,log10_R_neck_Mohm:positive,ordinary_least_squares_descriptive
residual,divider_residual,passive_morphology_challenge,log10_R_in_d_linear,log10_R_in_d_Mohm,24,0.6195970061453893,0.03837445279118897,0.05283956075237322,0.43371649771896637,0.04401600424749392,0.06446948341441303,leave_one_out_descriptive,intercept=-1.33415018; log10_R_in_d_Mohm=0.467816564,log10_R_in_d_Mohm:positive,ordinary_least_squares_descriptive
residual,divider_residual,passive_morphology_challenge,component_pair_log10_OLS,log10_R_neck_Mohm;log10_R_in_d_Mohm,24,0.6662033376891645,0.03442760348370332,0.04949692628665219,0.47491956123831724,0.041275749633620136,0.06207977801908501,leave_one_out_descriptive,intercept=-1.26113544; log10_R_neck_Mohm=-0.083797078; log10_R_in_d_Mohm=0.508846283,log10_R_neck_Mohm:negative; log10_R_in_d_Mohm:positive,ordinary_least_squares_descriptive
residual,divider_residual,passive_morphology_challenge,component_pair_raw_OLS,R_neck_Mohm;R_in_d_Mohm,24,0.49405955873488505,0.040987892365451986,0.060937822743525716,0.274998764196682,0.04844284631309392,0.0729468611099337,leave_one_out_descriptive,intercept=-0.307057453; R_neck_Mohm=-0.000179719308; R_in_d_Mohm=0.000520479686,R_neck_Mohm:negative; R_in_d_Mohm:positive,ordinary_least_squares_descriptive
residual,divider_residual,passive_morphology_challenge,impedance_pair_OLS,log10_Zin_Mohm;transfer_gain,24,0.913465038867947,0.020802102589987725,0.025201885672258853,-0.286930305344838,0.04157188102811336,0.09718847097248655,leave_one_out_descriptive,intercept=-0.550039984; log10_Zin_Mohm=0.190604011; transfer_gain=-0.260238507,log10_Zin_Mohm:positive; transfer_gain:negative,ordinary_least_squares_descriptive
residual,divider_residual,progressive_uncertainty_N192,SMI_linear,SMI,384,0.37691223569643817,0.017970074655546477,0.0224342840895291,0.3658561681672392,0.01809926618166315,0.02263244584609192,5_fold_seed_202608_descriptive,intercept=-0.0271740881; SMI=-0.345206447,SMI:negative,ordinary_least_squares_descriptive
residual,divider_residual,progressive_uncertainty_N192,Gamma_divider_linear,Gamma_divider,384,0.3881493476731859,0.017812743922299746,0.022231067499853898,0.37814081315649894,0.017932169546259025,0.022412155701466097,5_fold_seed_202608_descriptive,intercept=-0.458981359; Gamma_divider=0.435905647,Gamma_divider:positive,ordinary_least_squares_descriptive
residual,divider_residual,progressive_uncertainty_N192,log10_R_neck_linear,log10_R_neck_Mohm,384,0.7033069342754243,0.012407770578946029,0.015480725206976645,0.6981828638957305,0.012543315828103488,0.015613833738547234,5_fold_seed_202608_descriptive,intercept=0.0823748883; log10_R_neck_Mohm=-0.101369663,log10_R_neck_Mohm:negative,ordinary_least_squares_descriptive
residual,divider_residual,progressive_uncertainty_N192,log10_R_in_d_linear,log10_R_in_d_Mohm,384,0.26181208653742283,0.018900735636142047,0.02441861731213624,0.25918619701308576,0.018916959855525564,0.024462009833756973,5_fold_seed_202608_descriptive,intercept=0.392623608; log10_R_in_d_Mohm=-0.180323028,log10_R_in_d_Mohm:negative,ordinary_least_squares_descriptive
residual,divider_residual,progressive_uncertainty_N192,component_pair_log10_OLS,log10_R_neck_Mohm;log10_R_in_d_Mohm,384,0.9269579224440344,0.005379131997979021,0.0076811131433720805,0.9247871636479131,0.0054339953810070875,0.007794416106111478,5_fold_seed_202608_descriptive,intercept=0.495748238; log10_R_neck_Mohm=-0.0986894718; log10_R_in_d_Mohm=-0.166847072,log10_R_neck_Mohm:negative; log10_R_in_d_Mohm:negative,ordinary_least_squares_descriptive
residual,divider_residual,progressive_uncertainty_N192,component_pair_raw_OLS,R_neck_Mohm;R_in_d_Mohm,384,0.9410991709769431,0.0050735413720656136,0.006897604794054825,0.9397152926806033,0.005110785832169735,0.006978164161167461,5_fold_seed_202608_descriptive,intercept=0.0550561499; R_neck_Mohm=-0.00154415186; R_in_d_Mohm=-0.000217366887,R_neck_Mohm:negative; R_in_d_Mohm:negative,ordinary_least_squares_descriptive
residual,divider_residual,progressive_uncertainty_N192,impedance_pair_OLS,log10_Zin_Mohm;transfer_gain,384,0.06565056912024869,0.02160605444308179,0.027472125786092576,0.049618099153445505,0.021737628585279955,0.027706819925021355,5_fold_seed_202608_descriptive,intercept=-5.44922084; log10_Zin_Mohm=2.44229711; transfer_gain=-0.353538815,log10_Zin_Mohm:positive; transfer_gain:negative,ordinary_least_squares_descriptive
residual,divider_residual,progressive_uncertainty_N192,dynamic_plus_transfer_gain_OLS,dynamic_SMI_abs;transfer_gain,384,0.7340194563336018,0.011518197493399399,0.014657588947223948,0.7291151280026991,0.011591134810747273,0.014792104951832691,5_fold_seed_202608_descriptive,intercept=-0.00307787498; dynamic_SMI_abs=-0.266391704; transfer_gain=-0.117733098,dynamic_SMI_abs:negative; transfer_gain:negative,ordinary_least_squares_descriptive
residual,divider_residual,progressive_uncertainty_N192,synaptic_plus_components_OLS,log10_R_neck_Mohm;log10_R_in_d_Mohm;synaptic_conductance_scale,384,0.9273760844251709,0.0053995197073980665,0.007659094603765056,0.9247443774771312,0.005486471967705323,0.007796632787597776,5_fold_seed_202608_descriptive,intercept=0.494840273; log10_R_neck_Mohm=-0.0987062624; log10_R_in_d_Mohm=-0.167065008; synaptic_conductance_scale=0.00136417709,log10_R_neck_Mohm:negative; log10_R_in_d_Mohm:negative; synaptic_conductance_scale:positive,ordinary_least_squares_descriptive
residual,divider_residual,progressive_uncertainty_N384,SMI_linear,SMI,768,0.3125295708951683,0.0167102608875019,0.020779121285650258,0.302741173494669,0.016825560589183216,0.020926527923599277,5_fold_seed_202608_descriptive,intercept=-0.0313665541; SMI=-0.288444928,SMI:negative,ordinary_least_squares_descriptive
residual,divider_residual,progressive_uncertainty_N384,Gamma_divider_linear,Gamma_divider,768,0.32623694220995725,0.01656509524713151,0.020570922333553777,0.31678923565317296,0.01666992068017939,0.020714646057556435,5_fold_seed_202608_descriptive,intercept=-0.392994085; Gamma_divider=0.36516273,Gamma_divider:positive,ordinary_least_squares_descriptive
residual,divider_residual,progressive_uncertainty_N384,log10_R_neck_linear,log10_R_neck_Mohm,768,0.6643588709475711,0.011736912394133167,0.014519035048451822,0.6591277215203821,0.011810235918314751,0.014631741126337318,5_fold_seed_202608_descriptive,intercept=0.0733213347; log10_R_neck_Mohm=-0.0940301897,log10_R_neck_Mohm:negative,ordinary_least_squares_descriptive
residual,divider_residual,progressive_uncertainty_N384,log10_R_in_d_linear,log10_R_in_d_Mohm,768,0.19324788595176323,0.018191525227427837,0.022509726748338232,0.18249600451445336,0.01830885872504014,0.02265922797639898,5_fold_seed_202608_descriptive,intercept=0.284577969; log10_R_in_d_Mohm=-0.136659474,log10_R_in_d_Mohm:negative,ordinary_least_squares_descriptive
residual,divider_residual,progressive_uncertainty_N384,component_pair_log10_OLS,log10_R_neck_Mohm;log10_R_in_d_Mohm,768,0.9300488791421155,0.004744708847263261,0.006628229019982095,0.9283261270567138,0.00479458559904959,0.006709352399495751,5_fold_seed_202608_descriptive,intercept=0.48302787; log10_R_neck_Mohm=-0.0994318561; log10_R_in_d_Mohm=-0.160899421,log10_R_neck_Mohm:negative; log10_R_in_d_Mohm:negative,ordinary_least_squares_descriptive
residual,divider_residual,progressive_uncertainty_N384,component_pair_raw_OLS,R_neck_Mohm;R_in_d_Mohm,768,0.917173352658673,0.005161073667319606,0.007212489735919811,0.9162714214926334,0.005190697421596511,0.007251653193181594,5_fold_seed_202608_descriptive,intercept=0.0536305169; R_neck_Mohm=-0.00158771602; R_in_d_Mohm=-0.000208510774,R_neck_Mohm:negative; R_in_d_Mohm:negative,ordinary_least_squares_descriptive
residual,divider_residual,progressive_uncertainty_N384,impedance_pair_OLS,log10_Zin_Mohm;transfer_gain,768,0.08747281637349613,0.01912996889974961,0.023939940809544275,0.07698369075991218,0.01921278201122098,0.024077137580031265,5_fold_seed_202608_descriptive,intercept=-5.44809721; log10_Zin_Mohm=2.43724024; transfer_gain=-0.22360422,log10_Zin_Mohm:positive; transfer_gain:negative,ordinary_least_squares_descriptive
residual,divider_residual,progressive_uncertainty_N384,dynamic_plus_transfer_gain_OLS,dynamic_SMI_abs;transfer_gain,768,0.6721255410989658,0.011355045911399733,0.014350068044404992,0.6675266843124175,0.011421485625032453,0.01445035658887137,5_fold_seed_202608_descriptive,intercept=-0.0234910574; dynamic_SMI_abs=-0.250533409; transfer_gain=0.0930107501,dynamic_SMI_abs:negative; transfer_gain:positive,ordinary_least_squares_descriptive
residual,divider_residual,progressive_uncertainty_N384,synaptic_plus_components_OLS,log10_R_neck_Mohm;log10_R_in_d_Mohm;synaptic_conductance_scale,768,0.9312472132360872,0.0047354743738912495,0.006571209600850386,0.9290847371937794,0.004796614115642322,0.0066737514050671095,5_fold_seed_202608_descriptive,intercept=0.479861628; log10_R_neck_Mohm=-0.0992072506; log10_R_in_d_Mohm=-0.160639844; synaptic_conductance_scale=0.00203881493,log10_R_neck_Mohm:negative; log10_R_in_d_Mohm:negative; synaptic_conductance_scale:positive,ordinary_least_squares_descriptive
residual,divider_residual,progressive_uncertainty_N768,SMI_linear,SMI,1536,0.325410991163808,0.017218628137023025,0.021648116866473003,0.32484280510357344,0.017227130938021654,0.02165723172689134,5_fold_seed_202608_descriptive,intercept=-0.0302971953; SMI=-0.304062779,SMI:negative,ordinary_least_squares_descriptive
residual,divider_residual,progressive_uncertainty_N768,Gamma_divider_linear,Gamma_divider,1536,0.34080382216145866,0.017064608265333805,0.021399707319669475,0.3402155913947196,0.017074772215789537,0.02140925315724872,5_fold_seed_202608_descriptive,intercept=-0.413983695; Gamma_divider=0.38760772,Gamma_divider:positive,ordinary_least_squares_descriptive
residual,divider_residual,progressive_uncertainty_N768,log10_R_neck_linear,log10_R_neck_Mohm,1536,0.6774362178726243,0.011963340014662038,0.014969534470376406,0.6769516886049982,0.011972524057862982,0.014980773264430102,5_fold_seed_202608_descriptive,intercept=0.0787939575; log10_R_neck_Mohm=-0.0982207174,log10_R_neck_Mohm:negative,ordinary_least_squares_descriptive
residual,divider_residual,progressive_uncertainty_N768,log10_R_in_d_linear,log10_R_in_d_Mohm,1536,0.22408280381895584,0.018490554136237725,0.02321711121892074,0.2221774100024042,0.01851163021296139,0.02324560048000661,5_fold_seed_202608_descriptive,intercept=0.329465; log10_R_in_d_Mohm=-0.154753868,log10_R_in_d_Mohm:negative,ordinary_least_squares_descriptive
residual,divider_residual,progressive_uncertainty_N768,component_pair_log10_OLS,log10_R_neck_Mohm;log10_R_in_d_Mohm,1536,0.9242693047910049,0.0051550204081253275,0.007253313773711447,0.9237086252846388,0.005172420496910601,0.007280114563690208,5_fold_seed_202608_descriptive,intercept=0.487294198; log10_R_neck_Mohm=-0.0998962345; log10_R_in_d_Mohm=-0.162484631,log10_R_neck_Mohm:negative; log10_R_in_d_Mohm:negative,ordinary_least_squares_descriptive
residual,divider_residual,progressive_uncertainty_N768,component_pair_raw_OLS,R_neck_Mohm;R_in_d_Mohm,1536,0.9185214385123834,0.005368327594961707,0.007523538882105294,0.9181632328069509,0.0053741290173287895,0.007540058681945592,5_fold_seed_202608_descriptive,intercept=0.0537053963; R_neck_Mohm=-0.00155922285; R_in_d_Mohm=-0.000211468882,R_neck_Mohm:negative; R_in_d_Mohm:negative,ordinary_least_squares_descriptive
residual,divider_residual,progressive_uncertainty_N768,impedance_pair_OLS,log10_Zin_Mohm;transfer_gain,1536,0.07282130249527696,0.019898836236295684,0.025379450557854642,0.0705876488152104,0.019925440301666934,0.025410002813981303,5_fold_seed_202608_descriptive,intercept=-5.4243935; log10_Zin_Mohm=2.43307273; transfer_gain=-0.395443648,log10_Zin_Mohm:positive; transfer_gain:negative,ordinary_least_squares_descriptive
residual,divider_residual,progressive_uncertainty_N768,dynamic_plus_transfer_gain_OLS,dynamic_SMI_abs;transfer_gain,1536,0.6886807521053664,0.01163966111407517,0.01470630198236017,0.6878991044374874,0.011654176100803146,0.014724752400030882,5_fold_seed_202608_descriptive,intercept=-0.011173565; dynamic_SMI_abs=-0.256681032; transfer_gain=-0.0405362156,dynamic_SMI_abs:negative; transfer_gain:negative,ordinary_least_squares_descriptive
residual,divider_residual,progressive_uncertainty_N768,synaptic_plus_components_OLS,log10_R_neck_Mohm;log10_R_in_d_Mohm;synaptic_conductance_scale,1536,0.9256609640669712,0.005183662794154076,0.0071863597733099836,0.9250673995762979,0.00520391060502541,0.0072149926919282455,5_fold_seed_202608_descriptive,intercept=0.481994939; log10_R_neck_Mohm=-0.100012617; log10_R_in_d_Mohm=-0.161303559; synaptic_conductance_scale=0.0023180567,log10_R_neck_Mohm:negative; log10_R_in_d_Mohm:negative; synaptic_conductance_scale:positive,ordinary_least_squares_descriptive
residual,divider_residual,progressive_uncertainty_N96,SMI_linear,SMI,192,0.272817437841527,0.01669354388393832,0.019633551111219942,0.26533564986880576,0.016789471026519027,0.019734294835715732,5_fold_seed_202608_descriptive,intercept=-0.0365680087; SMI=-0.220474956,SMI:negative,ordinary_least_squares_descriptive
residual,divider_residual,progressive_uncertainty_N96,Gamma_divider_linear,Gamma_divider,192,0.2939483147187586,0.01644522466628497,0.01934618677803154,0.28778337107795016,0.016541207982169997,0.019430464554276525,5_fold_seed_202608_descriptive,intercept=-0.324580722; Gamma_divider=0.291639964,Gamma_divider:positive,ordinary_least_squares_descriptive
residual,divider_residual,progressive_uncertainty_N96,log10_R_neck_linear,log10_R_neck_Mohm,192,0.6560767473169764,0.011189571012061238,0.013502304539640195,0.6511395814501261,0.011301914049527259,0.01359887488511722,5_fold_seed_202608_descriptive,intercept=0.0590087553; log10_R_neck_Mohm=-0.0833394386,log10_R_neck_Mohm:negative,ordinary_least_squares_descriptive
residual,divider_residual,progressive_uncertainty_N96,log10_R_in_d_linear,log10_R_in_d_Mohm,192,0.16578987855421745,0.017258316056982068,0.021028817732850223,0.15069500030770078,0.01739656912659583,0.02121822105821202,5_fold_seed_202608_descriptive,intercept=0.234390383; log10_R_in_d_Mohm=-0.116374008,log10_R_in_d_Mohm:negative,ordinary_least_squares_descriptive
residual,divider_residual,progressive_uncertainty_N96,component_pair_log10_OLS,log10_R_neck_Mohm;log10_R_in_d_Mohm,192,0.9329719580735077,0.004411988502615119,0.005960811601949515,0.9306186914405408,0.004489719652326952,0.006064547090430494,5_fold_seed_202608_descriptive,intercept=0.449377535; log10_R_neck_Mohm=-0.0910233427; log10_R_in_d_Mohm=-0.151902533,log10_R_neck_Mohm:negative; log10_R_in_d_Mohm:negative,ordinary_least_squares_descriptive
residual,divider_residual,progressive_uncertainty_N96,component_pair_raw_OLS,R_neck_Mohm;R_in_d_Mohm,192,0.8774490396896671,0.005755160933108012,0.008060008294512633,0.8669400931524837,0.005878869300794384,0.008398480861938059,5_fold_seed_202608_descriptive,intercept=0.0503233292; R_neck_Mohm=-0.00140116924; R_in_d_Mohm=-0.000211844311,R_neck_Mohm:negative; R_in_d_Mohm:negative,ordinary_least_squares_descriptive
residual,divider_residual,progressive_uncertainty_N96,impedance_pair_OLS,log10_Zin_Mohm;transfer_gain,192,0.13479673996996577,0.017601193044437406,0.021415893721222507,0.11179691508246437,0.01782471980299637,0.021698677644438724,5_fold_seed_202608_descriptive,intercept=-6.42282025; log10_Zin_Mohm=2.88249695; transfer_gain=-0.379021524,log10_Zin_Mohm:positive; transfer_gain:negative,ordinary_least_squares_descriptive
residual,divider_residual,progressive_uncertainty_N96,dynamic_plus_transfer_gain_OLS,dynamic_SMI_abs;transfer_gain,192,0.5880249756644853,0.012100989620742549,0.014777894895165958,0.559646539397022,0.012360461600291271,0.015278398600217197,5_fold_seed_202608_descriptive,intercept=-0.0371948254; dynamic_SMI_abs=-0.207194089; transfer_gain=0.178049677,dynamic_SMI_abs:negative; transfer_gain:positive,ordinary_least_squares_descriptive
residual,divider_residual,progressive_uncertainty_N96,synaptic_plus_components_OLS,log10_R_neck_Mohm;log10_R_in_d_Mohm;synaptic_conductance_scale,192,0.935324521908297,0.00440052747801702,0.0058552703649016515,0.9327787645570496,0.0044733621957068785,0.005969395781898201,5_fold_seed_202608_descriptive,intercept=0.454092284; log10_R_neck_Mohm=-0.0911757096; log10_R_in_d_Mohm=-0.154862517; synaptic_conductance_scale=0.0026752631,log10_R_neck_Mohm:negative; log10_R_in_d_Mohm:negative; synaptic_conductance_scale:positive,ordinary_least_squares_descriptive
residual,divider_residual,spatial_convergence,SMI_linear,SMI,4,0.9991967423373023,3.228584615941332e-05,3.6910572986308395e-05,0.991216643314266,9.661122446711756e-05,0.0001220544472392481,leave_one_out_descriptive,intercept=0.0211506514; SMI=-1.05569491,SMI:negative,ordinary_least_squares_descriptive
residual,divider_residual,spatial_convergence,Gamma_divider_linear,Gamma_divider,4,0.99915127565021,3.318187098268026e-05,3.7940817089785676e-05,0.9907441539413724,9.919793008961522e-05,0.00012529432763689195,leave_one_out_descriptive,intercept=-1.12701747; Gamma_divider=1.15019137,Gamma_divider:positive,ordinary_least_squares_descriptive
residual,divider_residual,spatial_convergence,log10_R_in_d_linear,log10_R_in_d_Mohm,4,0.9985681136690258,4.31024801554724e-05,4.9280785335728695e-05,0.9848393023382067,0.00012741140100186628,0.00016035516093142673,leave_one_out_descriptive,intercept=-0.299445385; log10_R_in_d_Mohm=0.106411294,log10_R_in_d_Mohm:positive,ordinary_least_squares_descriptive
residual,divider_residual,timestep_convergence_intermediate,SMI_linear,SMI,4,-2.220446049250313e-16,0.000281191694949251,0.0003351416845816262,-0.7777777777777779,0.0003749222599323393,0.0004468555794421682,leave_one_out_descriptive,intercept=-0.143861716; SMI=-0.0165069291,SMI:negative,ordinary_least_squares_descriptive
residual,divider_residual,timestep_convergence_intermediate,Gamma_divider_linear,Gamma_divider,4,0.0,0.000281191694949251,0.00033514168458162615,-0.7777777777778241,0.00037492225993233236,0.00044685557944217406,leave_one_out_descriptive,intercept=-0.0807630749; Gamma_divider=-0.0724500387,Gamma_divider:negative,ordinary_least_squares_descriptive
absolute_residual,absolute_divider_residual,all_nonexploratory,SMI_linear,SMI,3584,0.2743717873045822,0.03377462917165575,0.06253242774197744,0.27055428041610796,0.033805233555228464,0.06269670251848665,5_fold_seed_202608_descriptive,intercept=0.0535470904; SMI=0.165718246,SMI:positive,ordinary_least_squares_descriptive
absolute_residual,absolute_divider_residual,all_nonexploratory,Gamma_divider_linear,Gamma_divider,3584,0.5010556768484485,0.029326593223416287,0.051853043568108194,0.4991145917886136,0.02936875246796728,0.05195380978644563,5_fold_seed_202608_descriptive,intercept=0.604492026; Gamma_divider=-0.586595555,Gamma_divider:negative,ordinary_least_squares_descriptive
absolute_residual,absolute_divider_residual,all_nonexploratory,log10_R_neck_linear,log10_R_neck_Mohm,3576,0.2920980457689393,0.033440948049706445,0.0617845699085496,0.28929174143580216,0.03350404575218553,0.06190691369363841,5_fold_seed_202608_descriptive,intercept=-0.0982687862; log10_R_neck_Mohm=0.12452126,log10_R_neck_Mohm:positive,ordinary_least_squares_descriptive
absolute_residual,absolute_divider_residual,all_nonexploratory,log10_R_in_d_linear,log10_R_in_d_Mohm,3580,0.1456706889616094,0.044552039792453965,0.06785413682528744,0.14299362756057865,0.04458935594333331,0.06796036495643648,5_fold_seed_202608_descriptive,intercept=0.568154706; log10_R_in_d_Mohm=-0.200586881,log10_R_in_d_Mohm:negative,ordinary_least_squares_descriptive
absolute_residual,absolute_divider_residual,all_nonexploratory,component_pair_log10_OLS,log10_R_neck_Mohm;log10_R_in_d_Mohm,3576,0.49009712735329836,0.03637485743308149,0.052436923264701285,0.4868494831571796,0.03643551797064507,0.05260364733912803,5_fold_seed_202608_descriptive,intercept=0.464650371; log10_R_neck_Mohm=0.136142828; log10_R_in_d_Mohm=-0.235394227,log10_R_neck_Mohm:positive; log10_R_in_d_Mohm:negative,ordinary_least_squares_descriptive
absolute_residual,absolute_divider_residual,all_nonexploratory,component_pair_raw_OLS,R_neck_Mohm;R_in_d_Mohm,3576,0.2809924878326827,0.039053677145981514,0.06226732174589543,0.27025785623224496,0.039175150760836046,0.06273041870212989,5_fold_seed_202608_descriptive,intercept=0.127823768; R_neck_Mohm=0.000791388423; R_in_d_Mohm=-0.000262427338,R_neck_Mohm:positive; R_in_d_Mohm:negative,ordinary_least_squares_descriptive
absolute_residual,absolute_divider_residual,all_nonexploratory,impedance_pair_OLS,log10_Zin_Mohm;transfer_gain,3143,0.0240525869610676,0.02198878157646173,0.028455143874781028,-0.038745613109884225,0.02209712068274533,0.029356358221778203,5_fold_seed_202608_descriptive,intercept=0.0945818303; log10_Zin_Mohm=-0.025895309; transfer_gain=0.254291126,log10_Zin_Mohm:negative; transfer_gain:positive,ordinary_least_squares_descriptive
absolute_residual,absolute_divider_residual,all_nonexploratory,dynamic_plus_transfer_gain_OLS,dynamic_SMI_abs;transfer_gain,3072,0.6847672645234988,0.011594081418200114,0.01465224510048376,0.6834359500723064,0.01161106420583064,0.014683152730372856,5_fold_seed_202608_descriptive,intercept=0.0156223174; dynamic_SMI_abs=0.253207446; transfer_gain=-0.00547829425,dynamic_SMI_abs:positive; transfer_gain:negative,ordinary_least_squares_descriptive
absolute_residual,absolute_divider_residual,all_nonexploratory,synaptic_plus_components_OLS,log10_R_neck_Mohm;log10_R_in_d_Mohm;synaptic_conductance_scale,3072,0.9281444120225169,0.005016070269257354,0.0069955005209834335,0.9277960196039277,0.005026829400752146,0.007012438885717424,5_fold_seed_202608_descriptive,intercept=-0.481462369; log10_R_neck_Mohm=0.0990890906; log10_R_in_d_Mohm=0.16155029; synaptic_conductance_scale=-0.00222523971,log10_R_neck_Mohm:positive; log10_R_in_d_Mohm:positive; synaptic_conductance_scale:negative,ordinary_least_squares_descriptive
absolute_residual,absolute_divider_residual,active_nonlinear_challenge,SMI_linear,SMI,47,0.18597776193033588,0.03200388409833659,0.042055663304156256,0.1217966328701855,0.03301454680905391,0.043682139486388834,5_fold_seed_202608_descriptive,intercept=0.0701932045; SMI=0.0763084232,SMI:positive,ordinary_least_squares_descriptive
absolute_residual,absolute_divider_residual,active_nonlinear_challenge,Gamma_divider_linear,Gamma_divider,47,0.2083381698575587,0.03162961778681257,0.041474026933130494,0.14328432604235086,0.032574007288152254,0.04314442731168347,5_fold_seed_202608_descriptive,intercept=0.230858787; Gamma_divider=-0.177444342,Gamma_divider:negative,ordinary_least_squares_descriptive
absolute_residual,absolute_divider_residual,active_nonlinear_challenge,log10_R_neck_linear,log10_R_neck_Mohm,47,0.027309197013526187,0.035418577897387324,0.045972038012823915,-0.050071528767359874,0.03703018786959427,0.04776566121741864,5_fold_seed_202608_descriptive,intercept=0.0393688634; log10_R_neck_Mohm=0.0296181619,log10_R_neck_Mohm:positive,ordinary_least_squares_descriptive
absolute_residual,absolute_divider_residual,active_nonlinear_challenge,log10_R_in_d_linear,log10_R_in_d_Mohm,47,0.4288349715859435,0.030114234442283186,0.035227932583499155,0.3753231531072764,0.03130262574774983,0.03684122455128696,5_fold_seed_202608_descriptive,intercept=0.760120849; log10_R_in_d_Mohm=-0.251396637,log10_R_in_d_Mohm:negative,ordinary_least_squares_descriptive
absolute_residual,absolute_divider_residual,active_nonlinear_challenge,component_pair_log10_OLS,log10_R_neck_Mohm;log10_R_in_d_Mohm,47,0.5453817429643869,0.021469899796172764,0.031428943965195244,0.4968703374993517,0.02254145850911652,0.03306330881838343,5_fold_seed_202608_descriptive,intercept=0.711561793; log10_R_neck_Mohm=0.0632288806; log10_R_in_d_Mohm=-0.285542914,log10_R_neck_Mohm:positive; log10_R_in_d_Mohm:negative,ordinary_least_squares_descriptive
absolute_residual,absolute_divider_residual,active_nonlinear_challenge,component_pair_raw_OLS,R_neck_Mohm;R_in_d_Mohm,47,0.4855260102258495,0.024195471467275693,0.03343397888842568,0.4276587674407638,0.025668211609461818,0.035264186492821946,5_fold_seed_202608_descriptive,intercept=0.210917328; R_neck_Mohm=0.000122842397; R_in_d_Mohm=-0.000306355411,R_neck_Mohm:positive; R_in_d_Mohm:negative,ordinary_least_squares_descriptive
absolute_residual,absolute_divider_residual,active_nonlinear_challenge,impedance_pair_OLS,log10_Zin_Mohm;transfer_gain,47,0.7289997935160639,0.019647157482315564,0.02426560720472894,0.7029955292951633,0.020677902619710434,0.025403165971724897,5_fold_seed_202608_descriptive,intercept=-0.0521153041; log10_Zin_Mohm=0.0265360707; transfer_gain=1.50292703,log10_Zin_Mohm:positive; transfer_gain:positive,ordinary_least_squares_descriptive
absolute_residual,absolute_divider_residual,baseline_reference_targets,SMI_linear,SMI,3,0.8682171287033036,0.04053049369802448,0.04776322220398662,-37.02352784744812,0.5434626887012411,0.8113165568394745,leave_one_out_descriptive,intercept=0.0613714627; SMI=0.205849555,SMI:positive,ordinary_least_squares_descriptive
absolute_residual,absolute_divider_residual,baseline_reference_targets,Gamma_divider_linear,Gamma_divider,3,0.9200699688857064,0.03274717316749728,0.03719796021849767,-4.206222733779289,0.22966469139417955,0.3002102434889287,leave_one_out_descriptive,intercept=0.558597824; Gamma_divider=-0.514934684,Gamma_divider:negative,ordinary_least_squares_descriptive
absolute_residual,absolute_divider_residual,baseline_reference_targets,log10_R_neck_linear,log10_R_neck_Mohm,3,0.9912783108295486,0.011583637038369657,0.012287525640318616,0.8820459629088347,0.04346806436915752,0.04518773148581091,leave_one_out_descriptive,intercept=-0.016648902; log10_R_neck_Mohm=0.147440645,log10_R_neck_Mohm:positive,ordinary_least_squares_descriptive
absolute_residual,absolute_divider_residual,baseline_reference_targets,log10_R_in_d_linear,log10_R_in_d_Mohm,3,0.0,0.11201016361129572,0.13157219942136603,-1.2500000000000004,0.1680152454169436,0.19735829913204905,leave_one_out_descriptive,intercept=0.0283410953; log10_R_in_d_Mohm=0.061211887,log10_R_in_d_Mohm:positive,ordinary_least_squares_descriptive
absolute_residual,absolute_divider_residual,exploratory_matched_baseline_comparisons,SMI_linear,SMI,27,0.8577607894206345,0.0032501465101908568,0.0039835213804981645,0.8383730186894875,0.00346171858313079,0.004246336596923881,leave_one_out_descriptive,intercept=-0.00494100464; SMI=0.718900323,SMI:positive,ordinary_least_squares_descriptive
absolute_residual,absolute_divider_residual,exploratory_matched_baseline_comparisons,Gamma_divider_linear,Gamma_divider,27,0.858743287925652,0.003255126608801435,0.00396973971738132,0.8387959766835941,0.003479854600001265,0.004240776886140946,leave_one_out_descriptive,intercept=0.794780846; Gamma_divider=-0.801814918,Gamma_divider:negative,ordinary_least_squares_descriptive
absolute_residual,absolute_divider_residual,exploratory_matched_baseline_comparisons,log10_R_neck_linear,log10_R_neck_Mohm,27,0.359892453628046,0.007633812235148612,0.008450530224775462,0.2251744077283958,0.00829768722790063,0.009297356078184141,leave_one_out_descriptive,intercept=-0.0531849497; log10_R_neck_Mohm=0.066534541,log10_R_neck_Mohm:positive,ordinary_least_squares_descriptive
absolute_residual,absolute_divider_residual,exploratory_matched_baseline_comparisons,log10_R_in_d_linear,log10_R_in_d_Mohm,27,0.5877650990059553,0.0050993642602079016,0.006781563998762261,0.5097164215108239,0.005534759047517472,0.007395731902120964,leave_one_out_descriptive,intercept=0.368449395; log10_R_in_d_Mohm=-0.131354003,log10_R_in_d_Mohm:negative,ordinary_least_squares_descriptive
absolute_residual,absolute_divider_residual,exploratory_matched_baseline_comparisons,component_pair_log10_OLS,log10_R_neck_Mohm;log10_R_in_d_Mohm,27,0.947541573480436,0.0020903651773005413,0.002419162912038337,0.9267063156480377,0.002400666977670327,0.0028595043566561167,leave_one_out_descriptive,intercept=0.285483296; log10_R_neck_Mohm=0.0665238199; log10_R_in_d_Mohm=-0.131341043,log10_R_neck_Mohm:positive; log10_R_in_d_Mohm:negative,ordinary_least_squares_descriptive
absolute_residual,absolute_divider_residual,exploratory_matched_baseline_comparisons,component_pair_raw_OLS,R_neck_Mohm;R_in_d_Mohm,27,0.9537223953258064,0.0018642466992381149,0.002272180988320145,0.9345505732211884,0.0021491434074445565,0.002702155946963539,leave_one_out_descriptive,intercept=0.0631509268; R_neck_Mohm=0.00148883601; R_in_d_Mohm=-0.000157725713,R_neck_Mohm:positive; R_in_d_Mohm:negative,ordinary_least_squares_descriptive
absolute_residual,absolute_divider_residual,exploratory_mechanistic_decomposition,SMI_linear,SMI,8,0.9956428218793992,0.00028698924903151294,0.00036808752262323247,0.9863707058582817,0.0004639451954108389,0.0006510061947101986,leave_one_out_descriptive,intercept=0.00806582075; SMI=0.572237097,SMI:positive,ordinary_least_squares_descriptive
absolute_residual,absolute_divider_residual,exploratory_mechanistic_decomposition,Gamma_divider_linear,Gamma_divider,8,0.995643191144311,0.0002869794207687477,0.0003680719248346242,0.9863720408891198,0.00046392687519787156,0.0006509743099104113,leave_one_out_descriptive,intercept=0.654373924; Gamma_divider=-0.648632924,Gamma_divider:negative,ordinary_least_squares_descriptive
absolute_residual,absolute_divider_residual,exploratory_scenario_uncertainty,SMI_linear,SMI,72,0.9913974726993179,0.0007402806954749921,0.0010387164703644983,0.9905598448609315,0.0007705599934432269,0.0010881118852221902,5_fold_seed_202608_descriptive,intercept=0.00728972794; SMI=0.575474156,SMI:positive,ordinary_least_squares_descriptive
absolute_residual,absolute_divider_residual,exploratory_scenario_uncertainty,Gamma_divider_linear,Gamma_divider,72,0.993462880896155,0.0006261791341490817,0.0009054765076272251,0.9928951619345044,0.0006512103008200587,0.0009439762769871521,5_fold_seed_202608_descriptive,intercept=0.659819341; Gamma_divider=-0.65486324,Gamma_divider:negative,ordinary_least_squares_descriptive
absolute_residual,absolute_divider_residual,exploratory_scenario_uncertainty,log10_R_neck_linear,log10_R_neck_Mohm,72,0.9815095500406965,0.0011845213886022173,0.001522852105580342,0.9796249494973861,0.001240645590216281,0.0015985761720629153,5_fold_seed_202608_descriptive,intercept=-0.0587789782; log10_R_neck_Mohm=0.080643534,log10_R_neck_Mohm:positive,ordinary_least_squares_descriptive
absolute_residual,absolute_divider_residual,exploratory_scenario_uncertainty,log10_R_in_d_linear,log10_R_in_d_Mohm,72,0.03671853928515656,0.009112071596236553,0.010991591745088765,-0.09077030842669598,0.009564690197485036,0.01169635771593556,5_fold_seed_202608_descriptive,intercept=251.819147; log10_R_in_d_Mohm=-101.064468,log10_R_in_d_Mohm:negative,ordinary_least_squares_descriptive
absolute_residual,absolute_divider_residual,exploratory_scenario_uncertainty,component_pair_log10_OLS,log10_R_neck_Mohm;log10_R_in_d_Mohm,72,0.9815133100802205,0.0011839249438308115,0.00152269726145152,0.9784844572345807,0.0012613746425053276,0.0016427071273267032,5_fold_seed_202608_descriptive,intercept=2.53712968; log10_R_neck_Mohm=0.0806127382; log10_R_in_d_Mohm=-1.04199263,log10_R_neck_Mohm:positive; log10_R_in_d_Mohm:negative,ordinary_least_squares_descriptive
absolute_residual,absolute_divider_residual,exploratory_scenario_uncertainty,component_pair_raw_OLS,R_neck_Mohm;R_in_d_Mohm,72,0.9915826425986197,0.0007212579853479966,0.0010274764395984228,0.9905062189715809,0.000756315456630619,0.001091198081046676,5_fold_seed_202608_descriptive,intercept=-3.10932596; R_neck_Mohm=0.00186212385; R_in_d_Mohm=0.0100557314,R_neck_Mohm:positive; R_in_d_Mohm:positive,ordinary_least_squares_descriptive
absolute_residual,absolute_divider_residual,exploratory_scenario_uncertainty,impedance_pair_OLS,log10_Zin_Mohm;transfer_gain,72,0.08422955770718543,0.008989328693630687,0.010717100399286287,-0.1468207134116979,0.00986710916292354,0.01199310821740599,5_fold_seed_202608_descriptive,intercept=-69897833.4; log10_Zin_Mohm=56855814.6; transfer_gain=-666470493,log10_Zin_Mohm:positive; transfer_gain:negative,ordinary_least_squares_descriptive
absolute_residual,absolute_divider_residual,exploratory_scenario_uncertainty,dynamic_plus_transfer_gain_OLS,dynamic_SMI_abs;transfer_gain,72,0.9915815100460676,0.0007212896810904716,0.0010275455605747662,0.990504168820394,0.0007563929877467614,0.001091315895027871,5_fold_seed_202608_descriptive,intercept=-21.3478178; dynamic_SMI_abs=0.309304996; transfer_gain=252.601312,dynamic_SMI_abs:positive; transfer_gain:positive,ordinary_least_squares_descriptive
absolute_residual,absolute_divider_residual,exploratory_scenario_uncertainty,synaptic_plus_components_OLS,log10_R_neck_Mohm;log10_R_in_d_Mohm;synaptic_conductance_scale,72,0.9863455361385721,0.0009920217457410133,0.0013086433857102564,0.9836886730891095,0.0010554871399408405,0.001430304925563059,5_fold_seed_202608_descriptive,intercept=9.65239371; log10_R_neck_Mohm=0.0817975747; log10_R_in_d_Mohm=-3.89719789; synaptic_conductance_scale=-0.00333735546,log10_R_neck_Mohm:positive; log10_R_in_d_Mohm:negative; synaptic_conductance_scale:negative,ordinary_least_squares_descriptive
absolute_residual,absolute_divider_residual,exploratory_scenarios,SMI_linear,SMI,27,0.8577607894206345,0.0032501465101908568,0.0039835213804981645,0.8383730186894875,0.00346171858313079,0.004246336596923881,leave_one_out_descriptive,intercept=-0.00494100464; SMI=0.718900323,SMI:positive,ordinary_least_squares_descriptive
absolute_residual,absolute_divider_residual,exploratory_scenarios,Gamma_divider_linear,Gamma_divider,27,0.858743287925652,0.003255126608801435,0.00396973971738132,0.8387959766835941,0.003479854600001265,0.004240776886140946,leave_one_out_descriptive,intercept=0.794780846; Gamma_divider=-0.801814918,Gamma_divider:negative,ordinary_least_squares_descriptive
absolute_residual,absolute_divider_residual,exploratory_scenarios,log10_R_neck_linear,log10_R_neck_Mohm,27,0.359892453628046,0.007633812235148612,0.008450530224775462,0.2251744077283958,0.00829768722790063,0.009297356078184141,leave_one_out_descriptive,intercept=-0.0531849497; log10_R_neck_Mohm=0.066534541,log10_R_neck_Mohm:positive,ordinary_least_squares_descriptive
absolute_residual,absolute_divider_residual,exploratory_scenarios,log10_R_in_d_linear,log10_R_in_d_Mohm,27,0.5877650990059553,0.0050993642602079016,0.006781563998762261,0.5097164215108239,0.005534759047517472,0.007395731902120964,leave_one_out_descriptive,intercept=0.368449395; log10_R_in_d_Mohm=-0.131354003,log10_R_in_d_Mohm:negative,ordinary_least_squares_descriptive
absolute_residual,absolute_divider_residual,exploratory_scenarios,component_pair_log10_OLS,log10_R_neck_Mohm;log10_R_in_d_Mohm,27,0.947541573480436,0.0020903651773005413,0.002419162912038337,0.9267063156480377,0.002400666977670327,0.0028595043566561167,leave_one_out_descriptive,intercept=0.285483296; log10_R_neck_Mohm=0.0665238199; log10_R_in_d_Mohm=-0.131341043,log10_R_neck_Mohm:positive; log10_R_in_d_Mohm:negative,ordinary_least_squares_descriptive
absolute_residual,absolute_divider_residual,exploratory_scenarios,component_pair_raw_OLS,R_neck_Mohm;R_in_d_Mohm,27,0.9537223953258064,0.0018642466992381149,0.002272180988320145,0.9345505732211884,0.0021491434074445565,0.002702155946963539,leave_one_out_descriptive,intercept=0.0631509268; R_neck_Mohm=0.00148883601; R_in_d_Mohm=-0.000157725713,R_neck_Mohm:positive; R_in_d_Mohm:negative,ordinary_least_squares_descriptive
absolute_residual,absolute_divider_residual,exploratory_scenarios,impedance_pair_OLS,log10_Zin_Mohm;transfer_gain,27,0.6547235895066703,0.00435429597043761,0.006206416828755218,0.5634418197343787,0.004962119143466127,0.006978764626017602,leave_one_out_descriptive,intercept=827.563197; log10_Zin_Mohm=-305.488516; transfer_gain=-1765.09066,log10_Zin_Mohm:negative; transfer_gain:negative,ordinary_least_squares_descriptive
absolute_residual,absolute_divider_residual,exploratory_scenarios,dynamic_plus_transfer_gain_OLS,dynamic_SMI_abs;transfer_gain,27,0.965587880715792,0.001646113565227808,0.0019593552983644337,0.9572771788485226,0.0018289575640168141,0.002183169459629911,leave_one_out_descriptive,intercept=-0.00492737647; dynamic_SMI_abs=0.323479452; transfer_gain=0.128878547,dynamic_SMI_abs:positive; transfer_gain:positive,ordinary_least_squares_descriptive
absolute_residual,absolute_divider_residual,exploratory_scenarios,synaptic_plus_components_OLS,log10_R_neck_Mohm;log10_R_in_d_Mohm;synaptic_conductance_scale,27,0.9518595232834711,0.0019247478625069717,0.0023174623066884678,0.9281810405999635,0.002290942781899794,0.002830590468543283,leave_one_out_descriptive,intercept=0.287789769; log10_R_neck_Mohm=0.0680519208; log10_R_in_d_Mohm=-0.131341899; synaptic_conductance_scale=-0.00380740043,log10_R_neck_Mohm:positive; log10_R_in_d_Mohm:negative; synaptic_conductance_scale:negative,ordinary_least_squares_descriptive
absolute_residual,absolute_divider_residual,fixed_load_geometry_sweep,SMI_linear,SMI,400,0.19155682248323236,0.11246141314341446,0.12973799761537771,0.16788297461078228,0.11317529288058394,0.13162386658424452,5_fold_seed_202608_descriptive,intercept=0.142005615; SMI=0.118099361,SMI:positive,ordinary_least_squares_descriptive
absolute_residual,absolute_divider_residual,fixed_load_geometry_sweep,Gamma_divider_linear,Gamma_divider,400,0.5175166365535679,0.0811141586548205,0.10022674171115005,0.5126131033149803,0.08115368900797282,0.10073476208842407,5_fold_seed_202608_descriptive,intercept=0.667546942; Gamma_divider=-0.587428905,Gamma_divider:negative,ordinary_least_squares_descriptive
absolute_residual,absolute_divider_residual,fixed_load_geometry_sweep,log10_R_neck_linear,log10_R_neck_Mohm,400,0.7101149661763566,0.06232304001038551,0.07768824981395922,0.708446957271718,0.06241753148222874,0.07791143970480047,5_fold_seed_202608_descriptive,intercept=-0.0739472698; log10_R_neck_Mohm=0.204613749,log10_R_neck_Mohm:positive,ordinary_least_squares_descriptive
absolute_residual,absolute_divider_residual,fixed_load_geometry_sweep,log10_R_in_d_linear,log10_R_in_d_Mohm,400,-2.220446049250313e-16,0.12957072353436638,0.144292062269468,-0.0041644768391786435,0.12971493836079995,0.14459220059004915,5_fold_seed_202608_descriptive,intercept=0.0314108266; log10_R_in_d_Mohm=0.067841978,log10_R_in_d_Mohm:positive,ordinary_least_squares_descriptive
absolute_residual,absolute_divider_residual,fixed_load_geometry_sweep,component_pair_log10_OLS,log10_R_neck_Mohm;log10_R_in_d_Mohm,400,0.7101149661763567,0.06232304001038546,0.07768824981395922,0.708446957271718,0.06241753148222877,0.07791143970480045,5_fold_seed_202608_descriptive,intercept=-0.0130536885; log10_R_neck_Mohm=0.204613749; log10_R_in_d_Mohm=-0.0281937199,log10_R_neck_Mohm:positive; log10_R_in_d_Mohm:negative,ordinary_least_squares_descriptive
absolute_residual,absolute_divider_residual,fixed_load_geometry_sweep,component_pair_raw_OLS,R_neck_Mohm;R_in_d_Mohm,400,0.19155682248323236,0.11246141314341448,0.12973799761537771,0.1678829746107825,0.11317529288058392,0.13162386658424452,5_fold_seed_202608_descriptive,intercept=6.80188082e-06; R_neck_Mohm=0.000817371891; R_in_d_Mohm=0.00098278126,R_neck_Mohm:positive; R_in_d_Mohm:positive,ordinary_least_squares_descriptive
absolute_residual,absolute_divider_residual,global_uncertainty_N96,SMI_linear,SMI,192,0.35904841050569114,0.017269728177028862,0.020882537648559574,0.3419265319454634,0.017440168478642448,0.02115961928293513,5_fold_seed_202608_descriptive,intercept=0.0296457738; SMI=0.311880888,SMI:positive,ordinary_least_squares_descriptive
absolute_residual,absolute_divider_residual,global_uncertainty_N96,Gamma_divider_linear,Gamma_divider,192,0.36499042735969467,0.017167033308948487,0.020785515253856385,0.34768838051463413,0.01733424016628076,0.021066782714407907,5_fold_seed_202608_descriptive,intercept=0.41685264; Gamma_divider=-0.390659936,Gamma_divider:negative,ordinary_least_squares_descriptive
absolute_residual,absolute_divider_residual,global_uncertainty_N96,log10_R_neck_linear,log10_R_neck_Mohm,192,0.692970634870141,0.01207106298508757,0.014453086966521924,0.6835893478187522,0.01220766872380373,0.014672232710788496,5_fold_seed_202608_descriptive,intercept=-0.0776535775; log10_R_neck_Mohm=0.0974956328,log10_R_neck_Mohm:positive,ordinary_least_squares_descriptive
absolute_residual,absolute_divider_residual,global_uncertainty_N96,log10_R_in_d_linear,log10_R_in_d_Mohm,192,0.21480292126003997,0.017790935665569607,0.02311319568461263,0.19149228664910212,0.018050152009654197,0.023453774345490334,5_fold_seed_202608_descriptive,intercept=-0.316967508; log10_R_in_d_Mohm=0.149812037,log10_R_in_d_Mohm:positive,ordinary_least_squares_descriptive
absolute_residual,absolute_divider_residual,global_uncertainty_N96,component_pair_log10_OLS,log10_R_neck_Mohm;log10_R_in_d_Mohm,192,0.9396957951092362,0.004783856939151927,0.0064053734667069255,0.9347190358885067,0.004930573926467943,0.0066644442372742465,5_fold_seed_202608_descriptive,intercept=-0.482514079; log10_R_neck_Mohm=0.0997937309; log10_R_in_d_Mohm=0.160683741,log10_R_neck_Mohm:positive; log10_R_in_d_Mohm:positive,ordinary_least_squares_descriptive
absolute_residual,absolute_divider_residual,global_uncertainty_N96,component_pair_raw_OLS,R_neck_Mohm;R_in_d_Mohm,192,0.941848314690923,0.004887864606851602,0.00629001688743125,0.9404562536431449,0.0049463227120236505,0.0063648582582978164,5_fold_seed_202608_descriptive,intercept=-0.0540321069; R_neck_Mohm=0.00155562055; R_in_d_Mohm=0.000212985568,R_neck_Mohm:positive; R_in_d_Mohm:positive,ordinary_least_squares_descriptive
absolute_residual,absolute_divider_residual,global_uncertainty_N96,impedance_pair_OLS,log10_Zin_Mohm;transfer_gain,192,0.07268737190481778,0.02001231345864841,0.0251179242070642,0.03925160473887934,0.020331794326488947,0.025566748098179035,5_fold_seed_202608_descriptive,intercept=5.23116912; log10_Zin_Mohm=-2.34028037; transfer_gain=0.249523333,log10_Zin_Mohm:negative; transfer_gain:positive,ordinary_least_squares_descriptive
absolute_residual,absolute_divider_residual,global_uncertainty_N96,dynamic_plus_transfer_gain_OLS,dynamic_SMI_abs;transfer_gain,192,0.700241781262536,0.01145576042441141,0.014280920723650543,0.6902602938444732,0.01161172064192556,0.014516740036492505,5_fold_seed_202608_descriptive,intercept=0.0238014645; dynamic_SMI_abs=0.251338801; transfer_gain=-0.0964018775,dynamic_SMI_abs:positive; transfer_gain:negative,ordinary_least_squares_descriptive
absolute_residual,absolute_divider_residual,global_uncertainty_N96,synaptic_plus_components_OLS,log10_R_neck_Mohm;log10_R_in_d_Mohm;synaptic_conductance_scale,192,0.9429617807406045,0.00475645662190777,0.006229506420549663,0.9377772974076306,0.004919782594590547,0.006506464938238972,5_fold_seed_202608_descriptive,intercept=-0.478552919; log10_R_neck_Mohm=0.099614054; log10_R_in_d_Mohm=0.160715204; synaptic_conductance_scale=-0.00350368916,log10_R_neck_Mohm:positive; log10_R_in_d_Mohm:positive; synaptic_conductance_scale:negative,ordinary_least_squares_descriptive
absolute_residual,absolute_divider_residual,matched_neck_heterogeneous_load,SMI_linear,SMI,30,0.908213711293169,0.03097041927251753,0.03663631252725924,0.8578651843162353,0.03598710264244666,0.04559036670951117,5_fold_seed_202608_descriptive,intercept=0.525626222; SMI=-0.147495344,SMI:negative,ordinary_least_squares_descriptive
absolute_residual,absolute_divider_residual,matched_neck_heterogeneous_load,Gamma_divider_linear,Gamma_divider,30,0.9995479803873948,0.0020745327015478316,0.0025709965243974563,0.9993611651657094,0.0023803583410512952,0.003056448938481777,5_fold_seed_202608_descriptive,intercept=-0.0847290841; Gamma_divider=0.835220673,Gamma_divider:positive,ordinary_least_squares_descriptive
absolute_residual,absolute_divider_residual,matched_neck_heterogeneous_load,log10_R_neck_linear,log10_R_neck_Mohm,30,0.0,0.10339965989868707,0.12092688062840472,-0.1338320062221252,0.11017275612937218,0.12876481442843263,5_fold_seed_202608_descriptive,intercept=0.0756071726; log10_R_neck_Mohm=0.151214345,log10_R_neck_Mohm:positive,ordinary_least_squares_descriptive
absolute_residual,absolute_divider_residual,matched_neck_heterogeneous_load,log10_R_in_d_linear,log10_R_in_d_Mohm,30,0.998031096560714,0.0036571544985717196,0.005365807139240121,0.9970114969092584,0.004354855841718352,0.00661073433909961,5_fold_seed_202608_descriptive,intercept=-0.571043221; log10_R_in_d_Mohm=0.452939916,log10_R_in_d_Mohm:positive,ordinary_least_squares_descriptive
absolute_residual,absolute_divider_residual,matched_neck_heterogeneous_load,component_pair_log10_OLS,log10_R_neck_Mohm;log10_R_in_d_Mohm,30,0.998031096560714,0.0036571544985716815,0.00536580713924012,0.9970114969092584,0.004354855841718261,0.006610734339099636,5_fold_seed_202608_descriptive,intercept=-0.114208644; log10_R_neck_Mohm=-0.228417288; log10_R_in_d_Mohm=0.452939916,log10_R_neck_Mohm:negative; log10_R_in_d_Mohm:positive,ordinary_least_squares_descriptive
absolute_residual,absolute_divider_residual,matched_neck_heterogeneous_load,component_pair_raw_OLS,R_neck_Mohm;R_in_d_Mohm,30,0.9589586418153365,0.020888321307409245,0.024498173857932945,0.9485952541678013,0.023388993394643686,0.027417285739937333,5_fold_seed_202608_descriptive,intercept=1.16077871e-05; R_neck_Mohm=0.00116077871; R_in_d_Mohm=0.0018065954,R_neck_Mohm:positive; R_in_d_Mohm:positive,ordinary_least_squares_descriptive
absolute_residual,absolute_divider_residual,passive_morphology_challenge,SMI_linear,SMI,24,0.14515021105760828,0.05305225380107714,0.07921038788631815,-0.010015577829876943,0.05793113280853104,0.08609962732509308,leave_one_out_descriptive,intercept=0.0757005197; SMI=0.137624779,SMI:positive,ordinary_least_squares_descriptive
absolute_residual,absolute_divider_residual,passive_morphology_challenge,Gamma_divider_linear,Gamma_divider,24,0.18372702311435862,0.05133729429787757,0.07740249236165546,0.022397316235205578,0.05623950474968384,0.08470682976772201,leave_one_out_descriptive,intercept=0.378729595; Gamma_divider=-0.339693013,Gamma_divider:negative,ordinary_least_squares_descriptive
absolute_residual,absolute_divider_residual,passive_morphology_challenge,log10_R_neck_linear,log10_R_neck_Mohm,24,0.0011647137368141491,0.058123930286973664,0.0856217645501296,-0.1338612291072392,0.06260270715554483,0.09122569659581377,leave_one_out_descriptive,intercept=0.160734918; log10_R_neck_Mohm=-0.0126175136,log10_R_neck_Mohm:negative,ordinary_least_squares_descriptive
absolute_residual,absolute_divider_residual,passive_morphology_challenge,log10_R_in_d_linear,log10_R_in_d_Mohm,24,0.6195970061453893,0.03837445279118897,0.05283956075237322,0.43371649771896637,0.04401600424749392,0.06446948341441303,leave_one_out_descriptive,intercept=1.33415018; log10_R_in_d_Mohm=-0.467816564,log10_R_in_d_Mohm:negative,ordinary_least_squares_descriptive
absolute_residual,absolute_divider_residual,passive_morphology_challenge,component_pair_log10_OLS,log10_R_neck_Mohm;log10_R_in_d_Mohm,24,0.6662033376891645,0.03442760348370332,0.04949692628665219,0.47491956123831724,0.041275749633620136,0.06207977801908501,leave_one_out_descriptive,intercept=1.26113544; log10_R_neck_Mohm=0.083797078; log10_R_in_d_Mohm=-0.508846283,log10_R_neck_Mohm:positive; log10_R_in_d_Mohm:negative,ordinary_least_squares_descriptive
absolute_residual,absolute_divider_residual,passive_morphology_challenge,component_pair_raw_OLS,R_neck_Mohm;R_in_d_Mohm,24,0.49405955873488505,0.040987892365451986,0.060937822743525716,0.274998764196682,0.04844284631309392,0.0729468611099337,leave_one_out_descriptive,intercept=0.307057453; R_neck_Mohm=0.000179719308; R_in_d_Mohm=-0.000520479686,R_neck_Mohm:positive; R_in_d_Mohm:negative,ordinary_least_squares_descriptive
absolute_residual,absolute_divider_residual,passive_morphology_challenge,impedance_pair_OLS,log10_Zin_Mohm;transfer_gain,24,0.913465038867947,0.020802102589987725,0.025201885672258853,-0.286930305344838,0.04157188102811336,0.09718847097248655,leave_one_out_descriptive,intercept=0.550039984; log10_Zin_Mohm=-0.190604011; transfer_gain=0.260238507,log10_Zin_Mohm:negative; transfer_gain:positive,ordinary_least_squares_descriptive
absolute_residual,absolute_divider_residual,progressive_uncertainty_N192,SMI_linear,SMI,384,0.37691223569643817,0.017970074655546477,0.0224342840895291,0.3658561681672392,0.01809926618166315,0.02263244584609192,5_fold_seed_202608_descriptive,intercept=0.0271740881; SMI=0.345206447,SMI:positive,ordinary_least_squares_descriptive
absolute_residual,absolute_divider_residual,progressive_uncertainty_N192,Gamma_divider_linear,Gamma_divider,384,0.3881493476731859,0.017812743922299746,0.022231067499853898,0.37814081315649894,0.017932169546259025,0.022412155701466097,5_fold_seed_202608_descriptive,intercept=0.458981359; Gamma_divider=-0.435905647,Gamma_divider:negative,ordinary_least_squares_descriptive
absolute_residual,absolute_divider_residual,progressive_uncertainty_N192,log10_R_neck_linear,log10_R_neck_Mohm,384,0.7033069342754243,0.012407770578946029,0.015480725206976645,0.6981828638957305,0.012543315828103488,0.015613833738547234,5_fold_seed_202608_descriptive,intercept=-0.0823748883; log10_R_neck_Mohm=0.101369663,log10_R_neck_Mohm:positive,ordinary_least_squares_descriptive
absolute_residual,absolute_divider_residual,progressive_uncertainty_N192,log10_R_in_d_linear,log10_R_in_d_Mohm,384,0.26181208653742283,0.018900735636142047,0.02441861731213624,0.25918619701308576,0.018916959855525564,0.024462009833756973,5_fold_seed_202608_descriptive,intercept=-0.392623608; log10_R_in_d_Mohm=0.180323028,log10_R_in_d_Mohm:positive,ordinary_least_squares_descriptive
absolute_residual,absolute_divider_residual,progressive_uncertainty_N192,component_pair_log10_OLS,log10_R_neck_Mohm;log10_R_in_d_Mohm,384,0.9269579224440344,0.005379131997979021,0.0076811131433720805,0.9247871636479131,0.0054339953810070875,0.007794416106111478,5_fold_seed_202608_descriptive,intercept=-0.495748238; log10_R_neck_Mohm=0.0986894718; log10_R_in_d_Mohm=0.166847072,log10_R_neck_Mohm:positive; log10_R_in_d_Mohm:positive,ordinary_least_squares_descriptive
absolute_residual,absolute_divider_residual,progressive_uncertainty_N192,component_pair_raw_OLS,R_neck_Mohm;R_in_d_Mohm,384,0.9410991709769431,0.0050735413720656136,0.006897604794054825,0.9397152926806033,0.005110785832169735,0.006978164161167461,5_fold_seed_202608_descriptive,intercept=-0.0550561499; R_neck_Mohm=0.00154415186; R_in_d_Mohm=0.000217366887,R_neck_Mohm:positive; R_in_d_Mohm:positive,ordinary_least_squares_descriptive
absolute_residual,absolute_divider_residual,progressive_uncertainty_N192,impedance_pair_OLS,log10_Zin_Mohm;transfer_gain,384,0.06565056912024869,0.02160605444308179,0.027472125786092576,0.049618099153445505,0.021737628585279955,0.027706819925021355,5_fold_seed_202608_descriptive,intercept=5.44922084; log10_Zin_Mohm=-2.44229711; transfer_gain=0.353538815,log10_Zin_Mohm:negative; transfer_gain:positive,ordinary_least_squares_descriptive
absolute_residual,absolute_divider_residual,progressive_uncertainty_N192,dynamic_plus_transfer_gain_OLS,dynamic_SMI_abs;transfer_gain,384,0.7340194563336018,0.011518197493399399,0.014657588947223948,0.7291151280026991,0.011591134810747273,0.014792104951832691,5_fold_seed_202608_descriptive,intercept=0.00307787498; dynamic_SMI_abs=0.266391704; transfer_gain=0.117733098,dynamic_SMI_abs:positive; transfer_gain:positive,ordinary_least_squares_descriptive
absolute_residual,absolute_divider_residual,progressive_uncertainty_N192,synaptic_plus_components_OLS,log10_R_neck_Mohm;log10_R_in_d_Mohm;synaptic_conductance_scale,384,0.9273760844251709,0.0053995197073980665,0.007659094603765056,0.9247443774771312,0.005486471967705323,0.007796632787597776,5_fold_seed_202608_descriptive,intercept=-0.494840273; log10_R_neck_Mohm=0.0987062624; log10_R_in_d_Mohm=0.167065008; synaptic_conductance_scale=-0.00136417709,log10_R_neck_Mohm:positive; log10_R_in_d_Mohm:positive; synaptic_conductance_scale:negative,ordinary_least_squares_descriptive
absolute_residual,absolute_divider_residual,progressive_uncertainty_N384,SMI_linear,SMI,768,0.3125295708951683,0.0167102608875019,0.020779121285650258,0.302741173494669,0.016825560589183216,0.020926527923599277,5_fold_seed_202608_descriptive,intercept=0.0313665541; SMI=0.288444928,SMI:positive,ordinary_least_squares_descriptive
absolute_residual,absolute_divider_residual,progressive_uncertainty_N384,Gamma_divider_linear,Gamma_divider,768,0.32623694220995725,0.01656509524713151,0.020570922333553777,0.31678923565317296,0.01666992068017939,0.020714646057556435,5_fold_seed_202608_descriptive,intercept=0.392994085; Gamma_divider=-0.36516273,Gamma_divider:negative,ordinary_least_squares_descriptive
absolute_residual,absolute_divider_residual,progressive_uncertainty_N384,log10_R_neck_linear,log10_R_neck_Mohm,768,0.6643588709475711,0.011736912394133167,0.014519035048451822,0.6591277215203821,0.011810235918314751,0.014631741126337318,5_fold_seed_202608_descriptive,intercept=-0.0733213347; log10_R_neck_Mohm=0.0940301897,log10_R_neck_Mohm:positive,ordinary_least_squares_descriptive
absolute_residual,absolute_divider_residual,progressive_uncertainty_N384,log10_R_in_d_linear,log10_R_in_d_Mohm,768,0.19324788595176323,0.018191525227427837,0.022509726748338232,0.18249600451445336,0.01830885872504014,0.02265922797639898,5_fold_seed_202608_descriptive,intercept=-0.284577969; log10_R_in_d_Mohm=0.136659474,log10_R_in_d_Mohm:positive,ordinary_least_squares_descriptive
absolute_residual,absolute_divider_residual,progressive_uncertainty_N384,component_pair_log10_OLS,log10_R_neck_Mohm;log10_R_in_d_Mohm,768,0.9300488791421155,0.004744708847263261,0.006628229019982095,0.9283261270567138,0.00479458559904959,0.006709352399495751,5_fold_seed_202608_descriptive,intercept=-0.48302787; log10_R_neck_Mohm=0.0994318561; log10_R_in_d_Mohm=0.160899421,log10_R_neck_Mohm:positive; log10_R_in_d_Mohm:positive,ordinary_least_squares_descriptive
absolute_residual,absolute_divider_residual,progressive_uncertainty_N384,component_pair_raw_OLS,R_neck_Mohm;R_in_d_Mohm,768,0.917173352658673,0.005161073667319606,0.007212489735919811,0.9162714214926334,0.005190697421596511,0.007251653193181594,5_fold_seed_202608_descriptive,intercept=-0.0536305169; R_neck_Mohm=0.00158771602; R_in_d_Mohm=0.000208510774,R_neck_Mohm:positive; R_in_d_Mohm:positive,ordinary_least_squares_descriptive
absolute_residual,absolute_divider_residual,progressive_uncertainty_N384,impedance_pair_OLS,log10_Zin_Mohm;transfer_gain,768,0.08747281637349613,0.01912996889974961,0.023939940809544275,0.07698369075991218,0.01921278201122098,0.024077137580031265,5_fold_seed_202608_descriptive,intercept=5.44809721; log10_Zin_Mohm=-2.43724024; transfer_gain=0.22360422,log10_Zin_Mohm:negative; transfer_gain:positive,ordinary_least_squares_descriptive
absolute_residual,absolute_divider_residual,progressive_uncertainty_N384,dynamic_plus_transfer_gain_OLS,dynamic_SMI_abs;transfer_gain,768,0.6721255410989658,0.011355045911399733,0.014350068044404992,0.6675266843124175,0.011421485625032453,0.01445035658887137,5_fold_seed_202608_descriptive,intercept=0.0234910574; dynamic_SMI_abs=0.250533409; transfer_gain=-0.0930107501,dynamic_SMI_abs:positive; transfer_gain:negative,ordinary_least_squares_descriptive
absolute_residual,absolute_divider_residual,progressive_uncertainty_N384,synaptic_plus_components_OLS,log10_R_neck_Mohm;log10_R_in_d_Mohm;synaptic_conductance_scale,768,0.9312472132360872,0.0047354743738912495,0.006571209600850386,0.9290847371937794,0.004796614115642322,0.0066737514050671095,5_fold_seed_202608_descriptive,intercept=-0.479861628; log10_R_neck_Mohm=0.0992072506; log10_R_in_d_Mohm=0.160639844; synaptic_conductance_scale=-0.00203881493,log10_R_neck_Mohm:positive; log10_R_in_d_Mohm:positive; synaptic_conductance_scale:negative,ordinary_least_squares_descriptive
absolute_residual,absolute_divider_residual,progressive_uncertainty_N768,SMI_linear,SMI,1536,0.3254527274635576,0.017217200401211136,0.021644547105541742,0.3248824472627314,0.017225689975463244,0.021653694610396616,5_fold_seed_202608_descriptive,intercept=0.0303007092; SMI=0.30404154,SMI:positive,ordinary_least_squares_descriptive
absolute_residual,absolute_divider_residual,progressive_uncertainty_N768,Gamma_divider_linear,Gamma_divider,1536,0.3408480600413547,0.017063178915246422,0.02139612246409309,0.340257718250078,0.01707334717768634,0.021405701589670978,5_fold_seed_202608_descriptive,intercept=0.413960684; Gamma_divider=-0.387580946,Gamma_divider:negative,ordinary_least_squares_descriptive
absolute_residual,absolute_divider_residual,progressive_uncertainty_N768,log10_R_neck_linear,log10_R_neck_Mohm,1536,0.6775046296521304,0.011961577299388517,0.014965941727537626,0.6770217740479758,0.011970769723964129,0.014977141401389544,5_fold_seed_202608_descriptive,intercept=-0.078780967; log10_R_neck_Mohm=0.0982125176,log10_R_neck_Mohm:positive,ordinary_least_squares_descriptive
absolute_residual,absolute_divider_residual,progressive_uncertainty_N768,log10_R_in_d_linear,log10_R_in_d_Mohm,1536,0.22405876725865548,0.018488998460256537,0.023214360420868437,0.22215956949893378,0.018510028173283535,0.02324275285221635,5_fold_seed_202608_descriptive,intercept=-0.329390807; log10_R_in_d_Mohm=0.154724836,log10_R_in_d_Mohm:positive,ordinary_least_squares_descriptive
absolute_residual,absolute_divider_residual,progressive_uncertainty_N768,component_pair_log10_OLS,log10_R_neck_Mohm;log10_R_in_d_Mohm,1536,0.9243136461546714,0.005153466323773445,0.0072502185747805705,0.9237595011396096,0.005170753838524177,0.007276711761010168,5_fold_seed_202608_descriptive,intercept=-0.487206566; log10_R_neck_Mohm=0.0998877286; log10_R_in_d_Mohm=0.162454942,log10_R_neck_Mohm:positive; log10_R_in_d_Mohm:positive,ordinary_least_squares_descriptive
absolute_residual,absolute_divider_residual,progressive_uncertainty_N768,component_pair_raw_OLS,R_neck_Mohm;R_in_d_Mohm,1536,0.9185880514652502,0.005365968178892164,0.007519455306929241,0.9182331842544722,0.005371753392736191,0.007535825794695904,5_fold_seed_202608_descriptive,intercept=-0.0536891228; R_neck_Mohm=0.00155910693; R_in_d_Mohm=0.000211433284,R_neck_Mohm:positive; R_in_d_Mohm:positive,ordinary_least_squares_descriptive
absolute_residual,absolute_divider_residual,progressive_uncertainty_N768,impedance_pair_OLS,log10_Zin_Mohm;transfer_gain,1536,0.07276190908372016,0.01989739715991208,0.025376863271997143,0.07054003461294667,0.01992388881388002,0.025407249463122977,5_fold_seed_202608_descriptive,intercept=5.42161562; log10_Zin_Mohm=-2.43182131; transfer_gain=0.395463579,log10_Zin_Mohm:negative; transfer_gain:positive,ordinary_least_squares_descriptive
absolute_residual,absolute_divider_residual,progressive_uncertainty_N768,dynamic_plus_transfer_gain_OLS,dynamic_SMI_abs;transfer_gain,1536,0.6887660721023543,0.011638114090111418,0.014702316733237767,0.6879854430619419,0.011652635958072368,0.014720743175170145,5_fold_seed_202608_descriptive,intercept=0.0111567706; dynamic_SMI_abs=0.256663387; transfer_gain=0.0407864768,dynamic_SMI_abs:positive; transfer_gain:positive,ordinary_least_squares_descriptive
absolute_residual,absolute_divider_residual,progressive_uncertainty_N768,synaptic_plus_components_OLS,log10_R_neck_Mohm;log10_R_in_d_Mohm;synaptic_conductance_scale,1536,0.9256964355642036,0.005181794194127297,0.0071836825370856575,0.9251099350806113,0.005201870177908176,0.00721197829843224,5_fold_seed_202608_descriptive,intercept=-0.481924929; log10_R_neck_Mohm=0.100003724; log10_R_in_d_Mohm=0.161277797; synaptic_conductance_scale=-0.00231034816,log10_R_neck_Mohm:positive; log10_R_in_d_Mohm:positive; synaptic_conductance_scale:negative,ordinary_least_squares_descriptive
absolute_residual,absolute_divider_residual,progressive_uncertainty_N96,SMI_linear,SMI,192,0.272817437841527,0.01669354388393832,0.019633551111219942,0.26533564986880576,0.016789471026519027,0.019734294835715732,5_fold_seed_202608_descriptive,intercept=0.0365680087; SMI=0.220474956,SMI:positive,ordinary_least_squares_descriptive
absolute_residual,absolute_divider_residual,progressive_uncertainty_N96,Gamma_divider_linear,Gamma_divider,192,0.2939483147187586,0.01644522466628497,0.01934618677803154,0.28778337107795016,0.016541207982169997,0.019430464554276525,5_fold_seed_202608_descriptive,intercept=0.324580722; Gamma_divider=-0.291639964,Gamma_divider:negative,ordinary_least_squares_descriptive
absolute_residual,absolute_divider_residual,progressive_uncertainty_N96,log10_R_neck_linear,log10_R_neck_Mohm,192,0.6560767473169764,0.011189571012061238,0.013502304539640195,0.6511395814501261,0.011301914049527259,0.01359887488511722,5_fold_seed_202608_descriptive,intercept=-0.0590087553; log10_R_neck_Mohm=0.0833394386,log10_R_neck_Mohm:positive,ordinary_least_squares_descriptive
absolute_residual,absolute_divider_residual,progressive_uncertainty_N96,log10_R_in_d_linear,log10_R_in_d_Mohm,192,0.16578987855421745,0.017258316056982068,0.021028817732850223,0.15069500030770078,0.01739656912659583,0.02121822105821202,5_fold_seed_202608_descriptive,intercept=-0.234390383; log10_R_in_d_Mohm=0.116374008,log10_R_in_d_Mohm:positive,ordinary_least_squares_descriptive
absolute_residual,absolute_divider_residual,progressive_uncertainty_N96,component_pair_log10_OLS,log10_R_neck_Mohm;log10_R_in_d_Mohm,192,0.9329719580735077,0.004411988502615119,0.005960811601949515,0.9306186914405408,0.004489719652326952,0.006064547090430494,5_fold_seed_202608_descriptive,intercept=-0.449377535; log10_R_neck_Mohm=0.0910233427; log10_R_in_d_Mohm=0.151902533,log10_R_neck_Mohm:positive; log10_R_in_d_Mohm:positive,ordinary_least_squares_descriptive
absolute_residual,absolute_divider_residual,progressive_uncertainty_N96,component_pair_raw_OLS,R_neck_Mohm;R_in_d_Mohm,192,0.8774490396896671,0.005755160933108012,0.008060008294512633,0.8669400931524837,0.005878869300794384,0.008398480861938059,5_fold_seed_202608_descriptive,intercept=-0.0503233292; R_neck_Mohm=0.00140116924; R_in_d_Mohm=0.000211844311,R_neck_Mohm:positive; R_in_d_Mohm:positive,ordinary_least_squares_descriptive
absolute_residual,absolute_divider_residual,progressive_uncertainty_N96,impedance_pair_OLS,log10_Zin_Mohm;transfer_gain,192,0.13479673996996577,0.017601193044437406,0.021415893721222507,0.11179691508246437,0.01782471980299637,0.021698677644438724,5_fold_seed_202608_descriptive,intercept=6.42282025; log10_Zin_Mohm=-2.88249695; transfer_gain=0.379021524,log10_Zin_Mohm:negative; transfer_gain:positive,ordinary_least_squares_descriptive
absolute_residual,absolute_divider_residual,progressive_uncertainty_N96,dynamic_plus_transfer_gain_OLS,dynamic_SMI_abs;transfer_gain,192,0.5880249756644853,0.012100989620742549,0.014777894895165958,0.559646539397022,0.012360461600291271,0.015278398600217197,5_fold_seed_202608_descriptive,intercept=0.0371948254; dynamic_SMI_abs=0.207194089; transfer_gain=-0.178049677,dynamic_SMI_abs:positive; transfer_gain:negative,ordinary_least_squares_descriptive
absolute_residual,absolute_divider_residual,progressive_uncertainty_N96,synaptic_plus_components_OLS,log10_R_neck_Mohm;log10_R_in_d_Mohm;synaptic_conductance_scale,192,0.935324521908297,0.00440052747801702,0.0058552703649016515,0.9327787645570496,0.0044733621957068785,0.005969395781898201,5_fold_seed_202608_descriptive,intercept=-0.454092284; log10_R_neck_Mohm=0.0911757096; log10_R_in_d_Mohm=0.154862517; synaptic_conductance_scale=-0.0026752631,log10_R_neck_Mohm:positive; log10_R_in_d_Mohm:positive; synaptic_conductance_scale:negative,ordinary_least_squares_descriptive
absolute_residual,absolute_divider_residual,spatial_convergence,SMI_linear,SMI,4,0.9991967423373023,3.228584615941332e-05,3.6910572986308395e-05,0.991216643314266,9.661122446711756e-05,0.0001220544472392481,leave_one_out_descriptive,intercept=-0.0211506514; SMI=1.05569491,SMI:positive,ordinary_least_squares_descriptive
absolute_residual,absolute_divider_residual,spatial_convergence,Gamma_divider_linear,Gamma_divider,4,0.99915127565021,3.318187098268026e-05,3.7940817089785676e-05,0.9907441539413724,9.919793008961522e-05,0.00012529432763689195,leave_one_out_descriptive,intercept=1.12701747; Gamma_divider=-1.15019137,Gamma_divider:negative,ordinary_least_squares_descriptive
absolute_residual,absolute_divider_residual,spatial_convergence,log10_R_in_d_linear,log10_R_in_d_Mohm,4,0.9985681136690258,4.31024801554724e-05,4.9280785335728695e-05,0.9848393023382067,0.00012741140100186628,0.00016035516093142673,leave_one_out_descriptive,intercept=0.299445385; log10_R_in_d_Mohm=-0.106411294,log10_R_in_d_Mohm:negative,ordinary_least_squares_descriptive
absolute_residual,absolute_divider_residual,timestep_convergence_intermediate,SMI_linear,SMI,4,-2.220446049250313e-16,0.000281191694949251,0.0003351416845816262,-0.7777777777777779,0.0003749222599323393,0.0004468555794421682,leave_one_out_descriptive,intercept=0.143861716; SMI=0.0165069291,SMI:positive,ordinary_least_squares_descriptive
absolute_residual,absolute_divider_residual,timestep_convergence_intermediate,Gamma_divider_linear,Gamma_divider,4,0.0,0.000281191694949251,0.00033514168458162615,-0.7777777777778241,0.00037492225993233236,0.00044685557944217406,leave_one_out_descriptive,intercept=0.0807630749; Gamma_divider=0.0724500387,Gamma_divider:positive,ordinary_least_squares_descriptive
Gamma_h_to_s,somatic_transfer,all_nonexploratory,SMI_linear,SMI,3584,0.03265627092126855,0.034234251932405715,0.06171652194802897,0.0318219075359677,0.03425160397833077,0.06174313239973991,5_fold_seed_202608_descriptive,intercept=0.105280299; SMI=-0.048870493,SMI:negative,ordinary_least_squares_descriptive
Gamma_h_to_s,somatic_transfer,all_nonexploratory,Gamma_divider_linear,Gamma_divider,3584,0.05207662745074193,0.034686483034059336,0.061093871734943225,0.05114801553937509,0.03470447605243212,0.061123789031672225,5_fold_seed_202608_descriptive,intercept=-0.0469569108; Gamma_divider=0.161651606,Gamma_divider:positive,ordinary_least_squares_descriptive
Gamma_h_to_s,somatic_transfer,all_nonexploratory,log10_R_neck_linear,log10_R_neck_Mohm,3576,0.3311232790527293,0.03342999616460199,0.05114924055406835,0.33022531739421235,0.03345020520712564,0.05118356276218005,5_fold_seed_202608_descriptive,intercept=0.255748191; log10_R_neck_Mohm=-0.11291372,log10_R_neck_Mohm:negative,ordinary_least_squares_descriptive
Gamma_h_to_s,somatic_transfer,all_nonexploratory,log10_R_in_d_linear,log10_R_in_d_Mohm,3580,0.31303420273838,0.035400752466482034,0.051814920437696664,0.31116098197087394,0.035420812310751566,0.05188551689901404,5_fold_seed_202608_descriptive,intercept=0.714845652; log10_R_in_d_Mohm=-0.250400928,log10_R_in_d_Mohm:negative,ordinary_least_squares_descriptive
Gamma_h_to_s,somatic_transfer,all_nonexploratory,component_pair_log10_OLS,log10_R_neck_Mohm;log10_R_in_d_Mohm,3576,0.578795057923715,0.031144789734793187,0.04058942305797797,0.5762073054359567,0.031190446333258817,0.040713916549738195,5_fold_seed_202608_descriptive,intercept=0.791946425; log10_R_neck_Mohm=-0.10184381; log10_R_in_d_Mohm=-0.224220418,log10_R_neck_Mohm:negative; log10_R_in_d_Mohm:negative,ordinary_least_squares_descriptive
Gamma_h_to_s,somatic_transfer,all_nonexploratory,component_pair_raw_OLS,R_neck_Mohm;R_in_d_Mohm,3576,0.31159350677345066,0.03645760499519705,0.05189059232959524,0.30531597381383146,0.036570772694887135,0.052126648832590564,5_fold_seed_202608_descriptive,intercept=0.220687235; R_neck_Mohm=-0.00043762797; R_in_d_Mohm=-0.000355500998,R_neck_Mohm:negative; R_in_d_Mohm:negative,ordinary_least_squares_descriptive
Gamma_h_to_s,somatic_transfer,all_nonexploratory,impedance_pair_OLS,log10_Zin_Mohm;transfer_gain,3143,0.29630879327298953,0.007760474124213999,0.01055799926956268,0.06764583141372194,0.007791642442674899,0.012152930772134122,5_fold_seed_202608_descriptive,intercept=0.114404282; log10_Zin_Mohm=-0.0304429845; transfer_gain=0.407724718,log10_Zin_Mohm:negative; transfer_gain:positive,ordinary_least_squares_descriptive
Gamma_h_to_s,somatic_transfer,all_nonexploratory,dynamic_plus_transfer_gain_OLS,dynamic_SMI_abs;transfer_gain,3072,0.6522359076048654,0.005382186958485896,0.006624073827106575,0.6513145466597101,0.0053914804512169056,0.006632842883479308,5_fold_seed_202608_descriptive,intercept=0.0304320584; dynamic_SMI_abs=-0.0632615024; transfer_gain=0.730285861,dynamic_SMI_abs:negative; transfer_gain:positive,ordinary_least_squares_descriptive
Gamma_h_to_s,somatic_transfer,all_nonexploratory,synaptic_plus_components_OLS,log10_R_neck_Mohm;log10_R_in_d_Mohm;synaptic_conductance_scale,3072,0.5461149780747936,0.006265462992148124,0.00756755734983284,0.5436087809176817,0.006281314148950989,0.007588421314480471,5_fold_seed_202608_descriptive,intercept=-0.0688865969; log10_R_neck_Mohm=-0.0246305787; log10_R_in_d_Mohm=0.0723044248; synaptic_conductance_scale=0.00414689949,log10_R_neck_Mohm:negative; log10_R_in_d_Mohm:positive; synaptic_conductance_scale:positive,ordinary_least_squares_descriptive
Gamma_h_to_s,somatic_transfer,active_nonlinear_challenge,SMI_linear,SMI,47,0.26384896670689095,0.009511114115271786,0.01225226088723503,0.2182663358359459,0.009875155123198413,0.01262589519293234,5_fold_seed_202608_descriptive,intercept=0.056667353; SMI=-0.0278449274,SMI:negative,ordinary_least_squares_descriptive
Gamma_h_to_s,somatic_transfer,active_nonlinear_challenge,Gamma_divider_linear,Gamma_divider,47,0.22066168625959492,0.009888936664879111,0.012606536523878525,0.1744574776058878,0.010191363567386045,0.012974854508380906,5_fold_seed_202608_descriptive,intercept=0.00434088062; Gamma_divider=0.0559458171,Gamma_divider:positive,ordinary_least_squares_descriptive
Gamma_h_to_s,somatic_transfer,active_nonlinear_challenge,log10_R_neck_linear,log10_R_neck_Mohm,47,0.5329455196205936,0.007057983748117784,0.009759252260240839,0.5037550083842264,0.007408648463223023,0.010059602982686778,5_fold_seed_202608_descriptive,intercept=0.131671133; log10_R_neck_Mohm=-0.040084038,log10_R_neck_Mohm:negative,ordinary_least_squares_descriptive
Gamma_h_to_s,somatic_transfer,active_nonlinear_challenge,log10_R_in_d_linear,log10_R_in_d_Mohm,47,0.43458939287851006,0.009320718890936415,0.010737786100532571,0.41688342724266436,0.0094892658628649,0.010904618215766795,5_fold_seed_202608_descriptive,intercept=0.246770059; log10_R_in_d_Mohm=-0.0775318858,log10_R_in_d_Mohm:negative,ordinary_least_squares_descriptive
Gamma_h_to_s,somatic_transfer,active_nonlinear_challenge,component_pair_log10_OLS,log10_R_neck_Mohm;log10_R_in_d_Mohm,47,0.7740633762565433,0.004810680285168686,0.006787753931658995,0.7456864066743987,0.005110667578024623,0.007201410370669681,5_fold_seed_202608_descriptive,intercept=0.272159304; log10_R_neck_Mohm=-0.0330594054; log10_R_in_d_Mohm=-0.0596784048,log10_R_neck_Mohm:negative; log10_R_in_d_Mohm:negative,ordinary_least_squares_descriptive
Gamma_h_to_s,somatic_transfer,active_nonlinear_challenge,component_pair_raw_OLS,R_neck_Mohm;R_in_d_Mohm,47,0.7375212314756057,0.005318175633523147,0.0073161038671059634,0.7053710660425103,0.005655572234564179,0.007751227252593294,5_fold_seed_202608_descriptive,intercept=0.0799380002; R_neck_Mohm=-6.40538253e-05; R_in_d_Mohm=-5.60294471e-05,R_neck_Mohm:negative; R_in_d_Mohm:negative,ordinary_least_squares_descriptive
Gamma_h_to_s,somatic_transfer,active_nonlinear_challenge,impedance_pair_OLS,log10_Zin_Mohm;transfer_gain,47,0.6050025751244906,0.007819985782474368,0.008974905921143552,0.5688598889973708,0.008183362666710976,0.009376526540719703,5_fold_seed_202608_descriptive,intercept=0.339282389; log10_Zin_Mohm=-0.114559491; transfer_gain=-0.334565502,log10_Zin_Mohm:negative; transfer_gain:negative,ordinary_least_squares_descriptive
Gamma_h_to_s,somatic_transfer,baseline_reference_targets,SMI_linear,SMI,3,0.9665210919525985,0.020969277412397135,0.024711276994737925,-8.65972421086895,0.2811715042893499,0.4197511650460613,leave_one_out_descriptive,intercept=0.329704935; SMI=-0.222939405,SMI:negative,ordinary_least_squares_descriptive
Gamma_h_to_s,somatic_transfer,baseline_reference_targets,Gamma_divider_linear,Gamma_divider,3,0.9902052624061872,0.01176686145589201,0.013366138264639027,0.3620221983975682,0.08252414921810043,0.10787289408784798,leave_one_out_descriptive,intercept=-0.201577648; Gamma_divider=0.548339769,Gamma_divider:positive,ordinary_least_squares_descriptive
Gamma_h_to_s,somatic_transfer,baseline_reference_targets,log10_R_neck_linear,log10_R_neck_Mohm,3,0.9230831588208346,0.035310248220825596,0.037455902575524336,-0.04024022870709909,0.13250312811681464,0.1377451667394931,leave_one_out_descriptive,intercept=0.397813639; log10_R_neck_Mohm=-0.146044513,log10_R_neck_Mohm:negative,ordinary_least_squares_descriptive
Gamma_h_to_s,somatic_transfer,baseline_reference_targets,log10_R_in_d_linear,log10_R_in_d_Mohm,3,0.0,0.12315896999714708,0.1350546514962149,-1.2500000000000004,0.18473845499572064,0.2025819772443224,leave_one_out_descriptive,intercept=0.0392409603; log10_R_in_d_Mohm=0.0847537189,log10_R_in_d_Mohm:positive,ordinary_least_squares_descriptive
Gamma_h_to_s,somatic_transfer,exploratory_matched_baseline_comparisons,SMI_linear,SMI,27,0.02603142180830853,0.01237477943182869,0.013727674191721587,-0.11230294009543007,0.013250451937396048,0.014670199936522663,leave_one_out_descriptive,intercept=0.0699615059; SMI=0.164930712,SMI:positive,ordinary_least_squares_descriptive
Gamma_h_to_s,somatic_transfer,exploratory_matched_baseline_comparisons,Gamma_divider_linear,Gamma_divider,27,0.026559758252575838,0.01236205278750714,0.013723950347550598,-0.11308713062921183,0.013240778141719908,0.014675370382699691,leave_one_out_descriptive,intercept=0.255105067; Gamma_divider=-0.185704111,Gamma_divider:negative,ordinary_least_squares_descriptive
Gamma_h_to_s,somatic_transfer,exploratory_matched_baseline_comparisons,log10_R_neck_linear,log10_R_neck_Mohm,27,0.004701268270815406,0.012697526021628538,0.013877179807964704,-0.16425208457778395,0.013738898938272962,0.015008870218868289,leave_one_out_descriptive,intercept=0.0904077572; log10_R_neck_Mohm=-0.0100146394,log10_R_neck_Mohm:negative,ordinary_least_squares_descriptive
Gamma_h_to_s,somatic_transfer,exploratory_matched_baseline_comparisons,log10_R_in_d_linear,log10_R_in_d_Mohm,27,0.1816864418641101,0.010396305383695922,0.012583004838078764,0.08155536577852696,0.011040519830364122,0.013330639402989126,leave_one_out_descriptive,intercept=0.325908544; log10_R_in_d_Mohm=-0.0961766571,log10_R_in_d_Mohm:negative,ordinary_least_squares_descriptive
Gamma_h_to_s,somatic_transfer,exploratory_matched_baseline_comparisons,component_pair_log10_OLS,log10_R_neck_Mohm;log10_R_in_d_Mohm,27,0.1863950839367967,0.010278192091910311,0.01254675079940689,0.005590758788394656,0.011400399566570626,0.013870977459595342,leave_one_out_descriptive,intercept=0.338408231; log10_R_neck_Mohm=-0.0100224902; log10_R_in_d_Mohm=-0.0961786096,log10_R_neck_Mohm:negative; log10_R_in_d_Mohm:negative,ordinary_least_squares_descriptive
Gamma_h_to_s,somatic_transfer,exploratory_matched_baseline_comparisons,component_pair_raw_OLS,R_neck_Mohm;R_in_d_Mohm,27,0.18653682733194277,0.010279655970272182,0.012545657826340062,0.006858359847236484,0.011404076422370702,0.013862133780402724,leave_one_out_descriptive,intercept=0.126188913; R_neck_Mohm=-0.000225696657; R_in_d_Mohm=-0.0001155001,R_neck_Mohm:negative; R_in_d_Mohm:negative,ordinary_least_squares_descriptive
Gamma_h_to_s,somatic_transfer,exploratory_mechanistic_decomposition,SMI_linear,SMI,8,0.4029456131509027,0.0008770283060344289,0.001001566458272079,-0.6617345911628223,0.0013426328274780235,0.001670912297205324,leave_one_out_descriptive,intercept=0.0909305029; SMI=-0.0846197675,SMI:negative,ordinary_least_squares_descriptive
Gamma_h_to_s,somatic_transfer,exploratory_mechanistic_decomposition,Gamma_divider_linear,Gamma_divider,8,0.40294814776542975,0.0008770268926337494,0.0010015643323454928,-0.6617257365600226,0.0013426302193039717,0.0016709078454461522,leave_one_out_descriptive,intercept=-0.00464280949; Gamma_divider=0.0959171118,Gamma_divider:positive,ordinary_least_squares_descriptive
Gamma_h_to_s,somatic_transfer,exploratory_scenario_uncertainty,SMI_linear,SMI,72,0.6881036808982497,0.0012302547356660663,0.0015430018432696943,0.6725408326773483,0.0012644588733229252,0.0015810292209989126,5_fold_seed_202608_descriptive,intercept=0.0932577476; SMI=-0.118278605,SMI:negative,ordinary_least_squares_descriptive
Gamma_h_to_s,somatic_transfer,exploratory_scenario_uncertainty,Gamma_divider_linear,Gamma_divider,72,0.6873167211820964,0.0012342791451019108,0.0015449472258081804,0.6723809593226615,0.0012675661624375542,0.0015814151219398003,5_fold_seed_202608_descriptive,intercept=-0.040653528; Gamma_divider=0.134378744,Gamma_divider:positive,ordinary_least_squares_descriptive
Gamma_h_to_s,somatic_transfer,exploratory_scenario_uncertainty,log10_R_neck_linear,log10_R_neck_Mohm,72,0.6650358937920657,0.0012916296050871961,0.0015990441543444949,0.6508408160724066,0.0013187168458569196,0.0016325746740821307,5_fold_seed_202608_descriptive,intercept=0.106589922; log10_R_neck_Mohm=-0.0163765404,log10_R_neck_Mohm:negative,ordinary_least_squares_descriptive
Gamma_h_to_s,somatic_transfer,exploratory_scenario_uncertainty,log10_R_in_d_linear,log10_R_in_d_Mohm,72,0.012297703373833957,0.0021027500705457216,0.002745834465672807,-0.040072328602684504,0.0021680517011575043,0.0028176892247785564,5_fold_seed_202608_descriptive,intercept=-35.8608817; log10_R_in_d_Mohm=14.4292957,log10_R_in_d_Mohm:positive,ordinary_least_squares_descriptive
Gamma_h_to_s,somatic_transfer,exploratory_scenario_uncertainty,component_pair_log10_OLS,log10_R_neck_Mohm;log10_R_in_d_Mohm,72,0.6671632534730165,0.0012847568857053812,0.0015939582953804962,0.6473163749385064,0.001325672391772449,0.0016407936560067144,5_fold_seed_202608_descriptive,intercept=15.3397847; log10_R_neck_Mohm=-0.016557255; log10_R_in_d_Mohm=-6.11457442,log10_R_neck_Mohm:negative; log10_R_in_d_Mohm:negative,ordinary_least_squares_descriptive
Gamma_h_to_s,somatic_transfer,exploratory_scenario_uncertainty,component_pair_raw_OLS,R_neck_Mohm;R_in_d_Mohm,72,0.6918358737450785,0.0012162690869192425,0.001533742176638949,0.6654334761661027,0.001270775178729317,0.0015980948876601422,5_fold_seed_202608_descriptive,intercept=3.6100729; R_neck_Mohm=-0.000387544628; R_in_d_Mohm=-0.0113469755,R_neck_Mohm:negative; R_in_d_Mohm:negative,ordinary_least_squares_descriptive
Gamma_h_to_s,somatic_transfer,exploratory_scenario_uncertainty,impedance_pair_OLS,log10_Zin_Mohm;transfer_gain,72,0.02793677755282653,0.002098482645664007,0.002724009238996785,-0.0991441490790188,0.0022274624589532356,0.0028966008006820723,5_fold_seed_202608_descriptive,intercept=9893447.68; log10_Zin_Mohm=-8047460.36; transfer_gain=94333273.6,log10_Zin_Mohm:negative; transfer_gain:positive,ordinary_least_squares_descriptive
Gamma_h_to_s,somatic_transfer,exploratory_scenario_uncertainty,dynamic_plus_transfer_gain_OLS,dynamic_SMI_abs;transfer_gain,72,0.6918343309375377,0.0012162770425766778,0.0015337460159340396,0.6654292018060173,0.001270782614948611,0.001598105096110027,5_fold_seed_202608_descriptive,intercept=24.1095528; dynamic_SMI_abs=-0.0643725198; transfer_gain=-284.07948,dynamic_SMI_abs:negative; transfer_gain:negative,ordinary_least_squares_descriptive
Gamma_h_to_s,somatic_transfer,exploratory_scenario_uncertainty,synaptic_plus_components_OLS,log10_R_neck_Mohm;log10_R_in_d_Mohm;synaptic_conductance_scale,72,0.7678252308338799,0.0010817555810347737,0.0013312782337416113,0.7474678511610677,0.0011269805437763387,0.0013884161518276043,5_fold_seed_202608_descriptive,intercept=7.32803343; log10_R_neck_Mohm=-0.0178913748; log10_R_in_d_Mohm=-2.89962773; synaptic_conductance_scale=0.00375784536,log10_R_neck_Mohm:negative; log10_R_in_d_Mohm:negative; synaptic_conductance_scale:positive,ordinary_least_squares_descriptive
Gamma_h_to_s,somatic_transfer,exploratory_scenarios,SMI_linear,SMI,27,0.02603142180830853,0.01237477943182869,0.013727674191721587,-0.11230294009543007,0.013250451937396048,0.014670199936522663,leave_one_out_descriptive,intercept=0.0699615059; SMI=0.164930712,SMI:positive,ordinary_least_squares_descriptive
Gamma_h_to_s,somatic_transfer,exploratory_scenarios,Gamma_divider_linear,Gamma_divider,27,0.026559758252575838,0.01236205278750714,0.013723950347550598,-0.11308713062921183,0.013240778141719908,0.014675370382699691,leave_one_out_descriptive,intercept=0.255105067; Gamma_divider=-0.185704111,Gamma_divider:negative,ordinary_least_squares_descriptive
Gamma_h_to_s,somatic_transfer,exploratory_scenarios,log10_R_neck_linear,log10_R_neck_Mohm,27,0.004701268270815406,0.012697526021628538,0.013877179807964704,-0.16425208457778395,0.013738898938272962,0.015008870218868289,leave_one_out_descriptive,intercept=0.0904077572; log10_R_neck_Mohm=-0.0100146394,log10_R_neck_Mohm:negative,ordinary_least_squares_descriptive
Gamma_h_to_s,somatic_transfer,exploratory_scenarios,log10_R_in_d_linear,log10_R_in_d_Mohm,27,0.1816864418641101,0.010396305383695922,0.012583004838078764,0.08155536577852696,0.011040519830364122,0.013330639402989126,leave_one_out_descriptive,intercept=0.325908544; log10_R_in_d_Mohm=-0.0961766571,log10_R_in_d_Mohm:negative,ordinary_least_squares_descriptive
Gamma_h_to_s,somatic_transfer,exploratory_scenarios,component_pair_log10_OLS,log10_R_neck_Mohm;log10_R_in_d_Mohm,27,0.1863950839367967,0.010278192091910311,0.01254675079940689,0.005590758788394656,0.011400399566570626,0.013870977459595342,leave_one_out_descriptive,intercept=0.338408231; log10_R_neck_Mohm=-0.0100224902; log10_R_in_d_Mohm=-0.0961786096,log10_R_neck_Mohm:negative; log10_R_in_d_Mohm:negative,ordinary_least_squares_descriptive
Gamma_h_to_s,somatic_transfer,exploratory_scenarios,component_pair_raw_OLS,R_neck_Mohm;R_in_d_Mohm,27,0.18653682733194277,0.010279655970272182,0.012545657826340062,0.006858359847236484,0.011404076422370702,0.013862133780402724,leave_one_out_descriptive,intercept=0.126188913; R_neck_Mohm=-0.000225696657; R_in_d_Mohm=-0.0001155001,R_neck_Mohm:negative; R_in_d_Mohm:negative,ordinary_least_squares_descriptive
Gamma_h_to_s,somatic_transfer,exploratory_scenarios,impedance_pair_OLS,log10_Zin_Mohm;transfer_gain,27,0.18301855856507776,0.010432754146264989,0.012572758852337478,-0.1254269698681738,0.012021462905594771,0.014756492770732084,leave_one_out_descriptive,intercept=154.197799; log10_Zin_Mohm=-56.9005186; transfer_gain=-328.49066,log10_Zin_Mohm:negative; transfer_gain:negative,ordinary_least_squares_descriptive
Gamma_h_to_s,somatic_transfer,exploratory_scenarios,dynamic_plus_transfer_gain_OLS,dynamic_SMI_abs;transfer_gain,27,0.18737648096756598,0.010247498209044277,0.012539181364188062,0.037638962377809504,0.011216496014445246,0.01364562732330417,leave_one_out_descriptive,intercept=0.0555040194; dynamic_SMI_abs=-0.0523153462; transfer_gain=0.431787082,dynamic_SMI_abs:negative; transfer_gain:positive,ordinary_least_squares_descriptive
Gamma_h_to_s,somatic_transfer,exploratory_scenarios,synaptic_plus_components_OLS,log10_R_neck_Mohm;log10_R_in_d_Mohm;synaptic_conductance_scale,27,0.20469607233136589,0.010346453313900798,0.01240483676623241,-0.11788566006292434,0.012124417434034574,0.014706969195771916,leave_one_out_descriptive,intercept=0.332154864; log10_R_neck_Mohm=-0.0141655147; log10_R_in_d_Mohm=-0.0961762911; synaptic_conductance_scale=0.0103227174,log10_R_neck_Mohm:negative; log10_R_in_d_Mohm:negative; synaptic_conductance_scale:positive,ordinary_least_squares_descriptive
Gamma_h_to_s,somatic_transfer,fixed_load_geometry_sweep,SMI_linear,SMI,400,0.575836227859923,0.059443646834809474,0.07021395071609554,0.5536279842172462,0.060029608747703044,0.07202862156837031,5_fold_seed_202608_descriptive,intercept=0.284474063; SMI=-0.152989776,SMI:negative,ordinary_least_squares_descriptive
Gamma_h_to_s,somatic_transfer,fixed_load_geometry_sweep,Gamma_divider_linear,Gamma_divider,400,0.8870312020210525,0.02931958802722827,0.03623563510643595,0.8858842802724841,0.029333796311799058,0.03641911270027502,5_fold_seed_202608_descriptive,intercept=-0.241002514; Gamma_divider=0.574614771,Gamma_divider:positive,ordinary_least_squares_descriptive
Gamma_h_to_s,somatic_transfer,fixed_load_geometry_sweep,log10_R_neck_linear,log10_R_neck_Mohm,400,0.9011258101760502,0.028350913542523375,0.03389987468060931,0.8995740722928098,0.02849544118975096,0.034164852488169556,5_fold_seed_202608_descriptive,intercept=0.449930782; log10_R_neck_Mohm=-0.172217538,log10_R_neck_Mohm:negative,ordinary_least_squares_descriptive
Gamma_h_to_s,somatic_transfer,fixed_load_geometry_sweep,log10_R_in_d_linear,log10_R_in_d_Mohm,400,0.0,0.09413480125577683,0.10780939869425646,-0.005346559022647801,0.09421767783198476,0.10809721915149995,5_fold_seed_202608_descriptive,intercept=0.0420004135; log10_R_in_d_Mohm=0.0907136627,log10_R_in_d_Mohm:positive,ordinary_least_squares_descriptive
Gamma_h_to_s,somatic_transfer,fixed_load_geometry_sweep,component_pair_log10_OLS,log10_R_neck_Mohm;log10_R_in_d_Mohm,400,0.9011258101760502,0.02835091354252322,0.03389987468060931,0.8995740722928098,0.02849544118975099,0.03416485248816954,5_fold_seed_202608_descriptive,intercept=0.0794249237; log10_R_neck_Mohm=-0.172217538; log10_R_in_d_Mohm=0.171544162,log10_R_neck_Mohm:negative; log10_R_in_d_Mohm:positive,ordinary_least_squares_descriptive
Gamma_h_to_s,somatic_transfer,fixed_load_geometry_sweep,component_pair_raw_OLS,R_neck_Mohm;R_in_d_Mohm,400,0.5758362278599229,0.059443646834809384,0.07021395071609556,0.5536279842172462,0.06002960874770305,0.07202862156837031,5_fold_seed_202608_descriptive,intercept=1.36259307e-05; R_neck_Mohm=-0.00105885029; R_in_d_Mohm=0.00196876565,R_neck_Mohm:negative; R_in_d_Mohm:positive,ordinary_least_squares_descriptive
Gamma_h_to_s,somatic_transfer,global_uncertainty_N96,SMI_linear,SMI,192,0.4355822691893153,0.006751179407960969,0.008234964648347508,0.42180468982646113,0.006848434316597196,0.008334867444482308,5_fold_seed_202608_descriptive,intercept=0.0949327028; SMI=-0.144357087,SMI:negative,ordinary_least_squares_descriptive
Gamma_h_to_s,somatic_transfer,global_uncertainty_N96,Gamma_divider_linear,Gamma_divider,192,0.4516848077067932,0.006683607236473275,0.008116645056150536,0.4392220431332359,0.006768780665191397,0.008208369196861565,5_fold_seed_202608_descriptive,intercept=-0.0859517582; Gamma_divider=0.182627694,Gamma_divider:positive,ordinary_least_squares_descriptive
Gamma_h_to_s,somatic_transfer,global_uncertainty_N96,log10_R_neck_linear,log10_R_neck_Mohm,192,0.3397130571489869,0.007035157258031368,0.008906924470097253,0.3319174913124525,0.007088637469793564,0.008959349234889044,5_fold_seed_202608_descriptive,intercept=0.121801567; log10_R_neck_Mohm=-0.0286863058,log10_R_neck_Mohm:negative,ordinary_least_squares_descriptive
Gamma_h_to_s,somatic_transfer,global_uncertainty_N96,log10_R_in_d_linear,log10_R_in_d_Mohm,192,0.2688190115596043,0.0074496678500397305,0.009372897340444981,0.2599159162150845,0.007477025307445414,0.009429788392746231,5_fold_seed_202608_descriptive,intercept=-0.0940289759; log10_R_in_d_Mohm=0.0704283255,log10_R_in_d_Mohm:positive,ordinary_least_squares_descriptive
Gamma_h_to_s,somatic_transfer,global_uncertainty_N96,component_pair_log10_OLS,log10_R_neck_Mohm;log10_R_in_d_Mohm,192,0.5855876959792641,0.005966838958281077,0.007056311356346678,0.5791075982539542,0.006013434072279046,0.007111266554196449,5_fold_seed_202608_descriptive,intercept=-0.0480409092; log10_R_neck_Mohm=-0.0277222338; log10_R_in_d_Mohm=0.0674082167,log10_R_neck_Mohm:negative; log10_R_in_d_Mohm:positive,ordinary_least_squares_descriptive
Gamma_h_to_s,somatic_transfer,global_uncertainty_N96,component_pair_raw_OLS,R_neck_Mohm;R_in_d_Mohm,192,0.5464032518708379,0.0061748662174248405,0.0073823797430404665,0.5325462697565198,0.0062701960867245325,0.0074942940593385,5_fold_seed_202608_descriptive,intercept=0.0643120375; R_neck_Mohm=-0.000401079016; R_in_d_Mohm=8.95898791e-05,R_neck_Mohm:negative; R_in_d_Mohm:positive,ordinary_least_squares_descriptive
Gamma_h_to_s,somatic_transfer,global_uncertainty_N96,impedance_pair_OLS,log10_Zin_Mohm;transfer_gain,192,0.5155323864686896,0.005972147848774099,0.007629459815457075,0.4911874244393485,0.006140757886516193,0.007818804121935785,5_fold_seed_202608_descriptive,intercept=3.14505903; log10_Zin_Mohm=-1.41747608; transfer_gain=0.978555518,log10_Zin_Mohm:negative; transfer_gain:positive,ordinary_least_squares_descriptive
Gamma_h_to_s,somatic_transfer,global_uncertainty_N96,dynamic_plus_transfer_gain_OLS,dynamic_SMI_abs;transfer_gain,192,0.6458478336666391,0.005191462495697868,0.006523134995753408,0.6334656777495085,0.005275590687225142,0.006636188888834124,5_fold_seed_202608_descriptive,intercept=0.0349810936; dynamic_SMI_abs=-0.0658897474; transfer_gain=0.680536994,dynamic_SMI_abs:negative; transfer_gain:positive,ordinary_least_squares_descriptive
Gamma_h_to_s,somatic_transfer,global_uncertainty_N96,synaptic_plus_components_OLS,log10_R_neck_Mohm;log10_R_in_d_Mohm;synaptic_conductance_scale,192,0.5970393202424931,0.005871543908293965,0.006958133391731088,0.5852065099219714,0.005972424547122375,0.007059555889913275,5_fold_seed_202608_descriptive,intercept=-0.0511579293; log10_R_neck_Mohm=-0.0275808467; log10_R_in_d_Mohm=0.0673834583; synaptic_conductance_scale=0.0027570379,log10_R_neck_Mohm:negative; log10_R_in_d_Mohm:positive; synaptic_conductance_scale:positive,ordinary_least_squares_descriptive
Gamma_h_to_s,somatic_transfer,matched_neck_heterogeneous_load,SMI_linear,SMI,30,0.9284710194158945,0.003350916996258457,0.0039622456837019844,0.8889658084142777,0.0038898583165826155,0.004936609227097801,5_fold_seed_202608_descriptive,intercept=0.0816006554; SMI=-0.0182703133,SMI:negative,ordinary_least_squares_descriptive
Gamma_h_to_s,somatic_transfer,matched_neck_heterogeneous_load,Gamma_divider_linear,Gamma_divider,30,0.9997388963965503,0.00017597459629924012,0.00023939044713618205,0.9996168729069956,0.00020559439307967254,0.0002899825171509475,5_fold_seed_202608_descriptive,intercept=0.00661904256; Gamma_divider=0.102334068,Gamma_divider:positive,ordinary_least_squares_descriptive
Gamma_h_to_s,somatic_transfer,matched_neck_heterogeneous_load,log10_R_neck_linear,log10_R_neck_Mohm,30,0.0,0.012524812980278199,0.014814956586533052,-0.13149283989962957,0.013367688618585664,0.015758914098848678,5_fold_seed_202608_descriptive,intercept=0.0126637145; log10_R_neck_Mohm=0.0253274291,log10_R_neck_Mohm:positive,ordinary_least_squares_descriptive
Gamma_h_to_s,somatic_transfer,matched_neck_heterogeneous_load,log10_R_in_d_linear,log10_R_in_d_Mohm,30,0.9997656805884797,0.00018464603862987096,0.00022677987791192713,0.9996947586122471,0.0002009673134926252,0.0002588344582642117,5_fold_seed_202608_descriptive,intercept=-0.0530557084; log10_R_in_d_Mohm=0.0555386353,log10_R_in_d_Mohm:positive,ordinary_least_squares_descriptive
Gamma_h_to_s,somatic_transfer,matched_neck_heterogeneous_load,component_pair_log10_OLS,log10_R_neck_Mohm;log10_R_in_d_Mohm,30,0.9997656805884797,0.00018464603862986608,0.00022677987791192545,0.9996947586122471,0.0002009673134926305,0.00025883445826421585,5_fold_seed_202608_descriptive,intercept=-0.0106111417; log10_R_neck_Mohm=-0.0212222834; log10_R_in_d_Mohm=0.0555386353,log10_R_neck_Mohm:negative; log10_R_in_d_Mohm:positive,ordinary_least_squares_descriptive
Gamma_h_to_s,somatic_transfer,matched_neck_heterogeneous_load,component_pair_raw_OLS,R_neck_Mohm;R_in_d_Mohm,30,0.9449707299134698,0.0029019410912569338,0.003475339682815734,0.9302479678968801,0.0032444374728340547,0.003912720407026207,5_fold_seed_202608_descriptive,intercept=3.14588446e-06; R_neck_Mohm=0.000314588446; R_in_d_Mohm=0.000219708912,R_neck_Mohm:positive; R_in_d_Mohm:positive,ordinary_least_squares_descriptive
Gamma_h_to_s,somatic_transfer,passive_morphology_challenge,SMI_linear,SMI,24,0.02091781440100149,0.014545310344138801,0.021105474965671972,-0.15640908041623258,0.01588220295646953,0.022937247585792093,leave_one_out_descriptive,intercept=0.0556732772; SMI=-0.0130075131,SMI:negative,ordinary_least_squares_descriptive
Gamma_h_to_s,somatic_transfer,passive_morphology_challenge,Gamma_divider_linear,Gamma_divider,24,0.006692288620633202,0.014640253232009882,0.02125824751446869,-0.18996223444548144,0.01604374062510853,0.023267629785325258,leave_one_out_descriptive,intercept=0.0385394717; Gamma_divider=0.0161411973,Gamma_divider:positive,ordinary_least_squares_descriptive
Gamma_h_to_s,somatic_transfer,passive_morphology_challenge,log10_R_neck_linear,log10_R_neck_Mohm,24,0.2792258652859164,0.012131489707468445,0.018108611540849806,0.19309064504115492,0.01290799083994946,0.01916010704357161,leave_one_out_descriptive,intercept=0.153657167; log10_R_neck_Mohm=-0.048639637,log10_R_neck_Mohm:negative,ordinary_least_squares_descriptive
Gamma_h_to_s,somatic_transfer,passive_morphology_challenge,log10_R_in_d_linear,log10_R_in_d_Mohm,24,0.6248274768540458,0.01014140414272023,0.013064748920329832,0.5020590461225383,0.011366569802787255,0.015051316189898505,leave_one_out_descriptive,intercept=0.350261734; log10_R_in_d_Mohm=-0.116963221,log10_R_in_d_Mohm:negative,ordinary_least_squares_descriptive
Gamma_h_to_s,somatic_transfer,passive_morphology_challenge,component_pair_log10_OLS,log10_R_neck_Mohm;log10_R_in_d_Mohm,24,0.7160335422724047,0.0078108482929119235,0.011366299038039311,0.5675267453399,0.009391121477796256,0.014027012471854138,leave_one_out_descriptive,intercept=0.375691843; log10_R_neck_Mohm=-0.0291854636; log10_R_in_d_Mohm=-0.102673088,log10_R_neck_Mohm:negative; log10_R_in_d_Mohm:negative,ordinary_least_squares_descriptive
Gamma_h_to_s,somatic_transfer,passive_morphology_challenge,component_pair_raw_OLS,R_neck_Mohm;R_in_d_Mohm,24,0.5658128179087237,0.009680733609759665,0.01405478009549082,0.33862356522135695,0.011690118848384322,0.017346422261414838,leave_one_out_descriptive,intercept=0.0968005; R_neck_Mohm=-5.10928945e-05; R_in_d_Mohm=-9.9050674e-05,R_neck_Mohm:negative; R_in_d_Mohm:negative,ordinary_least_squares_descriptive
Gamma_h_to_s,somatic_transfer,passive_morphology_challenge,impedance_pair_OLS,log10_Zin_Mohm;transfer_gain,24,0.8203332918903963,0.00789135541125348,0.00904106020245949,0.2935331074404176,0.01166216174778772,0.01792798428647505,leave_one_out_descriptive,intercept=0.190589722; log10_Zin_Mohm=-0.0616535695; transfer_gain=0.0202666193,log10_Zin_Mohm:negative; transfer_gain:positive,ordinary_least_squares_descriptive
Gamma_h_to_s,somatic_transfer,progressive_uncertainty_N192,SMI_linear,SMI,384,0.39817523058205107,0.007451425707934042,0.009266938746531771,0.3924871509368246,0.007484017810784257,0.009310628475849153,5_fold_seed_202608_descriptive,intercept=0.0955663406; SMI=-0.149128126,SMI:negative,ordinary_least_squares_descriptive
Gamma_h_to_s,somatic_transfer,progressive_uncertainty_N192,Gamma_divider_linear,Gamma_divider,384,0.4102526746242954,0.0073822482266476955,0.009173482848568195,0.40422482169991936,0.007414531586249196,0.009220245100264887,5_fold_seed_202608_descriptive,intercept=-0.091016651; Gamma_divider=0.188357291,Gamma_divider:positive,ordinary_least_squares_descriptive
Gamma_h_to_s,somatic_transfer,progressive_uncertainty_N192,log10_R_neck_linear,log10_R_neck_Mohm,384,0.23219594229517493,0.008417438178308744,0.010467102204922528,0.22186459229462363,0.008469817570362677,0.010537288048245615,5_fold_seed_202608_descriptive,intercept=0.116121172; log10_R_neck_Mohm=-0.0244808518,log10_R_neck_Mohm:negative,ordinary_least_squares_descriptive
Gamma_h_to_s,somatic_transfer,progressive_uncertainty_N192,log10_R_in_d_linear,log10_R_in_d_Mohm,384,0.30285603145377604,0.008157258629971806,0.009973842377143017,0.2979507327991038,0.008172685436771956,0.010008870231752775,5_fold_seed_202608_descriptive,intercept=-0.121590079; log10_R_in_d_Mohm=0.0815151099,log10_R_in_d_Mohm:positive,ordinary_least_squares_descriptive
Gamma_h_to_s,somatic_transfer,progressive_uncertainty_N192,component_pair_log10_OLS,log10_R_neck_Mohm;log10_R_in_d_Mohm,384,0.5611223212958784,0.006565736823006902,0.007913580234155133,0.5506397464762929,0.006633699863592821,0.008007530311017285,5_fold_seed_202608_descriptive,intercept=-0.0945815153; log10_R_neck_Mohm=-0.025846986; log10_R_in_d_Mohm=0.0850444919,log10_R_neck_Mohm:negative; log10_R_in_d_Mohm:positive,ordinary_least_squares_descriptive
Gamma_h_to_s,somatic_transfer,progressive_uncertainty_N192,component_pair_raw_OLS,R_neck_Mohm;R_in_d_Mohm,384,0.5733140426021436,0.006400867387470072,0.0078028891702441126,0.5659695996911263,0.006468748116451693,0.00786975728041264,5_fold_seed_202608_descriptive,intercept=0.0572095572; R_neck_Mohm=-0.000410967989; R_in_d_Mohm=0.000113457063,R_neck_Mohm:negative; R_in_d_Mohm:positive,ordinary_least_squares_descriptive
Gamma_h_to_s,somatic_transfer,progressive_uncertainty_N192,impedance_pair_OLS,log10_Zin_Mohm;transfer_gain,384,0.6387339163030534,0.005554451160588818,0.007179841531581764,0.6335422638993142,0.005593473734706734,0.007231247239083254,5_fold_seed_202608_descriptive,intercept=3.58326444; log10_Zin_Mohm=-1.61984604; transfer_gain=1.10777171,log10_Zin_Mohm:negative; transfer_gain:positive,ordinary_least_squares_descriptive
Gamma_h_to_s,somatic_transfer,progressive_uncertainty_N192,dynamic_plus_transfer_gain_OLS,dynamic_SMI_abs;transfer_gain,384,0.676060398815229,0.005512476647571106,0.006798815955131868,0.6722426059274929,0.0055594311197731125,0.006838762353970731,5_fold_seed_202608_descriptive,intercept=0.0223928139; dynamic_SMI_abs=-0.0585161603; transfer_gain=0.816495292,dynamic_SMI_abs:negative; transfer_gain:positive,ordinary_least_squares_descriptive
Gamma_h_to_s,somatic_transfer,progressive_uncertainty_N192,synaptic_plus_components_OLS,log10_R_neck_Mohm;log10_R_in_d_Mohm;synaptic_conductance_scale,384,0.5738709443622748,0.006472782290541827,0.007797795422184929,0.5620272305557745,0.006551397670462066,0.007905417632714018,5_fold_seed_202608_descriptive,intercept=-0.0966886503; log10_R_neck_Mohm=-0.0258859521; log10_R_in_d_Mohm=0.0845387226; synaptic_conductance_scale=0.00316587513,log10_R_neck_Mohm:negative; log10_R_in_d_Mohm:positive; synaptic_conductance_scale:positive,ordinary_least_squares_descriptive
Gamma_h_to_s,somatic_transfer,progressive_uncertainty_N384,SMI_linear,SMI,768,0.4128090086873959,0.006865104663821586,0.008506345969745432,0.41237571568120357,0.006867624922472718,0.00850948384190951,5_fold_seed_202608_descriptive,intercept=0.0952771646; SMI=-0.14684025,SMI:negative,ordinary_least_squares_descriptive
Gamma_h_to_s,somatic_transfer,progressive_uncertainty_N384,Gamma_divider_linear,Gamma_divider,768,0.42149576396555033,0.006826419619469358,0.008443191158006489,0.42094848705958154,0.006829221859633858,0.008447183930166125,5_fold_seed_202608_descriptive,intercept=-0.0869391341; Gamma_divider=0.183852554,Gamma_divider:positive,ordinary_least_squares_descriptive
Gamma_h_to_s,somatic_transfer,progressive_uncertainty_N384,log10_R_neck_linear,log10_R_neck_Mohm,768,0.2724950752899845,0.007662556797721452,0.009468284938542834,0.27008937960547275,0.007676271477572193,0.009483926765995356,5_fold_seed_202608_descriptive,intercept=0.119187566; log10_R_neck_Mohm=-0.0266746332,log10_R_neck_Mohm:negative,ordinary_least_squares_descriptive
Gamma_h_to_s,somatic_transfer,progressive_uncertainty_N384,log10_R_in_d_linear,log10_R_in_d_Mohm,768,0.2694299206537115,0.007704030995428746,0.009488210063304952,0.26228899457266586,0.007744478961545479,0.009534468353054198,5_fold_seed_202608_descriptive,intercept=-0.0964702745; log10_R_in_d_Mohm=0.0714757077,log10_R_in_d_Mohm:positive,ordinary_least_squares_descriptive
Gamma_h_to_s,somatic_transfer,progressive_uncertainty_N384,component_pair_log10_OLS,log10_R_neck_Mohm;log10_R_in_d_Mohm,768,0.4969668123582096,0.006454007152094578,0.007873206994701254,0.49498083687970607,0.006464142100871657,0.007888733399389919,5_fold_seed_202608_descriptive,intercept=-0.0476213641; log10_R_neck_Mohm=-0.0244753854; log10_R_in_d_Mohm=0.0655089876,log10_R_neck_Mohm:negative; log10_R_in_d_Mohm:positive,ordinary_least_squares_descriptive
Gamma_h_to_s,somatic_transfer,progressive_uncertainty_N384,component_pair_raw_OLS,R_neck_Mohm;R_in_d_Mohm,768,0.4966761033563093,0.0064143596903693785,0.007875481677183271,0.49443774810463126,0.006424398044001478,0.007892973962600008,5_fold_seed_202608_descriptive,intercept=0.0657393528; R_neck_Mohm=-0.000400379654; R_in_d_Mohm=8.53812138e-05,R_neck_Mohm:negative; R_in_d_Mohm:positive,ordinary_least_squares_descriptive
Gamma_h_to_s,somatic_transfer,progressive_uncertainty_N384,impedance_pair_OLS,log10_Zin_Mohm;transfer_gain,768,0.5725385582208901,0.00580472031139044,0.00725774697557537,0.5707700483402107,0.005818045439208708,0.007272744993644113,5_fold_seed_202608_descriptive,intercept=3.48799678; log10_Zin_Mohm=-1.57410499; transfer_gain=1.03594112,log10_Zin_Mohm:negative; transfer_gain:positive,ordinary_least_squares_descriptive
Gamma_h_to_s,somatic_transfer,progressive_uncertainty_N384,dynamic_plus_transfer_gain_OLS,dynamic_SMI_abs;transfer_gain,768,0.6399475853705984,0.00541209979266524,0.0066609506222007585,0.6360042618901218,0.005447135748284033,0.006697326932225915,5_fold_seed_202608_descriptive,intercept=0.0334638014; dynamic_SMI_abs=-0.0661492093; transfer_gain=0.699807362,dynamic_SMI_abs:negative; transfer_gain:positive,ordinary_least_squares_descriptive
Gamma_h_to_s,somatic_transfer,progressive_uncertainty_N384,synaptic_plus_components_OLS,log10_R_neck_Mohm;log10_R_in_d_Mohm;synaptic_conductance_scale,768,0.5375484530782113,0.006307402115717796,0.007548948604912943,0.5342333152451129,0.0063273239099614674,0.007575958045389475,5_fold_seed_202608_descriptive,intercept=-0.0557829231; log10_R_neck_Mohm=-0.0238964244; log10_R_in_d_Mohm=0.0661780936; synaptic_conductance_scale=0.00525541276,log10_R_neck_Mohm:negative; log10_R_in_d_Mohm:positive; synaptic_conductance_scale:positive,ordinary_least_squares_descriptive
Gamma_h_to_s,somatic_transfer,progressive_uncertainty_N768,SMI_linear,SMI,1536,0.40123795967530873,0.007081009389476654,0.008648683734943756,0.3988977703120977,0.007092757718523861,0.008665568422769342,5_fold_seed_202608_descriptive,intercept=0.0949858974; SMI=-0.143176107,SMI:negative,ordinary_least_squares_descriptive
Gamma_h_to_s,somatic_transfer,progressive_uncertainty_N768,Gamma_divider_linear,Gamma_divider,1536,0.41138659345242934,0.007016447276128261,0.008575075669601417,0.40917536675189725,0.007026870543075517,0.008591167438385703,5_fold_seed_202608_descriptive,intercept=-0.0839094275; Gamma_divider=0.180587485,Gamma_divider:positive,ordinary_least_squares_descriptive
Gamma_h_to_s,somatic_transfer,progressive_uncertainty_N768,log10_R_neck_linear,log10_R_neck_Mohm,1536,0.24749905329283683,0.007834671417076269,0.009695638435215499,0.24594174747794761,0.007841025520525157,0.009705665844711886,5_fold_seed_202608_descriptive,intercept=0.117135256; log10_R_neck_Mohm=-0.0251754974,log10_R_neck_Mohm:negative,ordinary_least_squares_descriptive
Gamma_h_to_s,somatic_transfer,progressive_uncertainty_N768,log10_R_in_d_linear,log10_R_in_d_Mohm,1536,0.284410394643695,0.007628247490364459,0.009454855547131907,0.28263159992855147,0.007640108192823447,0.009466599574944471,5_fold_seed_202608_descriptive,intercept=-0.102584326; log10_R_in_d_Mohm=0.0739319859,log10_R_in_d_Mohm:positive,ordinary_least_squares_descriptive
Gamma_h_to_s,somatic_transfer,progressive_uncertainty_N768,component_pair_log10_OLS,log10_R_neck_Mohm;log10_R_in_d_Mohm,1536,0.5173325344275305,0.006381482788448678,0.007765097251915455,0.514441779400852,0.0063998311238641255,0.00778831560236214,5_fold_seed_202608_descriptive,intercept=-0.0639824637; log10_R_neck_Mohm=-0.0244326194; log10_R_in_d_Mohm=0.0720411959,log10_R_neck_Mohm:negative; log10_R_in_d_Mohm:positive,ordinary_least_squares_descriptive
Gamma_h_to_s,somatic_transfer,progressive_uncertainty_N768,component_pair_raw_OLS,R_neck_Mohm;R_in_d_Mohm,1536,0.5165673664663025,0.006435740600620983,0.007771249780446908,0.5136990904464778,0.006452275154835221,0.0077942696626201935,5_fold_seed_202608_descriptive,intercept=0.0627602122; R_neck_Mohm=-0.000388620674; R_in_d_Mohm=9.39145777e-05,R_neck_Mohm:negative; R_in_d_Mohm:positive,ordinary_least_squares_descriptive
Gamma_h_to_s,somatic_transfer,progressive_uncertainty_N768,impedance_pair_OLS,log10_Zin_Mohm;transfer_gain,1536,0.6057209954519371,0.005546305399706633,0.007018183383094277,0.6038746519835158,0.005560301253881874,0.007034596687251123,5_fold_seed_202608_descriptive,intercept=3.51116366; log10_Zin_Mohm=-1.58566056; transfer_gain=1.06403205,log10_Zin_Mohm:negative; transfer_gain:positive,ordinary_least_squares_descriptive
Gamma_h_to_s,somatic_transfer,progressive_uncertainty_N768,dynamic_plus_transfer_gain_OLS,dynamic_SMI_abs;transfer_gain,1536,0.6598951376223965,0.005313753116263194,0.0065182243871512715,0.6589511552439528,0.005323901075717871,0.0065272639893214825,5_fold_seed_202608_descriptive,intercept=0.0297155712; dynamic_SMI_abs=-0.0622091785; transfer_gain=0.73684828,dynamic_SMI_abs:negative; transfer_gain:positive,ordinary_least_squares_descriptive
Gamma_h_to_s,somatic_transfer,progressive_uncertainty_N768,synaptic_plus_components_OLS,log10_R_neck_Mohm;log10_R_in_d_Mohm;synaptic_conductance_scale,1536,0.5402404368235122,0.006255609295090152,0.0075785875498822,0.5364028940309344,0.006280571306535867,0.00761015047989828,5_fold_seed_202608_descriptive,intercept=-0.0730997118; log10_R_neck_Mohm=-0.024632852; log10_R_in_d_Mohm=0.0740732026; synaptic_conductance_scale=0.0039881607,log10_R_neck_Mohm:negative; log10_R_in_d_Mohm:positive; synaptic_conductance_scale:positive,ordinary_least_squares_descriptive
Gamma_h_to_s,somatic_transfer,progressive_uncertainty_N96,SMI_linear,SMI,192,0.41055135886430005,0.006770016590518374,0.008441220660775725,0.39372540749923124,0.006854727194009228,0.008560851270353284,5_fold_seed_202608_descriptive,intercept=0.0938011164; SMI=-0.129155257,SMI:negative,ordinary_least_squares_descriptive
Gamma_h_to_s,somatic_transfer,progressive_uncertainty_N96,Gamma_divider_linear,Gamma_divider,192,0.4262558405031798,0.00670052812519127,0.008328013233840451,0.41075326849702776,0.006792763743095916,0.008439774809837616,5_fold_seed_202608_descriptive,intercept=-0.0720348372; Gamma_divider=0.167707258,Gamma_divider:positive,ordinary_least_squares_descriptive
Gamma_h_to_s,somatic_transfer,progressive_uncertainty_N96,log10_R_neck_linear,log10_R_neck_Mohm,192,0.28010928207926755,0.007345908155491063,0.009328580311018842,0.267999291013133,0.007419545585058549,0.009406715703704797,5_fold_seed_202608_descriptive,intercept=0.118162589; log10_R_neck_Mohm=-0.0260041185,log10_R_neck_Mohm:negative,ordinary_least_squares_descriptive
Gamma_h_to_s,somatic_transfer,progressive_uncertainty_N96,log10_R_in_d_linear,log10_R_in_d_Mohm,192,0.3271383750269603,0.007506315589525191,0.009018725068392061,0.3078414639568453,0.007570454854016202,0.00914713433995833,5_fold_seed_202608_descriptive,intercept=-0.113022576; log10_R_in_d_Mohm=0.0780634732,log10_R_in_d_Mohm:positive,ordinary_least_squares_descriptive
Gamma_h_to_s,somatic_transfer,progressive_uncertainty_N96,component_pair_log10_OLS,log10_R_neck_Mohm;log10_R_in_d_Mohm,192,0.5326946010206937,0.006078039133002904,0.007515928970680421,0.5155362038165046,0.006187821551419464,0.007652669044698034,5_fold_seed_202608_descriptive,intercept=-0.0598810845; log10_R_neck_Mohm=-0.0224995593; log10_R_in_d_Mohm=0.0692813726,log10_R_neck_Mohm:negative; log10_R_in_d_Mohm:positive,ordinary_least_squares_descriptive
Gamma_h_to_s,somatic_transfer,progressive_uncertainty_N96,component_pair_raw_OLS,R_neck_Mohm;R_in_d_Mohm,192,0.5105967046601295,0.006347865953941771,0.0076915826739504655,0.4896097822869996,0.006485695942831233,0.007854769386440344,5_fold_seed_202608_descriptive,intercept=0.0633847192; R_neck_Mohm=-0.000346167582; R_in_d_Mohm=8.79847175e-05,R_neck_Mohm:negative; R_in_d_Mohm:positive,ordinary_least_squares_descriptive
Gamma_h_to_s,somatic_transfer,progressive_uncertainty_N96,impedance_pair_OLS,log10_Zin_Mohm;transfer_gain,192,0.49492068078334317,0.006064622600860654,0.007813795863531458,0.48595695037317144,0.006113615969753956,0.007882827328371093,5_fold_seed_202608_descriptive,intercept=3.42515505; log10_Zin_Mohm=-1.54294128; transfer_gain=0.961548722,log10_Zin_Mohm:negative; transfer_gain:positive,ordinary_least_squares_descriptive
Gamma_h_to_s,somatic_transfer,progressive_uncertainty_N96,dynamic_plus_transfer_gain_OLS,dynamic_SMI_abs;transfer_gain,192,0.6153681833742819,0.005491018706814381,0.006818751616222263,0.6033078309704705,0.005587577913649886,0.006924829445849268,5_fold_seed_202608_descriptive,intercept=0.0363763735; dynamic_SMI_abs=-0.0690121327; transfer_gain=0.670976865,dynamic_SMI_abs:negative; transfer_gain:positive,ordinary_least_squares_descriptive
Gamma_h_to_s,somatic_transfer,progressive_uncertainty_N96,synaptic_plus_components_OLS,log10_R_neck_Mohm;log10_R_in_d_Mohm;synaptic_conductance_scale,192,0.564985749024109,0.005937630010725264,0.007251602835562006,0.5389298515508059,0.006119240095112495,0.007465618106139624,5_fold_seed_202608_descriptive,intercept=-0.0515397653; log10_R_neck_Mohm=-0.0227691263; log10_R_in_d_Mohm=0.0640445783; synaptic_conductance_scale=0.00473306721,log10_R_neck_Mohm:negative; log10_R_in_d_Mohm:positive; synaptic_conductance_scale:positive,ordinary_least_squares_descriptive
Gamma_h_to_s,somatic_transfer,spatial_convergence,SMI_linear,SMI,4,0.9998454400122133,2.943785666566917e-05,3.430547612228939e-05,0.9982994014365643,8.898701824576125e-05,0.0001137930709097275,leave_one_out_descriptive,intercept=-0.0301779281; SMI=2.23754061,SMI:positive,ordinary_least_squares_descriptive
Gamma_h_to_s,somatic_transfer,spatial_convergence,Gamma_divider_linear,Gamma_divider,4,0.9998251252589717,3.132670570863902e-05,3.6490385884274083e-05,0.9980815086157843,9.457322485645694e-05,0.00012086340925177967,leave_one_out_descriptive,intercept=2.40338864; Gamma_divider=-2.43785611,Gamma_divider:negative,ordinary_least_squares_descriptive
Gamma_h_to_s,somatic_transfer,spatial_convergence,log10_R_in_d_linear,log10_R_in_d_Mohm,4,0.9995187604281986,5.224344952376933e-05,6.0533471356138967e-05,0.9948850710357335,0.00015548456884420178,0.00019734890324792776,leave_one_out_descriptive,intercept=0.649412038; log10_R_in_d_Mohm=-0.225572379,log10_R_in_d_Mohm:negative,ordinary_least_squares_descriptive
Gamma_h_to_s,somatic_transfer,timestep_convergence_intermediate,SMI_linear,SMI,4,-2.220446049250313e-16,0.0001011233896434649,0.00012054231427885192,-0.7777777777777204,0.00013483118619128653,0.0001607230857051333,leave_one_out_descriptive,intercept=0.269138294; SMI=0.0308813691,SMI:positive,ordinary_least_squares_descriptive
Gamma_h_to_s,somatic_transfer,timestep_convergence_intermediate,Gamma_divider_linear,Gamma_divider,4,0.0,0.0001011233896434649,0.00012054231427885191,-0.7777777777777206,0.00013483118619128653,0.0001607230857051333,leave_one_out_descriptive,intercept=0.151092569; Gamma_divider=0.135540437,Gamma_divider:positive,ordinary_least_squares_descriptive
A_h_mV,head_amplitude,all_nonexploratory,SMI_linear,SMI,3584,0.01266082663292456,5.040172265538429,6.260264603039254,0.010772904236610925,5.044419627371199,6.266246969405743,5_fold_seed_202608_descriptive,intercept=13.5581436; SMI=3.0552231,SMI:positive,ordinary_least_squares_descriptive
A_h_mV,head_amplitude,all_nonexploratory,Gamma_divider_linear,Gamma_divider,3584,0.016674042269600675,5.040821169044074,6.2475286686609275,0.014676810009886854,5.045781601679319,6.253870124530513,5_fold_seed_202608_descriptive,intercept=22.2428825; Gamma_divider=-9.18390789,Gamma_divider:negative,ordinary_least_squares_descriptive
A_h_mV,head_amplitude,all_nonexploratory,log10_R_neck_linear,log10_R_neck_Mohm,3576,0.1480260450079185,4.783019336388275,5.810298539846167,0.14628620222999367,4.788637420055096,5.816228210686608,5_fold_seed_202608_descriptive,intercept=3.40189839; log10_R_neck_Mohm=7.59871339,log10_R_neck_Mohm:positive,ordinary_least_squares_descriptive
A_h_mV,head_amplitude,all_nonexploratory,log10_R_in_d_linear,log10_R_in_d_Mohm,3580,0.21078301475016925,4.602801129981725,5.589552828843357,0.20907119605974223,4.60714645261831,5.595611440333575,5_fold_seed_202608_descriptive,intercept=-36.9128996; log10_R_in_d_Mohm=20.6799469,log10_R_in_d_Mohm:positive,ordinary_least_squares_descriptive
A_h_mV,head_amplitude,all_nonexploratory,component_pair_log10_OLS,log10_R_neck_Mohm;log10_R_in_d_Mohm,3576,0.3229979769454481,4.298783887109141,5.1794097679707365,0.32137942871655245,4.30429427022122,5.185597430411683,5_fold_seed_202608_descriptive,intercept=-41.9599194; log10_R_neck_Mohm=6.66221043; log10_R_in_d_Mohm=18.9688162,log10_R_neck_Mohm:positive; log10_R_in_d_Mohm:positive,ordinary_least_squares_descriptive
A_h_mV,head_amplitude,all_nonexploratory,component_pair_raw_OLS,R_neck_Mohm;R_in_d_Mohm,3576,0.2808691310840573,4.473368295361958,5.338131326953398,0.2777950041072249,4.481152844014766,5.349528830677697,5_fold_seed_202608_descriptive,intercept=2.90871547; R_neck_Mohm=0.0505217268; R_in_d_Mohm=0.0310636184,R_neck_Mohm:positive; R_in_d_Mohm:positive,ordinary_least_squares_descriptive
A_h_mV,head_amplitude,all_nonexploratory,impedance_pair_OLS,log10_Zin_Mohm;transfer_gain,3143,0.10262687363785905,4.243249754490836,5.060492035218982,0.09553001010817153,4.2490185527242685,5.080463045107253,5_fold_seed_202608_descriptive,intercept=-99.5315067; log10_Zin_Mohm=50.0257404; transfer_gain=41.7626599,log10_Zin_Mohm:positive; transfer_gain:positive,ordinary_least_squares_descriptive
A_h_mV,head_amplitude,all_nonexploratory,dynamic_plus_transfer_gain_OLS,dynamic_SMI_abs;transfer_gain,3072,0.035505118899127774,4.1657430410922585,4.865677216620251,0.03400165475133743,4.168624264194406,4.869468072743356,5_fold_seed_202608_descriptive,intercept=11.0848013; dynamic_SMI_abs=10.7262507; transfer_gain=24.8002544,dynamic_SMI_abs:positive; transfer_gain:positive,ordinary_least_squares_descriptive
A_h_mV,head_amplitude,all_nonexploratory,synaptic_plus_components_OLS,log10_R_neck_Mohm;log10_R_in_d_Mohm;synaptic_conductance_scale,3072,0.976981286342738,0.5235122865463601,0.7516814912678831,0.9768788054607599,0.5249091239824725,0.7533529016395549,5_fold_seed_202608_descriptive,intercept=-2.07179851; log10_R_neck_Mohm=3.77296775; log10_R_in_d_Mohm=-0.166076382; synaptic_conductance_scale=11.3161356,log10_R_neck_Mohm:positive; log10_R_in_d_Mohm:negative; synaptic_conductance_scale:positive,ordinary_least_squares_descriptive
A_h_mV,head_amplitude,active_nonlinear_challenge,SMI_linear,SMI,47,0.2220234527871413,5.9699807598144305,9.141344057467037,0.15974033725956327,6.20458861250384,9.500217762450484,5_fold_seed_202608_descriptive,intercept=19.1735168; SMI=18.537956,SMI:positive,ordinary_least_squares_descriptive
A_h_mV,head_amplitude,active_nonlinear_challenge,Gamma_divider_linear,Gamma_divider,47,0.19090481529368475,6.235402128434217,9.322375900963301,0.12605157960681423,6.430454934859554,9.688793580839024,5_fold_seed_202608_descriptive,intercept=54.3824973; Gamma_divider=-37.7664902,Gamma_divider:negative,ordinary_least_squares_descriptive
A_h_mV,head_amplitude,active_nonlinear_challenge,log10_R_neck_linear,log10_R_neck_Mohm,47,0.44192006676148776,4.900434772585936,7.742389325462391,0.3744027406358953,5.149516035545735,8.197364020880409,5_fold_seed_202608_descriptive,intercept=-30.3352999; log10_R_neck_Mohm=26.4908534,log10_R_neck_Mohm:positive,ordinary_least_squares_descriptive
A_h_mV,head_amplitude,active_nonlinear_challenge,log10_R_in_d_linear,log10_R_in_d_Mohm,47,0.32962254879112407,5.844717024796594,8.485677093669738,0.29266484328451425,5.99378407594092,8.716445613398465,5_fold_seed_202608_descriptive,intercept=-100.570079; log10_R_in_d_Mohm=49.0053249,log10_R_in_d_Mohm:positive,ordinary_least_squares_descriptive
A_h_mV,head_amplitude,active_nonlinear_challenge,component_pair_log10_OLS,log10_R_neck_Mohm;log10_R_in_d_Mohm,47,0.6183983487567157,3.870080131743198,6.402239627061307,0.5268225025862601,4.305206487746408,7.129167917256004,5_fold_seed_202608_descriptive,intercept=-117.565071; log10_R_neck_Mohm=22.1292257; log10_R_in_d_Mohm=37.0546045,log10_R_neck_Mohm:positive; log10_R_in_d_Mohm:positive,ordinary_least_squares_descriptive
A_h_mV,head_amplitude,active_nonlinear_challenge,component_pair_raw_OLS,R_neck_Mohm;R_in_d_Mohm,47,0.6168490711213626,3.8190617422506823,6.415222798853854,0.5079994325636621,4.265553325521862,7.2695847558631295,5_fold_seed_202608_descriptive,intercept=4.2163102; R_neck_Mohm=0.0437069331; R_in_d_Mohm=0.0355742799,R_neck_Mohm:positive; R_in_d_Mohm:positive,ordinary_least_squares_descriptive
A_h_mV,head_amplitude,active_nonlinear_challenge,impedance_pair_OLS,log10_Zin_Mohm;transfer_gain,47,0.4293192618900752,5.08101061627093,7.8293085658227115,0.3740207807005179,5.252932277777837,8.199866099342929,5_fold_seed_202608_descriptive,intercept=-245.391152; log10_Zin_Mohm=102.989778; transfer_gain=424.754412,log10_Zin_Mohm:positive; transfer_gain:positive,ordinary_least_squares_descriptive
A_h_mV,head_amplitude,baseline_reference_targets,SMI_linear,SMI,3,0.998618816832638,0.19306393490634952,0.227516488972785,0.6014849569609229,2.588743328348888,3.8646449284612756,leave_one_out_descriptive,intercept=1.46673505; SMI=10.2720881,SMI:positive,ordinary_least_squares_descriptive
A_h_mV,head_amplitude,baseline_reference_targets,Gamma_divider_linear,Gamma_divider,3,0.98517731168001,0.6561534515946604,0.745333646504593,0.034527876050621575,4.60177979934108,6.0152974567236095,leave_one_out_descriptive,intercept=25.5806721; Gamma_divider=-24.7925971,Gamma_divider:negative,ordinary_least_squares_descriptive
A_h_mV,head_amplitude,baseline_reference_targets,log10_R_neck_linear,log10_R_neck_Mohm,3,0.7682929992505917,2.7780324875709685,2.9468417654659813,-2.1336562936998082,10.424678759301075,10.837095956252803,leave_one_out_descriptive,intercept=-0.842725866; log10_R_neck_Mohm=6.03956921,log10_R_neck_Mohm:positive,ordinary_least_squares_descriptive
A_h_mV,head_amplitude,baseline_reference_targets,log10_R_in_d_linear,log10_R_in_d_Mohm,3,-2.220446049250313e-16,5.768158696038086,6.1219142008016645,-1.2500000000000009,8.652238044057134,9.182871301202498,leave_one_out_descriptive,intercept=1.13255299; log10_R_in_d_Mohm=2.44611949,log10_R_in_d_Mohm:positive,ordinary_least_squares_descriptive
A_h_mV,head_amplitude,exploratory_matched_baseline_comparisons,SMI_linear,SMI,27,0.1913417886829628,14.15168922070754,17.06094956378832,0.08829343870400364,15.048950226389934,18.11541296597908,leave_one_out_descriptive,intercept=68.9274734; SMI=-609.893088,SMI:negative,ordinary_least_squares_descriptive
A_h_mV,head_amplitude,exploratory_matched_baseline_comparisons,Gamma_divider_linear,Gamma_divider,27,0.19246433844348987,14.156239692618499,17.04910375820496,0.08810897449450761,15.070987391740847,18.11724550534202,leave_one_out_descriptive,intercept=-611.060687; Gamma_divider=681.837374,Gamma_divider:positive,ordinary_least_squares_descriptive
A_h_mV,head_amplitude,exploratory_matched_baseline_comparisons,log10_R_neck_linear,log10_R_neck_Mohm,27,0.003172755629681001,16.32324539571677,18.942210054094076,-0.1739806342582455,17.663493662599336,20.55659431466456,leave_one_out_descriptive,intercept=25.4981315; log10_R_neck_Mohm=11.2212779,log10_R_neck_Mohm:positive,ordinary_least_squares_descriptive
A_h_mV,head_amplitude,exploratory_matched_baseline_comparisons,log10_R_in_d_linear,log10_R_in_d_Mohm,27,0.8167765500609573,6.965840288219051,8.121032094061118,0.7939629634394342,7.417107704970759,8.611788317091243,leave_one_out_descriptive,intercept=-677.667902; log10_R_in_d_Mohm=278.135393,log10_R_in_d_Mohm:positive,ordinary_least_squares_descriptive
A_h_mV,head_amplitude,exploratory_matched_baseline_comparisons,component_pair_log10_OLS,log10_R_neck_Mohm;log10_R_in_d_Mohm,27,0.8199621573398027,6.906788139389892,8.050124532801709,0.7766148134545767,7.691125630421383,8.967014741952648,leave_one_out_descriptive,intercept=-691.690989; log10_R_neck_Mohm=11.2439817; log10_R_in_d_Mohm=278.137583,log10_R_neck_Mohm:positive; log10_R_in_d_Mohm:positive,ordinary_least_squares_descriptive
A_h_mV,head_amplitude,exploratory_matched_baseline_comparisons,component_pair_raw_OLS,R_neck_Mohm;R_in_d_Mohm,27,0.818948623351009,6.929064503652518,8.072752064642915,0.7755953625806187,7.719937436651177,8.987452590415357,leave_one_out_descriptive,intercept=-92.011247; R_neck_Mohm=0.206204349; R_in_d_Mohm=0.334010169,R_neck_Mohm:positive; R_in_d_Mohm:positive,ordinary_least_squares_descriptive
A_h_mV,head_amplitude,exploratory_mechanistic_decomposition,SMI_linear,SMI,8,0.20782524330318997,1.1526736486942217,1.4134319733942848,-0.9878935398294628,1.7486254170958948,2.239035466666877,leave_one_out_descriptive,intercept=10.5271717; SMI=74.454225,SMI:positive,ordinary_least_squares_descriptive
A_h_mV,head_amplitude,exploratory_mechanistic_decomposition,Gamma_divider_linear,Gamma_divider,8,0.20782334888965015,1.152675918902774,1.4134336634399751,-0.9879004575212327,1.7486290652622791,2.2390393624850975,leave_one_out_descriptive,intercept=94.6184564; Gamma_divider=-84.3937465,Gamma_divider:negative,ordinary_least_squares_descriptive
A_h_mV,head_amplitude,exploratory_scenario_uncertainty,SMI_linear,SMI,72,0.12184435042888042,2.087737345590427,2.656217039772745,0.06651230607537995,2.173824297065409,2.7386220911592516,5_fold_seed_202608_descriptive,intercept=12.2034754; SMI=51.0620727,SMI:positive,ordinary_least_squares_descriptive
A_h_mV,head_amplitude,exploratory_scenario_uncertainty,Gamma_divider_linear,Gamma_divider,72,0.1227532579454399,2.0852096338556025,2.6548420667496426,0.06774853962918748,2.1705605445226137,2.736808088586305,5_fold_seed_202608_descriptive,intercept=70.2496432; Gamma_divider=-58.2619645,Gamma_divider:negative,ordinary_least_squares_descriptive
A_h_mV,head_amplitude,exploratory_scenario_uncertainty,log10_R_neck_linear,log10_R_neck_Mohm,72,0.1273775016037766,2.06386932748247,2.6478355671597833,0.07507551688946634,2.1444000927759888,2.7260319796108683,5_fold_seed_202608_descriptive,intercept=6.09519508; log10_R_neck_Mohm=7.35296452,log10_R_neck_Mohm:positive,ordinary_least_squares_descriptive
A_h_mV,head_amplitude,exploratory_scenario_uncertainty,log10_R_in_d_linear,log10_R_in_d_Mohm,72,0.02323613039575445,2.1950982077582837,2.8013837293940154,-0.0763212760049079,2.2913202261303978,2.940686793464901,5_fold_seed_202608_descriptive,intercept=50708.474; log10_R_in_d_Mohm=-20348.4586,log10_R_in_d_Mohm:negative,ordinary_least_squares_descriptive
A_h_mV,head_amplitude,exploratory_scenario_uncertainty,component_pair_log10_OLS,log10_R_neck_Mohm;log10_R_in_d_Mohm,72,0.13471763280103988,2.0263078739612204,2.636675813653881,0.04306019089955593,2.155851647468911,2.7728100498799266,5_fold_seed_202608_descriptive,intercept=29035.5536; log10_R_neck_Mohm=7.00858201; log10_R_in_d_Mohm=-11652.3675,log10_R_neck_Mohm:positive; log10_R_in_d_Mohm:negative,ordinary_least_squares_descriptive
A_h_mV,head_amplitude,exploratory_scenario_uncertainty,component_pair_raw_OLS,R_neck_Mohm;R_in_d_Mohm,72,0.12862891916839136,2.0512744427416276,2.6459362712010015,0.029857282030542387,2.1893458960414094,2.791872768077053,5_fold_seed_202608_descriptive,intercept=4896.75275; R_neck_Mohm=0.156580898; R_in_d_Mohm=-15.7599601,R_neck_Mohm:positive; R_in_d_Mohm:negative,ordinary_least_squares_descriptive
A_h_mV,head_amplitude,exploratory_scenario_uncertainty,impedance_pair_OLS,log10_Zin_Mohm;transfer_gain,72,0.03717237415490515,2.197392543831938,2.7813271802599058,-0.04617748005041111,2.2921520335068895,2.899215461873143,5_fold_seed_202608_descriptive,intercept=-9.58139226e+09; log10_Zin_Mohm=7.79364582e+09; transfer_gain=-9.13582533e+10,log10_Zin_Mohm:positive; transfer_gain:negative,ordinary_least_squares_descriptive
A_h_mV,head_amplitude,exploratory_scenario_uncertainty,dynamic_plus_transfer_gain_OLS,dynamic_SMI_abs;transfer_gain,72,0.12863070034002888,2.0512731708101923,2.6459335669174,0.02986463973851472,2.189338393397497,2.791862181065941,5_fold_seed_202608_descriptive,intercept=33334.3091; dynamic_SMI_abs=26.0086334; transfer_gain=-394154.324,dynamic_SMI_abs:positive; transfer_gain:negative,ordinary_least_squares_descriptive
A_h_mV,head_amplitude,exploratory_scenario_uncertainty,synaptic_plus_components_OLS,log10_R_neck_Mohm;log10_R_in_d_Mohm;synaptic_conductance_scale,72,0.9970045656356589,0.11888242516158577,0.15513425787037396,0.9961732203762226,0.1325518815772947,0.17534546373348658,5_fold_seed_202608_descriptive,intercept=4978.7944; log10_R_neck_Mohm=3.00264147; log10_R_in_d_Mohm=-1998.8978; synaptic_conductance_scale=11.283623,log10_R_neck_Mohm:positive; log10_R_in_d_Mohm:negative; synaptic_conductance_scale:positive,ordinary_least_squares_descriptive
A_h_mV,head_amplitude,exploratory_scenarios,SMI_linear,SMI,27,0.1913417886829628,14.15168922070754,17.06094956378832,0.08829343870400364,15.048950226389934,18.11541296597908,leave_one_out_descriptive,intercept=68.9274734; SMI=-609.893088,SMI:negative,ordinary_least_squares_descriptive
A_h_mV,head_amplitude,exploratory_scenarios,Gamma_divider_linear,Gamma_divider,27,0.19246433844348987,14.156239692618499,17.04910375820496,0.08810897449450761,15.070987391740847,18.11724550534202,leave_one_out_descriptive,intercept=-611.060687; Gamma_divider=681.837374,Gamma_divider:positive,ordinary_least_squares_descriptive
A_h_mV,head_amplitude,exploratory_scenarios,log10_R_neck_linear,log10_R_neck_Mohm,27,0.003172755629681001,16.32324539571677,18.942210054094076,-0.1739806342582455,17.663493662599336,20.55659431466456,leave_one_out_descriptive,intercept=25.4981315; log10_R_neck_Mohm=11.2212779,log10_R_neck_Mohm:positive,ordinary_least_squares_descriptive
A_h_mV,head_amplitude,exploratory_scenarios,log10_R_in_d_linear,log10_R_in_d_Mohm,27,0.8167765500609573,6.965840288219051,8.121032094061118,0.7939629634394342,7.417107704970759,8.611788317091243,leave_one_out_descriptive,intercept=-677.667902; log10_R_in_d_Mohm=278.135393,log10_R_in_d_Mohm:positive,ordinary_least_squares_descriptive
A_h_mV,head_amplitude,exploratory_scenarios,component_pair_log10_OLS,log10_R_neck_Mohm;log10_R_in_d_Mohm,27,0.8199621573398027,6.906788139389892,8.050124532801709,0.7766148134545767,7.691125630421383,8.967014741952648,leave_one_out_descriptive,intercept=-691.690989; log10_R_neck_Mohm=11.2439817; log10_R_in_d_Mohm=278.137583,log10_R_neck_Mohm:positive; log10_R_in_d_Mohm:positive,ordinary_least_squares_descriptive
A_h_mV,head_amplitude,exploratory_scenarios,component_pair_raw_OLS,R_neck_Mohm;R_in_d_Mohm,27,0.818948623351009,6.929064503652518,8.072752064642915,0.7755953625806187,7.719937436651177,8.987452590415357,leave_one_out_descriptive,intercept=-92.011247; R_neck_Mohm=0.206204349; R_in_d_Mohm=0.334010169,R_neck_Mohm:positive; R_in_d_Mohm:positive,ordinary_least_squares_descriptive
A_h_mV,head_amplitude,exploratory_scenarios,impedance_pair_OLS,log10_Zin_Mohm;transfer_gain,27,0.820747712087254,6.86278611944589,8.03254287697675,0.7561422190761649,7.881109876089625,9.368908713642444,leave_one_out_descriptive,intercept=360136.168; log10_Zin_Mohm=-132902.123; transfer_gain=-769191.39,log10_Zin_Mohm:negative; transfer_gain:negative,ordinary_least_squares_descriptive
A_h_mV,head_amplitude,exploratory_scenarios,dynamic_plus_transfer_gain_OLS,dynamic_SMI_abs;transfer_gain,27,0.8186820605464332,6.921506975471983,8.07869265452375,0.7820042712943698,7.642725544232023,8.858183872530853,leave_one_out_descriptive,intercept=105.462786; dynamic_SMI_abs=40.8661418; transfer_gain=-1119.90412,dynamic_SMI_abs:positive; transfer_gain:negative,ordinary_least_squares_descriptive
A_h_mV,head_amplitude,exploratory_scenarios,synaptic_plus_components_OLS,log10_R_neck_Mohm;log10_R_in_d_Mohm;synaptic_conductance_scale,27,0.8266687051177248,6.476348241734206,7.898764932546183,0.7599452291707707,7.561759255216557,9.295566656277291,leave_one_out_descriptive,intercept=-696.854229; log10_R_neck_Mohm=7.8231954; log10_R_in_d_Mohm=278.139498; synaptic_conductance_scale=8.52319616,log10_R_neck_Mohm:positive; log10_R_in_d_Mohm:positive; synaptic_conductance_scale:positive,ordinary_least_squares_descriptive
A_h_mV,head_amplitude,fixed_load_geometry_sweep,SMI_linear,SMI,400,0.9847484579638636,0.3625941826473889,0.604691072247376,0.981707316640423,0.37400977181029704,0.6622399665183284,5_fold_seed_202608_descriptive,intercept=1.66413614; SMI=9.08647899,SMI:positive,ordinary_least_squares_descriptive
A_h_mV,head_amplitude,fixed_load_geometry_sweep,Gamma_divider_linear,Gamma_divider,400,0.9057202382419135,1.102566894865791,1.5034393632994696,0.9023419872787144,1.1096929684093702,1.5301380673875427,5_fold_seed_202608_descriptive,intercept=26.4082748; Gamma_divider=-26.3708682,Gamma_divider:negative,ordinary_least_squares_descriptive
A_h_mV,head_amplitude,fixed_load_geometry_sweep,log10_R_neck_linear,log10_R_neck_Mohm,400,0.6142697693257405,2.1824107465926303,3.041014683374039,0.6053137040973078,2.195307815821481,3.0761159549728987,5_fold_seed_202608_descriptive,intercept=-3.52098803; log10_R_neck_Mohm=6.45779552,log10_R_neck_Mohm:positive,ordinary_least_squares_descriptive
A_h_mV,head_amplitude,fixed_load_geometry_sweep,log10_R_in_d_linear,log10_R_in_d_Mohm,400,0.0,3.1767981265757634,4.896397625199845,-0.005437530800158852,3.1914693161487264,4.9096917343661595,5_fold_seed_202608_descriptive,intercept=0.781791031; log10_R_in_d_Mohm=1.68853404,log10_R_in_d_Mohm:positive,ordinary_least_squares_descriptive
A_h_mV,head_amplitude,fixed_load_geometry_sweep,component_pair_log10_OLS,log10_R_neck_Mohm;log10_R_in_d_Mohm,400,0.6142697693257405,2.1824107465926272,3.041014683374039,0.6053137040973078,2.195307815821483,3.076115954972899,5_fold_seed_202608_descriptive,intercept=-0.621549396; log10_R_neck_Mohm=6.45779552; log10_R_in_d_Mohm=-1.3424397,log10_R_neck_Mohm:positive; log10_R_in_d_Mohm:negative,ordinary_least_squares_descriptive
A_h_mV,head_amplitude,fixed_load_geometry_sweep,component_pair_raw_OLS,R_neck_Mohm;R_in_d_Mohm,400,0.9847484579638636,0.36259418264739074,0.6046910722473758,0.981707316640423,0.37400977181029715,0.6622399665183294,5_fold_seed_202608_descriptive,intercept=7.97099162e-05; R_neck_Mohm=0.0628879994; R_in_d_Mohm=0.0115170221,R_neck_Mohm:positive; R_in_d_Mohm:positive,ordinary_least_squares_descriptive
A_h_mV,head_amplitude,global_uncertainty_N96,SMI_linear,SMI,192,0.020817130106470794,4.121588867822101,4.784034827809101,-0.0002860815216143564,4.16119067089167,4.8353124418004665,5_fold_seed_202608_descriptive,intercept=13.7079963; SMI=13.9192058,SMI:positive,ordinary_least_squares_descriptive
A_h_mV,head_amplitude,global_uncertainty_N96,Gamma_divider_linear,Gamma_divider,192,0.020242355824960034,4.122211314914907,4.7854387212306895,-0.0015325354288848736,4.162934415933443,4.838324139059234,5_fold_seed_202608_descriptive,intercept=30.6368017; Gamma_divider=-17.0522007,Gamma_divider:negative,ordinary_least_squares_descriptive
A_h_mV,head_amplitude,global_uncertainty_N96,log10_R_neck_linear,log10_R_neck_Mohm,192,0.01763224910452521,4.1221442384015505,4.7918087649466505,0.0007640676203185537,4.152707303317954,4.832773601794615,5_fold_seed_202608_descriptive,intercept=10.9556635; log10_R_neck_Mohm=2.88252693,log10_R_neck_Mohm:positive,ordinary_least_squares_descriptive
A_h_mV,head_amplitude,global_uncertainty_N96,log10_R_in_d_linear,log10_R_in_d_Mohm,192,1.9445960851349753e-05,4.146817993505009,4.834573936241878,-0.016581093726894203,4.187097679770338,4.87453780884648,5_fold_seed_202608_descriptive,intercept=15.6128938; log10_R_in_d_Mohm=-0.264200169,log10_R_in_d_Mohm:negative,ordinary_least_squares_descriptive
A_h_mV,head_amplitude,global_uncertainty_N96,component_pair_log10_OLS,log10_R_neck_Mohm;log10_R_in_d_Mohm,192,0.017632941854366257,4.1220364282937245,4.791807075393353,-0.009870161823662071,4.180847496391236,4.858421604041488,5_fold_seed_202608_descriptive,intercept=10.829922; log10_R_neck_Mohm=2.88324068; log10_R_in_d_Mohm=0.0499051313,log10_R_neck_Mohm:positive; log10_R_in_d_Mohm:positive,ordinary_least_squares_descriptive
A_h_mV,head_amplitude,global_uncertainty_N96,component_pair_raw_OLS,R_neck_Mohm;R_in_d_Mohm,192,0.018174445000103012,4.129357222545891,4.790486216628061,-0.008810789582528233,4.185544111081977,4.855872648899483,5_fold_seed_202608_descriptive,intercept=13.8921192; R_neck_Mohm=0.045271461; R_in_d_Mohm=-0.000599166485,R_neck_Mohm:positive; R_in_d_Mohm:negative,ordinary_least_squares_descriptive
A_h_mV,head_amplitude,global_uncertainty_N96,impedance_pair_OLS,log10_Zin_Mohm;transfer_gain,192,0.003655232366871153,4.149849967811975,4.825777022873538,-0.022383531589718064,4.219463655802038,4.888429448961153,5_fold_seed_202608_descriptive,intercept=-139.922069; log10_Zin_Mohm=71.1324584; transfer_gain=-35.4592003,log10_Zin_Mohm:positive; transfer_gain:negative,ordinary_least_squares_descriptive
A_h_mV,head_amplitude,global_uncertainty_N96,dynamic_plus_transfer_gain_OLS,dynamic_SMI_abs;transfer_gain,192,0.0191839566120392,4.133270474671332,4.788022797753578,-0.011952622712064098,4.202093174149127,4.863428318218014,5_fold_seed_202608_descriptive,intercept=15.3327332; dynamic_SMI_abs=7.35893039; transfer_gain=-18.8597498,dynamic_SMI_abs:positive; transfer_gain:negative,ordinary_least_squares_descriptive
A_h_mV,head_amplitude,global_uncertainty_N96,synaptic_plus_components_OLS,log10_R_neck_Mohm;log10_R_in_d_Mohm;synaptic_conductance_scale,192,0.9821927351186638,0.5052924656253491,0.6451505004243554,0.981604410779606,0.5140469354643262,0.6557212839613404,5_fold_seed_202608_descriptive,intercept=-1.78752975; log10_R_neck_Mohm=3.45556429; log10_R_in_d_Mohm=-0.0503149165; synaptic_conductance_scale=11.1602721,log10_R_neck_Mohm:positive; log10_R_in_d_Mohm:negative; synaptic_conductance_scale:positive,ordinary_least_squares_descriptive
A_h_mV,head_amplitude,matched_neck_heterogeneous_load,SMI_linear,SMI,30,0.9995006644164296,0.00015347002867868535,0.00019488714252670938,0.9991698935188239,0.00017712760959565088,0.000251277632989502,5_fold_seed_202608_descriptive,intercept=8.98166097; SMI=-0.0111593759,SMI:negative,ordinary_least_squares_descriptive
A_h_mV,head_amplitude,matched_neck_heterogeneous_load,Gamma_divider_linear,Gamma_divider,30,0.9314202931740905,0.0017733470671464247,0.00228394027092179,0.9006268951836218,0.0020546370775642586,0.00274929511002797,5_fold_seed_202608_descriptive,intercept=8.93827663; Gamma_divider=0.0581482087,Gamma_divider:positive,ordinary_least_squares_descriptive
A_h_mV,head_amplitude,matched_neck_heterogeneous_load,log10_R_neck_linear,log10_R_neck_Mohm,30,0.0,0.006703579717106401,0.008721414550035738,-0.11536805078567491,0.007157831255414789,0.009210771958883575,5_fold_seed_202608_descriptive,intercept=1.79409888; log10_R_neck_Mohm=3.58819776,log10_R_neck_Mohm:positive,ordinary_least_squares_descriptive
A_h_mV,head_amplitude,matched_neck_heterogeneous_load,log10_R_in_d_linear,log10_R_in_d_Mohm,30,0.941263047060078,0.001697545038449159,0.0021136965406736256,0.9147252611183817,0.0019611785355708733,0.002546813417256927,5_fold_seed_202608_descriptive,intercept=8.90402069; log10_R_in_d_Mohm=0.0317240148,log10_R_in_d_Mohm:positive,ordinary_least_squares_descriptive
A_h_mV,head_amplitude,matched_neck_heterogeneous_load,component_pair_log10_OLS,log10_R_neck_Mohm;log10_R_in_d_Mohm,30,0.941263047060078,0.0016975450384492774,0.0021136965406736256,0.9147252611184212,0.0019611785355697483,0.0025468134172563378,5_fold_seed_202608_descriptive,intercept=1.78080414; log10_R_neck_Mohm=3.56160828; log10_R_in_d_Mohm=0.0317240148,log10_R_neck_Mohm:positive; log10_R_in_d_Mohm:positive,ordinary_least_squares_descriptive
A_h_mV,head_amplitude,matched_neck_heterogeneous_load,component_pair_raw_OLS,R_neck_Mohm;R_in_d_Mohm,30,0.7915572746015789,0.0030857692860767117,0.003981807878149177,0.7260810743338185,0.0034680027146465047,0.00456454980229255,5_fold_seed_202608_descriptive,intercept=0.000895243519; R_neck_Mohm=0.0895243519; R_in_d_Mohm=0.000118376696,R_neck_Mohm:positive; R_in_d_Mohm:positive,ordinary_least_squares_descriptive
A_h_mV,head_amplitude,passive_morphology_challenge,SMI_linear,SMI,24,0.1692174125754614,4.331156610763081,5.947667275917485,-0.023061529017090354,4.7837073725437484,6.600150663882391,leave_one_out_descriptive,intercept=17.2981992; SMI=11.3181661,SMI:positive,ordinary_least_squares_descriptive
A_h_mV,head_amplitude,passive_morphology_challenge,Gamma_divider_linear,Gamma_divider,24,0.11755227765833487,4.419526498791701,6.129816386178794,-0.09582173543342809,4.890879006255414,6.83082135830903,leave_one_out_descriptive,intercept=37.0004955; Gamma_divider=-20.6957589,Gamma_divider:negative,ordinary_least_squares_descriptive
A_h_mV,head_amplitude,passive_morphology_challenge,log10_R_neck_linear,log10_R_neck_Mohm,24,0.6089093686053609,3.132351034926271,4.080765874812273,0.5373215344607736,3.423727781035975,4.43856532269038,leave_one_out_descriptive,intercept=-24.6669632; log10_R_neck_Mohm=21.9738546,log10_R_neck_Mohm:positive,ordinary_least_squares_descriptive
A_h_mV,head_amplitude,passive_morphology_challenge,log10_R_in_d_linear,log10_R_in_d_Mohm,24,0.6382445348492013,3.2651659125668133,3.9247366686512746,0.5597971996159397,3.5680673308369806,4.329416550415118,leave_one_out_descriptive,intercept=-70.701754; log10_R_in_d_Mohm=36.1643138,log10_R_in_d_Mohm:positive,ordinary_least_squares_descriptive
A_h_mV,head_amplitude,passive_morphology_challenge,component_pair_log10_OLS,log10_R_neck_Mohm;log10_R_in_d_Mohm,24,0.9560910805805773,1.0368088208925184,1.3673489051448722,0.942852255208167,1.1744157181834316,1.55992069877992,leave_one_out_descriptive,intercept=-85.2249615; log10_R_neck_Mohm=16.6679005; log10_R_in_d_Mohm=28.0031785,log10_R_neck_Mohm:positive; log10_R_in_d_Mohm:positive,ordinary_least_squares_descriptive
A_h_mV,head_amplitude,passive_morphology_challenge,component_pair_raw_OLS,R_neck_Mohm;R_in_d_Mohm,24,0.9240980405018371,1.5021930406395192,1.7977506996515222,0.8762010942885418,1.8193656189990535,2.295944446183545,leave_one_out_descriptive,intercept=5.66187105; R_neck_Mohm=0.0315824122; R_in_d_Mohm=0.0292725458,R_neck_Mohm:positive; R_in_d_Mohm:positive,ordinary_least_squares_descriptive
A_h_mV,head_amplitude,passive_morphology_challenge,impedance_pair_OLS,log10_Zin_Mohm;transfer_gain,24,0.6793398623529934,3.165207945446463,3.695093735353482,-0.9545858103640597,5.127750512420419,9.122845991359288,leave_one_out_descriptive,intercept=-52.5343683; log10_Zin_Mohm=31.0019906; transfer_gain=33.9547639,log10_Zin_Mohm:positive; transfer_gain:positive,ordinary_least_squares_descriptive
A_h_mV,head_amplitude,progressive_uncertainty_N192,SMI_linear,SMI,384,0.04464486060248951,4.169669548930586,4.88082939717982,0.036804399403281174,4.192403127721611,4.900816602766161,5_fold_seed_202608_descriptive,intercept=13.1375131; SMI=20.8745979,SMI:positive,ordinary_least_squares_descriptive
A_h_mV,head_amplitude,progressive_uncertainty_N192,Gamma_divider_linear,Gamma_divider,384,0.042641991921005595,4.175501616376033,4.885942962657943,0.03501272427355551,4.195712611734529,4.905372578571619,5_fold_seed_202608_descriptive,intercept=38.3535186; Gamma_divider=-25.3854817,Gamma_divider:negative,ordinary_least_squares_descriptive
A_h_mV,head_amplitude,progressive_uncertainty_N192,log10_R_neck_linear,log10_R_neck_Mohm,384,0.03800062039224472,4.195973864387184,4.897772423057932,0.030872980209868617,4.2127588541028755,4.915883211789066,5_fold_seed_202608_descriptive,intercept=9.27150006; log10_R_neck_Mohm=4.14003963,log10_R_neck_Mohm:positive,ordinary_least_squares_descriptive
A_h_mV,head_amplitude,progressive_uncertainty_N192,log10_R_in_d_linear,log10_R_in_d_Mohm,384,0.001767669651110304,4.253568591820025,4.989155285187904,-0.0005710247207901809,4.2625013869304595,4.99499625171918,5_fold_seed_202608_descriptive,intercept=8.50289951; log10_R_in_d_Mohm=2.60333765,log10_R_in_d_Mohm:positive,ordinary_least_squares_descriptive
A_h_mV,head_amplitude,progressive_uncertainty_N192,component_pair_log10_OLS,log10_R_neck_Mohm;log10_R_in_d_Mohm,384,0.03908632146140012,4.190996236340755,4.895007858944003,0.031901293314233414,4.208363560898918,4.913274467691638,5_fold_seed_202608_descriptive,intercept=4.21108897; log10_R_neck_Mohm=4.10722941; log10_R_in_d_Mohm=2.04249929,log10_R_neck_Mohm:positive; log10_R_in_d_Mohm:positive,ordinary_least_squares_descriptive
A_h_mV,head_amplitude,progressive_uncertainty_N192,component_pair_raw_OLS,R_neck_Mohm;R_in_d_Mohm,384,0.05696776986763419,4.1639846008548576,4.849248873444282,0.047773630892268604,4.188978686983739,4.8728305300842285,5_fold_seed_202608_descriptive,intercept=11.820301; R_neck_Mohm=0.0766888586; R_in_d_Mohm=0.00323492552,R_neck_Mohm:positive; R_in_d_Mohm:positive,ordinary_least_squares_descriptive
A_h_mV,head_amplitude,progressive_uncertainty_N192,impedance_pair_OLS,log10_Zin_Mohm;transfer_gain,384,0.0027946133747654978,4.275002174167111,4.9865882975409646,-0.0059562784527313895,4.298857118995241,5.008420198828614,5_fold_seed_202608_descriptive,intercept=-171.141801; log10_Zin_Mohm=84.044285; transfer_gain=-4.72233103,log10_Zin_Mohm:positive; transfer_gain:negative,ordinary_least_squares_descriptive
A_h_mV,head_amplitude,progressive_uncertainty_N192,dynamic_plus_transfer_gain_OLS,dynamic_SMI_abs;transfer_gain,384,0.05568565723617458,4.163178370730198,4.85254418577396,0.043561273035991555,4.190288533570698,4.883596591810891,5_fold_seed_202608_descriptive,intercept=11.4695087; dynamic_SMI_abs=12.860352; transfer_gain=16.0241873,dynamic_SMI_abs:positive; transfer_gain:positive,ordinary_least_squares_descriptive
A_h_mV,head_amplitude,progressive_uncertainty_N192,synaptic_plus_components_OLS,log10_R_neck_Mohm;log10_R_in_d_Mohm;synaptic_conductance_scale,384,0.975602172015064,0.5434678369468825,0.7799859650324963,0.9749721909256015,0.550081734768376,0.7899918706755888,5_fold_seed_202608_descriptive,intercept=-3.33858571; log10_R_neck_Mohm=3.96761739; log10_R_in_d_Mohm=0.230373485; synaptic_conductance_scale=11.3430448,log10_R_neck_Mohm:positive; log10_R_in_d_Mohm:positive; synaptic_conductance_scale:positive,ordinary_least_squares_descriptive
A_h_mV,head_amplitude,progressive_uncertainty_N384,SMI_linear,SMI,768,0.01402543067860218,4.1458173065805175,4.833822313729491,0.00670667076263598,4.16001353726762,4.851729558921217,5_fold_seed_202608_descriptive,intercept=13.9038147; SMI=11.8695187,SMI:positive,ordinary_least_squares_descriptive
A_h_mV,head_amplitude,progressive_uncertainty_N384,Gamma_divider_linear,Gamma_divider,768,0.014382717536286282,4.146681878002959,4.832946420108279,0.006909092393136751,4.161027966086607,4.851235170698151,5_fold_seed_202608_descriptive,intercept=28.662517; Gamma_divider=-14.8935426,Gamma_divider:negative,ordinary_least_squares_descriptive
A_h_mV,head_amplitude,progressive_uncertainty_N384,log10_R_neck_linear,log10_R_neck_Mohm,768,0.012629442212050868,4.156388985471131,4.837243078108184,0.0035589792396927278,4.174868132924185,4.859410909362539,5_fold_seed_202608_descriptive,intercept=11.4689603; log10_R_neck_Mohm=2.51834767,log10_R_neck_Mohm:positive,ordinary_least_squares_descriptive
A_h_mV,head_amplitude,progressive_uncertainty_N384,log10_R_in_d_linear,log10_R_in_d_Mohm,768,0.0014140143863602406,4.152603756365562,4.864638344841704,-0.005296515222464437,4.165794576436106,4.8809562388125665,5_fold_seed_202608_descriptive,intercept=20.6368639; log10_R_in_d_Mohm=-2.27073755,log10_R_in_d_Mohm:negative,ordinary_least_squares_descriptive
A_h_mV,head_amplitude,progressive_uncertainty_N384,component_pair_log10_OLS,log10_R_neck_Mohm;log10_R_in_d_Mohm,768,0.013388423184647946,4.152438153300669,4.835383552707609,0.002653951852637615,4.173013209052086,4.861617212450507,5_fold_seed_202608_descriptive,intercept=15.7225773; log10_R_neck_Mohm=2.46226699; log10_R_in_d_Mohm=-1.67047497,log10_R_neck_Mohm:positive; log10_R_in_d_Mohm:negative,ordinary_least_squares_descriptive
A_h_mV,head_amplitude,progressive_uncertainty_N384,component_pair_raw_OLS,R_neck_Mohm;R_in_d_Mohm,768,0.014665540850912873,4.1469345590344995,4.832252962302534,0.004330851820799175,4.16712379541347,4.857528423282806,5_fold_seed_202608_descriptive,intercept=14.6229071; R_neck_Mohm=0.0411889975; R_in_d_Mohm=-0.00246773518,R_neck_Mohm:positive; R_in_d_Mohm:negative,ordinary_least_squares_descriptive
A_h_mV,head_amplitude,progressive_uncertainty_N384,impedance_pair_OLS,log10_Zin_Mohm;transfer_gain,768,0.007632198664493384,4.141735052384088,4.849468667072897,-0.0015975868974240637,4.156398739846087,4.871968370521729,5_fold_seed_202608_descriptive,intercept=-83.4335287; log10_Zin_Mohm=43.0044189; transfer_gain=34.3930205,log10_Zin_Mohm:positive; transfer_gain:positive,ordinary_least_squares_descriptive
A_h_mV,head_amplitude,progressive_uncertainty_N384,dynamic_plus_transfer_gain_OLS,dynamic_SMI_abs;transfer_gain,768,0.021709484250475697,4.131501071140705,4.814949615583135,0.011768048640733886,4.151496483652521,4.839352651696861,5_fold_seed_202608_descriptive,intercept=9.77476426; dynamic_SMI_abs=7.24920093; transfer_gain=46.7189453,dynamic_SMI_abs:positive; transfer_gain:positive,ordinary_least_squares_descriptive
A_h_mV,head_amplitude,progressive_uncertainty_N384,synaptic_plus_components_OLS,log10_R_neck_Mohm;log10_R_in_d_Mohm;synaptic_conductance_scale,768,0.9791567148522139,0.5083758393433482,0.7028148193765253,0.9788828362205366,0.5114764386730931,0.7074172073563593,5_fold_seed_202608_descriptive,intercept=-1.73762502; log10_R_neck_Mohm=3.70085094; log10_R_in_d_Mohm=-0.239041945; synaptic_conductance_scale=11.2430198,log10_R_neck_Mohm:positive; log10_R_in_d_Mohm:negative; synaptic_conductance_scale:positive,ordinary_least_squares_descriptive
A_h_mV,head_amplitude,progressive_uncertainty_N768,SMI_linear,SMI,1536,0.05482456019900672,4.1600490164468225,4.851230477717212,0.05065372236117538,4.167982299052967,4.861922367423687,5_fold_seed_202608_descriptive,intercept=12.8925461; SMI=23.6281615,SMI:positive,ordinary_least_squares_descriptive
A_h_mV,head_amplitude,progressive_uncertainty_N768,Gamma_divider_linear,Gamma_divider,1536,0.05500534770924015,4.160462583765154,4.850766498340714,0.05093303255325399,4.168292475435357,4.8612070939764545,5_fold_seed_202608_descriptive,intercept=42.1197095; Gamma_divider=-29.4807039,Gamma_divider:negative,ordinary_least_squares_descriptive
A_h_mV,head_amplitude,progressive_uncertainty_N768,log10_R_neck_linear,log10_R_neck_Mohm,1536,0.03893232930906554,4.1880877837043515,4.891844891770187,0.035173775022448006,4.1952423441441065,4.901401098845997,5_fold_seed_202608_descriptive,intercept=8.81701443; log10_R_neck_Mohm=4.45778677,log10_R_neck_Mohm:positive,ordinary_least_squares_descriptive
A_h_mV,head_amplitude,progressive_uncertainty_N768,log10_R_in_d_linear,log10_R_in_d_Mohm,1536,0.010191807786498863,4.224957364815446,4.964450857462007,0.007434620361133071,4.23134618553519,4.971360480279537,5_fold_seed_202608_descriptive,intercept=30.6169273; log10_R_in_d_Mohm=-6.24824513,log10_R_in_d_Mohm:negative,ordinary_least_squares_descriptive
A_h_mV,head_amplitude,progressive_uncertainty_N768,component_pair_log10_OLS,log10_R_neck_Mohm;log10_R_in_d_Mohm,1536,0.04803704840659162,4.1773026853682715,4.868618191466795,0.04414592185022859,4.184813796679475,4.878558226559695,5_fold_seed_202608_descriptive,intercept=23.6701829; log10_R_neck_Mohm=4.39686456; log10_R_in_d_Mohm=-5.90798085,log10_R_neck_Mohm:positive; log10_R_in_d_Mohm:negative,ordinary_least_squares_descriptive
A_h_mV,head_amplitude,progressive_uncertainty_N768,component_pair_raw_OLS,R_neck_Mohm;R_in_d_Mohm,1536,0.05351014572299395,4.161600000899192,4.854602503665007,0.04893569900423833,4.169516400438278,4.866319667312544,5_fold_seed_202608_descriptive,intercept=15.4818324; R_neck_Mohm=0.0734795092; R_in_d_Mohm=-0.00781697681,R_neck_Mohm:positive; R_in_d_Mohm:negative,ordinary_least_squares_descriptive
A_h_mV,head_amplitude,progressive_uncertainty_N768,impedance_pair_OLS,log10_Zin_Mohm;transfer_gain,1536,0.017848229953771333,4.205076893276416,4.945212927465718,0.010562905404898126,4.220228058366725,4.963520137442442,5_fold_seed_202608_descriptive,intercept=-478.148595; log10_Zin_Mohm=223.203201; transfer_gain=-26.9925204,log10_Zin_Mohm:positive; transfer_gain:negative,ordinary_least_squares_descriptive
A_h_mV,head_amplitude,progressive_uncertainty_N768,dynamic_plus_transfer_gain_OLS,dynamic_SMI_abs;transfer_gain,1536,0.04519672620357751,4.171293094280802,4.875875902957197,0.03905742543978352,4.182313051106546,4.891526511076798,5_fold_seed_202608_descriptive,intercept=11.1895789; dynamic_SMI_abs=12.3311214; transfer_gain=20.5564677,dynamic_SMI_abs:positive; transfer_gain:positive,ordinary_least_squares_descriptive
A_h_mV,head_amplitude,progressive_uncertainty_N768,synaptic_plus_components_OLS,log10_R_neck_Mohm;log10_R_in_d_Mohm;synaptic_conductance_scale,1536,0.9757423213024555,0.5257617724194087,0.7771776697049945,0.9756702293796954,0.5265109424277664,0.7783316685499689,5_fold_seed_202608_descriptive,intercept=-2.23274927; log10_R_neck_Mohm=3.82798563; log10_R_in_d_Mohm=-0.134864673; synaptic_conductance_scale=11.3307278,log10_R_neck_Mohm:positive; log10_R_in_d_Mohm:negative; synaptic_conductance_scale:positive,ordinary_least_squares_descriptive
A_h_mV,head_amplitude,progressive_uncertainty_N96,SMI_linear,SMI,192,0.008053369079869532,4.256126057886143,5.029399187397544,-0.0015567956307782627,4.2755279924983185,5.053703344043858,5_fold_seed_202608_descriptive,intercept=14.2645913; SMI=8.3081978,SMI:positive,ordinary_least_squares_descriptive
A_h_mV,head_amplitude,progressive_uncertainty_N96,Gamma_divider_linear,Gamma_divider,192,0.007826649898253213,4.259117083992457,5.029973913942906,-0.001832257936447368,4.277614276956249,5.05439826672596,5_fold_seed_202608_descriptive,intercept=24.6100111; Gamma_divider=-10.4374481,Gamma_divider:negative,ordinary_least_squares_descriptive
A_h_mV,head_amplitude,progressive_uncertainty_N96,log10_R_neck_linear,log10_R_neck_Mohm,192,0.023467075696808837,4.251114189788513,4.990170667824374,0.007833365598559627,4.287408480216606,5.029956890781322,5_fold_seed_202608_descriptive,intercept=10.2242416; log10_R_neck_Mohm=3.45698551,log10_R_neck_Mohm:positive,ordinary_least_squares_descriptive
A_h_mV,head_amplitude,progressive_uncertainty_N96,log10_R_in_d_linear,log10_R_in_d_Mohm,192,0.023754908886894466,4.252361067313855,4.9894351869397315,-0.004755579112106556,4.322707379402383,5.061767198169098,5_fold_seed_202608_descriptive,intercept=-9.13524554; log10_R_in_d_Mohm=9.66158757,log10_R_in_d_Mohm:positive,ordinary_least_squares_descriptive
A_h_mV,head_amplitude,progressive_uncertainty_N96,component_pair_log10_OLS,log10_R_neck_Mohm;log10_R_in_d_Mohm,192,0.05494201805471399,4.1879268445434255,4.9090921131379295,0.015689882673261768,4.291357533018824,5.010002337148553,5_fold_seed_202608_descriptive,intercept=-18.6422931; log10_R_neck_Mohm=4.02518588; log10_R_in_d_Mohm=11.2327111,log10_R_neck_Mohm:positive; log10_R_in_d_Mohm:positive,ordinary_least_squares_descriptive
A_h_mV,head_amplitude,progressive_uncertainty_N96,component_pair_raw_OLS,R_neck_Mohm;R_in_d_Mohm,192,0.06219931050273242,4.147228817139955,4.890206828909733,0.017776118712181432,4.26131253128101,5.004690194472309,5_fold_seed_202608_descriptive,intercept=7.85362242; R_neck_Mohm=0.0687740032; R_in_d_Mohm=0.0163641473,R_neck_Mohm:positive; R_in_d_Mohm:positive,ordinary_least_squares_descriptive
A_h_mV,head_amplitude,progressive_uncertainty_N96,impedance_pair_OLS,log10_Zin_Mohm;transfer_gain,192,0.0037304705151537387,4.268210855638636,5.04034632200072,-0.027488873403112457,4.337246731651727,5.118709910543552,5_fold_seed_202608_descriptive,intercept=52.2180164; log10_Zin_Mohm=-18.123772; transfer_gain=35.5200582,log10_Zin_Mohm:negative; transfer_gain:positive,ordinary_least_squares_descriptive
A_h_mV,head_amplitude,progressive_uncertainty_N96,dynamic_plus_transfer_gain_OLS,dynamic_SMI_abs;transfer_gain,192,0.027977324660348635,4.241386979715929,4.978633442856591,-9.88257442482432e-05,4.302904587803972,5.050023657212097,5_fold_seed_202608_descriptive,intercept=10.767381; dynamic_SMI_abs=9.28660346; transfer_gain=31.6794609,dynamic_SMI_abs:positive; transfer_gain:positive,ordinary_least_squares_descriptive
A_h_mV,head_amplitude,progressive_uncertainty_N96,synaptic_plus_components_OLS,log10_R_neck_Mohm;log10_R_in_d_Mohm;synaptic_conductance_scale,192,0.9788201008173045,0.5109488439851463,0.7349095621895979,0.9776274063807274,0.5209224571416634,0.7553184982269915,5_fold_seed_202608_descriptive,intercept=1.84997433; log10_R_neck_Mohm=3.3629357; log10_R_in_d_Mohm=-1.63261475; synaptic_conductance_scale=11.6278106,log10_R_neck_Mohm:positive; log10_R_in_d_Mohm:negative; synaptic_conductance_scale:positive,ordinary_least_squares_descriptive
A_h_mV,head_amplitude,spatial_convergence,SMI_linear,SMI,4,0.9999194471939729,0.004201331764645655,0.004878836795958439,0.9991144946119634,0.012677216494823895,0.01617601562978749,leave_one_out_descriptive,intercept=35.4564185; SMI=-440.806548,SMI:negative,ordinary_least_squares_descriptive
A_h_mV,head_amplitude,spatial_convergence,Gamma_divider_linear,Gamma_divider,4,0.999933034129844,0.0038319433401752256,0.004448388527810819,0.9992659819214517,0.011548231478082371,0.014727510196857769,leave_one_out_descriptive,intercept=-443.976016; Gamma_divider=480.277835,Gamma_divider:positive,ordinary_least_squares_descriptive
A_h_mV,head_amplitude,spatial_convergence,log10_R_in_d_linear,log10_R_in_d_Mohm,4,0.999999715576475,0.000259613709518991,0.0002899070061538889,0.9999970222908925,0.0007573979104193995,0.0009380307781732456,leave_one_out_descriptive,intercept=-98.4495199; log10_R_in_d_Mohm=44.4479179,log10_R_in_d_Mohm:positive,ordinary_least_squares_descriptive
A_h_mV,head_amplitude,timestep_convergence_intermediate,SMI_linear,SMI,4,2.220446049250313e-16,0.00046506408367030794,0.0005513521741096748,-0.7777777777778943,0.0006200854448937809,0.0007351362321462572,leave_one_out_descriptive,intercept=2.32510392; SMI=0.266786236,SMI:positive,ordinary_least_squares_descriptive
A_h_mV,head_amplitude,timestep_convergence_intermediate,Gamma_divider_linear,Gamma_divider,4,2.220446049250313e-16,0.00046506408367030794,0.0005513521741096748,-0.7777777777769883,0.0006200854448935589,0.0007351362321460699,leave_one_out_descriptive,intercept=1.30529892; Gamma_divider=1.170943,Gamma_divider:positive,ordinary_least_squares_descriptive
