target,target_family,regime,predictor,predictor_family,n_rows,spearman,abs_spearman,pearson,monotonic_direction
observed_Gamma_h_to_d,local_transfer,all_nonexploratory,SMI,ratio,3584,-0.948575698179522,0.948575698179522,-0.7940306863828822,negative
observed_Gamma_h_to_d,local_transfer,all_nonexploratory,Gamma_divider,analytic_divider,3584,0.9485756522457683,0.9485756522457683,0.9381057409766167,positive
observed_Gamma_h_to_d,local_transfer,all_nonexploratory,R_neck_Mohm,component,3576,-0.9158558031874885,0.9158558031874885,-0.7078660595292455,negative
observed_Gamma_h_to_d,local_transfer,all_nonexploratory,R_in_d_Mohm,component,3580,0.12306110740399971,0.12306110740399971,0.34110877677545975,positive
observed_Gamma_h_to_d,local_transfer,all_nonexploratory,log10_R_neck_Mohm,component_log,3576,-0.9158558031874885,0.9158558031874885,-0.7188947960392517,negative
observed_Gamma_h_to_d,local_transfer,all_nonexploratory,log10_R_in_d_Mohm,component_log,3580,0.12306110740399971,0.12306110740399971,0.4211358543237852,positive
observed_Gamma_h_to_d,local_transfer,all_nonexploratory,Zin_Mohm,impedance,3143,-0.028117861639688293,0.028117861639688293,-0.24287846302550203,negative
observed_Gamma_h_to_d,local_transfer,all_nonexploratory,Ztransfer_Mohm,impedance,3096,0.05184761984837162,0.05184761984837162,0.05958365464164746,positive
observed_Gamma_h_to_d,local_transfer,all_nonexploratory,transfer_gain,impedance,3143,0.08255665032006046,0.08255665032006046,-0.018383880973921442,positive
observed_Gamma_h_to_d,local_transfer,all_nonexploratory,dynamic_SMI_abs,dynamic_ratio,3072,-0.9991379526954228,0.9991379526954228,-0.9946968884601818,negative
observed_Gamma_h_to_d,local_transfer,all_nonexploratory,synaptic_conductance_scale,synaptic,3072,0.0026983245076933533,0.0026983245076933533,0.009440283207408395,positive
observed_Gamma_h_to_d,local_transfer,active_nonlinear_challenge,SMI,ratio,47,-0.9249061498523895,0.9249061498523895,-0.9445941309767153,negative
observed_Gamma_h_to_d,local_transfer,active_nonlinear_challenge,Gamma_divider,analytic_divider,47,0.9249061498523895,0.9249061498523895,0.9560116043878469,positive
observed_Gamma_h_to_d,local_transfer,active_nonlinear_challenge,R_neck_Mohm,component,47,-0.7565491630938964,0.7565491630938964,-0.7189357759320255,negative
observed_Gamma_h_to_d,local_transfer,active_nonlinear_challenge,R_in_d_Mohm,component,47,0.4038999765276994,0.4038999765276994,0.3110170924095389,positive
observed_Gamma_h_to_d,local_transfer,active_nonlinear_challenge,log10_R_neck_Mohm,component_log,47,-0.7565491630938964,0.7565491630938964,-0.7907147774458384,negative
observed_Gamma_h_to_d,local_transfer,active_nonlinear_challenge,log10_R_in_d_Mohm,component_log,47,0.4038999765276994,0.4038999765276994,0.34593306442445687,positive
observed_Gamma_h_to_d,local_transfer,active_nonlinear_challenge,Zin_Mohm,impedance,47,0.38032057040453143,0.38032057040453143,0.30881253492123034,positive
observed_Gamma_h_to_d,local_transfer,active_nonlinear_challenge,transfer_gain,impedance,47,-0.38032057040453143,0.38032057040453143,-0.4360905615026218,negative
observed_Gamma_h_to_d,local_transfer,baseline_reference_targets,SMI,ratio,3,-1.0,1.0,-0.9829858312888933,negative
observed_Gamma_h_to_d,local_transfer,baseline_reference_targets,Gamma_divider,analytic_divider,3,1.0,1.0,0.9950189457088496,positive
observed_Gamma_h_to_d,local_transfer,baseline_reference_targets,R_neck_Mohm,component,3,-1.0,1.0,-0.9829858312888933,negative
observed_Gamma_h_to_d,local_transfer,baseline_reference_targets,R_in_d_Mohm,component,3,,,,undefined
observed_Gamma_h_to_d,local_transfer,baseline_reference_targets,log10_R_neck_Mohm,component_log,3,-1.0,1.0,-0.9609719335912311,negative
observed_Gamma_h_to_d,local_transfer,baseline_reference_targets,log10_R_in_d_Mohm,component_log,3,,,,undefined
observed_Gamma_h_to_d,local_transfer,exploratory_matched_baseline_comparisons,SMI,ratio,27,-0.8444318366114655,0.8444318366114655,-0.7231737854123367,negative
observed_Gamma_h_to_d,local_transfer,exploratory_matched_baseline_comparisons,Gamma_divider,analytic_divider,27,0.8444318366114655,0.8444318366114655,0.7228539040369859,positive
observed_Gamma_h_to_d,local_transfer,exploratory_matched_baseline_comparisons,R_neck_Mohm,component,27,-0.4551465905871698,0.4551465905871698,-0.23629672656676906,negative
observed_Gamma_h_to_d,local_transfer,exploratory_matched_baseline_comparisons,R_in_d_Mohm,component,27,0.8535247333498628,0.8535247333498628,0.9499244773900725,positive
observed_Gamma_h_to_d,local_transfer,exploratory_matched_baseline_comparisons,log10_R_neck_Mohm,component_log,27,-0.4551465905871698,0.4551465905871698,-0.23500386711696042,negative
observed_Gamma_h_to_d,local_transfer,exploratory_matched_baseline_comparisons,log10_R_in_d_Mohm,component_log,27,0.8535247333498628,0.8535247333498628,0.9499249190747926,positive
observed_Gamma_h_to_d,local_transfer,exploratory_mechanistic_decomposition,SMI,ratio,8,-0.8455943246644705,0.8455943246644705,-0.9996614227026418,negative
observed_Gamma_h_to_d,local_transfer,exploratory_mechanistic_decomposition,Gamma_divider,analytic_divider,8,0.8455943246644705,0.8455943246644705,0.999661495641897,positive
observed_Gamma_h_to_d,local_transfer,exploratory_mechanistic_decomposition,Zin_Mohm,impedance,8,-0.05073462894318411,0.05073462894318411,-0.36403880778267295,negative
observed_Gamma_h_to_d,local_transfer,exploratory_scenario_uncertainty,SMI,ratio,72,-0.9995498102771884,0.9995498102771884,-0.9989426464477386,negative
observed_Gamma_h_to_d,local_transfer,exploratory_scenario_uncertainty,Gamma_divider,analytic_divider,72,0.9995498102771884,0.9995498102771884,0.9994851908049938,positive
observed_Gamma_h_to_d,local_transfer,exploratory_scenario_uncertainty,R_neck_Mohm,component,72,-0.999485497459644,0.999485497459644,-0.9989446272375523,negative
observed_Gamma_h_to_d,local_transfer,exploratory_scenario_uncertainty,R_in_d_Mohm,component,72,0.1228053251012927,0.1228053251012927,0.19907480847090453,positive
observed_Gamma_h_to_d,local_transfer,exploratory_scenario_uncertainty,log10_R_neck_Mohm,component_log,72,-0.999485497459644,0.999485497459644,-0.9899602231110193,negative
observed_Gamma_h_to_d,local_transfer,exploratory_scenario_uncertainty,log10_R_in_d_Mohm,component_log,72,0.1228053251012927,0.1228053251012927,0.19908192778189504,positive
observed_Gamma_h_to_d,local_transfer,exploratory_scenario_uncertainty,Zin_Mohm,impedance,72,0.1228053251012927,0.1228053251012927,0.19908563571199442,positive
observed_Gamma_h_to_d,local_transfer,exploratory_scenario_uncertainty,Ztransfer_Mohm,impedance,72,0.1228053251012927,0.1228053251012927,0.1990853280526603,positive
observed_Gamma_h_to_d,local_transfer,exploratory_scenario_uncertainty,transfer_gain,impedance,72,0.1228053251012927,0.1228053251012927,0.19908938767583761,positive
observed_Gamma_h_to_d,local_transfer,exploratory_scenario_uncertainty,dynamic_SMI_abs,dynamic_ratio,72,-0.999485497459644,0.999485497459644,-0.9989439682296812,negative
observed_Gamma_h_to_d,local_transfer,exploratory_scenario_uncertainty,synaptic_conductance_scale,synaptic,72,-0.23924368126567627,0.23924368126567627,-0.18547556864080586,negative
observed_Gamma_h_to_d,local_transfer,exploratory_scenarios,SMI,ratio,27,-0.8444318366114655,0.8444318366114655,-0.7231737854123367,negative
observed_Gamma_h_to_d,local_transfer,exploratory_scenarios,Gamma_divider,analytic_divider,27,0.8444318366114655,0.8444318366114655,0.7228539040369859,positive
observed_Gamma_h_to_d,local_transfer,exploratory_scenarios,R_neck_Mohm,component,27,-0.4551465905871698,0.4551465905871698,-0.23629672656676906,negative
observed_Gamma_h_to_d,local_transfer,exploratory_scenarios,R_in_d_Mohm,component,27,0.8535247333498628,0.8535247333498628,0.9499244773900725,positive
observed_Gamma_h_to_d,local_transfer,exploratory_scenarios,log10_R_neck_Mohm,component_log,27,-0.4551465905871698,0.4551465905871698,-0.23500386711696042,negative
observed_Gamma_h_to_d,local_transfer,exploratory_scenarios,log10_R_in_d_Mohm,component_log,27,0.8535247333498628,0.8535247333498628,0.9499249190747926,positive
observed_Gamma_h_to_d,local_transfer,exploratory_scenarios,Zin_Mohm,impedance,27,0.8535247333498628,0.8535247333498628,0.9499090171535316,positive
observed_Gamma_h_to_d,local_transfer,exploratory_scenarios,Ztransfer_Mohm,impedance,27,-0.6715231357973185,0.6715231357973185,-0.9498512238124248,negative
observed_Gamma_h_to_d,local_transfer,exploratory_scenarios,transfer_gain,impedance,27,-0.6715231357973185,0.6715231357973185,-0.9499022514002158,negative
observed_Gamma_h_to_d,local_transfer,exploratory_scenarios,dynamic_SMI_abs,dynamic_ratio,27,-0.8945961041329386,0.8945961041329386,-0.8475788851793755,negative
observed_Gamma_h_to_d,local_transfer,exploratory_scenarios,synaptic_conductance_scale,synaptic,27,-0.2057773611073928,0.2057773611073928,-0.03894625164671377,negative
observed_Gamma_h_to_d,local_transfer,fixed_load_geometry_sweep,SMI,ratio,400,-0.9999999999999999,0.9999999999999999,-0.7586190862304991,negative
observed_Gamma_h_to_d,local_transfer,fixed_load_geometry_sweep,Gamma_divider,analytic_divider,400,0.9999999999999999,0.9999999999999999,0.9416933060233759,positive
observed_Gamma_h_to_d,local_transfer,fixed_load_geometry_sweep,R_neck_Mohm,component,400,-0.9999999999999999,0.9999999999999999,-0.7586190862304983,negative
observed_Gamma_h_to_d,local_transfer,fixed_load_geometry_sweep,R_in_d_Mohm,component,400,,,2.9817150002298234e-17,undefined
observed_Gamma_h_to_d,local_transfer,fixed_load_geometry_sweep,log10_R_neck_Mohm,component_log,400,-0.9999999999999999,0.9999999999999999,-0.9494066669100885,negative
observed_Gamma_h_to_d,local_transfer,fixed_load_geometry_sweep,log10_R_in_d_Mohm,component_log,400,,,-2.9817150002298234e-17,undefined
observed_Gamma_h_to_d,local_transfer,global_uncertainty_N96,SMI,ratio,192,-0.9145144670702673,0.9145144670702673,-0.9345248304079776,negative
observed_Gamma_h_to_d,local_transfer,global_uncertainty_N96,Gamma_divider,analytic_divider,192,0.9145144670702673,0.9145144670702673,0.9376989694572462,positive
observed_Gamma_h_to_d,local_transfer,global_uncertainty_N96,R_neck_Mohm,component,192,-0.9986503541765381,0.9986503541765381,-0.9948464053618121,negative
observed_Gamma_h_to_d,local_transfer,global_uncertainty_N96,R_in_d_Mohm,component,192,0.02118741778404657,0.02118741778404657,0.041629935967443306,positive
observed_Gamma_h_to_d,local_transfer,global_uncertainty_N96,log10_R_neck_Mohm,component_log,192,-0.9986503541765381,0.9986503541765381,-0.971979063442817,negative
observed_Gamma_h_to_d,local_transfer,global_uncertainty_N96,log10_R_in_d_Mohm,component_log,192,0.02118741778404657,0.02118741778404657,0.041948910564121554,positive
observed_Gamma_h_to_d,local_transfer,global_uncertainty_N96,Zin_Mohm,impedance,192,0.07094461707106886,0.07094461707106886,0.07168228414106294,positive
observed_Gamma_h_to_d,local_transfer,global_uncertainty_N96,Ztransfer_Mohm,impedance,192,0.07959863278567944,0.07959863278567944,0.06470283097212555,positive
observed_Gamma_h_to_d,local_transfer,global_uncertainty_N96,transfer_gain,impedance,192,0.07603800719777148,0.07603800719777148,0.0628006488658857,positive
observed_Gamma_h_to_d,local_transfer,global_uncertainty_N96,dynamic_SMI_abs,dynamic_ratio,192,-0.9987385220482387,0.9987385220482387,-0.994813919020462,negative
observed_Gamma_h_to_d,local_transfer,global_uncertainty_N96,synaptic_conductance_scale,synaptic,192,0.04050974597442707,0.04050974597442707,0.0431388732298689,positive
observed_Gamma_h_to_d,local_transfer,matched_neck_heterogeneous_load,SMI,ratio,30,-1.0,1.0,-0.9837015643298349,negative
observed_Gamma_h_to_d,local_transfer,matched_neck_heterogeneous_load,Gamma_divider,analytic_divider,30,1.0,1.0,0.9942408780790538,positive
observed_Gamma_h_to_d,local_transfer,matched_neck_heterogeneous_load,R_neck_Mohm,component,30,,,,undefined
observed_Gamma_h_to_d,local_transfer,matched_neck_heterogeneous_load,R_in_d_Mohm,component,30,1.0,1.0,0.94745305097096,positive
observed_Gamma_h_to_d,local_transfer,matched_neck_heterogeneous_load,log10_R_neck_Mohm,component_log,30,,,,undefined
observed_Gamma_h_to_d,local_transfer,matched_neck_heterogeneous_load,log10_R_in_d_Mohm,component_log,30,1.0,1.0,0.9959103092544143,positive
observed_Gamma_h_to_d,local_transfer,passive_morphology_challenge,SMI,ratio,24,-0.9423418891382008,0.9423418891382008,-0.853974330763304,negative
observed_Gamma_h_to_d,local_transfer,passive_morphology_challenge,Gamma_divider,analytic_divider,24,0.9380069937059361,0.9380069937059361,0.8819412290004394,positive
observed_Gamma_h_to_d,local_transfer,passive_morphology_challenge,R_neck_Mohm,component,24,-0.5802398188628642,0.5802398188628642,-0.4739045360067371,negative
observed_Gamma_h_to_d,local_transfer,passive_morphology_challenge,R_in_d_Mohm,component,24,0.6065368689722637,0.6065368689722637,0.48116429652122134,positive
observed_Gamma_h_to_d,local_transfer,passive_morphology_challenge,log10_R_neck_Mohm,component_log,24,-0.5802398188628642,0.5802398188628642,-0.5360176480566908,negative
observed_Gamma_h_to_d,local_transfer,passive_morphology_challenge,log10_R_in_d_Mohm,component_log,24,0.6065368689722637,0.6065368689722637,0.5781204118828263,positive
observed_Gamma_h_to_d,local_transfer,passive_morphology_challenge,Zin_Mohm,impedance,24,0.5943364147113274,0.5943364147113274,0.4928867106870413,positive
observed_Gamma_h_to_d,local_transfer,passive_morphology_challenge,Ztransfer_Mohm,impedance,24,-0.19695019021225801,0.19695019021225801,-0.16163645376618244,negative
observed_Gamma_h_to_d,local_transfer,passive_morphology_challenge,transfer_gain,impedance,24,-0.5647067400776248,0.5647067400776248,-0.6449290452490992,negative
observed_Gamma_h_to_d,local_transfer,progressive_uncertainty_N192,SMI,ratio,384,-0.9331496879159836,0.9331496879159836,-0.928947241567422,negative
observed_Gamma_h_to_d,local_transfer,progressive_uncertainty_N192,Gamma_divider,analytic_divider,384,0.9331496879159836,0.9331496879159836,0.9344279404153725,positive
observed_Gamma_h_to_d,local_transfer,progressive_uncertainty_N192,R_neck_Mohm,component,384,-0.9991463411015881,0.9991463411015881,-0.9937627410872065,negative
observed_Gamma_h_to_d,local_transfer,progressive_uncertainty_N192,R_in_d_Mohm,component,384,-0.039812974939921766,0.039812974939921766,-0.054522670058655916,negative
observed_Gamma_h_to_d,local_transfer,progressive_uncertainty_N192,log10_R_neck_Mohm,component_log,384,-0.9991463411015881,0.9991463411015881,-0.9704456018075629,negative
observed_Gamma_h_to_d,local_transfer,progressive_uncertainty_N192,log10_R_in_d_Mohm,component_log,384,-0.039812974939921766,0.039812974939921766,-0.05115392452915666,negative
observed_Gamma_h_to_d,local_transfer,progressive_uncertainty_N192,Zin_Mohm,impedance,384,0.011207346723445064,0.011207346723445064,-0.00029599308181829426,positive
observed_Gamma_h_to_d,local_transfer,progressive_uncertainty_N192,Ztransfer_Mohm,impedance,384,0.06776331182723368,0.06776331182723368,0.06188472442820622,positive
observed_Gamma_h_to_d,local_transfer,progressive_uncertainty_N192,transfer_gain,impedance,384,0.06943629687006253,0.06943629687006253,0.06359718606582522,positive
observed_Gamma_h_to_d,local_transfer,progressive_uncertainty_N192,dynamic_SMI_abs,dynamic_ratio,384,-0.9992264511023722,0.9992264511023722,-0.9937773602269162,negative
observed_Gamma_h_to_d,local_transfer,progressive_uncertainty_N192,synaptic_conductance_scale,synaptic,384,-0.0066597266260265825,0.0066597266260265825,-0.014721529446993373,negative
observed_Gamma_h_to_d,local_transfer,progressive_uncertainty_N384,SMI,ratio,768,-0.9364966773876269,0.9364966773876269,-0.9266223653130575,negative
observed_Gamma_h_to_d,local_transfer,progressive_uncertainty_N384,Gamma_divider,analytic_divider,768,0.9364966773876269,0.9364966773876269,0.9334113800940155,positive
observed_Gamma_h_to_d,local_transfer,progressive_uncertainty_N384,R_neck_Mohm,component,768,-0.9989838027299878,0.9989838027299878,-0.9954446326945999,negative
observed_Gamma_h_to_d,local_transfer,progressive_uncertainty_N384,R_in_d_Mohm,component,768,0.08022103933165037,0.08022103933165037,0.0854594986548647,positive
observed_Gamma_h_to_d,local_transfer,progressive_uncertainty_N384,log10_R_neck_Mohm,component_log,768,-0.9989838027299878,0.9989838027299878,-0.9753492589735507,negative
observed_Gamma_h_to_d,local_transfer,progressive_uncertainty_N384,log10_R_in_d_Mohm,component_log,768,0.08022103933165037,0.08022103933165037,0.08430804236271364,positive
observed_Gamma_h_to_d,local_transfer,progressive_uncertainty_N384,Zin_Mohm,impedance,768,-0.0023466315656592305,0.0023466315656592305,0.017960244758520053,negative
observed_Gamma_h_to_d,local_transfer,progressive_uncertainty_N384,Ztransfer_Mohm,impedance,768,0.049901908882763996,0.049901908882763996,0.06757555318747668,positive
observed_Gamma_h_to_d,local_transfer,progressive_uncertainty_N384,transfer_gain,impedance,768,0.05210172696332598,0.05210172696332598,0.06892052232995598,positive
observed_Gamma_h_to_d,local_transfer,progressive_uncertainty_N384,dynamic_SMI_abs,dynamic_ratio,768,-0.9990747200668432,0.9990747200668432,-0.9954118778192149,negative
observed_Gamma_h_to_d,local_transfer,progressive_uncertainty_N384,synaptic_conductance_scale,synaptic,768,0.05172740820756561,0.05172740820756561,0.06851052453685043,positive
observed_Gamma_h_to_d,local_transfer,progressive_uncertainty_N768,SMI,ratio,1536,-0.9373234376097958,0.9373234376097958,-0.9246832661019008,negative
observed_Gamma_h_to_d,local_transfer,progressive_uncertainty_N768,Gamma_divider,analytic_divider,1536,0.9373234376097958,0.9373234376097958,0.932129940222338,positive
observed_Gamma_h_to_d,local_transfer,progressive_uncertainty_N768,R_neck_Mohm,component,1536,-0.9989840311307076,0.9989840311307076,-0.9947394099149147,negative
observed_Gamma_h_to_d,local_transfer,progressive_uncertainty_N768,R_in_d_Mohm,component,1536,0.02240860187594747,0.02240860187594747,0.0249878547901998,positive
observed_Gamma_h_to_d,local_transfer,progressive_uncertainty_N768,log10_R_neck_Mohm,component_log,1536,-0.9989840311307076,0.9989840311307076,-0.9750977880160998,negative
observed_Gamma_h_to_d,local_transfer,progressive_uncertainty_N768,log10_R_in_d_Mohm,component_log,1536,0.02240860187594747,0.02240860187594747,0.02391974085680985,positive
observed_Gamma_h_to_d,local_transfer,progressive_uncertainty_N768,Zin_Mohm,impedance,1536,0.001447487086706546,0.001447487086706546,-0.005598834080334752,positive
observed_Gamma_h_to_d,local_transfer,progressive_uncertainty_N768,Ztransfer_Mohm,impedance,1536,0.04136291224471213,0.04136291224471213,0.04740409180523593,positive
observed_Gamma_h_to_d,local_transfer,progressive_uncertainty_N768,transfer_gain,impedance,1536,0.04271360790847784,0.04271360790847784,0.04958719057145894,positive
observed_Gamma_h_to_d,local_transfer,progressive_uncertainty_N768,dynamic_SMI_abs,dynamic_ratio,1536,-0.9991071016071024,0.9991071016071024,-0.9949445010598175,negative
observed_Gamma_h_to_d,local_transfer,progressive_uncertainty_N768,synaptic_conductance_scale,synaptic,1536,-0.030058409169954614,0.030058409169954614,-0.01929264003934177,negative
observed_Gamma_h_to_d,local_transfer,progressive_uncertainty_N96,SMI,ratio,192,-0.9229039791697762,0.9229039791697762,-0.9334241334671105,negative
observed_Gamma_h_to_d,local_transfer,progressive_uncertainty_N96,Gamma_divider,analytic_divider,192,0.9229039791697762,0.9229039791697762,0.9438772617380478,positive
observed_Gamma_h_to_d,local_transfer,progressive_uncertainty_N96,R_neck_Mohm,component,192,-0.9967750913669067,0.9967750913669067,-0.9924397825951972,negative
observed_Gamma_h_to_d,local_transfer,progressive_uncertainty_N96,R_in_d_Mohm,component,192,0.13359467205830644,0.13359467205830644,0.1695714187634316,positive
observed_Gamma_h_to_d,local_transfer,progressive_uncertainty_N96,log10_R_neck_Mohm,component_log,192,-0.9967750913669067,0.9967750913669067,-0.9703849379958029,negative
observed_Gamma_h_to_d,local_transfer,progressive_uncertainty_N96,log10_R_in_d_Mohm,component_log,192,0.13359467205830644,0.13359467205830644,0.17701970486580987,positive
observed_Gamma_h_to_d,local_transfer,progressive_uncertainty_N96,Zin_Mohm,impedance,192,0.021529916054883427,0.021529916054883427,0.02624524959945888,positive
observed_Gamma_h_to_d,local_transfer,progressive_uncertainty_N96,Ztransfer_Mohm,impedance,192,0.03277810184068408,0.03277810184068408,0.012655627325530676,positive
observed_Gamma_h_to_d,local_transfer,progressive_uncertainty_N96,transfer_gain,impedance,192,0.028498568991217568,0.028498568991217568,0.01138945657870973,positive
observed_Gamma_h_to_d,local_transfer,progressive_uncertainty_N96,dynamic_SMI_abs,dynamic_ratio,192,-0.9967988288708259,0.9967988288708259,-0.9927254096265095,negative
observed_Gamma_h_to_d,local_transfer,progressive_uncertainty_N96,synaptic_conductance_scale,synaptic,192,0.05929289371863865,0.05929289371863865,0.027286771667708477,positive
observed_Gamma_h_to_d,local_transfer,spatial_convergence,SMI,ratio,4,-1.0,1.0,-0.9998905134865244,negative
observed_Gamma_h_to_d,local_transfer,spatial_convergence,Gamma_divider,analytic_divider,4,1.0,1.0,0.9998784899394495,positive
observed_Gamma_h_to_d,local_transfer,spatial_convergence,R_in_d_Mohm,component,4,1.0,1.0,0.9994261196068744,positive
observed_Gamma_h_to_d,local_transfer,spatial_convergence,log10_R_in_d_Mohm,component_log,4,1.0,1.0,0.9997047207369008,positive
observed_Gamma_h_to_d,local_transfer,timestep_convergence_intermediate,SMI,ratio,4,,,,undefined
observed_Gamma_h_to_d,local_transfer,timestep_convergence_intermediate,Gamma_divider,analytic_divider,4,,,,undefined
residual,divider_residual,all_nonexploratory,SMI,ratio,3584,-0.7042189868178999,0.7042189868178999,-0.5236426521791475,negative
residual,divider_residual,all_nonexploratory,Gamma_divider,analytic_divider,3584,0.7042176413256893,0.7042176413256893,0.7075663023589313,positive
residual,divider_residual,all_nonexploratory,R_neck_Mohm,component,3576,-0.765229201874719,0.765229201874719,-0.43614657330505097,negative
residual,divider_residual,all_nonexploratory,R_in_d_Mohm,component,3580,-0.1694882611813145,0.1694882611813145,0.298804766094445,negative
residual,divider_residual,all_nonexploratory,log10_R_neck_Mohm,component_log,3576,-0.765229201874719,0.765229201874719,-0.5399098596353333,negative
residual,divider_residual,all_nonexploratory,log10_R_in_d_Mohm,component_log,3580,-0.1694882611813145,0.1694882611813145,0.38206763723198905,negative
residual,divider_residual,all_nonexploratory,Zin_Mohm,impedance,3143,0.2131154904516152,0.2131154904516152,0.0201782418163687,positive
residual,divider_residual,all_nonexploratory,Ztransfer_Mohm,impedance,3096,0.05787869747173174,0.05787869747173174,0.061496939526855886,positive
residual,divider_residual,all_nonexploratory,transfer_gain,impedance,3143,0.055782585217845904,0.055782585217845904,-0.15437667040963843,positive
residual,divider_residual,all_nonexploratory,dynamic_SMI_abs,dynamic_ratio,3072,-0.853168249141717,0.853168249141717,-0.8274787521874134,negative
residual,divider_residual,all_nonexploratory,synaptic_conductance_scale,synaptic,3072,0.05032620753214357,0.05032620753214357,0.05418874785960384,positive
residual,divider_residual,active_nonlinear_challenge,SMI,ratio,47,-0.5052958166084167,0.5052958166084167,-0.4338025853228667,negative
residual,divider_residual,active_nonlinear_challenge,Gamma_divider,analytic_divider,47,0.5052958166084167,0.5052958166084167,0.4608910293370626,positive
residual,divider_residual,active_nonlinear_challenge,R_neck_Mohm,component,47,-0.26855026492709383,0.26855026492709383,-0.08947365108193453,negative
residual,divider_residual,active_nonlinear_challenge,R_in_d_Mohm,component,47,0.5287769805979102,0.5287769805979102,0.6200183893046349,positive
residual,divider_residual,active_nonlinear_challenge,log10_R_neck_Mohm,component_log,47,-0.26855026492709383,0.26855026492709383,-0.17358738380454866,negative
residual,divider_residual,active_nonlinear_challenge,log10_R_in_d_Mohm,component_log,47,0.5287769805979102,0.5287769805979102,0.6521497065360002,positive
residual,divider_residual,active_nonlinear_challenge,Zin_Mohm,impedance,47,0.7663306990029615,0.7663306990029615,0.7631140563772206,positive
residual,divider_residual,active_nonlinear_challenge,transfer_gain,impedance,47,-0.7663306990029615,0.7663306990029615,-0.8321512905825478,negative
residual,divider_residual,baseline_reference_targets,SMI,ratio,3,-1.0,1.0,-0.9317816958404493,negative
residual,divider_residual,baseline_reference_targets,Gamma_divider,analytic_divider,3,1.0,1.0,0.9592027777720968,positive
residual,divider_residual,baseline_reference_targets,R_neck_Mohm,component,3,-1.0,1.0,-0.9317816958404493,negative
residual,divider_residual,baseline_reference_targets,R_in_d_Mohm,component,3,,,,undefined
residual,divider_residual,baseline_reference_targets,log10_R_neck_Mohm,component_log,3,-1.0,1.0,-0.9956296052395935,negative
residual,divider_residual,baseline_reference_targets,log10_R_in_d_Mohm,component_log,3,,,,undefined
residual,divider_residual,exploratory_matched_baseline_comparisons,SMI,ratio,27,-0.16206917199245188,0.16206917199245188,-0.5118478297700142,negative
residual,divider_residual,exploratory_matched_baseline_comparisons,Gamma_divider,analytic_divider,27,0.16206917199245188,0.16206917199245188,0.5113931001344142,positive
residual,divider_residual,exploratory_matched_baseline_comparisons,R_neck_Mohm,component,27,0.276807902448447,0.276807902448447,0.03233656467000419,positive
residual,divider_residual,exploratory_matched_baseline_comparisons,R_in_d_Mohm,component,27,0.6903508872682713,0.6903508872682713,0.9765226114567258,positive
residual,divider_residual,exploratory_matched_baseline_comparisons,log10_R_neck_Mohm,component_log,27,0.276807902448447,0.276807902448447,0.03179109997983228,positive
residual,divider_residual,exploratory_matched_baseline_comparisons,log10_R_in_d_Mohm,component_log,27,0.6903508872682713,0.6903508872682713,0.9765264331133736,positive
residual,divider_residual,exploratory_mechanistic_decomposition,SMI,ratio,8,-0.7637626158259734,0.7637626158259734,-0.9978190326303658,negative
residual,divider_residual,exploratory_mechanistic_decomposition,Gamma_divider,analytic_divider,8,0.7637626158259734,0.7637626158259734,0.9978192176663621,positive
residual,divider_residual,exploratory_mechanistic_decomposition,Zin_Mohm,impedance,8,-0.11415291512216423,0.11415291512216423,-0.34583000355836485,negative
residual,divider_residual,exploratory_scenario_uncertainty,SMI,ratio,72,-0.9971380796192681,0.9971380796192681,-0.995689445911383,negative
residual,divider_residual,exploratory_scenario_uncertainty,Gamma_divider,analytic_divider,72,0.9971380796192681,0.9971380796192681,0.9967260811758444,positive
residual,divider_residual,exploratory_scenario_uncertainty,R_neck_Mohm,component,72,-0.9969451411666346,0.9969451411666346,-0.9956933985670698,negative
residual,divider_residual,exploratory_scenario_uncertainty,R_in_d_Mohm,component,72,0.1239307994083221,0.1239307994083221,0.1916139788692869,positive
residual,divider_residual,exploratory_scenario_uncertainty,log10_R_neck_Mohm,component_log,72,-0.9969451411666346,0.9969451411666346,-0.9907116381877707,negative
residual,divider_residual,exploratory_scenario_uncertainty,log10_R_in_d_Mohm,component_log,72,0.1239307994083221,0.1239307994083221,0.1916208216384515,positive
residual,divider_residual,exploratory_scenario_uncertainty,Zin_Mohm,impedance,72,0.1239307994083221,0.1239307994083221,0.19162438553918376,positive
residual,divider_residual,exploratory_scenario_uncertainty,Ztransfer_Mohm,impedance,72,0.1239307994083221,0.1239307994083221,0.19162408983005239,positive
residual,divider_residual,exploratory_scenario_uncertainty,transfer_gain,impedance,72,0.1239307994083221,0.1239307994083221,0.19162799177044904,positive
residual,divider_residual,exploratory_scenario_uncertainty,dynamic_SMI_abs,dynamic_ratio,72,-0.9969451411666346,0.9969451411666346,-0.9956920801229322,negative
residual,divider_residual,exploratory_scenario_uncertainty,synaptic_conductance_scale,synaptic,72,-0.20538298282847775,0.20538298282847775,-0.14873764197723455,negative
residual,divider_residual,exploratory_scenarios,SMI,ratio,27,-0.16206917199245188,0.16206917199245188,-0.5118478297700142,negative
residual,divider_residual,exploratory_scenarios,Gamma_divider,analytic_divider,27,0.16206917199245188,0.16206917199245188,0.5113931001344142,positive
residual,divider_residual,exploratory_scenarios,R_neck_Mohm,component,27,0.276807902448447,0.276807902448447,0.03233656467000419,positive
residual,divider_residual,exploratory_scenarios,R_in_d_Mohm,component,27,0.6903508872682713,0.6903508872682713,0.9765226114567258,positive
residual,divider_residual,exploratory_scenarios,log10_R_neck_Mohm,component_log,27,0.276807902448447,0.276807902448447,0.03179109997983228,positive
residual,divider_residual,exploratory_scenarios,log10_R_in_d_Mohm,component_log,27,0.6903508872682713,0.6903508872682713,0.9765264331133736,positive
residual,divider_residual,exploratory_scenarios,Zin_Mohm,impedance,27,0.6903508872682713,0.6903508872682713,0.9765352627183304,positive
residual,divider_residual,exploratory_scenarios,Ztransfer_Mohm,impedance,27,-0.8346969818789098,0.8346969818789098,-0.976578957567359,negative
residual,divider_residual,exploratory_scenarios,transfer_gain,impedance,27,-0.8346969818789098,0.8346969818789098,-0.9765411208094882,negative
residual,divider_residual,exploratory_scenarios,dynamic_SMI_abs,dynamic_ratio,27,-0.31256197455687146,0.31256197455687146,-0.6746589015513927,negative
residual,divider_residual,exploratory_scenarios,synaptic_conductance_scale,synaptic,27,0.12104550653376048,0.12104550653376048,0.0018807087006527555,positive
residual,divider_residual,fixed_load_geometry_sweep,SMI,ratio,400,-0.9526145163407271,0.9526145163407271,-0.4376720490084247,negative
residual,divider_residual,fixed_load_geometry_sweep,Gamma_divider,analytic_divider,400,0.9526145163407271,0.9526145163407271,0.71938629160804,positive
residual,divider_residual,fixed_load_geometry_sweep,R_neck_Mohm,component,400,-0.9526145163407271,0.9526145163407271,-0.43767204900842427,negative
residual,divider_residual,fixed_load_geometry_sweep,R_in_d_Mohm,component,400,,,9.233131806392472e-17,undefined
residual,divider_residual,fixed_load_geometry_sweep,log10_R_neck_Mohm,component_log,400,-0.9526145163407271,0.9526145163407271,-0.8426831944309541,negative
residual,divider_residual,fixed_load_geometry_sweep,log10_R_in_d_Mohm,component_log,400,,,-9.233131806392472e-17,undefined
residual,divider_residual,global_uncertainty_N96,SMI,ratio,192,-0.6019220600998455,0.6019220600998455,-0.5992064840317494,negative
residual,divider_residual,global_uncertainty_N96,Gamma_divider,analytic_divider,192,0.6019220600998455,0.6019220600998455,0.6041443762542982,positive
residual,divider_residual,global_uncertainty_N96,R_neck_Mohm,component,192,-0.8527664372319665,0.8527664372319665,-0.8333952486407528,negative
residual,divider_residual,global_uncertainty_N96,R_in_d_Mohm,component,192,-0.458093132780295,0.458093132780295,-0.4603617503707594,negative
residual,divider_residual,global_uncertainty_N96,log10_R_neck_Mohm,component_log,192,-0.8527664372319665,0.8527664372319665,-0.8324485779134595,negative
residual,divider_residual,global_uncertainty_N96,log10_R_in_d_Mohm,component_log,192,-0.458093132780295,0.458093132780295,-0.4634683605814318,negative
residual,divider_residual,global_uncertainty_N96,Zin_Mohm,impedance,192,0.2758094491113386,0.2758094491113386,0.2590380895585616,positive
residual,divider_residual,global_uncertainty_N96,Ztransfer_Mohm,impedance,192,0.14345930047280572,0.14345930047280572,0.088266532182679,positive
residual,divider_residual,global_uncertainty_N96,transfer_gain,impedance,192,0.12699225489672855,0.12699225489672855,0.07221378403352968,positive
residual,divider_residual,global_uncertainty_N96,dynamic_SMI_abs,dynamic_ratio,192,-0.8595248437050147,0.8595248437050147,-0.836069797942956,negative
residual,divider_residual,global_uncertainty_N96,synaptic_conductance_scale,synaptic,192,0.04741057747099153,0.04741057747099153,0.07867759434863163,positive
residual,divider_residual,matched_neck_heterogeneous_load,SMI,ratio,30,1.0,1.0,0.9530024718190236,positive
residual,divider_residual,matched_neck_heterogeneous_load,Gamma_divider,analytic_divider,30,-1.0,1.0,-0.9997739646477071,negative
residual,divider_residual,matched_neck_heterogeneous_load,R_neck_Mohm,component,30,,,,undefined
residual,divider_residual,matched_neck_heterogeneous_load,R_in_d_Mohm,component,30,-1.0,1.0,-0.9792643370486523,negative
residual,divider_residual,matched_neck_heterogeneous_load,log10_R_neck_Mohm,component_log,30,,,,undefined
residual,divider_residual,matched_neck_heterogeneous_load,log10_R_in_d_Mohm,component_log,30,-1.0,1.0,-0.9990150632301367,negative
residual,divider_residual,passive_morphology_challenge,SMI,ratio,24,-0.5928409566808246,0.5928409566808246,-0.3809858410198578,negative
residual,divider_residual,passive_morphology_challenge,Gamma_divider,analytic_divider,24,0.5706939746752938,0.5706939746752938,0.4286339033655161,positive
residual,divider_residual,passive_morphology_challenge,R_neck_Mohm,component,24,-0.16406781085087885,0.16406781085087885,0.0720845628441058,negative
residual,divider_residual,passive_morphology_challenge,R_in_d_Mohm,component,24,0.6671034097676262,0.6671034097676262,0.6655347348759258,positive
residual,divider_residual,passive_morphology_challenge,log10_R_neck_Mohm,component_log,24,-0.16406781085087885,0.16406781085087885,0.034127902613756554,negative
residual,divider_residual,passive_morphology_challenge,log10_R_in_d_Mohm,component_log,24,0.6671034097676262,0.6671034097676262,0.7871448444507463,positive
residual,divider_residual,passive_morphology_challenge,Zin_Mohm,impedance,24,0.798694023582011,0.798694023582011,0.7306751734509391,positive
residual,divider_residual,passive_morphology_challenge,Ztransfer_Mohm,impedance,24,-0.3211333853682172,0.3211333853682172,-0.18495083214265218,negative
residual,divider_residual,passive_morphology_challenge,transfer_gain,impedance,24,-0.8527246067375862,0.8527246067375862,-0.9101197381936786,negative
residual,divider_residual,progressive_uncertainty_N192,SMI,ratio,384,-0.642540699304542,0.642540699304542,-0.613931784237009,negative
residual,divider_residual,progressive_uncertainty_N192,Gamma_divider,analytic_divider,384,0.642540699304542,0.642540699304542,0.6230163301817904,positive
residual,divider_residual,progressive_uncertainty_N192,R_neck_Mohm,component,384,-0.8627923379681234,0.8627923379681234,-0.8513159679548327,negative
residual,divider_residual,progressive_uncertainty_N192,R_in_d_Mohm,component,384,-0.5055534456886891,0.5055534456886891,-0.5126762533063338,negative
residual,divider_residual,progressive_uncertainty_N192,log10_R_neck_Mohm,component_log,384,-0.8627923379681234,0.8627923379681234,-0.838633969187644,negative
residual,divider_residual,progressive_uncertainty_N192,log10_R_in_d_Mohm,component_log,384,-0.5055534456886891,0.5055534456886891,-0.5116757630936045,negative
residual,divider_residual,progressive_uncertainty_N192,Zin_Mohm,impedance,384,0.21591679751004447,0.21591679751004447,0.23325216373361699,positive
residual,divider_residual,progressive_uncertainty_N192,Ztransfer_Mohm,impedance,384,0.018274405152400076,0.018274405152400076,0.027574196123327486,positive
residual,divider_residual,progressive_uncertainty_N192,transfer_gain,impedance,384,0.007026367634905973,0.007026367634905973,0.011946126621595981,positive
residual,divider_residual,progressive_uncertainty_N192,dynamic_SMI_abs,dynamic_ratio,384,-0.8651672392082983,0.8651672392082983,-0.8558117157115838,negative
residual,divider_residual,progressive_uncertainty_N192,synaptic_conductance_scale,synaptic,384,0.02287500805456992,0.02287500805456992,-0.0007211591165191228,positive
residual,divider_residual,progressive_uncertainty_N384,SMI,ratio,768,-0.6147592428407112,0.6147592428407112,-0.5590434427619811,negative
residual,divider_residual,progressive_uncertainty_N384,Gamma_divider,analytic_divider,768,0.6147592428407112,0.6147592428407112,0.571171552346541,positive
residual,divider_residual,progressive_uncertainty_N384,R_neck_Mohm,component,768,-0.8411207882411955,0.8411207882411955,-0.8138719624368349,negative
residual,divider_residual,progressive_uncertainty_N384,R_in_d_Mohm,component,768,-0.4316060028344562,0.4316060028344562,-0.43321699386178036,negative
residual,divider_residual,progressive_uncertainty_N384,log10_R_neck_Mohm,component_log,768,-0.8411207882411955,0.8411207882411955,-0.8150821252779202,negative
residual,divider_residual,progressive_uncertainty_N384,log10_R_in_d_Mohm,component_log,768,-0.4316060028344562,0.4316060028344562,-0.43959968829807305,negative
residual,divider_residual,progressive_uncertainty_N384,Zin_Mohm,impedance,768,0.25498964517313516,0.25498964517313516,0.286768517103065,positive
residual,divider_residual,progressive_uncertainty_N384,Ztransfer_Mohm,impedance,768,0.09343123300893273,0.09343123300893273,0.10683485731989133,positive
residual,divider_residual,progressive_uncertainty_N384,transfer_gain,impedance,768,0.07949152836943316,0.07949152836943316,0.09068403780353237,positive
residual,divider_residual,progressive_uncertainty_N384,dynamic_SMI_abs,dynamic_ratio,768,-0.8466594342553042,0.8466594342553042,-0.819067829387829,negative
residual,divider_residual,progressive_uncertainty_N384,synaptic_conductance_scale,synaptic,768,0.08365920876088709,0.08365920876088709,0.09090393972498367,positive
residual,divider_residual,progressive_uncertainty_N768,SMI,ratio,1536,-0.6315321064336848,0.6315321064336848,-0.570448061758306,negative
residual,divider_residual,progressive_uncertainty_N768,Gamma_divider,analytic_divider,1536,0.6315321064336848,0.6315321064336848,0.5837840543912266,positive
residual,divider_residual,progressive_uncertainty_N768,R_neck_Mohm,component,1536,-0.851585442845668,0.851585442845668,-0.8245825993563359,negative
residual,divider_residual,progressive_uncertainty_N768,R_in_d_Mohm,component,1536,-0.4655613931671587,0.4655613931671587,-0.46743351015015777,negative
residual,divider_residual,progressive_uncertainty_N768,log10_R_neck_Mohm,component_log,1536,-0.851585442845668,0.851585442845668,-0.8230651358626633,negative
residual,divider_residual,progressive_uncertainty_N768,log10_R_in_d_Mohm,component_log,1536,-0.4655613931671587,0.4655613931671587,-0.47337385206510474,negative
residual,divider_residual,progressive_uncertainty_N768,Zin_Mohm,impedance,1536,0.22716070112731135,0.22716070112731135,0.24055637758819073,positive
residual,divider_residual,progressive_uncertainty_N768,Ztransfer_Mohm,impedance,1536,0.027524030234056564,0.027524030234056564,0.039810837420316415,positive
residual,divider_residual,progressive_uncertainty_N768,transfer_gain,impedance,1536,0.012877974645802287,0.012877974645802287,0.024462385041576055,positive
residual,divider_residual,progressive_uncertainty_N768,dynamic_SMI_abs,dynamic_ratio,1536,-0.8553648581663993,0.8553648581663993,-0.8297350784003823,negative
residual,divider_residual,progressive_uncertainty_N768,synaptic_conductance_scale,synaptic,1536,0.045644656175682155,0.045644656175682155,0.061319125592759774,positive
residual,divider_residual,progressive_uncertainty_N96,SMI,ratio,192,-0.5854075395159295,0.5854075395159295,-0.5223192872578293,negative
residual,divider_residual,progressive_uncertainty_N96,Gamma_divider,analytic_divider,192,0.5854075395159295,0.5854075395159295,0.5421700053661753,positive
residual,divider_residual,progressive_uncertainty_N96,R_neck_Mohm,component,192,-0.8280150027880234,0.8280150027880234,-0.7577276919233785,negative
residual,divider_residual,progressive_uncertainty_N96,R_in_d_Mohm,component,192,-0.3997226106425239,0.3997226106425239,-0.406991326740715,negative
residual,divider_residual,progressive_uncertainty_N96,log10_R_neck_Mohm,component_log,192,-0.8280150027880234,0.8280150027880234,-0.8099856463647835,negative
residual,divider_residual,progressive_uncertainty_N96,log10_R_in_d_Mohm,component_log,192,-0.3997226106425239,0.3997226106425239,-0.40717303269521377,negative
residual,divider_residual,progressive_uncertainty_N96,Zin_Mohm,impedance,192,0.32148718879621496,0.32148718879621496,0.34249544386138425,positive
residual,divider_residual,progressive_uncertainty_N96,Ztransfer_Mohm,impedance,192,0.11856883207733486,0.11856883207733486,0.09045920170899034,positive
residual,divider_residual,progressive_uncertainty_N96,transfer_gain,impedance,192,0.10196614362171837,0.10196614362171837,0.06968453854578077,positive
residual,divider_residual,progressive_uncertainty_N96,dynamic_SMI_abs,dynamic_ratio,192,-0.832952403603256,0.832952403603256,-0.7633170220660463,negative
residual,divider_residual,progressive_uncertainty_N96,synaptic_conductance_scale,synaptic,192,-0.004842450799554817,0.004842450799554817,-0.0618010639539694,negative
residual,divider_residual,spatial_convergence,SMI,ratio,4,-1.0,1.0,-0.9995982904833831,negative
residual,divider_residual,spatial_convergence,Gamma_divider,analytic_divider,4,1.0,1.0,0.9995755477452458,positive
residual,divider_residual,spatial_convergence,R_in_d_Mohm,component,4,1.0,1.0,0.9988755452443855,positive
residual,divider_residual,spatial_convergence,log10_R_in_d_Mohm,component_log,4,1.0,1.0,0.9992838003635536,positive
residual,divider_residual,timestep_convergence_intermediate,SMI,ratio,4,,,,undefined
residual,divider_residual,timestep_convergence_intermediate,Gamma_divider,analytic_divider,4,,,,undefined
absolute_residual,absolute_divider_residual,all_nonexploratory,SMI,ratio,3584,0.7045260130400622,0.7045260130400622,0.5238051043132189,positive
absolute_residual,absolute_divider_residual,all_nonexploratory,Gamma_divider,analytic_divider,3584,-0.7045246675524733,0.7045246675524733,-0.7078528638413837,negative
absolute_residual,absolute_divider_residual,all_nonexploratory,R_neck_Mohm,component,3576,0.7655951743530035,0.7655951743530035,0.43661502873000857,positive
absolute_residual,absolute_divider_residual,all_nonexploratory,R_in_d_Mohm,component,3580,0.1697745988098185,0.1697745988098185,-0.29812279423101007,positive
absolute_residual,absolute_divider_residual,all_nonexploratory,log10_R_neck_Mohm,component_log,3576,0.7655951743530035,0.7655951743530035,0.5404609567479769,positive
absolute_residual,absolute_divider_residual,all_nonexploratory,log10_R_in_d_Mohm,component_log,3580,0.1697745988098185,0.1697745988098185,-0.38166829703501537,positive
absolute_residual,absolute_divider_residual,all_nonexploratory,Zin_Mohm,impedance,3143,-0.21291781095670265,0.21291781095670265,-0.0121511329370416,negative
absolute_residual,absolute_divider_residual,all_nonexploratory,Ztransfer_Mohm,impedance,3096,-0.05787869747173174,0.05787869747173174,-0.061451459321986486,negative
absolute_residual,absolute_divider_residual,all_nonexploratory,transfer_gain,impedance,3143,-0.0560444045899345,0.0560444045899345,0.15230470919447217,negative
absolute_residual,absolute_divider_residual,all_nonexploratory,dynamic_SMI_abs,dynamic_ratio,3072,0.853168249141717,0.853168249141717,0.8275041973028823,positive
absolute_residual,absolute_divider_residual,all_nonexploratory,synaptic_conductance_scale,synaptic,3072,-0.05032620753214357,0.05032620753214357,-0.054126691695429316,negative
absolute_residual,absolute_divider_residual,active_nonlinear_challenge,SMI,ratio,47,0.5044673658024068,0.5044673658024068,0.43125139064162554,positive
absolute_residual,absolute_divider_residual,active_nonlinear_challenge,Gamma_divider,analytic_divider,47,-0.5044673658024068,0.5044673658024068,-0.45644076270372574,negative
absolute_residual,absolute_divider_residual,active_nonlinear_challenge,R_neck_Mohm,component,47,0.26855026492709383,0.26855026492709383,0.07737252299725994,positive
absolute_residual,absolute_divider_residual,active_nonlinear_challenge,R_in_d_Mohm,component,47,-0.5274865653374384,0.5274865653374384,-0.6170202859839364,negative
absolute_residual,absolute_divider_residual,active_nonlinear_challenge,log10_R_neck_Mohm,component_log,47,0.26855026492709383,0.26855026492709383,0.16525494550398837,positive
absolute_residual,absolute_divider_residual,active_nonlinear_challenge,log10_R_in_d_Mohm,component_log,47,-0.5274865653374384,0.5274865653374384,-0.6548549240755113,negative
absolute_residual,absolute_divider_residual,active_nonlinear_challenge,Zin_Mohm,impedance,47,-0.7653922151771637,0.7653922151771637,-0.7641536064584187,negative
absolute_residual,absolute_divider_residual,active_nonlinear_challenge,transfer_gain,impedance,47,0.7653922151771637,0.7653922151771637,0.8535268129948584,positive
absolute_residual,absolute_divider_residual,baseline_reference_targets,SMI,ratio,3,1.0,1.0,0.9317816958404493,positive
absolute_residual,absolute_divider_residual,baseline_reference_targets,Gamma_divider,analytic_divider,3,-1.0,1.0,-0.9592027777720968,negative
absolute_residual,absolute_divider_residual,baseline_reference_targets,R_neck_Mohm,component,3,1.0,1.0,0.9317816958404493,positive
absolute_residual,absolute_divider_residual,baseline_reference_targets,R_in_d_Mohm,component,3,,,,undefined
absolute_residual,absolute_divider_residual,baseline_reference_targets,log10_R_neck_Mohm,component_log,3,1.0,1.0,0.9956296052395935,positive
absolute_residual,absolute_divider_residual,baseline_reference_targets,log10_R_in_d_Mohm,component_log,3,,,,undefined
absolute_residual,absolute_divider_residual,exploratory_matched_baseline_comparisons,SMI,ratio,27,0.8891294852363679,0.8891294852363679,0.9261537612192878,positive
absolute_residual,absolute_divider_residual,exploratory_matched_baseline_comparisons,Gamma_divider,analytic_divider,27,-0.8891294852363679,0.8891294852363679,-0.9266840280946098,negative
absolute_residual,absolute_divider_residual,exploratory_matched_baseline_comparisons,R_neck_Mohm,component,27,0.5722155453776198,0.5722155453776198,0.6050384569821688,positive
absolute_residual,absolute_divider_residual,exploratory_matched_baseline_comparisons,R_in_d_Mohm,component,27,-0.771937810309067,0.771937810309067,-0.7666648057990182,negative
absolute_residual,absolute_divider_residual,exploratory_matched_baseline_comparisons,log10_R_neck_Mohm,component_log,27,0.5722155453776198,0.5722155453776198,0.599910371328956,positive
absolute_residual,absolute_divider_residual,exploratory_matched_baseline_comparisons,log10_R_in_d_Mohm,component_log,27,-0.771937810309067,0.771937810309067,-0.7666583978578432,negative
absolute_residual,absolute_divider_residual,exploratory_mechanistic_decomposition,SMI,ratio,8,0.7637626158259734,0.7637626158259734,0.9978190326303658,positive
absolute_residual,absolute_divider_residual,exploratory_mechanistic_decomposition,Gamma_divider,analytic_divider,8,-0.7637626158259734,0.7637626158259734,-0.9978192176663621,negative
absolute_residual,absolute_divider_residual,exploratory_mechanistic_decomposition,Zin_Mohm,impedance,8,0.11415291512216423,0.11415291512216423,0.34583000355836485,positive
absolute_residual,absolute_divider_residual,exploratory_scenario_uncertainty,SMI,ratio,72,0.9971380796192681,0.9971380796192681,0.995689445911383,positive
absolute_residual,absolute_divider_residual,exploratory_scenario_uncertainty,Gamma_divider,analytic_divider,72,-0.9971380796192681,0.9971380796192681,-0.9967260811758444,negative
absolute_residual,absolute_divider_residual,exploratory_scenario_uncertainty,R_neck_Mohm,component,72,0.9969451411666346,0.9969451411666346,0.9956933985670698,positive
absolute_residual,absolute_divider_residual,exploratory_scenario_uncertainty,R_in_d_Mohm,component,72,-0.1239307994083221,0.1239307994083221,-0.1916139788692869,negative
absolute_residual,absolute_divider_residual,exploratory_scenario_uncertainty,log10_R_neck_Mohm,component_log,72,0.9969451411666346,0.9969451411666346,0.9907116381877707,positive
absolute_residual,absolute_divider_residual,exploratory_scenario_uncertainty,log10_R_in_d_Mohm,component_log,72,-0.1239307994083221,0.1239307994083221,-0.1916208216384515,negative
absolute_residual,absolute_divider_residual,exploratory_scenario_uncertainty,Zin_Mohm,impedance,72,-0.1239307994083221,0.1239307994083221,-0.19162438553918376,negative
absolute_residual,absolute_divider_residual,exploratory_scenario_uncertainty,Ztransfer_Mohm,impedance,72,-0.1239307994083221,0.1239307994083221,-0.19162408983005239,negative
absolute_residual,absolute_divider_residual,exploratory_scenario_uncertainty,transfer_gain,impedance,72,-0.1239307994083221,0.1239307994083221,-0.19162799177044904,negative
absolute_residual,absolute_divider_residual,exploratory_scenario_uncertainty,dynamic_SMI_abs,dynamic_ratio,72,0.9969451411666346,0.9969451411666346,0.9956920801229322,positive
absolute_residual,absolute_divider_residual,exploratory_scenario_uncertainty,synaptic_conductance_scale,synaptic,72,0.20538298282847775,0.20538298282847775,0.14873764197723455,positive
absolute_residual,absolute_divider_residual,exploratory_scenarios,SMI,ratio,27,0.8891294852363679,0.8891294852363679,0.9261537612192878,positive
absolute_residual,absolute_divider_residual,exploratory_scenarios,Gamma_divider,analytic_divider,27,-0.8891294852363679,0.8891294852363679,-0.9266840280946098,negative
absolute_residual,absolute_divider_residual,exploratory_scenarios,R_neck_Mohm,component,27,0.5722155453776198,0.5722155453776198,0.6050384569821688,positive
absolute_residual,absolute_divider_residual,exploratory_scenarios,R_in_d_Mohm,component,27,-0.771937810309067,0.771937810309067,-0.7666648057990182,negative
absolute_residual,absolute_divider_residual,exploratory_scenarios,log10_R_neck_Mohm,component_log,27,0.5722155453776198,0.5722155453776198,0.599910371328956,positive
absolute_residual,absolute_divider_residual,exploratory_scenarios,log10_R_in_d_Mohm,component_log,27,-0.771937810309067,0.771937810309067,-0.7666583978578432,negative
absolute_residual,absolute_divider_residual,exploratory_scenarios,Zin_Mohm,impedance,27,-0.771937810309067,0.771937810309067,-0.766603719053716,negative
absolute_residual,absolute_divider_residual,exploratory_scenarios,Ztransfer_Mohm,impedance,27,0.5836602955995386,0.5836602955995386,0.766382169152247,positive
absolute_residual,absolute_divider_residual,exploratory_scenarios,transfer_gain,impedance,27,0.5836602955995386,0.5836602955995386,0.7665763507708038,positive
absolute_residual,absolute_divider_residual,exploratory_scenarios,dynamic_SMI_abs,dynamic_ratio,27,0.9277173833298088,0.9277173833298088,0.9721941701272839,positive
absolute_residual,absolute_divider_residual,exploratory_scenarios,synaptic_conductance_scale,synaptic,27,0.14323718273161656,0.14323718273161656,0.05885514063486984,positive
absolute_residual,absolute_divider_residual,fixed_load_geometry_sweep,SMI,ratio,400,0.9526145163407271,0.9526145163407271,0.4376720490084247,positive
absolute_residual,absolute_divider_residual,fixed_load_geometry_sweep,Gamma_divider,analytic_divider,400,-0.9526145163407271,0.9526145163407271,-0.71938629160804,negative
absolute_residual,absolute_divider_residual,fixed_load_geometry_sweep,R_neck_Mohm,component,400,0.9526145163407271,0.9526145163407271,0.43767204900842427,positive
absolute_residual,absolute_divider_residual,fixed_load_geometry_sweep,R_in_d_Mohm,component,400,,,-9.233131806392472e-17,undefined
absolute_residual,absolute_divider_residual,fixed_load_geometry_sweep,log10_R_neck_Mohm,component_log,400,0.9526145163407271,0.9526145163407271,0.8426831944309541,positive
absolute_residual,absolute_divider_residual,fixed_load_geometry_sweep,log10_R_in_d_Mohm,component_log,400,,,9.233131806392472e-17,undefined
absolute_residual,absolute_divider_residual,global_uncertainty_N96,SMI,ratio,192,0.6019220600998455,0.6019220600998455,0.5992064840317494,positive
absolute_residual,absolute_divider_residual,global_uncertainty_N96,Gamma_divider,analytic_divider,192,-0.6019220600998455,0.6019220600998455,-0.6041443762542982,negative
absolute_residual,absolute_divider_residual,global_uncertainty_N96,R_neck_Mohm,component,192,0.8527664372319665,0.8527664372319665,0.8333952486407528,positive
absolute_residual,absolute_divider_residual,global_uncertainty_N96,R_in_d_Mohm,component,192,0.458093132780295,0.458093132780295,0.4603617503707594,positive
absolute_residual,absolute_divider_residual,global_uncertainty_N96,log10_R_neck_Mohm,component_log,192,0.8527664372319665,0.8527664372319665,0.8324485779134595,positive
absolute_residual,absolute_divider_residual,global_uncertainty_N96,log10_R_in_d_Mohm,component_log,192,0.458093132780295,0.458093132780295,0.4634683605814318,positive
absolute_residual,absolute_divider_residual,global_uncertainty_N96,Zin_Mohm,impedance,192,-0.2758094491113386,0.2758094491113386,-0.2590380895585616,negative
absolute_residual,absolute_divider_residual,global_uncertainty_N96,Ztransfer_Mohm,impedance,192,-0.14345930047280572,0.14345930047280572,-0.088266532182679,negative
absolute_residual,absolute_divider_residual,global_uncertainty_N96,transfer_gain,impedance,192,-0.12699225489672855,0.12699225489672855,-0.07221378403352968,negative
absolute_residual,absolute_divider_residual,global_uncertainty_N96,dynamic_SMI_abs,dynamic_ratio,192,0.8595248437050147,0.8595248437050147,0.836069797942956,positive
absolute_residual,absolute_divider_residual,global_uncertainty_N96,synaptic_conductance_scale,synaptic,192,-0.04741057747099153,0.04741057747099153,-0.07867759434863163,negative
absolute_residual,absolute_divider_residual,matched_neck_heterogeneous_load,SMI,ratio,30,-1.0,1.0,-0.9530024718190236,negative
absolute_residual,absolute_divider_residual,matched_neck_heterogeneous_load,Gamma_divider,analytic_divider,30,1.0,1.0,0.9997739646477071,positive
absolute_residual,absolute_divider_residual,matched_neck_heterogeneous_load,R_neck_Mohm,component,30,,,,undefined
absolute_residual,absolute_divider_residual,matched_neck_heterogeneous_load,R_in_d_Mohm,component,30,1.0,1.0,0.9792643370486523,positive
absolute_residual,absolute_divider_residual,matched_neck_heterogeneous_load,log10_R_neck_Mohm,component_log,30,,,,undefined
absolute_residual,absolute_divider_residual,matched_neck_heterogeneous_load,log10_R_in_d_Mohm,component_log,30,1.0,1.0,0.9990150632301367,positive
absolute_residual,absolute_divider_residual,passive_morphology_challenge,SMI,ratio,24,0.5928409566808246,0.5928409566808246,0.3809858410198578,positive
absolute_residual,absolute_divider_residual,passive_morphology_challenge,Gamma_divider,analytic_divider,24,-0.5706939746752938,0.5706939746752938,-0.4286339033655161,negative
absolute_residual,absolute_divider_residual,passive_morphology_challenge,R_neck_Mohm,component,24,0.16406781085087885,0.16406781085087885,-0.0720845628441058,positive
absolute_residual,absolute_divider_residual,passive_morphology_challenge,R_in_d_Mohm,component,24,-0.6671034097676262,0.6671034097676262,-0.6655347348759258,negative
absolute_residual,absolute_divider_residual,passive_morphology_challenge,log10_R_neck_Mohm,component_log,24,0.16406781085087885,0.16406781085087885,-0.034127902613756554,positive
absolute_residual,absolute_divider_residual,passive_morphology_challenge,log10_R_in_d_Mohm,component_log,24,-0.6671034097676262,0.6671034097676262,-0.7871448444507463,negative
absolute_residual,absolute_divider_residual,passive_morphology_challenge,Zin_Mohm,impedance,24,-0.798694023582011,0.798694023582011,-0.7306751734509391,negative
absolute_residual,absolute_divider_residual,passive_morphology_challenge,Ztransfer_Mohm,impedance,24,0.3211333853682172,0.3211333853682172,0.18495083214265218,positive
absolute_residual,absolute_divider_residual,passive_morphology_challenge,transfer_gain,impedance,24,0.8527246067375862,0.8527246067375862,0.9101197381936786,positive
absolute_residual,absolute_divider_residual,progressive_uncertainty_N192,SMI,ratio,384,0.642540699304542,0.642540699304542,0.613931784237009,positive
absolute_residual,absolute_divider_residual,progressive_uncertainty_N192,Gamma_divider,analytic_divider,384,-0.642540699304542,0.642540699304542,-0.6230163301817904,negative
absolute_residual,absolute_divider_residual,progressive_uncertainty_N192,R_neck_Mohm,component,384,0.8627923379681234,0.8627923379681234,0.8513159679548327,positive
absolute_residual,absolute_divider_residual,progressive_uncertainty_N192,R_in_d_Mohm,component,384,0.5055534456886891,0.5055534456886891,0.5126762533063338,positive
absolute_residual,absolute_divider_residual,progressive_uncertainty_N192,log10_R_neck_Mohm,component_log,384,0.8627923379681234,0.8627923379681234,0.838633969187644,positive
absolute_residual,absolute_divider_residual,progressive_uncertainty_N192,log10_R_in_d_Mohm,component_log,384,0.5055534456886891,0.5055534456886891,0.5116757630936045,positive
absolute_residual,absolute_divider_residual,progressive_uncertainty_N192,Zin_Mohm,impedance,384,-0.21591679751004447,0.21591679751004447,-0.23325216373361699,negative
absolute_residual,absolute_divider_residual,progressive_uncertainty_N192,Ztransfer_Mohm,impedance,384,-0.018274405152400076,0.018274405152400076,-0.027574196123327486,negative
absolute_residual,absolute_divider_residual,progressive_uncertainty_N192,transfer_gain,impedance,384,-0.007026367634905973,0.007026367634905973,-0.011946126621595981,negative
absolute_residual,absolute_divider_residual,progressive_uncertainty_N192,dynamic_SMI_abs,dynamic_ratio,384,0.8651672392082983,0.8651672392082983,0.8558117157115838,positive
absolute_residual,absolute_divider_residual,progressive_uncertainty_N192,synaptic_conductance_scale,synaptic,384,-0.02287500805456992,0.02287500805456992,0.0007211591165191228,negative
absolute_residual,absolute_divider_residual,progressive_uncertainty_N384,SMI,ratio,768,0.6147592428407112,0.6147592428407112,0.5590434427619811,positive
absolute_residual,absolute_divider_residual,progressive_uncertainty_N384,Gamma_divider,analytic_divider,768,-0.6147592428407112,0.6147592428407112,-0.571171552346541,negative
absolute_residual,absolute_divider_residual,progressive_uncertainty_N384,R_neck_Mohm,component,768,0.8411207882411955,0.8411207882411955,0.8138719624368349,positive
absolute_residual,absolute_divider_residual,progressive_uncertainty_N384,R_in_d_Mohm,component,768,0.4316060028344562,0.4316060028344562,0.43321699386178036,positive
absolute_residual,absolute_divider_residual,progressive_uncertainty_N384,log10_R_neck_Mohm,component_log,768,0.8411207882411955,0.8411207882411955,0.8150821252779202,positive
absolute_residual,absolute_divider_residual,progressive_uncertainty_N384,log10_R_in_d_Mohm,component_log,768,0.4316060028344562,0.4316060028344562,0.43959968829807305,positive
absolute_residual,absolute_divider_residual,progressive_uncertainty_N384,Zin_Mohm,impedance,768,-0.25498964517313516,0.25498964517313516,-0.286768517103065,negative
absolute_residual,absolute_divider_residual,progressive_uncertainty_N384,Ztransfer_Mohm,impedance,768,-0.09343123300893273,0.09343123300893273,-0.10683485731989133,negative
absolute_residual,absolute_divider_residual,progressive_uncertainty_N384,transfer_gain,impedance,768,-0.07949152836943316,0.07949152836943316,-0.09068403780353237,negative
absolute_residual,absolute_divider_residual,progressive_uncertainty_N384,dynamic_SMI_abs,dynamic_ratio,768,0.8466594342553042,0.8466594342553042,0.819067829387829,positive
absolute_residual,absolute_divider_residual,progressive_uncertainty_N384,synaptic_conductance_scale,synaptic,768,-0.08365920876088709,0.08365920876088709,-0.09090393972498367,negative
absolute_residual,absolute_divider_residual,progressive_uncertainty_N768,SMI,ratio,1536,0.6315321064336848,0.6315321064336848,0.5704846426185,positive
absolute_residual,absolute_divider_residual,progressive_uncertainty_N768,Gamma_divider,analytic_divider,1536,-0.6315321064336848,0.6315321064336848,-0.5838219420691162,negative
absolute_residual,absolute_divider_residual,progressive_uncertainty_N768,R_neck_Mohm,component,1536,0.851585442845668,0.851585442845668,0.8246329345415795,positive
absolute_residual,absolute_divider_residual,progressive_uncertainty_N768,R_in_d_Mohm,component,1536,0.4655613931671587,0.4655613931671587,0.46741545339293233,positive
absolute_residual,absolute_divider_residual,progressive_uncertainty_N768,log10_R_neck_Mohm,component_log,1536,0.851585442845668,0.851585442845668,0.8231066939662985,positive
absolute_residual,absolute_divider_residual,progressive_uncertainty_N768,log10_R_in_d_Mohm,component_log,1536,0.4655613931671587,0.4655613931671587,0.4733484628248571,positive
absolute_residual,absolute_divider_residual,progressive_uncertainty_N768,Zin_Mohm,impedance,1536,-0.22716070112731135,0.22716070112731135,-0.2404197156491653,negative
absolute_residual,absolute_divider_residual,progressive_uncertainty_N768,Ztransfer_Mohm,impedance,1536,-0.027524030234056564,0.027524030234056564,-0.03971217881298934,negative
absolute_residual,absolute_divider_residual,progressive_uncertainty_N768,transfer_gain,impedance,1536,-0.012877974645802287,0.012877974645802287,-0.02437117780072512,negative
absolute_residual,absolute_divider_residual,progressive_uncertainty_N768,dynamic_SMI_abs,dynamic_ratio,1536,0.8553648581663993,0.8553648581663993,0.8297848094989444,positive
absolute_residual,absolute_divider_residual,progressive_uncertainty_N768,synaptic_conductance_scale,synaptic,1536,-0.045644656175682155,0.045644656175682155,-0.061197128010049076,negative
absolute_residual,absolute_divider_residual,progressive_uncertainty_N96,SMI,ratio,192,0.5854075395159295,0.5854075395159295,0.5223192872578293,positive
absolute_residual,absolute_divider_residual,progressive_uncertainty_N96,Gamma_divider,analytic_divider,192,-0.5854075395159295,0.5854075395159295,-0.5421700053661753,negative
absolute_residual,absolute_divider_residual,progressive_uncertainty_N96,R_neck_Mohm,component,192,0.8280150027880234,0.8280150027880234,0.7577276919233785,positive
absolute_residual,absolute_divider_residual,progressive_uncertainty_N96,R_in_d_Mohm,component,192,0.3997226106425239,0.3997226106425239,0.406991326740715,positive
absolute_residual,absolute_divider_residual,progressive_uncertainty_N96,log10_R_neck_Mohm,component_log,192,0.8280150027880234,0.8280150027880234,0.8099856463647835,positive
absolute_residual,absolute_divider_residual,progressive_uncertainty_N96,log10_R_in_d_Mohm,component_log,192,0.3997226106425239,0.3997226106425239,0.40717303269521377,positive
absolute_residual,absolute_divider_residual,progressive_uncertainty_N96,Zin_Mohm,impedance,192,-0.32148718879621496,0.32148718879621496,-0.34249544386138425,negative
absolute_residual,absolute_divider_residual,progressive_uncertainty_N96,Ztransfer_Mohm,impedance,192,-0.11856883207733486,0.11856883207733486,-0.09045920170899034,negative
absolute_residual,absolute_divider_residual,progressive_uncertainty_N96,transfer_gain,impedance,192,-0.10196614362171837,0.10196614362171837,-0.06968453854578077,negative
absolute_residual,absolute_divider_residual,progressive_uncertainty_N96,dynamic_SMI_abs,dynamic_ratio,192,0.832952403603256,0.832952403603256,0.7633170220660463,positive
absolute_residual,absolute_divider_residual,progressive_uncertainty_N96,synaptic_conductance_scale,synaptic,192,0.004842450799554817,0.004842450799554817,0.0618010639539694,positive
absolute_residual,absolute_divider_residual,spatial_convergence,SMI,ratio,4,1.0,1.0,0.9995982904833831,positive
absolute_residual,absolute_divider_residual,spatial_convergence,Gamma_divider,analytic_divider,4,-1.0,1.0,-0.9995755477452458,negative
absolute_residual,absolute_divider_residual,spatial_convergence,R_in_d_Mohm,component,4,-1.0,1.0,-0.9988755452443855,negative
absolute_residual,absolute_divider_residual,spatial_convergence,log10_R_in_d_Mohm,component_log,4,-1.0,1.0,-0.9992838003635536,negative
absolute_residual,absolute_divider_residual,timestep_convergence_intermediate,SMI,ratio,4,,,,undefined
absolute_residual,absolute_divider_residual,timestep_convergence_intermediate,Gamma_divider,analytic_divider,4,,,,undefined
Gamma_h_to_s,somatic_transfer,all_nonexploratory,SMI,ratio,3584,-0.5525750255102276,0.5525750255102276,-0.18071046157117987,negative
Gamma_h_to_s,somatic_transfer,all_nonexploratory,Gamma_divider,analytic_divider,3584,0.5525751177613593,0.5525751177613593,0.22820303996823127,positive
Gamma_h_to_s,somatic_transfer,all_nonexploratory,R_neck_Mohm,component,3576,-0.5734421995853438,0.5734421995853438,-0.2880702226589137,negative
Gamma_h_to_s,somatic_transfer,all_nonexploratory,R_in_d_Mohm,component,3580,0.127111172861338,0.127111172861338,-0.4803105416428025,positive
Gamma_h_to_s,somatic_transfer,all_nonexploratory,log10_R_neck_Mohm,component_log,3576,-0.5734421995853438,0.5734421995853438,-0.5754331230062528,negative
Gamma_h_to_s,somatic_transfer,all_nonexploratory,log10_R_in_d_Mohm,component_log,3580,0.127111172861338,0.127111172861338,-0.559494595808019,positive
Gamma_h_to_s,somatic_transfer,all_nonexploratory,Zin_Mohm,impedance,3143,-0.04629898235263863,0.04629898235263863,-0.3950965854960978,negative
Gamma_h_to_s,somatic_transfer,all_nonexploratory,Ztransfer_Mohm,impedance,3096,0.6024475567767889,0.6024475567767889,0.6079832904574052,positive
Gamma_h_to_s,somatic_transfer,all_nonexploratory,transfer_gain,impedance,3143,0.6353300954850283,0.6353300954850283,0.5386220058804205,positive
Gamma_h_to_s,somatic_transfer,all_nonexploratory,dynamic_SMI_abs,dynamic_ratio,3072,-0.49533422416031303,0.49533422416031303,-0.511897100210887,negative
Gamma_h_to_s,somatic_transfer,all_nonexploratory,synaptic_conductance_scale,synaptic,3072,0.1337450020829859,0.1337450020829859,0.13816683549910716,positive
Gamma_h_to_s,somatic_transfer,active_nonlinear_challenge,SMI,ratio,47,-0.3393689551761646,0.3393689551761646,-0.5136623080457541,negative
Gamma_h_to_s,somatic_transfer,active_nonlinear_challenge,Gamma_divider,analytic_divider,47,0.3393689551761646,0.3393689551761646,0.4697464063296226,positive
Gamma_h_to_s,somatic_transfer,active_nonlinear_challenge,R_neck_Mohm,component,47,-0.6937319918290299,0.6937319918290299,-0.7527395852028463,negative
Gamma_h_to_s,somatic_transfer,active_nonlinear_challenge,R_in_d_Mohm,component,47,-0.554937217242022,0.554937217242022,-0.6587005089583483,negative
Gamma_h_to_s,somatic_transfer,active_nonlinear_challenge,log10_R_neck_Mohm,component_log,47,-0.6937319918290299,0.6937319918290299,-0.7300311771565605,negative
Gamma_h_to_s,somatic_transfer,active_nonlinear_challenge,log10_R_in_d_Mohm,component_log,47,-0.554937217242022,0.554937217242022,-0.6592339439671702,negative
Gamma_h_to_s,somatic_transfer,active_nonlinear_challenge,Zin_Mohm,impedance,47,-0.7642191103949166,0.7642191103949166,-0.7782509171736235,negative
Gamma_h_to_s,somatic_transfer,active_nonlinear_challenge,transfer_gain,impedance,47,0.7642191103949166,0.7642191103949166,0.7122823608325701,positive
Gamma_h_to_s,somatic_transfer,baseline_reference_targets,SMI,ratio,3,-1.0,1.0,-0.9831180457872791,negative
Gamma_h_to_s,somatic_transfer,baseline_reference_targets,Gamma_divider,analytic_divider,3,1.0,1.0,0.995090580000729,positive
Gamma_h_to_s,somatic_transfer,baseline_reference_targets,R_neck_Mohm,component,3,-1.0,1.0,-0.9831180457872791,negative
Gamma_h_to_s,somatic_transfer,baseline_reference_targets,R_in_d_Mohm,component,3,,,,undefined
Gamma_h_to_s,somatic_transfer,baseline_reference_targets,log10_R_neck_Mohm,component_log,3,-1.0,1.0,-0.9607721680090626,negative
Gamma_h_to_s,somatic_transfer,baseline_reference_targets,log10_R_in_d_Mohm,component_log,3,,,,undefined
Gamma_h_to_s,somatic_transfer,exploratory_matched_baseline_comparisons,SMI,ratio,27,0.10065010086039172,0.10065010086039172,0.16134256043681797,positive
Gamma_h_to_s,somatic_transfer,exploratory_matched_baseline_comparisons,Gamma_divider,analytic_divider,27,-0.10065010086039172,0.10065010086039172,-0.16297164861587352,negative
Gamma_h_to_s,somatic_transfer,exploratory_matched_baseline_comparisons,R_neck_Mohm,component,27,-0.21006765719407838,0.21006765719407838,-0.06957687594688652,negative
Gamma_h_to_s,somatic_transfer,exploratory_matched_baseline_comparisons,R_in_d_Mohm,component,27,-0.41804581506800875,0.41804581506800875,-0.4262486940974664,negative
Gamma_h_to_s,somatic_transfer,exploratory_matched_baseline_comparisons,log10_R_neck_Mohm,component_log,27,-0.21006765719407838,0.21006765719407838,-0.0685657951956782,negative
Gamma_h_to_s,somatic_transfer,exploratory_matched_baseline_comparisons,log10_R_in_d_Mohm,component_log,27,-0.41804581506800875,0.41804581506800875,-0.42624692592922014,negative
Gamma_h_to_s,somatic_transfer,exploratory_mechanistic_decomposition,SMI,ratio,8,-0.627376434428478,0.627376434428478,-0.6347799722351858,negative
Gamma_h_to_s,somatic_transfer,exploratory_mechanistic_decomposition,Gamma_divider,analytic_divider,8,0.627376434428478,0.627376434428478,0.6347819686832876,positive
Gamma_h_to_s,somatic_transfer,exploratory_mechanistic_decomposition,Zin_Mohm,impedance,8,-0.26635680195171657,0.26635680195171657,-0.09432486383290388,negative
Gamma_h_to_s,somatic_transfer,exploratory_scenario_uncertainty,SMI,ratio,72,-0.8087336806225482,0.8087336806225482,-0.8295201509898661,negative
Gamma_h_to_s,somatic_transfer,exploratory_scenario_uncertainty,Gamma_divider,analytic_divider,72,0.8087336806225482,0.8087336806225482,0.829045668936336,positive
Gamma_h_to_s,somatic_transfer,exploratory_scenario_uncertainty,R_neck_Mohm,component,72,-0.8086693678050038,0.8086693678050038,-0.8295339924168821,negative
Gamma_h_to_s,somatic_transfer,exploratory_scenario_uncertainty,R_in_d_Mohm,component,72,0.05833172551289473,0.05833172551289473,0.110891084728799,positive
Gamma_h_to_s,somatic_transfer,exploratory_scenario_uncertainty,log10_R_neck_Mohm,component_log,72,-0.8086693678050038,0.8086693678050038,-0.8154973291139991,negative
Gamma_h_to_s,somatic_transfer,exploratory_scenario_uncertainty,log10_R_in_d_Mohm,component_log,72,0.05833172551289473,0.05833172551289473,0.11089501059051877,positive
Gamma_h_to_s,somatic_transfer,exploratory_scenario_uncertainty,Zin_Mohm,impedance,72,0.05833172551289473,0.05833172551289473,0.11089705529274357,positive
Gamma_h_to_s,somatic_transfer,exploratory_scenario_uncertainty,Ztransfer_Mohm,impedance,72,0.05833172551289473,0.05833172551289473,0.11089688563950238,positive
Gamma_h_to_s,somatic_transfer,exploratory_scenario_uncertainty,transfer_gain,impedance,72,0.05833172551289473,0.05833172551289473,0.11089912428914941,positive
Gamma_h_to_s,somatic_transfer,exploratory_scenario_uncertainty,dynamic_SMI_abs,dynamic_ratio,72,-0.8086693678050038,0.8086693678050038,-0.8295293664356297,negative
Gamma_h_to_s,somatic_transfer,exploratory_scenario_uncertainty,synaptic_conductance_scale,synaptic,72,0.07720753746221623,0.07720753746221623,0.13416149383549147,positive
Gamma_h_to_s,somatic_transfer,exploratory_scenarios,SMI,ratio,27,0.10065010086039172,0.10065010086039172,0.16134256043681797,positive
Gamma_h_to_s,somatic_transfer,exploratory_scenarios,Gamma_divider,analytic_divider,27,-0.10065010086039172,0.10065010086039172,-0.16297164861587352,negative
Gamma_h_to_s,somatic_transfer,exploratory_scenarios,R_neck_Mohm,component,27,-0.21006765719407838,0.21006765719407838,-0.06957687594688652,negative
Gamma_h_to_s,somatic_transfer,exploratory_scenarios,R_in_d_Mohm,component,27,-0.41804581506800875,0.41804581506800875,-0.4262486940974664,negative
Gamma_h_to_s,somatic_transfer,exploratory_scenarios,log10_R_neck_Mohm,component_log,27,-0.21006765719407838,0.21006765719407838,-0.0685657951956782,negative
Gamma_h_to_s,somatic_transfer,exploratory_scenarios,log10_R_in_d_Mohm,component_log,27,-0.41804581506800875,0.41804581506800875,-0.42624692592922014,negative
Gamma_h_to_s,somatic_transfer,exploratory_scenarios,Zin_Mohm,impedance,27,-0.41804581506800875,0.41804581506800875,-0.42623957616178726,negative
Gamma_h_to_s,somatic_transfer,exploratory_scenarios,Ztransfer_Mohm,impedance,27,0.2974087408281997,0.2974087408281997,0.4262068901460857,positive
Gamma_h_to_s,somatic_transfer,exploratory_scenarios,transfer_gain,impedance,27,0.2974087408281997,0.2974087408281997,0.42623541588839675,positive
Gamma_h_to_s,somatic_transfer,exploratory_scenarios,dynamic_SMI_abs,dynamic_ratio,27,0.11737152336754947,0.11737152336754947,0.23489422481423497,positive
Gamma_h_to_s,somatic_transfer,exploratory_scenarios,synaptic_conductance_scale,synaptic,27,0.16744628403836864,0.16744628403836864,0.11836288439672918,positive
Gamma_h_to_s,somatic_transfer,fixed_load_geometry_sweep,SMI,ratio,400,-0.9999999999999999,0.9999999999999999,-0.7588387363991926,negative
Gamma_h_to_s,somatic_transfer,fixed_load_geometry_sweep,Gamma_divider,analytic_divider,400,0.9999999999999999,0.9999999999999999,0.9418233390721703,positive
Gamma_h_to_s,somatic_transfer,fixed_load_geometry_sweep,R_neck_Mohm,component,400,-0.9999999999999999,0.9999999999999999,-0.7588387363991924,negative
Gamma_h_to_s,somatic_transfer,fixed_load_geometry_sweep,R_in_d_Mohm,component,400,,,0.0,undefined
Gamma_h_to_s,somatic_transfer,fixed_load_geometry_sweep,log10_R_neck_Mohm,component_log,400,-0.9999999999999999,0.9999999999999999,-0.9492764666713541,negative
Gamma_h_to_s,somatic_transfer,fixed_load_geometry_sweep,log10_R_in_d_Mohm,component_log,400,,,0.0,undefined
Gamma_h_to_s,somatic_transfer,global_uncertainty_N96,SMI,ratio,192,-0.6640159792809716,0.6640159792809716,-0.6599865674309706,negative
Gamma_h_to_s,somatic_transfer,global_uncertainty_N96,Gamma_divider,analytic_divider,192,0.6640159792809716,0.6640159792809716,0.6720750015487806,positive
Gamma_h_to_s,somatic_transfer,global_uncertainty_N96,R_neck_Mohm,component,192,-0.5369559029444734,0.5369559029444734,-0.5464668833587614,negative
Gamma_h_to_s,somatic_transfer,global_uncertainty_N96,R_in_d_Mohm,component,192,0.4790906505329865,0.4790906505329865,0.5212001145214893,positive
Gamma_h_to_s,somatic_transfer,global_uncertainty_N96,log10_R_neck_Mohm,component_log,192,-0.5369559029444734,0.5369559029444734,-0.5828490860840284,negative
Gamma_h_to_s,somatic_transfer,global_uncertainty_N96,log10_R_in_d_Mohm,component_log,192,0.4790906505329865,0.4790906505329865,0.5184775902192925,positive
Gamma_h_to_s,somatic_transfer,global_uncertainty_N96,Zin_Mohm,impedance,192,0.01604655264950518,0.01604655264950518,0.007845015714660864,positive
Gamma_h_to_s,somatic_transfer,global_uncertainty_N96,Ztransfer_Mohm,impedance,192,0.5481294851465275,0.5481294851465275,0.5877472803244266,positive
Gamma_h_to_s,somatic_transfer,global_uncertainty_N96,transfer_gain,impedance,192,0.5646100950105585,0.5646100950105585,0.6126718921314802,positive
Gamma_h_to_s,somatic_transfer,global_uncertainty_N96,dynamic_SMI_abs,dynamic_ratio,192,-0.5381766888603275,0.5381766888603275,-0.546816149419804,negative
Gamma_h_to_s,somatic_transfer,global_uncertainty_N96,synaptic_conductance_scale,synaptic,192,0.18533564845859174,0.18533564845859174,0.12349682702280766,positive
Gamma_h_to_s,somatic_transfer,matched_neck_heterogeneous_load,SMI,ratio,30,-1.0,1.0,-0.9635720104983821,negative
Gamma_h_to_s,somatic_transfer,matched_neck_heterogeneous_load,Gamma_divider,analytic_divider,30,1.0,1.0,0.9998694396752756,positive
Gamma_h_to_s,somatic_transfer,matched_neck_heterogeneous_load,R_neck_Mohm,component,30,,,,undefined
Gamma_h_to_s,somatic_transfer,matched_neck_heterogeneous_load,R_in_d_Mohm,component,30,1.0,1.0,0.972096049736583,positive
Gamma_h_to_s,somatic_transfer,matched_neck_heterogeneous_load,log10_R_neck_Mohm,component_log,30,,,,undefined
Gamma_h_to_s,somatic_transfer,matched_neck_heterogeneous_load,log10_R_in_d_Mohm,component_log,30,1.0,1.0,0.9998828334302372,positive
Gamma_h_to_s,somatic_transfer,passive_morphology_challenge,SMI,ratio,24,-0.12101469786336654,0.12101469786336654,-0.14462992221874912,negative
Gamma_h_to_s,somatic_transfer,passive_morphology_challenge,Gamma_divider,analytic_divider,24,0.13281127060415823,0.13281127060415823,0.08180640941046963,positive
Gamma_h_to_s,somatic_transfer,passive_morphology_challenge,R_neck_Mohm,component,24,-0.6334046495567031,0.6334046495567031,-0.5293264946445607,negative
Gamma_h_to_s,somatic_transfer,passive_morphology_challenge,R_in_d_Mohm,component,24,-0.6400881181898387,0.6400881181898387,-0.7065089386251031,negative
Gamma_h_to_s,somatic_transfer,passive_morphology_challenge,log10_R_neck_Mohm,component_log,24,-0.6334046495567031,0.6334046495567031,-0.5284182673658399,negative
Gamma_h_to_s,somatic_transfer,passive_morphology_challenge,log10_R_in_d_Mohm,component_log,24,-0.6400881181898387,0.6400881181898387,-0.7904602942931706,negative
Gamma_h_to_s,somatic_transfer,passive_morphology_challenge,Zin_Mohm,impedance,24,-0.7498922065382655,0.7498922065382655,-0.7733073561188587,negative
Gamma_h_to_s,somatic_transfer,passive_morphology_challenge,Ztransfer_Mohm,impedance,24,0.2688457242499186,0.2688457242499186,0.22320023585299845,positive
Gamma_h_to_s,somatic_transfer,passive_morphology_challenge,transfer_gain,impedance,24,0.8161232439547772,0.8161232439547772,0.8225633790210686,positive
Gamma_h_to_s,somatic_transfer,progressive_uncertainty_N192,SMI,ratio,384,-0.6595159660844387,0.6595159660844387,-0.6310112761132332,negative
Gamma_h_to_s,somatic_transfer,progressive_uncertainty_N192,Gamma_divider,analytic_divider,384,0.6595159660844387,0.6595159660844387,0.6405096990868258,positive
Gamma_h_to_s,somatic_transfer,progressive_uncertainty_N192,R_neck_Mohm,component,384,-0.4926489537634487,0.4926489537634487,-0.4895271557507878,negative
Gamma_h_to_s,somatic_transfer,progressive_uncertainty_N192,R_in_d_Mohm,component,384,0.5400299925340544,0.5400299925340544,0.5489565169739912,positive
Gamma_h_to_s,somatic_transfer,progressive_uncertainty_N192,log10_R_neck_Mohm,component_log,384,-0.4926489537634487,0.4926489537634487,-0.4818671417467423,negative
Gamma_h_to_s,somatic_transfer,progressive_uncertainty_N192,log10_R_in_d_Mohm,component_log,384,0.5400299925340544,0.5400299925340544,0.5503235697785229,positive
Gamma_h_to_s,somatic_transfer,progressive_uncertainty_N192,Zin_Mohm,impedance,384,-0.030643558818432903,0.030643558818432903,-0.04187010552852519,negative
Gamma_h_to_s,somatic_transfer,progressive_uncertainty_N192,Ztransfer_Mohm,impedance,384,0.6353015527257545,0.6353015527257545,0.6646892064593369,positive
Gamma_h_to_s,somatic_transfer,progressive_uncertainty_N192,transfer_gain,impedance,384,0.6565680028280733,0.6565680028280733,0.6896451266780389,positive
Gamma_h_to_s,somatic_transfer,progressive_uncertainty_N192,dynamic_SMI_abs,dynamic_ratio,384,-0.49313215694278106,0.49313215694278106,-0.4887495767893234,negative
Gamma_h_to_s,somatic_transfer,progressive_uncertainty_N192,synaptic_conductance_scale,synaptic,384,0.12130349568457506,0.12130349568457506,0.12621720677106715,positive
Gamma_h_to_s,somatic_transfer,progressive_uncertainty_N384,SMI,ratio,768,-0.632653533740643,0.632653533740643,-0.6425021468348542,negative
Gamma_h_to_s,somatic_transfer,progressive_uncertainty_N384,Gamma_divider,analytic_divider,768,0.632653533740643,0.632653533740643,0.6492270511658854,positive
Gamma_h_to_s,somatic_transfer,progressive_uncertainty_N384,R_neck_Mohm,component,768,-0.5081847325859931,0.5081847325859931,-0.5281448477963139,negative
Gamma_h_to_s,somatic_transfer,progressive_uncertainty_N384,R_in_d_Mohm,component,768,0.5220581035974371,0.5220581035974371,0.5101365245289478,positive
Gamma_h_to_s,somatic_transfer,progressive_uncertainty_N384,log10_R_neck_Mohm,component_log,768,-0.5081847325859931,0.5081847325859931,-0.5220106084075155,negative
Gamma_h_to_s,somatic_transfer,progressive_uncertainty_N384,log10_R_in_d_Mohm,component_log,768,0.5220581035974371,0.5220581035974371,0.5190663933002325,positive
Gamma_h_to_s,somatic_transfer,progressive_uncertainty_N384,Zin_Mohm,impedance,768,0.00048812437322296836,0.00048812437322296836,-0.011517207954618029,positive
Gamma_h_to_s,somatic_transfer,progressive_uncertainty_N384,Ztransfer_Mohm,impedance,768,0.5906807716421436,0.5906807716421436,0.6106040639727615,positive
Gamma_h_to_s,somatic_transfer,progressive_uncertainty_N384,transfer_gain,impedance,768,0.6123847956562588,0.6123847956562588,0.6356526499689011,positive
Gamma_h_to_s,somatic_transfer,progressive_uncertainty_N384,dynamic_SMI_abs,dynamic_ratio,768,-0.5064583628283573,0.5064583628283573,-0.5275418241578093,negative
Gamma_h_to_s,somatic_transfer,progressive_uncertainty_N384,synaptic_conductance_scale,synaptic,768,0.21189599311046503,0.21189599311046503,0.2179067492992562,positive
Gamma_h_to_s,somatic_transfer,progressive_uncertainty_N768,SMI,ratio,1536,-0.6392001130318482,0.6392001130318482,-0.6334334690204716,negative
Gamma_h_to_s,somatic_transfer,progressive_uncertainty_N768,Gamma_divider,analytic_divider,1536,0.6392001130318482,0.6392001130318482,0.641394257420839,positive
Gamma_h_to_s,somatic_transfer,progressive_uncertainty_N768,R_neck_Mohm,component,1536,-0.4851288704119395,0.4851288704119395,-0.5048631998934028,negative
Gamma_h_to_s,somatic_transfer,progressive_uncertainty_N768,R_in_d_Mohm,component,1536,0.5380996538265613,0.5380996538265613,0.524156360669593,positive
Gamma_h_to_s,somatic_transfer,progressive_uncertainty_N768,log10_R_neck_Mohm,component_log,1536,-0.4851288704119395,0.4851288704119395,-0.4974927670759012,negative
Gamma_h_to_s,somatic_transfer,progressive_uncertainty_N768,log10_R_in_d_Mohm,component_log,1536,0.5380996538265613,0.5380996538265613,0.5333014106897667,positive
Gamma_h_to_s,somatic_transfer,progressive_uncertainty_N768,Zin_Mohm,impedance,1536,0.0030002228421353383,0.0030002228421353383,0.0019511242115800265,positive
Gamma_h_to_s,somatic_transfer,progressive_uncertainty_N768,Ztransfer_Mohm,impedance,1536,0.6166028092733244,0.6166028092733244,0.634963237500363,positive
Gamma_h_to_s,somatic_transfer,progressive_uncertainty_N768,transfer_gain,impedance,1536,0.639887706319839,0.639887706319839,0.659648528408294,positive
Gamma_h_to_s,somatic_transfer,progressive_uncertainty_N768,dynamic_SMI_abs,dynamic_ratio,1536,-0.48503823151940667,0.48503823151940667,-0.504794239703617,negative
Gamma_h_to_s,somatic_transfer,progressive_uncertainty_N768,synaptic_conductance_scale,synaptic,1536,0.07579578378020205,0.07579578378020205,0.08626165509161626,positive
Gamma_h_to_s,somatic_transfer,progressive_uncertainty_N96,SMI,ratio,192,-0.619948998790625,0.619948998790625,-0.6407428180356762,negative
Gamma_h_to_s,somatic_transfer,progressive_uncertainty_N96,Gamma_divider,analytic_divider,192,0.619948998790625,0.619948998790625,0.6528827157332162,positive
Gamma_h_to_s,somatic_transfer,progressive_uncertainty_N96,R_neck_Mohm,component,192,-0.48017240249731274,0.48017240249731274,-0.5302567123896824,negative
Gamma_h_to_s,somatic_transfer,progressive_uncertainty_N96,R_in_d_Mohm,component,192,0.5588622279900786,0.5588622279900786,0.5657520310638099,positive
Gamma_h_to_s,somatic_transfer,progressive_uncertainty_N96,log10_R_neck_Mohm,component_log,192,-0.48017240249731274,0.48017240249731274,-0.5292535139980339,negative
Gamma_h_to_s,somatic_transfer,progressive_uncertainty_N96,log10_R_in_d_Mohm,component_log,192,0.5588622279900786,0.5588622279900786,0.571960116640103,positive
Gamma_h_to_s,somatic_transfer,progressive_uncertainty_N96,Zin_Mohm,impedance,192,-0.02449371297281824,0.02449371297281824,-0.03642169175014858,negative
Gamma_h_to_s,somatic_transfer,progressive_uncertainty_N96,Ztransfer_Mohm,impedance,192,0.5675230258486661,0.5675230258486661,0.550785004553709,positive
Gamma_h_to_s,somatic_transfer,progressive_uncertainty_N96,transfer_gain,impedance,192,0.583491583842436,0.583491583842436,0.575894479773695,positive
Gamma_h_to_s,somatic_transfer,progressive_uncertainty_N96,dynamic_SMI_abs,dynamic_ratio,192,-0.4794263666598464,0.4794263666598464,-0.5299188496605556,negative
Gamma_h_to_s,somatic_transfer,progressive_uncertainty_N96,synaptic_conductance_scale,synaptic,192,0.26795233531402174,0.26795233531402174,0.2794872252820747,positive
Gamma_h_to_s,somatic_transfer,spatial_convergence,SMI,ratio,4,1.0,1.0,0.9999227170197771,positive
Gamma_h_to_s,somatic_transfer,spatial_convergence,Gamma_divider,analytic_divider,4,-1.0,1.0,-0.999912558806505,negative
Gamma_h_to_s,somatic_transfer,spatial_convergence,R_in_d_Mohm,component,4,-1.0,1.0,-0.9995033787574593,negative
Gamma_h_to_s,somatic_transfer,spatial_convergence,log10_R_in_d_Mohm,component_log,4,-1.0,1.0,-0.999759351258191,negative
Gamma_h_to_s,somatic_transfer,timestep_convergence_intermediate,SMI,ratio,4,,,,undefined
Gamma_h_to_s,somatic_transfer,timestep_convergence_intermediate,Gamma_divider,analytic_divider,4,,,,undefined
A_h_mV,head_amplitude,all_nonexploratory,SMI,ratio,3584,0.1429204022242558,0.1429204022242558,0.11252033875226537,positive
A_h_mV,head_amplitude,all_nonexploratory,Gamma_divider,analytic_divider,3584,-0.14292065930290135,0.14292065930290135,-0.12912800730128435,negative
A_h_mV,head_amplitude,all_nonexploratory,R_neck_Mohm,component,3576,0.26993290168379463,0.26993290168379463,0.3295029324884308,positive
A_h_mV,head_amplitude,all_nonexploratory,R_in_d_Mohm,component,3580,0.2677434405713511,0.2677434405713511,0.417480645454342,positive
A_h_mV,head_amplitude,all_nonexploratory,log10_R_neck_Mohm,component_log,3576,0.26993290168379463,0.26993290168379463,0.38474153013148765,positive
A_h_mV,head_amplitude,all_nonexploratory,log10_R_in_d_Mohm,component_log,3580,0.2677434405713511,0.2677434405713511,0.45911111372974683,positive
A_h_mV,head_amplitude,all_nonexploratory,Zin_Mohm,impedance,3143,0.12239018011574039,0.12239018011574039,0.3341744235323069,positive
A_h_mV,head_amplitude,all_nonexploratory,Ztransfer_Mohm,impedance,3096,0.044956073225745095,0.044956073225745095,0.038185391680737736,positive
A_h_mV,head_amplitude,all_nonexploratory,transfer_gain,impedance,3143,0.0003348639904244035,0.0003348639904244035,-0.0988243507483679,positive
A_h_mV,head_amplitude,all_nonexploratory,dynamic_SMI_abs,dynamic_ratio,3072,0.1678723897529702,0.1678723897529702,0.18218683900091615,positive
A_h_mV,head_amplitude,all_nonexploratory,synaptic_conductance_scale,synaptic,3072,0.9823958636710142,0.9823958636710142,0.973821550783029,positive
A_h_mV,head_amplitude,active_nonlinear_challenge,SMI,ratio,47,0.23640435500065868,0.23640435500065868,0.47119364680260906,positive
A_h_mV,head_amplitude,active_nonlinear_challenge,Gamma_divider,analytic_divider,47,-0.23640435500065868,0.23640435500065868,-0.43692655594926366,negative
A_h_mV,head_amplitude,active_nonlinear_challenge,R_neck_Mohm,component,47,0.67096419613041,0.67096419613041,0.6971728722301245,positive
A_h_mV,head_amplitude,active_nonlinear_challenge,R_in_d_Mohm,component,47,0.6537712951463459,0.6537712951463459,0.5903001462259645,positive
A_h_mV,head_amplitude,active_nonlinear_challenge,log10_R_neck_Mohm,component_log,47,0.67096419613041,0.67096419613041,0.6647706873512764,positive
A_h_mV,head_amplitude,active_nonlinear_challenge,log10_R_in_d_Mohm,component_log,47,0.6537712951463459,0.6537712951463459,0.574127641549442,positive
A_h_mV,head_amplitude,active_nonlinear_challenge,Zin_Mohm,impedance,47,0.7124265342587042,0.7124265342587042,0.6432166759990228,positive
A_h_mV,head_amplitude,active_nonlinear_challenge,transfer_gain,impedance,47,-0.7124265342587042,0.7124265342587042,-0.5286543779676408,negative
A_h_mV,head_amplitude,baseline_reference_targets,SMI,ratio,3,1.0,1.0,0.9993091697931317,positive
A_h_mV,head_amplitude,baseline_reference_targets,Gamma_divider,analytic_divider,3,-1.0,1.0,-0.9925609863781721,negative
A_h_mV,head_amplitude,baseline_reference_targets,R_neck_Mohm,component,3,1.0,1.0,0.9993091697931317,positive
A_h_mV,head_amplitude,baseline_reference_targets,R_in_d_Mohm,component,3,,,,undefined
A_h_mV,head_amplitude,baseline_reference_targets,log10_R_neck_Mohm,component_log,3,1.0,1.0,0.8765232451284973,positive
A_h_mV,head_amplitude,baseline_reference_targets,log10_R_in_d_Mohm,component_log,3,,,,undefined
A_h_mV,head_amplitude,exploratory_matched_baseline_comparisons,SMI,ratio,27,-0.35404396500732044,0.35404396500732044,-0.4374263237197354,negative
A_h_mV,head_amplitude,exploratory_matched_baseline_comparisons,Gamma_divider,analytic_divider,27,0.35404396500732044,0.35404396500732044,0.4387075773718634,positive
A_h_mV,head_amplitude,exploratory_matched_baseline_comparisons,R_neck_Mohm,component,27,0.15645664051433963,0.15645664051433963,0.04652326787109342,positive
A_h_mV,head_amplitude,exploratory_matched_baseline_comparisons,R_in_d_Mohm,component,27,0.70290272158224,0.70290272158224,0.9037549154820473,positive
A_h_mV,head_amplitude,exploratory_matched_baseline_comparisons,log10_R_neck_Mohm,component_log,27,0.15645664051433963,0.15645664051433963,0.0563272192610371,positive
A_h_mV,head_amplitude,exploratory_matched_baseline_comparisons,log10_R_in_d_Mohm,component_log,27,0.70290272158224,0.70290272158224,0.9037569087210104,positive
A_h_mV,head_amplitude,exploratory_mechanistic_decomposition,SMI,ratio,8,0.3546040716334876,0.3546040716334876,0.45587854007749756,positive
A_h_mV,head_amplitude,exploratory_mechanistic_decomposition,Gamma_divider,analytic_divider,8,-0.3546040716334876,0.3546040716334876,-0.45587646231150286,negative
A_h_mV,head_amplitude,exploratory_mechanistic_decomposition,Zin_Mohm,impedance,8,0.48197897496024894,0.48197897496024894,0.4312383374425741,positive
A_h_mV,head_amplitude,exploratory_scenario_uncertainty,SMI,ratio,72,0.3570326065984952,0.3570326065984952,0.34906210110649394,positive
A_h_mV,head_amplitude,exploratory_scenario_uncertainty,Gamma_divider,analytic_divider,72,-0.3570326065984952,0.3570326065984952,-0.35036161026208346,negative
A_h_mV,head_amplitude,exploratory_scenario_uncertainty,R_neck_Mohm,component,72,0.3581580809055245,0.3581580809055245,0.34904242366631544,positive
A_h_mV,head_amplitude,exploratory_scenario_uncertainty,R_in_d_Mohm,component,72,-0.1556691748665509,0.1556691748665509,-0.15243031351850697,negative
A_h_mV,head_amplitude,exploratory_scenario_uncertainty,log10_R_neck_Mohm,component_log,72,0.3581580809055245,0.3581580809055245,0.35689984814199105,positive
A_h_mV,head_amplitude,exploratory_scenario_uncertainty,log10_R_in_d_Mohm,component_log,72,-0.1556691748665509,0.1556691748665509,-0.15243401981045465,negative
A_h_mV,head_amplitude,exploratory_scenario_uncertainty,Zin_Mohm,impedance,72,-0.1556691748665509,0.1556691748665509,-0.1524359500949686,negative
A_h_mV,head_amplitude,exploratory_scenario_uncertainty,Ztransfer_Mohm,impedance,72,-0.1556691748665509,0.1556691748665509,-0.15243578994286222,negative
A_h_mV,head_amplitude,exploratory_scenario_uncertainty,transfer_gain,impedance,72,-0.1556691748665509,0.1556691748665509,-0.15243790320989992,negative
A_h_mV,head_amplitude,exploratory_scenario_uncertainty,dynamic_SMI_abs,dynamic_ratio,72,0.3581580809055245,0.3581580809055245,0.3490490052927093,positive
A_h_mV,head_amplitude,exploratory_scenario_uncertainty,synaptic_conductance_scale,synaptic,72,0.9888095697472508,0.9888095697472508,0.9878399251401149,positive
A_h_mV,head_amplitude,exploratory_scenarios,SMI,ratio,27,-0.35404396500732044,0.35404396500732044,-0.4374263237197354,negative
A_h_mV,head_amplitude,exploratory_scenarios,Gamma_divider,analytic_divider,27,0.35404396500732044,0.35404396500732044,0.4387075773718634,positive
A_h_mV,head_amplitude,exploratory_scenarios,R_neck_Mohm,component,27,0.15645664051433963,0.15645664051433963,0.04652326787109342,positive
A_h_mV,head_amplitude,exploratory_scenarios,R_in_d_Mohm,component,27,0.70290272158224,0.70290272158224,0.9037549154820473,positive
A_h_mV,head_amplitude,exploratory_scenarios,log10_R_neck_Mohm,component_log,27,0.15645664051433963,0.15645664051433963,0.0563272192610371,positive
A_h_mV,head_amplitude,exploratory_scenarios,log10_R_in_d_Mohm,component_log,27,0.70290272158224,0.70290272158224,0.9037569087210104,positive
A_h_mV,head_amplitude,exploratory_scenarios,Zin_Mohm,impedance,27,0.70290272158224,0.70290272158224,0.9037700169907316,positive
A_h_mV,head_amplitude,exploratory_scenarios,Ztransfer_Mohm,impedance,27,-0.8221451475649413,0.8221451475649413,-0.9038239898866519,negative
A_h_mV,head_amplitude,exploratory_scenarios,transfer_gain,impedance,27,-0.8221451475649413,0.8221451475649413,-0.9037767961516014,negative
A_h_mV,head_amplitude,exploratory_scenarios,dynamic_SMI_abs,dynamic_ratio,27,-0.4891016083343636,0.4891016083343636,-0.5836444713802709,negative
A_h_mV,head_amplitude,exploratory_scenarios,synaptic_conductance_scale,synaptic,27,0.24209101306752095,0.24209101306752095,0.09164258101979464,positive
A_h_mV,head_amplitude,fixed_load_geometry_sweep,SMI,ratio,400,0.9999999999999999,0.9999999999999999,0.9923449289253528,positive
A_h_mV,head_amplitude,fixed_load_geometry_sweep,Gamma_divider,analytic_divider,400,-0.9999999999999999,0.9999999999999999,-0.9516933530512407,negative
A_h_mV,head_amplitude,fixed_load_geometry_sweep,R_neck_Mohm,component,400,0.9999999999999999,0.9999999999999999,0.9923449289253529,positive
A_h_mV,head_amplitude,fixed_load_geometry_sweep,R_in_d_Mohm,component,400,,,1.7413848877874169e-16,undefined
A_h_mV,head_amplitude,fixed_load_geometry_sweep,log10_R_neck_Mohm,component_log,400,0.9999999999999999,0.9999999999999999,0.7837536407097195,positive
A_h_mV,head_amplitude,fixed_load_geometry_sweep,log10_R_in_d_Mohm,component_log,400,,,-1.7413848877874169e-16,undefined
A_h_mV,head_amplitude,global_uncertainty_N96,SMI,ratio,192,0.09667946239167216,0.09667946239167216,0.1442814267550433,positive
A_h_mV,head_amplitude,global_uncertainty_N96,Gamma_divider,analytic_divider,192,-0.09667946239167216,0.09667946239167216,-0.14227563327906856,negative
A_h_mV,head_amplitude,global_uncertainty_N96,R_neck_Mohm,component,192,0.11995238944863625,0.11995238944863625,0.13460117489836473,positive
A_h_mV,head_amplitude,global_uncertainty_N96,R_in_d_Mohm,component,192,0.0296617066832675,0.0296617066832675,-0.01342845796169131,positive
A_h_mV,head_amplitude,global_uncertainty_N96,log10_R_neck_Mohm,component_log,192,0.11995238944863625,0.11995238944863625,0.13278647937393812,positive
A_h_mV,head_amplitude,global_uncertainty_N96,log10_R_in_d_Mohm,component_log,192,0.0296617066832675,0.0296617066832675,-0.0044097574595000555,positive
A_h_mV,head_amplitude,global_uncertainty_N96,Zin_Mohm,impedance,192,0.044158539434035596,0.044158539434035596,0.012757897225225539,positive
A_h_mV,head_amplitude,global_uncertainty_N96,Ztransfer_Mohm,impedance,192,-0.03612508989331755,0.03612508989331755,-0.041092865364987095,negative
A_h_mV,head_amplitude,global_uncertainty_N96,transfer_gain,impedance,192,-0.040733556725666996,0.040733556725666996,-0.042904418629376134,negative
A_h_mV,head_amplitude,global_uncertainty_N96,dynamic_SMI_abs,dynamic_ratio,192,0.11877907854062085,0.11877907854062085,0.13347159470425496,positive
A_h_mV,head_amplitude,global_uncertainty_N96,synaptic_conductance_scale,synaptic,192,0.9833803570123958,0.9833803570123958,0.9781923550752912,positive
A_h_mV,head_amplitude,matched_neck_heterogeneous_load,SMI,ratio,30,-1.0,1.0,-0.9997503010334279,negative
A_h_mV,head_amplitude,matched_neck_heterogeneous_load,Gamma_divider,analytic_divider,30,1.0,1.0,0.9651011828684495,positive
A_h_mV,head_amplitude,matched_neck_heterogeneous_load,R_neck_Mohm,component,30,,,,undefined
A_h_mV,head_amplitude,matched_neck_heterogeneous_load,R_in_d_Mohm,component,30,1.0,1.0,0.8896950458452537,positive
A_h_mV,head_amplitude,matched_neck_heterogeneous_load,log10_R_neck_Mohm,component_log,30,,,,undefined
A_h_mV,head_amplitude,matched_neck_heterogeneous_load,log10_R_in_d_Mohm,component_log,30,1.0,1.0,0.9701871196115045,positive
A_h_mV,head_amplitude,passive_morphology_challenge,SMI,ratio,24,0.04761950204731752,0.04761950204731752,0.41136044118930737,positive
A_h_mV,head_amplitude,passive_morphology_challenge,Gamma_divider,analytic_divider,24,-0.05742005428760636,0.05742005428760636,-0.3428589763420743,negative
A_h_mV,head_amplitude,passive_morphology_challenge,R_neck_Mohm,component,24,0.6768511778656465,0.6768511778656465,0.8108968557782674,positive
A_h_mV,head_amplitude,passive_morphology_challenge,R_in_d_Mohm,component,24,0.7555567031594146,0.7555567031594146,0.8074414222987154,positive
A_h_mV,head_amplitude,passive_morphology_challenge,log10_R_neck_Mohm,component_log,24,0.6768511778656465,0.6768511778656465,0.7803264500229121,positive
A_h_mV,head_amplitude,passive_morphology_challenge,log10_R_in_d_Mohm,component_log,24,0.7555567031594146,0.7555567031594146,0.7989020808892671,positive
A_h_mV,head_amplitude,passive_morphology_challenge,Zin_Mohm,impedance,24,0.7756003065880958,0.7756003065880958,0.8390591964375415,positive
A_h_mV,head_amplitude,passive_morphology_challenge,Ztransfer_Mohm,impedance,24,-0.0531591221369369,0.0531591221369369,0.06252174229411755,negative
A_h_mV,head_amplitude,passive_morphology_challenge,transfer_gain,impedance,24,-0.6875827437056263,0.6875827437056263,-0.5394926276029124,negative
A_h_mV,head_amplitude,progressive_uncertainty_N192,SMI,ratio,384,0.16406909636768044,0.16406909636768044,0.21129330467974955,positive
A_h_mV,head_amplitude,progressive_uncertainty_N192,Gamma_divider,analytic_divider,384,-0.16406909636768044,0.16406909636768044,-0.206499375110448,negative
A_h_mV,head_amplitude,progressive_uncertainty_N192,R_neck_Mohm,component,384,0.18823179850892735,0.18823179850892735,0.23540493277912303,positive
A_h_mV,head_amplitude,progressive_uncertainty_N192,R_in_d_Mohm,component,384,0.025881464327380924,0.025881464327380924,0.05268583666154726,positive
A_h_mV,head_amplitude,progressive_uncertainty_N192,log10_R_neck_Mohm,component_log,384,0.18823179850892735,0.18823179850892735,0.1949374781622167,positive
A_h_mV,head_amplitude,progressive_uncertainty_N192,log10_R_in_d_Mohm,component_log,384,0.025881464327380924,0.025881464327380924,0.04204366362616571,positive
A_h_mV,head_amplitude,progressive_uncertainty_N192,Zin_Mohm,impedance,384,0.021775508890369756,0.021775508890369756,0.05278224152761632,positive
A_h_mV,head_amplitude,progressive_uncertainty_N192,Ztransfer_Mohm,impedance,384,0.025820851998745373,0.025820851998745373,0.019951437217936883,positive
A_h_mV,head_amplitude,progressive_uncertainty_N192,transfer_gain,impedance,384,0.029497010923613533,0.029497010923613533,0.016785977367679734,positive
A_h_mV,head_amplitude,progressive_uncertainty_N192,dynamic_SMI_abs,dynamic_ratio,384,0.1873395680769145,0.1873395680769145,0.2339274971032759,positive
A_h_mV,head_amplitude,progressive_uncertainty_N192,synaptic_conductance_scale,synaptic,384,0.9798923898549449,0.9798923898549449,0.9698580630135786,positive
A_h_mV,head_amplitude,progressive_uncertainty_N384,SMI,ratio,768,0.12207146568959056,0.12207146568959056,0.11842901113579402,positive
A_h_mV,head_amplitude,progressive_uncertainty_N384,Gamma_divider,analytic_divider,768,-0.12207146568959056,0.12207146568959056,-0.11992796811539105,negative
A_h_mV,head_amplitude,progressive_uncertainty_N384,R_neck_Mohm,component,768,0.11697119382766329,0.11697119382766329,0.11713129130742207,positive
A_h_mV,head_amplitude,progressive_uncertainty_N384,R_in_d_Mohm,component,768,-0.04081398991063881,0.04081398991063881,-0.04067091245639551,negative
A_h_mV,head_amplitude,progressive_uncertainty_N384,log10_R_neck_Mohm,component_log,768,0.11697119382766329,0.11697119382766329,0.1123807911168576,positive
A_h_mV,head_amplitude,progressive_uncertainty_N384,log10_R_in_d_Mohm,component_log,768,-0.04081398991063881,0.04081398991063881,-0.03760338264518449,negative
A_h_mV,head_amplitude,progressive_uncertainty_N384,Zin_Mohm,impedance,768,0.05706117232096292,0.05706117232096292,0.06584073997226637,positive
A_h_mV,head_amplitude,progressive_uncertainty_N384,Ztransfer_Mohm,impedance,768,0.0849754438421829,0.0849754438421829,0.08484940397160627,positive
A_h_mV,head_amplitude,progressive_uncertainty_N384,transfer_gain,impedance,768,0.08088787243285346,0.08088787243285346,0.0835362311644714,positive
A_h_mV,head_amplitude,progressive_uncertainty_N384,dynamic_SMI_abs,dynamic_ratio,768,0.11651432891175081,0.11651432891175081,0.11544827142030754,positive
A_h_mV,head_amplitude,progressive_uncertainty_N384,synaptic_conductance_scale,synaptic,768,0.9828692875757745,0.9828692875757745,0.975615912084823,positive
A_h_mV,head_amplitude,progressive_uncertainty_N768,SMI,ratio,1536,0.21811936232185777,0.21811936232185777,0.23414645032331113,positive
A_h_mV,head_amplitude,progressive_uncertainty_N768,Gamma_divider,analytic_divider,1536,-0.21811936232185777,0.21811936232185777,-0.2345321890684518,negative
A_h_mV,head_amplitude,progressive_uncertainty_N768,R_neck_Mohm,component,1536,0.20013345626565554,0.20013345626565554,0.21074728728995698,positive
A_h_mV,head_amplitude,progressive_uncertainty_N768,R_in_d_Mohm,component,1536,-0.09929658232434724,0.09929658232434724,-0.10067284959239053,negative
A_h_mV,head_amplitude,progressive_uncertainty_N768,log10_R_neck_Mohm,component_log,1536,0.20013345626565554,0.20013345626565554,0.19731277026352187,positive
A_h_mV,head_amplitude,progressive_uncertainty_N768,log10_R_in_d_Mohm,component_log,1536,-0.09929658232434724,0.09929658232434724,-0.10095448373647856,negative
A_h_mV,head_amplitude,progressive_uncertainty_N768,Zin_Mohm,impedance,1536,0.12991930237804747,0.12991930237804747,0.1259030157403976,positive
A_h_mV,head_amplitude,progressive_uncertainty_N768,Ztransfer_Mohm,impedance,1536,0.04013653875620779,0.04013653875620779,0.0370276939113147,positive
A_h_mV,head_amplitude,progressive_uncertainty_N768,transfer_gain,impedance,1536,0.03360902188516012,0.03360902188516012,0.02983638727776328,positive
A_h_mV,head_amplitude,progressive_uncertainty_N768,dynamic_SMI_abs,dynamic_ratio,1536,0.19824105314794216,0.19824105314794216,0.20884202404268293,positive
A_h_mV,head_amplitude,progressive_uncertainty_N768,synaptic_conductance_scale,synaptic,1536,0.9823911334581594,0.9823911334581594,0.9731566638839576,positive
A_h_mV,head_amplitude,progressive_uncertainty_N96,SMI,ratio,192,0.06601738947180195,0.06601738947180195,0.08974056540867927,positive
A_h_mV,head_amplitude,progressive_uncertainty_N96,Gamma_divider,analytic_divider,192,-0.06601738947180195,0.06601738947180195,-0.08846835534954386,negative
A_h_mV,head_amplitude,progressive_uncertainty_N96,R_neck_Mohm,component,192,0.10973848061932315,0.10973848061932315,0.15677404829953698,positive
A_h_mV,head_amplitude,progressive_uncertainty_N96,R_in_d_Mohm,component,192,0.13398464533698207,0.13398464533698207,0.16294449096455743,positive
A_h_mV,head_amplitude,progressive_uncertainty_N96,log10_R_neck_Mohm,component_log,192,0.10973848061932315,0.10973848061932315,0.15318967229160257,positive
A_h_mV,head_amplitude,progressive_uncertainty_N96,log10_R_in_d_Mohm,component_log,192,0.13398464533698207,0.13398464533698207,0.15412627578350885,positive
A_h_mV,head_amplitude,progressive_uncertainty_N96,Zin_Mohm,impedance,192,0.034276955659593905,0.034276955659593905,0.022992799157572706,positive
A_h_mV,head_amplitude,progressive_uncertainty_N96,Ztransfer_Mohm,impedance,192,0.060537417138412195,0.060537417138412195,0.05876331756026482,positive
A_h_mV,head_amplitude,progressive_uncertainty_N96,transfer_gain,impedance,192,0.06223295313265406,0.06223295313265406,0.06019704524177438,positive
A_h_mV,head_amplitude,progressive_uncertainty_N96,dynamic_SMI_abs,dynamic_ratio,192,0.11083379687160341,0.11083379687160341,0.15633941922815434,positive
A_h_mV,head_amplitude,progressive_uncertainty_N96,synaptic_conductance_scale,synaptic,192,0.9829395176538929,0.9829395176538929,0.97717507119295,positive
A_h_mV,head_amplitude,spatial_convergence,SMI,ratio,4,-1.0,1.0,-0.9999597227858594,negative
A_h_mV,head_amplitude,spatial_convergence,Gamma_divider,analytic_divider,4,1.0,1.0,0.9999665165043499,positive
A_h_mV,head_amplitude,spatial_convergence,R_in_d_Mohm,component,4,1.0,1.0,0.9999488873688275,positive
A_h_mV,head_amplitude,spatial_convergence,log10_R_in_d_Mohm,component_log,4,1.0,1.0,0.9999998577882273,positive
A_h_mV,head_amplitude,timestep_convergence_intermediate,SMI,ratio,4,,,,undefined
A_h_mV,head_amplitude,timestep_convergence_intermediate,Gamma_divider,analytic_divider,4,,,,undefined
