sample_id,neck_radius_um,neck_length_um,intracellular_resistivity_ohm_cm,head_diameter_um,dendritic_area_scale,membrane_capacitance_scale,membrane_leak_scale,synaptic_conductance_scale,nmda_fraction,hcn_density_scale,na_density_scale,kdr_density_scale,a_type_density_scale,calcium_density_scale,R_neck_Mohm,R_in_d_Mohm,SMI,SMI_class,Gamma_h_to_d,Gamma_h_to_s,A_h_mV,local_voltage_isolation,Zin_50Hz_Mohm,Ztransfer_50Hz_Mohm,transfer_gain_50Hz,electrotonic_distance_50Hz,dynamic_SMI_abs_50Hz,active_Gamma_h_to_d,active_Gamma_h_to_s,active_A_h_mV,active_local_voltage_isolation,active_Zin_50Hz_Mohm,active_transfer_gain_50Hz,active_dynamic_SMI_abs_50Hz,AMPA_only_A_h_mV,NMDA_delta_A_h_fraction
0.0,0.11258227342351444,0.4514580507704967,105.30581001336395,0.8062594896064745,1.4722142562867682,1.1070650117395329,1.0598032437863039,0.8385506982134553,0.2589075262911315,1.298136026419959,0.24044061399382521,1.2927488719500746,0.03075327553524701,0.29498703912616453,11.939326638626367,301.83185351475413,0.03955621813799964,low,0.9324524947493941,0.08167349945566778,10.901022061926065,0.06754750525060593,163.51267563742087,12.472725786034754,0.07627987088714909,2.573346190868694,0.07301774368307125,0.9323127922840228,0.08395547585375683,10.918501034519238,0.06768720771597725,163.02437330113688,0.07627672548737334,0.07323645168426544,10.824300106344976,0.008702726942968177
1.0,0.12011197757043521,0.6006949258731236,135.30928596121902,0.5741387344385966,1.374207637300623,0.9361369496023879,1.2195656074824044,1.3667330011681003,0.4164176477077275,0.5038505402287533,1.1839336497674475,0.42719904730244185,0.18881555821259022,1.6200926983482227,17.93325228312776,284.1824129635959,0.06310472240738217,low,0.9026376212107683,0.08757091111594331,17.201889216946356,0.09736237878923171,165.37562130151892,14.79259362240481,0.08944845380465363,2.414092754759214,0.108439515703655,0.9050054595196112,0.0912667100557102,17.866870186527933,0.0949945404803888,165.18040251319576,0.08944631536334148,0.10856767516167741,17.53134263741838,0.01913872519914209
2.0,0.13608566025591454,0.5059738539694982,139.29877895732267,0.736397754746609,1.487255910640231,1.0868787503524275,1.8820508094633288,1.4568788318919115,0.4061678298596408,1.2416729611013475,0.04486643758161446,0.7557692125099716,0.3840290413537148,1.3090675850780404,12.114368575996263,242.93936404082197,0.04986581167620346,low,0.9315515521709392,0.07543894721057613,17.14303472622656,0.06844844782906079,164.4738228451018,12.573084162037555,0.07644428727043476,2.5711930744424856,0.07365529885813704,0.9314899250773433,0.07789935939322402,17.32457183879666,0.0685100749226567,164.05412042343713,0.07644044741131308,0.07384373245077959,17.028832197326455,0.017366994873355877
3.0,0.13569945168348893,1.3569239404842866,168.6905204198526,0.9126491015830431,1.2006794703047659,1.0554299042838118,1.0299429171311945,0.7537734898889419,0.485149200771068,0.16741403770731042,0.43726185191218336,1.6972511622664594,0.8475982317887181,0.18867780240751905,39.567637897044186,305.7595197326369,0.12940770554468112,low,0.8063566177138718,0.07177882395341725,11.640751192885455,0.1936433822861282,165.0254887029125,13.216674066830866,0.08008868309200536,2.524620719633456,0.23976682758550055,0.8064199487956901,0.07284183605387441,11.806103755954437,0.19358005120430988,164.70719205036008,0.0800864060474631,0.2402301769855088,11.623459729196247,0.01571339609835942
4.0,0.14761545467306056,1.2384436713333735,132.85926559942305,0.5234791368565652,1.1036109820646347,1.1888777430373887,0.6944539162795751,1.0401968057321678,0.66035898551029,0.24288199870806393,0.4000865136366742,0.5886552073388392,1.3026705926084363,0.8235380042436754,24.035578304493487,372.7654632469899,0.06447909120960545,low,0.8729450154517563,0.07570068655788713,14.179000917046283,0.1270549845482437,164.44864876307932,11.785251914640055,0.07166524020284917,2.6357494438669646,0.14615856369316524,0.8733532936693778,0.08100470961163521,14.543457132273701,0.12664670633062225,164.25177108491914,0.07166440718886738,0.14633375424650336,14.195999313699478,0.024475756225130187
5.0,0.1324703957389229,0.6244663319050723,155.44399624758515,0.6879554040399903,0.7103271256894396,0.8396186319874365,1.9207528472918178,1.8844329223984126,0.7091681036782738,1.033398472860976,0.20750820524073033,1.0988369395404527,0.14939020956015792,1.3618669043202158,17.60740853603909,241.46729630835785,0.07291839849630871,low,0.90557197283649,0.08352496041487206,22.797128523853836,0.09442802716350995,169.77548271217685,16.529846138120085,0.09736297534870451,2.3293092704914264,0.10370996008822557,0.9061406554778167,0.08802151770756104,23.520661374861128,0.09385934452218325,169.33538638718483,0.09735514858015876,0.10397949838895343,22.790986586753487,0.032015936884967504
6.0,0.1037600820564439,1.336115494621061,95.90601003095526,0.6918772796987183,1.2200259883788829,0.8782787920478989,0.739102084952855,1.4174339818236144,0.3816361207954159,1.1318696508917505,1.9775901057783118,0.8348159116948753,1.7796440545476733,1.2375037231624448,37.88605087676357,360.3312591274178,0.10514228204488517,low,0.8146115329051659,0.09061000058807231,19.40901760172199,0.18538846709483414,165.62350500974873,15.932279221998545,0.0961957617130537,2.34136997931788,0.22874803231904534,0.8232413465335928,0.09404848426677397,20.85934689094615,0.17675865346640718,165.14963781785815,0.09619081192323997,0.2294043836689954,20.378896154651194,0.023575895997943883
7.0,0.10758946441769043,1.2004474167935304,98.25572511567002,0.5727914508547263,1.014503181237055,1.149767118959196,1.2880378390481135,1.392271005913217,0.4546377340368566,1.3546614962218435,1.3412456263855035,0.5322984848014377,1.6556294905929503,0.00047644700780949287,32.43483123602227,277.98170688748746,0.11667973263129217,low,0.8360756992539096,0.0684715183121463,18.61567715008921,0.16392430074609043,165.6054406728713,12.17231029538902,0.0735018743703813,2.6104443714506664,0.19585607274879577,0.840263347476733,0.07183601240537771,19.46740869077227,0.15973665252326696,165.12546296151203,0.07349888684253437,0.1964253765246507,19.033698873154833,0.02278641794786101
8.0,0.08903811976767986,1.107839766566678,167.951937930742,0.7093330653822503,1.331150666097419,0.9397453531214979,0.5085750966762415,0.9353796458308488,0.16914481268200013,0.11022919975386634,1.4661004393733386,0.9889965472710059,1.9032113146040617,0.9035290489811643,74.7068003635363,447.9167564400618,0.16678724180200039,low,0.6870208551878318,0.07602264236307132,15.828135269997052,0.31297914481216815,164.44466061467145,14.859345289832646,0.09036076473562878,2.403945124208444,0.4542975131226067,0.6896151550921357,0.0754058624439356,16.23339420231583,0.31038484490786433,164.1968323547386,0.0903589036453444,0.45498320090692246,16.12161149713877,0.006933717835645565
9.0,0.1213822716949564,0.6543765172718184,138.3728795419158,0.9872685708748337,1.0008569839943777,0.882897335596844,1.4371827244429887,1.4500041612390349,0.26440967758435224,0.32374645667057594,0.6098571687696227,1.2024908321875103,1.9568941395220343,0.7180501276794136,19.562226800815083,266.47293698178567,0.0734116830864225,low,0.8955587480242451,0.08553807324690339,18.689624297194474,0.10444125197575493,167.5731660559187,15.79328110730132,0.09424707713662907,2.3618354649478475,0.11673842096106977,0.8964492207359331,0.08579787943407674,19.034240276251424,0.10355077926406686,167.23049881671218,0.0942423751214699,0.11697762632554042,18.829696983781044,0.010862803190437049
10.0,0.13192838369391544,0.7927144455007593,90.64843882691122,0.5050708619217733,1.1582200330753245,0.9334428498647858,1.2804918438945863,1.5269434948188176,0.29241789154562364,0.04386873078396906,0.9480337492382817,0.7344498922163328,1.3004265755977293,0.6759036064284119,13.141675678009717,278.62488062328003,0.04716619581356829,low,0.9270253063636321,0.08832859996084122,18.654743260846956,0.07297469363636788,166.33810777776372,14.919599859203348,0.08969441854621012,2.4113467354184577,0.07900580242001834,0.9287606790481632,0.08965312380157928,19.26564543596569,0.07123932095183683,166.16360308414923,0.0896924653345023,0.0790887741604547,19.012348606313054,0.013322753274602262
11.0,0.11579910312212292,1.136738336347491,163.277538841465,0.9929727020713572,1.4484919325995678,1.0022331450770197,1.6330023573875863,1.2923969557801247,0.04205593887285604,0.6501164204401063,1.9266730136850245,1.2346878835471828,0.22070047042756122,1.282338426159768,44.058193706863605,254.52033766259092,0.17310284164902404,low,0.7882520862616272,0.06969017813037337,17.954365880370247,0.21174791373837276,165.07892017681428,13.701999414750102,0.08300272015393627,2.488881898783569,0.2668917004041057,0.7939518658144339,0.06914412420313466,18.65360023373963,0.2060481341855661,164.73162833362758,0.08299905508294543,0.2674543689790612,18.613166777478103,0.00217230397948471
12.0,0.1281500349124042,0.746376382747467,177.53054414067498,0.9431916636331821,1.0830171625716793,0.9453968991364958,0.8378243697791667,0.7816280588091512,0.3296598512668791,0.8921064240167076,1.8790245866750908,0.826552418057435,0.3969235542281393,1.5438124583404151,25.68287527052029,337.57034906147067,0.07608154964417063,low,0.8665698265850035,0.08517016501258327,11.583248036745603,0.13343017341499652,165.8692011283682,14.842109861542962,0.08948080632556055,2.4137311311629843,0.15483812001146616,0.8677105958381607,0.08849169703411737,11.803554444175912,0.13228940416183932,165.50919643606565,0.08947761549278628,0.1551749136818588,11.675547234130057,0.010963701099308044
13.0,0.16598853343863174,1.2430447220372995,82.71052209421921,0.5985675182832033,0.8530505608223413,0.9701905551684246,1.8095507899026786,0.6698557152907253,0.7214868809664482,1.3026700070293227,0.7230771956342333,1.9250805575338503,0.69788094588327,0.07660888550146115,11.877949316190069,246.02786409661263,0.04827887832869906,low,0.9339685561286618,0.07505057434472578,9.709887365501316,0.06603144387133819,167.9449084760238,14.362196925245176,0.08551731073940567,2.4590364587442815,0.07072527190001592,0.9337314940265045,0.07815692644435948,9.844331284198454,0.06626850597349554,167.30074375600944,0.08550968438244619,0.07099758823255928,9.646455112243366,0.020512838099867512
14.0,0.1436541216062444,1.322623130383572,143.25773631698024,0.8413694586080285,1.2733976736586996,1.1175426514206386,0.6424791719402471,1.4110868090388964,0.4800683335326132,0.3524505789901969,1.134604754850759,1.3339069559021521,1.7869423080887652,0.99488619045289,29.225916780740558,389.3899421517817,0.07505565402957552,low,0.8492355798682324,0.08079199090205866,18.200432638046674,0.1507644201317676,163.93869577796326,12.478681769104579,0.07611797635626898,2.5754708218225897,0.1782734493650225,0.8521357544809693,0.08334386925291645,18.94923638068491,0.14786424551903066,163.59136881599133,0.0761162555879886,0.17865194840208268,18.519205533440427,0.023220804287093607
15.0,0.13075857245288935,0.46953605473525334,152.86947368090804,0.5494731596824898,0.9803697428044582,1.0801333663718868,0.8102588982061365,1.1381734258006397,0.6714787593957195,0.10185086713107354,1.5416199429681041,1.2280661702537254,0.6583954246684569,0.3812929702295173,13.362862603052989,343.37843242015936,0.038915847186063605,low,0.9257611206065921,0.08349462773952596,14.894325674714533,0.0742388793934079,165.54953007185208,13.026574137896743,0.07868686871078961,2.5422789899479317,0.08071821525106847,0.927216476964213,0.08782528449149879,15.541495081106047,0.07278352303578695,165.3158748555378,0.0786854836324274,0.08083230128219811,15.140983259502944,0.02645216725616087
16.0,0.1336010075821652,1.0437043649515552,114.6322365894022,0.9044287926889882,1.0684120781597675,0.8748764187468867,1.2723545412723762,0.5015990464690503,0.15972469097762926,0.5823645086116712,1.5251993859983015,0.595489446737501,0.6779329038586169,1.1471194260667545,21.336094494671414,279.34486835718565,0.07637904580151411,low,0.8869466858314798,0.0835833569173378,7.792873230359223,0.11305331416852016,167.1244470955765,15.951481943678607,0.09544672979265652,2.3491869903438007,0.1276659092398945,0.8872685359624731,0.08490902733564223,7.841230241351388,0.11273146403752687,166.8591289666308,0.09544319816615975,0.12786890730406664,7.807587096709229,0.004309032256116524
17.0,0.12458555996498316,0.6689291344078013,132.44624627205758,0.980906790041481,1.1935306363382823,0.963945604503994,1.9453023967531382,1.3061917104318033,0.10833563089505444,0.14842348497985305,1.7106551318173242,0.2374593689971541,1.06201900285126,0.12617803376398512,18.16914438032402,240.4925675680713,0.075549712675346,low,0.9016536731252612,0.07593730211461457,16.799948453882934,0.09834632687473877,166.89526942949985,14.273787931070817,0.08552541950327942,2.458941643093615,0.10886554449644878,0.9045628206024269,0.076533703123648,17.383258621095777,0.09543717939757312,166.77412104215165,0.0855238896173857,0.1089446268209192,17.298790233531058,0.004882907210527945
18.0,0.15345882396869662,0.5818334994742651,155.65227197424508,0.8750531136096427,0.7127078160631893,1.1008114682202226,0.8223687949050416,0.703274914570481,0.501261462937722,0.8788437553507779,0.03938847863269776,1.4295979738037958,1.3303687405838038,1.2669772779525101,12.241103857737732,340.8032820688318,0.03591838606549982,low,0.9318057959098162,0.07880006623247848,10.17137291416654,0.06819420409018384,166.5041079358072,12.881832707053864,0.07736645579951837,2.559201979929127,0.0735183294243832,0.9316935866026629,0.08215895310700605,10.234639994131642,0.06830641339733712,166.02064277237818,0.07736375117131715,0.0737324205792941,10.093404312365204,0.013992868748298746
19.0,0.10748326026348481,1.1278940852780912,97.68222507051357,0.8966190740575788,1.1603395202089235,1.0068881016530735,1.2363047989173932,1.0149070396671513,0.1448361120368415,0.9680207287976446,1.0782636451843464,0.7053294811569236,0.03397407617926452,1.7210970483838082,30.356544045754767,282.6120123270133,0.10741420294134169,low,0.8453130286816458,0.07576461186643234,14.452540621463942,0.15468697131835418,165.74907173320108,13.842737967770768,0.08351623223599593,2.4827142679822978,0.183147596112142,0.8465277673730005,0.07704923542650864,14.625280542028538,0.1534722326269995,165.40570284547522,0.08351317041443725,0.18352779573818176,14.547492079174953,0.005347207781947558
20.0,0.12713526276189246,1.344550545009246,128.80799986210104,0.7788223230378388,1.174181796702972,1.1695431812730708,1.3727215459027124,0.6457514516176139,0.7303435196127128,0.17898325232916387,1.319068191444311,0.6394522632910676,1.4709461562691406,1.47177060045861,34.1065700877449,271.1281535389139,0.12579501480228877,low,0.8280480827600073,0.06464047537485357,9.864423413173368,0.1719519172399927,164.87115710329846,11.891239077972116,0.07212443514617765,2.6293623857799977,0.20686802159322354,0.8290012697426695,0.06810296841598355,10.135878141674125,0.17099873025733048,164.67173606678867,0.07212320355409159,0.20711854324479656,9.905274239017333,0.02328092055729592
21.0,0.13478837828587464,0.6080706130455202,96.34564866083359,0.7932365855120116,1.278722092261511,0.9976722467750295,0.7637699650499983,0.9050527199358394,0.610009019801599,1.2885295286788134,1.912669896552165,0.42019749280063684,0.18133566412999103,1.0477588015774375,10.264347611072099,354.0849933493147,0.028988372294405696,low,0.9419653260232214,0.09190786928705112,11.937870375289949,0.05803467397677864,164.69206101928734,13.985263775152164,0.08491765594890652,2.466073245579083,0.06232448332691655,0.9429165519886549,0.10022856695580594,12.315738677069914,0.05708344801134513,164.3092332705679,0.08491483387045008,0.06246969453122458,12.04969999289708,0.022078448785418342
22.0,0.13685455604163058,0.6474808518074963,178.5388268470985,0.8557201234253644,0.837863195934606,0.9585411440557937,1.2090820476215751,0.5776752111126183,0.44181944527564837,1.8859541256806995,1.2038395174450223,1.9156979079005174,0.0055406400688184755,0.9447650147697457,19.646772360793474,285.23699376739256,0.06887876674515504,low,0.8951105660305549,0.07890700350623807,8.870590459327817,0.10488943396944506,167.2316400234429,14.679252135106218,0.08777795955985629,2.432944839924362,0.11748238765128026,0.8950521286794489,0.0826017546101891,8.912285830105484,0.10494787132055106,166.47713684510512,0.08777040034141406,0.1180148381520603,8.806387758665108,0.012025142923802787
23.0,0.11421135210096818,0.7408898067791078,81.10539871128431,0.545506601298589,0.8627754628265512,0.8425099084901019,0.5907188289863077,0.8023603782401495,0.5709574638243552,1.7291726039212572,0.47685225771563905,0.5694561152808907,0.47818223967604384,1.1882098406598307,14.663409552521296,408.90521740063036,0.03586016741418739,low,0.9199746947197964,0.10192536586042779,11.599843310411897,0.08002530528020357,166.80392640484914,16.794913221613204,0.10068655806608734,2.2957429731120436,0.08790805989141881,0.9199627338884053,0.11196099457180682,11.7222816596574,0.08003726611159467,166.27168080129894,0.10068087951678276,0.08818945885345703,11.522061948018594,0.017377073004995986
24.0,0.11044562855936851,1.2689631071687786,129.62538570097865,0.6259992087480865,0.8927716946292025,0.9049614594238539,1.0845634870161034,0.7007315486311515,0.7964918077425438,1.9227411458694237,1.8237257964768008,0.14192761147637425,1.7369293952321725,0.8010196436873777,42.92320302954344,298.7974395520117,0.14365318221567888,low,0.7958087517721518,0.07599282380298199,11.586376169254203,0.20419124822784818,167.19450799997423,15.543121122174432,0.09296430431899612,2.3755396840352923,0.2567261541243332,0.7973550935368006,0.08413786543832914,11.922469235616628,0.20264490646319944,166.61665080362138,0.09295783449227747,0.257616527655053,11.623899530965133,0.025685846978987504
25.0,0.13216855986928713,0.40745090209439155,131.33191411799632,0.8520276352175187,1.2447015395880534,0.9210952464811355,1.2043470898881417,0.8653765129918947,0.11755737979841048,0.3353990973554763,1.9302071430500602,0.4823083851580254,0.5825223619077969,1.600575848867541,9.750780254866276,285.6719245426873,0.03413279155967334,low,0.9449242058403533,0.08961591424651741,11.613333420718249,0.055075794159646696,165.9849709511168,15.096258119226476,0.09094954821947332,2.397450341380829,0.058744958648924414,0.9456161315424014,0.09046380643384373,11.804676849811166,0.05438386845759857,165.80271703992875,0.0909474848794176,0.05880953237043809,11.75822934356921,0.0039502126455254576
26.0,0.08707002155005389,0.6956126404246878,91.1570529565079,0.5340344331998822,0.9210868988841105,0.8359055877764139,1.724066073111738,1.2647411302499139,0.12898141897804186,0.8299295300696942,0.7625728299372684,0.3972864382862067,0.1640898056835701,0.602022953152608,26.623832048629748,249.9376745167046,0.10652188430620267,low,0.8632816822874874,0.08081058851340385,17.50264612609389,0.13671831771251264,168.7937189308328,16.59373770254771,0.0983077913541758,2.3196519939916107,0.15772999266364576,0.8645756166801023,0.08167653774524503,17.752666229012608,0.1354243833198977,168.51415307378684,0.09830296948033189,0.157991667542441,17.66359883461162,0.005042426248181191
27.0,0.1296551501113064,0.5869332723035681,82.00835048095588,0.8373510117394738,0.9511247064862978,0.902899711284246,0.5712619315820954,1.4342066700731038,0.27350789323639346,1.6703706099808358,1.2615078671911066,1.069452961415138,1.5843075515615805,0.8636568490898946,9.114175540175685,417.133095625596,0.021849562251843594,low,0.9484966305401799,0.10404648984957321,17.8067931051068,0.05150336945982015,166.14810271578435,15.63537364703087,0.09410503876638904,2.3633436868914557,0.05485573046697105,0.9498407490266848,0.10733273371234921,18.31293015100695,0.050159250973315195,165.51438456139633,0.09409954665813296,0.055065760987044896,18.09205923154942,0.012208169154806204
28.0,0.13158598040829556,0.46417396813168216,161.21890866898693,0.7726294446881823,0.8738314024614924,1.1916671295464276,0.6216620160108784,0.5709494180813195,0.5409428766332837,0.08604423816946533,1.4534667142843325,1.2738443560489108,1.3616384123063376,1.8816711566773219,13.757123742586256,396.8684803761179,0.034664188321401675,low,0.9237626314763712,0.0768298092378766,8.32690360740835,0.07623736852362883,165.36801730069416,11.85175867809737,0.07166898939440583,2.635697129893282,0.08319095776283765,0.9238962992884225,0.07903288233188135,8.476442116131043,0.07610370071157746,165.10172003685827,0.0716679317408629,0.08332513882662781,8.35030669143573,0.015105484068588845
29.0,0.11490303023636492,1.0681638829448992,134.56253100272323,0.9690699068320894,1.196260915750626,0.915598148407538,1.1229748608162207,0.9672885701131972,0.5442359669487566,0.06668862500681158,0.3850814870366362,0.6058183688592919,1.4472485738113532,1.0944362843502753,34.65366715453311,294.2700725904038,0.11776143883570434,low,0.827476782317941,0.08076373309355141,14.24386798392558,0.17252321768205903,166.08484569117954,15.225265865452567,0.0916716140000072,2.389542500530883,0.20865038595374696,0.8279646119450161,0.08387673182828524,14.544160456750415,0.17203538805498386,165.91926316650296,0.09166977388512458,0.20885861287702037,14.2691173096577,0.019275414247702547
30.0,0.09251685881433068,1.077150777630727,125.38056450507139,0.868980923874562,0.8619212516409481,0.9876580889190583,0.6322628195351361,1.1598947085211353,0.4721105137139944,1.2091829205542448,1.1382361849610398,0.1506506061226501,0.2557282237311029,0.6541659109817732,50.224438440579426,393.01708881601076,0.12779199650550507,low,0.7685959340045884,0.0774584066935641,17.734946470612066,0.23140406599541163,166.16260692634347,14.318730488394802,0.08617300097332974,2.4513983641406427,0.302260775571744,0.7719305410447918,0.08399111367436354,18.393559938366117,0.22806945895520825,165.82850498103548,0.0861706950689766,0.3028697535826136,18.024105564035068,0.020497792415744096
31.0,0.11355971260299302,1.0564099039961448,131.76557429225164,0.9008689080890311,1.2161812643788594,0.8394140037801793,0.6632608855164014,1.2745037624597908,0.3381932277337468,1.1070275400992746,1.5058598424112504,0.8730199748531522,1.0763796016785383,0.8440538560323989,34.35864127469065,382.4291126701837,0.08984316344222043,low,0.8292728837770995,0.09602353487866257,17.773389284046587,0.1707271162229005,165.76550585833976,16.68704019141957,0.10066654160051859,2.2959417926551033,0.2072725631112478,0.8332207038969828,0.0994546158813739,18.467640910013593,0.16677929610301723,165.32234406818014,0.10066149455327349,0.20782817633241937,18.179928821939086,0.015825809379809177
32.0,0.10857684574597198,1.3484047150069434,127.90434529507593,0.6279987888802341,0.8349849162070275,0.8551101176826381,0.580449075308843,1.3522974297270078,0.21950945494407442,0.3629500098845775,1.4023295465258434,1.1243196915091997,1.6618137375665973,0.880306926933026,46.56732027145755,413.1858434084781,0.11270308751943567,low,0.7829154855883319,0.09011150905538112,19.83306456726537,0.2170845144116681,166.8032996926083,16.560578680530124,0.09928208081643833,2.3097901792357387,0.2791750544340168,0.7877133357458121,0.09017936141787784,20.716721370519824,0.21228666425418785,166.4752248857898,0.09927875636259471,0.27972522820380646,20.49421991489063,0.010856790673331828
33.0,0.12322304849513803,1.304030974621555,98.08863134163607,0.6359069466933895,0.8969191792337647,1.0816812332699128,1.7460002388365863,1.10973291946609,0.009304228344645527,0.6452931285881577,0.9390808036225994,1.1618827227585908,0.26818085204159564,0.9583593808705407,26.814691917906107,248.89840766659955,0.10773348117929504,low,0.8613797061366191,0.06712726734310262,15.55637586642466,0.13862029386338093,166.9487393928292,12.908834668669023,0.07732214520227448,2.5597748805587646,0.16061631861029702,0.8623205476408632,0.06648857727104603,15.670953346630101,0.1376794523591368,166.60310188477877,0.07731916380310767,0.1609495358402805,15.66554611044272,0.00034516742341821185
34.0,0.12672623042213882,1.0902575475648448,83.94929366272025,0.6220374731702991,1.3235222487480278,1.1229435869246651,0.6795843755281666,0.546621504628805,0.17786932033133657,1.153462480042235,1.0852593578159744,0.994241646064483,0.05821462505686129,0.18493825287462862,18.141084337217517,377.2476175206023,0.048088002401305535,low,0.9007906446351734,0.0811566265661721,7.829192763289486,0.09920935536482656,163.7208401913541,12.393300277771464,0.07569775639610929,2.5810067570742614,0.11080497947612855,0.9009759706701204,0.08485902277579,7.846404432810234,0.09902402932987964,163.30236317216736,0.07569565774104262,0.11108892721957507,7.805707507500218,0.005213739468320022
35.0,0.11385243028367514,1.1412242256631648,144.2744839310053,0.8911166752360473,1.19092953938227,1.0003786209321228,0.5240008262845154,1.0240757571675614,0.7509610131912486,1.654944154934113,0.9342104896683651,0.9680758671138666,0.34670563265553866,0.5064071375237706,40.432074805902985,439.6623346711298,0.09196165242616572,low,0.8034856772435871,0.08310083136711295,15.119118073902476,0.1965143227564129,164.70965988171687,14.007910044600404,0.08504607473939246,2.4645621135934164,0.24547482421455133,0.805141835447591,0.09340367468673623,15.594514886783664,0.194858164552409,164.1573585455801,0.08504259162709525,0.24630071514385735,15.143552856819225,0.02977914325840438
36.0,0.14277294090298578,0.4358290974037122,137.40285401582614,0.7525899920569332,0.8768251538140236,0.9131385559808767,0.9252000401885528,0.7971807470508125,0.663771319340694,0.7772940406525158,1.4454312452295068,0.08445506840200799,0.3391418733195175,0.43068129953094264,9.351263439824374,321.4850083208535,0.02908771232807061,low,0.9472528702489681,0.09203992111303214,11.170616565851569,0.05274712975103191,166.9356816256344,15.441143786497046,0.09249756334972743,2.3805729769758273,0.056017163908644016,0.9479000688878038,0.09937557474949112,11.476661914259251,0.05209993111219624,166.71139792062283,0.09249529216560107,0.05609252610476483,11.245366372849897,0.02056807521787635
37.0,0.13795910399975356,0.5968931242481879,115.66376306134887,0.6678427447030207,1.235268922211437,0.8259604071461132,0.8590902033765508,1.1450258886305171,0.06415883286359474,1.009970908633833,0.17545356249101185,1.7108471725794914,0.7387400596282899,1.5721271191665498,11.546312063048942,333.3384064002932,0.0346384090202418,low,0.9355024185901101,0.10333031060163642,14.925649362981318,0.06449758140988993,166.18085481086513,16.913812667260085,0.10177955027677613,2.2849460764127008,0.06948039878715336,0.9352619181085086,0.10222033708620186,14.8579494479444,0.06473808189149144,165.65657146898025,0.10177261200294131,0.06970029598379698,14.824483826001808,0.002257456133743648
38.0,0.10116380103295942,1.262248261564194,126.33171094539438,0.7125897746918037,0.7054265633966007,1.0562918293388588,0.7296700903199301,1.9601438564528595,0.0033899011533003102,1.8291874633672018,1.8046080784546517,0.7203452529022166,0.6311787196980675,1.7865834517172623,49.59718284900739,362.87081475269713,0.1366799996930278,low,0.7714439237466457,0.0752855546499957,25.71062012642282,0.22855607625335428,166.57777274663616,13.43630799547746,0.08066086953818268,2.51750170930513,0.2977419017628746,0.8051934195665631,0.07399071684842505,32.012697285652976,0.1948065804334369,165.9860801790667,0.08065732417707401,0.2988032658853181,31.98634537111948,0.0008238488713777611
39.0,0.09449100039485066,1.1915442988445282,108.35429736878125,0.5991162641470068,0.7600729593662575,1.074761523549328,1.1316192627262227,1.5765553319956982,0.39219207595242817,0.16486289683380329,1.0264822555632598,1.3594884947666568,1.644241091483062,1.697370041544386,46.028366941492806,293.33026879664703,0.15691652665208666,low,0.7838909733013097,0.0688215791961482,21.89506428784465,0.21610902669869025,166.79579401425906,13.141829820188354,0.07878993530894962,2.540970014781488,0.275956400540639,0.7886482889480373,0.06966990164613535,23.042911699228437,0.2113517110519627,166.4820456089444,0.07878774837683883,0.2764764619099556,22.566405897373887,0.02111571528144863
40.0,0.11179806394035534,1.2895918997338325,94.40722410914151,0.9063186151348743,1.2892681210258368,0.8563469844164617,0.8811402435367572,0.9155477513218556,0.3834413342931114,0.07423569308701237,0.8554027592800785,0.33869441837128084,0.7207224642147619,0.36043664492582067,31.005524790531886,329.17358496999634,0.09419201967058806,low,0.8430341223832988,0.09032037955973354,13.421679275204323,0.15696587761670122,165.783381996091,16.284046722638468,0.09822484332610869,2.320496108589955,0.1870243230486332,0.8440734746980346,0.09316502647559892,13.695292062952863,0.15592652530196538,165.68430965567754,0.09822364744743368,0.1871361558313341,13.512555754198061,0.013523445311078866
41.0,0.12161910317731793,0.5527802530776382,148.15833937615668,0.5648945109975712,0.7262163588282708,0.8476252963712294,0.7889653634424342,1.1062669005722394,0.7761115001054844,1.2345362010843939,0.22153336243902158,0.3821194495000219,1.0067199782278453,1.3371642169641096,17.624838904020237,348.15632206584286,0.05062334872864108,low,0.9053955319638801,0.09672869436957357,15.394192288008847,0.09460446803611988,167.58982762727624,16.719370153191523,0.09976363356835595,2.304951555174664,0.10516651967217425,0.9055266635237261,0.10634292851695422,15.727668538628095,0.09447333647627387,167.1806333043964,0.0997588649027355,0.10542392713592352,15.321317217114341,0.0265219573327447
42.0,0.11557949875286351,1.0211388283233074,139.43206670700476,0.8706738080590926,1.2677598317715457,1.0717029950524135,0.7948301088342393,0.7122455845545762,0.09219258576429001,1.0288246436053183,0.13390392004971285,0.2827697118819384,1.9311215688768006,1.8653451956788638,33.92625866501356,346.7778845702787,0.09783282087626326,low,0.8291125357232818,0.07620040126039196,10.743003170280714,0.1708874642767182,164.36712440765916,13.01040126902105,0.07915452263284099,2.536353354264285,0.20640537934380673,0.8288265949875754,0.07823713631263485,10.711556372600004,0.17117340501242462,164.0006368606937,0.07915228517528261,0.2068666275596929,10.68022958298108,0.00293315694906447
43.0,0.14771528612689278,0.7896418908793998,110.63996369599757,0.6874475015393333,1.3771378388071909,1.1541751281992163,1.379490768755317,1.1237235977624918,0.5191347987372529,0.8000689093292895,0.1060671571034621,0.616621837525526,1.112543683727915,0.15319173656598412,12.74504730100301,270.6028152375103,0.04709872397231558,low,0.9281920011820987,0.07570642333449513,14.022300495138918,0.07180799881790134,163.99778690745606,11.962000755499176,0.07294001328352884,2.6181179114857867,0.07771475177402876,0.9282082054589994,0.07917828213786302,14.23607489251713,0.0717917945410006,163.67543055905276,0.07293791444903584,0.0778678098323664,13.95919451751415,0.019834982215885533
44.0,0.11654126713445269,0.4972244410031422,107.72249690708104,0.9094564818536133,1.424602680419145,1.1800045698479964,0.7188502122380885,1.8694490002093365,0.16372314570395424,1.1782164652005693,0.3536225614568039,0.26246704669103826,0.6221534029321633,0.05292564413768051,12.553057995969226,365.75910542438294,0.03432056183920334,low,0.9290881293071467,0.08584828714276745,20.57622666372024,0.07091187069285332,162.97053132573214,11.7358678545902,0.07201220833681587,2.6309196141062396,0.07702655132711816,0.9299506756373509,0.08844629571654038,20.831661916582,0.0700493243626491,162.63160828655427,0.07201069050606283,0.077187074076344,20.660435623077824,0.008287641975608474
45.0,0.139351306169662,0.8692418517971117,88.75013474545747,0.8587759414455294,1.2924713944609807,0.9089486268298599,0.911513241228391,1.3114333206187883,0.4337193489615776,1.9994823361605765,1.4280484290970257,0.023114420714880037,0.5233735162806531,1.7784680070079322,12.645549010727983,323.77177363025504,0.03905698408771453,low,0.9295515150579894,0.09620602072042361,16.450370270081734,0.07044848494201061,165.42731221455347,15.332506639034039,0.09268425167392137,2.378556705697611,0.07644172441324044,0.9316346927171496,0.10354132303633587,17.051284325177946,0.0683653072828504,164.91320371625082,0.09267891211945942,0.0766800275888514,16.72190206133197,0.01969765536467557
46.0,0.11750107102294505,1.1760631079580084,171.34536589122104,0.8022326774148794,0.984172417950934,0.8287991505837452,0.8043445455516047,0.6881158381596096,0.41878085900819084,1.6630067931939039,0.49964025016736907,0.41286368492065867,0.7982055537011564,1.6077762357274021,46.45895819476907,344.6743886437807,0.13479086269674706,low,0.7828480195598266,0.08462596476107834,11.567760631194933,0.21715198044017336,166.91401620987546,16.982053151372906,0.10174132488682015,2.2853217173917866,0.2783406645512153,0.7829228481583483,0.09067101605171395,11.641070062710833,0.21707715184165166,166.40722465906538,0.10173492084068383,0.27918834828207756,11.493037631922096,0.012880183249167686
47.0,0.13441844805045042,0.959813885120153,170.6498599417447,0.968651458486729,1.1224232368359186,0.8031863179010356,0.6523842243925102,0.9547851146054314,0.32091547820803434,0.8179419418221988,1.81849089334849,0.01663097008615005,1.9475506583351117,1.944777061795192,28.855283002604903,386.0272956292089,0.07474933334849278,low,0.853255295339434,0.09964774039205795,14.01618641896929,0.146744704660566,166.32723589902793,17.488344639535793,0.10514420290223798,2.2524225100485475,0.17348501492637108,0.8555288659174416,0.10451227251182926,14.40465929678874,0.1444711340825584,166.0370320893593,0.10514049496797442,0.17378823651265526,14.237200138761361,0.011762084988288136
48.0,0.09143127820510044,0.563208177126131,174.82817557249956,0.9326158234028403,1.110778006020788,1.0099672320181015,1.4221451716511158,0.7477794332524169,0.2315311205557253,0.5171098700149112,1.225972727667629,1.7757773222490532,1.282207725082692,1.7097125686386698,37.492199731840536,267.51604969349137,0.14014934720663497,low,0.8154665595818762,0.06971080685947513,11.620910671801072,0.1845334404181238,166.17006959295935,13.788633901573709,0.08297904631892829,2.4891671570462273,0.2256254680742403,0.8158294751479609,0.06962263790269294,11.730651933721491,0.1841705248520391,165.72854205828153,0.08297486469062867,0.22622657066913493,11.644031309631938,0.007439057984832173
49.0,0.09929124506176179,1.0623974113860144,142.98589308086412,0.5584921377965018,1.2604725009248574,0.9784201545806591,1.7061322857426011,0.7287109256776314,0.18562563630553638,0.4930084287130081,1.9020153399087443,0.9266154187205914,1.6138184284624462,0.456462428179015,49.04654394389156,250.78392081069617,0.19557292104430513,low,0.7706127747068993,0.06546884867251375,11.801718720330042,0.22938722529310074,166.1771322943866,14.10063617296739,0.084853047939158,2.4668343664484422,0.2951461688302845,0.7720177991126135,0.0658066348533102,11.986164927764595,0.22798220088738652,165.84979351220454,0.0848493131931683,0.29572870068290025,11.911994289557825,0.006226550853184043
50.0,0.1330831342441136,1.300602575498507,95.50912611283587,0.6156290045772878,1.1836132608754737,0.8758009155523403,1.6735883465330859,0.8961102823053392,0.10026612534086154,0.9767688274412065,0.6290647168304758,0.784534524181452,0.5121893472938721,0.47014060948965825,22.325107951956053,252.4179231834707,0.08844501876251071,low,0.8820996296458935,0.08036093913172095,12.794259481482447,0.1179003703541065,167.37336873358637,15.7651817530346,0.09419169771344302,2.3624232359607342,0.1333850666977472,0.8822308636408053,0.08077966310044678,12.82335786908545,0.11776913635919473,166.99214800581112,0.09418590756324484,0.13368956695604137,12.781048124597586,0.0033103501430714432
51.0,0.15609143474158416,1.1671150831361023,88.14604323344994,0.509584696664462,1.240301290670186,1.0341223915106788,1.9135159772747687,0.5334858209096566,0.5224763210372412,1.9443795168427125,1.3748478421486174,1.4457500847929339,1.1942335334651875,1.935042439686576,13.440285249624237,241.70924768772318,0.05560517596326494,low,0.925051273344226,0.07236681067916,7.64593579923735,0.07494872665577401,166.06358280647245,13.313163584354282,0.08016907355220203,2.523617455034936,0.08093457350783108,0.9251150769399973,0.07564951252281979,7.705461482868069,0.07488492306000272,165.3258311504245,0.08016137438553801,0.08129573676478521,7.59165172291789,0.014991435869826191
52.0,0.10690562982146398,1.3133834923261691,86.80680967291484,0.6091056111747083,1.1401183625302647,0.9519742905677613,1.028805717860833,0.6293321896624684,0.4491640529058512,1.431749981574323,0.2722477898015829,0.11192302041291084,0.9407085972142445,0.10669498154607426,31.75369895820314,305.9173072741332,0.10379830824592273,low,0.8395538769096891,0.07902768982654264,9.83203566430709,0.16044612309031092,165.89886881300498,14.6855076149989,0.08852084236663396,2.4245172477280503,0.19140395100580662,0.8396741138797607,0.08453422253967006,9.89830380034564,0.16032588612023935,165.49312233464718,0.0885169654109032,0.1918732241572753,9.768357227440774,0.013302807204862214
53.0,0.12516811789189553,0.7676561175199937,140.19553134010786,0.8789194169708094,1.498128074777072,0.9266183933622061,1.4876732771590515,0.9880726052559782,0.5908397836044009,0.8374684796322764,1.325207040370196,0.9465446046208922,0.6083798417527563,0.5765361697111111,21.86570927950721,263.06328742099527,0.08311957739855301,low,0.88335756351921,0.08213287633373428,13.391330737000578,0.11664243648078998,165.3514461995703,14.82501604481824,0.08965761343825951,2.4117571585183244,0.13223778673889844,0.8847098208311821,0.08577302591492716,13.788228173521912,0.1152901791688179,164.98560239295233,0.08965304028990101,0.1325310145998609,13.483685448517136,0.02258601523801253
54.0,0.10710451168065604,1.1601649683435,128.0166372820181,0.9271199008239064,0.920605368839962,1.0261766696217416,1.0539387872386374,1.2336723806791716,0.14901820142886074,1.0437349473176278,1.703307136593528,1.884163089422592,1.9169811778000119,1.654206051803638,41.21172175838476,302.62251823543176,0.13618194045402535,low,0.8015561717290447,0.07291577455311361,17.864109430597345,0.1984438282709553,166.3367533462525,13.709107190756626,0.08241778750015195,2.4959539976425043,0.24776076801617605,0.8050933468364077,0.07206501603964155,18.420001802671656,0.19490665316359235,165.72024358525738,0.08241300949300133,0.24868248360486353,18.29497137092683,0.0068341419732154155
55.0,0.11221628064117486,0.8312546888787978,177.94331893541872,0.5825637252858917,1.0263076450362594,1.0130376956180525,1.0184594244740168,0.6309710057170562,0.3141420787710838,0.056707905546286484,0.6445324723143523,1.1976840044451549,0.40769138825903894,0.6378525870649812,37.389889507814694,307.3362310968479,0.12165792940967111,low,0.8162265303178865,0.07309070822209385,10.135244659349882,0.1837734696821135,165.95630766903668,13.848365245035637,0.08344585053466695,2.4835573540810088,0.22529959862918011,0.8162773456168377,0.07361097442361295,10.23850653409087,0.18372265438316226,165.75012554222084,0.08344421702637939,0.22557985633797012,10.143838565179545,0.009332558705763478
56.0,0.09659729221989324,0.69036686780674,117.29580349225492,0.6033829795673145,1.0913819518562968,0.869808913150738,0.5126980542828038,1.3192998745972122,0.6509091025577828,1.4384153138019753,0.09428950730627624,0.005377087989917442,0.5885658870007645,0.04056639952565461,27.623750143072634,445.6807139241732,0.06198103099379898,low,0.8583306467588753,0.09939440582260473,17.889577062613842,0.14166935324112473,165.73353012330358,16.177079796643223,0.0976089737822376,2.3267858452995864,0.16667568791011042,0.8586851814425489,0.11156782033657175,18.244375646433962,0.1413148185574511,165.35778536290474,0.09760546840870234,0.1670544273585171,17.782038143388732,0.026000253700789906
57.0,0.11076626321014559,0.8800653363852319,111.68057293353343,0.5938646527819518,1.249523397390587,0.8220135722034146,0.5624964367123312,1.6536467138519366,0.4375517028479823,0.41383258178694726,0.8168112699351987,1.7221024291487625,0.16988451095390913,1.6870946959939876,25.499265257507226,421.0028109039635,0.06056792163158255,low,0.8677492224744071,0.10632678239639111,20.83529722617636,0.1322507775255929,165.57062947797382,17.041687316465183,0.10292699478280519,2.2737353305782935,0.15400838504935105,0.8705972327069332,0.1085588016648103,21.68100866846801,0.12940276729306677,165.21426362125666,0.102922933211247,0.1543405799148353,21.214988741617862,0.021966541322548404
58.0,0.11503390649889095,1.0271955527025827,106.49904014394494,0.7236312427576377,0.9560878760138177,0.9284136669865655,0.9479760511169054,1.0907700907688702,0.7859027271078011,0.9959028887106286,0.8329173021776731,1.3852913534969629,1.423983480181085,1.8155751709985786,26.314626752056324,317.76961719388146,0.08281039258703239,low,0.8640911611169121,0.08501093646223669,15.435780749036725,0.1359088388830879,166.60326721955767,15.15118103541302,0.09094168012591299,2.3975368556524277,0.15794784334797984,0.8650301015126041,0.09081491650010287,15.927115439038936,0.13496989848739593,166.09301958811326,0.0909366721203033,0.15843306851373284,15.472106737404026,0.02940832230267129
59.0,0.1400409689811701,0.7559950449964133,95.1040032550609,0.5261024858574465,1.009663389663333,0.8834987124227843,1.7609695359356516,0.6636793811837216,0.7811196461022057,0.2324671901632823,1.579592768953708,0.49915408195186156,1.6667432076004773,0.7736956457694476,11.669645422810868,248.19454866534673,0.04701813752785377,low,0.9349349391561791,0.08132251195807871,9.574155357112604,0.06506506084382091,168.06646773525415,15.67795349992253,0.0932842446871624,2.3721040526215016,0.06943470390056283,0.9354778993936155,0.08537345125594413,9.847216573453514,0.06452210060638452,167.8578164358667,0.09328109916369437,0.06952101290599999,9.627574830206022,0.022813818341704973
60.0,0.137182822366832,0.8219623045871158,175.35891548149536,0.5064730241119686,1.2251020953083107,1.0784101240135788,1.7900517346780065,1.9149970482406138,0.19252909852248,1.1164865165124016,1.2535724853091037,0.24236197479698784,1.7163163123907499,1.000692796189746,24.379815347872146,246.86056036807656,0.09875945882777347,low,0.8714539121340826,0.07208643948622824,22.48217718293335,0.12854608786591737,165.65043998820502,12.805169712360401,0.07730235858879808,2.5600308117093817,0.14717627885327733,0.8790834277128418,0.07375378314510049,23.92308633292881,0.12091657228715824,165.2683782735241,0.07729893518045751,0.14751651587893494,23.603495546462995,0.013539976985049051
61.0,0.1419199345574732,0.6733400888063332,165.4464341458371,0.5875631266403633,1.3934097692258651,0.9832519475388495,1.5754199048149584,0.6492306881469434,0.6864973527513129,0.5976187997900819,0.8396765858928251,1.1733911404338533,0.5682128658407117,1.4494773857416472,17.605777381704126,257.7221117477266,0.06831302623710334,low,0.9038695639189803,0.07789599830139271,9.20956312509294,0.09613043608101968,165.405550890792,14.003133796257865,0.08465939456592572,2.4691191952741827,0.10644006375171915,0.9041093739912643,0.0813599873100584,9.393331284634321,0.09589062600873566,165.06681678826834,0.08465570784865653,0.10665848972108734,9.198129123727812,0.021221941797159524
62.0,0.12419882653748678,1.2320294212236353,96.81328480218491,0.5889349240829163,0.9690473986309776,1.023345743493655,0.8645346721596091,0.6793618544640934,0.30250589571836595,1.5741845263140355,1.755736049379017,0.30722893311125404,1.4513853468537443,1.3759428935429305,24.613375478167665,332.3117748119317,0.0740671181215211,low,0.8713450450740479,0.07913885558548697,10.263093274999344,0.12865495492595214,165.92128162650104,13.751408900721138,0.08287911451694543,2.4903721844452016,0.14834369188139396,0.8720584135611683,0.08423344926711882,10.377526915342772,0.1279415864388317,165.42476125007448,0.08287557134452969,0.14878894363921338,10.282696902652704,0.009222289987522983
63.0,0.09776520155887328,1.147603476140119,148.58929174984198,0.9919753539738734,0.8146535643010735,0.8973033382356633,1.9829622070657789,1.226933347014796,0.6336467175401066,1.0939351998250677,1.8571187255481238,0.6531895810319435,0.921038497652698,0.7618956059366956,56.7885650659054,239.12588671191483,0.23748397066822383,low,0.7468335359594866,0.06465123809922772,19.070096818100566,0.25316646404051335,168.95094136793293,15.447713014802813,0.09143312780460663,2.392147417562588,0.33612458507842286,0.7544876082891891,0.06789351833054975,20.604342792378638,0.24551239171081085,168.52856525612177,0.09142670428959762,0.3369670001023317,19.90084747506725,0.03535001804283777
64.0,0.10935831615979194,0.4897379911241101,170.0583957249878,0.6608803348759434,1.0492328407888205,0.891244575776684,0.5755036598812984,0.6920493263883939,0.491279373634663,1.4197780201668435,1.7916934705096217,1.684671947250754,0.04923078459022728,0.9487913641576456,22.167074014724296,415.2815462208322,0.053378422943302715,low,0.8830357617305303,0.09482446288411024,10.380226632648093,0.11696423826946967,165.87433517079555,15.797428706862467,0.09523732945543596,2.351383297913727,0.1336377565094658,0.8836331219377763,0.10085701820590483,10.54421369141311,0.11636687806222368,165.27818273904265,0.09523193274123526,0.13411978306733832,10.387581020851224,0.015078839842257283
65.0,0.0947839977427638,0.8505976529562993,154.56078829071714,0.5434989188711881,1.4508117256058313,1.0113387625336394,0.5210853942367607,1.2576516064197811,0.328865426539648,0.7584122262389533,0.8702049189012904,1.0260291887008712,1.502202801164156,0.3437584909124843,46.58044005443543,441.16333485960064,0.10558547452557351,low,0.7786239047897058,0.08286215704116141,17.740579389387264,0.22137609521029422,163.56238015067407,13.738400619390841,0.08399486854333492,2.4769995707746406,0.2847870030475554,0.7807469698697159,0.08517065610395494,18.179661048123776,0.21925303013028408,163.17741018166336,0.0839924926765214,0.2854588757265972,17.912287218133372,0.014926839143117947
66.0,0.14379940440427894,0.4839408062069269,120.42161704501541,0.7848173354888954,1.3911126418796322,0.8243453127965031,0.6695067421097233,0.5558157426550625,0.17085648369746942,1.0720930347849282,0.9632684978985341,1.1087932691353817,1.5411973355896584,1.8101096135932508,8.970830503639128,380.40558427501765,0.023582278690087752,low,0.9490381157667755,0.10713975325224057,7.879335409695432,0.05096188423322445,165.25966588692745,16.908859154968336,0.10231691480326223,2.2796802745971223,0.05428324240820548,0.9491069635888701,0.10983821187911223,7.883533952970915,0.050893036411129855,164.77748669230056,0.10231106976921481,0.054442088441310724,7.846142982217502,0.004765522478771533
67.0,0.10524936076188313,1.2845912868688423,173.00475397911055,0.9822928313871808,0.8811400409250149,1.06307311992635,0.6739014488397508,1.571533728144117,0.3448406333214393,0.9063676244043072,1.2383066758481165,1.3305835326823978,1.8502211234396633,0.6800302976695781,63.86077766775799,379.05665472899193,0.168472909975464,low,0.7221885087148139,0.07062794892479543,22.893347984678478,0.2778114912851861,165.84245436775024,13.288323110343315,0.08012618458285052,2.524152579665246,0.38506893733102143,0.7300804282586706,0.0714970497654893,24.507104281951214,0.2699195717413294,165.347062328669,0.08012334641446504,0.3862226323732235,23.959993971983117,0.022834325860342203
68.0,0.1134872265358867,0.7383830841839409,146.05433013440506,0.8874014974442601,1.4765235288485372,0.9652207067769354,0.7039665292017683,0.9008993211158348,0.7125970849247583,1.619781247495936,1.4070692572142285,0.053383633830918376,0.276589528413621,0.2658037669262916,26.65338288061305,369.95570543128116,0.07204479479385645,low,0.860951323191666,0.08893500389260349,12.622743694828673,0.139048676808334,163.98363998574968,14.376205465313685,0.08766853490118277,2.4341922250396717,0.16253684137594007,0.8627414755777038,0.10001872610516276,13.026607679867352,0.13725852442229625,163.57623840143106,0.08766531094632511,0.16294165424689133,12.683126357185097,0.02708175516107429
69.0,0.12878168205469914,0.7090093648805326,159.67987989532642,0.7761196999637832,0.9140637271102355,1.0953221238355253,1.3474994844685044,1.918127437399628,0.12944726314696672,0.7886498716158749,1.6256972555717246,1.2667119879411384,1.8952218683470232,0.04880436296432289,21.729218632239405,273.0948675826414,0.07956655804109505,low,0.8846533013002185,0.07524973413163442,22.793942350462608,0.11534669869978154,166.35816127127532,12.808783460134835,0.07699522140815161,2.5640119186886268,0.13061708825217305,0.8944623090280245,0.07436837644590834,24.844009405425354,0.10553769097197552,165.89526251697717,0.07699185453649195,0.13098155006093506,24.57424194783151,0.010977651240129036
70.0,0.12030264568337004,0.980524695462819,125.14443062472402,0.8473574709928238,1.061558273625581,0.975740680734247,1.522618497916952,1.9328271766226388,0.5869175952268129,0.4025596846134334,0.011771460909424788,1.8014773304179574,0.5952640901050722,1.0936791440125597,26.987946060459894,260.8909128367834,0.10344532803771471,low,0.8607585922700772,0.07826021735293576,23.294633139691676,0.13924140772992277,166.7392781945379,14.267513833110526,0.08556780374486417,2.4584461910628788,0.16185716018857024,0.8603018418707578,0.0803297613475577,23.790451109563847,0.13969815812924224,166.35175652208613,0.08556363483133664,0.16223421155686302,23.158648558625607,0.027281494830704186
71.0,0.12795245059995944,0.8608568281351898,92.23042046857333,0.8005876510531628,1.4584532844685558,1.1321924011501487,0.9793029397738925,0.788325214131673,0.5124372531337766,1.255467504916134,0.9840438166248641,0.07672233848554064,0.3085929263252259,0.4118895255627355,15.43682668524626,312.911900926153,0.04933282064234859,low,0.9141202681735128,0.07972033436180985,10.488643025061167,0.08587973182648723,163.33554169049805,12.205458483180053,0.07472628649499927,2.593923354566903,0.09450990596092834,0.9147443565450956,0.08615861676015518,10.676039778609994,0.08525564345490444,163.01332627329668,0.07472441558580174,0.09469671614065442,10.489410779816438,0.017792133677581187
72.0,0.1510659471751885,0.864505454914916,118.20455442838505,0.6057528974843821,0.81786061837349,1.0927695832613942,1.0414314020884632,0.7851114036641775,0.5267440710720063,1.5556430064660451,1.2767217799837514,0.5090456732061942,1.3759259589398818,1.4588362516877604,14.253414648454976,304.2578730229923,0.0468464940835824,low,0.9213530686249892,0.07661926313666045,11.174595574015484,0.07864693137501078,166.39653646604154,12.915084133043091,0.07761630384463454,2.555977772770456,0.08565932291123039,0.9217869622189545,0.08222433124042591,11.358033993476708,0.07821303778104549,165.87543122775566,0.07761296538047945,0.0859284255839208,11.174093201205674,0.01646136191625709
73.0,0.1025296958952791,1.2909057530141506,130.54602578722717,0.9192587041230429,0.9994605832101777,0.8988434981623034,1.5820703245593868,1.5164566314372427,0.7692653554651385,1.1676111814812835,0.9045288772039678,1.5787359790326676,0.67388727078589,0.3315435793942681,51.02805091728965,257.3695093677002,0.1982676620966262,low,0.7658026953107906,0.0720010672357716,21.548098212166813,0.2341973046892094,167.6745711169696,15.477620277320362,0.0923074988307153,2.382629896670363,0.3043279048061052,0.7704742581783222,0.07553195832045731,22.888628818439788,0.22952574182167784,167.11927530792934,0.09229988984904117,0.30533911078340176,21.975524762082497,0.04155095572201304
74.0,0.11032987383432098,0.9718156219304176,108.98351373361443,0.859937251621077,1.4634800615506127,1.0416458629354208,1.737742920247238,1.0563775727118752,0.7716316819358585,0.427627319188735,1.948543996531279,1.3442518300941746,1.2632255285434697,1.2110909994696353,27.6954589351884,249.24572908966803,0.11111708528102703,low,0.8557634263967344,0.07161360474079605,14.309789548868226,0.14423657360326558,164.80350200598986,13.15747438166081,0.07983734703151268,2.527763876094227,0.1680513981686008,0.8586467739421878,0.07511665553596654,15.029141340164427,0.1413532260578122,164.45292981766355,0.07983390354984365,0.16840964138428924,14.551809287614903,0.03280224768721944
75.0,0.1229103064960512,0.6818872356121279,103.49244733419177,0.9616303543837292,1.2843041520076381,0.8126440234196258,1.8674352036030573,0.9758133375477815,0.3911616952527131,1.1425156184637353,0.5944643898346736,0.7931302495420985,0.9053302493263153,0.10264517685775765,14.869444419920475,243.54858822643067,0.061053297529674595,low,0.9184933002975546,0.08592588692352869,13.27293648821267,0.0815066997024454,168.0683122079603,16.82605810296218,0.10011439921013995,2.3014417547529837,0.08847262297441104,0.9186889446697647,0.08797330318253581,13.42626047405398,0.0813110553302353,167.62586287472055,0.100105762141006,0.08870614692097684,13.24667513711842,0.01355701223715715
76.0,0.15167223987122533,0.45968884621743644,105.82228672529185,0.8150631597108386,0.9453046007020653,1.0055099317858456,1.4462156453609674,0.8725299248548625,0.7250105901529992,1.909744041462911,1.3811982235751472,0.4470097914331203,1.8764918115246036,1.6287316612805094,6.730991386021874,265.8560986383493,0.02531817558632804,low,0.9614212996038684,0.0807535321010933,11.73294671409638,0.03857870039613165,166.87378983053154,13.91313181714776,0.08337517731980092,2.484404647974387,0.0403358214184356,0.9616389708499893,0.08701394331036957,12.01910301968251,0.03836102915001072,166.25116831732927,0.08336919295161994,0.04048688171125633,11.737789964527595,0.023966441383349135
77.0,0.10810022148185257,0.4369387199576411,168.21707682285887,0.5226063911552679,1.4402096919337029,0.8807949064215193,0.9666810542750826,1.4753727385409354,0.3572986237568302,1.0790656136555592,1.0625889806689057,1.6560687506270366,1.7514156075213034,1.156547868856893,20.021083348701147,314.8176967414892,0.06359580022320456,low,0.8924861636654289,0.09535231857115573,18.42000730462355,0.10751383633457112,165.1641687919972,15.744180151639577,0.09532442942553308,2.350469158826493,0.12121929044982567,0.8945623187063804,0.0965500288938907,18.977696854622376,0.10543768129361963,164.59485703432733,0.0953177529587571,0.12163857188153589,18.662607663567393,0.0168834493407956
78.0,0.0986438977919784,1.1174690946733175,121.66494000429321,0.7812683437501844,1.4889065791003382,0.9378173249880898,0.5313785057601659,1.3552528687332472,0.4608341910646412,0.39533269836448653,1.0052173989868691,1.245241338110998,0.8600274970850704,0.27260656217436446,44.474456082331194,435.8505842172432,0.1020406021990407,low,0.7871663352234658,0.08897625766267125,18.731396934691357,0.2128336647765342,163.8545798758628,14.814831425236637,0.09041450923410527,2.403350524085543,0.27142638378509354,0.790538595155401,0.0919612554563074,19.47983749785295,0.20946140484459896,163.54949765631332,0.09041215081866773,0.2719326975604098,19.051445840424257,0.02248604441977377
79.0,0.14033930768203803,1.085723464551474,134.92069045543403,0.6803327466806682,0.9089070151994955,0.9907883138088001,1.5179117023557633,1.0111036923482142,0.6142574435204666,0.12655078501225134,1.5425050715639719,1.8212961632919507,1.2092297747728393,0.2156098458433696,23.67495960615961,261.1929143248332,0.09064166103953412,low,0.8759023188921625,0.07431665191183325,14.35295452139796,0.12409768110783748,167.20112429505912,14.117116949096292,0.0844319498963648,2.4718093957389744,0.14159569623694943,0.8773090142904764,0.07612489197189935,14.85618284837468,0.12269098570952364,166.84645662794603,0.08442832229124515,0.14189668803667096,14.531259275896275,0.022360317595968522
80.0,0.14971839362636877,1.054001266303178,149.4567379322276,0.695705258424535,0.7925087778522814,1.0366130220484016,0.6367156833371828,1.4377648563188747,0.7927673335586947,0.7159561869060402,0.25316123958305053,1.7292650170267423,0.35627284329363224,1.072905002243694,22.36950847287352,391.44302446266283,0.05714626925228859,low,0.8821724992655545,0.0854242158528791,18.85043394497683,0.11782750073444548,166.2225841400537,13.666744104154985,0.08221953818645868,2.4983623143311626,0.13457562694384362,0.8824099213427226,0.09208886560774865,19.410626705744242,0.11759007865727744,165.77849267226148,0.08221687238608712,0.13493613141420757,18.80813284821991,0.032033687893764325
81.0,0.11634836883662934,1.392181937672623,103.16452316375315,0.8201296622548295,1.229985350843827,0.8061812853625935,0.7350240584916324,1.1756128672600414,0.7175248494010227,0.7672253043111764,0.030039089583786874,0.19953027375088864,1.822229991839212,0.6279723423876173,33.771931469955454,361.40265409446715,0.09344682748546665,low,0.8318951694307734,0.09710387199195973,16.72042159006866,0.16810483056922665,166.1090852363128,17.357290526533017,0.10449332438282895,2.258632091121811,0.2033117660115356,0.8319956512371445,0.10554412649295859,17.091620874289283,0.16800434876285553,165.8173998100521,0.1044894503130536,0.20366940688155782,16.636318100929408,0.027368001176560776
82.0,0.1301142285212485,0.44595855312056587,104.93370687734014,0.7475583148079165,0.9064507907132057,0.832143839076958,0.8904733390137084,1.8592622904008227,0.2999863754337064,0.7290636798718814,0.7081416589230843,1.747630303815941,1.199601304666335,0.4903640934078601,8.798528760200702,327.5037378316478,0.0268654300511329,low,0.9504199155347457,0.105399958952894,21.656795464466423,0.049580084465254304,167.31541552929437,16.930503632586973,0.10118914374403655,2.2907638031397295,0.0525864800464857,0.951551090519739,0.10524370608397363,22.330558674425646,0.04844890948026104,166.82566632265718,0.10118277920552546,0.05274085789163572,22.00912309157021,0.014604651967190378
83.0,0.11909712590922074,0.414934466146503,130.47703025471833,0.580048433632059,1.4454894231135211,0.8538034479308383,0.5963918403262727,1.2430550774032396,0.5540691194444132,0.383613125365635,0.3930559076417066,1.2526774310873952,1.9803226299946033,0.23491732273344487,12.14957647618159,406.55441547072445,0.029884256605882238,low,0.9321439693428974,0.10845239554229269,15.677433037890715,0.06785603065710255,164.6975702741852,16.305950160875078,0.09900540811700657,2.3125808028950607,0.07376900858922945,0.9323020648199313,0.11261846335145136,16.01074691220493,0.06769793518006872,164.34774402908735,0.0990017272886855,0.0739260313426102,15.674552472749285,0.021448423490248225
84.0,0.08196110630490658,0.6766823751414609,161.9024154582421,0.5770213425795053,0.9305027848850065,1.0166908667835572,0.6992824277907486,0.672740348465909,0.024846482746966016,1.9285888963947342,1.1670994960892538,1.6697306277842217,0.9907497011773673,1.7576988042980073,51.91258996569251,371.35942012156323,0.13979069104723155,low,0.7618046424056228,0.07199088998013924,11.451083225999893,0.23819535759437716,165.87966115907085,13.87490029999583,0.08364437329474918,2.481181118668241,0.31295331569257767,0.761757528040483,0.07369859287982843,11.398088211426925,0.23824247195951698,165.12158918311826,0.08363933634836002,0.314390082014787,11.389472262815206,0.0007564835677109768
85.0,0.12258514630574656,0.7833969906184662,111.82493583935855,0.8122827528851877,1.4336015108376547,1.112261452810984,0.6010689567500992,1.6222090212936522,0.3970956449973031,1.3311720395970534,0.07812392638657616,1.2887161302629038,1.8546773845412912,1.0314743936656872,18.556453788195135,404.69195345379876,0.04585328082218372,low,0.8987413723921049,0.08803499404462506,19.1212290468821,0.10125862760789506,163.1757740081441,12.470719785354195,0.07642506898561906,2.5714445085478896,0.11372064205602596,0.8983616749478234,0.09144231249526086,19.300900834790877,0.10163832505217663,162.6094581142163,0.07642226671840388,0.11411669409267171,18.959222775016265,0.01802173347658861
86.0,0.1253687184455235,0.7001259874540104,80.16311984136219,0.6712074066835779,1.3170095832348192,1.0289247691171395,1.3139643473505858,1.8264263460672683,0.30574884901896926,0.48650068612950087,1.5560950355901317,1.8621606780318316,1.181683390552122,0.738301401946106,11.366390271452238,275.7714352525306,0.04121670636787947,low,0.9358939773057459,0.08505497460688527,20.66237107515887,0.06410602269425414,165.04292623703492,13.465663409146945,0.08158885519157323,2.506062604874415,0.06886929679814212,0.9401217827278698,0.0848045995362434,22.088242182916808,0.05987821727213016,164.60772611172519,0.08158505729909221,0.06905137772049325,21.65498356144728,0.02000734012289274
87.0,0.11739070965591131,1.3701385826993855,115.25402458602267,0.9371167632385662,0.9712627010690678,1.1608566656037034,1.0003845431475709,1.5509994456944418,0.08219940160474387,1.713618337074143,0.4680663087273116,0.4629249432990834,1.5160210389452768,0.9728880859587853,36.47566907208013,309.8744464135279,0.1177111229862539,low,0.8194466385285316,0.07017695704716673,20.490692574934062,0.1805533614714684,165.44789763012045,12.102743318717744,0.07315138779082551,2.615224179845994,0.22046619869190517,0.8205753391935416,0.0713793268103947,20.620303373246315,0.17942466080645836,164.8987635213448,0.07314846554830108,0.22120037951260108,20.543555150702268,0.0037358783317221443
88.0,0.12081749009097004,1.3302760855444333,116.66387766016707,0.5122592372634179,1.3432762455520524,0.8065076009505024,0.7260270867400301,0.5956397939645128,0.23341740110288153,0.3120871490489689,0.6958610236262971,0.7113222939511991,1.313375101661069,0.8947335012789878,33.84298799655753,363.8015852021375,0.09302594978456044,low,0.8311981168722704,0.09451780769750977,9.474044578313856,0.1688018831277296,165.68934257745335,17.297742623294386,0.104398643595368,2.259538595999533,0.20425567191044436,0.8313718172611684,0.09571505166783868,9.536746159773706,0.16862818273883162,165.45558369992608,0.10439554515218587,0.2045442483097816,9.473139600095326,0.0067144117329106055
89.0,0.11115323113913474,1.3831040616624475,123.92867044893912,0.6487854016101366,1.3285242646154631,0.8157380831872181,1.1642737039971707,1.1543247133831804,0.7463989801326705,0.19237727529285434,0.9202856307520325,0.2572277821814088,0.5466806032543593,1.4115389820335495,44.160358540261726,289.74828560629237,0.15240938681606717,low,0.7901751880508456,0.08462522392522526,17.009347046863724,0.20982481194915437,166.53980066097176,17.003228564639816,0.10209708728578107,2.2818310822715246,0.2651639930214628,0.7931509952333061,0.09087105120657563,17.800605047703804,0.20684900476669388,166.4290404171412,0.10209535500381099,0.26534046239512815,17.248502640437167,0.03200871512013432
90.0,0.14491597549516452,1.1947302802695416,119.57388346740632,0.5840160638213154,0.9478445483730366,0.8009712172916484,0.58811588716371,0.583829930188033,0.47757500028699423,0.9423890873943481,0.4524097157080384,0.3181499730791856,1.1023467850560131,1.2070375282531545,21.653285560684022,409.9679689174226,0.05281701791938168,low,0.8859836098633547,0.10146617130562674,9.094304610268972,0.11401639013664533,166.78129486655848,17.62805692852575,0.10569564736039457,2.2471915661364745,0.1298304200000893,0.8861230846845229,0.10868849973570661,9.177012623493706,0.11387691531547706,166.45437347803784,0.10569161518562098,0.1300854108440772,9.059069541297053,0.013019337323661458
91.0,0.1268114570358852,1.3659828115374886,175.88498769524034,0.8817351030875278,0.7832321952582587,1.0883759609722161,0.998224013591843,0.8717314185900137,0.22808465565174987,1.5963522909445957,1.1041229518531692,0.18215418635906155,0.7438138154323067,0.8058708719818672,47.55620051428258,310.1974963600799,0.15330942729169847,low,0.777887153930844,0.06626462981388145,14.043911097750591,0.22211284606915604,166.49533166354246,12.985111477248417,0.07799084423273217,2.551163840813947,0.2856308344451677,0.7791040941914091,0.06965237643454385,14.204942874518748,0.22089590580859086,166.03824842103245,0.07798794723352082,0.286417141631678,14.094262369320647,0.007852876745009498
92.0,0.1186123909361603,0.8581829616232077,85.30574411866182,0.9715968031444582,0.8263986797807139,1.1377619678291573,0.9625301883742298,0.852527833490192,0.1972528977557662,0.3743327740748575,0.7513283053296375,1.5565419644974072,0.816379279927245,0.7039037652445367,16.563349660805834,315.50091022350455,0.05249857963665513,low,0.9097150812059166,0.07484016167535908,12.04112087564485,0.0902849187940834,166.09360272256654,12.409021524836689,0.07471101428008654,2.594127750857343,0.09972298384346762,0.9098391802471698,0.07468426922442159,12.120745002759199,0.09016081975283019,165.73850958150223,0.07470906531164245,0.09993663936419539,12.046846790647797,0.006134236899963785
93.0,0.11972992128545289,0.5509414470665106,86.23007526297714,0.6583660435755377,0.7297964537740297,1.1163830230283431,0.7123717064888387,1.3355011822915412,0.1054571183749611,0.6072035839111042,1.2396517628266606,0.21813333394584036,1.603310769413641,1.0826540471397663,10.548942956175186,367.6225365187612,0.028695038819081843,low,0.9408508079072867,0.08332187385273535,17.00082176745292,0.0591491920927133,166.26452069492555,12.704569914345955,0.0764117916513123,2.5716182537332437,0.06344674685906783,0.9420071151422639,0.0845669187677104,17.400107566045868,0.05799288485773613,166.01073263704728,0.0764105117533206,0.06354374074860906,17.324570409396152,0.0043601171552714365
94.0,0.1352392140750032,1.3791175339365274,144.73430090831772,0.714911105595027,1.432721720049107,0.8085542295656338,1.5532208828639622,1.6437012002878741,0.42308282535438757,0.6783585544131602,0.9063186761867508,0.22157083047322992,0.9326479034299427,1.9522695633090263,34.73902287406782,259.01535481303233,0.13411955016776453,low,0.8273487282790011,0.08556584660409174,21.225706582386774,0.17265127172099892,166.99245475547076,16.969642377577934,0.10161921628391417,2.286522625069139,0.2080274999546334,0.8322673611138922,0.0894208394820076,22.28552042883754,0.1677326388861078,166.75028904767825,0.10161477822960296,0.20832961113569656,21.774438587755302,0.023471642633745824
95.0,0.14584549820038667,1.182006867422925,153.89050129112582,0.7312458246039475,0.958508233107563,1.029359717712148,1.713993107995912,0.6599464101748662,0.15339649687937157,1.2076397895845707,1.8462564294567054,1.7825071577652853,0.5362644628284788,0.9120046269743328,27.220486617478517,250.4219451697612,0.10869848726326972,low,0.8595047044646041,0.06814437344313824,10.128028462227288,0.14049529553539586,167.00550547037312,13.535626012375227,0.08104898083600277,2.5127016053890396,0.1629915525288323,0.8598993088479491,0.06847805913754626,10.186778148131376,0.14010069115205093,166.41625610162922,0.08104318516890316,0.16356867565182548,10.139965601020712,0.0046166376645253365
96.0,0.10185170062866372,0.9339224953067929,103.97699424755596,0.6391463886275307,0.7333685157813241,1.1035982434376466,0.5692604658957257,1.7571794013468387,0.5044399778408176,0.8738275454430634,0.32314388754968437,1.8260397060901805,0.20071654386236185,1.8855792425593643,29.796252963813277,418.0315358629158,0.07127752431956307,low,0.8488433214610719,0.08078065489207878,22.363282994038766,0.1511566785389281,166.12962887532495,12.860721109238987,0.07741377138024279,2.5585905894038588,0.17935544168448378,0.8495937159980802,0.08398661618481916,22.926957603953394,0.1504062840019198,165.63814681595915,0.07741142051255417,0.1798876257467427,22.407665044930596,0.023174773363558478
97.0,0.12184229450616585,1.0945158446907497,110.18734009363169,0.6228007635723681,0.7487129743285518,0.867841269766487,1.3946632631148952,0.5052063536535161,0.4917397683500697,1.396708372351524,1.8874418844556822,0.16416648838489936,0.4531968838048532,1.9943939148311973,25.858762762371388,269.5216479313201,0.09594317547717263,low,0.8669159481808626,0.07873702235331974,8.2345102552809,0.1330840518191374,168.47527733375782,16.180884228270152,0.09604307815570484,2.3429584573752607,0.1534869873586491,0.8674948490164718,0.08368502185182876,8.350633186364032,0.13250515098352822,168.0708851314675,0.09603739199620026,0.15385628951822491,8.244661127398668,0.012853415965538859
98.0,0.12362719311543309,0.5365209363610315,140.48967499093789,0.5381998369157698,1.2961321876750516,1.1786252825557162,1.1071293215483546,1.6639353994318775,0.5603704732039995,0.47569368089482794,1.5840700365015428,1.3675751774835332,0.015237856226442898,1.7351739854515775,15.698320485579197,296.08331430667727,0.05301994312762652,low,0.9129993310267464,0.07772511647337058,19.368537497232772,0.08700066897325365,163.9843958005358,11.775484985916378,0.07180857012907263,2.633751448921786,0.09573057490588323,0.9178386442202536,0.08109193469142573,20.82669456066136,0.08216135577974637,163.67261073107926,0.07180687172312633,0.095912935068728,20.135640638464082,0.03431993720016993
99.0,0.11692383428928217,0.9958262136824689,137.03140230804115,0.5402178828589058,1.134270701713092,1.145771143907842,0.9043209600562221,1.7019042962333273,0.016428874903761225,0.024762237847640645,1.1216111456265103,0.07192558253194264,1.5793828658782825,1.575260675763265,31.772229150204108,325.03008600443036,0.09775165597984377,low,0.8385438417852417,0.07501554508370456,21.27434365350097,0.16145615821475834,164.70675712952243,12.205583404115474,0.07410493422875918,2.6022731601148554,0.192901795311403,0.8438884845272259,0.07506062346721404,22.093307544306683,0.15611151547277413,164.62156343574514,0.07410448326615014,0.19300162437471566,22.072254441661034,0.0009538265654418715
100.0,0.13380282909520488,1.249117730343118,170.38871575775437,0.6725052043431395,0.7843698446457972,1.0209533073006272,0.5006701859762411,1.7832988368705704,0.24986089784477952,0.9834218181606132,0.11947052791417195,0.2739580834389182,1.029214425467935,1.5596887623577933,37.841098703769575,452.40234915262613,0.0836447882612634,low,0.8156028817290135,0.08466973630982955,23.229829609217273,0.18439711827098648,166.12869358842264,13.890677994409547,0.08361396032417591,2.4815447833090443,0.22778183519289824,0.8158884340760534,0.08856217949217708,23.44911039945853,0.18411156592394662,165.80205565602563,0.08361208535854382,0.22823057623769782,23.185768370594253,0.01135791683308042
101.0,0.11147797021508574,0.516232870436694,133.88153120126918,0.552384311393068,1.0298772635582476,0.8927625518492956,1.4652582269191987,1.502722549204081,0.7023937975422663,0.11967213061270639,0.74652441693907,0.7442802540138239,1.9657464747619955,0.45869942501638583,17.702652619263908,264.566207364663,0.06691199452719063,low,0.9044971754629653,0.08559951582225107,19.01078263691581,0.09550282453703474,167.4314075941103,15.601536159001947,0.09318165798870555,2.3732043793550757,0.10573077580628683,0.9061840467369647,0.09015409822517215,19.87752226936508,0.09381595326303527,167.2066976745181,0.09317863808003132,0.10587286792616173,19.270493503745634,0.03150042657192238
102.0,0.11980570546064255,0.9292359304939765,120.83362839187406,0.8449981177305923,1.1697401297248897,0.8709664621820368,1.3434142075325077,0.9249980609633303,0.6911881033590802,1.9755456036739953,0.2897458880998995,0.9281819467085689,0.12899108223846317,0.8668208128400284,24.900549814450454,273.3987654312967,0.09107776977401091,low,0.8703407699103227,0.08395085960608892,13.29361674562056,0.12965923008967728,166.91607305933087,15.957910027642328,0.09560439408354662,2.3475364967640426,0.1491800601227868,0.8703549568626031,0.08963528950255846,13.486242705470511,0.1296450431373969,166.28716141804873,0.09559564323348026,0.14974427130817422,13.174490406161512,0.023663328880121032
103.0,0.1314660796139287,1.359823573728427,101.40621543080834,0.9521159018865477,1.3593835462554131,0.9198390603049064,1.653519899687723,0.5785840535740228,0.46529518279832116,0.9533423802022889,1.6790104030843522,1.97195221440676,0.9071347387180895,1.6360421202593987,25.396264605196713,253.44120983854148,0.10020574247327728,low,0.8671205975282995,0.07672209954143805,8.730284415080877,0.1328794024717005,166.23142328520626,14.95348220017811,0.0899558092246022,2.408436737851607,0.15277655754426095,0.8674980957722581,0.0783257308429564,8.839731455481774,0.13250190422774188,165.67132435093305,0.08994832820822292,0.1532930620594371,8.719969309708295,0.01373423936712051
104.0,0.13124506369078193,0.5235197479117185,152.12123153535038,0.5015414613285573,0.7531512547017405,0.942080821775664,0.6904774016722052,1.8141734925177477,0.21284535402435908,1.5297753362329594,1.7889630830995005,0.6915929376590809,1.0203817170754723,1.1318519902321862,14.716585997105268,373.9787913321898,0.039351391945735066,low,0.9195711081607492,0.09619145481217017,21.81875503586559,0.08042889183925084,166.82463733603913,15.050506675995408,0.09021752971462355,2.405531528061476,0.08821590283131425,0.9283478981664548,0.09833708080141297,24.186809370120187,0.0716521018335452,166.29513790065445,0.0902132039627847,0.08849679060308444,23.725720087456903,0.01943415335608923
105.0,0.14627674147974534,0.7492914382667836,146.2204494680522,0.7393636477675907,0.9934140533621938,0.9711401927827045,1.248958863517034,0.5497004488634151,0.26951976742931055,1.407762292626572,1.6728091400691276,1.6009553789111381,1.1766102915168348,0.12117147173155927,16.298906092537013,281.4534355394392,0.057909778437410825,low,0.9110897443230154,0.07989364949902143,8.226887187747646,0.08891025567698463,166.64737809082015,14.41967319370987,0.08652805317975887,2.4472866034059257,0.09780475564190616,0.9112479228082949,0.08189063762271155,8.260631591371768,0.08875207719170508,166.01301793723428,0.0865217955759143,0.09817848199530506,8.200031415229438,0.007390237070284985
106.0,0.12603519429519258,0.8145652532914154,154.2770493003364,0.7460075493694357,1.106707306426325,1.1994193893672787,1.150427673742309,1.1689785845044376,0.005645382206305607,0.22080023301146057,1.2891496804738938,1.623221636968344,0.7857900849050389,0.9336299871861873,25.182199567533605,291.24113255374874,0.08646512031704937,low,0.8676049532770301,0.06998202738389382,15.610628919183585,0.13239504672296987,164.81930586815818,11.644038387260428,0.07064729660113175,2.6500554352527597,0.15278671048206743,0.8688813715544244,0.06826680451461761,15.814244851938795,0.13111862844557565,164.49827883340632,0.07064561888685858,0.15308488177579402,15.810619865442257,0.00022927541914161923
107.0,0.14122526675300562,0.846290948243611,90.33466378094586,0.6659073129768855,1.40436020315422,1.0689553148596858,0.9872029949854816,1.6773718668459197,0.20028992280944863,1.9811232417740758,0.680213609546435,1.9976500368881058,0.829671529457367,1.6984772620921478,12.201112965574426,311.74872564995684,0.03913765145354369,low,0.9312941581625932,0.08706026645628462,19.26029128201189,0.0687058418374068,163.9953339004793,12.963695392627383,0.07904917221909749,2.5376851869931536,0.07439914706950555,0.9320988958196617,0.08718080135555135,19.495887997114192,0.06790110418033835,163.2094549078088,0.07904378084546596,0.07475739057192733,19.308759923015213,0.009691356402227068
108.0,0.12269868507613882,1.0074613347622297,106.8238011327466,0.8321699318617113,1.4267697665189598,0.8658287919746877,1.8324237401280814,1.719506430034317,0.5466663048365515,0.5660264228280038,0.7926699719888101,1.9617177147275828,1.4588528239696725,1.6592360105256885,22.754470040661715,244.99999300482656,0.09287539057282114,low,0.8797467532087702,0.08327328368523233,20.86548166150759,0.12025324679122984,166.8208118962346,15.774692865934929,0.0945607007100952,2.3585133151350615,0.13640066717104446,0.8822837989429108,0.08466647212377229,21.788497142462795,0.11771620105708924,166.33356842404658,0.09455265324381247,0.13680022773666495,21.18329310816496,0.02856987491074098
109.0,0.1275370025503336,1.153064181334658,141.58411421543025,0.7175296225610543,1.0566730788010665,1.0459230114179108,0.7794465835294773,0.5446182660878781,0.06795930932511435,0.7356095868369058,0.5456627444065022,1.4745430480476285,1.1322202771374126,1.9041313433307339,31.94815077975468,350.3412717504592,0.09119151340670671,low,0.8385098942759582,0.07624882785415406,8.647369110378229,0.16149010572404177,165.3623199690424,13.426534994709678,0.08119464577676021,2.510905972698407,0.19320091049602905,0.8381691147922976,0.07619020238433967,8.623981992541225,0.1618308852077024,164.9227199390875,0.08119182027639815,0.19371588578914054,8.607815921598712,0.0018780688492592605
110.0,0.09342905032952852,0.9081177842806128,89.07103423068241,0.8334829927585843,1.0980316003211639,1.164006298476214,1.6157200299779042,1.3754589976186886,0.6390972978180158,0.28153463616624436,0.5125147139366147,1.547570541468196,0.5031683059943224,1.829002343555726,29.49612291319735,255.48164825117416,0.11545300069537104,low,0.8483807234785418,0.06620746226138965,18.075034236050904,0.15161927652145823,165.48765476221104,11.94763745348738,0.07219654826007972,2.628363042258334,0.1782376030138338,0.8495117474509634,0.06874002749515934,18.66634315993633,0.15048825254903664,165.17330629200006,0.07219440691491308,0.17857681471274123,18.159591288844048,0.027905466760344576
111.0,0.10363028153769,0.6331843401994286,126.37557838930681,0.6341425698910182,0.9033718331068644,0.8956264574868203,1.6866091043670723,0.9380180481007165,0.24204734373114883,0.6571032940105223,1.9639635408061318,1.752292000977052,1.8064368060402243,0.9189141770589174,23.717564643354887,251.77933408665027,0.0941998068641823,low,0.8761274621436728,0.07724401302556579,13.625922734388604,0.12387253785632724,168.20510786317774,15.540319459975489,0.09238910552357527,2.3817462128749214,0.14100383124302826,0.877483427742101,0.07715147493862386,13.914692480751986,0.12251657225789903,167.69627722062722,0.09238187445371468,0.1414316706157478,13.798726163859513,0.00840413205649394
112.0,0.14217056539018058,1.384418862046175,91.53461378598125,0.8853797925266391,1.0057825947945216,0.9570482811184683,1.3592869673214614,0.9621113433827545,0.03915229422199507,1.7617955019985392,0.08778658078362639,1.2160903864798254,0.9618679423363727,0.5929374293914493,19.95646466117286,272.16888848203945,0.07332382761481497,low,0.8933337115394149,0.07976187010681114,13.498445976629657,0.10666628846058512,166.85474904200277,14.602584530581355,0.08751674503975557,2.4359251320449102,0.11960381574844578,0.8928398464154443,0.07998512678967365,13.369337307588838,0.10716015358455566,166.20087571625504,0.08750973638305615,0.12007436528338968,13.352219410471829,0.0012820263501350038
113.0,0.11537606024806263,1.212692361668772,138.23010850978932,0.7240987496625282,0.7691527660830064,1.0666618270238946,1.9642526319296487,0.5100014647860699,0.6171144012081635,1.0180801566873132,1.359784115104647,0.8567870563686047,0.11275849498310309,0.17186170225233263,40.08408813358882,239.81559491861586,0.16714546085792215,low,0.806286628844138,0.05905129470070818,8.687861980820214,0.19371337115586196,167.77222597898216,13.090638633548581,0.0780262558785417,2.5507098951068117,0.23891968947595893,0.806703393736973,0.061928464074490513,8.83002418728529,0.19329660626302703,167.3798396795049,0.07802253018704312,0.23947978567992964,8.684613238906582,0.01674351457901133
114.0,0.11461938128581745,1.2236825566486589,133.27324711273633,0.9389250442603134,1.3958392957628127,0.8508935724066402,1.8935735154241538,0.6231024002736348,0.41082493851412255,1.4479199299512187,1.6937146143787736,1.4810552009553313,0.7028270970252707,1.4903313321788387,39.51352330050302,242.48413730475016,0.162953023400632,low,0.807516002454348,0.07297177473696832,9.977329757559133,0.19248399754565204,167.21979237158783,16.034417658260228,0.09588827632693929,2.34457155350278,0.2362969283725574,0.8081174494420404,0.07473710153150274,10.096588169449909,0.19188255055795955,166.6115095172147,0.09587761058522738,0.23715962609666166,9.969919077046404,0.012705127436303205
115.0,0.12210762328050845,0.706052734816049,92.70474454683581,0.9315459001662112,1.1200001396813009,1.042745069475069,0.5860261769369619,0.6564340350302933,0.058330732433255476,0.46330796865070295,1.1968733904611077,0.8131205367424804,1.1493649266175197,1.1357429528015024,13.973450862313435,410.8189268052802,0.034013649203013877,low,0.9225045986305057,0.08803750126756915,9.313960362818536,0.07749540136949429,164.88000645065182,13.458010688566214,0.08162306017736701,2.5056434567231634,0.08474921346206796,0.9227010536972536,0.08829747429551779,9.346754927905765,0.07729894630274636,164.60093212774072,0.08162144384940691,0.08489290237718189,9.330582113367944,0.0017333124923310458
116.0,0.07315337755064558,1.046835621203051,124.77354636983694,0.6107412927689613,1.4176552386514836,0.9469844557560354,0.8491219947085987,0.9789842171562626,0.08793142974437856,1.0563112884616959,0.29359377549946913,1.6423281027001098,0.36491186967493633,0.6652620815926918,77.69308618116226,335.2761983228502,0.23172860635442016,low,0.677640382044762,0.07013267722668629,16.4402497908591,0.32235961795523804,164.56364520012124,14.665628091024574,0.0891182744110348,2.4177908655238913,0.4721157342296463,0.6770602522404183,0.06957168343913224,16.420367178810075,0.3229397477595817,164.06367141382066,0.08911376586595658,0.4735544774272157,16.364140176430688,0.0034359888007052795
117.0,0.12938714589288716,0.9493485774859419,113.67827854879675,0.5172097540688674,1.3161670000586156,0.9794996156869343,0.5415177984965706,1.8438267387307674,0.5791437109309739,1.5876562153160343,0.15487199592036463,1.1813905065332295,0.9569810349429186,0.5400284192905053,20.519702199893825,430.83371037362735,0.047627893792476776,low,0.8899517820116271,0.09711248668346194,21.65627743901917,0.11004821798837294,164.3338382980573,14.252663799373632,0.08672993917128097,2.444956135643323,0.12486595829811152,0.8902566162348581,0.10443539361820392,22.124511535090743,0.10974338376514192,163.74897553184715,0.08672594844465303,0.12531194246099572,21.52237937779092,0.027977025529118214
118.0,0.12569834382867578,0.45631784742631304,84.28327542764352,0.5144044934603437,0.778908369097864,1.1061199192336644,1.7984014596763733,1.8882733992548417,0.09835888022282081,1.5185608826238834,1.941075615397035,0.4776902822549915,0.7716660728213519,0.22160827231034866,7.748183119217572,246.52280718175356,0.03142988353813884,low,0.955867802144675,0.07434743405673644,21.60683339625504,0.04413219785532496,167.32051141223494,12.662947128416892,0.07568078188106078,2.5812310228825175,0.046307431490739535,0.9618800963781112,0.07510577150936891,24.17053022714019,0.03811990362188877,166.83127421307668,0.07567676810475057,0.04644322927919141,23.925563850614484,0.010238687708896561
119.0,0.13023288865185728,0.5351515264731457,127.19821809624818,0.9268020866682538,1.2073897068543524,1.1833933406473842,1.2645695285786647,0.7256572204127302,0.3477767594309697,1.6833143150953198,0.7723511428848427,1.0620873624207912,1.2767485382168446,1.3317175854289414,12.775166705320581,280.0259838103543,0.045621361744674654,low,0.9282253147492046,0.07315837460780567,9.841828503604905,0.07177468525079544,164.53542325865283,11.749441981987692,0.07140980190944868,2.6393201374139217,0.07764386812460303,0.9282494623268502,0.07649612120229614,9.888691754066551,0.07175053767314976,163.92596600764654,0.07140629872228195,0.07793253879452307,9.780085253894102,0.011104862314897075
120.0,0.1492106445299033,0.8048033375755577,159.7436254571926,0.9757523946363387,1.336464508958634,0.8604879417358363,0.5557269365141893,0.6855219045026191,0.6050266974693196,1.5653725483184993,1.4855803410921917,0.7620762360410686,1.1360089836757916,0.5675748866245732,18.380775052105772,424.08809080771493,0.04334187978987547,low,0.9007464494779892,0.10179885885946925,9.907299854451907,0.09925355052201079,164.98484587831751,16.235176043706325,0.09840404406402498,2.318673377556802,0.11140886882218433,0.9013392257381521,0.11199684795348595,10.083000597792227,0.09866077426184794,164.4499932170823,0.0983986943926372,0.11177121198078874,9.895541818973369,0.018943760963086507
121.0,0.11296851534427609,1.3399513678747539,174.1755010893437,0.9852130094096427,0.7433977603895165,1.1515157127339994,0.7556921410564378,1.6164043839678905,0.6035021875097557,0.017206603242913523,1.6524898781189348,1.1425948623011484,1.8692408929346815,1.34476417094561,58.21184843693758,356.1266871540275,0.16345825948101586,low,0.7408541316813423,0.06638363459067934,23.05753628116395,0.2591458683186577,166.14754939076266,12.307914029686989,0.07407821586787289,2.602633772791241,0.35036236556236555,0.7560107917038031,0.068707134293027,26.44517611875341,0.24398920829619686,165.8928894660039,0.07407701176700074,0.35090020207808137,25.0054891295649,0.057574838137691715
122.0,0.15903338736766887,0.6092477092336367,112.79207429375174,0.9552443044725831,0.849748016230751,0.9870506081530365,1.0107155004283312,1.4819021221980446,0.11439153980842837,1.1568471939478926,0.5008388896464256,0.6620100276871945,0.6498520067039459,0.3647670522529864,8.648603697546715,308.42395891955215,0.02804128358848599,low,0.9509633155498061,0.08900111284905227,18.224111765681332,0.049036684450193935,166.7426557441238,14.286314105181317,0.0856788207038305,2.457149616898263,0.051867973788413776,0.9513422808843996,0.08994898642389673,18.366575075645557,0.04865771911560035,166.33012814212475,0.08567533450848146,0.05199661537058824,18.282344952405737,0.004607183786275527
123.0,0.1115136572823203,0.8192466971462602,93.26943197758737,0.8503913267260921,0.7193342618809229,1.197087270133858,1.3285017045375613,0.7590337327062084,0.4297689704828993,1.3887287211163715,0.5639740678509909,1.5002450488168295,1.1608243142664085,1.7995015698592367,19.559062721178893,274.62498867396886,0.07122098690152029,low,0.8951507843347334,0.0661729957240809,11.145959262382563,0.10484921566526662,166.65228577393717,11.796554620491248,0.07078543546947327,2.648102013152435,0.11736450316505496,0.894931573867685,0.06866589488395745,11.216089987156314,0.10506842613231504,166.0360305322485,0.07078200489759548,0.11780011036447909,11.07327593610824,0.012897181635506728
124.0,0.08368890885014167,1.2466520274799118,150.18219877409612,0.8638271730888261,0.7877112642800841,0.887455327664587,1.1922951445319498,1.741337434535165,0.051951352569784975,1.8641318923658872,0.4203444457541978,0.8759469286890833,0.886832804960052,1.2570688239385688,85.08990179366603,286.90411543022753,0.2965795790906287,intermediate,0.6632531535625935,0.06844106922712573,26.322206314182957,0.3367468464374065,167.8493346110878,15.866475230457473,0.09452807940657375,2.35885835204127,0.5069421454116695,0.6653786508244173,0.06795753579313824,26.709907068656552,0.3346213491755827,167.21290512585813,0.09452024068079129,0.5088716192665895,26.635192459905483,0.002805108649525952
125.0,0.10283379903368377,1.2122102396382828,156.7430059000701,0.6141166681929762,1.0851709660943518,0.9668202851894037,1.9864308849557728,1.1995425336242775,0.7562786164516895,1.3797571235156274,1.3518864620511897,1.8695153992368427,0.43875422231365296,1.504796708926956,57.19321177743205,238.97983702338894,0.23932233149792695,low,0.7433259995273226,0.06229295971214899,18.352964349773274,0.2566740004726774,167.34934268790445,14.266712970830627,0.0852510845975482,2.462154440347557,0.341759404959801,0.7475123059894121,0.06486650021000921,19.374292864731608,0.2524876940105879,166.7087414160032,0.08524298708709564,0.34307266248692214,18.69144500079662,0.03653264174631151
126.0,0.08096978775323532,0.8082279042575143,173.55371677385017,0.6530526352679173,1.3554180694003515,0.8291753874825728,1.051688146515297,0.5111695049104048,0.3526365549067768,1.3393916589383716,0.05327476453677513,1.5346304852934913,1.5486555720752195,1.8605905767369324,68.10388466495131,302.880471635468,0.22485399701476227,low,0.7079177565388458,0.07416996655806216,9.48022449685463,0.2920822434611542,166.09302843228758,16.746815554909883,0.1008279258496222,2.2943399195550107,0.4100345770546037,0.7070841582465752,0.07626067852436247,9.47292234013815,0.2929158417534248,165.48211166948565,0.10081915522567354,0.41154831768749683,9.378210571567285,0.010099130089700667
127.0,0.12909406696214892,0.5017733641114215,143.71868559034093,0.7628647005406345,0.9654234752425563,0.8200485917706526,0.7076101441879833,1.6044484399103736,0.5156434222848701,0.3151053537156197,0.2092518273344328,1.51359574501918,0.14023828914935138,0.7519997353803985,13.773946814188193,368.95262953834776,0.03733256172051912,low,0.9244507989784346,0.10707081341672779,19.832271167603693,0.07554920102156537,166.84408476604483,17.189876226045648,0.10302958148111725,2.2727391331403966,0.08255579952686096,0.9246946475520401,0.110558949671085,20.25506931144407,0.07530535244795988,166.53914586168904,0.10302581502915688,0.0827069620353852,19.83440178081282,0.0212089850392258
128.0,0.10073229190075525,0.6207625833227799,98.91252053693633,0.8732251780892031,1.0917618738046095,0.906933699115018,0.9521052649991758,0.9219247844385334,0.13981440364924078,0.7071437320336837,1.1083285011609905,0.7744291819260428,0.24213876663896508,0.7415095526538921,19.261473050849883,317.1059266024968,0.06074144768348907,low,0.8967150532183982,0.08942450809414815,12.96873917381268,0.10328494678160183,166.25970895792918,15.449641355740985,0.09292474678666984,2.375965287724031,0.11585171880532924,0.8973890651076661,0.09053710536096023,13.099117886071605,0.10261093489233386,165.96033381768913,0.09292158882398768,0.11606070322809192,13.038029940651757,0.004685366247655214
129.0,0.14483705014913964,1.2211742772937337,121.77494809396545,0.7676873441373473,1.0239023648550853,0.844375935457973,0.558026535797252,0.5928166425261535,0.37807348068793667,1.6095368077390597,0.9732483557451878,1.8371117738166536,1.744193535380892,1.5326077750072462,22.564534887084513,423.05697143838097,0.0533368704701066,low,0.8814582455707726,0.09826152919191875,9.156238318590553,0.11854175442922743,166.19694541349904,16.691424448400916,0.10043159582068459,2.298278421822772,0.13576985323613386,0.8812744939313643,0.10307556890543743,9.180825243471496,0.11872550606863574,165.46295743920874,0.10042391512752931,0.13637212362395218,9.084539659651288,0.01059884016444528
130.0,0.15493146755273002,0.4300162508149812,129.24544716397855,0.7194168885623757,1.3012984314856606,1.0325615617086608,0.9775288979374406,0.9982919618370809,0.1374739537369301,1.7493586134528771,0.2350702579447157,1.3145765571233712,0.5526633245336141,1.7662203115340807,7.370059259419393,313.1883463080746,0.023532354719768764,low,0.957459504684125,0.0881977700312905,12.701148394073568,0.042540495315875004,164.66688766955846,13.473772553632802,0.0818244198595105,2.5031795486351753,0.04475738482535173,0.9573669452795441,0.0899445234795371,12.64487209334747,0.042633054720455865,164.03708251717163,0.08181970753024304,0.04492922665000389,12.585066527337284,0.004752105670659397
131.0,0.13876705103148113,0.5427383038766962,110.91867716787593,0.8886132475692561,1.4028985783443408,1.0205713419770963,0.6437990871113888,1.3275246097495972,0.2821043946485853,0.5461606124104054,0.007498022304567209,1.8902692573477713,1.6993127354082753,1.1158798719966216,9.951133754107477,388.92323716620774,0.02558636975927161,low,0.943426322212582,0.09555204613573415,16.049987198583853,0.05657367778741795,163.87637973686662,13.623938774515755,0.0831354634291499,2.48728391208842,0.06072341706648533,0.9431027271144823,0.09540919752343634,16.105225597643553,0.05689727288551771,163.4133983498848,0.08313245915372713,0.060895458111709315,15.931240754680816,0.010920985103537385
132.0,0.12068942053876945,0.8784338736815112,164.65244556672593,0.8207540241185243,1.1157210839968386,1.0668363758534947,0.9310736917594028,0.7343190481030192,0.3368289338055489,1.3169191980424988,0.8790858078116971,0.5432066165003672,1.2482702772593692,0.4003084400704626,31.60741532230599,320.49299951427577,0.09862123469220455,low,0.839583380683863,0.074558203606044,11.092697938939938,0.16041661931613704,165.20271924814804,13.12175803580521,0.07942822064626702,2.5329015501205965,0.19132503064207468,0.8400349441312591,0.07839853718172589,11.18648761906757,0.15996505586874088,164.75152727771777,0.07942524552716208,0.19184899736332103,11.067414586367647,0.010758884269736483
133.0,0.07798869316768668,0.7704928560712437,140.95684228807033,0.964212040407276,0.8870575991954566,1.1708786249787704,1.3054910454393687,0.8808240423417231,0.25749735129599943,0.4559108554194277,0.33955180924167544,1.9418294371063514,1.1210642749615318,1.05419843508387,56.83837063081812,276.50819553521075,0.2055576346328595,low,0.7440663547431725,0.05814701182871478,14.419165844100295,0.2559336452568275,166.0628701288455,12.00008187852835,0.07226228156370945,2.627452979394794,0.34227019313057844,0.7435161000387114,0.05779318588038686,14.501470128556036,0.2564838999612886,165.6206242589803,0.07225966640397437,0.3431841347363852,14.37362839870765,0.008894186373976432
134.0,0.11608756246335225,0.5566387012601108,107.42767519113517,0.9574064101130839,1.2570743548841126,1.0383955164083494,0.6546747950385573,0.5245562740187251,0.04592912362896126,0.9202125142266334,0.9930542220570472,0.6694417234923642,0.4650888255067149,0.9830378918496834,14.124345041944746,385.2499813711505,0.03666280525614699,low,0.9215590789850591,0.08750670910070217,7.532920221087071,0.07844092101494093,164.4184814604181,13.450418712174308,0.08180600254121885,2.5034046573661706,0.08590485033365926,0.9216339444685483,0.09002382653500371,7.527180037324485,0.0783660555314517,164.0808770720096,0.08180392229758718,0.08608160374317139,7.517459049248901,0.0012931215204366026
135.0,0.1283200411546845,1.1605176068793752,120.01577086692143,0.6473186370980799,1.0183549536614556,0.8172442371561291,0.8143158604272916,0.5280556325933587,0.5925267556477785,1.759116255152925,0.5592870911632964,0.3619610083732938,1.908636536411465,1.279978470279142,26.92472024718563,342.49718952370233,0.07861296696953572,low,0.8617317689275346,0.09262169173635233,8.46695808263314,0.13826823107246544,166.90596330962535,17.203956371774147,0.1030757441533667,2.2722911808822075,0.16131670620562483,0.8617671080180305,0.1013774879883745,8.531214961416282,0.13823289198196953,166.3371073025398,0.10306821432319713,0.16186839295103286,8.396166570542263,0.016084529736205163
136.0,0.10926130362252383,0.5884835409298669,164.9145684397096,0.941360272065989,0.7217790557727373,0.8639301014984387,0.6069658319232154,0.8850964764688074,0.6286437710868409,1.6319410626441702,0.7302599372179208,1.566839341584985,0.28284625504487765,0.5521344873541066,25.876808680785285,402.4448906846417,0.06429901156594013,low,0.8669114825813501,0.09398725976267534,13.311152929647907,0.1330885174186499,167.16637100398577,16.435266361433534,0.09831682211395058,2.3195601361145948,0.15479673648097736,0.8671255228440461,0.1011105727586669,13.51399109021377,0.1328744771559539,166.51713629308873,0.09831033925367744,0.15540027445126856,13.248057533090128,0.020073399927454307
137.0,0.13958817644477994,0.41961554854133776,89.84447692814166,0.5922980794088001,0.9396874209803528,1.1910658478062721,0.8417629305314648,1.0714928990169101,0.6983413652287593,0.8959241633385776,0.6670071511038502,0.11807502167993504,0.3898101103656893,1.5217124015555539,6.158795966512896,336.7837249284013,0.018287094983055457,low,0.9643224006760392,0.07965780437619678,13.652264467355673,0.03567759932396075,165.30594451565545,11.818762500398645,0.0714962945526701,2.638109655063288,0.03725695397439032,0.9647246684513348,0.08766064358808054,14.032993306707528,0.035275331548665245,165.0511865302612,0.0714951382139672,0.03731446041670059,13.688240638824546,0.02518604669362296
138.0,0.1099857006399078,1.0310890426158048,151.68460757013952,0.5198931811966143,1.2109644543394948,1.1138650357129658,1.5994793721356928,1.1210515097091471,0.7060309464027236,1.3691514271015375,0.5343250549312183,1.9830944856023958,1.093706729031836,0.2048819406629173,41.15431333200631,256.37126492513556,0.16052623270405916,low,0.7996299534083792,0.0644600327287662,16.06543698116454,0.20037004659162083,165.26516532132496,12.438577211842855,0.07526436189779338,2.5867485377791706,0.24901989025932966,0.8001562986879388,0.06713240032976166,16.45815895950161,0.1998437013120612,164.60423843655076,0.07525925670240838,0.2500197669446396,16.00231353062914,0.028486220320578008
139.0,0.1210957853999445,1.1341013985247739,112.8554744527101,0.8656407336920633,1.379442097698177,0.9919646563454383,1.780688857074079,1.944782477061482,0.2398813691749728,0.2944333341851572,1.2108352457962313,0.5117066691467013,1.0459736764352596,1.4445363814428467,27.78219707212847,247.26890507817484,0.11235621018884295,low,0.8560862835667049,0.07581552900417012,22.917320464081506,0.1439137164332951,165.65856442925963,13.840056036080295,0.08354567168780669,2.482361830335844,0.16770758075711906,0.8645721131355384,0.07737440720924536,24.563315291107653,0.1354278868644616,165.466060097755,0.08354349805688831,0.167902692888893,24.14263685939104,0.01742470941209461
140.0,0.11320135043553513,0.7320025033030098,122.73650268727604,0.9237989918308349,1.05087611460465,1.0606791842904968,1.5577085183756905,1.2126178233934788,0.058490702475948286,0.6283625023465335,0.5894815345956023,1.5219240320970802,0.8768624608794772,0.47935693452158484,22.316866840268574,258.77806280435186,0.0862394076160202,low,0.8815943413603408,0.07261884364389203,16.17290243539591,0.11840565863965924,166.24605219964363,13.134326830472602,0.07900534573115568,2.538239761321473,0.13423998070924664,0.8820163076379082,0.07161368501349466,16.237303864972386,0.11798369236209183,165.83239503854344,0.0790017725284206,0.1345748328309532,16.20055128011586,0.0022686008778994423
141.0,0.10630661116873205,0.7229786313314346,177.01091579075677,0.8282280851547206,0.7571514645534383,1.1256116652218604,0.5053805632414943,0.7093659910244929,0.7900531669755324,1.4708437803388443,1.0608301862634117,0.9538727297440851,0.7598431753909365,0.44761876524678584,36.04583493573581,449.7458238721563,0.08014712538160693,low,0.8221943110743906,0.0733957449649064,11.319420716044165,0.17780568892560944,165.90517810284828,12.60302470867933,0.07596522816705839,2.577479567509553,0.21726769078533648,0.822679312590424,0.08401515575999255,11.570864116935253,0.17732068740957596,165.37011155274317,0.07596291066018952,0.21797067557905922,11.294543332074843,0.024464980719999474
142.0,0.10818558801040719,0.5669290060618752,153.33694125077108,0.9783141174370267,1.12889442369933,0.8588510698752053,0.7864476750230325,0.5147562383746638,0.36153596993560516,0.009356245063273325,0.06811688412254045,0.05187487212076843,1.041276864660247,1.511897711817939,23.642139787563014,348.7042135435359,0.06779998310691844,low,0.8762059044487976,0.09201912994063063,8.034553586690432,0.12379409555120235,166.17008198899472,16.327699917392604,0.098258962876807,2.3201488071843013,0.14227675345992072,0.8762073203387173,0.09459406488948528,8.109454608014426,0.12379267966128271,166.11581796332706,0.09825834755331124,0.14232323012599818,8.03120719731682,0.009742920183126018
143.0,0.12889311894788585,1.3171644203021713,146.8290885792032,0.7432280386605915,1.0447821635271197,1.1357603155963314,1.0991578731801075,0.7640733244670213,0.3673706577703826,0.5897372460432843,1.5169162714962459,0.6828678547694601,0.09648008537863129,1.960199538359275,37.05465341147985,297.03746664479235,0.12474740587452923,low,0.816692676030937,0.06730712160056358,11.73870400569988,0.18330732396906302,165.34841343759385,12.332016568890491,0.07458200724462873,2.5958559906136327,0.22410044729860737,0.8180515693313033,0.06989362004894617,11.969856341742316,0.1819484306686967,165.0969737945918,0.07458051292372508,0.22444174814241008,11.824855537837,0.012262374237160492
144.0,0.13819909483016804,0.5107342260776084,87.51285146151609,0.7908741650426042,1.480939864210949,0.8482068811575478,1.1744858921797932,1.0659175794477183,0.4984683716775994,0.4221876763160845,1.7680802833176932,0.5820087741696833,1.3984042110835873,1.2217424757054425,7.44914670613391,288.670376409362,0.025805026476185117,low,0.9573528648813682,0.09881791896127673,13.537187434474712,0.04264713511863183,165.66712663110545,16.281402910234615,0.09827781311429855,2.3199569831609925,0.044964543404685746,0.9582274956755492,0.10270453966514605,14.013140237954879,0.04177250432445079,165.41849306798363,0.09827428022414342,0.04503212771423606,13.747991830350358,0.01928633729758069
145.0,0.1354321988645969,0.713293412049335,147.20847553527676,0.7582786388086689,0.8581722346635366,1.0598305627795592,0.8657561108730231,0.5656891118456123,0.65644276905435,1.782385587647794,1.5653852235353758,0.4549061634737512,1.3658043560441655,0.024839262613474595,18.222472189294333,332.08718051330874,0.054872555336607,low,0.9016523746592869,0.0783332259312716,8.557506115085815,0.09834762534071306,166.1770161553761,13.320300242147319,0.08015729581817012,2.523764377017881,0.1096569947570623,0.9020044760620841,0.08721034415178287,8.689703516191909,0.09799552393791588,165.61052151905935,0.08015365360358499,0.11003209229793527,8.5317275423488,0.01851629380555873
146.0,0.15686112211877556,0.8871282975977615,142.2332647187684,0.702976668845293,1.2242125290687957,1.1667008920401873,0.8328908004657398,1.4971433302889998,0.6783740085751482,1.349980053778337,0.1358597486374058,1.4094705691369598,0.11616448072348991,0.09122021318340535,16.323267720931373,338.5692768100328,0.048212489552293784,low,0.9101205529611898,0.08051253347961997,18.08075851666411,0.08987944703881023,164.12404808318,11.952209724156315,0.07282424400170043,2.619706357217636,0.0994568919763577,0.9101173813128337,0.08645304782559501,18.488580401735128,0.0898826186871663,163.59802671507097,0.07282167702653344,0.09977667853757581,17.957191713191275,0.029591970561493586
147.0,0.10334473117090688,0.7779804701544104,150.31884964167423,0.6179107159058351,0.7036505688273491,1.130878407494288,1.2310719550755358,0.5206872303951342,0.7436689668619241,0.6947207402300224,1.0159873754965183,0.10271155204002458,1.8391520517493205,1.848765845757005,34.854237486275125,283.1363104462427,0.12310055687079625,low,0.8272827884097008,0.06374778903044534,8.669732211243348,0.17271721159029918,166.87521091497268,12.500845073947064,0.0749113364735555,2.591450045124821,0.20886408050165264,0.8276178504944472,0.06880778682013136,8.844369859351733,0.17238214950555275,166.60467005417667,0.07490963928524332,0.2092032442724516,8.670044745476876,0.02010659909982613
148.0,0.10467311117966827,0.9536076806155118,86.39369143031769,0.6615875681748813,1.182658314414803,1.0485084280449293,1.5056467248030587,0.5399860923153852,0.7341627271367702,1.6447112998315665,0.5821494277227189,0.5576280619851218,0.639099742191828,1.9792172081636934,23.93490086040799,261.93976670622715,0.0913755905083769,low,0.8737002390286521,0.07134878730483922,8.163401600121606,0.12629976097134787,165.7161240054121,13.239697807976018,0.07989384187831731,2.527056502042285,0.14443314435489876,0.8738860406941934,0.07728012703910148,8.28000229516579,0.1261139593058066,165.20566755128692,0.07988933720120872,0.14487941736609952,8.107495127717176,0.021277492583234803
149.0,0.11804315286096106,0.9224247387286358,172.2967579350364,0.9476050097665614,1.036994322673659,1.1423348565364417,1.6340211065474823,1.5374924030957173,0.18226231841397647,0.4385639749503321,0.44102183032594805,0.32884071083626515,1.528048008297212,0.3403034963512785,36.30584701196789,254.49574423480013,0.1426579730090566,low,0.8199429348636832,0.06504241999608902,20.26278879686561,0.1800570651363168,165.8988618119151,12.195486030804885,0.07351157143339115,2.6103124506869446,0.21884325555608092,0.8213009733196284,0.0658543583873689,20.58829158157771,0.17869902668037163,165.67859109175203,0.07350998662885364,0.21913420902922748,20.416374309519597,0.008420558393561248
150.0,0.10593766938716913,0.8929041559094398,176.64898339234958,0.5568336211338675,0.9778128894206153,1.181801608590563,0.7723653300842089,1.6937003507904222,0.03009733947245091,1.7799058063074291,1.3050609171983034,0.2933845801757548,0.2133517508820935,1.588876572548264,44.73683806016401,352.0276489367862,0.1270833077892624,low,0.7868004248058025,0.06996789026053911,22.38387812651052,0.21319957519419752,165.10943911897306,11.902123136029402,0.07208626714220183,2.6298917224278524,0.27095263783149276,0.7953686717077096,0.07164582490824144,23.53532345707226,0.20463132829229036,164.62129569008653,0.07208407818940195,0.2717560803578225,23.4885162154016,0.0019927713288235673
151.0,0.1707109536361706,1.3980126328964557,85.15952781734822,0.7695629472446859,0.8015987605004643,0.9852870666435523,1.4139841547872205,0.641746516516848,0.4024062306899036,1.807490939165936,1.8352258531613472,1.9295348411227244,0.4316642108906561,0.2836967976438191,13.003842208837625,268.11818320517824,0.04850041147297494,low,0.9280047984151462,0.07765900891503837,9.435831152050337,0.07199520158485384,167.48243585755466,14.259284377073861,0.08513898370335092,2.4634702554239767,0.07764302054871898,0.928217624849693,0.08027964730005788,9.51616780835341,0.07178237515030705,166.7229471226113,0.08513138309779726,0.07799671510889468,9.40848809007297,0.011444954518681376
152.0,0.11239049817617837,0.8371456145315789,99.83920250987673,0.9202512552423003,1.1650451549588334,0.9249779440739906,0.5407294911903687,1.1943282604762697,0.6945514660254763,1.1876005469833495,0.7115913121703109,1.1561520619760726,1.4947930957447724,1.0247899266291056,21.061681676373023,431.2319608848914,0.048840725147445675,low,0.8879176724761393,0.09700404602742622,15.966159457549068,0.11208232752386071,165.21447225755654,15.17135015596359,0.09182821546233937,2.387835670602926,0.12748085194098188,0.8887847017193636,0.10516179036214522,16.4232932907072,0.11121529828063637,164.6985760550844,0.09182409516158402,0.1278801686137761,15.982908413314235,0.02755348813899926
153.0,0.12339883963659591,0.9860624234971257,164.28800993249808,0.6943019844087135,1.175059939489447,1.1472544080656757,1.4724809251234054,0.5617098422926696,0.6822899210268987,0.20143470146210554,1.4959129803747377,0.8102588244103873,0.7606029962277385,0.14002301929330124,33.86399985607819,264.0774606132021,0.12823510108528063,low,0.8292066126724954,0.0643473450097819,8.74600184726341,0.1707933873275046,165.09232492485845,12.109865019362704,0.073352077541306,2.6124844511227336,0.20512158800532573,0.8299896707418656,0.06727004897269646,8.959919346146448,0.17001032925813442,164.8921136442558,0.07335072235369558,0.20537064573711275,8.779000704338666,0.02060811337198896
154.0,0.09521867653286661,0.9413884146144624,102.59422129560024,0.6831951073175014,1.3402560787520756,1.0979074397408235,0.5364351916954866,1.7797995474226083,0.3642735483715442,0.5361581311578375,1.9834988893041083,1.7046195412666163,0.29647806175575797,1.9719210162873093,33.90764240770638,433.33051670343616,0.07824891416754795,low,0.8289713487225595,0.08377319388205925,21.845754083809364,0.1710286512774405,163.61453686414362,12.683068295554415,0.07751797938398179,2.5572453774774524,0.20724101328393205,0.8441348078331014,0.08472006854655544,24.605970482221498,0.15586519216689865,163.23061808277433,0.07751610179373948,0.20772844461393752,23.76275090235583,0.035484931156774084
155.0,0.11935170774295736,1.098464468837712,157.35469336327165,0.6990266045726223,1.039115067308166,1.1598351721995015,1.0946382439262086,1.985869260556883,0.2522045834774938,1.2808588845529092,0.6553703439162508,1.1308348840164995,1.6976704351747713,1.3931842122355553,38.624117270892434,297.57447168918003,0.1297964743132797,low,0.8104600715032165,0.07042802266849943,24.35979864655974,0.18953992849678347,165.25502907648035,12.07749206866536,0.07308396080990597,2.6161463506664293,0.2337243077366022,0.8146420258615442,0.07117277910491797,25.226641385733057,0.18535797413845578,164.70912172791412,0.0730809056636618,0.2344989571050976,24.853382510620538,0.015018433605687892
156.0,0.12643872713889395,1.2022328108200644,156.39006634538148,0.5614418627979862,1.280821916468133,1.1864731513963283,0.5483212015289015,0.5360845056490261,0.7385022749988298,0.6154027354102526,1.0434828560539797,0.6303138435820761,1.9747156792415461,0.16379777684689856,37.435844727668524,427.5643303057776,0.08755605197677703,low,0.8135953588282255,0.07217742808350672,8.385814041728445,0.18640464117177447,163.48778635484098,11.743124322797911,0.07182875604731798,2.6334703810557154,0.2289825164457004,0.814109702700149,0.0789519057693215,8.566756794399208,0.18589029729985096,163.17143444328067,0.07182751468324727,0.22942646092065486,8.378511918874107,0.02246757865212855
157.0,0.12448119188992178,0.5284590126030242,122.65281466371341,0.9956636954746194,0.8307309559556917,0.9483435861043407,1.9352062500255263,0.7732105459767928,0.6465435701581055,0.9371703740216862,0.36257068075448484,1.0441820122543646,0.320774358765019,1.8387946438029823,13.31470287234946,240.90277865407333,0.05527002613560069,low,0.9264256316102998,0.07470227261031542,11.090942486934763,0.07357436838970022,168.37061303229183,14.655667035891028,0.08704409143583872,2.4413404905932556,0.0790797315075157,0.9265468368222918,0.07792647697743897,11.254058680380853,0.07345316317770823,167.9618446177386,0.08703878416599946,0.07927218769627208,11.043247903412844,0.019089563035423557
158.0,0.11444346984912901,0.42111307995108244,101.27268629800464,0.7275579854001891,1.1308476645839438,0.8338720905110829,1.1455720793942223,1.280308331625837,0.07345100528679159,1.0930369988321675,0.3748111208783167,1.031317140621651,1.631138635883693,0.30280559007112334,10.36475771559985,291.7656701109796,0.03552425380154348,low,0.9418187662572769,0.09775368305740252,16.315147382203037,0.058181233742723104,167.03340160740325,16.73315368150144,0.10017848837702048,2.300801800235978,0.06205200646012865,0.9420281599912588,0.09736189240918029,16.31327120972513,0.05797184000874123,166.54376675932937,0.10017136880554753,0.06223443793353041,16.26977859273996,0.0026732150494400034
159.0,0.10418657611444787,1.0390055773840903,179.40162121650252,0.5679879132528852,1.4151547175096078,1.0843462471904133,1.0764906759270074,1.0446927468316887,0.08692605090922041,0.6726667898616353,1.610092370996699,1.6310649124313226,0.49128795055618896,0.5112438494740826,54.66015230143496,299.74672335866944,0.18235446142318623,low,0.7485893799646572,0.06760599306527519,15.7353379277922,0.25141062003534276,163.94901382332912,12.762161442927024,0.07784225806127436,2.5530708325159632,0.33339726190934305,0.7512194050589366,0.06681323801302629,16.05351480493933,0.24878059494106342,163.5361176051375,0.07783942775989337,0.3342390237819723,15.994565347234431,0.0036855929764350167
160.0,0.11893810089340673,1.0029920382113438,148.77876380447427,0.7655137776930059,1.4674404469175855,0.9994956907963393,0.6257845378366406,1.8050478368607912,0.6418218292242974,1.5075250236137674,1.0371928842062232,1.3029622808699055,0.326630859854666,1.3689575742494489,33.577360945872364,395.3041780657311,0.08494056680647866,low,0.8305948546202809,0.08916446471691213,22.051594083613693,0.16940514537971907,163.69766528919212,13.887613413303006,0.08483696690950862,2.4670239006377326,0.20511814195122344,0.837478851749637,0.09595980420164668,23.651721450864223,0.162521148250363,163.14281223650602,0.08483317059534771,0.20581575421904402,22.69466331928527,0.04217106542248959
161.0,0.11848530219900925,1.2783538442438172,100.82845248835078,0.8256494251564697,0.81142544864628,1.0768192806700096,0.8240600726241436,0.6380893618395902,0.5964275216695565,0.7496050902550659,1.599347305929147,1.0082825532984578,1.2322299905275373,1.321814066590471,29.22505584246589,340.4391130740826,0.08584517677352266,low,0.8508880258428243,0.07384596479515801,10.027172714158601,0.1491119741571757,166.232187873623,13.131775698739377,0.07899658824633127,2.5383506142029906,0.17580864582426156,0.8515519706656673,0.07830546656970111,10.231610405701232,0.14844802933433265,165.84341652182613,0.07899426039680099,0.1762207777395835,10.055557758893254,0.01750799418881316
162.0,0.13770041612348213,0.6380312592335566,136.42379067632112,0.7992884934860658,1.3528582008855206,1.1275145247355938,0.6085567092486358,0.7701929743559703,0.27554250570583566,0.528820081338525,1.389145057106744,1.9518148853374615,1.686445957829745,0.8420605361489963,14.612068227886644,401.7752190847665,0.03636876425871301,low,0.9185827267481464,0.08477811973306625,10.364016461082704,0.08141727325185355,163.48573753270844,12.33394264542238,0.07544353918307242,2.5843707278778174,0.08937824453930253,0.9188072252560318,0.08481948367883338,10.46900404987191,0.08119277474396824,163.01671323814568,0.07544130941453907,0.0896353995712106,10.373861471985137,0.009171375398033518
163.0,0.09611913350994936,0.913414689029858,80.83140304993628,0.7956101427265863,0.9289114703933845,1.1944477440270043,0.7662489735065136,0.6135016742691646,0.2871216215039357,0.14495049260948806,0.8076375318875386,0.5214144654681668,1.7925865425725418,1.4277830175919355,25.437741036279157,353.50773570083976,0.07195808879782523,low,0.8670600770040664,0.07098127428812766,9.309919357208992,0.1329399229959336,165.26695393564572,11.794366025697748,0.07136554371474906,2.6399401071422206,0.1539191013721019,0.8671289708731243,0.07218783778407649,9.401031867513247,0.13287102912687565,165.07918871399616,0.07136473400955089,0.1540941728296877,9.322728779698808,0.008399159695061746
164.0,0.14086658934632523,0.9008596747390111,162.5520791137062,0.9492627684607022,0.9365442624462115,0.9606063357587126,1.1214758598026964,1.709599172937105,0.2209308558777776,1.2661148948826746,0.4067889101030407,1.5910901389344312,0.07986519034003721,0.7267897252270582,23.490042565715775,294.45910745713246,0.0797735304184316,low,0.8769517026683998,0.08421978380197465,21.335009665353176,0.12304829733160016,166.7395855782114,14.62398050000583,0.08770551065779313,2.433770546255443,0.1408786191009061,0.8776984338936413,0.08437009164559447,21.59778601429941,0.12230156610635867,166.18964964146573,0.0877002158627346,0.14134479864656269,21.382724032681885,0.010057744807855987
165.0,0.13655836605145966,1.1234383011221079,136.16655802577708,0.8232464689172082,1.4114818288022966,0.9308297396469312,0.7476662810683994,1.2165926599404628,0.760853729870497,0.25044811675121836,0.8515004824348913,1.803220636352514,1.9932737064680215,1.2397635330353058,26.111582286555407,358.1023148613539,0.07291654145454213,low,0.8638972469733454,0.09172449996886996,16.207621840537172,0.13610275302665464,164.54644480195367,14.939534446402295,0.090792204379641,2.399181851910397,0.15868821911031275,0.8650620708962928,0.09607289897287015,16.828033624942666,0.13493792910370717,164.14852594960368,0.09078863744588384,0.15907290141960884,16.310251718702347,0.031745794925200244
166.0,0.09698733267692095,0.9188371847295209,93.70825232186411,0.7396614245249725,1.1496079124985037,1.1565466266434634,1.162179679122214,0.617140888213121,0.01876947293691154,0.5555674694325538,1.1603802274379504,1.08387571768104,0.8115287913227642,1.4851322014313373,29.13644066202942,289.982398168536,0.10047658356523935,low,0.8497318007087248,0.06849199210616548,9.317085035619185,0.15026819929127522,164.84613552234507,12.059864961516967,0.07315831167836045,2.61512953283947,0.17674930971056912,0.8499146060029596,0.06829849627683407,9.327604610324656,0.15008539399704035,164.52004927610213,0.07315640706949843,0.1770996349091279,9.322377027222933,0.0005607564558328379
167.0,0.11697329408480905,0.6420803613888633,169.15406804338437,0.7529652749691247,1.349689420398545,1.109995243130648,1.2529627549558369,0.9442739131835427,0.5651127368102501,0.8027262495501767,1.2992086364001725,1.4611411956833729,0.42241239134213404,0.7821949455348985,25.266699797900085,281.062107959555,0.08989721162105556,low,0.8668142450659376,0.073411637847437,12.952692675881915,0.13318575493406237,164.2833821327561,12.471471491919662,0.07591438239225903,2.578149121197657,0.15379948641112265,0.867882435470969,0.07638620993083504,13.291188888614434,0.132117564529031,163.86458259707817,0.0759114925798336,0.15419256191575964,13.014685092129636,0.02124552338588723
168.0,0.12220834311204617,1.173561575544157,114.2662757699325,0.7071680507058307,0.7647684516020596,1.118909466085786,0.6155696898228937,0.8227885299316852,0.5833320350614105,1.5477150851784118,1.1543569001890044,1.9038788720474484,1.557755784721853,1.1705945800307733,28.580667639501527,399.1518784618483,0.07160349025448297,low,0.8537799537219312,0.07534187449509028,12.421146058207654,0.14622004627806884,166.01865841844102,12.669629088514489,0.07631448904123399,2.57289246302849,0.1721533465682243,0.8540808451587792,0.08039513631693417,12.619337410361197,0.14591915484122076,165.29305089041824,0.07631104405812156,0.17290906959209804,12.386280475553512,0.018815732072890126
169.0,0.11778439250480979,0.7959431352373527,174.6388200715677,0.7867289530845931,1.3633452303274503,0.932885366949075,1.0705939992121927,0.8108357104417511,0.18975266194565965,1.884429906151501,0.7860870164852436,1.7693020445436696,1.2576932079037726,1.294820343287608,31.893153605078442,300.481386056323,0.1061401973135877,low,0.8384204783175541,0.08175780211660146,11.993446577140244,0.16157952168244594,165.2202510281983,14.878025953077607,0.09004965105965347,2.4073940823298843,0.19303416746192456,0.838216898861512,0.08311403685906688,11.98054047668414,0.16178310113848804,164.46078615489063,0.0900417255953191,0.193925581597556,11.9036906279325,0.006455968249990416
170.0,0.08545424225379111,0.9630681333581743,145.18878473276857,0.6776806628999026,0.7725908045948776,1.1347388507407241,0.9402925535214623,0.7402117602109212,0.42770660001425287,0.8461878757416326,0.31280335796133,0.3922158436402499,0.06284762389328685,0.5447113527509231,60.949894081649624,319.0147210329895,0.19105668191201358,low,0.7313168853282216,0.06058029942041591,12.892794879199997,0.2686831146717784,166.2895811985624,12.464252411751227,0.07495510134737764,2.590865993409139,0.3665286402331534,0.7316887224079937,0.06412918969881018,13.037050561213611,0.26831127759200635,166.01902824403413,0.0749536258519715,0.3671259537313901,12.861362141068394,0.013660172088943521
171.0,0.0995617848142826,0.40326828671265275,166.89391033657233,0.6318769425642214,1.4564754689589883,1.051641643428113,0.8780242653680077,0.813028824317482,0.07805925813799221,1.8470534963522318,1.7767155200364784,0.8898301668615565,1.7691580469599877,1.4061797744777718,21.612218062912092,329.7360840236901,0.06554398838969455,low,0.8838988902237825,0.08260643765018402,11.214649753229347,0.11610110977621746,163.73889379339028,13.168525539218756,0.08042393126116462,2.5204434945848866,0.1319919633155878,0.8846974149864958,0.08514987061226786,11.258628832985416,0.11530258501350421,163.10101359289467,0.08041958171817844,0.13250817752032415,11.227425495402336,0.002779206826699248
172.0,0.09828001886791114,0.6180056749712014,109.4045205448231,0.9018962120366203,1.1520732611440625,1.0161036117846225,0.5148438045691772,1.0339978335441433,0.21046143052175623,1.8148180443847721,0.1578570900945245,1.6064229846461,1.4818922118002469,0.818529035360529,22.28165242224792,444.51397478315346,0.05012587609448621,low,0.8817744203953546,0.08942547493672341,14.186646307907669,0.11822557960464541,164.77954768555247,13.80610470895506,0.08378530529347696,2.4794976413636114,0.1352209830358791,0.8812132116612413,0.09198819712748846,14.12938101251418,0.11878678833875866,164.05375846391144,0.08378095908439863,0.1358192133534657,14.024403991180726,0.007485310705500853
173.0,0.10000693553270076,0.48190363604069786,171.67619791720205,0.5333051273895953,1.308270556100588,1.1735411546872325,1.4827359435491454,0.8468281901384731,0.530830115302938,1.9514849942068135,0.48739840251118033,0.8455167188302619,0.9782763714419547,1.6732571822141888,26.330564967670927,263.39679756751525,0.09996539521678027,low,0.8616891351622007,0.06756615024648487,11.842821579617725,0.1383108648377993,164.3129283168973,11.779975175835222,0.07169232084474886,2.635371638301302,0.1602464592249811,0.861781805325723,0.07177005621022389,11.972846130158025,0.13821819467427698,163.68537751231068,0.07168827511809936,0.16086082561461923,11.75205734286905,0.01878724557304402
174.0,0.1274453242955276,0.6625379793994054,163.5527353201234,0.959762425859207,0.823470528532902,0.9944338395745254,0.8985821708816656,0.6064890741883736,0.31687268886612424,0.034646098406468685,1.6242771922967434,1.4993462230408827,0.8701593153388435,1.4187901057153383,21.23591139110137,326.06248443663725,0.06512834933400038,low,0.8874903565067532,0.0804220200038759,9.306602840977403,0.11250964349324677,166.64255756213294,14.206432942183444,0.08525092959453982,2.462156258543185,0.12743390225023118,0.8878121194120991,0.08058905327082223,9.43339294129783,0.11218788058790086,166.37278100738638,0.08524881920576007,0.12764053868979067,9.350478056799949,0.008867448700933912
175.0,0.1327889806133479,0.5747355381564789,160.24365190941506,0.5651417631144906,1.310435024108305,0.8108142524279086,0.5508757929767096,1.7442443913277905,0.5670660078071968,1.2227957559052158,0.5258160613021908,0.1269371037323506,0.4837191376698875,1.1086804328792035,16.625508578545322,426.3537194101921,0.03899463713262468,low,0.9097414606890684,0.11322240658464619,20.890025677537775,0.09025853931093164,165.4112965331472,17.250998135994898,0.10429153569047761,2.2605650737634746,0.10051011585665005,0.9116468043931311,0.12444566571554107,21.690676926871046,0.08835319560686894,165.07573526493687,0.10428757779781472,0.10071442996672016,21.09530677442438,0.028222872452771504
176.0,0.08833414645637588,1.310876989679714,151.15997018618128,0.7740077101868468,1.251380677923796,1.1752801125884145,0.8929284315128476,1.0797287679930676,0.15494568543582868,1.4666623690406244,1.4751095092050317,0.0392967630165415,1.0628513307879615,1.9147572979363519,80.83354606896256,327.0364163301607,0.24716986253713344,low,0.6669968717907703,0.05859502943262853,17.704330759283494,0.3330031282092297,164.01206297280086,11.84750248338672,0.07223555553564048,2.6278228953590776,0.49285122450028374,0.6719933896201213,0.06122027205949299,18.302361362952915,0.32800661037987866,163.60796113733002,0.07223356042628531,0.4940685374173945,18.164142099572775,0.007609457282509983
177.0,0.10173967134848463,0.9911080325049381,158.7191338332849,0.6554764859464953,0.8049944317051831,0.9017512805693525,1.8530640133018692,1.555483423198347,0.03415434741160605,0.8585643355881697,1.7497927706057117,1.3945685494374667,1.2239275688011437,0.6144191891801941,48.3748629039746,244.1774009971595,0.19811359571534362,low,0.776155109463493,0.06922979022063852,22.000225308427837,0.22384489053650702,168.74330637292573,15.423714227687952,0.09140341361808609,2.3924724531003525,0.2866772255668932,0.7862967938291406,0.06797646232626314,23.62395976509258,0.21370320617085936,168.25851744640775,0.0913963646981559,0.28750320422490677,23.56580567906444,0.0024677317134886956
178.0,0.10890297410559349,0.71887565138041,118.61062600186943,0.8151522506796678,1.3858980349397454,0.9737999506693596,0.7509924948067435,0.6012944693358586,0.7664624843537574,1.4938156704096344,1.7223977595759665,0.3442311839950785,1.4132004213850997,0.06469235462880132,22.884847289817166,357.2582484956644,0.06405687590469976,low,0.8784984578198817,0.0871772850137259,8.840483984790412,0.12150154218011833,164.37477848499665,14.284356020502825,0.08690114232948841,2.4429841014636065,0.13922359318589733,0.8792467616776846,0.09769095394714641,9.049233289729647,0.12075323832231544,163.9073559408881,0.08689745396703451,0.13962062384845259,8.837947483629254,0.02390666005786565
179.0,0.10030534972649814,1.2549413673553653,179.6636453619239,0.8077900080457063,1.1451009455557906,1.1211558257989347,0.6838746348596043,0.8583625308546143,0.027144231729962554,1.7216780583148374,0.6171305228244894,0.17604017305886352,1.8262376261046898,0.3903628763379712,71.33219317621734,375.9438209779405,0.18974162945586212,low,0.6961338675940347,0.06379792864889709,14.568901898616975,0.3038661324059653,164.53918739601863,12.489580834421762,0.07590642103003345,2.578253999607643,0.43352707829128,0.6964902025119405,0.06632607276841115,14.545093860197207,0.3035097974880595,164.02371888756454,0.07590384133524077,0.4348895004942203,14.53058174078739,0.000998729415566442
180.0,0.09048705065475884,0.4750194478030443,167.25136365316274,0.7322686768184482,0.8907850248652676,1.0522709399847074,0.9203279606707784,1.4033140049473074,0.3743110102626257,1.6940670646003808,1.644659707949442,1.0110208213261094,1.7291130094304128,0.3172671678528993,30.885761903224598,322.3012830583843,0.09582885184366362,low,0.8436348776690284,0.07729874929640547,18.954527904561793,0.15636512233097155,166.15430469917828,13.39737692773609,0.08063213861351345,2.5178579668429157,0.1858860169716527,0.8487212677905013,0.08023179380991079,19.91129425648839,0.15127873220949872,165.514168414356,0.08062781054973205,0.1866049426409449,19.53094770958641,0.019474044606411646
181.0,0.1340192883008795,1.0096660660212686,117.56380837518844,0.5511527618470377,1.368726377111703,1.0985546314088297,1.6606721255738444,1.1862209450757095,0.6678473053218855,1.531792012723062,1.4257049804517499,0.19422499128741832,1.6218998726545693,1.919143673531262,21.036181978956336,253.06839725944047,0.08312449206129233,low,0.8867217572788901,0.07216816581480667,15.303121011498707,0.11327824272110987,164.70910121717856,12.532715766071464,0.07609000154488334,2.575838408490337,0.12771718031063078,0.8891241541877035,0.07743136875723759,15.942014150710206,0.11087584581229648,164.24236522161615,0.0760861500780654,0.1280801208054433,15.484446546137502,0.029550142667956147
182.0,0.12481313552813349,0.8420269625164236,166.1392457278911,0.5311064430596032,0.9886085681798307,0.9559171202907307,1.8354143615277871,1.082800351677506,0.554974005390627,0.21473588645964617,0.17730914360019576,1.400283178371066,0.09316208815722564,0.6215443125054378,28.5843139259023,244.90526868290002,0.11671579823345032,low,0.8538617403337302,0.0717461687596985,15.4121959541322,0.1461382596662698,167.60175948865083,14.508682738059662,0.08656641065299868,2.446843406402182,0.17054900863279956,0.8537480811042533,0.07369280355166596,15.690497685537611,0.14625191889574674,167.33673785983058,0.08656311199365468,0.1708191177351976,15.385967763856575,0.019792705038444974
183.0,0.10664782687839408,0.8998849310935451,158.5264973204454,0.9996074489021589,0.8439782157890088,0.9115488728193643,1.1889948826076604,1.9834869964869486,0.20539743165991095,1.9613209979317403,0.8936508614102241,1.0764229076150293,1.3539016546419766,1.0143017929331235,39.924083001147125,287.2325795167492,0.13899566361280077,low,0.8077095096899382,0.08112943498694025,25.144106867555763,0.19229049031006185,167.48612752952488,15.42994091283527,0.09212668022380086,2.384590690117373,0.23837247651516213,0.8147556088464007,0.0816439290286195,26.432766801050693,0.18524439115359925,166.77816990428065,0.09211857975353299,0.2393843452297195,26.07482277281951,0.013727572814197859
184.0,0.10478843070965307,0.760956329835487,161.7033854963284,0.704646229011297,1.2663173129109069,1.0453775713899196,0.5294601181827036,1.5959635332831816,0.6330735321154293,1.4823296193258892,1.9972799594997974,0.9747256686439157,0.710383440946096,1.1858411982889596,35.669933597218396,436.8448759628035,0.08165354696813618,low,0.8222526610350173,0.08512492816791238,20.57096074752933,0.17774733896498274,164.18884616532648,13.364880623781305,0.08139944299458578,2.508386848815411,0.21724943216484582,0.8356914479984481,0.09270217666735715,23.097228618383447,0.16430855200155192,163.66248050754197,0.08139649931300963,0.21794814233904164,21.938181328428765,0.0528324236454697
185.0,0.12395142744346506,0.9773326303036795,83.45275018367987,0.8402589565376206,1.0731078716551488,1.1533643903239708,1.3908744202179781,0.8251875328063357,0.28780663787180205,1.7027444866037544,1.7300153367497637,1.4573019000767762,1.5697432341169408,0.2553809783079502,16.897798013486586,269.7772231044942,0.06263611812381016,low,0.9074936504930597,0.07092420550355272,11.415825921507714,0.09250634950694026,165.43518472838952,12.098181002675252,0.07312943146004869,2.615524374103234,0.10214150055944445,0.9080296739768084,0.07279987801807622,11.53637556421603,0.09197032602319155,164.7423702526385,0.07312495987650122,0.10257105071132089,11.425520689194133,0.009702391517853471
186.0,0.12598661080561652,0.9418236754350475,158.07800833761638,0.6747032275158421,0.7375897758521234,0.8886470208362413,0.6172526679960436,0.588278280751091,0.622994998522464,1.8012079685089157,1.8692205863349163,1.6662045246973987,0.23449869981934648,0.5296250052122015,29.856740963303864,398.52152199768204,0.07491876677987173,low,0.8492895680655043,0.08817235681860723,9.574249913686238,0.15071043193449574,167.0090918742065,15.970764949014157,0.09562811682757699,2.347288393091304,0.17877314718765347,0.8497563102571117,0.09645656280050903,9.718599925349347,0.15024368974288826,166.3031253850267,0.09562157238464081,0.17953204964837088,9.552971386699971,0.017337907960236366
187.0,0.13062653504174404,1.1109445250382572,123.24247559544294,0.8938481857194058,1.4942163721831825,1.1406699735520094,1.5947264369697614,0.560401728567493,0.45131602245860186,0.27446511984239425,1.6666070067933043,1.426685721499845,1.338579436454795,0.020825997774219195,25.541129538282824,256.616901725048,0.09953019215253735,low,0.8648260462420366,0.0683779959718513,8.110109517275186,0.13517395375796337,163.71980257413782,12.022858557106165,0.07343557937447312,2.6113467281843237,0.15600513277382524,0.8652273301264478,0.069475213119549,8.23923001865682,0.1347726698735522,163.39742727012327,0.0734332170445999,0.15631292343458422,8.125358217347806,0.014014373060611015
188.0,0.09213220596686039,1.0185276333693636,101.99048888223659,0.9159561600012434,1.0638427059345683,1.090383196627264,1.3247313655085142,0.721666003613051,0.4699981618874365,0.2673296920415513,0.18988397961413253,0.9046707942488452,0.836217208396663,0.6894688884317008,38.954683257431455,274.9061092987726,0.14170177358661332,low,0.8092061621390676,0.06631207203600163,11.301195268172657,0.1907938378609324,165.74781990084756,12.809808007188876,0.07728492606932545,2.5602563479762885,0.23502380472174314,0.8092260915227067,0.06817659118606204,11.442453912950326,0.19077390847729325,165.51630666046572,0.07728322623867936,0.23535254044389542,11.275803263386521,0.014779492482361137
189.0,0.10565019881574123,1.0751057725832074,99.76954949325092,0.6426904250750838,1.0758574902066846,0.9534522874356092,0.6624998257577434,0.6116834611964594,0.12465146545500519,1.8997117760279434,0.3021377207348841,1.8462530643602688,1.393569714834651,1.7496825228284445,30.58853622637384,382.68820629267304,0.0799307000409108,low,0.8448443828223418,0.0845829157523837,9.597507534278266,0.15515561717765824,165.58635912942856,14.741071616229208,0.0890234660254051,2.418855280796233,0.1847285995488595,0.8441627541395609,0.08722575003769266,9.51264491986794,0.15583724586043912,164.8010981282637,0.089017281234486,0.18560881313161495,9.478527475273808,0.003599445661062115
190.0,0.11815768180286182,1.2732022037283781,82.3729744133171,0.7576768352623227,0.7967229916808788,0.916982904297155,1.429846944580079,1.0003010415773628,0.5340232586248426,1.8745864761815823,0.6609088281479844,0.9137594087399078,1.4271451186233743,0.24776398325144147,23.91158329723534,266.99767832089327,0.08955727048868573,low,0.8753858829289624,0.07872117444822328,14.450039089505276,0.12461411707103764,167.98906604710822,15.301986213932658,0.09108917963530798,2.3959162563554677,0.14234011688909531,0.8756910891735538,0.08246642767436847,14.648831814853706,0.12430891082644624,167.31992764495124,0.09108096852428951,0.14290935714468594,14.386618173077785,0.018226218185633827
191.0,0.10967066319369664,0.660112041635581,115.97843618619221,0.6457676047057401,0.8701384206554302,1.1658624619144762,1.540546711287567,0.8343772293124938,0.311111983912542,1.8400773962363726,0.270031417881144,0.3727380287095016,0.9828188169754147,0.4216798172263206,20.26114999048141,259.8128698461881,0.07798362722553437,low,0.8914547103856548,0.06650732691194026,11.947541577263147,0.10854528961434518,166.3878032519963,12.02847825439986,0.07229182680044514,2.627044201844554,0.12177064420879251,0.8913328165167186,0.0695352729971903,11.96992192969825,0.10866718348328142,165.83650248319236,0.07228822078356728,0.12217545405924667,11.851588659604651,0.00998459139042936
