sample_id,neck_radius_um,neck_length_um,intracellular_resistivity_ohm_cm,head_diameter_um,dendritic_area_scale,membrane_capacitance_scale,membrane_leak_scale,synaptic_conductance_scale,nmda_fraction,hcn_density_scale,na_density_scale,kdr_density_scale,a_type_density_scale,calcium_density_scale,R_neck_Mohm,R_in_d_Mohm,SMI,SMI_class,Gamma_h_to_d,Gamma_h_to_s,A_h_mV,local_voltage_isolation,Zin_50Hz_Mohm,Ztransfer_50Hz_Mohm,transfer_gain_50Hz,electrotonic_distance_50Hz,dynamic_SMI_abs_50Hz,active_Gamma_h_to_d,active_Gamma_h_to_s,active_A_h_mV,active_local_voltage_isolation,active_Zin_50Hz_Mohm,active_transfer_gain_50Hz,active_dynamic_SMI_abs_50Hz,AMPA_only_A_h_mV,NMDA_delta_A_h_fraction
0.0,0.11425986316304682,0.6782556927640246,141.09438417193428,0.8542002125209578,1.0796198254976308,0.8849930899489215,0.6246464156437943,0.8184090910869215,0.2451882991181989,1.4823948501728308,0.9833847890866338,0.5953861028792239,0.23447896124944165,1.7856464404540084,23.332748721655086,395.75313526553396,0.05895783669786918,low,0.877574916860679,0.09469641818868932,12.00098764973203,0.12242508313932099,165.88758616289257,15.889995821075454,0.09578773305841189,2.345620649611065,0.1406539769572848,0.8781315735983101,0.0998155668194427,12.087102961284652,0.12186842640168993,165.4264849264304,0.09578334316936614,0.1410460285850345,11.990997890789966,0.0080147683595626
1.0,0.10845766706417423,1.0851667854763205,177.94464052513388,0.6148790230186101,1.281701802242027,0.9592845991123281,0.7058167002543947,1.8412808698297887,0.031123918260094405,1.3631780176772008,1.8193677470367497,0.42332388772174384,0.829689402468571,1.133028523904507,52.25297417286703,369.4397520700623,0.14143841825380377,low,0.7595775342590999,0.08262020997962861,24.150754056145036,0.2404224657409001,164.82320286986567,14.555686960715432,0.08831090955202292,2.4268916280184802,0.31702438287237256,0.783034338006381,0.0831955812902769,27.8405726357637,0.216965661993619,164.3954392479918,0.08830749275525157,0.31784929321575034,27.71682932200239,0.004464555174176385
2.0,0.14247745084510893,1.2253529198002107,149.73933858321058,0.9885490269902786,1.188424003315479,1.0988649309361052,0.6017114957282527,1.942792334740181,0.33809304590753236,1.608004394529319,0.07558193075415291,1.2749428585632567,0.3638034819433755,0.09566719279509885,28.770999876922822,404.45946550786675,0.07113444567503446,low,0.8517237976116948,0.0843273352373578,23.06611040643803,0.1482762023883052,164.35933924084748,12.733497552804357,0.07747352606562294,2.5578190001343692,0.17504937662692,0.851521626709732,0.08727093180199956,23.258942213269393,0.14847837329026803,163.7790113429302,0.07747059210610413,0.17566963947950814,22.877350534499005,0.016679889491352948
3.0,0.10909159845889042,0.7699469970235896,121.50598629736425,0.976481445699793,1.3978821705031457,1.1335083666211814,0.5379762323600181,1.6015739201669008,0.08916665016228666,0.41749982758102905,1.1460607078613592,0.9248924763122292,0.7937046024315553,0.6346656167793984,25.022230550496264,432.56258686228347,0.057846497386660686,low,0.86775751329496,0.08491592157282488,19.429191335797896,0.13224248670504002,163.16835721677774,12.251595989036637,0.07508561217393242,2.5891263208041866,0.1533522245201802,0.8712025917833244,0.0845687512350109,20.009477489069035,0.12879740821667562,162.90621234866512,0.0750844387821167,0.1535989953344545,19.915832977248435,0.004702013314109316
4.0,0.13654849395635696,0.4056180418515262,174.565327765541,0.8622741011108461,1.4884176186686813,1.1284992515828687,1.7602082006816056,0.687941998074195,0.05314322679529279,1.6537259230579961,1.7014313125856433,1.7480598622540844,1.706157871338747,0.4768992363399837,12.087919262733191,248.19451736489526,0.04870340969281585,low,0.9315721730256193,0.07269709531158264,9.139862728720617,0.06842782697438066,164.00635676117435,12.130181277488461,0.07396165317636072,2.604208520409605,0.07370396795250801,0.9316119029826853,0.07294069264983573,9.123752199213998,0.06838809701731474,163.29628255329933,0.07395598513013563,0.07402446077599921,9.108124726172894,0.0017157728413837719
5.0,0.12599076328045522,0.6136664356965915,162.36977293604025,0.8360480508064076,0.9892213586364262,0.9004641022284372,1.115882377017026,0.7970536025226902,0.36119807942665333,1.6935734113316172,0.8434537261246651,0.9796902056770613,0.15671593463453967,0.36034145887116265,19.980680117626093,295.0937313703848,0.06770960543566236,low,0.8934346706292385,0.0857019917382532,11.631530562842329,0.10656532937076146,166.94183148346397,15.572697663918587,0.09328217814275688,2.372126206065559,0.11968647965627016,0.893699784418773,0.08941544157141991,11.714974227580555,0.10630021558122704,166.37061534002262,0.0932755832561757,0.12009741069232843,11.584794036188576,0.01123716062498151
6.0,0.09653786847498888,0.5269367577458051,165.29467932869164,0.5232050239012841,0.8953140095723565,0.8111957076199416,1.076510335672436,0.7829074324904675,0.08999382283663294,0.9194279233129476,1.5002270418806452,1.3851128575741167,1.8628379760389118,1.910158140701833,29.748980394490573,299.78254611345255,0.09923519824677214,low,0.8497695913470682,0.08798615097026705,12.142620273623415,0.1502304086529318,167.89031117469173,17.32217069823028,0.10317552321531152,2.2713236322120656,0.17719295524764636,0.8503943775839127,0.08773674652044637,12.220285599033618,0.14960562241608732,167.3716523771749,0.10316766867983121,0.17774204873983515,12.186743947249695,0.0027523062705762445
7.0,0.11785700968402425,1.380532917125858,164.76528344687813,0.9723977423099832,1.166699334388503,0.9832752421251411,0.9457674905727024,0.831142249949573,0.04091438262574199,1.8470166472283092,0.7990308540245664,0.48212834352903905,0.21427189226630283,0.8792497657975383,52.12568411382385,318.10565051079635,0.1638628047949583,low,0.7601391868172739,0.07253056576958014,13.407601990388414,0.23986081318272612,165.47938096280106,14.21822365937724,0.08592142160945977,2.4543221026245257,0.31499806084929366,0.7606262340262087,0.07489177757922517,13.395799673054306,0.23937376597379134,164.9500373609124,0.08591697263018089,0.31600892578018824,13.376687519719425,0.0014287657767818938
8.0,0.10182368664961827,0.7301854400282844,140.66916303249238,0.7095615556956005,0.9924795760582623,1.0515025360092176,1.9389781037926501,1.6506247597768797,0.2521663137818012,1.5924871979613016,1.121375515774708,0.525123929416495,1.0544375787223066,0.4971694579200483,31.534399502334146,240.74711333747865,0.13098557679538742,low,0.8406173053639681,0.0675903175600477,21.19682099078224,0.15938269463603194,166.98749504274292,13.19376750652999,0.07901051215333729,2.5381743701353905,0.18884288008669423,0.8456208770993496,0.06916439796632833,22.120779622489845,0.15437912290065037,166.46706584420465,0.07900535504495679,0.1894332632248529,21.811805787424955,0.014165440407644796
9.0,0.15435591837250526,1.0903155230358785,123.37754891933685,0.9509790977658492,0.8428574908033788,0.9857815278964808,1.4100703583002538,0.5224651584990349,0.011977848964168954,1.816025785399728,1.2987231204317036,1.7964252756119976,0.31771620718352794,1.5792505444548324,17.971812899946265,268.395624817535,0.0669601559718574,low,0.9032003285936382,0.07543644380572931,8.025847246237838,0.09679967140636181,167.32754606907568,14.236817797298702,0.08508352708060095,2.4641218334609425,0.10740498693817689,0.9029905101774928,0.07639670733926848,7.972340169602223,0.09700948982250723,166.59269616054934,0.08507618314161078,0.10787875647697305,7.969790716115408,0.00031988964047201306
10.0,0.14563220021219137,0.5059104032824153,163.99808864536232,0.5246638807995716,1.220685848805293,1.186501207264074,0.5670396696075019,1.5152750957197239,0.5430999855347731,1.1303340645294524,0.9473251942168424,1.5908257948146975,1.379639224086513,1.9175616749344704,12.452246296614415,418.9709197670884,0.029721027663535186,low,0.9299293739536793,0.08513803822814517,17.934807865620435,0.07007062604632075,163.79306941875765,11.767573356131143,0.0718441469952911,2.6332561312186753,0.07602425634248709,0.9312937003481826,0.08983039582743248,18.577964981299385,0.0687062996518174,163.24162547535025,0.07184196017204678,0.07628107267588269,18.11179555078254,0.025738443723582374
11.0,0.14288897203910095,1.2056661127900732,100.35470257929758,0.5128064903694735,0.793785546939455,1.0356689037624682,0.7769747254767113,0.8246030695345163,0.4531354770458954,1.727392620176654,0.21638471861186603,0.36871991248091,0.770539639936734,0.4553554261765718,18.863291941607482,350.94505987907735,0.05374998567612569,low,0.8987105307425528,0.08156534307151911,11.975462373110965,0.1012894692574472,166.40282035144548,13.665872481330778,0.08212524554853234,2.4995098122453654,0.11335920810577547,0.8987412558487959,0.08829092891348747,12.042790987726933,0.10125874415120406,165.88904343608627,0.08212188896584358,0.11371029424782435,11.878191548890477,0.013857281064964049
12.0,0.13594099423802336,0.799837734489782,160.5320959551034,0.9586950450430889,1.0642517497966302,1.062196844380671,1.4878042569129637,1.8557028575318597,0.4467006367884627,0.6672743847062086,0.3131184803264528,0.9664878175526209,1.7428223412920705,0.8010119042654639,22.11632731629448,263.086235154044,0.08406493522302594,low,0.8826733443485879,0.07574197028031554,22.10611165218975,0.11732665565141209,166.09984711290946,13.12243934522572,0.07900331983030362,2.538265404229664,0.13315079875576585,0.8835900287083145,0.07797306337103281,22.669614293891318,0.11640997129168551,165.72223166605417,0.07900014693101674,0.1334541967842972,22.187810506070953,0.021714796405374708
13.0,0.11039412106620276,0.626542514916849,82.04617971759002,0.8307162166566646,0.8367069897400399,0.9278001942207885,1.0963526336049798,0.7178973804185869,0.057941624363582606,1.2598525345416518,1.408519820031232,1.8645799564455559,1.4838386062955218,1.106999944384227,13.426633833176925,297.3852692329266,0.04514895397411407,low,0.9258957836886438,0.08571715338201948,10.43425083747157,0.07410421631135622,167.2565683380243,15.183945724400537,0.09078235835685626,2.3992903034759245,0.08027567447181984,0.9261083562062131,0.08542193365590184,10.431961663038155,0.07389164379378688,166.60218366147862,0.09077550410998651,0.08059098349190127,10.414741826943388,0.0016534097897865365
14.0,0.10121582323774977,1.0076486695438687,100.68675956649679,0.6003989267569536,0.7253613934739207,1.1203419454667845,1.2256677309746211,0.6645396211514271,0.6194758484466658,0.12773792876562626,1.7841530200501647,1.1898903832234866,1.694651061575005,1.144389051870504,31.523527082777274,283.6463760625746,0.11113671720530968,low,0.8412268466308128,0.06604732556683839,10.546231745518567,0.15877315336918718,166.83256268330808,12.61056719861253,0.07558816453926138,2.582455561765935,0.18895308311373954,0.8420471520110178,0.06828436556662397,10.816110999014535,0.15795284798898224,166.54842756165687,0.07558633613791041,0.18927544104916358,10.62258931913413,0.018217938589776835
15.0,0.11489652615899495,1.1255375364153881,161.94917306223536,0.9420805134050627,1.3630101278926592,1.0703092167106079,0.799876071830554,1.6769225787844457,0.16714188489145645,1.349902877246618,0.4420859417262351,1.7585347229338444,0.7613186738371147,1.1764243528381373,43.95163635793389,345.6367693033436,0.12716134468714557,low,0.7885567965080517,0.07729225669803162,21.691599368170515,0.21144320349194834,163.95744964805547,12.985025678227712,0.07919753390956526,2.5358101181520283,0.26806733364222685,0.7896925551564895,0.07677075442005969,21.93453198065498,0.2103074448435105,163.3577927867117,0.07919382335381714,0.26905136025753845,21.75216110605824,0.008384034749813883
16.0,0.08799761038227746,0.5515994654534546,81.2779255431247,0.6088840704181748,0.960094679346287,0.9032030151965087,1.798656622985926,1.2548071181018776,0.5078496800102961,0.6403940878301205,0.834330710502519,0.10729882569713851,1.2660796934329814,0.6901140063205985,18.429129290128078,246.49820334518034,0.07476374691592012,low,0.9009727859163432,0.07917552279278463,16.70534941280534,0.09902721408365678,168.11338961542538,15.354399361919958,0.09133358976964617,2.393236653569262,0.10962320926540343,0.9022941987345634,0.08274762866463777,17.212251034609668,0.0977058012654366,167.87917794183628,0.09133023307907327,0.1097761468459958,16.87223180374124,0.020152593612010033
17.0,0.13274627299261108,0.5795020196285092,86.91576485641447,0.5849588239733391,1.1445738322264818,0.8781681311915018,0.6406775703046469,1.0756201294529428,0.4164661373305043,1.1202203121102392,0.2767917761754981,0.4692863492950092,1.158354933766941,1.7992762253959362,9.09827300590122,390.0259739700679,0.02332735154351401,low,0.9484714240317903,0.10390427857894145,14.054258425294945,0.0515285759682097,165.72491030568554,15.982777152253608,0.0964416099111039,2.3388175324125657,0.05489985174298257,0.9486843750570302,0.10990284655062109,14.198495727467773,0.05131562494296982,165.33517428422726,0.09643777213034468,0.055029264312870314,13.99707403244789,0.014390271463375084
18.0,0.09283616533893031,0.785071124779907,145.89739295184518,0.5436787321708669,1.1950646531989662,0.9752989456572517,0.6764696768575379,0.9759498056685908,0.22888484923339358,1.3937983198907915,0.9891483935915862,0.701548874818534,0.37131311325305155,0.6991050453823487,42.30310802486416,378.2259590722943,0.11184612533900225,low,0.796390174998844,0.08104638388920196,14.698266400925252,0.203609825001156,165.03343895829138,14.355931687785237,0.08698801757026578,2.4419848988904787,0.25633052484324315,0.7975855320152135,0.0844194392749335,14.876276280280043,0.20241446798478646,164.5784954694574,0.08698462356886724,0.25703909799512537,14.74780535388586,0.008711189448966542
19.0,0.12576255667608194,0.9138408216527477,173.78011620219183,0.7468594489450963,1.1037947416316376,0.9796755337637928,0.7658693057749459,1.5330648092825636,0.548279287099721,1.8856187836694973,1.3152842670257703,1.0328465720036413,0.27617211954922566,1.2052679551272902,31.960830022283425,353.58626217417964,0.09039047452171443,low,0.8387994154192642,0.08531068666189719,20.090140257265514,0.16120058458073583,165.49273416910228,14.321004368757032,0.08653554756140334,2.4471999949958723,0.19312527636183413,0.8444813536475975,0.0913276130177691,21.285569989322024,0.15551864635240253,164.87074997500292,0.08653074209758561,0.1938538523487593,20.646171855331865,0.030969331189841617
20.0,0.12240397646451631,1.1617204774830467,119.11186600801071,0.6498591207823595,1.04896832812449,1.1840097412704655,1.4477693110957266,1.9858864062661086,0.7177019821131372,1.3259691668519629,0.024670149131710877,1.9316505804151591,1.1316360845373754,1.3159421362714354,29.397862002450555,265.7425937386787,0.11062532952982054,low,0.8489906732624652,0.06868029074810464,23.571792774149635,0.15100932673753475,165.43908401196634,11.787501456617644,0.07124979884296895,2.6415632830939386,0.17769599111370918,0.8484641552304283,0.07191920468595009,24.15349350659667,0.15153584476957171,164.79176628452757,0.07124584065199326,0.17839399786329463,23.325486699493187,0.035497943420039146
21.0,0.13308735350837536,1.0112410991733904,102.35379150373703,0.9902099089247796,1.4537099006020546,0.9321763701338551,1.810146395837854,0.5391516267827414,0.41214938480820085,1.3882337755142304,1.5756648777255968,1.6393641911508896,0.07192428965606588,0.761083723771478,18.600953032971674,245.95765130014559,0.07562664928147597,low,0.8990322081418697,0.07752673674596665,7.855585196797146,0.10096779185813032,165.95383008917025,14.670987083690372,0.0884040282517575,2.4258377419179546,0.11208510838814034,0.899268725610478,0.07971225382464749,7.923372420759627,0.10073127438952201,165.373477054881,0.08839617326657911,0.112478454007463,7.828603712649075,0.012105441990559448
22.0,0.08252106250379176,0.5713064464757615,95.02272206864157,0.5396242294612869,1.1902387957142855,1.1213219133834142,1.0513280535696574,0.9417833884052235,0.5682538145070827,1.128559850481073,1.1781273721832561,0.5893779397570295,1.0986380511723566,1.6163538648362057,25.37564540426109,302.9391850278061,0.08376481702732486,low,0.8666807094710107,0.07405653577059629,13.127054966796537,0.13331929052898928,164.73249437093014,12.436357165993403,0.07549425639115442,2.583698699910299,0.15404152957899395,0.8679712839178915,0.07902917699086884,13.45619640542052,0.13202871608210853,164.32745539248185,0.07549179243797126,0.15442121551540836,13.179301730709643,0.02100981374951557
23.0,0.09849665832463705,0.4309368067626698,108.62552011810476,0.6635265347681134,1.3541784873029021,1.0879923988086095,1.4668955818845504,1.3554431976001862,0.4493972463766768,1.0013567290907524,0.5022817286498464,1.6427126031301331,1.3599468447928542,0.5271262741561787,15.358634043457961,264.4339173144294,0.058081180354770945,low,0.9149053377661326,0.0772362936464386,16.63410271851483,0.08509466223386741,164.64177776859262,12.6927661036789,0.07709322795043456,2.5627398368952536,0.09328515673005446,0.9152240332950368,0.07885262946216647,16.93035324857048,0.08477596670496323,164.11248365224765,0.0770890305447726,0.09358601918427313,16.615352731734255,0.01895840081893622
24.0,0.1287764052142827,0.7131349568069474,88.78015105519037,0.9040269863668644,0.8537610751582464,1.1434955212085018,1.1114590112955056,0.9037791511072101,0.47599573162518277,1.5201410038442704,0.9199509944278708,1.9636954938974374,0.9142380116791068,1.8491087869056173,12.152486215258364,295.61312264273073,0.04110942743886745,low,0.9321883581111109,0.0749176955573051,12.35069770297223,0.06781164188888911,166.11909968407355,12.32165742304504,0.07417363473844041,2.6013465189275866,0.07315526172709849,0.9323090261711542,0.07776086886461372,12.493389001462498,0.06769097382884581,165.41836900938085,0.074169552443689,0.07346515558117489,12.30291184853869,0.015482282183988233
25.0,0.11870787121660523,0.41966903723148113,154.87519980281988,0.7848713865141094,1.147102934128639,1.0836883347307777,0.5040289702210238,1.4806040721373328,0.38639645877196926,0.37223127649435117,0.519659911592229,0.16998927915087078,1.6742195947447025,1.2025117325612187,14.681820220103686,450.4670762188847,0.032592437927627144,low,0.9187933613644516,0.09063889241074405,18.08551173427432,0.08120663863554844,164.4914761701585,12.937965844288753,0.07865432389277759,2.5426926746027587,0.0892558116805764,0.919715420214577,0.09556667822838323,18.52581411161821,0.08028457978542303,164.30715995348527,0.07865341907262632,0.08935593691875664,18.219203956985307,0.016828954511777534
26.0,0.06868137341506286,0.4145142910317613,160.0412808261842,0.9978417716357677,0.769276883250751,1.0337220135839587,1.716657484999914,0.9660149281507772,0.5687509307534361,1.622608054918449,0.910915259114844,0.542298855205095,1.4683189789199786,1.6277939127564485,44.76552803524295,250.3064167823246,0.17884291026455248,low,0.7885126517627886,0.06289596552582198,15.155052044164382,0.21148734823721138,167.68652413388898,13.552439843846662,0.08082008923403852,2.5155297152240483,0.26695960373953487,0.7897743806607589,0.06634647767733104,15.49344767547922,0.2102256193392411,167.1324442988889,0.080814741731135,0.2678446319805337,15.18050335747044,0.020614884147091065
27.0,0.11858263319207726,0.8953993014181779,93.83888937796262,0.8469116736829994,0.724801234507475,0.8676428023189198,0.8913476235427802,0.6366624271914644,0.10650658624274943,0.06710865024712302,1.2447546629408015,1.3028653498924032,0.873037995673189,1.372106969308134,19.01987059793486,327.3602389684692,0.058100735317971296,low,0.8987185416593354,0.08975250011864838,9.78735895732099,0.1012814583406646,167.65851899749586,16.31723446326125,0.09732421925726877,2.329707407534041,0.11344410478908584,0.8988120040698986,0.08872005039070627,9.85275322529347,0.10118799593010142,167.4077088421003,0.09732134432585135,0.11361406669674029,9.824258638549049,0.002900431248075383
28.0,0.11768412767544895,1.0517143584625552,128.74578672175988,0.6160049644398374,0.7361691597533807,0.9485519210047099,1.6713928610522042,0.9581523204223861,0.22641541728064826,0.2255875763211567,0.2324341189790418,0.8887953998026843,0.17857251595019832,0.8568903482235108,31.12040002558423,252.56270387156457,0.12321850989293279,low,0.8435833326385467,0.07120076140837549,14.410691074620633,0.15641666736145332,168.31936837362866,14.764825481926355,0.08771911173734909,2.4336154815969304,0.184889001938888,0.8436736157991576,0.0717832038027921,14.509087656333131,0.15632638420084244,168.12067798855048,0.08771672534291357,0.18510750966459713,14.40384063288628,0.0073068722522905485
29.0,0.11407966293422456,1.2790281023354924,98.16970771186988,0.5639528252631265,1.2737644786185893,1.010445167596712,0.5153774308269543,0.7997801059473996,0.7467255737569262,1.6878103766280488,0.1518031894478914,1.5706601651284349,0.058974573881524106,1.5623141823726348,30.710808741366254,444.2154111225832,0.06913494663266302,low,0.8433148502157797,0.08583307592756699,11.779458109292637,0.15668514978422032,164.3115123270667,13.831138170319644,0.08417631835064833,2.474841652036283,0.1869060074149614,0.8430823630527451,0.09574525514231404,11.949770826356724,0.1569176369472549,163.68337989726498,0.08417247461525906,0.1876232563174204,11.65813514558263,0.025015637332407973
30.0,0.119999366905104,1.0600984715256532,143.43839897452196,0.5635245884459119,1.3112527711130046,1.0925064219839955,0.9144376636327046,1.1078781958798625,0.29179135090126224,0.15379270177283988,1.1320425298252463,0.14039954972591076,1.797436850175118,0.6428481419563293,33.61273527648622,323.26920447177815,0.1039775357860314,low,0.830136189238001,0.07557719943653225,15.35271565965729,0.16986381076199897,164.19569038653944,12.729294800556179,0.07752514557836235,2.5571529361726557,0.20471143424871374,0.832217637742831,0.07765225621494937,15.737726396101124,0.16778236225716903,164.06255457231458,0.07752432561698527,0.20487755639371436,15.551415745166448,0.011980301600038126
31.0,0.10895440738696843,0.9495997030788107,116.76728067822762,0.8250785278475099,1.4849959104924308,1.184694050056859,1.928114818800426,1.0288443467757384,0.6562490251195054,1.2941041675437122,1.9927493214891892,1.012176134008728,0.11590988418223774,0.5145188597427857,29.731872245546025,241.1256627571018,0.12330447081236831,low,0.845674767711794,0.06402726964289965,13.833241160899831,0.15432523228820605,163.75112095149055,11.527892017057498,0.07039885864642421,2.6535782283583096,0.18156744254809565,0.8485977073308965,0.06757211474401656,14.420764198407134,0.15140229266910354,163.29296764596637,0.07039549666689333,0.18207686879699164,14.023708934259895,0.02831314212299671
32.0,0.12616530746221064,1.187627257079158,86.31035546440111,0.8903812428374429,1.078474851110857,1.0484029697055437,1.866986037480461,1.2717205810341408,0.08017018691174288,1.1761297443230492,1.126268010235869,0.743688178772005,0.18789830641278038,0.813939401278812,20.498084929825794,243.58222307226768,0.0841526309731736,low,0.8901958212417914,0.07117151780070935,16.63706239656082,0.10980417875820858,166.57813725928693,13.212981931225551,0.07932002451593576,2.5342646662542436,0.12305387289761519,0.891830125559117,0.07155676212659492,16.89156668727484,0.108169874440883,166.16776972752913,0.07931599265488848,0.12335776645156393,16.834831466436327,0.0033701092257219754
33.0,0.09767399152499298,1.2307464223131164,91.88986686687775,0.9327546306855758,0.9722650818968992,1.1620531342343963,1.5914752073923903,0.8217171154949826,0.05992656910968311,1.6853357074348871,1.4702474367481229,0.31631668755918874,1.334212272135641,0.9264733012089071,37.733618985927926,256.8378378182,0.1469161214970096,low,0.8141519188033136,0.06141111265071096,12.566752762608138,0.1858480811966864,166.02817483860903,12.021314684901263,0.07240526914535331,2.6254762039879385,0.22727238327234295,0.8152231305641726,0.0628094395250409,12.63641179018147,0.18477686943582738,165.507759595467,0.07240175526040839,0.22798700845299455,12.610131669220197,0.002084048101212095
34.0,0.10917747677782474,0.4046628207493496,92.35906636633732,0.6144097061821635,1.377410082220694,0.9712651440021528,1.0038184043735965,1.4496015609036406,0.32287692345842556,1.232451225526124,1.2585262727960476,1.573378400474703,0.8827157100627269,0.7407646530150096,9.980604813956486,309.35578591408677,0.032262544514775185,low,0.9434088701787542,0.09267032110182456,17.33406753611265,0.05659112982124581,164.78327301050913,14.29188720852215,0.08673141968487712,2.4449390654023664,0.06056806999652184,0.9447485199902566,0.09415564310314758,17.860083612308426,0.05525148000974345,164.225227144314,0.08672637701769266,0.060773883449623506,17.595681601780488,0.015026528469416243
35.0,0.1329517737080289,0.860366818217013,93.74121497268138,0.5326906206833039,1.4458982105624498,0.9807906026641044,0.9568915749968956,1.188804446559252,0.21658932538689216,0.7378671017397215,1.6069161926327762,0.6283880802571199,1.0045938271431147,1.2500067582913672,14.523660442737281,316.32892991396494,0.045913158959844186,low,0.9194196188422304,0.090076915842363,15.032346539016437,0.08058038115776955,164.36187032973316,14.127431887336467,0.08595321931415628,2.4539520921926385,0.08836392779907387,0.9210676369964218,0.09198685807196981,15.423105213038337,0.0789323630035782,164.05119109414508,0.08595054328536654,0.0885312709153236,15.28300374900759,0.009167141900350917
36.0,0.09683772639559234,1.2483875437033185,89.21441023140167,0.9623073204107495,1.041999998633432,0.8687896973681459,1.695281341323977,0.5132974661155584,0.5564322375532552,0.9461265949453489,0.4481958282631471,1.2898515904437176,0.07972480067525795,1.443861700968246,37.804665018783275,251.3358823066483,0.15041491358825876,low,0.815483269018944,0.07242861453441866,8.590835151352893,0.18451673098105603,167.99021653963734,15.94426580380753,0.09491187125201112,2.3548064889661244,0.22504087319789395,0.8152520933887809,0.07498127055495117,8.675616564519206,0.1847479066112191,167.55692735634776,0.09490514228010545,0.2256228113946199,8.545152703283202,0.015267586872482395
37.0,0.12330790934166695,0.667282291514032,169.95473722107786,0.8224461039715214,1.2977002158239588,1.0659795053039203,0.6988965129493661,1.3506875388157418,0.15199525585476534,0.10171153168647849,0.8777250073296318,1.480923635840815,1.762318637708679,0.10903593006617311,23.741662795150116,371.44216219441535,0.06391752259595013,low,0.8742800308752459,0.08482703640552856,17.29411260005189,0.12571996912475414,164.15345678101014,13.07650725905492,0.07966026129135806,2.529984421151693,0.14463090367218293,0.8755716238360057,0.08339201786769616,17.589030445088394,0.12442837616399427,163.8469182622186,0.07965845946674767,0.14490149126365776,17.4751217830153,0.006518332947116025
38.0,0.07371308810854302,1.0660476391046734,84.03753583052841,0.6950655267566015,1.164511127684874,0.8472099244351504,0.8859375045824023,0.8111113455732398,0.01941258716132668,1.9671001569956064,0.6844272230737175,1.2498871445541135,1.3450438835622658,0.42327293770523133,52.48205571213359,328.3053264885771,0.1598574603508896,low,0.7602573904409381,0.08132331362576263,13.365649210856748,0.2397426095590619,166.3140275633399,16.516786549206593,0.09931084461842074,2.309500503235241,0.315560007060415,0.7600424461002816,0.08217609789103486,13.281048548346345,0.2399575538997184,165.59518808284662,0.09930188497870279,0.3169298354604182,13.272296194394823,0.0006594453456530038
39.0,0.11204477557079454,0.6928961752341691,90.59613388689407,0.5838568958434656,1.4562620934860366,1.1181874647451147,0.9310186516934033,1.5056437250810795,0.2908001100956971,0.6633630656166337,0.6510137158306601,0.19097209382520267,0.6185072324907129,1.4805790227487463,15.916395939233054,320.47637497167364,0.04966480271951366,low,0.9117584786250312,0.08336531852896037,17.847232736435515,0.08824152137496877,163.3826156274067,12.366815519537647,0.07569235852938061,2.58107806776365,0.0974179283280072,0.9131126394765992,0.08670149060690409,18.25953292761953,0.08688736052340085,163.17180296798887,0.07569112172556759,0.097543789121185,18.01410094565953,0.013624436917521522
40.0,0.1333698581231545,0.4689149718632926,156.04115819056912,0.8995306584573293,0.8301565453300659,1.0129433580489609,0.636516817209423,1.7024523223698462,0.6594253817941993,0.02539906226060216,1.0933959289837925,0.3900869206151844,0.6788925519437528,1.0569462852925178,13.093869660032105,391.50992383319044,0.03344454089907303,low,0.9276741392644321,0.09256153908037858,20.53331091565902,0.0723258607355679,166.1782525447058,13.972277282921803,0.08408005902675464,2.4759858503828287,0.07879412293440473,0.9308239285510712,0.10043797167690036,21.989501475605987,0.06917607144892879,166.0829531747886,0.08407944806602471,0.07883933546299535,21.22969250963229,0.035789918560005435
41.0,0.15418714578582646,1.3532355478806317,98.4871172555957,0.8372421763563316,1.2942643966626592,0.8466796800847678,1.5825275237900964,1.1723616519115219,0.09581956306637242,0.5562454000456986,0.017173678297084674,1.45171114034702,1.2004004105280552,0.6462122470490568,17.84459157931101,257.32201315865024,0.06934731840570921,low,0.9035129193168044,0.08697387992071551,15.512453381121311,0.09648708068319556,167.11618333136963,16.275053482492343,0.0973876566473579,2.3290558048309293,0.10677955434111074,0.903083422646566,0.08601109771991858,15.47005689543185,0.09691657735343395,166.71678249787843,0.09738115704897411,0.10703536447830675,15.41732794400049,0.003420109608025668
42.0,0.08915992457175179,0.5157894431486546,168.57647992592035,0.9433658774630969,1.479559954909506,0.9761328648036875,0.5764771656584791,0.8938775429338418,0.24789601240490203,0.8298196948140357,1.7332839147766193,1.3771710705842348,0.7450811626194337,1.1886690094052736,34.81610412645296,414.8244276477699,0.08392973462019826,low,0.8254084747017906,0.08711375162112578,12.952894607027893,0.17459152529820943,163.7212764013274,14.224414075372243,0.08688189090649502,2.443205658455836,0.2126547318206144,0.8268604099965896,0.08883722532355293,13.187221142821539,0.1731395900034104,163.29747273945136,0.08687888296935602,0.2132066316911325,13.06543616687822,0.009321156552894288
43.0,0.09811869147323674,0.9063556142592571,139.52566431959227,0.9653953523284353,0.9529212898651415,1.0561055569056514,0.9933693246471162,0.5055189666008383,0.7188305843438392,0.42704044190946205,1.5536046529548013,0.710169211530212,0.09919179389090348,0.7563987861888095,41.81184772298655,310.8841991197094,0.13449331886721727,low,0.7987281593557853,0.06881371002305661,8.528494053812494,0.20127184064421466,165.9872671373577,13.315557313857811,0.08022035390726043,2.522978006941405,0.251897922317056,0.7995769693289915,0.07351074018255117,8.731160872338918,0.20042303067100853,165.77027705967365,0.08021884989282042,0.25222765181200246,8.557050070465069,0.020347058909331237
44.0,0.13773354379306513,1.392543462551029,104.94462805304966,0.8976360002355306,1.3426816525584218,0.8456637506544031,1.2389533633271552,0.6410866794095142,0.3429651123320609,0.06128808586870591,1.7812482416353168,1.3379119650571865,0.7884941101872557,0.9154537525139408,24.52108344653264,282.3517747807104,0.08684586263209089,low,0.8716781531605489,0.08697752561650965,9.630515427573247,0.12832184683945114,166.33206533301308,16.378844097402975,0.09847075526063435,2.3179956757951596,0.14742246720401764,0.8723867379360402,0.08773172999791932,9.79008069747976,0.12761326206395984,166.0858145160022,0.09846716143927889,0.1476410463951457,9.689643166650885,0.010365451967782886
45.0,0.11613386813430551,0.7632586587137716,171.58593208751074,0.5116695303739266,1.1978687807299562,0.9122560821330022,0.7629802950924389,0.5462224162964414,0.4400117044172321,0.27513325194535093,0.601916778392697,1.0220061102592435,0.5260667267477591,1.998457478589166,30.90905748237926,354.28497217284513,0.08724349015656145,low,0.8433024820566147,0.08590293181738196,8.651767349813328,0.15669751794338527,165.523641204505,15.34261943124297,0.09269140842719327,2.378479492181322,0.18673500206650853,0.8433422600061216,0.08840070565434881,8.751846345007426,0.15665773999387844,165.28579463497167,0.0926891558511618,0.18700371408590144,8.644528176314774,0.01241457792765303
46.0,0.11528800745323592,0.9448579584071247,113.89407874968975,0.5900109011090476,1.184678044678742,1.0503251525694863,0.6373209138558459,1.4522800060957257,0.5644715407390593,0.17065118945458546,0.0057852625537366835,0.5484502820176776,0.3410933632183127,1.7561004421577024,25.77208365188135,391.19676439375,0.0658801043301602,low,0.8654010715934437,0.08563010017902595,18.62887149257338,0.1345989284065563,164.64213306937955,13.32844782414224,0.08095405213515838,2.5138735428517927,0.15653395137331635,0.8655706006590033,0.0914491198167982,19.033193484938224,0.13442939934099674,164.50804429355298,0.08095326519444117,0.15666154054991305,18.59099361505785,0.023785703929359164
47.0,0.07745924948475708,0.7891227165149833,138.18586965850548,0.9705140425874725,1.4979877822230803,1.0942802532242204,0.551573154637234,0.5407031545321729,0.6324608902372905,0.029442959319486095,1.0433140042300255,0.6919053009848576,1.3816942448716862,1.9375826902491964,57.85111576735207,426.0090263123548,0.13579786388125717,low,0.7367329670899295,0.07114765537541626,9.101313903093606,0.2632670329100705,162.9153877658804,12.653841100488583,0.07767124563256692,2.555270159179928,0.3550991503054809,0.7376350767671672,0.07468784754149933,9.30825223761597,0.2623649232328328,162.75374217491438,0.07767043331910226,0.3554518316708099,9.126729382144614,0.01988914625062571
48.0,0.09545169456198078,0.8546506458310984,154.67084400335338,0.9255821045271602,1.1096054305168588,0.8581504730266816,1.5969190708805896,1.904631365611269,0.798504360599469,0.8973166308319575,1.0127866505901202,0.7278723271512545,0.9890381613168858,0.8531624193084469,46.18276406175182,256.521836530791,0.18003443561113122,low,0.7832920028957272,0.07760388183472651,24.693507123024443,0.2167079971042728,167.6912558297656,16.140678905818415,0.09625235869307269,2.3407818002124543,0.27540353152721914,0.7953032079272663,0.08331418087693741,27.60421234715391,0.20469679207273372,167.31492788307608,0.09624647136068136,0.2760229744355238,25.931352999671947,0.06451107072982759
49.0,0.12462105292277965,1.304329503361287,147.74969781938694,0.6101539746149844,0.9353020166514997,0.8890909828505557,0.561929146862332,0.5629307469774288,0.5269825358252371,0.06976603383325808,0.6900030253791849,1.5374128522114565,0.6084232681093108,0.7036992581130516,39.49855555896588,421.28721728247433,0.09375683367217379,low,0.8089927550700534,0.08623268241007409,9.4551467911135,0.19100724492994658,166.25693793493232,15.886845353806818,0.09555598431642247,2.3480429800485414,0.23757538211382412,0.8090184547990655,0.08789676361353584,9.59271170368555,0.19098154520093447,165.98941841212422,0.09555358257447807,0.23795827430937508,9.45548104260506,0.014513345271610042
50.0,0.12072613780239967,0.9033782050539608,111.7975156740811,0.8439990289683725,1.2800918588640036,0.8340130872213352,1.526835388248904,1.7304133440540805,0.30163458535552706,1.0693397562013474,0.8829415330654116,0.004363943075157368,1.92717596431752,1.2877202221809056,22.057143793763487,260.6159413425049,0.08463466847093477,low,0.8833876529685311,0.08899612580768662,21.17418182714633,0.11661234703146894,167.20735612783986,16.543122920202983,0.09893776986435208,2.3132642137200947,0.13191491274402725,0.8870846880788386,0.09219748177691967,22.021012644665003,0.11291531192116144,166.8578002869171,0.098931949503592,0.13219126559163286,21.66956465995135,0.01621850693489845
51.0,0.11959630572962048,1.1858412629701598,175.3807990056922,0.6608006953686183,0.9271228208595771,1.1669074384972469,0.5451029560769597,1.2668587079501843,0.389165580653704,0.009604347468273563,0.3864894376017201,0.14885576188144117,1.0845764922785655,0.7500120931118485,46.28318103921324,429.13422787339533,0.10785245742007758,low,0.781371085324957,0.0711420548115207,18.355690193099697,0.21862891467504297,165.15039493816812,12.088899332380265,0.07319933650117107,2.6145689222476034,0.28024868518504936,0.7825529094119825,0.07456645641826558,18.776906665036023,0.21744709058801748,165.08023173511884,0.0731990543447809,0.28036779784436816,18.477190334245392,0.016220882361921665
52.0,0.10280724285291269,0.47380185190559587,130.48686472831548,0.7046320942634645,0.998967196307341,1.0743325716797991,0.5486044898763002,0.7132555966313886,0.5916009945347189,0.2958773763550532,0.5628879978476596,1.6847687495856436,0.5518361778670332,1.3613090738315126,18.619424488829043,427.4552709416068,0.043558766857205465,low,0.8993913417646523,0.08396830111676509,10.329014332457865,0.1006086582353477,165.18991008284945,13.11053703505148,0.07936645179161375,2.5336795215326138,0.1127152649910073,0.8994089015029293,0.0871643217785881,10.497014398058925,0.10059109849707071,164.85154454051397,0.07936470697197112,0.11294661836943315,10.312374127334433,0.017904729642718838
53.0,0.1322612324037105,0.45449087242164055,162.86539140573174,0.6747195902489116,0.9960907640462462,1.124088572952297,0.556420849982195,0.674155056659019,0.5895075099701406,1.953973003455262,0.47330857008023625,1.2405336747527542,0.4847665167261275,0.7299479594926974,13.46911218126402,423.7981084242074,0.031781907265574436,low,0.9251013850037749,0.0829641932832183,9.556466948460143,0.07489861499622508,165.0239966733517,12.525635996658586,0.0759019066872548,2.5783134738518805,0.08161911269137886,0.9249857329528239,0.0929575226459546,9.631491718426846,0.07501426704717606,164.35182564688242,0.07589884503696606,0.08195292098673147,9.46505030944094,0.017584841447687603
54.0,0.1263885250757506,0.9743250907597573,113.32474129609326,0.7323715590148763,0.9199284804528264,0.9567910497455722,1.108756650872901,0.5706836075387528,0.12762965850296226,1.304704924240955,0.6302498693259156,0.06567564390236402,0.466317107469165,0.5028664419345807,22.002065776776437,295.9215216005865,0.07435101596454087,low,0.8837771937328358,0.07983383463813791,8.810117430638233,0.11622280626716419,166.8041959115517,14.691087317619127,0.0880738475272475,2.4295796399696266,0.13190355108598756,0.8838771246028966,0.08305411636003097,8.807091982964165,0.11612287539710342,166.44936450469032,0.08807041830382555,0.13218473883783707,8.776222404810282,0.003517410650049535
55.0,0.12234917946847983,0.6083838520079753,167.15456565786099,0.8608919411487816,0.7463528630592947,0.9270245257313294,1.1026392867188752,1.116572896380701,0.7614474189194288,0.40340198994180704,0.5754547297936197,0.1028672801659436,0.27011481261345505,0.9020992287012749,21.624393059120706,296.64902878387403,0.07289554645693894,low,0.886159705018002,0.08371334566118865,15.65760613850304,0.11384029498199799,167.57541162572667,15.231699636042844,0.09089459777107557,2.3980547100259786,0.12904275662719522,0.8870092401913867,0.09071789701393791,16.17978546055953,0.11299075980861328,167.44513619452536,0.09089323576396252,0.12914315429263404,15.748718203566845,0.027371577256049544
56.0,0.10944699141062723,0.4016089669612011,129.10739512096646,0.7904631718402477,1.3168025956812677,1.0549204702272557,0.9129366929630055,1.663152747307203,0.3121898238978396,1.8575803675480842,1.8292892651653008,1.077333607307046,0.35560428796786603,1.4100685956930132,13.778342991656253,323.5255977783672,0.042588107668361914,low,0.9232343643295678,0.08767446290801682,19.428088621073417,0.07676563567043215,164.3859009520245,13.186078699903542,0.08021417057994441,2.5230550891946026,0.08381706041613274,0.9283810797271923,0.09079730012935575,20.750334255755273,0.0716189202728077,163.76946129226073,0.08020996292480617,0.08413255366986651,20.3375816200454,0.02029506966074336
57.0,0.12437488945577507,0.4105161054500737,145.10219793259716,0.5186504881992058,1.3835713621784933,1.077082735977381,0.5067906247764378,1.8635161130024072,0.11995478374574475,0.6272740659090358,0.398095415230827,1.1259782657032098,0.011369922710140997,1.4617967260802123,12.257133121198136,448.9006993716077,0.02730477617512347,low,0.9310142955743923,0.09542586868254907,20.823598760326107,0.0689857044256077,163.4890568846346,12.915273123781525,0.0789977835207352,2.5383354836082663,0.07497219296975537,0.9317675257513739,0.09541077630177763,21.080095356358733,0.06823247424862611,163.18118174804562,0.07899622093584359,0.07511364355801363,20.95609475514658,0.005917161697395907
58.0,0.10340134376756682,1.1795288230417307,117.8257583488292,0.6911759278518927,0.9102569906126255,1.0586604669838169,0.5748647508680919,1.0747617767841038,0.688886499601496,0.3852139051097459,1.8756541876245902,0.9788289778134961,1.4404358193529718,0.7219947418924423,41.37581518082446,415.5696737173268,0.09956408707765466,low,0.8007482112508252,0.07693124229011548,16.063087980007953,0.19925178874917482,165.62698020811686,13.340059755457286,0.0805427940465676,2.518966632745519,0.24981325584052852,0.8046663922391564,0.08238094616289424,16.936582200294918,0.19533360776084363,165.32591622332845,0.08054115277376278,0.25026817407703006,16.45125118603695,0.02950116126546628
59.0,0.12115768208395372,1.1017176608809889,160.80971928868286,0.6984125072298826,0.8095616166600641,0.8543367236960013,0.9663137228367575,0.9696848827725506,0.3487124693936995,1.990261914820132,1.930512241887163,1.969580085415487,1.5368862558450562,0.014094187675285863,38.41765218576706,314.92109660514814,0.12199135783505663,low,0.8139129999773179,0.08378454104975912,14.989041516349417,0.18608700002268208,167.6143386128173,16.51846006272438,0.09855039968198298,2.317187189765219,0.22920265953207236,0.815996427923356,0.08550875482931684,15.339372012074366,0.18400357207664397,166.75835599895493,0.09853970899292795,0.23037917323919785,15.142824955800222,0.012979550172958917
60.0,0.09410527120183121,0.9866232875433303,95.33303315394855,0.8141049174860173,0.7541834632463138,0.8186373767099495,1.5146606334905612,1.1386166746639177,0.5042135851039928,1.4728358257876544,1.6403560047361747,1.8991661817735306,1.9662403048790351,1.222280742847358,33.80780688751568,261.40613726156187,0.1293305782399735,low,0.8330321678034242,0.08072329614984487,16.780295581051984,0.16696783219657585,169.12762067753118,17.08514330922428,0.10101923766668386,2.292444308330991,0.19989524332028336,0.8355906870598886,0.08228264523474828,17.393116503528475,0.1644093129401114,168.3785633621118,0.10100638529417914,0.20078450731765207,17.04353496106415,0.020511093694057105
61.0,0.13804998399994914,0.6268959740240956,109.57978470289945,0.5876639703176678,1.0474314288289044,0.8042053401433517,0.9708001319107752,1.723655170860032,0.13070377373243233,1.9839519722018097,0.8100375979559985,0.8710109897581226,0.1245444464056389,1.5261080817687391,11.473695754797271,314.22014168789434,0.03651483222292528,low,0.9362603287547834,0.10486607293932686,20.630128365396434,0.06373967124521662,167.23583811941907,17.431246280804867,0.10423152403707654,2.261140661471964,0.0686078766598113,0.9378657818991587,0.10630790170203937,21.058553971970706,0.0621342181008413,166.6093219461304,0.1042221739907804,0.06886586909288933,20.92688402069988,0.006291904286399469
62.0,0.16203037601675385,0.8310850494031905,113.84144932885299,0.7749254497856106,1.472028154657643,0.8312169497915568,0.549478293800259,1.4230350873187707,0.2817213803135545,0.8478687800158468,1.050996863802951,0.8820548550879351,0.7257272891804251,1.6308091049878675,11.471048963300952,426.99855658841756,0.026864374097540233,low,0.9358249984268998,0.11340190366440196,17.377247215307026,0.06417500157310019,164.67419091967622,16.74698760864799,0.1016977069394969,2.2857505234827324,0.06965905767769176,0.9371094021717166,0.11664631991633148,17.84966759288194,0.06289059782828343,164.313967606119,0.1016937266293163,0.06981177029817988,17.626979562746545,0.01263336292770378
63.0,0.11837424000459769,0.6852170154379991,148.05697204148103,0.9376031604848793,1.2990362713991295,0.9871222077976318,1.6122366723546677,0.9177576798437365,0.40787587430757394,0.051383150086771245,0.12263723906581481,0.3739595661661997,1.8402463131394136,0.13239995348134825,23.045849531248617,255.6580778596704,0.09014324806078838,low,0.8778784388396039,0.07562715324030617,12.781349598833508,0.12212156116039607,165.8202684138343,13.982741899669241,0.0843246849943144,2.473080633655816,0.1389808963143972,0.877957727501826,0.077410061154381,12.945830142490621,0.12204227249817401,165.67745380492914,0.0843231384940944,0.13910069838701836,12.767988914910454,0.013928679666418267
64.0,0.1051835028402019,0.6357057186123052,151.4332334145458,0.9465514999213409,1.2404535610132914,1.0679582382480963,1.8424911948965497,0.5636504963530643,0.1719789798863863,1.4246022545154908,0.3927557089150095,1.735867804100203,1.5738412989683468,1.694069621548305,27.696964969411145,244.58768071735193,0.11323941127442982,low,0.8563156896362328,0.06663085409745169,8.549062671671555,0.14368431036376716,165.7181820951571,12.912174931067968,0.0779164649757844,2.5521179880308833,0.16713292783713538,0.8557389565958426,0.06717614363649166,8.512083778615883,0.14426104340415735,165.05547391931356,0.07791025540908905,0.1678039771219624,8.470016770434581,0.004966579089682697
65.0,0.12746720451304575,1.3258257096667654,172.7951354587152,0.6650827061359879,0.8149367904791641,1.1688523004227216,0.6670222429885345,0.5779627612388631,0.1774096791553984,0.7627758349031509,0.2997936268413082,1.5317356227967875,0.5863189406539694,1.4188627962602858,44.88189164406657,381.24815551999103,0.11772356402052982,low,0.7870403378943348,0.0660050496798724,9.763668677982132,0.2129596621056652,165.72354694215346,12.10432491571472,0.0730392580840657,2.616758200413146,0.27082386584287144,0.7865771413350148,0.06677205449021023,9.758018119955885,0.21342285866498523,165.2887030143159,0.07303738146736609,0.2715363532145284,9.710221659845802,0.004922283114064599
66.0,0.08647356841179434,1.0249444908699745,96.77702409551206,0.8492704344989639,0.9822045219918214,0.968081617874848,0.7228854537239425,0.637879297749198,0.7684072490564948,1.2142035620222085,1.306982289627544,0.021891269040743608,1.826307502390879,1.3225647589673695,42.223669576009115,364.68576840119215,0.11578096332390658,low,0.7976283054870464,0.07780880690917315,10.523129291033301,0.20237169451295356,165.948207265497,14.549986760851858,0.0876778785417889,2.4340856515383207,0.25443884132147543,0.7986889574427789,0.08714307304891339,10.784055375161119,0.2013110425572211,165.56688555815157,0.08767492265563095,0.2550248465063928,10.534913265563773,0.02364918469824845
67.0,0.12545320535278837,1.2221456179290735,99.33992410043557,0.5563038472104581,1.429240691062472,1.0166890727337292,1.1813765354235586,0.9978038666698746,0.3675969513142706,1.6031920118509253,1.0078162557825208,0.16420754867557055,1.2617523610986654,1.730580836141119,24.55462929310647,287.9647398715438,0.08526956912870608,low,0.8703417247309322,0.07965399613205192,13.57775793440702,0.1296582752690678,164.47337317341382,13.599022475782274,0.08268221301355591,2.4927507785185976,0.14929242842984136,0.8714516799885192,0.08401131926371629,13.795112144428586,0.12854832001148075,164.0117397920842,0.08267823879257237,0.14971263230445633,13.602414380634642,0.014166438280860094
68.0,0.12673915606712335,1.3087492393436935,117.2601773569236,0.6873702258798025,1.368046956537737,0.8132210546562249,1.1880299138319421,1.8945178861820593,0.1855276164687916,0.7869623473189904,1.936095347205785,1.296582618683331,0.5103275120044816,1.4912266860553383,30.41133564492429,287.29202483372717,0.10585513350927553,low,0.8458319547469997,0.09341939359540616,23.160801175154234,0.15416804525300032,166.46888564276702,17.02944013112877,0.10229803644912361,2.279864800254477,0.18268480339434315,0.8656564244868676,0.09359789251972478,26.78314397086077,0.13434357551313236,166.06184795484145,0.10229153439714285,0.18313258595793955,26.128814227948396,0.025042458383453065
69.0,0.14532465855321122,1.0008015040527383,139.33340868034804,0.908207377164733,0.8144175260367207,1.173713495822527,0.5965766037417416,1.9105845879390804,0.3088996124198092,0.21060347690255302,1.9559459795043477,1.9620089635476619,0.017021421348375195,0.15684138333621417,21.01719318148279,406.5351571305219,0.05169834099916486,low,0.8880789356539234,0.08075342277098553,22.734380739240944,0.11192106434607663,165.63952257630703,12.058124810097135,0.0727973893099226,2.6200751855499593,0.1268851349882427,0.9027515063935403,0.07945209166282498,26.296303400835512,0.09724849360645971,165.2978890820758,0.07279599666833145,0.1271473779743616,25.34571790351458,0.03750477697809142
70.0,0.13113465201983732,1.3729039064873856,107.05592355913763,0.9536911005796789,0.913236186680709,0.9208832855412299,0.9824189893269705,1.3095999264425184,0.2689408537530845,1.5710990265777003,0.5508555332914216,1.553643809855146,0.648588197352138,0.3785178910489813,27.20608397561495,312.4899767359759,0.08706226119566543,low,0.8603953786741145,0.08550858872378876,17.890110890884806,0.13960462132588547,166.85498150691578,15.286760279514214,0.09161704458239751,2.390137948385039,0.16305227287737475,0.8608762529857044,0.08670952755453275,18.058764903619046,0.13912374701429564,166.2108316289442,0.0916104742212855,0.1636841817647054,17.87031286877852,0.010545536400192188
71.0,0.1111556772031615,1.2126740895700272,111.018096691138,0.6368477068954304,1.1753506125639108,0.9623958942126947,1.7328275896314764,1.1105937817174174,0.6852243166260142,0.5969714878948367,1.327343927447928,1.324299032447861,1.1928308703430561,0.8288447915843798,34.683642837257835,249.5000543861877,0.13901256624005737,low,0.8270862095448624,0.07145029449012226,15.853736763144818,0.17291379045513755,166.69144145833383,14.362234523236713,0.08616059947400896,2.451542288474725,0.20807092754025616,0.8294556082984061,0.07440734693877217,16.508753238865122,0.17054439170159386,166.2974250346661,0.08615587804355965,0.20856391991654552,16.055198485024874,0.028249713279053547
72.0,0.1298694607451343,0.8747839740429789,126.90935720753978,0.7416563125993734,1.4655967333400137,1.0461863419193889,0.5332713900802443,0.52484272877399,0.634612595221871,0.9422834165456329,1.2470364631218562,0.9596509491384796,1.2063819166688832,0.16339168996823344,20.952242671150568,434.8986694660152,0.04817729770678884,low,0.8871819606748486,0.08768394071533651,7.617291832451308,0.11281803932515144,163.31526151229315,13.26474141019676,0.08122168918792863,2.5105729592558337,0.12829323161309966,0.8874139516800517,0.0955366798969348,7.744921893007399,0.11258604831994834,162.9082797151676,0.08121938992430104,0.1286137371764279,7.60044095043405,0.01900954740857473
73.0,0.1176359211757464,1.021172983180164,125.22495157376073,0.521579382128393,1.1728927992552503,1.1314419739394646,0.6155258325829971,0.5303933356571762,0.026857138982034973,1.7354844081902991,1.1122836474245437,1.1783876137321607,1.4774388191603112,1.715260220183952,29.414427543350723,399.13335700881504,0.07369573859671441,low,0.8485534920668039,0.07587941604202149,8.168073123205797,0.15144650793319614,164.29860678731666,12.367462743864344,0.07527430077282359,2.5866164936269462,0.17903029196971518,0.8484014317245444,0.0796222735703089,8.119505526870512,0.1515985682754556,163.65252892675883,0.07527127368129062,0.17973707914110434,8.113239019135687,0.0007723805153582834
74.0,0.15592202282136577,1.012913955054417,170.35382899396726,0.7671347773259227,0.8769308049302953,1.1148701246738717,1.3117065740271323,0.5123427972420294,0.021316277321401803,1.6102666296241332,0.4232071456201098,1.168722826812384,1.9978494567691543,1.9925174667951973,22.592259124644844,275.9904136875929,0.08185885452607834,low,0.8805582757766555,0.06871905801732149,7.942669669701377,0.11944172422334454,166.36865504403985,12.604348572757555,0.07576155838622983,2.580164260275882,0.13579636812393775,0.8801367501635108,0.06999847907445347,7.871283322584189,0.11986324983648922,165.7152583075429,0.07575710224855339,0.13633179802138057,7.866759276885266,0.0005750837847823499
75.0,0.12953788464339738,1.2712332823891175,152.69509364773924,0.9813173543177547,0.9262651466860928,0.9931718102903928,0.9007419572679987,0.8158626986914942,0.20763641678600023,0.18762534794967012,0.9040405922334358,1.7892021881501032,1.4272463435939036,1.7542643028962315,36.82195671837008,325.6735031302196,0.11306402382894172,low,0.8191309621344084,0.07626412733831081,12.691311967342447,0.1808690378655916,166.2803396284116,14.182976742350517,0.08529557236920107,2.461632732406127,0.22144504155245587,0.8192071895274033,0.07539005360504707,12.80671816917061,0.18079281047259665,165.91118869158234,0.08529265699834566,0.2219377548238751,12.721274341511247,0.006716609151376302
76.0,0.1594302354555044,1.3622971766341996,83.09644491509842,0.7576365589890868,1.4749750941923725,1.1764524853952785,1.6674820136277306,0.7048034837411525,0.7759071169022183,1.9716620089354953,1.6759168415086785,1.9808420338051886,1.6072539874763658,0.665363229123165,14.176305143681558,252.70929564944223,0.05609728406408483,low,0.9204536544913647,0.07085827274915979,9.381873110686563,0.07954634550863526,163.62580758116442,11.652272165834805,0.07121292379293435,2.6420809630901627,0.08663856486483397,0.9207070540043206,0.07524661877106172,9.577707940023446,0.07929294599567938,162.81599865721986,0.07120732731346224,0.0870694849437201,9.33363266882986,0.02615008323701094
77.0,0.10746941101978844,0.8445853158457521,162.1843976628849,0.7005827736559651,1.0838045883528278,1.0603360970296212,0.8341007889277819,0.6325583906677702,0.04226608555981528,0.9482023952506345,0.28736028377197637,0.8362434869603018,0.47480845742780753,0.24052209338302813,37.75139360896003,338.33137559806585,0.11158111937513089,low,0.814159821071161,0.07328326874606793,10.063294081201754,0.18584017892883897,165.25062873667412,13.226265494816086,0.0800376107245683,2.5252586207295424,0.22844931905897098,0.8138779500110751,0.07431805879718618,10.02525156103739,0.1861220499889249,164.8801163914035,0.08003525056177453,0.22896268170592038,10.012772307540871,0.0012463334941832597
78.0,0.08948791778030254,0.6209870310184011,91.29528714183,0.9965851976033524,0.7455782973841701,1.1512343264168274,0.6854643613172205,1.1648916718042717,0.26071650925163653,1.1413387283779761,0.6947605995083493,1.6537047559719726,1.2998672227571861,1.6748016459981707,22.534722300246912,375.49235734368636,0.06001379751018738,low,0.8811205306520589,0.0764023078867348,16.011652723284975,0.11887946934794114,166.0664906049084,12.31495516598042,0.0741567737183002,2.601573863008794,0.13569698629845592,0.8815044174008917,0.07759241168399761,16.16673063437928,0.1184955825991083,165.48765291263837,0.0741541385489966,0.13617162310074632,16.013120444554016,0.009592770525716453
79.0,0.13625485329371467,0.7219990904384913,141.3054937267759,0.8309919239348711,1.2702717068176654,0.8005189154019392,0.7141592325295313,1.2781312709860397,0.10960823907110809,1.6716774139361334,1.9199486871829976,1.4968288833515355,1.7100240239593862,1.4244743428442233,17.492096463253727,367.07674658836606,0.04765242316716149,low,0.9055339632209776,0.10678851559630365,16.689183134058094,0.09446603677902243,165.9708827731381,17.465128125673267,0.10523007309388095,2.251606153618986,0.10539256146009227,0.9082133831936152,0.10699160175589831,17.160756888288333,0.09178661680638478,165.27414487286285,0.10522069493405801,0.10583685958084686,17.07573128394469,0.004979324336380621
80.0,0.10078180326911101,0.8847669140461104,122.71452750978047,0.6361567684123841,1.2573390144334415,0.9942255257978444,1.1545009770782815,0.75313818580893,0.5002646846297965,0.45494657457692383,1.9748242227142392,0.346805259057027,0.256949790660783,1.004569166529905,34.02598693848347,290.79204798137533,0.11701140789332302,low,0.8292691098080729,0.07552257646875687,11.39535699662523,0.1707308901919271,165.32889241260114,13.99018405534634,0.08462032165818845,2.4695808324898243,0.20580786843697538,0.8311577945722974,0.07932702433469968,11.721513932569191,0.16884220542770256,165.15195765015125,0.08461873544360049,0.20602835971561556,11.524737339703675,0.017074280052145296
81.0,0.10333956347097156,0.6543561390359907,135.20956195087103,0.9097954445989076,0.9629492645862264,1.1137837972174631,1.9586717794033075,0.6100861109865531,0.7813866307266731,0.7278586033375124,1.9869669458701926,0.7892347383274481,1.506605824307903,0.005027312553805746,26.371720788869887,240.00839410244026,0.10987832691224092,low,0.8628539471176427,0.0628650515035834,9.338717819262612,0.13714605288235726,166.71584199153205,12.477769574612843,0.07484453442190947,2.592342191197991,0.15818365233826653,0.8638646599338216,0.06631964821207845,9.597674487073848,0.13613534006617845,166.35085800081944,0.0748414341303172,0.15853071697856816,9.378460606658347,0.023374185765611358
82.0,0.11308731103412785,1.1738058192810499,150.5834652353925,0.7659748318879547,1.0280701404860995,0.9528244605253902,0.7968951528178574,0.8034911805519253,0.09975364101701009,1.723728528417307,0.793136577208843,1.0419876936033063,1.0810669203424241,0.21274583373148256,43.994249882241995,346.3310115210255,0.1270294845645699,low,0.7908413247218732,0.07810390445723209,12.836411205906991,0.20915867527812682,165.96911925784593,14.755075981286447,0.08890253829908736,2.4202145845741914,0.26507491320655563,0.7909191392442362,0.08003116203236411,12.822361613370102,0.20908086075576382,165.35022536138547,0.08889728987324243,0.26606706937404667,12.780227793194197,0.0032967972760503507
83.0,0.1119084412642213,0.9481216665443875,113.07188741492782,0.8324095532606843,0.9698255696855291,0.9405773495231929,0.8543136311621672,1.0150784574448974,0.27931432267388734,1.4777520573242435,1.7904476741451767,0.9886632703093494,1.1747879433751545,0.3245551094866676,27.248534317323685,334.2884492581724,0.08151204260210476,low,0.8598611919908072,0.08504257215883768,14.599908149506327,0.14013880800919276,166.33681646833998,14.96424454990769,0.0899635141974473,2.408351088653919,0.1638154131831066,0.8618592406721485,0.08780271209129584,14.937060955709256,0.13814075932785153,165.77585716959445,0.0899584422878606,0.16436973864926235,14.781567124078368,0.010519441567030975
84.0,0.14451790542113585,0.5647901647710707,174.14101823868293,0.7042606839681782,1.0987327074568958,0.9661118703610294,1.855675285720606,0.607484467474808,0.5658532336542283,0.6902950071630539,1.1651276777874902,0.3757284182134936,1.3211838129359508,0.09996660338593351,14.989771589874156,244.04719195010009,0.061421610591360906,low,0.9175296228146612,0.07481120702760542,8.845152601851016,0.08247037718533878,167.12711190595587,14.308107794506107,0.0856121285848428,2.4579283167961234,0.08969084320866536,0.917920293338628,0.07789192809993602,8.996647771663632,0.08207970666137199,166.84138987462467,0.08560863655631815,0.0898444420844158,8.85271076021437,0.016259088921795603
85.0,0.12196895140109903,1.3965236661030072,133.18329620792764,0.9411699773500921,1.0042412262176315,1.199959700744075,1.428943499945737,1.0922847164550364,0.20351990872456227,0.5064234364045898,1.3401001628573372,0.2517616180307843,0.14596700247026037,0.4458491043391754,39.796933208084006,267.0458396268554,0.1490265988179875,low,0.8055079536792201,0.06196464430724299,15.833835460523304,0.19449204632077988,165.54250463236258,11.650617917289967,0.07037840790897602,2.653868768700404,0.2404031115541304,0.8081468428040472,0.0634133896401295,16.234025468112797,0.19185315719595275,165.37204547804072,0.0703774170560537,0.24065090985022938,16.09843676901133,0.008422476110380474
86.0,0.12139505839231945,0.8498666150540444,179.96025711990256,0.8802643101332808,1.3880022191282078,1.1218825060628217,1.3932947845526402,1.2192647208410323,0.5237208092169829,0.8402767421476206,0.5574938613060476,1.4259912941921289,0.5031570110570008,0.1757084548522094,33.03508928869677,269.57603581093,0.12254460671669747,low,0.8320884907182409,0.06995241358487919,16.331715025059765,0.16791150928175913,164.17167885978267,12.302878866177164,0.0749391061334332,2.5910794134508333,0.20122282672708547,0.8330133760732547,0.0722993445618278,16.70968034872286,0.16698662392674535,163.74898027552322,0.07493610708303065,0.20174225960437794,16.346621480120678,0.022210024808104915
87.0,0.107760126032159,0.8674260979913695,176.00266826179111,0.5948879434357632,0.949025004587444,0.8398979378408624,0.5011036691825491,0.7075189404306149,0.4671615761228429,1.8775416095098565,1.5860737245259073,1.082590959895158,1.1641491511070623,1.9455089246706097,41.84905758785952,452.14002708447504,0.09255773672088691,low,0.8002042545079429,0.091533100412594,11.649535993043415,0.19979574549205714,166.36212211242088,16.821305609499383,0.10111259339510117,2.2915205969633665,0.25155400193548627,0.8011688987928257,0.09972579026402818,11.816182191575493,0.1988311012071743,165.69103995085803,0.10110573853094552,0.25257284642713,11.645338982711563,0.014670522611455163
88.0,0.13518689711768453,0.7040086022314992,127.8935392459683,0.7369625540532133,1.2676644183667602,0.9051630641277165,0.8185127030634666,0.6195759533460039,0.5587945504369777,0.3229542521297194,0.27121608488440413,0.24275504502764103,0.7056103877456351,1.5561914349188346,15.682218443900414,341.57837938447824,0.045911039428665416,low,0.9140828001615552,0.0932100500463831,8.958158221536685,0.08591719983844481,165.3972778776248,15.423413407727798,0.0932507088728472,2.3724636186335166,0.09481545673020977,0.9141849523136738,0.09836552507010965,9.094736867904746,0.0858150476863262,165.25345073716247,0.09324927136865581,0.09489797867424364,8.948034084612873,0.016394973678536272
89.0,0.11144646492717282,0.8511709182408234,117.23024053843898,0.531086495378299,0.7778633937292937,0.8330474969322323,0.711779488522199,0.8660475330139729,0.6611603705281657,0.9934435181078647,1.7132422577859059,1.369994340972709,0.7436781057332443,1.9048638775621216,25.572545833603563,367.7854624277342,0.06953114912373212,low,0.8683009612816346,0.09468714979656909,13.04813811528155,0.1316990387183654,167.3695258451089,17.002836491025295,0.10158860404946397,2.286823914996185,0.1527909319482062,0.8695762381293749,0.10067580609412158,13.44524860052198,0.1304237618706251,166.88356976435907,0.10158287982834621,0.15323585101704262,13.157673414159293,0.02185608179431029
90.0,0.10865744101630805,0.735587828992113,96.23316437595436,0.8066223042827672,1.1624970819669056,0.8064904099577432,1.1014821792717209,1.0569292707571023,0.48784969558296193,1.7601929254887134,1.9957586383151449,0.7304653998638911,0.12739461472711636,1.7379294069634543,19.084926125996535,296.7545948344648,0.06431215037004721,low,0.8978828211224594,0.09559265326174718,14.564599916147225,0.10211717887754057,167.09181543296694,17.29350276486975,0.10349700684057422,2.2682125861096294,0.11421819839914857,0.9002079274648925,0.10094373729554552,15.091292279058178,0.09979207253510747,166.53873099327123,0.10348832586123313,0.11459752342395137,14.803257048127593,0.019457557887033926
91.0,0.1262407894196442,0.602912945098916,166.0443512891852,0.7345716278533464,0.9658110537075573,0.892049347613811,1.6356103408551783,0.8277434109426247,0.43584493038579253,0.7185554677979513,1.8108291692451453,1.1534314398386032,1.9818023443934913,1.8172633058746912,19.99536970706842,254.41597281773983,0.07859321679222096,low,0.8934826940092006,0.07933204126236085,12.04005192782534,0.10651730599079945,167.93925697369474,15.590826921713141,0.0928361075466424,2.3769196249235773,0.11906310690775775,0.8943476964033509,0.08114811368558462,12.305707920502146,0.10565230359664912,167.49771619772724,0.09282984529457455,0.11937696919678796,12.134613797552666,0.014099676001554052
92.0,0.13703573405855865,0.6319306153825311,105.4807672360808,0.5778842744974203,1.340104487744354,0.9426891043948851,1.8701233902454213,1.2264514282786185,0.27387412325992416,0.7744085463121154,1.9696209117433827,1.6075435230223534,0.5242457967347254,0.46953860805084896,11.298613238967201,243.43447534551527,0.04641336533344619,low,0.9363887493556998,0.0810463689454392,15.401736212383186,0.06361125064430018,166.4016019583552,14.544665851118886,0.08740700618230185,2.4371798372645705,0.0678996662652014,0.9381218049179469,0.08154446563532686,15.926425762140317,0.061878195082053056,165.95184628072502,0.08740104108284356,0.06808368507003174,15.740654979879462,0.011801972821227389
93.0,0.11167696737679902,0.7601065705843739,83.75068901781987,0.7096683627279431,0.7090572837276841,1.1922653534862082,0.9226227002662121,0.843861285611442,0.6129509375725473,1.5781297301721737,0.6177957700778061,0.008670552985372929,0.5745229479758753,1.3880156025597057,16.247471304909954,321.928988779798,0.050469115460811634,low,0.9113850729563527,0.07197321595731153,12.0258244655298,0.08861492704364726,166.31765141562752,11.886144331132831,0.07146652342648453,2.6385261427492015,0.0976893983688331,0.9117048998258285,0.07963182393944529,12.22390911599109,0.08829510017417153,165.89847213547023,0.07146456289251707,0.09793623229780267,11.990091582255163,0.01950089639698557
94.0,0.11334746407763986,1.2690621953198717,119.00959079522433,0.515279712348207,0.9473473392956273,0.9632908518755308,1.3858447535329617,1.6860974371343225,0.7214183367507329,1.2222413455139274,1.3299837924360587,0.8696331926032298,1.3428280513528794,0.4057063279621654,37.41893131737154,270.15908340311324,0.13850702647498075,low,0.8169423012417169,0.07547261884794132,22.17241908747353,0.18305769875828315,167.0644791925813,14.527514461174775,0.08695752999911119,2.442335440446647,0.22397897804617928,0.8264786534480609,0.08037131620566693,24.375713008147553,0.17352134655193907,166.57283961303432,0.08695232311492486,0.2246400517893525,23.19925263527911,0.05071113243878385
95.0,0.1416438990914462,0.9615402065811479,99.67347131278817,0.9063740753347083,0.986240278157225,0.8260219279263135,1.440001479511322,0.5039519446169064,0.05596481403271643,1.3701553421464192,0.06161237075894002,1.941380780500164,0.6563415368296518,0.7831963859816051,15.205524779680411,266.27941774636747,0.05710364288900374,low,0.9171579676908421,0.08675672117324738,7.6942966925115925,0.08284203230915788,168.16005526668573,16.863721907761743,0.10028375574102598,2.299751553850234,0.09042292924776879,0.916744916863272,0.08672766811441757,7.622430399974296,0.08325508313672803,167.50141745425336,0.10027289729234719,0.09077848421093646,7.611746333432999,0.001403628822254593
96.0,0.11392002526685285,1.3782662906968626,85.90762861633424,0.9444156294881252,0.8566031590333756,1.0969776918504375,0.584535247821108,1.0833486534676733,0.31823321304758356,1.0964696478735692,1.2331986611098658,0.6331893362734508,0.2024290347108304,1.6797042152200234,29.041219376471023,411.4637118485563,0.07058026878239013,low,0.8516564267499608,0.07875552967904234,15.431231998982325,0.14834357325003922,165.70696104551894,12.891250250726939,0.07779546598036864,2.553672127383306,0.17525648405617392,0.8533294203162854,0.08300246407997276,15.782591112487594,0.14667057968371455,165.33349354463846,0.07779362202480347,0.17565236634058165,15.591527410647947,0.012254328700930484
97.0,0.11929215000594892,0.8819521560710931,137.7371733431877,0.6932978495594266,1.3024375882799906,0.9087438690928785,1.6081456259356568,1.064416689498659,0.5212075231829929,0.8722300017874699,0.3210965896047952,1.8160199200921394,1.0705424255700204,0.866539673615747,27.172061430080504,255.88326405747205,0.10618928725239954,low,0.8594873140880268,0.07871707423096923,14.81628094231121,0.1405126859119732,166.4943509427824,15.17219711273895,0.091127398778551,2.395496764955331,0.16320110127591342,0.8593870329260009,0.08039083500965666,15.026468529105754,0.14061296707399906,165.97210064630917,0.09112030862443837,0.16371463230428626,14.74446672369703,0.019125941323838852
98.0,0.1584457571476746,0.9702791004567619,115.4577219900547,0.7690150079845505,0.9164166063427337,0.9427559215527272,0.7754164853007923,0.9345724163588913,0.28375622467607914,1.236723941496165,0.7630465131391029,0.7570300745484021,1.9104295252475483,1.7095419038282424,14.203931211407825,351.3048040692519,0.040431929899278685,low,0.9220331313430019,0.09117934781784758,12.967434840239136,0.07796686865699809,166.39339449017402,14.96285113756608,0.08992455009053665,2.408784292576305,0.0853635521706158,0.9221440484939344,0.09436643080807866,13.068501947913598,0.07785595150606561,165.8957944499338,0.08992027243056187,0.08561959788374547,12.948423506771535,0.009273595436484318
99.0,0.11174760727633128,1.1203128221479246,176.20365652979643,0.7889533178636788,1.4370068181892837,0.9361525658048937,1.7868643996961424,0.8903603944275661,0.5185855124437541,0.34467085338834735,1.8977392179858412,1.2258240039372323,0.05254741204107622,1.4890856352835877,50.318522990824626,246.9873611350644,0.20372914127904737,low,0.7655293934136491,0.0676842262911166,13.851910420073853,0.23447060658635088,165.949575200115,14.624167230628624,0.08812416189070481,2.4290085283550162,0.3032157384563751,0.7684319788409688,0.06966447236345955,14.364732494123386,0.2315680211590312,165.6810357330921,0.08812060139528079,0.3037071971947742,14.07784304906063,0.020378792693096424
100.0,0.0889068003832624,0.6476314097118487,179.72414501486242,0.6814470331194337,1.3711459835079354,1.1522622112989525,0.650133678971403,0.6461939644989527,0.7111422009475511,0.6089567795838524,0.6676857548296038,0.5576639403301884,1.1073436665994154,1.9726855980926608,46.87210903524147,386.76429405072594,0.12119037293834052,low,0.7763174786654683,0.07026826663508538,10.222447842677521,0.2236825213345317,163.31477072074168,12.053211588582048,0.07380356066624434,2.606348301029498,0.2870047138319774,0.7770369538701623,0.07662447099812533,10.453918965806261,0.22296304612983775,163.0457817195119,0.07380232816954878,0.2874782072919598,10.214245542842768,0.023464623202781247
101.0,0.11296987887842329,0.8401772749522387,172.23308505783393,0.9007541206374086,0.7836091031777145,0.8409607056228696,0.9272837002059375,1.7350653457751055,0.5416421684511284,1.3187426482139928,0.053297526051315686,1.2608693679553404,0.45586567124210814,0.43181223779463007,36.09211333440713,321.1451202575762,0.11238568191682083,low,0.8235898250035697,0.09040098859048111,22.88547013690234,0.1764101749964303,167.71873541818138,16.79881097346594,0.10016061074858833,2.3009802739194236,0.21519428491048948,0.8232141938650658,0.09455833763770126,23.237160200947926,0.17678580613493422,167.1835606577021,0.10015376778344995,0.21588314779527565,22.70321732134499,0.023518379445759716
102.0,0.1231762604641764,0.5297457276294792,148.55601982813874,0.6176153671619901,0.8441420348140678,0.8373816733327644,0.9430444739225584,1.8979723003550926,0.6510412340081483,0.07454430552455482,1.6183342080887433,0.05051392870288929,1.2122705371073477,0.8471806802215395,16.51025629439693,318.56602456562024,0.051826795769917534,low,0.9108144515732747,0.09986998890080728,22.680941279397107,0.08918554842672533,167.58125479892985,16.840659424779215,0.10049250105559394,2.297672170629195,0.09852090148272577,0.9237928493944403,0.10758471212790621,26.774505800752607,0.07620715060555971,167.49835909828212,0.1004914218637029,0.0985696599254999,24.889164461939068,0.0757494829405236
103.0,0.10584979124391082,1.3468644062619215,86.52444952185076,0.9743980455789887,1.1573943461393783,1.1684212505701868,1.3579757933617018,1.0073927891757488,0.6535346663727487,0.09767468990754515,1.392196134536312,1.1156906742374926,0.8230753830026177,1.3664509494494606,33.107991610795146,272.25939984130866,0.12160458603116271,low,0.8325161056547251,0.06635119388017596,14.281918571985534,0.1674838943452749,164.9408039184562,11.911467524504918,0.07221662100297349,2.6280850517796885,0.20072650808203374,0.8345216061422785,0.06928256361789506,14.829665554594799,0.16547839385772145,164.71943402442582,0.07221525912374406,0.20099626863631428,14.456781226643324,0.025793039412138476
104.0,0.11633386260520402,0.7673049556966622,168.3648163785245,0.7588775886392107,0.8853127058892205,1.021493754136667,1.7482798753244206,0.7959448879345977,0.27728823900034244,0.30739980627367497,0.1403584090612864,1.5645447610434386,0.3650413730763414,0.23665316642333015,30.38485549444921,248.79256103887246,0.1221292765650728,low,0.8459326188634487,0.06728006914879492,12.127343125054237,0.15406738113655127,167.37923833015105,13.65951861207402,0.0816082015209735,2.5058255132272906,0.18153300133028386,0.8456877370841348,0.06747555333216149,12.184528820604863,0.1543122629158652,167.05593926258487,0.08160493649923793,0.1818843174841521,12.083044792125776,0.008398878778072678
105.0,0.12564212369323283,0.9596598658570021,164.17409199840495,0.5593844705939961,0.7175795466613486,0.8898633834400623,0.6171164359775537,0.6231041375395218,0.6414049352838891,0.7662955938474553,0.7584411511006465,0.6505738362753714,1.0085344991644996,1.1260904821055888,31.768853773467892,398.57432520607057,0.07970622231385022,low,0.8411871850663667,0.08737335800519593,10.16199862681045,0.1588128149336333,167.0666809172129,15.95709540941706,0.09551333229229791,2.3484894360843933,0.19015673022923354,0.8414536082475282,0.09417574262996295,10.32846749800921,0.15854639175247176,166.73509025970705,0.09551028139452067,0.19053490014600183,10.147968969059042,0.01778666544019848
106.0,0.12905854657740956,0.7244811690603353,110.009926879989,0.9693406380835652,1.1552359194731712,0.8220229363082177,1.3656060923144882,0.5279855582718743,0.18123652663745382,1.4079296512725181,0.5874604704526054,0.14335587975229525,1.8930136523530032,0.2191414167792994,15.231250654096012,271.6717659867098,0.05606490096155641,low,0.91671216580045,0.08925295292059439,7.91525411243204,0.08328783419954999,167.48097809452665,16.893168650520373,0.10086619294154006,2.2939604628548715,0.09094316756079283,0.9167117100323804,0.0919497246969616,7.906641004249481,0.08328828996761961,167.02871365161968,0.10085878266855045,0.09118941480842994,7.868174246587506,0.004888905158481824
107.0,0.0850387544541623,1.1314247824407273,106.38659249996692,0.7431002221947662,1.3756889169373476,1.0404600483403066,1.1363516405598766,0.6285736580479848,0.5986553749346005,1.4130549463904671,1.035000970331576,0.5013012177635238,1.5522676924082341,1.8251513620718127,52.982071248410556,292.7595608120725,0.1809746916597565,low,0.7551581636272044,0.06748231463162802,10.376034856007681,0.24484183637279555,164.4875915444913,13.31654280719912,0.08095773475774436,2.513828053605367,0.32210375719483825,0.7559242036635092,0.07263402921596947,10.552431523964408,0.2440757963364908,164.01154568650014,0.0809539769062083,0.32303866795867614,10.349972624754157,0.019561298039187828
108.0,0.08738551376748889,1.2345448590057937,157.34134234193485,0.7137918760484792,1.2307438389675442,0.950237794840482,1.6483588041402832,1.1561277467378743,0.794079935459432,1.7979317669512271,1.9815864707541346,1.2387765648069549,1.755780642681697,0.6158358777009929,80.96940832110784,253.72111850498328,0.31912758700658783,intermediate,0.6699111702512717,0.06052308161143464,19.077906727499524,0.33008882974872833,166.45846212453176,14.54053889409569,0.08735235630867204,2.4378052672802477,0.4864241041740046,0.6794440320501653,0.06381364209274884,20.981327635116635,0.32055596794983465,165.75915746482195,0.08734385785262658,0.4884762299681179,19.963614607973106,0.05097839480116355
109.0,0.11602107359924635,0.5961048677462027,157.67700862842236,0.840536508095459,1.40449178494262,1.1494429314940766,0.6551034114962859,0.8456472200732877,0.09605731250289934,1.8983475387480633,0.8217499173029646,1.331668756895035,1.664938702455622,1.8745900929678478,22.22631207617354,385.094886524827,0.057716456005812516,low,0.8807513419247293,0.08037208391893319,11.52760672507444,0.11924865807527074,163.1724241293145,12.068241215917448,0.07396005348522212,2.604230149299303,0.13621365371491415,0.8806118792037133,0.08297190977762009,11.490826045304027,0.11938812079628669,162.47188224561697,0.07395679342691917,0.1368009760764198,11.451836844197642,0.0034046242220208156
110.0,0.12819593713587177,1.290361434673137,98.80225246896207,0.7762776530074174,1.1809101950712475,0.851252621715778,1.8476819598395289,0.8763031129205998,0.5292445197237855,0.47902574575520557,1.0569871210298651,0.5659334564582499,0.6359341401227352,1.3590873064797149,24.69333934650267,244.3742183658242,0.10104723612675517,low,0.8713359963063836,0.07876245489184014,12.722278480726262,0.1286640036936164,167.93717757754763,16.144095580252685,0.09613175482122113,2.3420355824031693,0.14703914703520682,0.8722058028563411,0.081599537504089,13.02394699118374,0.12779419714365892,167.70275184313314,0.09612774037150247,0.14724468784865546,12.794774146366095,0.0179114412021672
111.0,0.1271358428528356,1.3103754780861996,86.16616930426234,0.5349579531357378,0.8313997824964489,1.1948528530239018,1.3989255214140024,0.5022509093309372,0.08373611659756947,1.7329796593391011,0.6143182374603908,0.03928514832099823,0.598840257330285,0.5805182007620322,22.23548759257074,269.2035799270142,0.08259729532051234,low,0.8820713358870912,0.06442167802964692,7.777492709915464,0.11792866411290881,166.2791173599282,11.769971154207793,0.07078442164646859,2.6481163357352973,0.13372387312135983,0.8820411146787476,0.0677903521532562,7.746373851929521,0.11795888532125243,165.81776963281473,0.0707817564405422,0.13409592736537698,7.728844864659856,0.0022679957453688804
112.0,0.14469023152075364,0.4972338328379602,107.55038714681578,0.5159136155190902,1.0338822738461362,0.9983823366519762,1.059623349411388,1.783250781010179,0.5742903006567456,0.42892890068778783,0.934318961415137,1.2813551527688578,0.25435419590181146,0.1531375949822086,8.131007347579775,301.8870546174024,0.02693393844888326,low,0.9536677873659762,0.09005985570002702,20.547947461446856,0.04633221263402376,166.06474420227684,14.042529600443011,0.08456057104654535,2.4702871842908127,0.04896287521254794,0.9553559597073426,0.09379947072511663,21.688894350474623,0.04464404029265745,165.7608415454276,0.08455801143600301,0.04905264278204952,21.05145957960748,0.03027983729378193
113.0,0.1296268138473187,1.2421124941947808,129.60633181147628,0.7380445500476067,1.2613109088019576,0.805978706946321,1.4569327386013116,1.5534001895991039,0.20608538911350097,0.4380746473079427,0.23979046115199434,0.5523927387183899,1.8969820204931427,0.06194189336226586,30.49633037774841,265.10660960868347,0.11503421368016134,low,0.8457511190525866,0.08766690314360992,20.296146459351185,0.1542488809474134,167.45823323895374,17.14089423811612,0.10235922060432227,2.2792668819797735,0.18211305462796695,0.8462551586148438,0.08832956583354457,20.505969738794484,0.1537448413851562,167.1882872825412,0.1023544044794835,0.18240709844829556,20.326632422323854,0.008822775595315592
114.0,0.1194553124362255,0.9401678854893313,137.93937819481647,0.7790478018285516,1.018335200049926,1.187825706506536,1.190834103224846,1.868251078446549,0.2343621126305096,1.6722279440264132,0.18117864667565617,0.12663320621296864,1.5452792494871979,1.1866206869703928,28.928963034508165,287.0343305505837,0.10078572475639826,low,0.8511161930877151,0.07071145410444743,22.620205307091343,0.14888380691228487,165.31214905729772,11.790202163601826,0.07132084502461647,2.6405666377032597,0.17499598909987735,0.8517143916525157,0.07349355261776432,22.818518322122923,0.14828560834748428,164.82181805469892,0.0713181733047028,0.1755165874029347,22.560081738661143,0.011455480811441295
115.0,0.11368897343664176,0.9965548403140462,108.32891586759499,0.8819068414714568,0.8013197900372903,0.8175142292829667,0.6191804449455405,1.6528982017011868,0.6639135476990086,1.379068852752784,1.4446025662237698,0.23604763918581217,1.8283062723136085,0.15004148148642668,26.586369542154365,397.7955671684934,0.06683425290883957,low,0.8638787617291839,0.10266741900015529,21.435022589369,0.13612123827081613,167.20562238525252,17.330782365139022,0.10364951918427587,2.266740078950704,0.1590040404317126,0.8726703529416721,0.11270884449842782,23.536093972462965,0.12732964705832794,166.7473152553625,0.10364410963196295,0.15944106507165706,22.50656537772218,0.045743478734425226
116.0,0.14132749366084446,1.370943255200853,169.016900794013,0.8179022346284348,1.43393680647923,0.9059021310614424,1.3298461031575832,0.771742170434647,0.5969358982795819,1.1841186772577459,0.5303661631274964,1.018978361015058,1.4233379259558585,1.7961553441667855,36.927204051025484,274.46458890719185,0.13454268981676226,low,0.8173542215352807,0.07816097411165902,11.722210472880427,0.1826457784647193,165.56542566476892,15.232069825461528,0.09200030600774638,2.385963375767472,0.22303692877155643,0.8174560824439998,0.0818996128677427,11.900685429312379,0.1825439175560002,165.07250657036892,0.09199411286856403,0.22370293405149058,11.665890972347936,0.020126577345955285
117.0,0.11655011478319846,0.9230173659236591,80.04242325973577,0.602067496490179,1.1923064166978643,0.8035362806496993,0.6921410607794592,0.5015974989303728,0.3295383033392634,1.9279319509099393,0.9765677471885246,1.5870456302692935,1.099277883105484,0.7693109968195099,17.312301883751616,373.4454774814654,0.046358311795624434,low,0.906426588270205,0.10209051741345193,7.639447337171375,0.09357341172979505,166.1704914850483,17.440646903711908,0.10495634181404091,2.254210807537408,0.10418397231080793,0.9063076969765125,0.10829664900268819,7.634071945090456,0.09369230302348752,165.4245636593062,0.10494655126290721,0.10465375577115925,7.567067655516284,0.008854723206462587
118.0,0.11705870425036174,1.0798025085334575,84.63031467048378,0.8287339214698659,0.7523078689871056,1.18978889559641,1.024271365646364,0.5723188718933756,0.5023539410871231,1.1567673934927434,0.468559463329348,1.8887048494225793,1.6814137642428062,0.9647183946394722,21.228191171368945,306.5607033284404,0.06924628936744598,low,0.8870460147856957,0.0683063105721837,8.772490111221721,0.11295398521430433,166.25680336816882,11.887021777555612,0.07149795699627579,2.638086403169065,0.1276831428327176,0.8867151793454695,0.07099548188452891,8.820614984932398,0.1132848206545305,165.62383152502946,0.07149481377455143,0.12817111508594037,8.701494315374667,0.013689679638962293
119.0,0.11896379322060105,1.1960245740792055,142.07844039056502,0.7698871481279415,1.1337898460937623,1.1641234968031557,1.2649353230294254,1.0377895117467015,0.26857363447768107,1.1520231467035624,0.7521379957868094,0.7782337553200133,0.2125183915345009,1.1217243761387814,38.219834713902436,279.9986503348065,0.13650006765461664,low,0.8113405711704998,0.06574954688960682,14.975813722543057,0.18865942882950015,164.9808793587639,11.976235546716296,0.07259165785310812,2.622905269358113,0.23166220753854996,0.8122917191176104,0.06772744390231865,15.163090304298604,0.18770828088238956,164.57943707287097,0.07258925411678706,0.23222727816829153,15.006516116016867,0.010433746718508623
120.0,0.1166626165563109,1.1076077281134307,107.22870198261097,0.717641490500583,1.1480194243159567,1.0143947859617104,0.9348328924901633,1.3473233599129093,0.5365784300179806,0.6980410640504208,1.5272167868449238,0.30518973244078057,1.3692002797080385,0.56230730616717,27.776896971035267,319.87364395958986,0.08683709175659489,low,0.8566077057437876,0.08158945304311467,17.858166246521012,0.14339229425621236,165.3574445498977,13.789538040971182,0.08339230252684571,2.484199269718138,0.16798092790224156,0.8610258103202639,0.08674482844288049,18.834646069362275,0.13897418967973607,165.08289026710418,0.08339020764266088,0.16826030199793718,18.3493133641997,0.026449638497617133
121.0,0.11018669993871563,0.42618036722028557,116.6209086622242,0.8828672670285311,0.8585282252340225,0.9339758799955772,0.5117525357804417,0.9275957320079764,0.3698584012418196,0.03595508984738099,1.4917573974092415,1.8938826274569223,0.07349081374325356,1.5891502260778052,13.03051663497352,446.2171655704108,0.029202185931857364,low,0.9279083032567785,0.0973262270542798,12.88894258910451,0.07209169674322147,166.22308947440237,15.157443490916556,0.09118735272484955,2.3948390677809077,0.07839173652815641,0.9286553497274314,0.09787707992358495,13.175513451429193,0.07134465027256864,165.9311971821728,0.09118515916036275,0.07852963671844998,13.017442687537129,0.012142996722651313
122.0,0.128338663574004,0.8151615505079601,120.19313516613681,0.7592149781574784,1.3855770605818154,0.8970711300578335,1.894659978815879,1.7943102930037271,0.2218608388294619,0.40633795225621894,0.41799610044983854,0.29398940706525906,0.8484694741005777,0.31147981409706177,18.934701044805035,242.441626737998,0.07810004123288367,low,0.8978658221768981,0.08230804883148586,21.191825589796466,0.10213417782310186,166.72721791842835,15.236955733954554,0.09138853226357599,2.3926352759695027,0.11356694654419817,0.8992857153084937,0.08372786814811033,21.62830771933937,0.10071428469150634,166.54767816418862,0.09138579888122733,0.1136893726380174,21.3982531416798,0.010751091509029271
123.0,0.16115245507572123,1.2374376141166183,125.52627794560914,0.7920493676815845,1.358942786790446,1.0810644876937607,1.0278272792620156,1.0060494483865425,0.7543555398396978,0.4676068690060476,0.7157730772491272,1.7280884492672703,0.6940488766498475,0.21871002978727205,19.038566247826854,306.0332697310919,0.062210772915493255,low,0.8965609187185855,0.08016927107612364,13.31797501298114,0.10343908128141455,164.17391273521326,12.83229638466477,0.07816282240505074,2.5489611612924845,0.11596584335864049,0.897014331430087,0.08420461878024002,13.701544451752854,0.10298566856991298,163.78925942292383,0.07816023102133342,0.11623818506112754,13.325593967445842,0.028212662431817397
124.0,0.12402624167709461,0.43457061203151887,134.12739251056382,0.9053028713882969,1.249207725373867,1.091565441380669,1.1185902228384792,1.972605561246268,0.3720998235634015,1.3080523822130166,0.7817984050225891,0.33294357271186553,1.7146205214413015,0.19682128547684033,12.061485401970057,294.76480535205866,0.04091901469567971,low,0.9321732086640083,0.08410908931193559,21.85597099255124,0.06782679133599168,164.7081948706392,12.744942451870134,0.07737892132130968,2.559040869826193,0.07322941892140263,0.9347340443706056,0.0879544952456156,22.81313183122962,0.06526595562939441,164.2739039256223,0.07737597123362659,0.07342301554744259,22.331045936021304,0.021588146681059888
125.0,0.12338853234975952,0.7049910402723211,145.79385211354878,0.9349140498623518,1.0713796449656818,0.9194985285676545,1.2367254230259719,0.7250671123554151,0.6974996368554902,1.0505571224753023,0.5976471130869471,0.8513277053047575,1.9630691616294014,1.2437545127449514,21.48935293776499,282.57916894540534,0.07604719420035085,low,0.8860723998146045,0.08229140185319775,10.708538266251615,0.1139276001853955,166.70105675455514,15.191895786831402,0.09113257037835953,2.39544001524958,0.1289095183685918,0.886139366821552,0.08709186191068115,10.890661297924876,0.11386063317844797,166.23344131632902,0.09112721189107183,0.12927214143917326,10.66379373234743,0.021274564312817427
126.0,0.11099222917565214,0.8385984383460159,124.50198011136965,0.8872516926179199,1.2213014170896823,0.8780524675065235,0.7337029657442095,1.574427129312577,0.2639882411917089,1.1775497251984532,1.8528641119858629,1.4155034602468615,0.33571019947085623,0.5547555632975989,26.97710159450724,361.75325050421685,0.0745732113171234,low,0.8608325052973445,0.09617355460985316,20.1358247090834,0.13916749470265555,165.6108854958935,15.93665029979455,0.09622948547177303,2.3410194664869706,0.16289449521224958,0.8687257683407749,0.09742387031295457,21.56519860476971,0.13127423165922514,165.1033592131754,0.09622419417909739,0.16339523146634102,21.202005070139514,0.017130150352699883
127.0,0.12691761367602994,0.6393007040534534,119.85399964575883,0.5712214073832227,1.0385666254592079,1.1722703812775568,0.7811014810888021,0.7022938025653687,0.6717902894406055,0.21926202487982324,1.8604330382467216,0.9205405758460642,1.4481232560190753,0.9455373867213263,15.141330730207299,349.9544431570148,0.04326657662527179,low,0.9163314101379876,0.07689779073759741,9.885077453534112,0.08366858986201242,164.89083734328042,11.97500128528425,0.0726238126885966,2.6224624124656057,0.09182639238276834,0.9170050047544944,0.08115428552704052,10.162686867848658,0.08299499524550558,164.6408147851746,0.07262265766472824,0.09196583939385805,9.952537826162809,0.02111512112352068
128.0,0.09938797373171933,0.49002172476088124,138.84397034712885,0.7800338654257142,1.438528680191053,1.002680911513098,0.5212516257464955,0.7013525073369364,0.4145581274167742,0.8954037995866037,0.9655443838396601,1.4620345834160335,0.7389555449178205,1.4753493942727405,21.924253399554257,441.0770615265837,0.04970617452577022,low,0.8828394258150714,0.09083181009037192,9.976894429289063,0.11716057418492865,163.66491894702696,13.864791366992103,0.08471449750010072,2.468468529041661,0.13395817222535286,0.8829138116739472,0.09483193528884706,10.088742623524736,0.11708618832605278,163.21598302021684,0.08471165752611419,0.13432663268546802,9.955111270197749,0.01342339123089803
129.0,0.1309955577532413,0.60771149785773,144.42019549323044,0.6878597702786073,0.9781363821806894,0.8498242432065178,0.5889047075100238,1.832704194706427,0.4206891759445715,0.8587126738427501,0.40962578177297515,1.2762484180641247,1.9574877581367958,1.5665710387692597,16.280298835055266,409.640000126863,0.03974294216876613,low,0.9117957006010261,0.1071092013947075,21.945204687725468,0.0882042993989739,166.3779906468153,16.60024982803603,0.09977431367875328,2.3048445067605163,0.09785127691327178,0.912703422719629,0.11031903901916477,22.488564645967614,0.08729657728037099,165.89894018652748,0.09976931609362823,0.09813383266192423,22.055693597282932,0.019626272317185597
130.0,0.09908583856174914,1.2521628441099732,94.81823028070636,0.6742556087103642,1.0601688659803654,0.8199200764773292,1.6010441288984283,1.1811062000860277,0.028584427419029165,1.8620387107370453,1.793596561540942,0.31093465156768346,1.0513697137645535,1.2847550308146152,38.49280919001318,256.2949273764356,0.1501895085636108,low,0.8132088411924966,0.07923599518195323,17.242869663456236,0.1867911588075034,168.27583704408605,16.89393554231315,0.10039430401339894,2.2986498062681555,0.2287482853520353,0.8172099302724422,0.08008224570249356,17.710930066944623,0.18279006972755785,167.71146419583553,0.10038432596416111,0.22951805575476583,17.687806195534005,0.001307334055732524
131.0,0.12849995804542752,0.4175399229614657,157.89614898054086,0.9563961896340909,1.3388363752175547,0.8958976008993731,1.8872146422418936,0.5415602129296245,0.045031254967036645,0.7766181920614228,0.5455671647542742,0.8324786542318107,1.6993153248834074,0.5932075452754397,12.709067906020602,242.74261939722214,0.05235614552392871,low,0.9291951288664384,0.0803306966002041,7.7891865374410045,0.0708048711335616,166.91264418173947,15.280292660917185,0.0915466454673113,2.3909066500696765,0.07614203206907794,0.9290725847621342,0.08032454904146756,7.766827969844174,0.07092741523786583,166.5271243983531,0.09154077141122924,0.07631830521266295,7.757186638818428,0.0012428901707094001
132.0,0.13464765850624677,1.3319153821479301,133.63674604387307,0.529846498520768,1.3952381073563833,0.8156317111713883,1.1263207499360752,0.8390760012430699,0.7662756113519777,0.8132062189657164,1.2789298434914886,1.2663614209144474,0.6725857674124048,1.1682832231020546,31.250361327182667,293.87764220636376,0.10633800207651849,low,0.8420108766517863,0.08916568211580655,12.47748478414827,0.1579891233482137,166.22368256765787,16.98426894779554,0.1021771909119054,2.281046807022218,0.1880018589677368,0.8431084470528298,0.0943271494828629,12.86106534917067,0.15689155294717017,165.81140400656622,0.10217080434389961,0.18846931255672342,12.526515429866713,0.02670734101410964
133.0,0.10254426092663518,0.9765300930373836,85.00435558482853,0.6276326487804795,0.995638566212723,0.9391528550677922,0.6810007116693467,1.7528598358456828,0.33704055102483665,0.28592972080615076,0.18735489939150252,0.5992681668534491,0.6270360588825117,0.9513051039383614,25.127785678186367,376.83758387574545,0.06668067823742269,low,0.8694033574070801,0.09290611547331905,21.802353162357292,0.13059664259291992,165.98320707443708,14.99890651801867,0.09036399996351581,2.403909321390908,0.15138751757530217,0.8699760082395769,0.09600550346386469,22.19041319219483,0.13002399176042312,165.79929096677924,0.09036248247715506,0.15155544714133404,21.858011186537524,0.015207330750294078
134.0,0.13714119628072896,0.4365395205183272,82.83721880962507,0.6586232146977373,1.2353342538524923,0.9774227092101657,1.4960146748154861,1.4737386225594007,0.709674516500252,1.988644369180392,0.5927316795542515,1.3151305023577182,0.6912097278174901,0.7285186590578432,6.1201679016204835,262.54686392007625,0.023310763687063384,low,0.9646379542292817,0.08614091828838281,17.450333331945227,0.03536204577071833,166.0041352185067,14.174402122001304,0.0853858375476245,2.4605750286189054,0.036867562928867254,0.9650671394319744,0.09121322961914946,17.970541729237684,0.03493286056802558,165.29914191542593,0.0853782800399572,0.03702480140369889,17.43403559747627,0.03077349066782205
135.0,0.1512876122820782,0.8021362574905722,121.05522824537931,0.9681261586841516,1.4861358814345322,1.0392956277009096,1.2418690063258466,1.3251009787709271,0.16053058072569687,0.7074672903791669,1.4485233249820786,0.4488910043972583,1.878057811524009,0.4676374351334292,13.504393628538725,282.0706729397956,0.047875922327526285,low,0.9244357312380101,0.08389075602109465,16.114033775842632,0.07556426876198985,164.12645968074244,13.26580431926563,0.08082672559360735,2.515447605847756,0.08228041751956004,0.9261397290965603,0.08497104922931448,16.526079116487175,0.07386027090343972,163.81489508706173,0.08082413425212857,0.08243690917948351,16.407335355938816,0.0072372361490970665
136.0,0.11155925339649791,1.0698300084911954,114.79617232876635,0.6716674273259422,1.3604596920542673,1.1774632295627598,0.8999929915264562,0.5669739725928845,0.7329595198937753,0.5484573920667223,1.7048015335019633,1.8212134980501011,1.5234417883088733,1.1775085466671984,31.410952944233618,325.7724664832251,0.0964199132091203,low,0.8387110711364932,0.07095811473099978,8.508249297331211,0.16128892886350676,163.4771061071307,11.777279348828465,0.07204237724339524,2.630500760282199,0.19214282471852187,0.8391842441008147,0.0743348200910362,8.705749678835133,0.1608157558991853,163.02711368464497,0.07204014335456889,0.19267318321659102,8.511639641635913,0.02280524615371434
137.0,0.09339688332998596,1.356999366132459,167.52325091336436,0.7057876538543031,1.4757966422027002,1.02847402154694,1.4622782655502677,0.6166076141895936,0.31903467669899865,1.0644795444105302,1.17049012035405,1.0050200901263129,0.03808875827353168,1.1927610432678506,82.95452795332007,264.7326414091283,0.31335209557751087,intermediate,0.6607078441300812,0.05746863925251959,11.330884137814106,0.3392921558699188,164.5253743191649,13.373975783133787,0.08128822583432899,2.5097540966023253,0.504205070473783,0.6616386633732944,0.059215284088925395,11.466989611285685,0.33836133662670564,164.123548603388,0.0812844865099448,0.5054395219895192,11.34518631155642,0.010736121592396782
138.0,0.12510238208316496,1.0368222873794952,112.17715280534375,0.626610744457882,1.0119815610762564,1.0279425216730749,0.5028786024522128,1.621093598243862,0.2321315329182579,1.8071987830753837,1.0295270493210416,0.6438670111360915,1.836602847676561,0.318679061047412,23.655258916357678,451.1280373332745,0.05243579861759327,low,0.8756879617579725,0.09014579759741838,20.351472441832392,0.12431203824202752,165.26445805521098,13.704988451384715,0.08292762165962023,2.4897870798206587,0.1431357909300438,0.8790137496920073,0.09383123505633637,20.99056803840832,0.1209862503079927,164.65483415737256,0.08292414588050935,0.1436657419590161,20.744340157255696,0.011869641516001724
139.0,0.10141765318773535,0.7734583077976787,156.96833970181368,0.5819220772333724,1.0755030485427892,0.8679718045969743,1.2835316275516786,0.7336672908508302,0.5506008032217159,1.6628298558308865,1.2736428835500486,0.11386120050860549,0.7720634183018368,1.0771750208203403,37.57266385821187,278.36666243141707,0.13497544400622644,low,0.8163735202291885,0.07860098220053406,11.657306868752174,0.18362647977081148,167.17758038020924,16.07071535754176,0.09612960853358685,2.3420579091733216,0.22474702512598266,0.8173180748840937,0.08406128363358796,11.875819651808444,0.1826819251159063,166.71166915187104,0.09612323331589837,0.22537512850395564,11.66841016991564,0.017775299194363398
140.0,0.11914541367886865,0.7465137201490527,131.4588458552201,0.7081912442899608,1.0316874347970881,1.0862719347041971,0.7867538558700057,1.0330283959649031,0.15850351359871,1.5846522321935421,1.8362389696782104,1.8252513932169867,1.0574472885684505,1.8468611345892878,22.0050863639628,348.6411870070352,0.06311671478883175,low,0.8829801791184871,0.07986004063612713,14.220499627860866,0.11701982088151286,165.28773870455072,12.933906373017914,0.07825085196511203,2.547835561888084,0.1331319947651807,0.8844740229029165,0.08078198267058036,14.441110396600836,0.11552597709708345,164.59190076407089,0.0782468222247035,0.13369483104460467,14.353612350544754,0.006095890283170489
141.0,0.09050062010937633,1.3210093353755332,127.4034794109835,0.8709126989104248,0.7752402184809994,1.0268758536831222,0.8959469116333569,0.7503435024643521,0.6376055888746857,1.832125826627519,1.0399534200484262,0.6844058025574459,1.435040968389066,1.535774226257315,65.40850048072618,326.53372463854225,0.20031162341081424,low,0.7181376877931288,0.06476291971185451,13.333988111884686,0.2818623122068712,166.66082391774714,13.77698959894371,0.08266483553293319,2.4929609725418893,0.3924647613227181,0.7189435408362894,0.07089654228506094,13.602008126071555,0.2810564591637106,166.04259447159808,0.08266042777668735,0.39392603258746617,13.317896522649898,0.02133306884750644
142.0,0.09980407948475241,0.7782424085283808,80.92638684926303,0.7895347991355246,1.319367432347727,0.8320833855301449,1.374536671378106,1.5212108763755814,0.398177186477684,1.1072960763808226,0.17155180327355343,0.4974693298830533,0.5378697796261125,0.88103550187743,20.126051710410543,270.9802321639321,0.07427129111851634,low,0.8925365744119029,0.09157614727959448,19.10742817612926,0.10746342558809707,166.80494037259916,16.613471638970772,0.0995981989613771,2.306611197272176,0.12065620877567619,0.8928295791124556,0.09495203705622605,19.374682571599017,0.10717042088754436,166.4369482625195,0.0995923130025305,0.12092297966594474,19.05205761210338,0.016933864365950735
143.0,0.12149522702996352,1.1171521912798217,120.53137227056081,0.7215700931040127,1.2533031249345208,0.815359586301953,1.0893218273799337,1.6363547389001478,0.016390166473754218,0.17957110868457327,0.9947489828037148,1.7231135404935456,1.5724235019716861,0.5845966855867791,29.03649131549414,298.1956237842948,0.09737396862838675,low,0.8520657386617895,0.09388834440195894,20.948393963542422,0.14793426133821053,166.66514695036165,17.067987906661646,0.10240886123446706,2.278782034627867,0.17422053648770466,0.8551622326408559,0.0908608310954515,21.476273298505834,0.1448377673591441,166.30317259510187,0.10240336422109263,0.17459974372340598,21.45893127449209,0.0008081494736113623
144.0,0.09743023798409522,1.2559052623816802,163.27339142751975,0.5020913988399717,0.960620861007708,0.8664977838888565,1.1277635948768083,1.2993562511219166,0.6487813203735895,1.1111390065651012,0.16288971915897132,1.3680560319192168,1.5957278275675926,1.2114543500194233,68.7598458740164,293.7471771430078,0.23407832048898766,low,0.7082891648815957,0.07308654990497891,20.517696419931937,0.29171083511840434,167.31532579955183,16.18773589177384,0.0967498692329427,2.335626298670651,0.4109596389059573,0.7083098787687729,0.07649048178201166,20.95867489531848,0.29169012123122706,166.77046398693665,0.09674283959897317,0.41230230000081103,20.402431124591946,0.02726360242706911
145.0,0.1436138769178245,1.138395600359968,171.99103492006816,0.8425882514322856,0.8625428822902687,0.8015313120970303,0.5412826452103499,1.2467425110421293,0.26489894777522555,1.559641538522154,0.9569433981099019,1.347336172124459,1.912726087799698,0.981138574021145,30.217347086985395,430.9895078901955,0.07011156080088139,low,0.8479653077662319,0.1023084680618768,17.653810158376025,0.1520346922337681,166.94845467243636,17.661322984222597,0.10578907734650943,2.246308003578256,0.18099806402086066,0.8493245588000273,0.1045226650057417,17.946602244212144,0.15067544119997267,166.2839740184554,0.10578113061105412,0.1817213430539713,17.757226213745113,0.01066473041383248
146.0,0.1147044863475889,0.7168062689745078,90.18327855152621,0.6842517051897439,1.1748388610281162,1.0372099726651542,0.8798635971550638,0.8957717957172678,0.11257098926763567,0.36505604196219293,1.5517478528579274,1.0529630170907622,0.05072138942987565,0.9966958151758911,15.639293606439765,329.417536233281,0.04747559521350014,low,0.9139750654748896,0.08427618599727518,12.195945025528586,0.0860249345251104,165.0510907932677,13.47947179991081,0.08166848056032736,2.5050871464093953,0.09475425779541519,0.9147647288113433,0.08446566388740225,12.353929329995767,0.0852352711886567,164.80536281520747,0.08166676691088816,0.09489553822332679,12.3067998791659,0.00382954555957727
147.0,0.1255523528772433,0.6595646820920427,100.16134833116917,0.6701108413515519,1.306347352339893,1.0420400975812323,0.8602824597894503,0.6834210404375598,0.25174395231093355,1.365920568248961,0.33896525674065203,0.34373119011318054,1.7715169365116712,1.0228562732446274,13.340065746821766,333.1025195428285,0.04004792808271321,low,0.9255304200422713,0.08537725068859751,9.44206640036406,0.07446957995772874,164.4428464798842,13.36135364137475,0.08125226440305633,2.5101965885845616,0.08112280973227749,0.9254806196794455,0.08960519302860509,9.45348026663697,0.0745193803205545,163.99359646136222,0.0812491786420945,0.08134504050568071,9.381523336446158,0.007670068880100429
148.0,0.14588930139951875,0.49513863003535735,138.93726165339442,0.6206802617437159,1.087303125104192,0.9097516608506586,0.6313693861716325,1.4620453389318289,0.5862995404571698,1.715384171531709,1.3679881150144857,0.11715021343560972,1.3902475030957417,1.2617373121295823,10.28842233985705,393.31761620540385,0.026158051193120434,low,0.9421734585349968,0.10240426312299834,17.97853626227868,0.05782654146500321,165.7304857141647,15.451498143216616,0.09323268484149505,2.372656923045768,0.062079238442597016,0.9443875695046219,0.11271666189007329,18.92162251236325,0.05561243049537812,165.23349131437564,0.09322829407969116,0.062265962293819394,18.39133022010329,0.028833819300373757
149.0,0.10449117293677578,1.0183451398087122,178.40155288156484,0.7649979030358216,1.1982657839142792,1.078061864121128,0.9798093977944716,1.3027526273627081,0.36281066340678253,1.1169334637823767,1.669149219362908,1.4429799530632825,0.9647348293840761,1.2710706824643152,52.96445943257703,312.85594164768474,0.16929344270604166,low,0.7561806087230589,0.06938026956863469,18.87195932469338,0.24381939127694108,164.85027232685985,12.944055052219596,0.07852007078614062,2.5444010080696904,0.32128827380740255,0.7621743353909539,0.07087452932139347,19.871249970336574,0.23782566460904608,164.33100753496663,0.07851665113041698,0.3223035033197077,19.487775825169578,0.019677676334500804
150.0,0.0962536923810031,0.5245888882210864,159.62669542912255,0.8535179016521262,1.4923243529841796,1.0927799777342684,0.8305723771185164,0.7683905519868112,0.6984202967819646,0.33605836277349216,1.3551883193296135,1.7800174871416259,1.2806361647679936,0.30321074078903265,28.77000521646353,339.0271869953033,0.08486046641699593,low,0.8504716883896194,0.0783776243343863,10.926034817682853,0.1495283116103806,163.25830779159622,12.652698815555064,0.07750110231270183,2.5574631193342863,0.1762238357461676,0.8513020261000149,0.0815484040833873,11.221485572616944,0.14869797389998507,162.8774167548011,0.07749883040221833,0.17663593756385804,10.95532836756835,0.02429477201582679
151.0,0.12420957420617249,0.9890541679408033,140.205614897343,0.7246193661237665,1.3237359841229615,1.0954239863618618,0.5781635079889396,0.7399215023211103,0.5198201803726252,0.6422787476443058,1.386052644480386,1.094434609232342,0.4047681806529902,1.507543961869314,28.610501152792274,414.1155406097039,0.06908820932116898,low,0.8518170366776376,0.08071190519909703,10.754972105802175,0.14818296332236236,163.7482807799991,12.717021328861435,0.07766201433251776,2.555389017176755,0.17472245214733806,0.8526654554180064,0.08543827719962475,10.979881002262806,0.14733454458199358,163.42127067427882,0.07766036204497538,0.1750720762036966,10.790703189609063,0.017531555574238362
152.0,0.1170707121602643,0.43915981416544086,131.69243630272317,0.6656158113510823,0.956036205010476,1.1359619106774508,0.7538443741818254,0.8721954773256464,0.7273958437657884,0.2387854048327798,0.1452902872672114,0.09182175114221548,1.0934483039323413,0.038351189484613406,13.431887065123254,356.5730373916424,0.037669385109369125,low,0.9254209652804571,0.0799069575960517,11.945774717472602,0.07457903471954286,165.35695473455283,12.396402010851599,0.07496752725491054,2.590700229138899,0.0812296470183878,0.9255469762195125,0.08657551991783934,12.217060799840883,0.07445302378048746,165.23971412102344,0.07496694617872508,0.08128728094558182,11.935543318308428,0.023586482326332335
153.0,0.13258695718034694,0.8118666920218008,155.5133657942183,0.8695702326887795,1.2720847334442853,1.18870362556462,0.7024881920994952,0.5436596698478732,0.7382154159538652,1.8748481154710666,1.4009549658309417,0.0810048667191348,1.8065367994474615,1.9483322300868628,22.86130221381881,370.39936977058017,0.0617206833477572,low,0.877834736857553,0.07535856650705994,7.942576796406691,0.12216526314244702,163.66544189391556,11.71590292667806,0.07158446395954533,2.6368772123651616,0.13968313621538392,0.8784267091959187,0.08833898297004712,8.090026310942426,0.1215732908040813,163.13107044446448,0.07158216240503756,0.1401406988351836,7.910807804740474,0.02265489323284484
154.0,0.11548166033927984,1.2651573434818406,169.29105595650162,0.7129022952353355,1.2179075873568506,1.111100221369009,0.509219766944144,1.4427795683417284,0.7926042794175412,1.4652601223430581,1.1904386625226857,1.6676988186084423,1.8103274114471872,0.7759165379653878,51.12138874810609,447.57181104976445,0.11421941124532087,low,0.7623373931616891,0.07541191503413099,20.11667912779401,0.23766260683831086,164.07333215572905,12.584349824434712,0.0766995443993931,2.567859510660557,0.31157646447738735,0.7679263342868577,0.08261126111614985,21.47488246905809,0.23207366571314225,163.41236313236683,0.0766964929304499,0.31283672647642263,20.551117107982193,0.04494964221273893
155.0,0.13642114694181032,0.5865516207362643,126.54269176565367,0.7817284710127843,1.238183944464378,1.0191468098025824,0.7388450126321552,0.8824903059845043,0.4267235101599356,1.1384768062808013,0.03387187012271523,0.32306608426037325,0.027760714527781335,1.279492478258141,12.694922146939183,360.3970410721189,0.0352248234590772,low,0.9290635692671301,0.08937794658916431,11.834874207102128,0.07093643073286993,164.70652098272654,13.707904746958125,0.08322624183407852,2.4861925742256004,0.07707601418082623,0.9289850063122294,0.0954929801229261,11.931904680006905,0.07101499368777064,164.38457514633149,0.08322404528255681,0.0772269669197274,11.765263208545186,0.014163854093862255
156.0,0.14741909514057874,0.5417714359606401,91.15246772656384,0.9942864857244795,1.1016133500219216,0.8560093660223108,0.5202316928026834,0.6499571821670291,0.40107789420279166,0.4825092168923953,1.6576562140067665,0.586401355991297,1.1259146921685375,1.4122949106471594,7.233145134241725,441.64543835621487,0.016377719559751768,low,0.9586507012282602,0.10728916026542663,9.15051930215604,0.04134929877173976,165.79033692921146,16.433727022680735,0.09912355163194791,2.3113882106652954,0.04362826729358844,0.9589778068402192,0.11216894714090282,9.298983221131325,0.04102219315978084,165.53624744663244,0.0991210583645716,0.04369523440220325,9.19196842071915,0.01164220714367975
157.0,0.12126982003653629,0.8806804133219166,108.71328238399275,0.7997686310131744,1.2847384691516806,1.0645390618889523,0.6719400631530829,0.9441189377407319,0.6920350164931139,0.15098325995715958,1.0721943715972673,0.5082103010048008,1.6204929858424828,1.2945228685348455,20.722665048723183,379.64185906491167,0.05458477392288819,low,0.8887091803028513,0.08479474335611216,12.850382150701119,0.11129081969714871,164.1858417535598,13.102365082580482,0.07980203982659427,2.5282062131162992,0.12621468957005172,0.8896159948609578,0.09072247604309418,13.267931167358602,0.11038400513904223,164.0084960200274,0.0798010116699497,0.12635116808944277,12.940504732256962,0.025302446996944474
158.0,0.11069893686011716,1.3378385788088383,153.24903782708282,0.6050531483291861,0.8275463276481123,1.0612055069373305,1.0105147268104855,0.6261469511284475,0.6940884502388567,0.7817374519498964,1.2705704686484018,0.9092335555778116,1.6379004782714894,1.0672327486361566,53.25552853781812,308.4536889721869,0.17265323917918887,low,0.757414712570362,0.06478333417697886,10.893070896984478,0.24258528742963803,166.46224177107493,13.298666709256777,0.07988998927183498,2.5271047247749023,0.3199255757414171,0.7581518989038332,0.06897826083782786,11.140283987178403,0.24184810109616683,166.06315986939404,0.07988724991248515,0.32069441879645505,10.912166013842032,0.02090492144703482
159.0,0.14087235293500258,0.5097325238786772,95.8789585395439,0.5999705387455645,1.1185736429483462,1.049944070412694,0.9236574221751799,0.7423528941676357,0.5810119265391636,0.9313318444301708,1.6631300780106724,0.6393865542836398,1.0313531654238004,0.29425091279375154,7.839064597138682,321.72458835868673,0.024365761526436415,low,0.955052927137271,0.08529673881139074,10.062366821918383,0.04494707286272903,165.2695866097707,13.333788855458367,0.08067902346087238,2.5172766698256948,0.047431985266884184,0.9553361684381887,0.09088207728872517,10.287078914932579,0.04466383156181131,164.90450338418276,0.08067651432762468,0.047536995268563344,10.101046993644385,0.018417092941478835
160.0,0.1275101385119053,1.0829499081869556,169.74695738818286,0.7478484303474922,0.9854052884205642,0.834995679098153,1.7814555921229756,0.6911891727689987,0.33478923735602195,0.49006526518159327,0.9504877534581885,0.43133068808488884,1.0266533636097106,1.348584228615216,35.989106091635314,247.26332450325884,0.14554971370677738,low,0.8232498911810674,0.07452208206801164,11.122962147241344,0.1767501088189326,168.68956418693344,16.560621542444697,0.09817217574937258,2.3210324464452503,0.21334518388911108,0.8237819762647582,0.07616747932307495,11.263723485075031,0.17621802373524176,168.45335436766783,0.09816802100580241,0.21364434223782308,11.152582695194875,0.00996547552416195
161.0,0.11352966285549453,0.818451549938563,84.72665494918613,0.9282784132058142,1.1316669394411998,0.8098494526943865,0.7150368158828642,1.5497402682177155,0.7851781383516737,0.04569179709034491,0.1475963861382779,0.9116198937255433,0.8054329395892498,0.5398080470712812,17.125547593993193,366.84253342587755,0.04668364770589913,low,0.9075484883511747,0.10675527538678795,19.412955544481587,0.09245151164882526,166.37713995768536,17.3285344869149,0.10415213587228425,2.2619026038302814,0.10293209510843093,0.907835502906296,0.11498599335553168,20.06704483156886,0.092164497093704,166.2000661969085,0.10414984911004226,0.10304176157007902,19.425978628107984,0.033000458598945466
162.0,0.1386089984852341,0.9236701034553721,95.46446624537654,0.5372747715548865,0.9902828628638276,1.1603689154249477,0.8655290692625829,0.8069690819232722,0.6099576965323835,0.7963601627125886,1.462919451949759,0.799550474397125,1.9908971013235586,0.07801903251493754,14.609182415999948,332.1203220902404,0.0439876196796849,low,0.919177267281023,0.07664543985946505,11.184125558337547,0.080822732718977,165.2324839079722,12.111885410021381,0.07330208397016662,2.613166239795632,0.08841592204191924,0.9197741232298392,0.08141130325274967,11.449639439771135,0.0802258767701608,164.83765470583216,0.07330011965294705,0.0886277012498835,11.224840567812402,0.020026910012722207
163.0,0.15216884077001164,1.0737601077154042,147.2963216101657,0.5720238723443435,1.2857774905113928,0.945151885980549,0.7363623486180948,1.5776776397038665,0.7426591321710386,1.7918323149921498,1.591234901785632,0.49193941442106737,0.9944454087365111,1.525362337422177,21.74191680067603,361.0449968731074,0.06021941029227841,low,0.8844384908505468,0.09371003541831031,19.558899253743814,0.11556150914945318,164.93799165997194,14.769762053691064,0.0895473620422133,2.4129876088410427,0.13181873128113558,0.8911228034394506,0.10414674780759775,21.254211978238583,0.1088771965605494,164.3908081624291,0.08954271753963751,0.13225749689844923,20.30186380745097,0.04690939609387448
164.0,0.10462170498343581,1.2087701208463022,125.63484751407131,0.5600142343610021,1.1143246867595393,1.0238480023661183,0.6954160835379516,0.6050079787171599,0.5316023553210043,1.9602030443198493,0.08677373295186995,0.7506408759201021,0.9776774892359401,1.430287052987799,44.16318370894082,372.48001008573226,0.11856524514906437,low,0.7891065092494872,0.07494047110718621,9.959777695860762,0.21089349075051278,165.13063436791705,13.701835634632289,0.08297573425476039,2.4892070723069617,0.26744391722340044,0.7888417087274561,0.08313665833375897,10.001832689079517,0.21115829127254393,164.5079527944639,0.08297166001822283,0.2684562232934614,9.844886298343813,0.015941920097351202
165.0,0.11596490076690864,0.7545890762596165,110.34500647201374,0.8747229767760591,1.3563513197309447,0.9311778797550075,0.9590702142745386,1.1540498468382625,0.44191453260637714,0.1857944117802434,1.6474999451152208,1.2138004611662576,0.9952084492206944,0.8919968284197183,19.708800992608264,315.99655748014516,0.062370302859538644,low,0.894034906405364,0.09020525806222231,15.208844029682623,0.10596509359463602,165.0906263486496,14.928059015514885,0.09042341982511345,2.4032519762746745,0.11938170826843843,0.8959766554759355,0.09239309733155335,15.772587159187495,0.10402334452406448,164.82738224716437,0.0904208046078372,0.1195723715556814,15.48781945193485,0.018386559072204912
166.0,0.10707173752892891,0.6569276269423668,134.34145048135028,0.8590206560978426,1.2558259535229876,1.056629677516403,0.6451746986734461,1.3875421544439488,0.5612615695552454,0.41329133800513146,0.6984881631175476,1.1766594166183315,1.2453089676717326,1.669732376345511,24.503492331932254,388.4626122084866,0.06307812273779725,low,0.8710393327562784,0.08585647942745633,17.78533918282864,0.12896066724372157,164.31934296005304,13.21664021480795,0.08043265008685552,2.5203350896240653,0.14912116790711116,0.8724299638694687,0.09014889123342595,18.373252746048696,0.1275700361305313,164.0007143222786,0.08043079390206603,0.1494108878317464,17.925419416284754,0.024983143733702393
167.0,0.12001094906702328,1.2577559976223558,161.29322118062885,0.8932556650004504,0.8979115913193029,1.1781429396148768,1.1669098718064248,0.834913491940595,0.5283678400072691,0.7549598097654746,0.10510095278392735,1.700326784946661,1.7693788952702378,0.7473071372890421,44.83538455293889,289.5025024424097,0.15487045595351262,low,0.7867059787300419,0.06207687569558281,13.182041786753619,0.2132940212699581,165.85004161499526,11.936871325754945,0.07197388200519857,2.6314519757035497,0.27033689058107,0.7861781368774043,0.06382214933868373,13.313303064313269,0.21382186312259566,165.3445867036675,0.07197110899594977,0.27116330474908984,13.087024141922427,0.017290326657684478
168.0,0.10396725280554546,1.034874439183938,150.10851931731332,0.565107251495947,1.1068357191004887,0.9853132371903881,0.8358948100262594,1.069134692883907,0.6235607446771976,0.27658814362600287,0.9005603657205157,0.8943194043380918,0.7097790586101076,1.7882808891917799,45.74566988642294,337.9620540956428,0.1353574146329368,low,0.7836010502636312,0.07673496889877905,16.09943284811426,0.21639894973636875,165.54886830624744,14.228969364941324,0.08595026659209339,2.4539864454467057,0.276327288458405,0.7855192485274018,0.08102761543861724,16.658518071932875,0.21448075147259815,165.31998599687674,0.08594846568219941,0.2767098582217832,16.253854982090324,0.024896437816655657
169.0,0.11518718854792885,0.8908558883165731,171.29414576166016,0.7174459686992931,1.2146166940067356,0.8426849935718934,1.011412794539242,0.9961028942176575,0.1037680436251473,1.2008021309872008,1.1975962767533923,0.7689694870181879,0.3230685475782395,0.02107965530590204,36.60932708410437,308.29941809351243,0.11874601421725729,low,0.8199726579759972,0.08672211640304861,14.803371452706319,0.18002734202400283,166.4070314129503,16.55465177068661,0.09948288621052993,2.3077696474950438,0.21999867898163425,0.821405371523964,0.08781150128603386,14.966228310197497,0.17859462847603602,165.9849179604241,0.09947723126008783,0.2205581539211482,14.90878386858737,0.003853060190319163
170.0,0.11486201627094379,0.5041124596005419,87.22052183070132,0.5466426012390312,1.1693531771881112,0.988438776721081,0.8272894317810883,1.7381053426438449,0.0006101536798888114,1.037800160607686,0.43337660542245793,0.1317392452538533,1.7371374879466863,1.8945240492946098,10.608240777229298,339.7346798713741,0.031225074759060955,low,0.9402655477102133,0.09408714895952486,20.186116803724794,0.05973445228978669,165.27413123980844,14.157879613538729,0.08566301034126156,2.4573341645071847,0.06418573008160013,0.940940605577827,0.09470787901039386,20.3059522692114,0.059059394422173006,164.92965919705128,0.08566032657377914,0.06431978838054228,20.305396764511848,2.7357490523044427e-05
171.0,0.12059250122495915,0.9389397200677857,81.48849852819778,0.6425970682816255,1.0731459727083554,1.1974183631495634,1.4068208641834843,0.6752399567231961,0.4910192306079858,1.9113113683152332,0.8715808248501262,1.3221789145849632,1.3986358123138525,1.231055797921953,16.747251737251663,268.6129868074922,0.06234714090444917,low,0.9080659337241174,0.06850735374051083,9.559479464769469,0.09193406627588263,165.22281078764203,11.6504419557273,0.07051351989587812,2.6519508159769924,0.10136161984785871,0.9080538849346792,0.07236302436078236,9.62987364679535,0.0919461150653208,164.50933593180488,0.07050935107576882,0.1018012238782242,9.485765321649222,0.01519206097342843
172.0,0.14825340068090712,0.9429844946957052,91.54368803064094,0.7202755808022177,1.0885460564597744,1.150985613231209,0.7221547803809168,0.5488029846672735,0.13606806307447145,1.0146844564421207,1.2608381282545242,0.2874485972675025,1.2353088353111243,1.3397286516407776,12.501834798053343,364.87708839185717,0.034263140097815864,low,0.9299954327079484,0.07963135250820425,7.821753069423288,0.07000456729205162,164.69921970380744,12.182551900163537,0.07396848583783489,2.6041161435413813,0.07590706756556861,0.9300515489848652,0.08332457771880736,7.846378913594861,0.0699484510151348,164.35821479563305,0.07396687469637002,0.07606455700190236,7.815815423790881,0.003910467193345692
173.0,0.0924009137221838,1.1823081740072183,137.313426756028,0.7308970553222008,0.8649863541387028,1.174420951543636,1.4848717890123464,1.2019109076976344,0.07439441479784586,0.3415900926541686,1.488614972979991,0.6073280275018083,1.9387484605118328,0.5725437170727441,60.525905185390435,263.29029141081213,0.2298827839836745,low,0.7319010049835926,0.05680098219082408,18.612194756512498,0.26809899501640744,166.3141124541494,11.950605884858565,0.07185563334652788,2.6330962652643373,0.3639252513948666,0.7362593669975434,0.056519813348398375,19.251305435564344,0.26374063300245665,166.05509606114958,0.07185401027938983,0.3644929100104332,19.183273315204953,0.0035464291855481856
174.0,0.09876839588913054,1.3431568053635576,92.12986375739557,0.5970950661021462,1.3821116434214251,0.9644466879205573,1.0715887449867034,0.9745199612451568,0.37688141411237736,1.0530312247610916,0.48132011835778205,1.6576710407716488,1.7783020292942255,1.551638600484045,40.37767167460552,300.35614904079364,0.13443264538966215,low,0.8031555351702737,0.07757772892582886,14.36204404821259,0.19684446482972628,164.90865657962127,14.380561775516645,0.08720319523416536,2.439514306144887,0.2448487090494874,0.8030434611802054,0.07893665365322042,14.498512513702156,0.19695653881979458,164.34626131896417,0.08719784936045138,0.24568658483955597,14.299442447581564,0.013921526440652289
175.0,0.13450864497451004,0.7110592339039608,136.86579878718481,0.8270423829960758,0.8903938298854641,1.1442844211620522,0.8511847362569457,0.5353398542014526,0.5838792902068128,1.0607463757893236,0.42716487384719065,0.9709320425458743,0.27115430304674765,0.387410409533339,17.121840576622073,334.9091844580231,0.05112383108970274,low,0.906777619485644,0.07471545710375077,8.012679856573605,0.09322238051435605,165.6961224956048,12.323547198998376,0.07437438494872,2.5986436847475787,0.10333277760966458,0.9066805898286259,0.08039191268257505,8.096407899529673,0.09331941017137413,165.2832211593998,0.0743722726324413,0.10359091779866572,7.969531634390348,0.015920165821517653
176.0,0.10432209167903737,1.1581833059486435,145.55008861700662,0.5935430718421416,1.1434693496369424,1.0375869417309427,1.3070430124537216,1.3658391071323148,0.686118530763293,0.60307881340325,1.4759441716533974,0.7365653918275372,0.7603446710666462,0.03469164351556825,49.304587522454035,276.3597069313172,0.17840729413824263,low,0.7699951872842316,0.06861257132682069,19.463288697246707,0.23000481271576845,165.710535961158,13.429386381205763,0.08104123436275389,2.5127971876331037,0.297534415880538,0.777011034218144,0.07289515898245047,20.924146714016516,0.222988965781856,165.421580817918,0.08103880164603834,0.29805414310920125,20.14576703173481,0.03863738129481772
177.0,0.1208368316992557,0.46261026071053163,106.1049100263693,0.7825898380632574,1.3315099442866944,0.8073541071926782,0.633234666966553,0.5330414833815187,0.25824729930394774,0.8261863358607163,1.1743334845492044,0.3998965790752052,1.1248983216399921,1.7257134015355382,10.700454152353776,392.6304930456256,0.027253242786495265,low,0.9400219538376556,0.10805090956075737,7.713910742667974,0.05997804616234437,165.5326334225976,17.302092237804626,0.10452375389711308,2.258340923388059,0.06464256582589357,0.9401711578177636,0.11280351733456831,7.7637647652364015,0.059828842182236386,165.22514224654026,0.10451989432177668,0.06476286845247269,7.7085368348533,0.007164515337514454
178.0,0.13995502824443962,0.8101792681093998,161.10322774894803,0.9668358813754485,1.4821160403260514,0.9673002569976414,1.3448892397017476,0.8094888082928149,0.6026556140340972,1.4425213383428603,1.3500429239947012,0.07103833555510973,1.4585941610783932,0.8714031701028552,21.210870003463107,273.2595505961917,0.0776216968709262,low,0.8862795672617342,0.08121206218737839,11.252709648450447,0.11372043273826582,164.84808138020904,14.241673669320905,0.08639271716164905,2.44885189883545,0.12866919545482558,0.8872072011743589,0.08690455830640573,11.512835903736086,0.11279279882564108,164.42803337593097,0.08638827813791676,0.12899789389908234,11.27448295090358,0.0211409209513597
179.0,0.13022323432814592,0.707986887653156,113.53251443034591,0.7402459499084626,0.9292801004060718,1.1114803056359124,0.5967625695590212,0.856793912536829,0.2182898606931604,0.04001109880577878,1.4795404265960965,0.3366885719981965,0.2820441386731769,0.9359817098714157,15.087547235985749,406.45055007916375,0.03712025296323789,low,0.9169700127566004,0.08266592566236475,11.918379123115114,0.0830299872433996,165.3856156736465,12.693102406376994,0.07674852709938294,2.567221083586497,0.09122647803759322,0.9178018495903462,0.08436167829047865,12.134473929443008,0.08219815040965384,165.31073626727357,0.07674816811168808,0.09126780012395733,12.047768207385005,0.007196828538322505
180.0,0.12224171952467162,1.3278670620465847,99.16634846648078,0.6477382175978108,1.420128815201236,1.129549193679734,0.5289849972145177,0.6309758439405921,0.4395357510168932,0.053349351081921424,1.061892104328806,1.6107569885593005,1.9226518420459706,1.5858047327951679,28.049824398271543,437.0730448423717,0.06417651403871766,low,0.8537186926190086,0.08017401724566976,9.208511034515269,0.14628130738099143,163.07272223721708,12.286007667808898,0.0753406670303621,2.585735223155602,0.17200807108296315,0.8539007283344833,0.08056596358956072,9.342460783320682,0.14609927166551673,162.75639521916253,0.07533924284819746,0.1723423792994466,9.214905455860428,0.013842282817902592
181.0,0.10763526738610103,0.5128285930549182,154.12568105801904,0.8200567871920581,1.159891421225228,1.0182206819562143,0.5611221124174777,0.555748222986204,0.34608375263146696,1.7776976162571865,1.4145643676559592,0.15711032403020306,1.453320658002813,0.7156831344271671,21.71641735319827,421.63273228233413,0.05150553002762722,low,0.8844059071176781,0.0863172320534008,8.336759832639443,0.11559409288232192,164.79923675209832,13.770281929305574,0.08355792296550332,2.4822151994061623,0.13177498744041827,0.8846862477103544,0.09609589067169255,8.39393303901672,0.11531375228964558,164.28456450916605,0.083554768508403,0.13218781337175856,8.309726471886991,0.010133494455516808
182.0,0.12256190895621902,0.9338606662690142,85.24170906852265,0.8566297260457216,1.1379080364998138,1.153500273206415,0.541539084900093,0.7902107853646348,0.07729958513848068,1.8212946552394549,0.524328034079215,1.0999939036065394,0.5675206796835305,0.2331984906860806,16.868378062789454,430.83953380541317,0.03915234498978913,low,0.9075228794555781,0.08184756037678695,10.923782851776837,0.09247712054442192,164.28574346976015,12.146275422962644,0.07393383726688611,2.604584676703745,0.1026770656206964,0.9074166225499376,0.08541179017008564,10.866766436429836,0.0925833774500624,163.66931185856515,0.07393124019613273,0.10306378068825918,10.83947752752646,0.0025175483628317786
183.0,0.13606654253500872,1.3030764561462123,82.1094635518519,0.5084128121903101,0.8335033843603723,0.8290473720639954,1.7899345045793629,1.5910129883826944,0.6265220447151311,0.5338997081947505,1.6432900047115917,1.9193762552087057,1.5609571152975903,1.6070334236100405,18.395455292418358,246.89458415187667,0.07450732609469649,low,0.9016254643674325,0.08473619049208542,20.203064148969275,0.09837453563256748,169.27206385693822,16.736389286169032,0.09887271948378878,2.3139219177996164,0.10867389971664457,0.9070850178762955,0.08673957207661766,21.899437948512713,0.09291498212370453,168.7742847322635,0.09886381055961785,0.10899442010138063,21.112956334566704,0.03725113629200094
184.0,0.13882108338428614,1.2280395821250183,90.76375671159572,0.5536012300405031,1.404094187184299,1.006418227866413,0.6905594375705687,0.92650531676166,0.20853652201180892,0.17247051397203225,1.0828957447733614,1.865357102341717,1.1447689207764054,0.3969627944916458,18.41043697786906,373.9007202208188,0.049238837964784336,low,0.8998080625188954,0.08976666884602441,12.48132441697225,0.10019193748110455,164.0151059287631,13.813549026271982,0.0842211999196686,2.4743086089066217,0.1122484229340759,0.900241303278711,0.08861392493104311,12.619739895358862,0.09975869672128901,163.66327419474712,0.08421875846092246,0.11248972665646424,12.527875350015885,0.0073328112530159145
185.0,0.10616305435380434,0.7399921060637964,164.9075434017838,0.9497711652625238,1.4440330300223143,0.8632312201774381,1.2199126121276676,1.3951584485117878,0.42242450968958734,1.1499055736169868,1.8856524791028277,1.197476687539554,0.20357524145154438,0.9079773025704186,34.4644162235604,284.1440245467045,0.12129206756517774,low,0.8279928582377093,0.08595202897253527,18.68266463213405,0.1720071417622907,165.74370088745653,16.004956148017023,0.09656449121336276,2.3375441911228734,0.20793801537569423,0.8349302988360899,0.08865805655098585,19.896782827290448,0.16506970116391007,165.27965665622327,0.09655809849875797,0.20852182852270415,19.427189012724,0.02417198979527524
186.0,0.10050755033589603,0.9950252159774114,174.30166642057884,0.6900916862006456,1.3335010882059128,0.9415938577451912,0.5073127117187016,0.9819810812226974,0.5712919001826114,0.5821243260099694,0.4784612010992957,0.8987192347710641,0.006751583624759021,1.2997168980748268,54.649774863313446,448.6153613360815,0.1218187774501382,low,0.7508117415751691,0.08265543361305487,15.344403457215785,0.24918825842483094,164.42302917861784,14.828854405617633,0.09018721087730713,2.4058676482488104,0.33237299626651257,0.7518009141419139,0.08832305830956984,15.703695689837323,0.24819908585808614,164.15452786356792,0.0901852070876404,0.3329166461295173,15.365526851038112,0.02200828140015023
187.0,0.12909816563096788,1.297815358352898,166.27495484572023,0.8030989119614915,0.7639927999876882,0.8823491417360382,1.262138305696356,1.1191386792918983,0.5932563162148423,0.16356256342488382,0.6627316253887793,1.1342277290574279,0.23057253068463182,1.0358860010096025,41.21447123740717,280.27572358892075,0.14704973627275783,low,0.8030907119002213,0.07720266275804799,16.946495661510415,0.1969092880997787,168.08323001854757,15.949467756276675,0.0948902978275506,2.355033814340308,0.24520275599689065,0.8043349896523366,0.0802219246538784,17.450286281942542,0.19566501034766337,167.86113804937858,0.0948874535055524,0.24552717630976253,17.070811062298393,0.022229478040573968
188.0,0.12270962275836732,0.589252649282432,121.88540673415716,0.5829923325467592,0.8074043048927785,1.1057344956542896,0.8895143768395419,0.6794845996923702,0.33151178832892186,0.9638066371704604,0.6432027085353724,0.6621672197518775,0.9188667594937541,0.5326036168002293,15.182599642855127,327.68422523092073,0.04633301963851288,low,0.9166212399500272,0.07694272976245825,9.91763586302994,0.0833787600499728,166.21061912755263,12.783225215507217,0.07690979843891424,2.565121992656249,0.09134554532405514,0.916815502008324,0.08030531253634447,9.982965792622805,0.08318449799167604,165.83564683754938,0.07690764621883969,0.09155208745757672,9.889337956337444,0.009467553510532073
189.0,0.13354450187933892,1.3341566273132033,161.63593184340758,0.9952950044123392,1.3083869629904366,0.8806691237424598,1.0790708195484828,0.6136477828137182,0.5780634544797757,0.13337438123516931,0.2531615110724243,1.3938559635906984,0.5606945990727044,1.0388384460740179,38.48954981173441,299.4372975583129,0.1285395978576747,low,0.8117232515953423,0.08106314695976359,9.833680983735931,0.1882767484046577,165.863990293925,15.785129145257937,0.09516911487107813,2.3520998134446747,0.23205488872857621,0.811590905657259,0.08317599655846837,9.982280103921486,0.188409094342741,165.60710412668556,0.09516597364043924,0.2324148472657961,9.812648869625463,0.017286997277677782
190.0,0.09579743416772302,0.856311283286923,156.53615835040517,0.8950036394780114,1.0953698998864132,1.0653187158706579,0.821197366131904,1.698947949778793,0.36524834861855476,0.9113544884391639,0.3240699671493133,0.4682780803823674,1.355204260683559,0.07129376092875127,46.49312211498995,341.0212888277078,0.13633495514257882,low,0.7804227593599715,0.07510251519447078,22.540725494825242,0.21957724064002848,165.16354780413695,13.160426059839407,0.07968117804932358,2.529721881059521,0.28149747770085987,0.7820467351477107,0.07839736353027785,23.059898431387406,0.21795326485228927,164.81873785528518,0.07967902508562558,0.2820863860504261,22.647339842350803,0.018216646719148605
191.0,0.10201057084971979,1.0043921982134631,103.19443757863466,0.8683763719703035,0.8036927436943224,1.1854996515247243,1.2982094325594355,0.526804573879498,0.3504665354830401,0.8650946830807992,0.93836506460259,1.7673971208438044,0.631379451665456,1.0061752830707957,31.704389190283585,277.1279958099134,0.11440341527974006,low,0.8396915157966243,0.06260577834858425,8.504674126198402,0.16030848420337573,166.33450077514618,11.884187346634157,0.07144751865218511,2.6387921036601805,0.19060621243660156,0.8396702784024658,0.06391625257793626,8.552326375458753,0.16032972159753422,165.833286012621,0.07144467625607302,0.19118230092763572,8.4720897561179,0.00947069986869682
192.0,0.0817156129584165,0.8728326217760023,151.99934628975998,0.7746565754482331,1.1310698087500837,1.0533593968070902,0.7480634443441081,1.1292225086657397,0.40586266528057025,0.584866235139574,0.814511040679092,1.5577330094844717,0.22899102134976676,0.0909662228757082,63.24303909385175,358.02331697278515,0.1766450286774454,low,0.7222219131972221,0.06941071630134057,17.68979974076229,0.27777808680277793,164.98577896293546,13.302951493919066,0.08063089787215912,2.5178733546389216,0.38332418400775914,0.7240697303087182,0.07085676893237906,18.157086714601625,0.27593026969128176,164.6105987241321,0.08062856897948847,0.38419785593417116,17.84714187027573,0.017366637559042712
193.0,0.11235976941226282,1.3122543320978508,146.95717117705567,0.5316793076519716,1.3523533480609924,1.0965124489962506,1.034125027154974,1.5823994807022663,0.32657833964425986,0.8022465350827116,0.7266859637095863,1.2211294141567917,0.31602266096563797,1.747607438555783,48.62249579799567,305.18741916740055,0.15932011853780054,low,0.7707031508420995,0.07103671932953207,21.118886809707472,0.2292968491579005,164.11712356761012,12.65152749003264,0.07708840622484273,2.562802382938681,0.29626704844095697,0.7741807255113999,0.07246372862607878,21.825222549339877,0.22581927448860006,163.73824259512102,0.07708594804555297,0.2969525935259091,21.450695349559304,0.01745990951236308
194.0,0.1379384448142344,1.1536260139046774,103.02924631283041,0.7626233994852061,0.8717683746706979,0.8533550517752602,1.4504567728506217,1.244674060947278,0.6651143526846197,0.24424369021152206,0.22350319198580515,1.041184805836804,1.0669385534955576,1.4561522961656754,19.884058875455423,265.5725816930089,0.0748724086978248,low,0.8942922905145809,0.08563803669999001,16.86252834343907,0.10570770948541908,168.29828419012412,16.3807983418648,0.09733193906694644,2.3296280901392237,0.11814772189235567,0.8944999417843358,0.08946005308897,17.26515082800502,0.10550005821566422,168.03480354081216,0.09732797554272163,0.11833297898090497,16.855578126894255,0.02429894115926305
195.0,0.13558059881173823,0.7421027270546783,93.4844423258982,0.8457818670482069,1.3662264851029662,1.1569452531283377,1.644770194932129,0.6543754605256584,0.2593917822338891,1.6333224737031797,1.8680914739250933,1.8090795865990987,0.1513755938447337,0.8245525035201916,12.013191525366572,253.90035998048958,0.047314590362493775,low,0.9320681865347747,0.07171916090770752,8.826456095469545,0.06793181346522525,164.29190169874101,11.902330803076662,0.0724462415980901,2.6249104873638007,0.07312102058076445,0.9322577893392848,0.07348189419412744,8.879914326620428,0.06774221066071517,163.63591832278058,0.0724415679927657,0.07341414799695696,8.807182687833606,0.008258218475165106
196.0,0.12361683644499347,0.6641511767577405,165.7312156748555,0.7490785327070543,1.4782241613937521,0.9613880621953355,1.8219161213870618,1.2148685364522893,0.46283866343081226,1.0325771275158668,0.7684255211392182,0.09471205525424635,1.857957309628926,1.5691458315880515,22.927998233723073,245.44591539032453,0.09341364755352084,low,0.8782359643113922,0.07673745351419255,15.833747123883343,0.12176403568860783,165.57412906323762,14.217809594934675,0.08586975317565751,2.4549236286973852,0.13847572904922967,0.8794725761665476,0.08005481644549393,16.223998146178488,0.12052742383345239,165.23076626547078,0.08586546074443167,0.13876349273164673,15.91513957158295,0.019406589128945884
197.0,0.12031484224345912,0.5749178965186068,118.2337835601203,0.696218047846458,0.7129709446207532,0.8215273144630916,0.8417810076023037,0.5955339920983197,0.7799488408460918,1.3152471364702087,1.7467626519129125,1.4171948265671646,0.6141169638715145,1.4017684579943914,14.947175400412053,336.7976043427584,0.044380290143632775,low,0.9186396354908548,0.09610160561993042,9.103018047208735,0.08136036450914519,167.9083629208812,17.242302338115863,0.10268876450329326,2.2760525691687503,0.08901983880013885,0.9189964083986669,0.10376600935799403,9.288698586757592,0.08100359160133308,167.33738311901695,0.10268129039868738,0.08932358760373964,9.096715799260524,0.02110462629960081
198.0,0.08110663714747884,0.5365796054759246,146.164569956119,0.9150975481479386,1.4286523545241567,1.0147545254168784,1.371603130311472,1.0126078596030197,0.19664477452967571,1.4514239452636837,1.7634510993734926,1.232850901202509,0.09127414752852264,0.12825851699874813,37.950160087061704,271.1946153481174,0.1399369970467415,low,0.8122634104078017,0.07270288868029438,14.5107273476381,0.1877365895921983,164.73181740193138,13.59351921581335,0.08251908726682922,2.4947256515912355,0.23037541068624648,0.814593748431869,0.07387697915613269,14.801462002946824,0.18540625156813095,164.2008859948928,0.08251413335302732,0.23112031251915466,14.682168664224754,0.008125048925009658
199.0,0.10550112917750867,1.0287201336016987,175.60897522145817,0.6625080932147921,1.3276360644252048,1.1019990803425823,0.6566866112140572,0.6938812295482151,0.17079600049612287,0.44934474969340993,1.7196979126577885,1.8531335357587888,1.7957693452947971,1.8990940130932958,51.66302834727449,384.57568989728935,0.13433773819939687,low,0.7595132569557104,0.0708571501770953,11.198116464105297,0.24048674304428963,163.78421128923938,12.632778871515491,0.0771306267684513,2.5622548429386707,0.31543350815445015,0.7602087570588162,0.07000811337377807,11.31461178157147,0.2397912429411838,163.33984431955565,0.07712830567694513,0.3162916467962447,11.251000091949201,0.005653869798453442
200.0,0.1430565639230524,0.9921289250055119,111.45904495641966,0.5861545534677448,0.7162840225717408,1.0725626332438045,0.8756308586689439,1.4926559233324377,0.5544799119224944,0.7406921124082819,0.25985435927230716,1.3402923595841567,0.8156115166916305,0.042727685494069544,17.199585357504212,330.23737215589705,0.052082492194083674,low,0.906868826985481,0.08133621459248189,19.062572135833136,0.09313117301451901,166.6576698589579,13.214615192947994,0.07929197140540546,2.5346183987781914,0.10320308313478875,0.9071337249835868,0.08497832450616369,19.456240183222707,0.0928662750164132,166.24253177329726,0.07928939711408269,0.10346080015768204,19.036079553382997,0.022071804683388256
201.0,0.15030416708606104,1.2114065350226748,154.36101288643493,0.7859798361099486,0.9110702719073467,0.808972533009376,1.6547902809499841,0.879613560570571,0.4814317126670212,0.748284841932317,0.24530489704918132,1.9942864672042528,1.946975819623984,1.8021841351057217,26.347269669882866,253.40754918440192,0.10397192094190628,low,0.8646335624729692,0.08175917021660994,13.16107430614511,0.13536643752703081,168.9965482602605,17.15967691186228,0.10153862364949481,2.287316024316477,0.15590418822819485,0.8642182312802393,0.08281169412489561,13.26914323043913,0.13578176871976066,168.42343540609366,0.10152802286534818,0.15643470047001315,13.07439632780593,0.014895288298628606
202.0,0.1217682748433048,1.1684218760490932,83.54696372084713,0.9612640238290246,0.9041624095976056,1.0473764637919387,1.361988322926486,0.7682963015269091,0.7718238681895283,0.6846773628017107,1.1530895034167898,0.20451675072871953,1.6880691623852517,0.3132060388603433,20.956182493491387,271.9677897495136,0.07705391330639684,low,0.8884382274814261,0.07316548036918132,11.25115295105774,0.11156177251857391,166.67153112948998,13.393058267965966,0.08035600427502322,2.52128846308119,0.1257334252075129,0.8891584036512026,0.07845536325712421,11.564190265284873,0.11084159634879742,166.39727528127682,0.08035373295160039,0.1259406589324687,11.288908371512786,0.024385165041001886
203.0,0.11800502756461168,1.3660712209635126,122.65822972648724,0.7978809428990032,1.3010199271238814,1.00856738603495,0.6075949501608701,1.5969352137099926,0.5535590908564196,0.7313974145899517,1.3360325830026347,0.015971355289968667,0.9263476747434006,1.3074557313555781,38.301796148163675,402.15119874418275,0.09524227769995607,low,0.8116912908052502,0.08522417600412764,20.787208023973687,0.18830870919474985,164.32996310811413,13.837755498843217,0.08420713567457713,2.4744756145957125,0.23307859031748576,0.8200307467462842,0.09325871788445303,22.423031525099454,0.17996925325371582,164.11023999977976,0.08420570334632646,0.23339065343037144,21.65510857735639,0.035461514542856634
204.0,0.13188285096721844,0.4721738899677739,151.77989074596715,0.6112068470262944,0.8869048725287012,1.0166354563897755,1.5575778484593645,1.4846096685034305,0.46218742154300174,0.08021321353196091,0.23516211729340167,1.164260314200665,1.4427757535551728,0.9694489250998207,13.115645732298555,258.7976530231496,0.05067915253128417,low,0.9273699096975014,0.07829523471473304,18.504907275388888,0.07263009030249856,167.16506585199426,13.763881079208948,0.0823370661152092,2.496933894618289,0.07845925023539893,0.9275309007305421,0.08007012425348636,18.862703759170838,0.07246909926945788,166.91167911930924,0.08233462469581249,0.07857835833598817,18.52183215202566,0.01840377368433817
205.0,0.12942275294997774,0.5174587657353306,109.05170276426783,0.6535756903335947,1.2028583567080964,1.1409483541061156,1.4203933180842108,1.5416744133641709,0.5109663194275759,1.3395361626071753,0.047044705278924175,1.7412354526868794,0.8919481078110918,1.6580918930809059,10.723512437581187,267.6332863776031,0.04006793244115163,low,0.9392503633759614,0.0768167308296796,18.150394369932265,0.06074963662403865,164.9493138019355,12.17221332936717,0.07379365848095056,2.606482479510175,0.0650109551256306,0.9389293474870198,0.07919749717887063,18.364631196340415,0.06107065251298016,164.34083246619358,0.0737895373483887,0.06525166190689166,17.977430921041872,0.02153813172745058
206.0,0.12803561911014794,0.9306917664831301,92.53929252019671,0.5684234465823065,0.8194375991670529,0.9914597076238327,1.19895594532562,0.5093952094467352,0.19550896300209047,0.4353680064479095,0.06812816744047635,1.3872495885076146,1.5113936329817568,0.30053902030005336,16.72324538883487,286.23619047891333,0.058424636524314184,low,0.9093065056572085,0.07784003376448484,7.820547101283867,0.0906934943427915,167.08752017582282,14.20494067067605,0.08501497093097367,2.4649279094009513,0.10008674119549646,0.9090126485700257,0.07774611070620653,7.817384422337765,0.09098735142997427,166.71133040680485,0.08501156928341799,0.10031259032020931,7.779111463781921,0.004919965311467287
207.0,0.10812322690756095,0.5918770636447918,169.4437764748002,0.7865857519633085,0.9064794586403472,0.915406722565246,1.208831942875202,0.5506801569057715,0.23956932779313306,0.959358042742025,1.4949206323129138,1.4909906131006705,1.816943462478476,1.7224238138803798,27.306702752736836,285.25645092878966,0.09572685442810047,low,0.8597920607256478,0.07871386933472524,8.791728549624137,0.14020793927435216,167.27626418891248,15.335470299968545,0.09167750352584104,2.38947825668924,0.16324314083137442,0.8599612485676653,0.07972294084811377,8.833311612038743,0.14003875143233468,166.7367524363135,0.09167134808828196,0.1637713482704832,8.776975894017804,0.006418579554187519
208.0,0.13230429676709882,0.6226511776562702,129.8454663435305,0.5664573530652478,1.0242598328700576,1.062847340821184,1.251106219676373,1.8832858211661603,0.11620951155173505,1.2076747142298745,1.743344079253261,0.8484022278406941,1.3159807853399614,0.343104206250133,14.701912516865782,281.2548860995598,0.05227255860600955,low,0.91899061058818,0.08113248743893384,21.810636295402556,0.08100938941182001,165.97956192533942,13.168266998282764,0.07933667763387692,2.5340547398184023,0.08857664369230572,0.926739001593852,0.08137922592183917,23.742238966237373,0.07326099840614797,165.50088816549135,0.0793330099282521,0.08883283153238862,23.513942795083544,0.009708970254089538
209.0,0.13062166636149392,0.5398495450706933,110.62007793224167,0.9573488826533323,0.7572731319729809,0.969035811274458,1.5723973230513208,0.8607706480521911,0.7511873837637025,1.6477264799443392,0.9130198011168936,0.39271374711637286,1.9717641676079827,0.5513042248856163,11.141056776943946,257.9426099327008,0.04319199832804178,low,0.9379342308984132,0.07827517962207843,12.07123184875318,0.06206576910158679,167.9617985420611,14.47636977239768,0.08618846605630089,2.4512189147163697,0.06633089710666558,0.9381605703745762,0.08383827129653715,12.328478358731479,0.06183942962542377,167.40151234535284,0.08618229092925064,0.06655290397830882,12.044663939784629,0.023563498356262567
210.0,0.14106307907792986,1.0769620192705025,177.85490382604758,0.8605449263008633,1.329660768713161,0.8363468355698175,0.9634979629820447,0.5594348621637437,0.4704783970455698,1.024143101607495,0.7713138217132872,1.9100116414618638,1.0177337125522563,1.9551954633651594,30.640062045118977,315.31413248947285,0.09717313272072234,low,0.8446503378178092,0.08889430024226286,8.807516905390237,0.15534966218219082,165.95443590316722,16.636779654376095,0.10024908080241673,2.3000973818906942,0.1846293645503827,0.8443557436181099,0.09147709792015676,8.875809965552616,0.15564425638189006,165.38677112207347,0.10024143365145913,0.1852630765885336,8.756756131527329,0.01359565485632887
211.0,0.11683500213016472,0.9270474104275582,141.61035946245607,0.5559026782120446,1.126702539626842,0.9648384011165001,0.8379452085562333,0.9402048685711046,0.6678498188150791,0.08991822836578374,1.253874531951401,0.4401685876584412,1.013522020358886,1.226564942421157,30.612666200116198,337.5423831847743,0.09069280696332141,low,0.8444686531034068,0.08292205373325175,13.711357088589004,0.1555313468965932,165.5907466733829,14.523341747356739,0.08770623986618706,2.4337622320074894,0.1848694254667364,0.8461985379747331,0.08818940105899524,14.199709000089975,0.1538014620252669,165.45926338818168,0.08770513999681961,0.18501633316411092,13.861970282529585,0.024364409292237914
212.0,0.10847917001203985,0.6748131151129441,126.07764766228149,0.5260894028857672,1.0294027070244554,1.15751154806605,0.593380850751457,1.0522369221516803,0.3914127253756648,1.7028403208388392,1.3819587559676725,1.2093859342353788,1.593326809372174,1.4530430399000407,23.013307036542074,407.8059051596814,0.05643201029060855,low,0.8780693781549406,0.07860092834577645,14.40385537421969,0.12193062184505943,164.7992155696523,12.145003654714046,0.0736957613101075,2.607809994193719,0.1396445180700239,0.8793247243308674,0.08332041741482633,14.690163461638594,0.12067527566913261,164.1456471871941,0.07369295650453032,0.14020053185021322,14.472599271488605,0.01503283453571443
213.0,0.11981234399620999,1.390547534412247,115.23411454846295,0.8041475249634915,1.2265546198183284,0.8243857655411061,1.0405296390284837,1.774417498661742,0.6308289109048271,0.2887711000246034,1.1852282342318292,0.2556253058826144,1.3086996654279872,1.518547598382846,35.53152979491122,304.346525393287,0.11674695398278709,low,0.8246492112509363,0.09188214107394595,22.68403648198223,0.17535078874906374,166.58028362908055,16.907624457181264,0.101498353159423,2.2877127056622375,0.2132997316418805,0.834465482731942,0.09873866076525253,24.881488109522643,0.165534517268058,166.41330440982523,0.10149594848988933,0.21351375673310286,23.812625966808977,0.044886361722705014
214.0,0.12498006308693992,0.6793555042284148,135.97823242674292,0.5493622056819691,0.8687447012265699,0.8429006267651501,1.548108686327734,1.2374875360869988,0.08258287519597622,1.2836425002162615,1.281955701055753,1.5226324091511092,1.0458835865754443,1.084844630309235,18.82500664485672,259.3599925459127,0.07258253850205622,low,0.8993560907697304,0.08538779450307815,16.73618331388628,0.10064390923026956,168.5810486111495,16.547446038163137,0.09815721384158442,2.3211848628292495,0.1116673955936687,0.9008365528822483,0.08470548212001039,16.990729859855836,0.09916344711775171,167.9810315907278,0.0981475749407101,0.11206626406916186,16.93622715464163,0.003218113734337068
215.0,0.13049047755374157,1.1002052019575248,80.31181091485561,0.9828642515353527,0.9325138653568821,1.1030738110939282,0.8108696582101914,1.4085975661422934,0.003809665896066706,1.0070615491438535,1.2936194396697152,0.18242590825913665,0.33040799074506205,1.6100275379165947,16.517548817918442,343.24938515742446,0.048121131550878084,low,0.9098914000363411,0.08179535953852994,17.840507780252672,0.09010859996365894,165.6449500519834,12.77303331983729,0.07711091292447372,2.5625104659585674,0.09971658546025601,0.9121587709333512,0.0829614517068999,18.249207534404515,0.08784122906664882,165.35339836828348,0.07710928866689175,0.09989240608850214,18.246059387740452,0.00017253844225557726
216.0,0.13495071811839654,0.9107616957395038,170.84284907590487,0.7279940604146905,0.9673486598476954,1.0048715069735181,1.4777479769452833,1.8762358460800868,0.14835401905285722,0.9825792408537318,1.0249629449967856,1.3579335466419085,0.952815115165183,0.2568754864022544,27.195765632192703,263.74668706600454,0.10311320280351717,low,0.859812438860817,0.07649463798043843,22.94552873721676,0.14018756113918296,166.83582062809634,13.906676584901124,0.08335546007173919,2.4846411641715553,0.16300915193036636,0.8650245129750506,0.07589086555640782,23.958187653706485,0.13497548702494944,166.35089608499788,0.08335073943170164,0.16348433505459975,23.74574911865302,0.008946381686757912
217.0,0.15010004858956272,0.4918975868409363,84.18921775756951,0.6548985994720183,1.0032196650294578,1.0207123825397717,0.7185442075464747,1.9832094540365406,0.21993298106676715,0.16076675532489101,0.5087963798703159,0.6614234478658494,0.8777202531451501,1.2493809724922371,5.850858943104821,365.8778732944725,0.0159912893622726,low,0.9661216329410925,0.09614432982807689,21.964378114297794,0.033878367058907455,165.61153570772126,13.788514465233376,0.0832581764688661,2.4858089391022085,0.03532881280341897,0.9670328826764315,0.09751151950999386,22.55147968622096,0.032967117323568496,165.43834855905058,0.08325702754929519,0.0353657963468878,22.309597704640186,0.010842059313802235
218.0,0.13828800388776794,1.191593647885525,102.12929890890905,0.8392854766675331,1.1281280885938498,0.8636031577758237,1.0464985882790285,1.2858278071758822,0.023318086515534766,1.9147678625891331,1.6131534998891246,0.24745418000607586,0.5113718031271959,0.5464142805072606,20.256277668916372,303.57079429679055,0.06672670115002076,low,0.8920873831801963,0.09249401080027295,17.004752228643657,0.10791261681980369,166.60856906047675,16.186443054033063,0.09715252429878077,2.331473119978181,0.12158004707167015,0.8949266519827638,0.09428517635713855,17.392268077195897,0.10507334801723622,166.0754670472768,0.09714577103761586,0.12197031884998406,17.374017883701743,0.0010504302238156617
219.0,0.11809828340768835,0.507200234832879,126.62243512781336,0.6515773617518367,1.231972677165352,0.8701852018787649,1.5592814183784298,0.5801960065705959,0.423880071423877,1.7458830735667936,0.8438674007047214,1.9531055276932803,0.4172245950385554,0.6963819753104813,14.6572692058989,258.6724094563478,0.05666344252448147,low,0.9193440055585073,0.08429267878452103,8.479878188109927,0.08065599444149274,167.0612327625001,15.87995521352436,0.09505469911203061,2.3533027729527345,0.08773590954363522,0.9192367747139922,0.08671397983376951,8.506598006540557,0.08076322528600777,166.32620024922082,0.0950436649594721,0.08812363406328443,8.40581504236642,0.01198967187193356
220.0,0.09501450047664607,0.43212008092163556,140.8537119837881,0.667978616769957,1.0082853590329939,1.0870877150413611,0.5587644548341207,1.805192654500565,0.24942698615415476,0.7119408486692981,0.7212616542392355,1.0674459954087276,1.472067702827222,0.016624464043402554,21.460660971676177,422.72033867163424,0.05076798774129164,low,0.8856873787197574,0.08695673821259874,21.695196281879824,0.11431262128024255,165.11535751790018,12.950947153099927,0.07843575151206583,2.5454754413841316,0.12997374256570668,0.888159430221094,0.08805270178250092,22.351047801298638,0.111840569778906,164.72717615826974,0.07843380275633285,0.1302800270858574,22.066109047790057,0.012912958641302338
221.0,0.14854013446869146,1.1509305450897567,85.53544911167529,0.9209824852751496,1.1832826174996396,0.8482862336836681,1.3373139765116924,0.8524721590559783,0.6060292245680525,0.20724356218886694,1.361109130719825,0.8631751550303156,1.7873747299409677,1.5151186749603494,14.202269779114957,273.88284894634506,0.05185527255084617,low,0.9218318803434083,0.08999992318442811,11.87116139225948,0.07816811965659165,167.06781843173314,16.37437092019425,0.09801032343571965,2.3226824646787447,0.0850090095892301,0.9225481031592725,0.09334918891335928,12.191845212584061,0.07745189684072751,166.81076951181382,0.09800649501752715,0.08514000517280226,11.953098010209606,0.019973667259360856
222.0,0.1341564058191371,1.1112624668497544,103.72259690964935,0.7114608015150032,1.4491010165970313,0.8835790031923265,1.9911872441721745,1.7989823803989826,0.3951596808172045,0.19555879219403768,0.40414255559888485,1.1862184322764582,1.1859144064640854,1.0829507692880875,20.385310275391486,238.780790689224,0.08537248836705297,low,0.8907271137500519,0.0816776114128811,21.290336574216862,0.10927288624994813,166.77715183452088,15.398743144875686,0.09233125146635543,2.382372609012892,0.12223083348742002,0.8919586471712694,0.08294459853868663,21.87069191973338,0.10804135282873062,166.50587131823428,0.09232683819486857,0.12242997867883028,21.454040366806606,0.019420656706296228
223.0,0.1151289716634049,0.549793986846561,97.1643409971114,0.5286157332984484,1.4429549777294441,0.8439282891464792,1.4037349092410156,0.9473919777529161,0.4923419684909955,1.8374831819683572,0.4907389216392355,0.9422151832156209,0.14285798398964875,0.683262506096011,12.82885130224666,268.80949175061096,0.047724696098710225,low,0.9285781775315696,0.09189155464612189,12.639907316212936,0.07142182246843043,166.26970033015868,16.315916863957455,0.09812922517788411,2.32147004466891,0.07715687991722271,0.9287095944489787,0.09602903048575104,12.772506903792287,0.07129040555102129,165.67881415405878,0.09811997801916568,0.07743205652303602,12.558324048287384,0.01705505087154621
224.0,0.10355130397515358,1.02508417676867,130.09313823644794,0.9315844447877604,1.2139195221649317,1.1541925020035368,1.8942806468896032,0.6577520893750379,0.2716335999334753,0.6204871149174044,1.7281960010073234,1.4359674871248596,0.5911308436148142,0.6073608305227843,39.58702844101604,242.46945634446433,0.1632660419907764,low,0.8054420768736624,0.059666657410475755,10.230732762865866,0.19455792312633757,165.28530475959826,11.957540835757229,0.07234485154714183,2.626310988807889,0.23950724777737503,0.8061560330841974,0.060265427109196204,10.360059668414232,0.19384396691580263,164.899827469093,0.07234189630200909,0.24006713074600275,10.269212116378796,0.008846594169628613
225.0,0.10721959183588294,1.0683062491393809,127.17643417697113,0.6311889356653342,1.0573624091023457,1.1584094962340956,0.6270978886704252,0.5899827529926163,0.356303239527176,1.419561926592692,0.12529983011529935,1.0063422866668223,0.8995943575850132,1.8189970600306624,37.618739617666364,394.8611323952651,0.09527080923226736,low,0.8141903118189846,0.07095384411550264,9.395954125977365,0.1858096881810154,164.7089351319104,12.122281451311654,0.07359820183163276,2.6091346851811883,0.22839525729152854,0.8137785555714927,0.07608180611373878,9.411431185779598,0.1862214444285073,164.1848812397782,0.07359590818073022,0.22912426122066235,9.312919124049461,0.010578000347468038
226.0,0.1138798386208678,1.0939053876396438,157.4991314254965,0.6040652355052808,1.0540513295156118,0.916678757770584,1.6331354318750058,0.7464535100335385,0.7695636445482262,1.5218439453760004,1.2032618677070588,0.19811049386021992,1.169417838466634,0.8976810950305999,42.287729291405874,254.5419189277251,0.16613267264404136,low,0.7974433624341978,0.07015457426718526,12.014001298438812,0.20255663756580222,167.4009545086934,15.145180073019974,0.09047248337065758,2.402709525662135,0.2526134299264692,0.798646965207622,0.07541731912016776,12.33469437618942,0.20135303479237798,166.93933651347268,0.09046638384114046,0.2533119525606422,12.028121838156672,0.025487980763564573
227.0,0.0756290354007681,0.5797637170604694,97.67400314793454,0.8577700944034032,1.0368663671789324,1.0246169169490964,0.7556858414183429,1.7143232983623058,0.6747343933050437,0.10721851596640335,1.4050453936795524,1.0853851099993903,0.5565690473967707,1.8651646147644836,31.513963306671403,356.1048630461858,0.0884963014464201,low,0.8406604018438595,0.08329014551061886,21.74033023643375,0.15933959815614052,165.51146189731404,13.718126910003933,0.08288324417383783,2.4903223582129272,0.19040351009782736,0.849950723259132,0.08859223895078253,23.933557106160233,0.150049276740868,165.30101256699615,0.08288183148614019,0.1906459181180083,22.856998582687623,0.04709973269578876
228.0,0.12409201643969445,0.9191079327062095,155.63804998155103,0.5077250797082652,1.2060269197785338,0.8389715598814949,1.9344017463950327,1.2087424938432048,0.3919173970779188,0.36040586510530237,0.28501103728401206,1.2024111042638734,0.1694165092842377,0.8117850822747203,29.56955162231677,240.90555432755392,0.12274333692660198,low,0.8494991281724757,0.07807289340554861,16.781841187335647,0.15050087182752425,168.1381269034703,16.324786788937075,0.0970915228424621,2.332101210869221,0.17586464276060915,0.849865273220652,0.07936045373274907,17.03358703188048,0.15013472677934803,167.86160162291077,0.09708649649103673,0.17615435177809563,16.783064470817564,0.014927104730993833
229.0,0.10992000005961906,1.05542709231876,158.74491092326912,0.8260145464991084,1.399952761183993,1.0292851127704528,1.5664844992206324,0.9315041158415804,0.451606061133747,1.170166140683037,1.9135783301104856,0.18094221563696092,1.0225384439742011,0.253357419505099,44.139228404153585,258.2389164721053,0.17092399940007283,low,0.7877912293203856,0.06760141452802941,13.9095592895934,0.2122087706796144,164.98701639616456,13.378375156627914,0.08108744220517292,2.512227173189659,0.26753152683340287,0.7909553941978634,0.07097222530176879,14.376976682595723,0.20904460580213657,164.63193409861668,0.08108404089081675,0.2681085455614802,14.117335584220369,0.01839165023926808
230.0,0.1405595535799612,0.9103042950887027,137.18269390749427,0.5524989562663356,0.8795822931529723,1.1426952726531416,0.7452666031395655,1.3304286771267995,0.4654978409778585,0.8847172447321526,0.6510477835741538,1.7647250388949196,0.00020140955986477972,1.3764341092937589,20.119413101000276,358.7600190959947,0.05608042153553585,low,0.8922312351243895,0.07844121637522661,17.376321600461466,0.10776876487561049,165.63410561784363,12.353089188882484,0.07458058920174286,2.5958750039979486,0.12146902370107543,0.8930356649744604,0.08116189025249669,17.76344960115263,0.10696433502553959,165.16022032217663,0.07457829389181875,0.12181754820715003,17.435995375939413,0.01878035742456567
231.0,0.09569250235985123,0.8288228968031892,153.7716160275657,0.8792910351227232,0.8497933726471925,1.139897194951762,1.5207687825585847,1.2225881511670451,0.35253220961986537,1.8667386754637587,0.04022874556987557,0.437208522699894,0.5453192794680283,0.3804756042246608,44.30290689468121,261.02037862453284,0.16972968596604918,low,0.7893410220497146,0.06181025509512416,17.898612671907106,0.21065897795028543,166.57631117848544,12.310928376617685,0.07390563693913597,2.60496617600552,0.26596162792445877,0.7889924717111113,0.06458968210688444,17.967959404955526,0.2110075282888887,166.0267408851372,0.07390183734360795,0.26684199580434714,17.72685282255658,0.013601206306183613
232.0,0.12658409560551692,0.6420593029056035,176.67549965576222,0.9553404693981644,1.2931992600066082,0.887707886137594,1.944340782765056,1.1510449454372265,0.45439431087904025,1.2244945254468782,1.1409031666751506,1.807178412833255,1.753547380280458,1.9770181317448987,22.534260590405538,240.52147215987156,0.09368918453745079,low,0.8809191845639732,0.07816367724136976,15.509613200417167,0.11908081543602678,167.26718660535863,15.41768623097857,0.09217400342455838,2.384077146696255,0.1347201507225185,0.8819039733167037,0.07940601737479977,15.86830882885798,0.11809602668329633,166.6224654969254,0.09216380226275508,0.13524143051899176,15.586094239544844,0.01810681912836799
233.0,0.1314706676820967,1.1217093616765883,167.35737368048495,0.8754970633738075,1.2520428703945619,0.898342162967287,1.1336832212145773,0.9884405131501642,0.07198094531803977,0.5144388149839789,1.827457774568221,0.7453751793952543,0.4702692553784293,0.6778117569105943,34.57144932051118,293.0644782641192,0.11796533488222434,low,0.8277777320196489,0.08209193996485588,14.457223687277692,0.17222226798035112,166.0247155367446,15.489215431646473,0.09329463617251856,2.3719926628938,0.20823073967477948,0.8301732573953897,0.0823019431432207,14.752660060936597,0.16982674260461028,165.7665487720791,0.09329158797936793,0.2085550406677359,14.711180418275703,0.0028195998880799484
234.0,0.1206908155567492,1.387854563363954,174.88719972216055,0.7989085191824974,1.4694477378842756,1.0799776789153455,0.9489117072287241,1.563479138074312,0.38073633441145094,0.7601271683723012,0.11360559529303833,1.1587345545846581,1.404060267487358,1.8091596549697488,53.04001826543017,317.5824567446527,0.16701180162503806,low,0.7542460776933342,0.07204299267139977,21.07735006273436,0.24575392230666582,163.57961289900354,12.804208767675144,0.07827508905758722,2.5475258740176834,0.32424589669482745,0.754315824240775,0.07385714807580812,21.378275157382625,0.24568417575922497,163.18085309648288,0.078272478404975,0.32503824596424646,20.994281791991316,0.0182903787419768
235.0,0.11010463782900373,0.7879910186224075,88.35333293467153,0.8336201765082971,0.8519607947419368,0.955990146477365,1.7715348162245554,1.5677368358205113,0.16602399285072925,0.020264098360361336,1.2117139945850408,0.26576426050162893,0.5820709738110762,1.150722440358434,18.280291060839758,247.72225658513375,0.07379349483100417,low,0.9017788126804196,0.0773507917061005,19.785440732256195,0.0982211873195804,168.0060263916638,14.58065024895342,0.08678647166478602,2.4443045258591773,0.10880735324472147,0.9050644614476433,0.07845963954185231,20.61821130424313,0.0949355385523567,167.9320963374965,0.08678557377593052,0.10885525435293496,20.450334199897966,0.008209015202597527
236.0,0.10536587171363157,0.5205241110848713,121.99317365587282,0.7639312173474484,1.2079702754961872,1.110314604399878,1.3800963574179874,1.3181640750571908,0.7357684232015931,0.6095479249500163,0.7427224215089834,1.8013559427277437,0.8075224271533181,0.026339941893290465,18.20650476326069,270.5696029847785,0.06728954236697807,low,0.900856391320928,0.07503347954096282,16.650613982230826,0.09914360867907202,165.06737605651566,12.51236780565479,0.07580157935854516,2.579636150686163,0.11029741429358614,0.9017923628157553,0.07839537084901037,17.250952864445757,0.09820763718424474,164.62811987501377,0.07579841986632485,0.11059170679397375,16.725657169289086,0.031406580311905255
237.0,0.09720953003406235,1.164076382154815,98.49986223600027,0.8053276440131567,1.1784054376788469,1.1652000796473394,1.1568429639363047,1.0315047124235834,0.5132885508048585,1.615419452364347,1.6808756244706862,1.9446097012434393,0.7305464201070803,0.6388124799322804,38.62331457597843,290.54731889766015,0.1329329581237085,low,0.8096312507896958,0.06689394731173504,14.85686413429764,0.19036874921030422,164.66387273821783,11.958169676663175,0.07262169580861395,2.6224915614562314,0.23455852175529526,0.8117434857241318,0.06949142682485619,15.30738168919342,0.1882565142758682,163.96498368519914,0.07261769133507888,0.23555831073134734,14.989186502299273,0.02122831594932372
238.0,0.10885924538546773,0.6712872991907953,115.7981469680199,0.589724021025152,1.1194425009999387,1.196479608132909,1.0848591482894372,0.5687894400356373,0.7973351560591838,0.13687476591379286,0.1148257956785595,0.7151707736907,0.7148775754427281,0.3514969729396886,20.879953566331405,298.7448832473842,0.06989225502162379,low,0.8877493331452831,0.0701555544442074,8.338100103497302,0.11225066685471685,164.71282718931928,11.673731199331588,0.070873236763242,2.646862395363729,0.1267658015628145,0.8878342527134379,0.07438756190378137,8.516110601671262,0.11216574728656215,164.54815938516978,0.07087239591328716,0.12689265953717652,8.322039198581987,0.023320174113376356
239.0,0.1292231720060531,1.04518463921569,152.23240573311878,0.685139231065501,1.0511324774922863,0.9246534828548423,0.9074630453750474,1.1397616450301478,0.4176839109357947,0.21765697094492806,1.3218276046387853,1.0294599152119932,0.6857578205251585,1.5413691306298063,30.329794071726354,324.48948581814597,0.09346926602338085,low,0.8462895747497323,0.08506892774575675,16.121755483941854,0.15371042525026768,166.22046383362633,15.178783295269017,0.09131717566654003,2.3934163856728876,0.18246726890429152,0.8484114639536267,0.08740292118437189,16.663361597613918,0.15158853604637335,165.98461710523432,0.09131487505773257,0.18272653575178746,16.387850563537295,0.016811907883125924
240.0,0.10692265501274696,0.46063216086776854,160.3018414501869,0.7193486784160755,1.4157642468146232,1.1164924764635102,1.3509539579528989,0.6445028499396731,0.276632731942917,0.3036355658501441,0.3627773733343962,0.8120274987148356,0.39477547756896314,0.1373830864361497,20.559068179685305,272.78750167487556,0.07536660607049671,low,0.8888819252591755,0.0732343899487142,9.079596902055759,0.11111807474082447,164.030502999199,12.35609620525626,0.07532803947639298,2.5859028432844458,0.1253368599362626,0.8887476388233932,0.07432385334816158,9.145113171692927,0.11125236117660675,163.82717887113313,0.07532660072188724,0.12549241414855297,9.066101470300167,0.00871506916744715
241.0,0.11439343753046241,1.1660341728463233,121.15314149030729,0.5201531540691439,0.9217688299563889,1.1001272480338682,0.8822646174530417,0.7255278284055784,0.19792695939184246,1.7738506016772293,0.8953207646441371,1.1380225064203222,0.5686926088150167,1.2144081027435163,34.36322090845898,328.99506537417966,0.1044490465818272,low,0.8285276510848332,0.07124370701044086,11.297320977120663,0.17147234891516683,165.78056225752317,12.805128809555917,0.07724143672322971,2.5608192208279887,0.20728136302903366,0.8286780112645349,0.07431285797511437,11.308726311899179,0.1713219887354651,165.15512778330458,0.07723778238119366,0.2080663275169149,11.239519519579071,0.006157451143667703
242.0,0.10500439009421357,1.0892877963945917,150.9012896398125,0.8355450642988456,0.8996175504891412,1.1255433291533044,1.0558354498933082,0.5865515214002086,0.6160925957569028,0.25943093181709226,0.3550069706321131,1.457483822934016,0.3866771217084586,0.44939677006526385,47.45377900206218,302.38059514687006,0.15693394273205025,low,0.7772407968800975,0.0634226094509939,9.936686108576946,0.2227592031199025,165.95247556173564,12.506559936724615,0.07536229811812646,2.5854481539809298,0.2859480031342406,0.7771931051654994,0.06558455485373867,10.089401559418002,0.22280689483450056,165.66014149812537,0.07536056229506634,0.2864526045488086,9.91333027113686,0.017761063483759998
243.0,0.1303173604543115,0.670448583430084,136.09525167892994,0.9183888650717675,0.8741630065364131,0.9077822137186231,0.8738394199905297,0.6164322071090871,0.4859976614471333,0.8219381789921013,0.9974125823787418,1.9324606215420734,1.8832206883413365,1.0144167664773014,17.102280617915962,330.5597219880276,0.051737339670606876,low,0.9075708465424553,0.0886847445954883,9.290322910088834,0.09242915345754465,166.89231099799366,15.541738257314499,0.09312435165153499,2.373819564437817,0.10247494636299671,0.9075425996601639,0.09085703807859874,9.377937522269356,0.09245740033983607,166.324279723813,0.09311863317031253,0.10282491916582995,9.25526025345337,0.013254869712627678
244.0,0.14776798326940452,0.8197520801402021,104.56121644987759,0.625031675770346,0.9173974411564827,1.1813290472584819,1.6892465249671291,1.4099499459097053,0.6821857539736722,1.5748314507112504,1.3770867420125477,1.1224010487211422,1.8523199183408516,0.19865485508364808,12.49518209391684,251.64605569343598,0.04965379671652358,low,0.9301103598167041,0.06957286817791938,17.486992365372497,0.06988964018329591,166.25795357361267,11.833878750956652,0.07117782034840857,2.64257402105469,0.07515539452603963,0.932132965996788,0.07341123099834236,18.348629207758364,0.06786703400321203,165.62531651722398,0.07117361359159237,0.0754424646948066,17.7823333109945,0.03184598369966075
245.0,0.10658541244971434,0.9556174921447699,179.0691303831804,0.9160612058673638,0.8819547816977753,1.1384306337776637,1.0375938541351766,1.970625060829096,0.1741732563740435,0.24564702840284527,0.7475330591289455,1.5974173129052092,1.6860158414690705,1.2571505306445172,47.94677515492616,304.7604351140256,0.15732611464800855,low,0.7759202397515496,0.06850887959649557,25.26677904867713,0.22407976024845044,165.94955884798608,12.373380375511251,0.07456109230664226,2.596136458676674,0.28892378797370954,0.7810057296881958,0.06699045730190141,26.36071660454057,0.21899427031180418,165.5845264786873,0.07455901288099644,0.28956072269891403,26.080515322999744,0.010743701881293876
246.0,0.09703944620304185,1.1419497046773563,128.52074443279744,0.9877474379549243,1.2104268391553874,1.169929673873892,0.9988249520663084,0.7103503314971757,0.35608409296025845,0.9571331555563479,1.5400439303694526,0.6806889580732456,1.215068245847864,1.8867409437790668,49.610512958559056,310.0795985599283,0.15999283148249743,low,0.7671247665247141,0.06402341635405664,11.366393134789133,0.23287523347528594,164.3354849750634,11.910989867183885,0.07247971957481542,2.6244484862557886,0.30188557855345155,0.7683577443733842,0.06693161293711988,11.554500682943946,0.23164225562661578,163.95472979138415,0.07247771593490047,0.30258665316751415,11.415580122332686,0.012169382468744128
247.0,0.12208871284082855,1.2611154268647722,132.3842388300497,0.7514416977823813,0.8558415566266695,0.8715280269726712,1.7206319986243381,0.7567124486220057,0.18130288906391268,0.39272399299708627,1.1577885190939348,0.028072623870891322,0.4924959573450174,0.8893675995969401,35.65251885231297,250.10783969237409,0.14254858582667626,low,0.8247488885966282,0.07293153272994253,12.062486573680072,0.1752511114033718,168.64411668501626,15.96563745395301,0.09467058660440972,2.357351922553259,0.21140683442223304,0.8257882834522057,0.07421277868609463,12.215056545782678,0.17421171654779433,168.5149416521182,0.09466860112187407,0.21156888821119463,12.146440245982014,0.005649087173780211
248.0,0.1144413941039424,0.6125378324627871,177.5613755394855,0.5795901224861895,1.424380456835153,0.9133358405337022,1.7393730634450395,0.8472568778486143,0.2999049741685345,1.5667376924886571,1.0836533407281412,0.6177477241652122,1.3068630554138103,1.030979583548137,26.43414489305093,249.17153524660085,0.106088140713543,low,0.8623082752851907,0.07707082266023804,12.129351984589789,0.13769172471480928,166.16331110190876,15.00311004823984,0.09029135221696657,2.404713590399143,0.15908532826984134,0.8629392231172008,0.07917613649640462,12.246826556511014,0.13706077688279916,165.6345292768861,0.0902839533222683,0.15959320202408878,12.120659275705416,0.010409275430956717
249.0,0.10625127728215245,1.0165121646326387,126.20300684320497,0.5171033215039067,0.7807666133303239,1.1035563518119482,0.74922359175657,0.6816844392679758,0.007958701891685798,0.331204793724656,1.7169062559850967,0.7072385752346267,1.4115167498206083,1.8846350301472887,36.17129775832525,357.75565905875834,0.10110615120244519,low,0.8216426843295095,0.07104755313174127,10.947876892025997,0.1783573156704905,166.16014834106934,12.830806807431948,0.07721951945477767,2.5611030112322624,0.2176893684764778,0.8225766623826863,0.07069499557291664,11.033292497286629,0.17742333761731366,165.91002607784924,0.07721818412445736,0.21801755212402144,11.030703314461293,0.0002347250897357817
250.0,0.1132701582733562,1.2297870409246987,162.66781053043383,0.6338998861941604,0.8260342148500626,0.8742901113902108,1.0700798601568051,1.664566837687688,0.7262050223250878,0.8083653633929475,0.06658430901157007,1.1106943496672697,0.40837199546746517,0.2739882686420218,49.63072805399624,300.585057045853,0.16511375695707084,low,0.7718885997035635,0.08051388824849763,23.14616258835682,0.2281114002964365,167.6066206787027,16.115174309898435,0.09614879319588922,2.341858358290919,0.29611436501149313,0.7719074690007393,0.08592266452678905,23.7925383109703,0.22809253099926075,167.2232245106727,0.09614411054359608,0.2967932725805598,23.03993676349754,0.032665087374072865
251.0,0.14182379743505805,1.1354975214756218,101.71083528998177,0.6488685160670031,0.7035432591228318,0.958259735090474,0.5236343891733952,0.9638299073538572,0.39634309768915155,1.460584852110052,1.214599010362187,0.07644462032725036,0.41303714783651674,0.36981344164338364,18.27701714942954,439.8980624781151,0.04154830109154851,low,0.9021019469373357,0.09184231377414061,13.752407035710283,0.0978980530626643,166.66322803474043,14.832475550851353,0.08899668946625448,2.4191561069502,0.10966436546890687,0.9029406067059181,0.09987857865044135,14.020748505971202,0.09705939329408186,166.2685870200852,0.08899392838060945,0.10992465550466055,13.834047757621308,0.013495742650377864
252.0,0.11676378112059503,0.5578353612019482,172.66541575454707,0.9394460489995429,0.7651478875821871,1.0448298220069878,0.7281169683430261,1.7443157937093452,0.5394262295227169,0.6511842181872777,0.6568019587241748,1.9154487399517153,0.7986458751960005,0.6599872052792947,22.48770971230846,363.2835731617135,0.061901256686600015,low,0.8816735586305022,0.08464481164160251,21.695415841655617,0.11832644136949777,166.4068113013451,13.561479730884773,0.08149594133094931,2.507202059595616,0.13513695465016512,0.8836432196244776,0.08710629120704974,22.547668341690578,0.11635678037552244,165.9310536748936,0.08149299745198214,0.13552441941559845,21.971502516671556,0.026223323806910243
253.0,0.08712390967141274,0.442316975731371,173.04967907558262,0.9294171286904311,0.8246246952566432,1.0813600397030096,0.5276516167640762,1.4024577653825243,0.6791850548604674,1.2787689439388394,0.41480536569998677,0.6543517979778929,0.7541631010032313,1.0995711864404012,32.09813659607273,437.81008487177587,0.07331520607953447,low,0.8387313290816698,0.08081920572693722,19.085027541274787,0.1612686709183302,165.8137774768345,13.094458298228934,0.07897087019839673,2.5386762261792164,0.19357943039779724,0.8398216094047216,0.08996801286379678,19.655904851929744,0.16017839059527839,165.37191337218258,0.07896868075005689,0.19409666334230122,19.10375294867254,0.028902797515268943
254.0,0.09130347160256291,1.386706837405511,99.93047041458605,0.5353068051189337,1.244633508039271,0.8233424238543273,1.9202846719078415,0.5771576231342443,0.18390156303878036,0.29966714841555614,0.8298619121256147,0.3852000718030173,0.8528391396737082,1.3042495912987493,52.91248206513903,241.44571690962735,0.2191485636705002,low,0.7583949985690198,0.06885554757332314,10.027450903319197,0.24160500143098018,168.16840744510063,16.61071359441448,0.09877428136932988,2.3149180181418765,0.31463984745418105,0.7588576260210018,0.06954385802998271,10.101445286067289,0.24114237397899818,167.99670961855463,0.09877101259698437,0.3149614190973121,10.047560153462392,0.0053630067182357894
255.0,0.1467782570141735,0.6606302971426541,175.10018385893105,0.9173869931072218,1.1220673822248217,0.9109338959228109,1.684079602697357,0.7379215983770082,0.5164187501005867,1.080175996696426,1.595077067194769,0.40895724473995126,1.886521305890235,0.4396057325920602,17.09116882246097,251.89059886404908,0.06785155499862641,low,0.9072259833238292,0.07938392468243072,10.61912094417801,0.0927740166761708,167.278939158751,15.19431898078523,0.09083222943185647,2.3987411066645787,0.10217167151114649,0.9078711847363163,0.08270841527152382,10.8267980127525,0.09212881526368366,166.86619590154206,0.09082658494067154,0.1024243929701943,10.653493485246559,0.016267389447972257
256.0,0.10312520347159992,0.9539782638231967,178.95056712999082,0.9131649311491941,1.4072335083734044,1.0574114097355458,1.5035979705477653,1.294072147289935,0.34426400386213013,1.3335941569402536,0.10002721488014636,1.050176124166035,0.1940688981714307,1.9119495922747733,51.09660543070079,262.05279312037834,0.19498592181472654,low,0.7617723999451381,0.06631733837790349,18.37090195969835,0.23822760005486188,164.66161602416315,13.030683964541455,0.07913613554375219,2.536585674849509,0.31031278973481385,0.7615384608382109,0.06811563725658824,18.51949029054997,0.23846153916178914,164.18411449557166,0.0791319732759738,0.3112152816226259,18.246741737768552,0.01494779488311945
257.0,0.1268336564324544,0.4797088647883714,103.49563374847935,0.6972251055573676,1.2244524429246924,0.9548858813802977,0.5462668695312328,0.6617138914717062,0.47918491441261085,0.495954246545179,0.4613612683707859,0.9581601062878953,0.26155345848725936,1.072258212261881,9.823830808841086,428.5490190389694,0.02292347053056204,low,0.9443171656645568,0.0977766293150708,9.203114381287174,0.05568283433544319,164.83785798133428,14.66549178634315,0.088969196554373,2.419465075289188,0.05959693318723849,0.944495485770467,0.10252188454542845,9.313869699461144,0.05550451422953295,164.56963000206633,0.08896723406495732,0.05969406875811617,9.184440404230534,0.014092235295140254
258.0,0.10379276141258145,0.7331686680520894,176.8859298896746,0.866258497867568,0.8219072454735152,1.0528788629993713,1.8296477791085644,0.7282766458333408,0.7881441841432846,1.3459096923683935,0.1326391663058358,0.08535621422391376,1.4192365237350757,0.6536600391703389,38.318912956640595,245.16291141537846,0.15629979565594662,low,0.8130229844649284,0.06226494863290498,11.670687886361018,0.18697701553507162,167.50886444055155,13.267355399057328,0.07920390030323367,2.5357297351213632,0.22875752327865534,0.8131215400690904,0.06694543912827562,11.872173817093545,0.18687845993090957,167.09764177366748,0.07919999422073289,0.22932048920560633,11.59156989450997,0.02420758578322298
259.0,0.16525521859475353,0.9629435916342094,159.3754700640955,0.683463411546014,0.7315715295923148,1.1751880112236983,0.6828545752127746,1.4157421786973963,0.6771428513254141,1.2469304230986034,1.1358935208279866,1.072906951728115,1.5793671848804254,0.009538164077753307,17.88801240454226,376.2899431075278,0.04753784344279066,low,0.9032528827914038,0.07792845103653957,18.245326259671394,0.09674711720859619,166.04561784067798,12.06815427232553,0.0726797516806798,2.6216924520714535,0.10772950612708096,0.9054546082470336,0.08434439423778056,19.08597640275852,0.09454539175296639,165.51294647236014,0.07267747375900517,0.1080762126818247,18.52099249662289,0.030505055613982313
260.0,0.14375936967567926,0.8083149672338504,164.56676436528974,0.793058405268324,0.7500171267889828,1.0056848032950039,0.5820036140934204,1.0799207966346958,0.6452841734351006,0.12350909382283755,0.3521341030244234,1.8705611284767187,1.2719344763495577,1.5943864387728912,20.488046839755302,412.5360261485954,0.049663654907984967,low,0.8911672608524974,0.087186398404218,15.10333370544585,0.10883273914750258,166.4135684393431,14.109359457327598,0.08478491020682839,2.467637697692683,0.12311524253638667,0.8911765263598903,0.09039924417144676,15.423250668407288,0.10882347364010969,166.05517995796177,0.08478264472796451,0.12338095592646986,15.092223037805809,0.02193365614676245
261.0,0.1450775758127597,0.7377251161300709,158.60440111519875,0.9233699403566218,0.846870399217394,1.1635227799293535,1.0667011620869726,1.4262852296073103,0.3729503353094481,1.4001157843762966,0.8053666224783137,0.8791961700498839,0.13367658178987465,0.05204414246821226,17.695357900356438,301.0063507691576,0.058787324105088544,low,0.9040182270937818,0.07443547557929905,18.153066100126825,0.09598177290621823,166.01949305807366,12.116481655861524,0.07298228318058515,2.6175385634455917,0.10658602537815604,0.9053837992805458,0.07753196587450317,18.59528692661335,0.0946162007194542,165.53935092182982,0.07297968078320945,0.1068951750856656,18.300518978468517,0.016107081361552825
262.0,0.11062344271167969,1.275130742159266,114.12381000814023,0.8634264564262977,1.460565880749833,1.0433704647033883,0.8143103823538457,0.9926332399479078,0.43348639744354633,1.5945536205657136,1.2880534501877567,1.7716447782153775,0.4350401393174486,0.28032973980836645,37.85181995284914,342.4638891041547,0.11052791595594226,low,0.8122654803344573,0.07840534250994825,14.182908315258702,0.18773451966554267,163.69594938912792,13.279403791238073,0.0811223725498002,2.5117964921581817,0.23123247761537538,0.8136493177117405,0.0816402934037556,14.466864126592885,0.18635068228825946,163.05105748789694,0.08111802233334643,0.23214703747419013,14.220195063514698,0.017346390958523153
263.0,0.10962802167960196,1.281281670894213,146.69920188544683,0.6246182078801283,0.7594224153948473,1.0002349075667432,1.2712200162214362,0.5576624508600972,0.7486713011942241,0.27037151752359556,1.5118706122294698,0.3554152943277163,0.932786153215662,0.8419324966809038,49.782802096727856,279.46745935274174,0.17813452132146942,low,0.7703421247336446,0.06518308263056524,9.835949410256672,0.2296578752663554,167.34774690890015,14.092049157423018,0.08420817977964395,2.4744632154256725,0.2974811613318484,0.7714162681782195,0.06927219618472569,10.104623134599866,0.2285837318217805,167.1828784417545,0.08420668855971924,0.297774524285822,9.8948160420457,0.021203738570038978
264.0,0.11822879433808749,0.8475418370145847,134.71597093845205,0.8093480820627269,0.973871804085384,0.9600179284567567,1.4765037711552378,0.7925816383267305,0.29428417578776145,1.4436399945519485,1.4176858511825905,0.7211537615055187,0.8222911357461116,1.690028746605672,26.000627934461974,263.82767966720036,0.09855155443606181,low,0.8652933271413571,0.07496768344019074,11.833287346974787,0.1347066728586429,167.11949184422534,14.545357774224744,0.08703567497550015,2.4414371871883698,0.15558106147604592,0.8660655027429291,0.0773650230321716,11.972268153828528,0.13393449725707085,166.6151840551025,0.08703010415906179,0.15605197138493163,11.858641492513645,0.009581760388541657
265.0,0.13403021937703932,0.9821549889294506,135.63078459355813,0.8214167541053451,1.4509150383711116,0.8604825757461563,1.512710817431983,1.2879469882122074,0.5441059859064298,0.5176301554454056,0.29172932122356027,0.7958437779720988,1.2191150387012175,0.2609174716490464,23.60385681749066,261.4772443427163,0.09027117016176467,low,0.875642341576068,0.08588579778556309,16.8714785477449,0.12435765842393198,166.25149345660319,15.968503630654004,0.09605028681936188,2.342883403625628,0.14197681071449741,0.876140514153111,0.08905496332016576,17.239395731104903,0.123859485846889,165.9592222931975,0.09604579993842698,0.14222684639838876,16.866296535389168,0.022120991109867632
266.0,0.09033067538287808,1.1437873245096823,111.51214870903041,0.5612806052512913,0.8057199356208984,0.9383154401375735,0.7916594191044825,1.459128128163222,0.03921150279786288,0.6807492796031185,1.9684068568485182,0.05499627708850265,1.0774324993800788,0.484329761540967,49.756185259640446,347.5339418745201,0.1431692829519521,low,0.7709374179664079,0.0794233857854808,21.092139983458992,0.2290625820335921,166.82456231523787,15.076828345227446,0.09037535082356585,2.4037837166455605,0.2982545529813488,0.7827782611705628,0.0803584119647786,22.885211002149656,0.21722173882943718,166.5959151435637,0.09037335320407773,0.29866389711154173,22.81730283471467,0.0029761697921486673
267.0,0.11083504957816029,0.4652393237477007,133.05837028662827,0.5988752577812579,0.7042598513427935,1.0407030719021635,1.0523601932290478,1.3368195896038668,0.14237450751593841,1.9216169134881982,1.951939094851415,1.8483237061209439,0.02094394977220761,1.110001079399663,16.040374481479283,302.84180062397246,0.05296618382412811,low,0.9127942573851562,0.08042083752467616,17.52075386435952,0.08720574261484382,167.05082391866108,13.60162052733315,0.08142204993826269,2.5081091588935838,0.0960209240828978,0.9156249761938421,0.08063681663995817,18.149818064151813,0.08437502380615791,166.29377032516652,0.08141646014653611,0.09645806003504731,18.031312037499955,0.006572235365091519
268.0,0.11935023449107687,0.8257785303925038,83.17516833040301,0.5448695872955149,0.8614108263735143,1.1449316687466355,0.5674873692194625,0.5974098649359861,0.06844488063728288,0.8379311613864747,1.4346929423207262,1.9018475522293032,0.71955239816078,1.599042165994887,15.348320162550676,418.80415052281035,0.03664796574578055,low,0.9156210977811834,0.07936981758979611,8.789425498328548,0.08437890221881661,165.51151498497677,12.347084251433385,0.07459954827042767,2.595620827146953,0.09273264258347114,0.915706596353207,0.07927343746333211,8.794943579065663,0.08429340364679305,164.99777723733703,0.07459733109067769,0.09302137531509445,8.778236198516607,0.0019032730688972495
269.0,0.12276043027453246,0.7771677484272099,88.22859075318269,0.6069664647828561,1.2643989261230724,0.8819247185980729,0.7615095667477582,1.0008308075397256,0.10588049087163112,1.8403815853809293,0.15786106661344668,0.9527880668509661,1.5481994696347494,1.8751348293390533,14.482963474142007,354.6412383026951,0.040838351296812354,low,0.9201855200404317,0.0985673890632935,13.443436993564386,0.07981447995956825,165.47350925198302,15.842320758896934,0.0957393170091791,2.3461262288516687,0.08752436290021114,0.9199066366601971,0.10075945269202907,13.35187755165622,0.08009336333980288,164.82733474255053,0.09573254426275273,0.0878674856738019,13.303329628426063,0.003649306195226572
270.0,0.10985067239749664,0.7936923390558246,136.31439279109568,0.9267673166053096,0.7487645021905488,1.147566456595277,0.5304001565602134,0.659355314943301,0.07610026887543882,0.502115926882812,0.62355002550729,1.5274531270376226,0.7851099571399894,0.9287035067367865,28.538989381361144,436.4142452601341,0.06539426632224131,low,0.8538449728661018,0.07421331186688865,10.290890656483747,0.14615502713389816,165.9016330120209,12.362427131727879,0.07451660907299278,2.5967332378670966,0.17202355916106782,0.8536659163829895,0.07350031555741798,10.289920465942917,0.1463340836170105,165.5212839644441,0.07451502795233024,0.17241884969604063,10.267945355568472,0.0021401662760629652
271.0,0.13382462190826713,1.31710533825532,142.7022467027098,0.885621859134258,0.8697556130619827,1.0102437382871192,0.7703630130605356,0.6529588644293505,0.7777700520720493,0.6155714078880191,0.7350442168073775,0.2157628404411955,0.49855768336887535,0.4867286620209972,33.406378532081426,352.5168992134877,0.09476532502871642,low,0.8331856855629709,0.07717702004380433,10.413087085949215,0.1668143144370291,166.22738925174832,13.980916956181494,0.084107180044846,2.4756633405601316,0.20096795529579112,0.8337991026287627,0.08467666019695888,10.660300776607338,0.16620089737123733,166.02083237350672,0.08410573441356864,0.2012179920705683,10.41899034710691,0.02316063471231013
272.0,0.13920941065412407,0.7016577076429151,114.92332451267255,0.722759649876172,1.2000530768252835,0.8522255315985721,1.281910693015345,1.7754090863289091,0.22936339541323672,0.32175294551532513,0.9295552648961948,1.297279290098369,0.10787840956493333,1.49937163586132,13.244830921070704,278.49837308294104,0.04755801900905968,low,0.9267676227989394,0.09518530147907796,20.931752884144007,0.07323237720106057,166.87046291492172,16.30798012675694,0.09772838069653768,2.3255632739230916,0.07937193131551108,0.9291355659636533,0.09550234916471653,21.729672462847482,0.07086443403634668,166.59429943613915,0.09772439494243368,0.07950350621779748,21.473328378283515,0.0119377899898934
273.0,0.11246775723459297,1.299160680298335,88.96126132110572,0.5062280417531553,1.3166181905372567,0.9741785777096036,1.7075882119810877,1.957877204080284,0.1533719206103555,1.5469335139615001,0.8674123547133713,1.7116558281993406,0.843704828452242,0.6127071967329171,29.084249229570016,250.70841652335943,0.11600826822206078,low,0.8506239477883885,0.07673100212553284,23.278401430194794,0.14937605221161154,165.98384769079937,14.13589928074219,0.08516430651177005,2.4631728705810443,0.17522337043149644,0.855095647595701,0.07574574736444008,24.083745535187184,0.144904352404299,165.32339652341926,0.0851566404351308,0.17592337104839254,23.8631741927163,0.009243168603203162
274.0,0.12781672462046348,1.352619187581511,135.1296907897329,0.6196045909398824,0.7311220512770413,0.9162869491433172,1.194013904125113,1.631037797232034,0.7156898332061719,1.5322681925032138,0.30639238198845803,0.41649606598065786,1.6512753756719523,1.441921621440665,35.61238710697953,286.7357656642685,0.1241993199713954,low,0.8252607719217865,0.08022143236545436,21.877830764441025,0.17473922807821352,167.83886444228665,15.395458129901014,0.09172761136735957,2.3889318396190897,0.21218200698221043,0.826394647403895,0.08712911301038388,22.588911095985125,0.173605352596105,167.320197741447,0.09172178134930994,0.21283973834414116,21.880383373961745,0.0323818696370077
275.0,0.1251303243020959,0.7537108051977979,139.71398775813225,0.5729224807608421,0.940800710489209,0.9994979117719078,0.5701921366122382,0.9057587533916837,0.547016895532637,1.7074184425977312,1.5226522552960897,1.9559503133429,1.873977119333366,0.507571401699941,21.40768062343865,417.6031288797978,0.051263218934359575,low,0.8864151663979369,0.0876904707963566,12.957808761656649,0.11358483360206306,165.73981046480407,14.12216992629734,0.08520686663447269,2.4626732540930907,0.12916438460622418,0.8870889950697675,0.09291183581421132,13.209418157003196,0.11291100493023254,164.95960513910424,0.0852018295181997,0.129775290171108,12.965382765685172,0.01882207380440011
276.0,0.10160410837549515,0.8612603694250662,118.41439787298144,0.7157351730622581,1.025792321667748,0.9894559812446957,0.6296973799443975,0.5360483267032612,0.06134098812680092,1.8279203901785588,1.9060223012978492,0.9322959468042727,0.6983044582572089,0.12139393059728092,31.446083547405802,393.9235455574531,0.07982788513670971,low,0.8411219943024469,0.08175127911090713,8.587007344584444,0.15887800569755306,165.54952978624996,14.225733342316074,0.08593037600700948,2.4542178919304045,0.18994970017738835,0.8413784587296044,0.08660633606725006,8.582730120432633,0.15862154127039563,164.9363784721581,0.08592613572592739,0.19065583856452883,8.56781465795893,0.0017408712803849884
277.0,0.130717098038595,0.5338992640211551,149.21471141043793,0.6999806570815864,1.31415220041535,0.9292162751177135,0.5723963083178643,0.6700358384860252,0.13268066870302456,1.6594793251410564,0.5829524053078156,1.6188704946034838,0.46247354263786605,0.9382925570684116,14.840765306573624,416.60541664979417,0.035623073328998583,low,0.9181688103037834,0.0973140680086098,9.485988414776832,0.08183118969621661,164.67072768122233,15.031305160295583,0.09128097854400644,2.393812853240309,0.090123882462602,0.917980458463363,0.1005515210528091,9.443398311517207,0.08201954153663704,164.02371544011254,0.09127573498466846,0.09047938748828187,9.405964348241875,0.0039798113079525495
278.0,0.13760122642458578,1.1452526340353253,156.09676060534932,0.8232586121460599,1.0091101426100653,0.9707762530010335,1.9766123525771677,0.6852556466947402,0.08636366943144774,1.9451181041022263,0.8496351066819243,1.2507913059426075,0.9724970013378386,0.7091292346855295,30.053891044566075,239.3428293779702,0.1255683787255016,low,0.8471441923118221,0.06782570079783162,10.600573300270664,0.15285580768817786,167.59227323465382,14.244612546842783,0.08499564014444883,2.465155316225571,0.17932742640519117,0.8470560185615956,0.06839849807548268,10.550497370983708,0.15294398143840437,166.87857413892579,0.08498676336235092,0.1800943662159189,10.523556452464604,0.0025600583453699766
279.0,0.09479074172644396,0.4847888319059344,102.62518527300955,0.892621685815209,1.1646101495191006,1.1046805347765773,1.2039448466994334,1.256423980790868,0.30285071192786733,0.4851536875213225,0.015604753457797082,1.6508824407768152,0.2935786856609827,0.8367847492772432,17.62482626757551,285.7173753376478,0.061686224881308996,low,0.9039013687512246,0.07702791298578107,16.071011453107594,0.09609863124877538,165.10161478030219,12.618170820681575,0.07642669538679167,2.571423227783754,0.10675138635699327,0.9035275754637138,0.07753112089800127,16.16512465920473,0.09647242453628624,164.73595586668816,0.07642421626122595,0.10698833885322717,15.979928366762971,0.011589306797329049
280.0,0.1125830039486336,0.6897981387963557,118.60901739845352,0.5702923064504694,1.0899059173443275,0.8278457890362154,1.9951035615518296,1.0427447646163093,0.31486946175617425,1.2096616930586281,1.1080351739432364,1.8823018938830287,0.34901724154541897,0.24712521891957262,20.546799777441667,238.66679602209052,0.08608989654153607,low,0.8908824625209796,0.08030569113234207,14.53865386941123,0.10911753747902042,168.7892359957959,16.560016383077887,0.09811061875705364,2.321659674058265,0.12173050998319249,0.8915568731266836,0.08076528802899957,14.749932774271064,0.10844312687331636,168.1851849063279,0.0980991280427661,0.12216771524130005,14.585951721326776,0.011242396524905851
281.0,0.12348407432657604,0.4821137114296759,171.90903332957186,0.6224428306136813,0.8404480457979795,0.9493937553051603,0.6693624325120315,0.9140809709892793,0.7644072646862811,0.543940604634699,0.7798388593419415,1.4012453031188192,0.42767506924806126,1.2374849981780034,17.30120721452801,380.4973481957541,0.04546998105654885,low,0.9064924211400789,0.09059885732544216,12.986338454206242,0.09350757885992111,166.46236863829478,14.902064092406823,0.0895221197097552,2.413269536642233,0.10393464514566479,0.9069027343831357,0.09692751381266057,13.329539142355982,0.09309726561686427,166.1032240884635,0.0895192802210713,0.10415937023181264,13.00609709293092,0.024868494146553677
282.0,0.12290738847746893,1.1732077710124926,124.82297233117136,0.6775178970859924,0.7403762743896163,0.9219686505472742,0.9175866837258053,1.0486873099905898,0.7596092397338001,1.7417310362607497,1.7732368485289633,0.19757437220280236,0.9067943678846394,0.6745715248766206,30.857703117065178,322.7763560155048,0.09560087826130272,low,0.8448760224741233,0.08279288794032254,15.485804718072018,0.1551239775258767,167.3298662412601,15.35051600187208,0.09173805218812132,2.388818021909872,0.18441240532980416,0.8480201869579715,0.09169082284978348,16.227295061716163,0.15197981304202846,166.82196358956196,0.09173307982058411,0.18497386347151198,15.749246384104785,0.030353749376469043
283.0,0.09269315767500809,0.8330368417896551,105.65046041395436,0.7725652778006568,1.2765108281105375,1.0846094968550404,0.5130015660076632,0.5197828007799414,0.5951218172280903,0.9844597562710051,0.17515874510999493,1.46933482683694,1.6173020147658497,1.330911445469176,32.60546333921294,445.49863661995033,0.07318869387927729,low,0.834643135040384,0.07944138851736356,8.09048902480531,0.165356864959616,163.9382690957616,12.870849696205237,0.07851034274789716,2.5445249081223866,0.1988886641237321,0.8342309056619555,0.0850159523170927,8.167579833102318,0.16576909433804454,163.4311830289408,0.07850782074014413,0.19950576588213942,8.028648466762121,0.017304452538351885
284.0,0.1172736246569922,1.215897122518693,109.94286343713456,0.5038317342734213,1.1241198806005532,1.1480999464728563,1.0016790046020803,1.7563972980217732,0.6069800061071544,1.9994437588624467,0.8257449730957953,0.2322545287964617,0.624204282472864,1.0920256881444697,30.939501004249493,309.67854737626106,0.09990844140281321,low,0.8421550840755256,0.0741198567955421,21.704611609451558,0.15784491592447436,164.84077516173062,12.17602955861868,0.07386539857430531,2.605510780239839,0.18769325110182086,0.847103424201716,0.08152100284297756,22.912782709326756,0.15289657579828397,164.2962530088308,0.07386238171628458,0.18831531722507705,22.124270659540972,0.03564013756294117
285.0,0.1094954624181904,1.3486004135036929,155.07759853034645,0.8419585312790974,0.7077064488529983,1.1372840126617207,1.9703305790064145,1.0254408821074474,0.11196213168889989,1.2741371954878196,1.909969217978792,0.4448474549162686,1.1481638886862475,1.7617634663125126,55.52521371696733,239.595803194627,0.23174535186604847,low,0.7499375781262597,0.05441417474624084,16.48520284307231,0.2500624218737403,167.59890972050334,12.31726432896781,0.07349250868939852,2.610571800551024,0.33129817974093073,0.7536731127109584,0.05513966450443259,16.987203641544628,0.24632688728904162,167.15654016159374,0.07348898817039326,0.33217494010877435,16.90862116323086,0.004647479978122268
286.0,0.13847597332419653,0.531229604922707,132.6047408757408,0.8119168228784981,0.79763081061371,0.9966148838069483,0.6134702514138333,0.7330022730005984,0.647407748859349,0.3520328992778565,1.094840178143965,0.7637779917413474,1.116111221423942,0.16702032998751815,11.693448184070231,399.9431677539114,0.029237774581175782,low,0.9347808427498164,0.0895993820063796,10.512431434741073,0.06521915725018357,166.3264668005389,14.21677592102989,0.08547512728734177,2.4595298542816098,0.07030419396867958,0.9350776750973038,0.0952315664399138,10.745523636713251,0.06492232490269623,166.07829605725863,0.08547348301081598,0.0704092495026484,10.544406907794187,0.01907330878613984
287.0,0.13378257702211543,1.324090920494346,131.83601797466665,0.7532309821652354,1.2458716679858022,0.919857425045723,0.9516271399052628,1.3720152177142477,0.005393038494552386,1.9403488367646016,0.2086309043253655,0.8045644247807281,1.6127174971983644,0.35704906136829745,31.045802973576066,317.16972839127544,0.09788387791938487,low,0.8425762331192453,0.08656878390485373,18.366040328547225,0.15742376688075466,165.59304137652924,15.164414658885404,0.09157640038994279,2.390581678160717,0.18748253377980667,0.8422882124377055,0.08673512314954579,18.220789953837233,0.15771178756229454,164.9403806170093,0.09156972689393496,0.1882243927014104,18.21676484976018,0.00022095603199842349
288.0,0.10417199318745922,0.4592727756020633,166.64686143783683,0.6570375761560704,0.9046830932207933,1.1829956701316158,0.6602872185553392,0.778511794192027,0.13435918658486842,1.508933460410771,0.44723008462426206,0.8213395278936378,0.5330829026298632,0.054999571647487734,22.4499832203684,383.4249774527307,0.05855117569417104,low,0.8808956884768749,0.07447815311448581,11.323045608791125,0.11910431152312506,165.30560527588588,11.925394716554996,0.07214150238070981,2.629125777819666,0.13580896535783302,0.8807657752170948,0.07761092781340044,11.30026666975667,0.11923422478290524,164.7964129614608,0.07213937898024461,0.13622859149014693,11.25335147684875,0.004168997387528375
289.0,0.10034645664995247,1.192506872809088,166.8807176892763,0.5140859610095454,1.152637022616847,0.9231291103607797,0.7584692165659623,0.8974829588168699,0.03361348081289421,0.5737955459876803,1.6246242792045862,0.17418484266933643,0.8864133843929133,1.6444306145584522,62.90904516796314,355.4020026305312,0.17700813361302897,low,0.724535070645424,0.07540129646702402,14.952972441076504,0.275464929354576,165.6184098578507,15.181743372329143,0.09166700359796681,2.389592794376247,0.3798433110302025,0.7272913763228934,0.07633855468650562,15.245331727365807,0.2727086236771066,165.41122529250035,0.09166511536735983,0.38031908086479427,15.225604935213973,0.0012956327341851544
290.0,0.12040548846057786,1.0385342284907542,165.60298965548282,0.8165656182509594,0.9768519591709228,0.8952866538421458,1.5387132364396605,1.363079576175497,0.49747952301522896,0.8898024066628198,0.6780665741890797,0.5272204061970515,1.1107786720665067,0.9215888848680858,37.761266089060776,259.91563253726065,0.1452827816489547,low,0.8158716857418178,0.07616095193712481,19.1224294582661,0.1841283142581822,167.716265010914,15.56012162763345,0.09277646164264922,2.3775623174557348,0.22514969604530305,0.8177858090340011,0.07946291414317133,19.719316669471283,0.1822141909659989,167.36610418327186,0.09277168669403602,0.22562075082844044,19.29916031944886,0.021770706241504637
291.0,0.12104213976900387,0.7654264545416638,130.57548151642115,0.8485202138169625,1.228012184504548,1.1304922189506834,1.7553998485912181,0.9846573257540265,0.42978088027928146,1.9037924348343702,1.893310818393455,0.5745018779012577,1.6279277573152797,1.9679255374628657,21.714110648143084,248.43596076758683,0.08740325104728598,low,0.8837842595304977,0.06831777998485532,13.3285595396282,0.11621574046950234,165.2396593735753,12.22403343011326,0.07397760002928264,2.6039929339085495,0.13140980034975516,0.8854776127061393,0.07154426198613059,13.671558459590678,0.11452238729386066,164.6231313456449,0.07397278947662686,0.13190194154764223,13.445793345931198,0.01679076182795844
292.0,0.0991894212351967,0.7963123986110581,147.48256654657155,0.9606676179205735,1.2649503409088922,1.0354007954862376,1.6778756545161784,1.9443540811690538,0.6424386568333298,1.809671574612909,0.6258803833396118,0.0445438144486627,0.2452036485818674,0.40906205371249404,37.99649872984193,252.1938546066647,0.15066385653648598,low,0.8127971189131867,0.07096557830065356,23.801175660560276,0.18720288108681327,165.66577436795487,13.337368990193916,0.08050769110927351,2.519402557391334,0.22935635845608723,0.8186586495313639,0.07724067064063674,25.264373339563146,0.1813413504686361,165.20667589985456,0.08050323553195687,0.2299937246656712,24.274726813498752,0.040768595818514795
293.0,0.1157299950602663,1.3147110663528006,116.15742362266045,0.6401202611751154,1.243358841633082,1.1235853005368819,1.7274600820816675,1.6074895538145697,0.7073456683042025,0.5390381412542016,1.8842793345338136,0.8132150434589988,1.330478838569896,0.5982659268591691,36.294059550400526,249.75126712757253,0.14532082246398206,low,0.819076420480336,0.06618484696066514,20.603159973164026,0.18092357951966398,165.1865985170944,12.296938306948219,0.0744427115597738,2.5977254217595482,0.21971552096972696,0.8315913547096246,0.07017997293339504,23.119137369515723,0.16840864529037536,164.8794298720696,0.07444029820496036,0.220124848676158,21.896235217760275,0.05584988193602978
294.0,0.10489967723447272,0.8353716229345595,144.7742897760441,0.5422930182079005,0.8167547222174917,1.071275720819363,0.725231747048565,0.6430695174692239,0.7339351097285076,1.9779162890447888,1.6843300951472528,0.45582655937904404,0.13693673006749454,1.1166889542398468,34.98428360435555,364.0598752262008,0.09609486237014944,low,0.8264220666978859,0.07345130772276179,10.353551627801668,0.17357793330211413,166.11518092487563,13.20677136146618,0.0795036991076622,2.5319517287481936,0.21060256750511525,0.8276575994755149,0.08438744520108177,10.583763678249987,0.17234240052448513,165.5506042863091,0.07950044626721436,0.21132078469404122,10.351759112279472,0.022412090877897858
295.0,0.11364038966892125,1.0018142088656647,102.89243926557651,0.9021600082518335,0.7714127072020983,0.8728771000548772,1.9058667895060704,1.6920486242338821,0.03182488174643537,1.0281277211546969,1.8411015889439986,1.6250468528768438,0.30889446075186383,1.926707466006787,25.407114748366713,242.04375203433895,0.10496909973847283,low,0.8689032407390401,0.07811753780456988,21.65901732005157,0.13109675926095987,169.21117161991555,15.90870031724019,0.09401684395268256,2.3642813217789356,0.15015033880526824,0.8782650368551775,0.07689917717783404,23.380640072848998,0.12173496314482246,168.68426362156785,0.09400838927967406,0.15061935359522288,23.323656311492435,0.002443174457534964
296.0,0.15511116168820524,0.5542181853316778,104.11515465213215,0.6724745274412136,0.7859079537239402,0.9259381381963314,0.8485519041855757,0.6683833174901566,0.7858639365216655,0.5236587009239974,1.5673408958760804,1.8283210559921619,1.3931967411007953,0.5770315415231684,7.634115862997977,335.43793116716785,0.022758654146341793,low,0.956691192262454,0.09197894429777752,9.586062676665508,0.04330880773754597,167.0462095949057,15.277700949287832,0.09145793242682321,2.3918761673184563,0.04570062308813256,0.9568370736004688,0.09661346543302969,9.814683542009261,0.04316292639953123,166.5845995060804,0.09145361295534636,0.04582726065694524,9.604430055631017,0.021891302780113833
297.0,0.1279994895494364,0.6518882296614494,176.51212648585886,0.9113182080837485,1.0676856868927582,1.179350065755714,1.2133930407354083,0.5176703564163443,0.14721242549126476,0.6748517589808763,1.3471919190838815,0.5715533504244096,0.0670526104844303,1.0156285640201397,22.355343041733516,284.80052959864486,0.07849473831118847,low,0.8807990419497963,0.06847754449912231,7.77823477958945,0.1192009580502037,165.15327722215434,11.85318599083298,0.07177081914571262,2.634277304121764,0.1353611833670272,0.8812555502962053,0.07018883167050032,7.818206314199216,0.11874444970379472,164.90005845362492,0.07176939584860804,0.13556904255446664,7.786131157167225,0.004119524367691297
298.0,0.10571286061208414,0.4444599555692803,133.89247845148856,0.5793759954912877,1.4327622828076545,0.8193725893814789,0.5873396468290144,0.5918919939558371,0.2124567973518773,0.5627197195750034,0.3763691020044142,1.1493236687839812,1.6713163899821646,0.20713729223358543,16.950530560848186,410.246477821823,0.04131791856165573,low,0.9078530080957357,0.1055733571822977,8.644427176832343,0.09214699190426434,164.9824789316695,17.005139382996635,0.10307239588780588,2.272323664954685,0.10274139818124904,0.9076622884235717,0.1064472414416128,8.660661499665615,0.09233771157642834,164.61594403786503,0.10306808368617117,0.10297016282304478,8.607886115199207,0.006131050499520493
299.0,0.13139130338343857,1.3752232166271319,130.95877427542604,0.947168415598376,1.4602090013327844,0.9352414447895742,1.1741171629864389,1.2813334104162388,0.21299731590643778,0.37847224605929547,0.8868265527577442,1.363288019161451,1.630825874460897,0.6234125262840686,33.20662080216473,288.7100821998966,0.1150171845373006,low,0.8326187396526805,0.08224326823992975,17.263634159704882,0.16738126034731948,164.9629198094046,14.775904894122906,0.08957106791753408,2.412722913851649,0.2012974845530808,0.8340146977785177,0.08198648611200314,17.591147063146156,0.16598530222148233,164.60959996259052,0.08956723709800672,0.20172955167688472,17.429191512743817,0.009292200976959914
300.0,0.14689558131168728,1.3352902506994453,112.33347291669554,0.6923170459473469,1.0612106618567023,1.139279628708791,0.788301433208965,1.16801004615648,0.40875334706176036,1.6419588790844886,0.8615833055047294,0.22638862780849753,0.22048383703720775,0.18271866864309294,22.126744794326438,348.2824402237924,0.06353103756855694,low,0.8822048322918755,0.07779579626483057,15.569136227718168,0.11779516770812448,164.93605083587545,12.315401462913654,0.07466773577092896,2.594707197537058,0.13415347755806473,0.8835389021575285,0.08375983302799628,15.885758149261235,0.1164610978424715,164.49448880825184,0.07466550587271248,0.13451359346220512,15.630223162074207,0.01634877407298114
301.0,0.12527130653140908,0.5688997093244403,143.58533631343457,0.9202619063629305,0.7389265045195456,0.9955501652965404,1.9104254801541098,0.5930305157098489,0.3836668065368168,0.559598349909659,0.04618718787232436,1.5103415109439797,1.1790961867242027,1.6501402684069326,16.568863304861427,241.86727948499473,0.0685039470412919,low,0.9102702333562394,0.07012354728041774,8.996724408337501,0.08972976664376064,168.2917606395165,14.023653104385907,0.0833294098956204,2.4849537321489126,0.09845320556335603,0.9098683212758428,0.07105267592613183,9.033023229892564,0.09013167872415717,167.87307225132824,0.08332468702091383,0.0986987554505206,8.942605211168326,0.010110925909075771
302.0,0.1300489258277547,0.8227902361679451,142.37695257933677,0.6809740728139106,1.0133528607001892,0.8295000001384468,0.5536871086495724,1.1006395367574726,0.5756599043483789,0.4467090444423227,1.5818194593138066,0.9989668301841074,1.3248531405220347,1.7677239670997376,22.047807634162673,425.0639835042515,0.051869385527325326,low,0.8839971535147039,0.10304565672516118,15.352383474738481,0.11600284648529613,166.31361130267513,16.99697627312236,0.10219834768778764,2.2808397687817044,0.1325676681629968,0.8861023474246948,0.1086363215762001,15.962505002804141,0.11389765257530515,165.99882393101905,0.10219490243194006,0.13281905926830337,15.612339338648,0.022428776146910478
303.0,0.1173345907082308,0.9796356527085556,89.50206158015867,0.7391297140265148,1.1862761504326957,1.0894730808311395,0.9404431002766178,0.8642413740251521,0.5102071531459811,1.045100393261132,1.2274852272231302,1.9880288637578465,0.5199684540398029,1.6379627929421436,20.271954515977775,318.9592497617404,0.06355656570900746,low,0.8908619652617366,0.07861213493597816,11.997834409337154,0.10913803473826345,164.79614448332396,12.816604417242436,0.0777724773684822,2.553967671716655,0.12301231063102408,0.8913023039920709,0.08144282686955993,12.212940412817563,0.10869769600792911,164.23640461707825,0.07776896973882609,0.12343155321283612,12.00136129900979,0.017629592888369214
304.0,0.09192435391777756,1.2502960030388053,146.5060975731921,0.9522903366677169,1.491255711673653,1.1170298030492836,1.147852153080414,0.5219692725383406,0.6014198970062178,1.1878536190414368,1.7392722102034837,0.5325978399058281,1.5285061535042876,0.9894811105131099,69.00133577649166,291.4916662276216,0.23671803955660786,low,0.7000710361462709,0.06012461881452173,9.197489728349591,0.29992896385372914,163.44707956838724,12.341140003738555,0.0755054176332037,2.583550868570374,0.422163161059241,0.7014334356700268,0.0647784716513396,9.386203851326478,0.2985665643299732,163.026176476509,0.07550266517686054,0.42325310737097666,9.208231818504997,0.019327492653239454
305.0,0.12163438845466167,0.6977984242315954,127.97864066857996,0.979695172385455,1.45545887712582,1.1810791563612377,1.296047593344429,1.327862025549657,0.11705865739036309,1.7520308151981914,0.20117041560156237,1.548033270950831,0.30241136731090856,0.11435384625686316,19.213427801077756,277.26436183887813,0.06929642047629231,low,0.8950071095445288,0.0741889284171005,16.282907815595458,0.10499289045547122,163.34898336494547,11.660916105637758,0.07138652390376725,2.639646168293989,0.11762196130815307,0.8946665655458896,0.07444075741967154,16.222659624007214,0.10533343445411036,162.70914736295705,0.07138271742094757,0.11808449686124993,16.143240831603823,0.0049196312705632305
306.0,0.12734098159136112,1.096479031743883,123.88473155600104,0.6317424092617588,1.0226335789293333,1.1130693895375852,1.7661800575751436,1.374045185113367,0.00982273648698797,0.9341768717737294,1.2234940674840342,0.3204927717679556,1.601206453962239,0.41795318657998765,26.664402469161555,247.95423931540802,0.10753759460931553,low,0.8614741384995023,0.06732323740494077,18.07643772726617,0.13852586150049773,166.26908040207377,12.497345191889744,0.07516337470363416,2.588091205183628,0.16036897783208637,0.8641399159538761,0.06739027389093513,18.442213994590894,0.13586008404612393,165.92158631771247,0.07516057130297195,0.16070484293769724,18.434000820270352,0.00044554486031649906
307.0,0.08366551056003194,0.4779588125607186,153.63036307463994,0.6551557429192243,1.1400975132180065,0.8567473757632464,0.6729318948192511,0.5086288623093774,0.22431993554726284,0.694135111505444,0.6362185245402473,1.7307313634790953,0.6015852313756417,0.4128644706981964,33.3906387067637,379.3405591964454,0.08802285412742279,low,0.8333355532990279,0.08998006622797974,8.30962365110581,0.16666444670097214,165.93535835604746,16.38136353591337,0.09872135570264587,2.3154539861129733,0.20122678516243306,0.8330980482185754,0.09063674903890376,8.322766439091875,0.16690195178142464,165.49067499218725,0.0987165662296785,0.2017674935964825,8.273270754878077,0.00598260176419528
308.0,0.1126766975747698,1.2020046660974395,107.90938434474006,0.7963257592633777,0.7341572695803729,1.0697401035688017,1.1720066214514702,0.5845407086502453,0.3782434283288686,0.3894234596758704,1.6318841502621126,1.0908092876232711,0.7785020039783683,1.6833919678790987,32.519755822204054,288.98207532456485,0.11253208623988215,low,0.8371440734834049,0.06825265694443247,9.505740370719023,0.16285592651659508,166.96059688165786,13.20753106371785,0.07910567709026212,2.536970635731329,0.194775033328697,0.8376224985587224,0.06984575718667316,9.646794414482248,0.1623775014412776,166.66431028319298,0.07910354975121155,0.1951212936167742,9.546130180680686,0.010545030488405036
309.0,0.10801958199427956,0.44932133095583043,134.4582169661906,0.6461953407234413,1.3219948010453424,0.8139053054606659,0.8068046345936332,0.7215480300539272,0.18777667896425332,0.9994403507305701,0.5139490534804564,0.612302162598566,0.3007341191302973,1.6214420574262405,16.481226469755754,344.1064900038505,0.04789571527573145,low,0.9103318862246073,0.10121596548212528,10.350947540723125,0.08966811377539274,165.86839414905586,17.13412461842724,0.10329951469253296,2.270122600906951,0.09936327263737223,0.9104213572778249,0.10415465658401199,10.377216842735189,0.08957864272217508,165.52301094190582,0.1032948624299814,0.09957060577843299,10.318043614691845,0.005734927109543036
310.0,0.12187892142950336,0.42476647837049697,163.5458682575584,0.8848261765174743,1.097865077568481,0.9540419972724544,1.2487863494233686,0.6966521528265857,0.6765409776592005,0.9139999943855829,0.9253798155966201,0.45896765718547766,1.9783080671941902,0.7881118022521387,14.886161811614821,281.46166095899787,0.05288877270493822,low,0.9182255845059315,0.08288375728977386,9.974979009454016,0.0817744154940685,166.36963763944448,14.631899786211228,0.08794813761583958,2.4310079835106695,0.08947643345762431,0.9184657561480319,0.08796773568923891,10.168100667400628,0.08153424385196806,165.992659125509,0.08794421958840913,0.08967963938910829,9.964163136903965,0.020467100718307808
311.0,0.1344077503180224,0.7505186107194062,80.56608365708722,0.6670920296121858,1.0154516323425047,0.9475022003806048,1.876396878766423,0.6000178759654715,0.04772853740889609,1.0892204910174585,1.5178420333663987,0.2722672814029981,0.16227521269216458,0.0631885711742755,10.654062058274157,243.20306192250385,0.04380726942356117,low,0.9400618225312496,0.07673164451232964,8.654206118073168,0.05993817746875041,167.63090542567906,14.611026252716364,0.08716188829030884,2.4399881044971066,0.06355666952474792,0.9404504167706758,0.07781076416820823,8.678782474348647,0.05954958322932424,167.30672386422316,0.08715770460375623,0.06367981998691459,8.66729942249756,0.0013248707920809509
312.0,0.10730468971866101,0.40940628716253374,170.61497320179612,0.5471792307774979,0.7822698235481718,0.8758669840260538,0.7825710789296962,0.7162842415223443,0.06408638863728262,1.3815530824121935,0.02994408087146309,0.3008567763460066,0.8656905842002419,1.4716921933743503,19.310093255025627,349.6312526077667,0.055229883229828504,low,0.8970222831230408,0.091688684557477,10.796743901025703,0.10297771687695922,167.22823502391486,16.16056531792523,0.09663777959274729,2.336785521128012,0.11547148872476076,0.8967940319343695,0.0945661469971472,10.72859409965532,0.10320596806563054,166.80252157670785,0.09663326789832757,0.11576619509403192,10.709119722321477,0.001818485350691502
313.0,0.0799048783533498,0.5447829806719366,173.47080674173685,0.5580589217663786,1.3802474698067155,1.03221298558861,1.2166924492387134,0.5527072353135258,0.13909815034806325,0.6493551896370314,1.199246812673277,1.7153738863799155,1.2573394742807855,1.960657973158302,47.11437861987939,284.4585724603573,0.16562826077757012,low,0.7764829656887889,0.06847149556810951,9.0690694775361,0.22351703431121106,164.62284721340905,13.409820731933179,0.0814578350388348,2.507669754099641,0.2861958678117297,0.7763795154206645,0.06823954101016731,9.093804570309477,0.22362048457933548,164.1692040598663,0.0814540469118352,0.2869867030767753,9.05601124140587,0.004173286438825147
314.0,0.11584000330625001,0.559326190476644,148.87413611811905,0.9369323804150274,1.0814867953911254,1.0788463847263585,0.6996918391535824,1.951564213319914,0.5814386704082396,1.2674242070962045,0.37357289368764085,0.9320511301652249,0.641117892636873,1.577883437634083,19.752288255740428,371.2275479097883,0.05320803471336242,low,0.8938035314402937,0.08681318709149208,22.640952767805693,0.10619646855970633,165.014467888877,13.01049908517712,0.07884459618376352,2.540276500784433,0.1197003420878337,0.8953627575200728,0.09348411130610579,23.440279362424253,0.10463724247992723,164.546238316078,0.07884196240544655,0.12004095905126755,22.75330452137385,0.03019231076545729
315.0,0.11830861467902322,0.5987622375776888,149.3226679772544,0.8776259456880091,0.7428836808301631,0.9813149927109651,0.580380451897713,0.7819004535056073,0.7054065721793801,1.4974320324383952,1.372907634828975,1.7042424282865294,1.0383179463625278,1.3381347185200898,20.332816104632393,413.2230503440181,0.049205425708233934,low,0.8919883144863164,0.08730536604898438,11.619504617947849,0.10801168551368356,166.52774059583598,14.463407407199334,0.08685284118699554,2.4435400731053436,0.12209867276095626,0.8924697605102835,0.09495096605775254,11.858634279474007,0.10753023948971652,165.8611121363435,0.08684831060161816,0.12258941136194795,11.606036144257127,0.021764376060630336
316.0,0.10673560288745963,0.9165442483198704,156.64139200535442,0.8774160406111036,1.0017761517540937,0.9444059146782448,0.6436451837169531,1.3789627972917482,0.09196353049172884,1.2880307536834257,1.1162332556054226,1.5446268381256332,0.033719119640735325,0.08360197324316078,40.11358549882578,389.0101249339175,0.1031170731240993,low,0.8060895396162934,0.0854498200143115,19.33915884544727,0.19391046038370663,165.87642534137956,14.916804471666477,0.08992721202526015,2.408754691145745,0.24182812847739268,0.8090256342067284,0.08504659608721005,19.76239935982111,0.19097436579327165,165.33457491368586,0.0899228954537272,0.24262067096230402,19.679254062492095,0.004225022811585451
317.0,0.10271558204976271,0.7195478782902558,158.14798719791696,0.702781631887757,1.055560326962905,1.1559391445819105,0.6465971418065406,0.9219061479973184,0.16368382761125633,0.47017285287995403,1.945681826219281,1.634283550317714,0.6531098794764555,1.3985542356114822,34.33213646946104,387.99245974036404,0.08848660742643129,low,0.8278382958086078,0.07341405379755676,13.522011860821525,0.1721617041913922,164.74621176862453,12.148041284116916,0.07373790968364152,2.6072382336942597,0.20839408749306063,0.8296092747345566,0.07316217115450292,13.789298283078248,0.1703907252654434,164.36672592860018,0.07373622005966732,0.20887522261880845,13.70609922050762,0.006070221821110303
318.0,0.11890036736199527,0.45067898549556723,94.38902857151228,0.52523680056943,0.7884461822882463,0.8797333258352185,1.1765122837538153,1.9258360310415816,0.6695906349695594,1.767430534360579,0.7076972854535687,0.4039265162400613,0.9626032866622182,0.9945446425338447,9.577949853312964,288.51133520039656,0.033197828593667676,low,0.9461543396931376,0.0952506596601853,22.33486874488179,0.05384566030686244,167.87612011164362,16.00745033530194,0.09535275371301419,2.3501720673001425,0.057053676526138956,0.9482942532993813,0.1030944069691054,23.582514931682958,0.05170574670061867,167.32933705527265,0.0953458996882218,0.05724011115964172,22.755191820593947,0.036357553810654586
319.0,0.11225367889438562,0.8708533108058656,100.9307244032,0.7716898290200036,0.7105003832665981,0.8381417178855166,1.2756478640445843,1.2048350515455017,0.12660939603827498,1.432890383244971,0.003217816925792722,1.4788459222738712,1.9209354209955443,0.11844010373378873,22.20329140184255,279.0809426081818,0.07955860831749828,low,0.8838823786795998,0.08742489737774117,16.775819288394786,0.11611762132040016,168.63158842572423,16.7945180350677,0.09959295403580357,2.3066638595063753,0.1316674509747754,0.8831688269255352,0.08690453858432369,16.655565856136388,0.11683117307446478,167.96651448623862,0.09958307444673957,0.13218879649765936,16.58539831309311,0.004230681815334308
320.0,0.1350672784402824,1.1331430396844544,153.14721911947996,0.541547609281048,1.3515233675365943,0.9285590402877592,0.8717835602886133,0.7756876593209345,0.1442206118982089,0.11623466932954778,1.5678192362282382,1.3515796258081163,1.868662011737464,0.4621910126313311,30.279150029541167,330.9086458122353,0.09150304899172146,low,0.8454741343267851,0.08542859272163615,11.499598973255559,0.1545258656732149,164.99398521407136,14.986548761105082,0.09083087932969673,2.398755970465699,0.18351668995845818,0.8461506486132038,0.0843907972268224,11.633508023885533,0.15384935138679623,164.6931993442795,0.0908279920107517,0.18385185393262504,11.578176106700644,0.004778983898238208
321.0,0.12708560129932822,0.6041958307872046,82.43854299571746,0.8160227847809765,1.0399951399089242,1.1328688779104075,0.9926096538059276,1.0607757103221307,0.6897427226158123,0.011910227092987996,1.80613432192491,1.4418593135820046,0.9271350209506036,1.9329015652429622,9.816698726432202,310.9877624150995,0.031566189776075795,low,0.9443278595883055,0.07977883600357072,13.696048767985031,0.05567214041169455,165.27041797909027,12.376439480472428,0.07488599370540873,2.5917884058734173,0.05939779693468309,0.9452667499920078,0.08338235084072135,14.283175486591908,0.05473325000799223,165.0160549539025,0.07488454550315682,0.05948935531863559,13.916039608922244,0.026382209880624063
322.0,0.09375937289177436,0.6184654803563172,170.98229947260236,0.5045035406727383,0.9006840660470676,0.9468193066715938,0.6113954961318052,1.9356354561006213,0.45958089219060816,0.19945883942119405,0.4995329987105113,0.6698369076858594,1.2930125451785568,0.49050964178446854,38.29017554531676,400.7244246350719,0.09555238760449032,low,0.8138097913667776,0.08884228332106077,24.506328715362688,0.18619020863322244,166.1756167743186,14.924289515319634,0.08981034525413051,2.4100551070339753,0.23041993939049585,0.8172433553694249,0.09312580123380464,25.590982863196512,0.18275664463057506,165.9737200818757,0.0898087897536983,0.23070023089455377,24.96614269524534,0.025027501267553477
323.0,0.11281845336385671,1.2449139740831372,173.59798985448748,0.8720506452546333,0.7015979209992763,1.127706988496711,1.6238921543259563,1.4984548592365772,0.1932071255346414,1.9268103304290622,1.8438135470674393,0.2638412416910982,1.5645614903765985,1.654595403908954,54.047284421020294,255.0655111799872,0.211895697583676,low,0.755241068918399,0.05932129618009302,21.705017008530433,0.24475893108160096,167.31351903039,12.481612686665857,0.074600144441399,2.5956128355625134,0.32302999024964263,0.7675815535421867,0.0609970927005016,23.733619587561968,0.2324184464578133,166.718978292784,0.07459578193738785,0.32418195561458524,23.36961754678449,0.0155758664021253
324.0,0.16664768891645654,1.3602620911437806,144.21257949940195,0.7441233913096745,0.7989018937255283,1.1193358776197062,1.0317896582946833,0.7651597734217159,0.7442603775326938,1.881108614377971,1.4381239689158818,1.4878266567091833,0.6618351845503442,0.08030192780528983,22.484191569535007,305.54103465301876,0.07358812407985953,low,0.8812613211284529,0.07211396810711601,11.342972738387566,0.1187386788715471,166.3475226934795,12.616888596015237,0.07584656742537588,2.579042828985838,0.13516397001574548,0.881790650381026,0.07837601483415844,11.586937158573209,0.118209349618974,165.63475571996517,0.07584232189230351,0.13574561372583244,11.320607778193438,0.02352606729232274
325.0,0.14343255468714752,0.8049342643635434,94.14030895975617,0.8508664370310552,1.0928243565609548,0.8856097663947862,0.8681275210915709,1.1056997054814985,0.7575876820644026,0.4612009517693068,0.4567289244045887,0.5412650474041846,1.7301519519756259,1.137844114704354,11.72440181207562,331.6184876947756,0.03535509100706971,low,0.9347362949989583,0.09700531641109686,14.576325250878465,0.06526370500104173,166.25933368010948,15.835976000808385,0.09524864349136346,2.3512645066372273,0.07051875857167755,0.9349043347660124,0.1041643179900781,14.989634036058012,0.06509566523398758,165.99387963259403,0.09524576733584131,0.0706315307409289,14.592674025261404,0.027202691577255123
326.0,0.1423541900772937,1.2396494482045197,81.69620124518053,0.9836830155590923,1.4957554333122043,0.8946967998348437,0.7951664488146369,1.0891221849451345,0.47273623493221684,0.9265072407367616,1.938495583487699,1.3119387306784256,0.44142715316413167,0.19146182943596254,15.907809154694457,346.6839763596694,0.04588561987125359,low,0.9126984572862192,0.09824676958194739,14.191141536298629,0.08730154271378077,164.54544697445453,15.501443681017934,0.094207673114313,2.362253645151189,0.09667729765360279,0.9144595797251699,0.10215998169850438,14.694675047446891,0.08554042027483011,164.1162857054857,0.09420323886347934,0.09693010712685612,14.415355663536507,0.019376516988541537
327.0,0.08583817911723761,1.3679654265696253,101.16562808995539,0.9642069927930192,1.2900394317064672,0.9925906341158146,0.771731548640512,0.7470291898837745,0.6567883083997729,1.4547982702794924,1.3119507087472857,0.8575362017061847,0.09630094775992416,1.434556779364338,59.78568892377625,352.15479673923977,0.16977104806567717,low,0.7330009262019332,0.07226062518560288,12.489933863485291,0.26699907379806676,164.6858526792055,14.05163622507319,0.0853238817814219,2.4613008896790296,0.3630286873532109,0.7346287712708538,0.07913067683696194,12.814308540457272,0.2653712287291462,164.20653038753736,0.08532027605771338,0.36408837567347907,12.520830549467856,0.02343917920060735
328.0,0.11639702616732783,1.1555780365241017,112.58448016634928,0.676741414180302,1.10466785360085,1.107089004267904,0.6006744864516792,1.2611333056744427,0.3070427736599607,1.9489483626052548,1.4580095469875445,1.9749375181765314,0.8607760487663353,1.0950393165262213,30.56639096648089,404.8765379522737,0.07549558470608148,low,0.8440623272636248,0.07975297729673192,17.075615101544567,0.15593767273637515,164.68309217297102,12.672799358667772,0.07695264396272809,2.5645650597978786,0.18560734173230245,0.846522718985053,0.08205434294507187,17.521289839729405,0.15347728101494695,163.89420353359938,0.07694875407916855,0.18650074442818584,17.28161182494785,0.013868961831184991
329.0,0.13531795629758375,0.8637640067602069,122.42819230708227,0.7455720213251982,1.4977377280039998,0.8731820429534518,0.856427201575353,1.1448555728233523,0.17597514625033994,0.6586756259497297,0.7911402401479414,1.5043916091466116,1.5881785879125527,0.8643017413065336,18.382975450530985,333.83520445448073,0.055066018218691344,low,0.9004131118187932,0.09767397117001744,14.9816130410622,0.09958688818120676,164.81225657962594,15.87528708872809,0.09632346172663588,2.3400433582145,0.11153888571175284,0.9008998497012526,0.0973235531146125,15.121735552181285,0.09910015029874741,164.37519916024678,0.09631847054829827,0.11183545659226675,15.01900709354785,0.006839896805000266
330.0,0.12608882827516182,1.2634534612167578,101.58052862325464,0.5760130878275485,1.4257386365749583,1.1915380791393346,0.5341741335697574,1.816809851922891,0.7139073822656435,1.3579192161193605,1.09950660666549,1.6623285969306474,0.1757042137326842,0.2906294745958455,25.696065317230293,434.44969342566674,0.059146238807570535,low,0.8642896682606357,0.08257575225088963,21.167808748104164,0.1357103317393643,162.73155899666446,11.629286786176873,0.07146300851462527,2.638575326592628,0.15790462203927505,0.8700976471503735,0.0896683057803362,22.735940877550508,0.12990235284962648,162.1747544516703,0.071460846610103,0.15844676567639243,21.734256720057672,0.046087803709819145
331.0,0.1317307886914727,0.6442654473863182,124.04343945529615,0.9118865484399425,0.7904681457391273,0.9974870284205595,1.3409470547089644,0.7579976328684693,0.7532921888817075,1.0205033455697388,0.1935068440179346,0.8268379783516132,0.2903727479533919,0.2676863662563306,14.659332089229943,273.6218427051886,0.053575153007885075,low,0.9195224986768489,0.07765892605041325,10.971363728134204,0.08047750132315112,167.34841114329888,14.105661007551388,0.0842891839317963,2.4735017266924544,0.08759767714004345,0.9196255469546434,0.08290373340986097,11.151477785352192,0.08037445304535662,166.958370891261,0.08428552257807427,0.0878023186916305,10.910159238792371,0.02211870067870176
332.0,0.11125277719113988,1.0632891851626596,110.91305539926036,0.5500369049104288,0.7607240072670869,1.0119059426892936,0.6578903476057296,1.1317977142994242,0.4041515003774405,1.935029619644556,0.26196072345966687,1.998523750767542,0.8379979894811406,0.7800065409277709,30.329305882514177,384.2251617632164,0.07893628242182898,low,0.8467111939845469,0.08179579567489757,16.286263840570975,0.15328880601545314,166.45672318022088,14.011719430422545,0.0841763502412108,2.4748412731820273,0.18220535225649598,0.8461637295994993,0.08497171283169744,16.34395969809891,0.15383627040050074,165.6522335526551,0.08417109573462431,0.18309023206061117,16.11299575844405,0.01433401604005404
333.0,0.14028033620607713,0.4215390365669628,120.79266819239268,0.5923753270389924,0.7936518292487892,1.0827953455863535,0.6529147089915668,1.236198600699065,0.5334363734477908,0.8801216189953388,0.3117576931404768,1.5815563723758617,1.8450922328705863,1.8308110839424672,8.23635210121363,385.87699613852874,0.0213445014438145,low,0.9530912651832394,0.08728155467942243,15.80540046823061,0.04690873481676061,166.07286759931122,13.080286021657175,0.07876233011894727,2.541320440593645,0.04959480871424291,0.9530561444039017,0.0910969253348215,16.039243452927106,0.04694385559609826,165.54769388505926,0.0787595233793533,0.049752140352569196,15.73850126773662,0.019108692757613305
334.0,0.11880350114746051,1.2926040982706497,177.28169736846417,0.5509740752322795,1.3058814557615446,0.9728290577262694,1.2582221660001,1.6421936424422636,0.24130029984287651,0.8492539550405209,0.08877322124023962,0.7734272782615789,0.9383942262293511,1.3913423419953386,51.67983019075922,280.5887171439626,0.18418356488740664,low,0.7612748854629326,0.07340177009156025,22.23800433943857,0.23872511453706735,165.4238722267394,14.257936081502901,0.08619031757375477,2.4511974327518846,0.31240853871395236,0.761221656049972,0.07450404106792438,22.411750363468702,0.23877834395002795,165.06780083518515,0.08618676660266178,0.3130824420588232,22.158369570863826,0.011434992624098472
335.0,0.14917491555783705,0.6449293838544163,106.74419560055975,0.5000456551219643,1.2361536667884723,0.8266739168444109,0.8251291789065359,1.0474743484447746,0.4950312544435293,1.0774725809083139,1.7661568838006572,0.5185816750900502,1.411154470819853,0.2816047522846119,9.847249894982536,340.1815179014773,0.02894704555299937,low,0.9444921767291296,0.1043877056348582,13.79026179055591,0.05550782327087045,166.10521151586957,16.905865001832737,0.10177805288317256,2.2849607886472754,0.05928320854666102,0.9456959896630466,0.1101212802541366,14.235652030405964,0.05430401033695342,165.70419837331582,0.10177285095214961,0.0594266771249671,13.97373098852671,0.01874381595683415
336.0,0.09452446260285961,0.7585257644089218,116.30724639410289,0.6391793283237627,0.7732926657243391,1.0998759417348598,0.6791593711283437,1.314991310037564,0.6281634450336928,0.2514226436399481,0.26961845862810063,1.6228150623895816,1.1404861371017139,1.4681485654512973,31.429596392309627,377.4246312474358,0.08327383480095314,low,0.8415425634327843,0.07684850749445087,18.21162506479874,0.15845743656721567,166.12058446372822,12.882098646322493,0.07754667302615498,2.5568752912965635,0.18919748262246308,0.8418352702127626,0.08029317027091722,18.651648659888693,0.1581647297872374,165.77330747085898,0.07754487525012468,0.18959383070663882,18.2052312980768,0.024521378196334823
337.0,0.1277366537210552,0.8893274130239897,138.42098008569351,0.8916593845017675,1.0452643456591495,0.9327442227298323,1.0158413055177506,1.612109043844385,0.05153107330890758,1.5148985274970685,0.38064107378385553,0.013325580655722258,1.231937184799361,0.33205193522670157,24.01500364337031,307.6963026637857,0.07804774849573373,low,0.8744324972757824,0.08755309822126525,20.39596170929562,0.12556750272421757,166.36015419772673,15.031613033632041,0.0903558493686311,2.403999522826117,0.14435550242894923,0.875347469146205,0.08908890937551464,20.488403605386658,0.12465253085379502,165.93298340261825,0.09035156724288541,0.14472712507736046,20.44253134275897,0.002243961956498998
338.0,0.14197017103504092,1.048038364090059,142.98990799369514,0.5387372163415812,0.9805533675536799,1.1664742018923568,1.5361500013908282,1.9180161369552213,0.35894453206860977,0.3970182498407362,1.5615375300586483,1.1072810969593987,0.9543672922258953,1.1613128424817043,23.666742386739994,260.07028754610394,0.09100133125566862,low,0.8752185028892263,0.0697968451756954,22.724140720733338,0.12478149711077369,165.91530290197673,11.980321658439347,0.07220745433902115,2.6282119927200127,0.1426435173416305,0.8859951888188341,0.0710580708044681,25.166652330531246,0.1140048111811659,165.61253978155708,0.07220547251079798,0.1429042898439721,24.41169392487317,0.030926096647838363
339.0,0.13576881810417268,1.1291303155755679,89.87923996438582,0.7501091911533087,1.1158869369631037,0.8027864493774483,0.8025278788563913,1.8142164111332248,0.04876670637629943,1.4302848612158023,1.9226091433331334,1.9264626028054936,1.516996344533841,0.39084757765987543,17.52481780508946,345.06607076105945,0.05078684718679425,low,0.9055892169340154,0.1064383067033313,21.804926565950822,0.0944107830659846,166.66792601713544,17.4704059768893,0.10482164381821814,2.2554950034355463,0.1051481123205895,0.9147840525014113,0.10324551698145279,23.7747846898125,0.08521594749858874,165.96969915239617,0.10481193807437199,0.10559046557647778,23.67251482960976,0.004320194155072154
340.0,0.15698350688091187,0.6829358679918951,104.43244276774013,0.7261487624118701,0.8118713621745457,1.126422541919346,0.5364271925232962,0.5550171355533485,0.2967258174873269,1.626755521910093,1.812958359833388,1.4272850900326919,1.9504396683791227,1.7024329924067292,9.212074325000685,433.38269502166855,0.021256211728851088,low,0.9479094898115071,0.08298787450077937,8.044303798674747,0.05209051018849287,165.7294730949119,12.57190424481378,0.07585798717657151,2.5788922764695057,0.05558500943115294,0.9477703762993138,0.08867729945346092,8.079712863916622,0.05222962370068618,165.03747448456,0.07585492154721346,0.05581807619009897,8.014864713092658,0.00809098508151135
341.0,0.14969878598106082,1.1987092484750859,119.7513885394844,0.9928917752731266,1.0190337659088298,1.0440207345241201,1.161372580861138,1.822296102206427,0.0698956201177161,0.5936962934785971,0.22877872917088402,0.12088227628538473,1.7475181146869805,0.1781719240213645,20.389566131476723,290.0773399174204,0.07029010310588635,low,0.8909627910075617,0.08087042357653743,21.797048605444132,0.1090372089924383,165.996312302563,13.420599611648852,0.08084878167164943,2.515174762068856,0.12283144034135211,0.8915504067861382,0.08136015406387899,21.93190354882993,0.10844959321386183,165.7595067770399,0.08084694658998244,0.12300691844421542,21.861276804568167,0.0032306779193703827
342.0,0.09820883187645904,0.4561891313071628,159.87509646620958,0.985595549566306,0.7224671813734965,1.13527863895284,1.661837324743299,1.432239470128814,0.19135624147015157,0.8595995693044282,1.237073090893287,1.1420165972093612,1.242141567963762,1.1629894851910556,24.069927931637537,253.05519488744324,0.09511730412151242,low,0.8741431412781666,0.06684487005450741,18.900202805052253,0.1258568587218334,167.23859249412013,12.386125569352492,0.07406260352130128,2.602844549897697,0.14392567871248857,0.8767967868286236,0.06711864845368526,19.479308647926942,0.12320321317137639,166.79782610231243,0.07405939001995288,0.1443060050247492,19.310881019901313,0.0087219028407897
343.0,0.11743002441542019,0.8987448856124686,129.26356038667893,0.9303409627356889,0.9374352929055033,0.9738698468678801,0.976803046380937,1.1595572128521796,0.016988502048551426,1.544859120375281,0.7312515502618027,0.8388430234307419,0.9451175227251261,1.664176707486213,26.816640549662754,313.3241235620778,0.08558753869569086,low,0.8616466463532376,0.08172912146723148,16.17961600626097,0.13835335364676238,166.4494368935562,14.448542832165463,0.08680439598846616,2.4440980135698367,0.16110983040941074,0.8623288800861626,0.08226359324235376,16.20842420203876,0.1376711199138374,165.90404470902,0.08679966135641058,0.1616394621161684,16.19808636210387,0.0006382136570821763
344.0,0.11458553355860929,0.9724915693062656,128.42799740765582,0.9911323562424186,1.4220924614393424,1.073957366696346,1.1409023581105533,1.4695666553701017,0.7019541000323436,1.7123433232616827,1.0185389895345773,0.28107016750945674,1.7266324417854577,0.7393174386863048,30.278621582244757,292.2547721444142,0.10360351470080681,low,0.8443776694520067,0.07691191911460236,18.67891849066224,0.15562233054799335,164.05791982697923,12.876000615064337,0.07848448053372724,2.5448543739463325,0.1845605601617866,0.8481232881295299,0.08400835499269164,19.636413223012497,0.15187671187047014,163.53820818470803,0.07848070927752264,0.18514707919538048,18.939854688951346,0.03677739589351185
345.0,0.13982226721325197,0.6870073331073645,119.33061111706371,0.6414411616048743,1.3897543346378383,1.0031453895408267,1.3026927196249891,0.760998325271947,0.3282241677057507,0.571898642965057,0.5337053457909823,0.06031786653449916,0.381810867467726,1.349086708672142,13.347830558417206,276.70686965982236,0.04823816110827588,low,0.9254821503031516,0.08232194760926181,10.335285829266697,0.07451784969684838,164.90224665528208,13.781381422586145,0.08357303615999405,2.4820343448881124,0.080943897546284,0.9257109769775149,0.08531470083420716,10.44818835621178,0.07428902302248508,164.73785067737532,0.08357150026341713,0.08102467346473863,10.337728225067018,0.010685145589039345
346.0,0.1286208489957179,0.7916252600052367,131.09387794825264,0.7275026552331215,1.0693611388372584,0.8619534676936009,1.5760587286294232,0.9534381691669463,0.7022760389453606,0.9030074200207476,1.0639363693005501,1.7513651694693957,0.11187993187680949,0.5240801668415597,19.967764126663987,257.7088774072895,0.07748186375088056,low,0.8935207150916299,0.08301472908047085,13.462436947088076,0.10647928490837011,167.76018618597362,16.0958221023053,0.09594542345382226,2.3439757548642848,0.11902564357271493,0.8942009347392897,0.0863409663746049,13.824517629954277,0.10579906526071026,167.26889973371976,0.09593788091284257,0.1193752344784431,13.496508184468022,0.024303282078821965
347.0,0.140099093559651,0.5006118987952881,136.74727471841283,0.5746805149876791,1.34762932367069,1.0670243860153765,1.5067966483757806,0.9084329852457368,0.4329453891809949,0.26409095043013947,0.3383368808257104,0.9474343423252933,0.34685381089455025,0.3682923661207021,11.10195146317313,261.8554089269812,0.04239725850486032,low,0.9371162165955537,0.07793715041987774,11.839356381877144,0.06288378340444634,164.8654266287954,12.93910774726193,0.07848284514129891,2.5448752113075015,0.06733947614238037,0.9372675424326922,0.07988964315383305,12.005973366219163,0.06273245756730783,164.65195924058338,0.07848103772074104,0.06742678018760388,11.830670883273852,0.0148176282372247
348.0,0.11560137338241086,1.3420045995880283,96.62983740315833,0.9732779417891129,1.2099154347255299,0.8507840929992229,0.5256138831524081,1.8354502538688724,0.48353285893381337,0.22929925523448066,1.5463124862578537,0.20950006148319633,1.3737299522375024,1.3269450087676866,30.887971866597855,438.8240794735902,0.07038805141151509,low,0.8440362880212097,0.10282427241931817,22.816774107902184,0.15596371197879033,165.45068895658883,16.48495020688623,0.09963663681818559,2.3062253424879464,0.18668989571087422,0.8583644837767539,0.109857542829764,25.752559143351284,0.1416355162232461,165.30331075020598,0.09963515485417876,0.18685634139096854,24.64155400253038,0.045086650813776497
349.0,0.12019894528514585,0.7809218617299656,150.35055391002555,0.6129571518044628,1.368947857056391,0.9069286578232014,0.988949791574451,1.5262624945189314,0.47487422053555106,1.1041616446391824,0.9629481258605344,1.5114831649713365,0.4234391777956373,0.14153331543994727,25.86791510563559,311.49579785684676,0.08304418641796137,low,0.8652633017187705,0.09031822192078265,19.353879713069837,0.13473669828122947,165.2701656955553,15.317740823195889,0.09268303664324236,2.3785698151376864,0.15651896394469014,0.8680237684957675,0.09306672016384118,20.103128066919883,0.13197623150423254,164.76877570584992,0.09267758446544155,0.156995249827041,19.63945883402183,0.023609063611000763
350.0,0.10831417432062082,0.9328057477380715,148.48638993647847,0.8013682033780185,0.9239075451974509,1.1980523924591955,1.54297817843147,0.8855637819449085,0.3053394671224057,1.3312669290892896,0.3650213718574326,1.4110141111705155,1.9853395703117196,1.9878505649322953,37.5800542331988,259.6628366259986,0.1447263486816431,low,0.8148037963521132,0.06051508334913241,13.385177760164186,0.1851962036478868,166.0103562069372,11.686599252729755,0.0703968084868274,2.653607350839686,0.22637174626837175,0.8144307246969003,0.06163567159125288,13.429258722658252,0.18556927530309975,165.39395043245125,0.0703930595195131,0.22721540984382566,13.29093134012397,0.010407651577936121
351.0,0.15087046333441398,0.5930525462391842,167.99371848443207,0.6293471719598539,1.3481442121824894,1.09043419333436,0.5177551386819109,0.6011266139405242,0.7740203778663449,1.5526613669636182,0.09563388813557577,0.5826238632595787,0.9832548097852021,1.7404272693850371,13.932462960250453,442.9358259189511,0.03145481161146769,low,0.9222394737635056,0.08795166249059298,8.36396168481552,0.07776052623649443,163.59485037767948,12.769220362168285,0.07805392610274053,2.5503553308804316,0.08516443474892757,0.9222298850849222,0.10194043196425093,8.488031745519619,0.07777011491507779,163.10489612295694,0.07805150967811596,0.08542026199966088,8.292459044536502,0.02358440360485959
352.0,0.11052730849294685,1.0772814153449262,168.10232205055462,0.6590502002001595,1.3365132597308038,0.918383830274979,1.3341990478161878,0.8326125827603856,0.4571916339676085,1.5310000026173487,0.205962500082052,1.691652738920804,1.5324191258298188,1.3840841628666392,47.18607120093443,274.1211623072864,0.17213582053923815,low,0.7777304749784596,0.07357936984453387,13.097628502123925,0.2222695250215404,165.849551941122,15.069904547608617,0.09086490961976527,2.398381385114402,0.2845112974298893,0.7770251044025275,0.07560204425623261,13.167794472821459,0.22297489559747252,165.1708609581285,0.09085671078840103,0.2856803610952678,12.965488977395793,0.015603383395594866
353.0,0.12373631574176856,1.2196304818854475,97.91098430535322,0.9994173463168987,0.8890965628373952,1.107995867469393,1.4148841355090847,0.666477574292079,0.10111739748441739,1.253586836599566,0.32861044603549916,0.28457181014003413,1.9338908587738335,1.0481117118268717,24.826497412252557,268.047591354518,0.09261973699072414,low,0.8702655030999591,0.06800151599816512,10.095890772595013,0.1297344969000409,166.46692720343427,12.663062626339812,0.07606954029291754,2.5761073532024725,0.14913771659828162,0.8700962796937982,0.06951486246573357,10.06587479983579,0.1299037203062018,166.03261135023158,0.07606640724581948,0.14952783799733885,10.036072064716524,0.0029695616897811626
354.0,0.10593260023636474,1.2877494749006249,143.8882741987866,0.7615009184427003,0.7207730355969777,0.8998739762958634,1.9814769398572956,1.1793173405209256,0.15543935395573172,1.7834231307560116,0.3451058624895862,1.3975878914000017,0.3968578240326137,0.43563140448225096,52.55906698217049,239.1869148262947,0.2197405615618254,low,0.7616721155804963,0.06514677250066944,18.369827644537935,0.2383278844195037,169.23370474574355,15.442942266394786,0.0912521668753647,2.394128540222143,0.3105709176616747,0.7614160866484826,0.06506623803302436,18.37548990664868,0.2385839133515174,168.5495991004726,0.0912418605994727,0.31183145651292815,18.267383868081502,0.0059179814333497486
355.0,0.10220023437506115,0.5476110671310641,143.05173165641236,0.8526655386239381,1.4681710959218428,0.8913624898567208,0.688510286647098,1.993049047423946,0.6106406725656535,1.6811268786051288,0.5521920168177014,0.35187698008125023,0.04545317927005652,0.9545291194945288,23.873257350477832,374.5110200272981,0.06374513985926959,low,0.8742352022302471,0.10082585311539297,23.10496504867425,0.1257647977697529,164.5014010575535,15.588929623508392,0.09476472250868158,2.356358064412861,0.14512494846244736,0.8780480275683793,0.11124722099490067,24.278031036521938,0.1219519724316207,164.0466142890584,0.0947602468779109,0.14552727865758905,23.428804559455376,0.03624711089767625
356.0,0.11970179557059062,1.383642238137853,109.41689325110832,0.8105167485725381,0.7283262072447289,0.9838007250638942,0.9054957108537782,0.8690308949447823,0.3409095354134015,1.1940297256315804,0.08270568186251977,1.6792481003047834,1.4899537450198208,1.0584523390345553,33.63233248848907,324.8559869261233,0.10352997587247029,low,0.833002341851138,0.07703522352561869,13.427049311138466,0.16699765814886203,167.03341823166016,14.395991197160454,0.08618629343497315,2.4512441228307624,0.2013509203400489,0.8323014080314254,0.07861820220138478,13.44071687695509,0.16769859196857462,166.42638496987223,0.0861813845436363,0.20208533938039602,13.299870208905794,0.010590078387004305
357.0,0.15271907513701624,0.7263418145403823,87.77633218661342,0.922530780554589,0.9441166384102261,1.1944948707753753,0.6647919234717676,1.3909213961211984,0.14064535895037109,0.7230194207275603,1.0021368604831549,1.7830866974125772,1.723023646329896,0.8228687465605161,8.701257734570275,381.9558312609129,0.022780795637667516,low,0.9504211679982498,0.08227504114922198,16.960288778939724,0.04957883200175017,165.10427362672567,11.79423651901456,0.071435077117867,2.63896625411262,0.05270158999180375,0.9509009808460368,0.0812394311104396,17.220577253839036,0.0490990191539632,164.59893064284597,0.07143301851187125,0.05286339164286946,17.120616860665994,0.005838597638540548
358.0,0.12382434380336672,0.574383245288001,163.60846788654888,0.8647066903733465,1.2774064158443035,1.0012889379529164,0.6038496587145954,0.8551402168147991,0.49990945375556894,1.4917302655497453,0.6754790103475643,0.41976756909026186,0.9034248652089971,0.7936859154718464,19.50947567837771,403.6112454416887,0.04833729460889444,low,0.8947323230309538,0.08997293198156062,11.869793304473172,0.10526767696904615,164.46171924848727,13.950488401701989,0.08482514025421331,2.4671633148594725,0.11862624182409645,0.8951185020286648,0.0980710307834338,12.032749327957275,0.10488149797133517,164.00589855243075,0.08482211133291614,0.11895593908862225,11.830138717838862,0.017126647028482662
359.0,0.13724154795354576,0.5846539543447343,123.19902654036073,0.6454320453742916,0.9424473364995498,1.1932026863522043,0.709232196494934,0.9118832332785464,0.12172186957898766,1.8919119697780162,1.074505403769527,0.15516057902723449,1.6578126883255502,1.5445059271284105,12.172648440364144,368.4928364665203,0.03303360943753407,low,0.9317125178951188,0.07819850386069173,12.28109223810439,0.06828748210488123,165.15866321157853,11.805149333168995,0.0714776270503344,2.6383707866351505,0.07370275469455831,0.9322297692155672,0.0826245808047218,12.321631871220172,0.06777023078443278,164.6038382018532,0.07147529745697082,0.0739511822648805,12.271307497951362,0.004100978911759067
360.0,0.09122774220304401,0.901032129543617,114.57972556572713,0.8962641078779601,1.4018456422959966,1.0223324369391114,0.5645632288354728,1.0201308137400373,0.24200604767140887,0.1456721608440871,1.7974854973813104,0.9907170394432564,1.7833599993766454,0.5658480515261608,39.48610802745264,420.05966896198834,0.09400118827172095,low,0.8061329082255813,0.08269066112155486,14.707853290947703,0.19386709177441874,163.76960646868963,13.607108764394473,0.08308689907608685,2.4878682420631955,0.24110766874805806,0.8087748957610577,0.08312333337793094,15.12131297599232,0.19122510423894234,163.51933507210572,0.08308536403258204,0.24147669148752834,14.971691046209365,0.009993655981889681
361.0,0.13670785426835802,0.5616470434333238,87.99356457469541,0.8075706364212988,1.440796260363329,1.108860171786379,1.432397054963362,1.5473089666747364,0.7295865633075576,0.1132991543640462,1.6957632163432452,0.6721370475322841,1.2255463765740422,1.2661452650195129,8.417392563245848,266.7732304997136,0.03155261323438854,low,0.9515495799808259,0.08069404050686742,17.69876082272103,0.0484504200191741,164.04871750092155,12.419254337143933,0.0757046719190241,2.5809154042076456,0.05131032227178833,0.9541394709174019,0.08589465777225119,19.077171445299843,0.04586052908259808,163.8722940141036,0.07570335783726266,0.05136556251858784,18.327280418166843,0.04091665593710637
362.0,0.13948335457046518,1.2724723128860393,117.58389864114324,0.8884083583467701,0.9577035738726878,1.0252025240463198,1.324023090918156,1.2305842954764528,0.013822187080684388,1.502033950528315,0.4874788549925004,1.8397111384731695,1.642272960342494,1.0439481097629597,24.47944443963355,274.971474402567,0.08902539615362014,low,0.8720150238815891,0.07563370303817818,16.687659175247067,0.12798497611841086,166.5472721877551,13.665461242829169,0.08205154646678074,2.5004076137652675,0.14698195964468833,0.8718471470373502,0.07431838024155946,16.620143495591723,0.12815285296264978,165.8386215576936,0.08204537028003867,0.14761003323413055,16.611551916126476,0.0005172051057376387
363.0,0.13268192143991642,1.1779338131661135,158.9172903209081,0.6349490532019288,1.3270636314846325,1.0305836676012294,1.4393448440506358,0.5751063589374915,0.15752931807078804,1.4847017275090029,0.9719684233067198,1.6963081974926009,0.6714918775469911,1.8616895678648007,33.84688165821256,266.30002968672534,0.12710055533238185,low,0.8293974348254931,0.07036262460109456,8.917798372955449,0.1706025651745069,165.14234132373895,13.417879807392833,0.08125039102533323,2.510219645164385,0.2049558059241778,0.8292236478099664,0.07146602318430854,8.903531979288413,0.17077635219003362,164.51161681850644,0.08124463957959348,0.2057415902461972,8.862130837572971,0.004671691546226365
364.0,0.12485661784372885,1.0584711110905727,132.25854734733878,0.6063432022943851,1.413391447624671,0.8649730386335162,1.1457641182240497,0.6096967212786507,0.7242893355062718,0.9757237239295921,1.7557538025726789,0.9029859429801133,1.154398392580401,1.780050382148531,28.584444194105377,291.72413895807597,0.09798450102962951,low,0.8531809531023021,0.08558815050557467,9.31168549343335,0.14681904689769787,165.71582056285385,16.005860531008985,0.09658619482826125,2.3373194586568946,0.17249073804189788,0.8539366513338579,0.09108969129188699,9.537384410740742,0.14606334866614212,165.29662341042592,0.09658062476923454,0.17292817968296403,9.329399489453118,0.022293495044643608
365.0,0.10237697529709457,1.2832053338767087,149.907757211747,0.5956803312534534,0.951278250992448,0.8932948853037005,0.6084681817184324,1.5102239062342107,0.44549417615508413,0.08785467084733657,1.4274466487917385,0.03209833448062597,0.44356211940449325,1.8586399264917068,58.42057155985267,401.8440202859887,0.14538121412949057,low,0.7409352464738784,0.08375652289143028,22.069730264036316,0.25906475352612157,166.26110192815761,15.799534779069221,0.09502844980479132,2.353578960584892,0.35137846966211334,0.7519560504016984,0.08925012637658994,24.193805604958435,0.24804394959830156,166.2108356982503,0.09502799211707068,0.3514847351222822,23.45089298251999,0.03167950248172657
366.0,0.1229727581514642,0.486925300911102,93.2275755930331,0.7298241517222822,1.4087788543933981,1.1466260825138774,1.8378405751549658,1.0972811204571393,0.20045185483901073,1.7912524374718763,1.6000609128068997,0.6972691778840714,0.37632613261491904,0.9775354994116534,9.555183487795604,244.77149394666148,0.03903715801921685,low,0.9452085118701264,0.07291363322328201,13.523529745181534,0.054791488129873556,164.34236110754085,11.960896725776722,0.07278036317094082,2.6203090968278744,0.058141938715015606,0.9461041458347705,0.07472368815419347,13.740566243585043,0.05389585416522946,163.79613737904518,0.07277611535733662,0.058335829163563786,13.631234960427015,0.008020644019080338
367.0,0.12475155890812512,1.0421858474855563,179.23014499093253,0.9026586601811941,1.4123587102958148,0.8767819655451013,1.7060063314567944,1.192866741861671,0.32413894136224897,1.4054863494974024,1.9598996633311196,1.519862086813119,1.6473777921186599,0.8071060003912774,38.2044887270582,250.77900169518537,0.15234325230106247,low,0.8126126687953485,0.07640937990477915,16.833780833645307,0.18738733120465145,166.5468271573012,15.632783811061111,0.09386419470060609,2.36590627857883,0.22939187361987134,0.8167778127129737,0.07726731136685643,17.508001438157844,0.18322218728702633,165.90900952768195,0.09385433456913572,0.23027374363707337,17.243201603520067,0.01535676730612027
368.0,0.14648096042771006,0.9853046920186186,141.94127284664995,0.9767770393199051,1.3734569403427654,0.9020697488933263,1.0213651119636773,1.6268069053159913,0.0647573150787877,0.3165432889306575,1.8732088497535033,1.836005395767603,0.24478860559722612,1.773408281485256,20.747559367505513,306.9114754533483,0.06760111962857908,low,0.8891157886178046,0.09285219745281865,19.884390146321007,0.1108842113821954,165.34321126324073,15.392272734176407,0.0930928619117635,2.374157768833309,0.12548177339118935,0.8953096976714581,0.09083895641951216,21.03460727341338,0.10469030232854193,164.9888192250114,0.09308889558700767,0.12575130523972072,20.950927021054415,0.003994107386029728
369.0,0.1706500368505446,0.7462977980905972,124.70522533466391,0.9344442096911598,1.3449622525907163,0.8598070455944947,0.5918852195196721,1.1225848727649774,0.31300272872195073,1.2612810495202027,1.532376263388992,1.6021804842980136,0.18614845532479563,0.6008435519909234,10.172651494194593,408.38661232368526,0.024909365751029564,low,0.9426935150768394,0.10785566662764352,14.417570743572833,0.057306484923160594,165.02390906876929,16.239461942862015,0.09840672199865691,2.318646164262675,0.06164350094237202,0.9435581271089961,0.11073575820718921,14.733917330069762,0.056441872891003886,164.48165773375044,0.09840116066923055,0.0618467228161164,14.55526988252437,0.012273729651683319
370.0,0.12444760391083255,1.2954909772307803,152.42898883961345,0.9861543863803781,0.8381948176276481,1.0750575890875684,0.8132327650190467,0.6245473144808659,0.616771250061631,0.35744019250648557,0.7102040601207894,0.2205565183471033,0.4503297039372891,1.504343828804359,40.58625784833405,342.7448624312613,0.1184153645963804,low,0.803978293931933,0.07033374562390979,10.302177642610655,0.19602170606806701,166.12595058370425,13.14410099632373,0.07912129893096347,2.5367731745759063,0.24431016169195222,0.8045468088362915,0.07534778454550914,10.507537205155973,0.19545319116370852,165.983711736854,0.07912044879172364,0.24451952196778431,10.319432266994,0.018228225477443634
371.0,0.10085939742531558,1.0325034270300506,145.11819508960764,0.5091988211519612,1.1364523175781416,1.0078379456594733,1.3199633799036161,1.8507393278071458,0.6210411956293335,1.7621127124287381,1.6250293061241328,0.511072668769044,1.2907247742378747,1.929613141277234,46.88465870928649,275.29038416899425,0.1703098306568714,low,0.77928995714912,0.07240807300591728,23.968728197083212,0.22071004285088003,165.9486433897993,13.825492753156714,0.08331187571495721,2.4851641743651216,0.28252510988690877,0.8024403297359374,0.07734164064390785,28.63990189697411,0.19755967026406263,165.3847474831606,0.08330669185137965,0.28348840762392713,26.437494677801947,0.08330620000167405
372.0,0.10007570523617933,1.1057236601360856,151.2432787044508,0.9788232060472069,1.2879451156205715,0.9897124575906676,1.816897635628513,0.7868550082578689,0.42898284062919,1.5389639119276766,1.6515553634482867,1.8752500359231108,1.5005586690519142,0.9589555864810103,53.15149628677235,245.67655465521798,0.21634745066074806,low,0.75568955972935,0.06327439954306126,12.721736981643826,0.24431044027064996,166.1126998595688,13.903007524251581,0.0836962347611299,2.480561287431297,0.31997250259436194,0.7567254335962234,0.06449788218580452,12.948605572211855,0.24327456640377665,165.39969251183842,0.08368806022689701,0.3213518446110052,12.75316643899816,0.015324753593433663
373.0,0.13000688338721755,1.048843153387769,140.01059288877406,0.6443727958943422,1.3927510567883374,0.8118505769165685,1.2324783957421894,1.3425540017665087,0.28559908407825,1.2988557706149144,1.690346742315289,1.2601335667159768,1.9023397112376301,1.7079817854308759,27.655968706755555,282.95387555844064,0.09774020112703337,low,0.8576799996219824,0.09160934947955186,17.877611854220724,0.14232000037801762,166.48045848809176,17.032467895555516,0.10230911213386547,2.2797565373239843,0.16612141123298127,0.8617892791891548,0.09284897485007078,18.598863699091112,0.13821072081084518,165.89702313235372,0.10229957299663585,0.16670563572856545,18.342004802590044,0.014003861587954535
374.0,0.15307992314328492,1.1084791108301464,107.82754837360355,0.6796814187606286,0.893169829224364,0.9373834219586609,1.8075982895017122,1.1952380885714036,0.28936914618438325,0.00328165645525549,1.5093867896040465,1.8588446144387039,1.2819378718392367,0.5163630437233785,16.235695612522413,246.11019386889384,0.06596921223495271,low,0.9116748636152712,0.07746252348372376,15.973172105558792,0.08832513638472883,168.0621188458042,14.835003815292472,0.08827095550844198,2.4273441551706774,0.09660532500734773,0.9132000192953095,0.07721322163155814,16.444773148093116,0.08679998070469053,167.72607835458655,0.08826659407370215,0.09679887452086512,16.260343149967298,0.011342318942770227
375.0,0.14402761090479874,1.2043070999544132,97.23397669013907,0.7553104074286817,1.46407884729646,0.95132288473133,0.9730675901954683,1.437701869627504,0.740106926948124,1.1646363998162428,1.4661133582629626,1.058251196335903,0.08849597891204204,1.843177093474843,17.968586243092094,313.84611545311884,0.057252855327362406,low,0.9021833583009369,0.09128906513761657,17.72193510600234,0.09781664169906312,164.52248634271317,14.55811960827466,0.08848711159123235,2.424898369311072,0.10921659794067375,0.9058487075075512,0.09843741724912593,18.833607376266276,0.0941512924924488,164.08622192406034,0.08848297742091976,0.10950697768766969,18.13745026335308,0.0383823030693453
376.0,0.13323517401769522,1.3985137665630085,87.31933723385491,0.7942709197188231,1.1511028371846983,0.9028541859378845,0.6225464527551273,0.5837259300495166,0.12362541584883689,1.083889196663473,0.5414676549642619,1.2047399378163242,0.4811007200418669,1.1530318510101367,21.89724697939695,396.51834826572536,0.055223792480651075,low,0.8839952605812261,0.09316046505792967,8.847685703463968,0.11600473941877387,165.52264550854713,15.542906641641826,0.09390199506471297,2.3655036462980688,0.13229154785510142,0.8838242779701856,0.09538714819341437,8.829940446936059,0.11617572202981441,165.06508928734212,0.09389787567646248,0.13265825665461367,8.799619324150978,0.0034457311922417837
377.0,0.13214552341502311,0.9655135276826795,105.14471970874799,0.777846515625066,0.767012091903035,0.9787968619187445,1.288579715489607,1.7111926931473342,0.7914983804853911,0.7998125957259713,0.8586986096530812,0.6232833008666863,0.8577601181436857,0.22406925908152694,18.505083409302973,277.9529907012941,0.06657630616822437,low,0.9008393559105736,0.08193343236318737,21.171452131727733,0.09916064408942638,167.46897285695044,14.391141265504704,0.08593317926298746,2.4541852700522657,0.11049857829551357,0.9039821827547649,0.08868028786720959,22.541168311021146,0.09601781724523506,167.13750990527066,0.08592996679290119,0.11071771632706019,21.64544228490725,0.041381738211857144
378.0,0.09955411182051942,0.6962913555463809,92.84828109167066,0.755098314020667,1.1113844344599246,0.9139273515352138,0.732077199246002,1.765869346530707,0.4784960656145226,0.6321485195155356,0.5680248520286507,0.4874395628705841,1.4980107312590674,0.6261087453703972,20.763310306782934,362.19442915459075,0.057326420937084045,low,0.8895446075986487,0.09646276282924972,21.450235364181502,0.11045539240135127,165.78390264359055,15.357149931713614,0.09263354093388117,2.3791039898044675,0.12524322310966948,0.8916492734735707,0.10183173928495866,22.24712619795792,0.1083507265264293,165.49557409738907,0.09263087858881112,0.12546142348534567,21.727396088852867,0.023920496822520586
379.0,0.13906293858567553,1.113762752629988,178.53907926365184,0.6212594404329395,0.877572401594731,1.16113828026905,1.6192060830749804,0.9547369012074468,0.6363094442231547,1.6360281729588253,0.6052010586625208,0.7864438899688707,1.486138889004845,0.6668722946872471,32.73054999202515,255.30731582684723,0.12820059576445292,low,0.8352122064756519,0.06258121546865063,14.068863652438784,0.16478779352434814,166.45797937827427,12.06322711782439,0.0724701042442118,2.624581157415565,0.19662950442072394,0.8356662385490186,0.06641767575447556,14.329004689405053,0.16433376145098144,165.87437689159057,0.07246613447800376,0.1973213139086373,14.013167069046032,0.022538632330779906
380.0,0.13167640288326912,0.8789327546031501,106.03002731818955,0.8735930031254713,1.4174931251412621,1.171074782180975,1.0907036948850322,1.4978365525360462,0.23658501657002753,0.9734670607432857,1.8547052999529836,0.4782470884033882,1.8181143468012282,0.3459283939284648,17.108768184721352,298.0174293272319,0.05740861607773758,low,0.9056723055365146,0.07801911445962414,17.805147113195037,0.09432769446348543,163.41123652114575,11.800580868403097,0.07221401122484056,2.628121190624932,0.10469762391466539,0.909863884982973,0.08005582666576821,18.675147361578688,0.09013611501702701,163.03654792958352,0.072211931326382,0.10493823870774505,18.43341836590916,0.013113628241443477
381.0,0.1288641226014414,1.1493806926213126,96.05006363810406,0.8129214928025503,0.9375676928141488,0.8873938042652332,0.8445767120406099,0.515512302828848,0.03737540380441578,1.8521263929627352,1.7521072648473222,0.35952198369517024,1.349178620704795,0.33632866181203824,21.161558024217577,336.2185420086401,0.0629398899233635,low,0.888026549410258,0.08866100884989964,8.0616083392508,0.11197345058974195,166.7506414081744,15.875816974474503,0.0952069319818295,2.3517025249005123,0.1269054070527863,0.8882527359284896,0.09325041815998768,8.046433612428482,0.11174726407151037,166.17909808306723,0.09520086862664613,0.12734187553262347,8.03830479857838,0.0010112597187828523
382.0,0.10648668151756832,0.8946003968788929,123.70633308209088,0.73338792813436,1.0666458904473604,0.8590831868004783,1.9557365066570154,0.6985732494093427,0.3813276102843622,1.242928294067107,1.4234385391036282,1.4676617676483243,1.1899590598919765,1.9802640770580417,31.06565830999064,240.11014706675388,0.12938086411381006,low,0.8433779098204213,0.07348039405957907,10.898131301847185,0.15662209017957873,168.43687099152774,16.009850302520036,0.09504955897290045,2.353356850006907,0.1844350237992323,0.8438011175085293,0.07482527004428881,11.02191458675441,0.15619888249147074,167.8498722002151,0.095039511991368,0.18508002361142592,10.895782391662063,0.01157624028806485
383.0,0.13096647121795454,0.6292495926167953,90.01412285698242,0.948676575996485,1.2597644588893835,1.0325067854864638,0.7425373022751482,1.674672846448905,0.25447788429047513,0.5293056161211791,0.18842622024677025,1.6718768389503085,1.2531467962990048,1.8379999460301226,10.511470414348732,359.4340230284934,0.029244505920118357,low,0.9404800772146109,0.09308374146825606,19.403309495002173,0.05951992278538909,164.54861284843938,13.518874490069317,0.08215732880423085,2.4991192260102424,0.06388063826481796,0.9405477269400063,0.09301507341756404,19.568489543100892,0.05945227305999368,164.1325555475197,0.08215458361698083,0.06404256839408955,19.354249181743526,0.011069422499708962
