sample_id,neck_radius_um,neck_length_um,intracellular_resistivity_ohm_cm,head_diameter_um,dendritic_area_scale,membrane_capacitance_scale,membrane_leak_scale,synaptic_conductance_scale,nmda_fraction,hcn_density_scale,na_density_scale,kdr_density_scale,a_type_density_scale,calcium_density_scale,R_neck_Mohm,R_in_d_Mohm,SMI,SMI_class,Gamma_h_to_d,Gamma_h_to_s,A_h_mV,local_voltage_isolation,Zin_50Hz_Mohm,Ztransfer_50Hz_Mohm,transfer_gain_50Hz,electrotonic_distance_50Hz,dynamic_SMI_abs_50Hz,active_Gamma_h_to_d,active_Gamma_h_to_s,active_A_h_mV,active_local_voltage_isolation,active_Zin_50Hz_Mohm,active_transfer_gain_50Hz,active_dynamic_SMI_abs_50Hz,AMPA_only_A_h_mV,NMDA_delta_A_h_fraction
0.0,0.13551512486793305,1.1106589419302426,135.6792850043882,0.8080371013205314,1.4445506885676882,0.8555745935295304,1.4119604953445974,1.8315914921633971,0.5254886887032859,0.6882495796065246,1.2884031747093896,0.7191403118136052,1.7343387076287868,0.10752744100092416,26.119740136854652,268.216500147839,0.09738304736083589,low,0.8643048070764053,0.08869818641406779,22.08741666199944,0.13569519292359467,166.15420272401087,16.093090452403985,0.09685635505191093,2.334526273812469,0.15720180235368852,0.8725620729730844,0.09251642497018436,23.992296450613654,0.1274379270269156,165.80772435762293,0.09685112426954604,0.15753029744572217,23.13380157542018,0.03710997833169071
1.0,0.09250484585525269,1.0371832625516912,136.01446192538964,0.9200074189467267,1.4484685487661002,0.948891350522977,1.088177275534199,1.9760132138682969,0.3041017917387171,0.5304429911778664,0.8920919977317019,0.9807905131848688,0.5128987893153716,0.4498834235355757,52.476123714514394,298.3192117980146,0.17590594785442393,low,0.7579776662429227,0.07860555201950686,25.066073089712088,0.24202233375707727,164.77449646312317,14.583793398707984,0.08850758892758544,2.4246669800504397,0.31847236581456434,0.767128951606083,0.07964166338220051,26.788957643417135,0.23287104839391704,164.48487847256138,0.08850468285629039,0.3190331184350677,26.20323553626009,0.02235304515530227
2.0,0.12559983169996103,1.1987307124056423,99.62445963181116,0.8894277261869219,0.9998214310548801,1.0628778615618317,1.005831700638569,1.2072048416912433,0.051151065073019045,0.9124576110587843,1.7253825722595215,1.510446854228113,1.2176002111595126,0.12323482122346842,24.096813899135828,309.0990346393692,0.07795823085390727,low,0.8735711055724624,0.07787774789040672,16.303902293604374,0.12642889442753757,165.78430309468357,13.210228522622039,0.0796832286050468,2.529696146885041,0.14535039475585054,0.8758306426734752,0.07692854475471209,16.658564916884472,0.12416935732652479,165.28786229330947,0.07967981571430362,0.14578695352944385,16.622365424666885,0.002177758176575094
3.0,0.10060187002794131,0.8483537552181141,123.35940666515839,0.5924305545079277,0.7085590620252681,1.0465451077485228,1.8151960779953875,1.0403295285623095,0.4398506404817133,0.4443320063394103,0.6695576355020942,1.6169852833454577,1.277257903095845,1.3468087995218652,32.91450123425876,245.79296014675495,0.13391148881809548,low,0.83577055573374,0.06491564777602028,15.429451330288376,0.16422944426625996,167.94266020533692,13.391374143252728,0.07973777554124496,2.5290118338157703,0.19598654203771385,0.8362064378322673,0.06588253951001677,15.701726453807781,0.16379356216773266,167.53268909868547,0.07973385052766643,0.1964661428843323,15.466874460820208,0.015184192099217418
4.0,0.12782237059206006,0.9452110896147823,128.1443666769596,0.7510967152629506,0.8445791339008322,1.0123796805286835,1.2755614459298619,1.1032405595998505,0.10122626135880555,1.0208350059381708,0.6042899578147798,0.5413870081755877,1.5930940697592673,0.8390996570838493,23.59743069400066,279.0788147829095,0.08455471875339834,low,0.8763858062304558,0.07601562904730404,15.433643473104878,0.12361419376954419,166.98160036852272,13.890918453414459,0.08318831789105909,2.486648350976608,0.1413175502086573,0.8767844115530643,0.07670514950626516,15.50266873088113,0.1232155884469357,166.57871081055342,0.08318477203971963,0.1416593427766261,15.447912383287354,0.0035445791143283957
5.0,0.09868015360325533,0.9573625228435801,117.8511770680956,0.8420937620238702,0.8585273975032423,0.944217301603207,1.8757440744407743,0.8293135566171363,0.5128177620554595,1.2777753512865015,0.4428372245229806,1.1044833066324475,0.04680308498405301,0.21069517097807092,36.880843109681344,243.2411819270554,0.15162252879013466,low,0.8193794634106185,0.06760604927563355,12.994831183788705,0.1806205365893815,168.22435083445183,14.724541122249859,0.08752918973508274,2.435782944277292,0.21923605546247868,0.8192934889508966,0.06997133292381622,13.147261640225214,0.1807065110491034,167.7344031783292,0.08752284139189381,0.2198764380523115,12.933379090672721,0.016537252024626716
6.0,0.12341848242044196,0.48575229905788964,125.33237436001698,0.654005980610361,0.8189788214840322,0.8670327809769226,0.5081916557036561,1.328737666829019,0.37519305182796947,0.24967375925298985,1.9338431269231373,0.5134267376024704,1.1254456735485816,1.808115050681936,12.722365125789164,448.1766082927673,0.02838694588334783,low,0.9298555890065789,0.10565000862080857,17.258051756594643,0.07014441099342106,166.6576711500887,16.348174111873483,0.09809433912676381,2.3218256192056534,0.07633831096998617,0.932776781261476,0.10988544739126808,18.231626123774866,0.067223218738524,166.46699382788174,0.09809256885069208,0.07642575163544693,17.919077285170864,0.01744223955452523
7.0,0.11156466086536986,0.4030951027062601,117.16270867252553,0.9485812369828581,1.2115338932110742,1.156281842121512,1.8294190204872525,0.6617488266271713,0.269599223633924,1.5167981779048212,1.2700709788912279,1.8422296771013524,0.8047347987443388,0.1501681583065674,12.077964630558714,245.1439369819182,0.049268869461983,low,0.9319082865861297,0.06903377547950834,9.073666828547191,0.06809171341387033,165.2198632205882,11.947651465339,0.07231365062557557,2.6267423623059063,0.07310237640393874,0.9319454046047945,0.07021109396924587,9.105253965562317,0.06805459539520553,164.5532915876088,0.07230865385714798,0.07339849913684869,9.03007949002941,0.00832489632188863
8.0,0.10833376710875908,0.6941245052817998,95.84156559797376,0.8559670399919799,0.8292268995444598,0.9339854269621412,1.092926725106493,1.3925434972316446,0.21720530579846195,1.1159313234032113,1.7537515183247427,0.6934240193471947,0.39929923570089176,1.7278703168579093,18.04320623917953,297.7942417135553,0.06058950681972914,low,0.9030032111196851,0.0866169560659364,18.16895914920421,0.09699678888031493,167.23827373182328,15.087832655358527,0.09021758188889689,2.405530949745284,0.10788921600633657,0.9067210713258467,0.08860380300626519,19.00637727923944,0.09327892867415333,166.83499733449116,0.09021345080199417,0.10815000765699243,18.807731107008827,0.010561942378928792
9.0,0.11630366574878413,0.9135780557448677,124.22663079441037,0.7935136004944355,0.9233417375392313,0.8916140684117491,1.3911301075000402,1.0308167561011283,0.5837938316235732,1.5431048376919927,1.4188140604068538,0.3756840807110669,1.9265748556442128,1.4637347862920131,26.70691268017227,269.7691733071318,0.09899912711585653,low,0.8626514342840385,0.0804632418225714,14.862051858998178,0.13734856571596155,167.69332173738093,15.687047267290353,0.09354604646604431,2.369301488341125,0.15926044283383628,0.8644021447699752,0.08520649834262015,15.325233411150448,0.13559785523002477,167.1652476915561,0.09353911282280705,0.15976354564706147,14.996000417191569,0.021954720245369083
10.0,0.11219889344199915,1.1980875398177782,105.1617634712065,0.5961236718365964,0.728522011030118,1.1442519906935396,0.6071046021053942,1.8991349293912358,0.5591553831227557,0.6088601665081812,0.5272862471756544,1.7082148134947432,0.9961334161779583,1.0402924572069319,31.858064821709945,402.39051554390414,0.07917200726922692,low,0.8398977669617848,0.07775192306890573,23.701060215221524,0.16010223303821525,166.06877172814234,12.401505667271879,0.0746769277463759,2.594584100062504,0.1918365776430393,0.84226476793234,0.0809544626973847,24.71410501353493,0.15773523206766005,165.62647778278028,0.07467497851229302,0.19234886383016558,24.01271359933887,0.029209169188415707
11.0,0.13320225110711223,0.645374518287144,162.8905028258312,0.603194005346721,0.9049025773037916,1.0718096783667694,1.38287284933108,0.8502229245710258,0.1894586419119599,1.9256573958832217,1.2375309189574901,1.2162046993683215,1.5131238940267056,1.5251094710606548,18.859691144872013,270.38368575213025,0.06975158686963577,low,0.8984348091358172,0.07284117535970414,12.11881562632882,0.10156519086418281,166.55880463675882,13.08635030896662,0.07856894949207936,2.543778702227696,0.11323142709868944,0.8987354774086802,0.07450967666565358,12.16493719349198,0.1012645225913198,165.83803069710007,0.07856329308439404,0.11372355946097114,12.08994692095404,0.006202696589839346
12.0,0.1484467966732645,0.6116750568361944,87.08187468407569,0.7030430647610448,0.7884585781781652,1.1392495029307337,0.8692979959431624,1.3831638021144845,0.4498602756383603,0.928331015117209,0.16273767046979845,1.319021851347481,0.11662673487399348,0.24954361948418347,7.694085487704351,331.42027738608834,0.023215494080167938,low,0.9561350823247506,0.08154096012843183,17.13767862763263,0.04386491767524936,166.13650104133222,12.415235673198872,0.07472912692503468,2.593885344166734,0.04631183056991298,0.9559291388064993,0.08471627539817983,17.34996684979435,0.04407086119350068,165.71025595831483,0.07472690713831118,0.04643095530333277,17.059910005616803,0.01700224937189277
13.0,0.09286325036823756,0.4301734520720664,86.52319143137373,0.9314579676745456,0.9265905478663492,1.1752165747933947,0.5461932664000405,0.6377960498198593,0.6818050202680745,0.49252362803471916,0.9815965050727584,1.3764645661130679,0.741490644371951,1.4466592633399216,13.738474146654736,428.61120219563196,0.03205346494976595,low,0.9236698811879112,0.07955100553535896,9.135658836385584,0.07633011881208884,165.12670398872535,12.002777768622911,0.07268829013532811,2.6215749784568754,0.08319959046474265,0.9238201973002879,0.08484668060365103,9.312109261800087,0.07617980269971214,164.77516356075523,0.07268690138145184,0.08337709306287014,9.13096504352698,0.019838452716618656
14.0,0.09806824128488026,1.3698749394421839,88.912718233302,0.5138393194895117,0.995872782339074,1.1589390208719057,1.1422434529757386,0.9045015175400702,0.15993954542918012,0.35789942265565394,0.6579872531698733,1.8051531033821322,1.0365379588327435,1.8371221269700948,40.312354259860534,292.1389060513169,0.13799036494228295,low,0.8037740499815479,0.06516436052549218,13.719457758772203,0.1962259500184521,165.49434638283407,12.099292915938987,0.07311000756454836,2.6157900192088785,0.2435875009688061,0.8037778077177016,0.06440998981210563,13.802176006847723,0.19622219228229842,165.10145965375239,0.07310776373360978,0.2441671584515535,13.726732267923238,0.005496117899872181
15.0,0.10285196004696551,1.1685229057463338,107.41749799969585,0.8846601422896267,1.3835282194324714,1.0239997552078837,1.866045502435621,1.4601095594474671,0.07664386269862279,1.662162271096532,0.3475947510548258,0.38551000821237746,1.058202555481975,1.0763415142816168,37.769152935853384,243.59823145610036,0.15504690945451255,low,0.8132477869185977,0.06871842963415263,19.28132626724399,0.18675221308140233,165.4674023632231,13.390646349463308,0.08092618943802021,2.514217781248555,0.22825736306021796,0.8138136868517329,0.06932051003813398,19.326381945549663,0.18618631314826706,164.96451709189398,0.0809208382273754,0.22895319309675527,19.259590664176457,0.003467949165578068
16.0,0.1281684605935657,1.1846747656699312,90.33006150757011,0.6094047006226766,0.8185129619269494,1.0733165737532782,0.5333733848845014,0.8795653924175046,0.3896901018826591,0.38933753263547016,1.160112931634341,0.19555067166790244,1.2742901391655899,1.8791328946594514,20.7357254901089,434.9066486531791,0.047678566318366,low,0.8896385075537485,0.08291845877975752,12.67202762177811,0.11036149244625149,165.86990329499085,13.195101977967004,0.07955091138203785,2.5313580675444487,0.1250119827539268,0.8904942441767235,0.08733023099914426,12.927948870828356,0.10950575582327648,165.6879543560302,0.07954998851299558,0.12514926369090165,12.765924838333456,0.0126919149647799
17.0,0.127955443910717,0.44060907904874586,130.9822747688471,0.7423865784279463,1.1849372616457359,0.8683634052480176,1.3478703519765998,0.5757744795602414,0.1717341470820159,0.8731104926284871,1.7931886192517104,0.5972104449080063,1.1704423673330442,0.6494313408697608,11.22014739250332,273.0461084478338,0.041092500663297164,low,0.9372383012359584,0.08857200403886971,8.31694169803758,0.06276169876404158,166.89203655717643,15.997035709609063,0.09585260051715264,2.344943678745822,0.06722997468282048,0.937460561619154,0.09020714214055228,8.375042753718969,0.06253943838084597,166.53492650268387,0.09584758919024906,0.06737413963624318,8.334868773705033,0.004819989504895084
18.0,0.12528415003177376,0.9748949357111112,164.85593342035946,0.9354188560352499,1.0221838309778668,1.1985501634096574,1.578012891416097,1.7893268338988795,0.5217181711581435,0.2423996281802895,0.06180321658421121,0.18523746830344479,0.10852699436698128,1.558777969916773,32.59269424402969,257.60004801791246,0.12652441059235875,low,0.8352199065164728,0.06523684360129692,22.202672066659837,0.16478009348352718,165.60741955950667,11.63911686352651,0.07028137322883835,2.6552484764568876,0.19680696873800607,0.8358807839608369,0.06925692628991804,22.76636349865406,0.16411921603916313,165.51559929022653,0.07028080759513786,0.1969161479872323,22.212510758170275,0.024934269993772035
19.0,0.11831801042667969,0.4597705922670222,163.09315734177102,0.794308003294794,0.885924580740145,0.9699935783254163,1.7736141195139405,1.2817908946369236,0.7161059752499512,1.7153577176670376,0.6197631026440705,1.243657803177893,0.6243313696438341,0.6828459931822146,17.05003759328341,247.6252133298846,0.0688542065810135,low,0.9076122513261169,0.07609271617707787,16.881910085593983,0.09238774867388311,167.779715950697,14.361516788387751,0.08559745561023575,2.4580997204557016,0.10162156668743949,0.908249549599542,0.08021659189817953,17.343446422364476,0.09175045040045804,167.13722388483185,0.08558991152955076,0.10201221006896687,16.86734222361079,0.028226391119712833
20.0,0.14308891637782659,1.1378642198053064,160.1845522645408,0.5664535449392136,1.1482787685190725,1.1756443677875952,0.7027373836735193,0.6042418663068926,0.4701601433802098,1.0909601698968643,0.2532283185565935,0.6206521842086693,0.6474238027234447,0.3407029312805215,28.336695978371576,370.3373825745916,0.07651589418646965,low,0.8532116376519169,0.07313707574022725,9.097475925790855,0.14678836234808312,164.3076774483155,11.900733221829359,0.07242956267562631,2.625140738683144,0.17246118025912177,0.8531274248291372,0.07875742484607207,9.174928386768595,0.14687257517086283,163.9307848426089,0.07242790090193245,0.17285768506249657,9.046536595854402,0.01419236959402002
21.0,0.1198666774263366,1.0600141859274725,163.79211957183628,0.6836832604611751,1.4672862033569714,1.0105597566534998,0.7237937308695553,1.809727104052461,0.3013092675615726,1.577664596640979,1.575974735745598,0.7285492009104768,1.039981605211753,1.802508709838426,38.46430352110213,364.398592971049,0.10555557640190469,low,0.8102739827191003,0.08483641114161938,22.435881888926847,0.18972601728089966,163.7587378631922,13.723820375068996,0.083805118152133,2.4792611975580408,0.23488397640946704,0.8232802854347865,0.08818781790765545,24.571140559799908,0.17671971456521351,163.23632164386717,0.08380144879660693,0.23563569145486957,23.951610929386053,0.025865885690960277
22.0,0.1091833845342457,1.1956283950134883,145.6336257685953,0.981791985685458,1.3094333455051068,1.1913755687706626,1.5086989424570212,0.8681489965664423,0.4428042578965699,1.5122258247423395,0.7757596529806025,0.07830583234149706,0.47684113583312343,1.8142152589278158,46.49378516376402,261.7386269850429,0.17763440459409496,low,0.7779097356771163,0.0607050680615665,13.102737157487832,0.2220902643228837,164.22097827726466,11.598597073250573,0.07062798672206134,2.6503288005398282,0.2831172098199635,0.7790340721214155,0.06458934441611108,13.318974684622239,0.2209659278785845,163.8256614012354,0.07062552390317003,0.2838003812473142,13.101168914444482,0.016624911227395768
23.0,0.12315911003178409,0.4822993377080337,137.18477153385078,0.8171581009328384,1.2952709691957942,1.0394272062431733,0.982790547752888,1.2122150558561917,0.3733993778173028,0.3169396726414659,0.02356544493783298,1.506468000908819,0.7359174345996434,0.07487682754239414,13.8847995147229,312.4064847419192,0.04444465845897281,low,0.9227556108558833,0.0855766106792105,15.30647567234554,0.07724438914411669,164.65740213462726,13.386006941490031,0.0812961140401411,2.509657061354965,0.08432538916999553,0.9225031801622318,0.08667049145828423,15.448262444742518,0.07749681983776824,164.33793554599237,0.08129376839195662,0.08448931446407901,15.234652121804631,0.014021345629031916
24.0,0.11257471051368234,1.2710735708947225,121.37626711578176,0.891567767720959,1.3058978623864448,0.8439642606345994,1.0017064444661532,1.2793174047309028,0.7797916028532441,1.8467690831723456,0.42355099279974145,0.10389836030154559,1.2293957789830776,0.34670465248669496,38.7501078018635,309.66111731624443,0.1251371439130008,low,0.8110749339815305,0.08785211521863454,17.99542601418748,0.18892506601846948,166.0469650535355,16.48929990726335,0.09930503639104156,2.3095589902741556,0.23336835930346575,0.8125793636752069,0.09709011735142307,18.56616174859224,0.1874206363247931,165.5300815113193,0.09929814036306911,0.23409707436900937,17.96178105117472,0.03364814968491062
25.0,0.1105760840748147,1.3275206130139652,137.82057049950396,0.6012310313063369,1.3034815338939911,0.9117147627860439,1.3881411392738647,1.8696197214717547,0.09133981124427838,1.0763484220019266,1.0777169618823679,1.585500894018975,1.939721967713389,1.027940225551957,47.63026877818199,269.962807678953,0.1764327063705204,low,0.7765672917101605,0.07721848032868048,24.127287581669663,0.22343270828983952,166.12138073422523,15.181472725463104,0.09138783134575365,2.3926429456463523,0.28671967791060476,0.7841737583666402,0.07539088113714858,25.35512574841374,0.21582624163335984,165.5467941552825,0.091380628882117,0.2877148362867415,25.197016719976908,0.006274910644936772
26.0,0.11743426889657543,0.4735865373469389,116.368419466083,0.9994009738852383,1.3885402239098814,0.901209579221049,0.5160517296847099,0.6880175199671166,0.04242622439101507,1.2353730424299185,1.3099036162843596,0.2938641897543201,0.6950839386190947,0.01184227738746512,12.72022854776126,443.8426313477167,0.028659321230898024,low,0.9291391636669105,0.1027198763874687,9.575497269668261,0.07086083633308948,164.45894595307294,15.474697085261264,0.09409458996336294,2.363454726462653,0.07734592043044516,0.9293789570586402,0.10680230287073686,9.59236012765629,0.07062104294135985,164.090427412182,0.09409144093439471,0.07751962590608084,9.579732188680572,0.0013181933197088612
27.0,0.10193482306566133,0.8643257545575493,154.38183647613704,0.5718818847833842,1.1237599513875645,0.8068528076237633,0.5233396807387959,1.0365151069700065,0.26752248720973576,1.2120149388491361,1.3434929118374772,1.991594685121785,0.3503845436433606,1.8704915783408493,40.876964446408124,440.01288454182026,0.0928994715438226,low,0.8036483150517205,0.09740509975707184,15.687996767535434,0.19635168494827948,166.02536973686816,17.428683942852956,0.10497602848573982,2.254023255024868,0.24620914569377916,0.8053192198169074,0.09861821725264334,15.981501314044937,0.19468078018309265,165.42498960795194,0.10496900474165402,0.247102717329977,15.820380102447878,0.010184408374115442
28.0,0.10661424331566255,1.3464098778668152,97.34543624411879,0.9422498735658462,1.1875281955706187,1.091350609598461,1.3749988141034626,1.4413884778311634,0.6386495939814102,1.6604096668886532,1.3176073643080903,1.1899006157657641,1.0865517814217405,1.5782474695437694,36.70392885283069,270.954831613968,0.1354614296198384,low,0.8179756488599187,0.06989262768224151,19.19809788656686,0.1820243511400813,165.268111760331,12.73965317435922,0.077084762684492,2.5628496484956798,0.2220871798067016,0.8229346370614914,0.07393210574480712,20.29965255987676,0.1770653629385086,164.64650247179327,0.07708007867727341,0.2229256516342866,19.622653148044172,0.03450091110131374
29.0,0.10498603162525154,0.6786225430897941,98.71472086794637,0.7604815661696367,0.731313172124792,0.9088800517635364,1.7245471267806496,0.8246134185206181,0.35842982244301314,0.33990319135203073,1.3228914132385088,0.4445207532680942,0.7030942016516578,0.6023994077567437,19.346272079427212,249.92845131711022,0.07740724186251442,low,0.8970302409455282,0.07640258745697821,12.166400469665668,0.10296975905447181,168.72744039155603,15.377351477600458,0.09113722961668314,2.3953888906164837,0.11465990377458128,0.8977491082628825,0.07826441850860959,12.401523339858132,0.10225089173711754,168.5395738066936,0.09113465718278815,0.11478771212283005,12.267226456334033,0.010947615909931836
30.0,0.15151711846024146,0.8296120627390366,179.48376580869459,0.963759216484444,1.2698986079469492,1.1302632557342491,1.799527767370263,0.912465545654861,0.17405833784252459,0.5130374824028142,0.805032161103778,1.634937871794053,1.9431332713693157,1.9455150176306786,20.645573614823203,246.4369530791458,0.08377628986588168,low,0.8886570239507434,0.06835750193996157,12.40088099292573,0.11134297604925658,165.09129806501184,12.201257776061974,0.07390612296995329,2.604959599657094,0.12505549266862703,0.8888919855460974,0.06800315311268404,12.471686813818224,0.11110801445390261,164.65133776642105,0.07390263709109882,0.12538965000157842,12.397372647847758,0.005994348002708979
31.0,0.12090503408878879,1.258822718270471,129.52760298977262,0.6106485856921152,0.8987780110579768,0.9853429801167977,0.8799362662299822,1.018554831055627,0.38843902506263106,1.8661568018864572,1.9279865047232982,0.44173654495097775,1.405844179512102,1.953764055764269,35.504897270518946,329.42522831631845,0.1077783187765652,low,0.8245978462311473,0.0782703303536355,15.16321291276216,0.1754021537688527,166.3913865051358,14.309597782206318,0.08599963064653375,2.453412277545599,0.2133818223182067,0.8276981046411805,0.08334845727902959,15.649643143215284,0.17230189535881946,165.80160623594261,0.08599491328155061,0.21414085229062252,15.410978332937002,0.015486674831551554
32.0,0.1409402598909732,1.1207182568809593,153.90371541240873,0.8147117225597373,0.7297039893590679,1.0383188825322605,0.8309263950200697,1.2707397992016174,0.0016076580886129944,0.9525767132665924,1.036812329597118,0.4523544500631791,1.4264478556842477,0.8095293750541463,27.63920470635739,339.0130597376727,0.08152843647895018,low,0.8584236381953659,0.07906326319412006,17.616535511030513,0.14157636180463407,166.68930452646646,13.64976750437884,0.0818874824821863,2.5024091388495346,0.16581270636934545,0.8600844929747667,0.07925486456338958,17.851979506960998,0.13991550702523325,166.32280808464117,0.08188504408594083,0.16617807878936175,17.850841145852197,6.377072651644941e-05
33.0,0.11905157939392477,0.6246128801943983,95.90180575759648,0.5209672099418544,1.129711374195408,0.9307582791979033,1.4420799316165154,0.595205161991049,0.6616128851565222,1.0801103428964243,1.236297056508355,0.7944272385588635,1.6428094158362194,0.5863489484968575,13.452949902609522,266.1260547848246,0.050551043991114895,low,0.9254849814863866,0.08207845442393309,8.6375023731812,0.07451501851361342,166.71148974479735,14.937538073159326,0.08960113124791683,2.412387333546168,0.08069599715774453,0.9257524940239058,0.08650345250238306,8.784248152548392,0.0742475059760942,166.2568977059512,0.08959569264334598,0.08091664218589574,8.621347364058778,0.0188950498814982
34.0,0.10355114981850097,0.5741366930412957,97.50381456293735,0.9902633796857643,0.9833631495411191,1.0286276179469678,0.8882893968657274,1.253071534308084,0.6251417285650988,0.23785460414768478,1.9455879916989893,1.6650195148435731,1.4559483651705933,1.2559364162412907,16.617939983732295,327.892260565759,0.05068109858725853,low,0.9095081753375829,0.08456289175106517,16.346202845101946,0.09049182466241712,165.87141652781702,13.672049583740113,0.08242559127990132,2.4958593164995557,0.10018567593859927,0.9122184547363158,0.087617551013125,17.25478236438109,0.0877815452636842,165.50589572243325,0.08242299056698238,0.10040693663023294,16.78838598079771,0.027780894727869408
35.0,0.10437971967004134,0.7731203849477574,123.01232227481533,0.7367995646716466,0.9158971669643637,0.8115290345058814,1.853669424752892,1.3113993175934162,0.5184891597887064,1.8714277900665932,0.3741953414413776,1.7512969937966512,0.1946693665370576,0.5555538166779116,27.785205736341354,244.1440224000822,0.1138066189915121,low,0.8583163185635547,0.08056161516740677,18.099724918263774,0.14168368143644527,169.3214451152614,17.019129761893577,0.10051372849025844,2.2974609589190766,0.1640973812704425,0.8584416281722976,0.0824716424101089,18.355363029677036,0.14155837182770237,168.57304720773527,0.1004992832177722,0.16482590898473345,17.99317059716421,0.0201294391423105
36.0,0.09362420093416271,0.9374125831777878,93.31043117157488,0.7336803797694378,0.7780582463881234,0.9649269185035708,1.1969812374019029,1.0531378696772424,0.13897583088801843,0.013170042277848015,1.284061214894428,0.43905441494558034,0.20455958881418126,1.0147176231109656,31.76397563637073,286.43576151033386,0.1108938893275195,low,0.8407468407057351,0.07608767867959931,15.50537766701491,0.15925315929426487,167.3827207854776,14.60895470527744,0.08727875037950117,2.4386482549349173,0.18976854652207698,0.8425350719151288,0.07666440976881153,15.845708120554649,0.15746492808487123,167.30143339013907,0.08727796042896173,0.18986075010067982,15.765849518900781,0.005065290110636276
37.0,0.11333604190371802,0.8957111973916254,144.23332073753141,0.9128791092047781,1.0146593505913724,0.900498524860403,0.6210287639853854,1.0119459725918194,0.4858114639353981,1.018220422985086,1.9525942357640205,0.4954545240551415,0.36913480423268935,1.2824720380111174,32.01456832772597,397.0907186613515,0.08062280688818808,low,0.8392969833836504,0.09041074068116091,14.847041487723159,0.16070301661634956,166.02345310653558,15.644030763605468,0.09422783631398661,2.3620396387803964,0.19283160137129862,0.8424041346235281,0.09682320022776245,15.43148485055955,0.15759586537647186,165.68071767591968,0.09422474963887624,0.19323050247976453,15.139416210834165,0.019291935412699218
38.0,0.10992630193459307,1.0000025286334429,148.98592607919062,0.9394475343459183,1.3119463792736044,1.1851492906927859,0.7332078348619893,1.0224611398049817,0.24907913136113816,1.401210321650302,0.7595906517928915,0.26634888673188,0.182223153959947,0.1067318277017325,39.245804339850636,361.8774162765623,0.10845054865169397,low,0.8062147944193369,0.07143928896484256,14.556466224231873,0.19378520558066314,163.51762284031668,11.732524409991353,0.07175082542295005,2.634555920255965,0.24000963112199944,0.8073803275058445,0.07552651711010906,14.725289435104573,0.19261967249415546,163.1388020991425,0.07174914747348042,0.2405669517911516,14.580425959440952,0.009935476238252217
39.0,0.10735829047956583,1.134165858158004,156.5322906031342,0.8874455663558225,1.1816509120025012,1.110711544769964,1.993822745793498,1.443286955165576,0.07465780317087009,1.859704100110064,0.6382558144689855,0.1658659825348665,1.4599299620357649,0.9941525515224962,49.0297255904109,238.7059387700337,0.2053980133173206,low,0.7701050489632154,0.06018503726691368,20.034949532810042,0.2298949510367846,165.8311174856896,12.416245611621832,0.07487283327686249,2.5919641608368513,0.2956605873119194,0.7721573342990763,0.06099297511351391,20.25204340109246,0.2278426657009237,165.29007199754227,0.07486809922615284,0.29662837578738505,20.178828994334825,0.003628278270170708
40.0,0.11199311752049669,1.0072098987137066,143.9629111397915,0.919846175643249,1.2979315162449885,0.8446841698382294,0.5562721436901971,1.3311981160623076,0.6449661046440145,1.1478231358204283,0.16441218835049717,0.2033565909893851,1.6912648373883272,1.6659871867602918,36.79917348430003,423.83965077793243,0.08682333853559321,low,0.8190104723116168,0.09770631148965421,18.41758551056527,0.18098952768838317,165.2318730065392,16.55966642434562,0.10022077534453813,2.300379773055239,0.22271231823925197,0.8195715146629496,0.1076517606203872,18.840591823455327,0.18042848533705036,164.85530407068103,0.10021681283649067,0.2232210464306476,18.34248958568529,0.027155650569853015
41.0,0.10574271285051252,0.6021338354766046,87.68823136972509,0.8964831071845876,1.0943584891065066,1.0005526185381703,1.8828395414045718,0.8356064631078006,0.7893078838067848,0.1454006858337776,1.4282470413561572,0.48495279883736714,1.4008100924605744,1.999505095965379,15.030851140522437,242.93666206085848,0.061871481286579266,low,0.9172296090889887,0.07374210165695774,11.602211498623921,0.08277039091101135,166.89622754704658,13.821518087881525,0.08281504196363794,2.4911455678627226,0.09006105986598992,0.9181481591676102,0.07779887019847054,12.007179656671807,0.08185184083238983,166.72481078653377,0.08281312348156845,0.09015365541345373,11.699148525528551,0.026329363241359444
42.0,0.09739957639721444,1.0672994870504384,139.13992114934052,0.8457074943232901,1.1905646582161447,1.1210457951607373,1.5008945758708465,0.7480125964743116,0.708753452414647,1.647674337957948,1.974743877423679,0.24575505386080487,0.12320126196237403,1.6392162409279962,49.82806757488663,262.23961852469614,0.19000968600857743,low,0.7668402880296271,0.06118611944441998,11.976119302274178,0.23315971197037288,165.20818762421067,12.382576586399408,0.07495134935179683,2.590916051236058,0.3016077368285621,0.7694023830986522,0.066714993502788,12.382274545152615,0.23059761690134783,164.76173749596737,0.07494808413938987,0.30242499461445776,12.071360756160978,0.025756316563810215
43.0,0.11678021126315444,1.278587972772081,149.0182521894631,0.9834125311794406,0.8128348333430907,0.9592166680512539,1.8999708252451912,0.6362806234654427,0.2796706072745382,1.072728740973747,0.8256235788136429,1.7142171096809158,1.8187536969432287,1.1925171201925382,44.47149140928059,242.27331181648157,0.1835591839474547,low,0.7898390743381333,0.06343216179553685,10.75808402027676,0.21016092566186673,168.2956763768104,14.512282598370799,0.08623087004254414,2.450727044279357,0.2642461907916748,0.7896739343951429,0.06383399458704694,10.793004830696958,0.21032606560485712,167.68871408429516,0.08622329102898613,0.2652026503520404,10.70790056959691,0.007947800836112108
44.0,0.13493304154807118,0.8473033490533937,163.33938456088111,0.9955708795352556,0.7038746681052723,1.0890597247434755,1.2530988899153421,1.2440997776641844,0.4449170311200642,0.8815476369835246,0.5403963390881609,1.4139810783284112,1.225470101684467,0.1306091605305453,24.195987153663303,281.096550539385,0.08607714006890012,low,0.8737489946199357,0.07204553354116548,17.08282707183441,0.12625100538006429,167.0775436966624,12.974811912579282,0.07765742556124539,2.5554481053537,0.14481890634921185,0.8742018929677238,0.07389817631289577,17.382774211180013,0.12579810703227623,166.59598258952818,0.07765402638316861,0.1452375188018742,17.095690837146044,0.016792733137767413
45.0,0.12142640000395803,0.8652257085151847,115.96236177679455,0.5064104246233492,1.103672921286395,0.902298367439015,0.6613218040455239,1.3135082256860333,0.665513487756185,1.3612067636727636,0.9583496929987344,1.7844138673152943,1.387332309237297,0.26686654690335715,21.6605936715269,383.0699344566516,0.056544749987363016,low,0.8853061190577657,0.09609719322762122,17.354884154352685,0.11469388094223432,165.76352455706052,15.568752184235203,0.09392145965668096,2.3652963815337555,0.13067165246037413,0.8867941940901183,0.10160197645820436,17.948871919178377,0.11320580590988172,165.11628697811895,0.09391548958919575,0.13118387088244868,17.457096203212437,0.028170533646680793
46.0,0.16441897316639742,1.310231393140421,113.26553279682386,0.6657472960097025,0.9452246316850643,0.9714772379020657,1.1128400179732396,0.6906236266490922,0.015123041560326634,1.2144809095754876,0.6742599979877287,1.4961564786117885,1.7479053017842883,1.958925643539678,17.473988165078655,295.4469261700461,0.059144254406699785,low,0.9054259141154527,0.08150050371411945,10.150152377768014,0.0945740858845473,166.6295740054213,14.45907559328651,0.08677376557906871,2.4444509428719883,0.10486726782671928,0.9052239237036251,0.08134685399812155,10.094204798508976,0.09477607629637486,166.03560389959114,0.08676824233248769,0.10524241641356588,10.08983066304115,0.00043351921493074166
47.0,0.11748011214934054,0.8194362047736616,99.96416467521729,0.8123830425129837,1.121872712944525,1.0296299731844842,1.1910563223943367,0.8662697653279137,0.3175487378731741,1.5726456341503143,1.3811533826394842,1.3922203539236595,1.4555828801367505,0.7642340600027048,18.892129417200735,287.00441575935776,0.06582522212146404,low,0.8979611746302778,0.07861731591894848,12.103152433401348,0.1020388253697222,165.7036133070603,13.560550031822325,0.08183617581527138,2.5030358860054185,0.11401157186712828,0.898465528576066,0.08082018711320463,12.234363422251288,0.10153447142393401,165.0559484748477,0.08183084959594454,0.1144589431145503,12.10263187517533,0.010884537217575227
48.0,0.10306775150655029,1.3975449410555925,106.40246138035198,0.825667366635431,1.3612862945427413,1.1038755765075727,0.6929383802456724,1.5111681285721392,0.20391072265507681,0.30075823677523034,0.9851862874508543,0.5580896130938213,0.27484801792407376,0.6863622351688692,44.55761953135719,373.19415914024455,0.11939527572995229,low,0.7859504178212569,0.07623742941775544,20.114660315553223,0.21404958217874315,163.65937297327508,12.593401522649414,0.07694885599192579,2.5646142857093115,0.27225828085405945,0.790344624603048,0.07763012107653723,20.840397082308677,0.209655375396952,163.49561291907688,0.07694798619962742,0.2725309794912433,20.61590906236013,0.01088906723780656
49.0,0.12044235734794269,1.0720529816142825,153.01904991589535,0.7460307727025466,0.7716333793461746,1.16131180257768,1.4965416932404252,0.7635204699142911,0.017440166179613425,0.3875891388626609,1.4221469219264602,0.0303284807091414,0.6043416825899919,1.4992203645700257,35.99592872739968,262.54680818161063,0.13710289977130605,low,0.8220663833637988,0.06131997212489763,11.990940196706289,0.17793361663620122,166.7604445103526,12.117780247725143,0.07266579483705361,2.6218845025883555,0.21585411836177384,0.8232585681674414,0.06184441466709649,12.105883948966223,0.17674143183255864,166.62857071578398,0.07266494267246257,0.21602495041980183,12.099138240855657,0.0005575362456631559
50.0,0.11181108995224476,0.6698727222173153,95.54782449557001,0.687586846135791,0.7363223109613343,0.9521333855147186,0.8387458038933645,1.6298157576703782,0.42415039389372944,1.0103435354172525,0.9507019014465645,0.5012029836817242,0.4938101072928587,0.7593118930182711,16.296467004177615,337.4098752587608,0.048298725672091834,low,0.9117039237232888,0.09092069569820506,20.354269599097393,0.08829607627671121,167.061440774992,14.879456764508257,0.08906577541461987,2.418380132610204,0.09754774607820267,0.914302466833867,0.09571949612996765,21.24251187080954,0.08569753316613304,166.71194506730683,0.0890627789750637,0.09775224563301821,20.8126406705878,0.020654332481184347
51.0,0.13142264439923973,0.7902969025112168,108.65858911476242,0.7908610374392105,1.1372061719911537,0.9688345374025958,0.6244728383325567,0.8928581855176713,0.606481637647442,0.4914668016439751,1.6667041185187943,0.23552782995869478,0.9312371432053879,1.205575631751085,15.825741427369607,395.81177715490514,0.03998299783074932,low,0.9133018560915195,0.09267175208045107,12.309530602435204,0.08669814390848052,165.21809564245106,14.48314189682848,0.08766074830066731,2.434281047629696,0.09578697397419553,0.9145414682352545,0.09989827026204696,12.710148113973897,0.0854585317647455,165.02126369235717,0.08765930396620361,0.09590122553462524,12.446429481638488,0.02118829602694161
52.0,0.1351397159183598,0.46590864531116155,84.26035368582633,0.8341825590629353,1.4852590419260392,1.1897909487914962,0.5122327607084435,1.4050861707248237,0.7166733863636064,0.6214797727738541,1.4779593264111,0.08086626016615989,1.643489339696287,1.9950399208287657,6.842395461924418,445.8970401723374,0.015345236333660927,low,0.9600314607660643,0.09019732402521446,16.08236182524487,0.03996853923393573,162.4153230162879,11.621006105953516,0.07155116826500475,2.6373424451604297,0.0421290019614604,0.9615894419082875,0.10111836411127594,17.009946650877765,0.038410558091712454,162.18893235682688,0.0715502974629677,0.04218780753097674,16.427511108574556,0.03545488652868412
53.0,0.10830753970775933,1.3382387824967514,102.85878277051641,0.7461814036791002,1.478291383769631,1.1760723630855425,1.6181939271212233,1.063211044300378,0.6661038684068193,1.1854004559340756,0.2350000112897905,1.2491001385363052,0.33892614868794246,0.14587114873619092,37.3514734268646,255.318810008551,0.14629346512156172,low,0.8131160867819341,0.06449930929008353,14.68361146531704,0.18688391321806586,163.56551018155915,11.661343029387934,0.07129463305830026,2.640934227069627,0.22835788171604232,0.8133503421167272,0.06788917528725574,14.991428565948956,0.1866496578832728,163.0974185645658,0.07129145521203493,0.22901327167283259,14.600316075761809,0.026787946792223138
54.0,0.09490689699628582,0.433522565693466,177.6364448672527,0.7065932470032595,0.9319330460276072,0.8605812894321465,1.4677708267217096,0.70061677645124,0.4184364400289048,1.1801169365809563,0.8139643299037399,1.8972826729757288,0.6680760299927107,1.0606291121237337,27.214374688052924,264.40639203433085,0.10292631157161804,low,0.8604690872109887,0.07967722073129442,10.859197589922466,0.1395309127890113,168.06139436986908,16.215339692941036,0.09648461952692335,2.33837166648073,0.16193114897142644,0.8603326520536404,0.08123193531368056,10.940465156552523,0.1396673479463596,167.45356231604814,0.09647559354663263,0.16251893546874277,10.807906081440839,0.012265009902270784
55.0,0.10683729012831727,0.9346835664266486,126.85433527584296,0.5510103300272118,1.2712074961661775,0.9556744160039894,1.2291059417126704,1.112187232076031,0.6244539622582451,1.0396879244975878,1.6151925399166436,1.1744012763183498,1.6212399215310886,0.4190169664587593,33.06544109253303,283.2807177530526,0.11672323254051314,low,0.8336119285044559,0.07859496653013819,15.663247110886228,0.16638807149554413,165.6520436345783,14.534870142068351,0.08774337957539291,2.433338865916656,0.19960780662310482,0.8364606032633415,0.08233857964114755,16.31792407353719,0.16353939673665852,165.15960221880985,0.08773828138406292,0.20020295912753922,15.895648211907462,0.026565501198837486
56.0,0.11844784000406153,0.8935014360335483,157.57903200887677,0.5653706464657448,1.0238938700316615,1.036677007650038,1.3390414537252986,1.262006809521185,0.42820409479929405,0.017275443291578024,0.6068792475975191,0.783485998393171,1.8306336489183659,0.04339851789930275,31.94401636379711,273.75656693330575,0.11668767153841283,low,0.8387383579024921,0.0727288354302523,17.410393239020195,0.16126164209750793,166.23953822809554,13.485786679454492,0.08112261874158233,2.5117934573429905,0.19215655134921672,0.8399415901508057,0.07444637990228188,17.844997741609138,0.16005840984919428,166.04343732575305,0.08112095372386248,0.19238349240583116,17.54125415679015,0.017315955980343103
57.0,0.1017714442822006,1.2375795185585114,129.68112038655528,0.922603340746396,0.9787670970221464,1.135448889385799,1.0688003371690609,1.2038826186331808,0.0892457277394615,0.25657712847250286,0.4102258572446122,0.8261259936095868,1.960611098099486,0.8670007561281259,49.322844967975094,300.7336194453071,0.1640084173460533,low,0.7699770664501892,0.06541207993874511,17.808078385617293,0.23002293354981085,165.59791471674149,12.36501352459848,0.07466889631882793,2.5946916548281758,0.2978470172909049,0.7705630213688662,0.06484836238594557,17.926158217072885,0.22943697863113377,165.33306378866166,0.07466734782286841,0.29832414544148544,17.86330901007969,0.0035183406925185065
58.0,0.11527288412192359,1.0618657168496508,83.89959654520665,0.7108390271936795,1.050061363315917,1.0042913601457368,0.7130324230743542,1.7351247921317068,0.7860297084088942,0.7399809164640166,0.6431147241830548,1.0475805275822856,1.9738807737747877,0.2238086533168598,21.34151669587807,367.41070276760865,0.058086268405133576,low,0.8865140631780776,0.08951684490331166,21.160448379287633,0.11348593682192243,165.50124388998898,13.996176546186973,0.08456840696309467,2.4701945222686432,0.12895079332493764,0.8888716996551225,0.09720245205059719,22.27928801269467,0.11112830034487753,165.08728200482778,0.08456552724598122,0.129274141755232,21.41936804385653,0.04014684126429131
59.0,0.1356626819297765,0.8340865429180131,151.78158238917584,0.6596343968684415,0.9352670536435147,1.1428119615476644,0.5712491240051208,0.9169025498304768,0.26139847278146133,1.9277189410815216,1.2312379507725464,0.355857880164562,0.2724365102570924,0.03863859821202587,21.89573463737369,417.14010756378343,0.05249012080197944,low,0.8836013999760971,0.078869679005218,12.954097652429393,0.1163986000239029,165.22422921630115,12.341500265436238,0.07469546279002169,2.5943359277774602,0.1325213302021774,0.8844809071010996,0.08530823340579734,13.094882890434736,0.11551909289890039,164.6892338806313,0.07469312709794565,0.13295182764189659,12.975600375965055,0.009192832008808657
60.0,0.1308157207479059,0.8760922339340821,98.5535438950616,0.8860402588204173,1.1384399456742598,0.8206889917705231,1.5456099706765472,0.5692020124856348,0.21500904255922798,0.2728289375425526,0.6200885464213397,1.5892774329357817,1.6704017481021498,1.3078142468266962,16.06025094294398,259.489623689545,0.06189168844053111,low,0.9126305204292502,0.08648175869738595,8.510108117800883,0.08736947957074981,167.8938189321147,16.86430607781288,0.100446259338658,2.298132427452334,0.09565719003293206,0.9124235302388385,0.08616896976641736,8.538962449091727,0.08757646976116151,167.51843611641561,0.10043973268983034,0.09587154294935654,8.489016704168643,0.005883572463528988
61.0,0.12994207233605662,1.3656480426471584,89.43047631546463,0.7283255034405844,0.9660316489318534,1.0602883946089174,0.909535125008014,0.9200378517890075,0.4442765793135741,1.1191420867534208,0.3274194866568451,0.8740970775779434,0.3062799109113333,1.4694878704470067,23.023687416335157,324.1373400720824,0.07103065450964427,low,0.8785962665549337,0.07821451451930968,13.108726922941939,0.12140373344506628,165.81404886624514,13.267203886745023,0.08001254403628423,2.525571856146609,0.13885245293604373,0.8785568219148783,0.08228398786749448,13.246627528509858,0.12144317808512173,165.39910260019758,0.08000980928896252,0.13920080009132804,13.051801878522756,0.01492710752127607
62.0,0.11739888645160948,1.0303003724636315,98.43285663678627,0.8112177248522181,0.7176426273161595,1.0895098981515337,0.661925532844106,0.6746802225353226,0.24515797637553527,1.2687933076396922,0.2677586756071197,1.9486414603879867,1.0048891957940724,1.2348705007663632,23.42211548669399,382.90516506946494,0.061169494755822514,low,0.8771802484237683,0.07714277341068665,10.338247574612685,0.1228197515762317,166.3384860105648,13.027015458803591,0.07831630412925722,2.546999471234198,0.14080995954962797,0.8767038108519674,0.07884792561703052,10.314731025934082,0.12329618914803264,165.69763306363456,0.07831292914182394,0.14135455681312575,10.243795484578746,0.006924732289132885
63.0,0.09929138430607569,0.7186975457289393,159.59820881245952,0.8870881182284576,1.3269446091787573,1.0788180425252571,1.0746064493305345,0.9591821055841413,0.32580123881988926,0.834898922767887,0.5201373538248065,0.39466677475615364,1.595966861494685,0.6561489464422099,37.034046777672955,299.9858778018554,0.12345263400077262,low,0.8159023644545145,0.07261818665024762,13.857607746715898,0.18409763554548553,164.38612055697826,12.868032431796422,0.07827931207450207,2.547471924503836,0.22528694425169854,0.8163850109707429,0.07516605109253499,14.018853753070672,0.1836149890292571,164.06377426869122,0.07827708495734048,0.2257295795049881,13.8505456917214,0.012151727816029032
64.0,0.10332674207939091,0.5309741031800281,90.70318212495513,0.5383327687350775,1.3218307030678738,1.171504013933052,0.5814258411664592,0.630455396072453,0.23273322605337632,0.9346931912929962,0.7093391799031394,1.0647340327988022,0.5177633287057427,0.36968217787687263,14.358878432287517,412.7296044318817,0.03479003754056454,low,0.9198684643302192,0.08215727516166985,8.67233118245081,0.08013153566978082,163.39059405396486,11.87663867443496,0.07268863145520073,2.621570282802725,0.08788069175845611,0.9198399417928684,0.08524018677376005,8.704575278516396,0.08016005820713157,162.99818954082136,0.07268699371693636,0.08809225717621527,8.642342628593543,0.007200900565658424
65.0,0.1195449436160083,0.6655215740764604,84.74873039174435,0.8206412581944835,1.0560689088739075,0.9873928610982654,0.5866956686845923,1.6446940765654736,0.4101950669141705,0.8136553869357336,1.1215482312480416,1.8724141342406144,0.09049627415249543,0.5768597329208022,12.562701582774842,410.54640328514307,0.030599955284590512,low,0.9301672608716075,0.09677687102687282,19.70209499473176,0.0698327391283925,165.3840060495854,14.246826800826854,0.08614392129644854,2.451735878028126,0.07596080106445297,0.932354271801101,0.09870709100634285,20.568278380412295,0.06764572819889902,164.91094007772216,0.08614071590478324,0.07617870334650977,20.151695923289367,0.02067232746607111
66.0,0.10791772821814515,1.3178786908776994,175.83158860815053,0.8500989494648741,1.4166126734394604,1.056087311326772,0.5386369760133759,0.5532410144401682,0.31099223362955514,0.7065896938301557,0.27470341064528125,1.7318987999034607,0.1607285036933941,0.11244470745759531,63.33399365411773,432.2352109886226,0.1465266874238638,low,0.7195827566160949,0.07103333723064907,9.61860791118583,0.28041724338390506,163.4876761930894,13.159852759510118,0.08049446335005392,2.519566875183152,0.38739307530016037,0.7190722313130087,0.07240454555919419,9.656856630782654,0.2809277686869913,163.07241916305438,0.08049217809219542,0.38837955540961666,9.564714217523314,0.009633577246932092
67.0,0.10651642668613741,0.7576797643199862,82.48787648266234,0.881209016101832,0.8645413578342922,0.9164067915657982,0.8472372203641895,0.6116398642006814,0.5391742663588819,1.0822392485659815,0.3007918542664583,1.6375854117068942,1.257262540239702,0.9685947370629351,17.534474788192078,335.69307938744043,0.0522336499167284,low,0.905427522553599,0.08822333634206435,9.24715652228856,0.09457247744640096,166.8312724508235,15.404073834985873,0.0923332514863273,2.382350947892969,0.10510304531400538,0.9052697074783413,0.09211200257304408,9.308750139554304,0.09473029252165865,166.2703434225831,0.09232782967987663,0.10545762056693099,9.175030112144885,0.014574342075718673
68.0,0.09731085485602642,0.41759657011632867,134.08956297225828,0.573187293334651,0.7406865852127107,1.1337082057454768,0.8964385995352502,0.9216262665586474,0.3513529870358383,1.2722384523024768,1.4026615642242446,0.12614813747698414,0.5893661348351007,0.578207294599045,18.8225929335206,326.4489060468015,0.05765861850007881,low,0.8987642436801104,0.0746786406083771,13.098948334472462,0.10123575631988957,166.36706881312824,12.491264398872092,0.0750825538250175,2.589167053124449,0.11313893469303754,0.8998772640186427,0.079332251261097,13.350060319977736,0.10012273598135735,166.00417709932188,0.07508061468233976,0.11338626089064532,13.193578385398675,0.011860461961725193
69.0,0.12788819143221986,1.282360189237338,147.7375441989945,0.90952692667716,0.8794242877874884,0.945008232832204,1.0607835987562597,1.1869677923834479,0.4711684528434339,0.4394672831932125,0.0702448548350196,0.7874393406221625,0.8809695501551977,0.4120115473935106,36.8714433323801,301.7509949913479,0.12219162138450385,low,0.8193932526598603,0.07840501688326978,17.23453368361188,0.1806067473401397,166.94774706409527,14.898492992076632,0.08924045549627418,2.4164208052592246,0.22085618992045616,0.8193015980333087,0.08129967492822882,17.477342933552617,0.1806984019666913,166.68574918089206,0.08923789291960477,0.22120333329975422,17.178891851779024,0.017373127693488866
70.0,0.1165097734715688,0.8744472293210611,81.14435833293076,0.736282684238895,1.2878124209332165,0.8058064698485333,1.269663295341533,0.962610887508993,0.37883818876266373,1.4915946909483324,0.24648144445895104,1.6255599603672788,0.8506749132507249,1.6220622594270238,16.638621711687247,279.56695389477676,0.05951569554229103,low,0.9096520696213619,0.09414189016282194,13.244704524884646,0.09034793037863809,166.99728029447564,17.197297697632386,0.10297950761418048,2.2732252657488443,0.0996340879465069,0.909432901558829,0.0961644069068268,13.293646407204436,0.09056709844117095,166.3573960334459,0.10296872882332321,0.10001732479836412,13.127885012408544,0.012626664130529272
71.0,0.08720544015163276,1.1904960072800854,101.0669393020068,0.5333208980928814,1.1513337930414997,0.9055272121438531,0.6204069307063828,1.306127897756218,0.5611364747533876,1.2945815429498835,1.9116336672396497,0.004087612800006249,0.41287987715229274,1.4718203176114668,50.36165892046771,397.30954423421304,0.1267567307438747,low,0.767385378416813,0.0852235704166009,19.12532376978935,0.23261462158318702,165.50277289283758,15.496908238011542,0.09363533895619822,2.368347413802936,0.30429495554782454,0.7771841002353902,0.09391596129731418,20.772405923130858,0.2228158997646098,165.1640831413246,0.09363232213296087,0.30491895067388924,20.07571235027561,0.03470330520280067
72.0,0.12953734852544554,0.4291246117376624,148.36734541894452,0.8125111280782371,0.764254157346002,0.9400963707584239,1.937955405292769,0.554697932092875,0.3685301846642697,0.5793998375469996,1.249078816330136,0.37318080187954433,1.0203328064614465,1.825802692455509,12.077634164269211,240.80299278533073,0.05015566469739058,low,0.9331133786401185,0.07428189243903927,8.320304413876448,0.06688662135988155,168.67130333590362,14.805022073568324,0.08777439778291501,2.432985417869263,0.0716045582467397,0.9330791919952319,0.07626265200970885,8.415076271179267,0.06692080800476807,168.41900171130035,0.08777105383555586,0.07171182610957635,8.33443317420153,0.009675894604009734
73.0,0.12360156749683603,1.222250839855148,92.51451262665684,0.5003328473181758,1.4083198502565755,1.1374757192692462,1.2933892040674333,1.6711363736399731,0.7330858555414832,1.748162931438636,1.4100611402006813,0.3479405194047533,1.2228016231416519,1.0952547809788171,23.559842349226287,277.4943189649577,0.08490207092204094,low,0.8744899770473417,0.07518246370402978,19.92005662416209,0.12551002295265834,163.8674943684321,12.136290811773982,0.07406161214918748,2.602857935583614,0.14377373889818212,0.8813042258150982,0.08235950871603638,21.58045006147049,0.11869577418490185,163.34989901949356,0.07405820768750665,0.1442293046438599,20.597083485730217,0.04774300091668589
74.0,0.11758164840469205,1.2567643092815501,162.99776940817014,0.5924861108381981,1.3300298241073525,0.9539434369820611,0.5681547223194985,0.7025092566719812,0.6839421201402842,0.8419338898505978,0.09688313287804264,1.8084300995647142,0.3296384141195112,1.774599581084713,47.163555592999074,418.46685321939725,0.11270559479240706,low,0.77739707553936,0.0818997362648337,11.323834877627448,0.22260292446064,164.45822127538324,14.63057289258407,0.08896224694103533,2.4195431909184966,0.2867813796552274,0.7771529070264929,0.08699719517652847,11.488932661754513,0.22284709297350713,163.9872838163597,0.08895871986993353,0.2876049562831648,11.240961548443854,0.022059599816439752
75.0,0.14005950648921134,1.2232975148880132,169.51086449415544,0.5073042231967287,1.2902424091182976,0.8923800685808407,1.672108282875953,0.7973682822495876,0.05799478477438424,1.9215443140499495,0.5863781588033222,1.7894091717088036,1.258357274872295,0.6625528281012155,33.64763746230624,252.48570861230357,0.13326551291650654,low,0.831497565525746,0.0753215294502069,12.055514066583353,0.16850243447425395,166.80218950768256,15.431641096263293,0.09251461951314821,2.3803885981613604,0.20172179730744186,0.8309730817733828,0.07507664662017506,11.966316405665408,0.1690269182266172,166.01614832480075,0.09250318732717702,0.20267689499985653,11.944071415194289,0.0018624294595912046
76.0,0.1144230275417797,1.296246859969723,171.7811154265657,0.7347633164454389,0.8000612508981729,0.8752472097199815,1.7293782455708178,0.8394148830361232,0.36486312495444906,0.6522111265876004,1.512223988025206,1.2220841965500921,0.8148565647247161,0.13697172842055794,54.13602870505413,249.6919881298712,0.21681123655796514,low,0.7559111729132022,0.06707621456615943,14.149499463766674,0.2440888270867978,168.80793395477022,15.919772615650478,0.09430701651686563,2.3611996857813047,0.3206959971416932,0.7575750126757815,0.06810719290907216,14.477654274922903,0.24242498732421847,168.4197040751951,0.0943011040999197,0.32143524418546526,14.300122805215262,0.012414681476923818
77.0,0.12058739688939538,1.2180606159898768,168.93933038163829,0.7089109538479783,0.87233681242193,1.1511449734118968,1.8491420981244915,1.50269181755677,0.31894081923541884,0.14953416088594812,1.4254913102973203,1.3887479027809861,1.3790068771026283,0.7052115365242048,45.04493417514496,244.33595261170208,0.18435655372719637,low,0.7864015781066434,0.059666688925123106,20.82198744528055,0.21359842189335665,166.75906197941976,12.132942131283977,0.07275731817669578,2.6206257844956213,0.2701198581981955,0.7928166916076407,0.059896661367462106,22.068308466494976,0.20718330839235932,166.455812361676,0.07275504994500033,0.2706119632354508,21.674599443876236,0.01816453511116559
78.0,0.11149984587605997,0.9328293981107049,129.45338669939315,0.9145975391749273,0.7067148752526822,0.9796206195039632,0.9055050153225559,0.8267727811898986,0.691227882817537,1.7727529735979974,0.5771332649570197,0.1052694139472063,1.1427144466197812,1.2883694140025235,30.91841586495309,324.8560069496064,0.09517575542246118,low,0.8444272722389591,0.07794968668021338,12.770980104029322,0.15557272776104092,167.1262611706123,14.465528038721816,0.08655448842928735,2.4469811393251666,0.18500034434079607,0.8448620482826371,0.08634849519762874,12.989865104809734,0.1551379517173629,166.6178008031515,0.08655033232823348,0.1855649019247425,12.712336361875007,0.021831450571670775
79.0,0.12286520415955346,1.0380673766409227,104.3269420528286,0.6518146532744812,1.4979568999481283,1.150161891175205,1.3673907105608487,0.9907790381952,0.3323096456991694,1.200511635001152,0.897817411703091,1.4933741014091912,1.0142231129460755,1.1929216563907377,22.835700298945927,271.51046069280846,0.08410615281885078,low,0.8775119767181121,0.07252336731205972,13.07146914112884,0.1224880232818879,163.4085266939693,11.95132018162019,0.07313767783980189,2.615411616289103,0.1397460754401912,0.8779303801206342,0.07407594531865204,13.22439921117563,0.12206961987936582,162.8747367243044,0.07313415230627227,0.14020406576373823,13.058578453763854,0.012698224236190256
80.0,0.1435874540458573,1.1067829829414464,178.5764976541732,0.8620087146179956,1.262855671923301,1.0376833425660672,0.9342113146593759,1.922162215002985,0.6940988729433202,0.6393904212878223,0.7185986711242053,1.5310818723917359,1.3493817849062413,0.13487804661787292,30.51433510916967,319.9666492482867,0.09536723649436118,low,0.844191944257177,0.08225225504336245,23.038173500612768,0.15580805574282297,164.7465776001566,13.428846689051426,0.08151214358846057,2.5070032687494734,0.18521984221868698,0.8486499909700217,0.08644795177685752,24.49297723378224,0.1513500090299783,164.31866037886613,0.08150906298056218,0.18570219011531253,23.511286373921163,0.04175402588562637
81.0,0.09279207704230402,0.5814010001860365,124.02402372921517,0.5905202719325277,0.9895279645203003,0.9825082788964757,1.7194517567671568,1.169475398883011,0.14804196917816403,1.5880155529666933,1.5305698041236366,1.5217198516828596,0.6527319784711761,0.021996259672581054,26.656917442944433,250.15505140646857,0.10656157968055781,low,0.8622638945286872,0.07261212583378598,16.205421978500564,0.13773610547131276,167.2294059781493,14.154676883525974,0.0846422720976206,2.4693214669788968,0.15940328967279538,0.8642309148997759,0.07266672738533377,16.514869952973694,0.13576908510022412,166.57954970430288,0.08463498643316969,0.16002515008753118,16.41524807367916,0.006068862246088896
82.0,0.14505303491514565,1.2895467490485482,115.75833595683415,0.7269570531756068,1.4585421241505372,1.0774852485249904,1.6134624139939944,0.5465598317685042,0.10424743276671229,1.2635169799676216,1.0313799084407784,1.1104981378001277,0.4226079234947597,0.3997782090664013,22.583219388388503,255.57915947252584,0.08836095804914855,low,0.8792191655977886,0.07142050047385483,7.928309301206596,0.12078083440221143,164.39383642470838,12.74554591646786,0.07753055828407081,2.5570831198992026,0.1373726648123545,0.8791138456519612,0.07259953023757981,7.9203773577693894,0.12088615434803884,163.91566232105652,0.0775264382806397,0.13777340779159622,7.895378428375885,0.0031662737410608002
83.0,0.1212852513699572,0.6289962278318458,144.7218808103211,0.9478937411458765,0.8691639356507914,1.0171729810853274,0.517805514753929,1.5364799329496441,0.49706914300464017,0.2121086297776497,1.7209009185321467,1.5930160227774668,0.13578785040533223,0.6923682384397604,19.697739105148262,442.95342862054457,0.04446909727393104,low,0.8946970872892839,0.09106584544918972,19.497978715867497,0.10530291271071612,165.86129776156932,13.908069339310796,0.08385361459853082,2.4786826837287315,0.11876030979490083,0.8999825607093027,0.09387678957944111,20.938539011823,0.10001743929069729,165.5678551678002,0.08385188670016266,0.11897079348636208,20.365848331095233,0.028120148565251007
84.0,0.11553206963182644,0.9599241777046191,116.80892398568298,0.613862842681156,1.0330922897167603,0.8227683361833054,0.8981422427574287,1.1309470310617578,0.5905389466566029,1.9223250984524467,1.546461076411899,0.9889202899453403,0.869087936818961,1.3244217624779184,26.739788903907442,326.124404173824,0.08199260331850283,low,0.8626249545817047,0.09417420073006809,15.972225160137848,0.13737504541829526,166.98209378090053,17.064056739575662,0.10219093768201061,2.280912277531533,0.16013566663616685,0.8651113850631414,0.10050351181964824,16.560909901133478,0.13488861493685855,166.32212735727205,0.1021820006917178,0.16077108517538632,16.167034489813442,0.024362873201526795
85.0,0.13287164213421798,0.9958036662304325,138.7107663827145,0.7399964501770174,1.4857860323886638,0.8624511415453725,0.8907512569550915,0.9655570975301807,0.031213084344416876,0.23561621632336624,1.4996903165786672,0.35893506112546586,1.1898978656904753,1.6412916158382773,24.904017601413038,327.40954247827824,0.07606381113056679,low,0.8695876747366252,0.09381285230707004,13.453392616337108,0.13041232526337476,165.0085893466878,16.07346038687676,0.09740984060596962,2.3288280405216297,0.15092558332881068,0.8709555531187391,0.09388371833333031,13.639626497596973,0.12904444688126093,164.84725299502753,0.09740790566096856,0.1510732945132197,13.62377821501655,0.0011632810172258
86.0,0.13911425041320907,1.3092184543630414,116.17194052844721,0.8060924245138825,1.4941834995293293,0.9882063275118391,1.4571264168765035,0.6549166910240013,0.5635615927105481,1.2221510409488445,0.7986789899893597,1.3488996873403065,1.4316902679643952,0.2787584301158246,25.01613716684259,265.07673369932127,0.094373190803002,low,0.8682337501140927,0.07673861622943189,9.501149542950179,0.13176624988590735,164.76990876638777,13.912095584488547,0.08443347264465163,2.471791360687583,0.1518246708645733,0.8682445692247748,0.07984151926398478,9.621594566713965,0.13175543077522522,164.22623869471184,0.08442782499976978,0.152327285613271,9.451921805258682,0.017951138927205658
87.0,0.14266308914418274,1.2639294215228278,179.06631237796296,0.8865192910629376,1.4196333445573597,0.9383335690074847,0.8196343453038336,1.4262625594658094,0.7071862948288773,1.4161561829970815,0.9905706408990561,0.7701987347888243,1.9511301445203646,1.2456849452897463,35.396766682822594,341.3277471784466,0.1037031620646918,low,0.8234946342614362,0.08705544539228213,18.924183151662554,0.1765053657385638,164.57172663210466,14.80536955651009,0.08996302013411495,2.4083565804879523,0.21508413022821984,0.8271412217143252,0.09436417522238705,19.862574871888146,0.17285877828567475,164.04191087668212,0.08995818910429995,0.21577880002526906,19.17645272964482,0.035779408836267894
88.0,0.12214717596766994,1.325167010269448,125.07281713154607,0.9557960574709297,1.4911124642804794,1.0463109381285598,1.444958948572817,0.5335792758798004,0.36089588680977586,0.9380066934031742,0.5723237435653616,1.0376731048122816,0.8464998125877871,1.7169595951837247,35.36037106882204,265.9025377947102,0.13298245049515842,low,0.8223190155490743,0.07001397711337017,8.238290075062695,0.17768098445092573,164.29273504031323,13.141158169250042,0.07998624020730763,2.5259006565101605,0.21522784352056412,0.8222231874281931,0.07215281429522413,8.290329681699147,0.17777681257180689,163.88644543066297,0.07998265333258583,0.21576141319009995,8.200753298502908,0.010922945726533568
89.0,0.11934276175642566,0.42799433853455326,80.84983164016028,0.6527207950147665,1.0253967947097595,1.132474221439607,1.1052603776969936,0.7620715919026517,0.7366390847131764,1.5569809998578101,1.7515887026403263,0.9704690854443894,1.3001116995976478,1.8747230150682406,7.733482441733582,296.32133576826163,0.026098297720220726,low,0.9556725640010162,0.07796497667868674,10.293244462638379,0.04432743599898381,165.45339227647725,12.375125172978544,0.07479523388858274,2.5930011140988634,0.046741153719052894,0.9558868289487741,0.08466247431379698,10.551047853943167,0.04411317105122592,164.87482515893754,0.07479175255520144,0.04690517448178392,10.306725836938313,0.023705104886871855
90.0,0.10601009424828128,1.114723667461658,144.50581231320092,0.7776668684572174,1.061115268776879,0.851733641126408,1.2726147994168486,1.1657814747395643,0.7712293910025744,1.5625555599948695,1.4380974339109474,1.0890719898739196,1.1570441861518923,1.7925597163094515,45.6255616582134,279.3224362236655,0.16334370512821625,low,0.7854736155305634,0.0789801710182893,17.464859629826137,0.21452638446943662,167.3514118413296,16.382541712366763,0.09789305947355553,2.323879625998043,0.272633264077104,0.7894249389311376,0.08436531519308962,18.386635063730658,0.21057506106886237,166.75022710870493,0.0978844253929528,0.2736161890110649,17.763759484665428,0.03506440061873882
91.0,0.1046957404139334,0.7390210814687155,88.72750895844499,0.8308126821876989,0.8932947486742805,1.0691735287947393,1.713387055906979,1.0282136194431934,0.6689089050853351,1.4608992309428077,1.0254749091126094,0.1843720613592249,1.2087456070052938,0.9274501823475344,19.0417657515126,250.45619946029743,0.07602832667965609,low,0.8975782278353278,0.0702716224311134,14.189199182919895,0.10242177216467219,167.0015991408947,13.065098620888554,0.07823337433952286,2.548058940641005,0.11402145757567016,0.898587606066705,0.07511727590098452,14.591053851904741,0.10141239393329504,166.55625030132168,0.07822944494774825,0.1143263354996501,14.243518737286708,0.024399526621764814
92.0,0.14053215161299298,0.8995734885627109,102.45134658567702,0.9828691357498291,0.9586937895769252,1.1069553562561047,0.6857232825090135,1.2349565326122818,0.5098534931553987,0.8014469607236793,1.2224568650906273,0.7291795208168977,0.8318875981969277,0.295327370864332,14.854329559460073,375.39611250883985,0.03956974796618407,low,0.9181290273921362,0.08358497954903626,15.970629167683992,0.0818709726078638,165.38379793735913,12.727651605674865,0.07695827381165594,2.5644919025584603,0.08981732034649675,0.9196386772735127,0.08866244373399321,16.515908374342782,0.08036132272648733,165.04539454299407,0.07695653343536263,0.0900014786876743,16.177626312706646,0.02091048804671879
93.0,0.10671047888758659,0.535034925139685,172.30434062913605,0.8594341492416997,0.8013148336844711,1.1473637454795533,0.8496418618824673,1.290716300068658,0.010907413581439887,1.2895687692535653,0.36430371456118243,0.024426256716922366,1.0620729820339856,1.6175197341013376,25.769995326361215,335.22079132482776,0.07687469271973105,low,0.8660914426944936,0.07411398054367382,17.472756236681445,0.13390855730550644,166.03708968300433,12.324077697782382,0.07422484772114073,2.600656309918915,0.15520625768351473,0.8666102996042304,0.07563673201249524,17.472809604768532,0.13338970039576958,165.6690300237008,0.074222989143658,0.1555510726577836,17.465352254732785,0.0004269796524559563
94.0,0.11399823991380996,0.9004795664175224,133.6409745699413,0.9375196435812339,1.206795254375022,0.8243872794274767,0.944006505638207,0.614256173984839,0.3962262293455906,0.8156021462672797,1.6067461048133849,0.3531294810693442,1.2540336233721658,0.712325236656968,29.475917447934638,318.384372683047,0.09257966149387,low,0.8501478474337482,0.09020062404910725,9.61812180857672,0.14985215256625184,166.4613466407669,16.940427468875146,0.10176793478328372,2.2850602069655945,0.17707364528021843,0.8509181094598658,0.09426188376860445,9.762979556672677,0.1490818905401342,166.15301175867057,0.10176367709843077,0.17740224589336379,9.650385939677777,0.011667265713381352
95.0,0.13305657595606463,1.301043168701741,82.70416448871765,0.9615031781453747,1.2106336681084513,0.8647269413497752,1.9071579794520992,1.9816573614861632,0.07801380926279679,1.7235822152433353,0.018113017467461762,1.2614329233077368,1.8859205161707253,0.8370811210838793,19.346237996956994,241.96038927125247,0.0799562195085935,low,0.8963225097259605,0.08374028288876395,23.065021127278623,0.1036774902740395,167.7748533934985,15.86511207761168,0.09456191888543457,2.3585004327485763,0.11531071317095658,0.8956310059584687,0.08246372063178417,22.88144042751425,0.10436899404153133,167.08007147178424,0.09455028584521864,0.11579021858524943,22.799899475792092,0.003576373299747834
96.0,0.10381767470726498,1.0512594942190994,175.2227892748504,0.9508470751800786,1.4758346826682414,0.8761725438490185,1.5204680785638445,1.300841437097573,0.33011570658393347,1.7501933281777564,0.10703736379191774,1.6546350469211308,1.8573199937341254,0.08390769337470914,54.40114655216959,260.99360298845926,0.2084386204460924,low,0.7517233614613374,0.07397319694170125,18.95091266864049,0.24827663853866255,165.99932782898205,15.672196339486028,0.09441120361422209,2.360095530518828,0.3277190773218999,0.7508620744583054,0.07444405598713272,18.99901682449378,0.24913792554169456,165.2611754875039,0.09440033804692616,0.3291828609574612,18.738048256047225,0.013927201215437845
97.0,0.1564978713437024,0.5480648745968877,126.68592303154273,0.6956536484235467,1.198775360026471,1.0318230598755511,1.2309128655407446,1.2467662729016864,0.020225931497606472,1.602334578502651,1.5207605539150073,0.4683378046050016,0.10284503976495551,0.21102166004717404,9.02388572585927,283.1153656881031,0.03187352867240884,low,0.9485864508092369,0.08415320976389497,15.472076756324414,0.05141354919076313,165.42294915432853,13.49277751276132,0.08156533045589377,2.5063509791597465,0.05455038597722369,0.949720136308392,0.0852699280325268,15.720620767333909,0.05027986369160797,164.95802931751066,0.08156145770183637,0.05470413148844136,15.707139466584058,0.0008582912743934721
98.0,0.10214465644863119,1.139972371594748,179.15448225701482,0.5294184009191543,0.7899935911351543,1.006045642712492,1.7486165771611355,1.767695178826146,0.35304585956339934,1.6363743621428195,1.5066827670093585,0.41443898181314154,1.531375297469215,1.4396254623869245,62.30757189670382,248.7838146906203,0.250448655489054,intermediate,0.728271766451315,0.0624247744116561,24.88409973068234,0.271728233548685,167.83169878074025,13.90186294057812,0.08283216485069295,2.4909388286433263,0.3712503201085039,0.7479787927514663,0.06423738208835311,28.895858163586002,0.2520212072485337,167.28805900952878,0.0828264532422968,0.37245678063103566,27.67863945520146,0.04397682589690294
99.0,0.08199750316275278,1.3232395481406702,91.96563712626009,0.9384846808704019,1.3862371212545395,1.0227191327095502,1.7071152936847722,0.6493621951976472,0.3339493454576325,1.6650086287594472,0.22575315799311255,0.62355892538621,0.06710641496389276,0.9447681572695146,57.61199668931542,250.7265066946429,0.22978023922887597,low,0.7392343109944534,0.061651457469099336,10.873588039708032,0.26076568900554664,165.27299992656017,13.441328961645166,0.08132803886671074,2.5092644403769726,0.3485868636432786,0.7389905971529125,0.0641554052558541,10.902861538996909,0.2610094028470875,164.77784338775427,0.08132299049445212,0.34963436530567527,10.785439773290543,0.010887063316338165
100.0,0.11456990579341571,0.8723145082221708,105.39775775697787,0.6496547051099687,0.9184456223718249,1.0608193023897787,0.5307543306805139,1.522088614103758,0.5109172911024233,1.5081881594590094,0.1931118834572798,0.04637709384260086,0.25011328819609197,0.387245058852713,22.295308329843486,436.2189760356581,0.051110358683756546,low,0.8821605283776777,0.08694920125899655,19.42996260092386,0.11783947162232233,165.53347268419802,13.312486112212662,0.08042171710859952,2.520471025980205,0.13468761313536934,0.8826734541401191,0.09629283850767689,19.794674084694798,0.11732654585988089,165.1470400465132,0.08041968064641573,0.13500277282332204,19.37310446652625,0.02176056082787118
101.0,0.12469340664298892,0.9439986037629449,168.39702522318632,0.8410936960549884,1.1258622262696198,1.123427650641002,1.5520147551570098,0.9272793304603216,0.4838299641054167,0.27582513848849494,1.5659415942809884,0.2481977183194213,1.4997165404876236,1.358014601869793,32.54384886584957,259.109089884279,0.12559902425802202,low,0.8352556823770945,0.06600034495556811,13.432017737200617,0.16474431762290553,165.5357683105509,12.375778647691938,0.07476196095864031,2.593446066687408,0.19659708109002863,0.8372574297352439,0.06871091826297555,13.851361638902619,0.16274257026475614,165.36526392527082,0.07476070565528492,0.19679978789594077,13.605025612085416,0.0181062523394576
102.0,0.14327288686550332,1.3313910706101892,122.30512408386775,0.8580198513923163,1.3465908901458155,1.1443203831089401,0.8414798850664761,0.5166358696210196,0.5308772342581494,1.5136790132249551,0.8787201124063168,1.2098382913355064,1.6395268102065217,1.5607167751814917,25.250640353686418,336.8093553607212,0.07497012761609041,low,0.8666797661565555,0.07510231295508238,7.653920980497005,0.1333202338434445,163.66733569579765,12.13560097976099,0.07414797172672853,2.6016925644239857,0.1542802676315257,0.8666123749162647,0.08112250208699606,7.720367341150558,0.13338762508373525,163.07050375429475,0.07414485440229197,0.15484492763775742,7.600804811372985,0.015730246039034345
103.0,0.1253701864772799,0.7935083702184169,110.97901529880471,0.75892088986777,1.2566832080826056,1.0126803682435188,0.9880846868161166,0.5268117260527034,0.5472258854165074,1.8207116629940332,0.8583189853774008,0.5514943305197886,1.9629036108392481,1.3852737693863346,17.834213560135126,311.63062801596806,0.05722869306421734,low,0.9029564218933201,0.08214482569148354,7.730969665380318,0.09704357810667985,164.99160426196326,13.758833027827283,0.0833911100469202,2.4842135694606258,0.10809164284395398,0.9029534917295591,0.0895174107283004,7.79511173570259,0.09704650827044092,164.39075003006386,0.08338634745953286,0.10848672177037694,7.673492350109938,0.015849287396619286
104.0,0.13338199262660877,0.7483168378868599,120.82226326907185,0.6824666582391246,1.231123514794793,0.8629401016656608,0.5996241385114754,0.7898581363343153,0.092317987596711,0.3675831250599085,1.262791737395495,0.36228990489401663,0.43023169766451547,1.3910380007500016,16.17663584571777,405.2820857339729,0.039914509955261405,low,0.9118447361876039,0.10147323388787616,11.174790012275428,0.08815526381239613,165.43486350392024,16.2321064915082,0.09811780992054046,2.321586380259415,0.09778250788918164,0.9123872142323156,0.10284711086424479,11.27872468818189,0.08761278576768439,165.27171689087575,0.09811615879732907,0.09787903308585305,11.245785836051688,0.002928995146306923
105.0,0.11065484475511334,0.5782913287055754,109.58474120276978,0.9779500640140695,1.3799300117320557,0.8997710734213179,1.5941422647266765,0.87459973395805,0.7542038341899329,1.8767125130604967,0.7191943934908194,1.6922092042802326,0.786144919212719,0.8158218653553485,16.474264234519776,256.65803323721593,0.06418760413118826,low,0.9099361804842869,0.08346692028776696,11.977875065494601,0.09006381951571307,166.25553663223857,15.289546984042172,0.09196413721765571,2.386356590781445,0.09909001870392602,0.9100353527947828,0.0878707002889537,12.199134545726984,0.08996464720521724,165.51942642869298,0.09195386500126858,0.09953069914495513,11.891701084514782,0.025852774050344918
106.0,0.12606419063957408,1.1199079570654105,116.24455447307105,0.5743615703412472,1.3851201545569491,0.8216695266053188,0.5759243051610117,0.6200343942757486,0.7313549851685406,1.7187556660000427,1.2967849515526992,1.7796374333138196,0.9915840102255348,1.2437795595083119,26.074836578397786,415.07060119364644,0.0628202443232853,low,0.8646848881608388,0.1006814404870382,9.427464341394458,0.13531511183916123,165.11586232245355,16.982050432803344,0.10284929742025165,2.274490494017328,0.1579184229282371,0.8649370902196905,0.11014976163915993,9.580290297618616,0.13506290978030955,164.4069638706731,0.10284107533729812,0.15859934375352217,9.372486811748058,0.022171648789100922
107.0,0.14240119539294724,1.2059856845509564,121.11151960909243,0.7131539943844303,1.2848100813681116,0.898093163092782,1.9347051100228871,1.299042899332158,0.6849673335941766,0.7804332985815625,1.3676961051623833,0.238945077541683,1.353540660272407,1.586174379153061,22.927170635272777,240.88810960898016,0.09517767677486921,low,0.8789587716746042,0.07801583360447607,17.067130841046254,0.12104122832539577,167.17170785673852,15.252068057747021,0.09123594089747303,2.394306370746361,0.13714743319438194,0.8821932398721201,0.08275299497927333,17.968774913877198,0.11780676012787994,166.88143968337633,0.09123150840972791,0.1373859829995021,17.415309549208878,0.03178039202257314
108.0,0.11340908229080848,0.6432927204669863,148.10282041452814,0.6372523635254248,1.2513385159695043,1.0113429517871668,1.3306443721535886,0.7130604617695837,0.7012842904720653,1.4493263218331538,0.2970223981634889,0.4534919901790812,1.093931514995082,0.23440068439362274,23.57905639153256,274.4133518157755,0.0859253248266218,low,0.8753634718759288,0.07623826602035716,10.374271418565597,0.12463652812407122,165.4671828048347,13.726201884744015,0.08295422483220616,2.4894663313677494,0.14249989630477722,0.8754915295386819,0.0819564241263375,10.533087206145236,0.12450847046131808,165.00450187862438,0.08294997479455542,0.14289947318453816,10.30387400230725,0.022245342265118984
109.0,0.12004759064743162,0.5033779787029292,135.76013956235096,0.7839567667735066,0.9921181466236386,1.0372607402752414,0.7089318772318288,0.8889854287427157,0.7953489777164471,1.0647321940732124,0.9176110107265646,0.035164706591286066,1.8894538997353771,1.079249590016053,15.094186760004629,368.57410862911513,0.04095292210336307,low,0.9170228695646802,0.08586573816999198,12.30089343300287,0.08297713043531985,165.5673603036959,13.572731270064281,0.08197709527510841,2.5013153966499453,0.09116643964316248,0.9176995854920211,0.09585513267637731,12.648941898680086,0.08230041450797887,165.22068796379668,0.08197491013864337,0.0913577285388866,12.318199784628254,0.02684987415649495
110.0,0.12518631882678946,0.591982942427407,133.20617558954024,0.6692651069513398,1.2022355097932536,1.0695163962009382,0.5616675795817737,0.650232433264277,0.5155870530662584,1.3434754121759998,1.559139081381115,0.9995610122361361,1.4809847850470657,0.4355020758657751,16.01658570930226,421.3817463950122,0.038009680880405225,low,0.911903295655014,0.08647049616102631,9.22298272187258,0.08809670434498595,164.38701105282402,13.08441156655626,0.07959516681249057,2.5308019064112868,0.09743218522390129,0.9122570784411251,0.09374800184772038,9.358818205218055,0.08774292155887486,163.85896299745494,0.07959235231438633,0.09774616790142279,9.212491300278625,0.01588353249625372
111.0,0.10324200903429076,0.9064974570298004,150.76891553923576,0.5106315835877246,1.1913014890617002,0.8393203609268703,0.7493761299760934,0.9022468551664383,0.08570718389239568,1.788420263374662,0.8364688017734397,0.831503844632634,1.1979240893324705,1.0734831096642992,40.81460842724402,357.6840310981788,0.11410799722294851,low,0.8033392499584923,0.08931057187313438,13.930785690775625,0.19666075004150774,166.01972815415618,16.68593234105926,0.10050572017300066,2.2975406359584407,0.24584191819267387,0.8037672578403687,0.09145393304159793,13.935815452227711,0.19623274215963127,165.4121793919978,0.10049846076229887,0.24674488043906712,13.894665899963709,0.0029615359275468357
112.0,0.14887780745695744,0.5116253036483894,179.3255686922304,0.786481992182932,1.2037204064758398,0.9082574701061579,1.058773117339954,1.8217042948598263,0.45571898622721413,1.3011113607898275,1.8749481842626965,1.4296110499997463,1.1028450248083417,0.21809547717349576,13.176025630754895,301.982785068841,0.04363171108495885,low,0.9268776402236794,0.09507483567967985,21.191922684680772,0.07312235977632064,166.00888137474647,15.35752784754305,0.09251027848850538,2.3804355218423408,0.07936940193586084,0.9349953059964196,0.09741946048602004,23.69418907273945,0.06500469400358044,165.4348119307404,0.09250390868200281,0.07964481886841966,22.779278032835734,0.04016418073412587
113.0,0.14825884556844462,0.832910899275422,178.35662918755202,0.5890532525736862,1.2722723784393102,1.1979976910496957,0.5003542416149748,0.8306895187849005,0.6579697690746942,0.46980666352674344,1.9821510025416973,1.813991284857633,0.6779159252199638,0.9893981351709447,21.512788134424046,452.536460589041,0.04753824278914913,low,0.8842516890412191,0.07951017506570963,11.416710022400883,0.11574831095878091,163.4330907420064,11.633757187995336,0.07118360874885644,2.6424927012690183,0.13163055313188615,0.8854717899577033,0.08395905460995673,11.776114190206217,0.11452821004229674,163.03533814986667,0.07118213975968045,0.13195168837966212,11.505922327219052,0.02348285129198065
114.0,0.13112415542991662,1.3130572862132928,148.25571412185928,0.833577054762251,1.008421031698236,0.8719400449598023,1.5282540565814946,1.1468314344996602,0.6196696285446888,1.670211113464734,1.9643379223996338,1.6497885533736414,1.956681268618847,0.8341479429258277,36.039589407571526,260.5487686289894,0.13832185658451682,low,0.8227774323700798,0.07744218320534985,16.682470367944,0.17722256762992017,167.79759946340678,15.957254603832663,0.09509822938386323,2.3528449280703305,0.21478012511991282,0.8266556748691498,0.08021690525458954,17.513868244088375,0.17334432513085019,167.0487533231775,0.09508725129746042,0.21574294145044148,17.04039117253426,0.02778557526996598
115.0,0.10651083508550523,1.3559980683334096,80.0473849989485,0.608751811514783,1.3391147918714768,0.8066435905513638,0.6192458025051109,0.7758086010393906,0.7540988240652062,0.7870857568100846,0.4042120374866067,0.9110989458817816,0.8855976920580678,0.8867877019490263,30.455712743731944,397.72514178864265,0.076574773741401,low,0.8455883945492554,0.09949291653479964,11.710956239960213,0.15441160545074462,165.48217040528158,17.31609727870554,0.1046402596503102,2.2572269099086837,0.18404226068067034,0.8458279207987486,0.10745818407201865,11.956550575452807,0.15417207920125142,165.1243288164708,0.10463579026601058,0.1844410993947613,11.671651043172867,0.024409531370164418
116.0,0.13798852467726863,0.5262046986516078,125.27980769970156,0.6354544222365179,0.9120462731328949,0.8455523187779893,0.9959412581508672,1.562276880033806,0.7094517234243078,0.3628888511222274,1.0444429303849605,1.7782274977834707,1.6763827105923588,1.0966662104418436,11.020466643974451,310.5158973153739,0.03549082909845859,low,0.9385427457790191,0.09942415809593415,19.26394274960593,0.06145725422098092,167.39884391343992,16.637953592150833,0.09939109018431536,2.308692805309835,0.06583358872940015,0.9403087403343875,0.10340953424583754,20.294323313628055,0.059691259665612506,166.9733501566248,0.09938554432051434,0.06600135071636881,19.642666261351575,0.03317559050314185
117.0,0.14800932449591048,0.5597647274615807,157.74837927732318,0.5300616921084337,1.3540077289272279,1.0737074382873124,0.711738592015148,0.5883785426522593,0.16448565056210906,1.686240159154537,1.8232399360401,1.2955823748096775,0.8574041923400704,1.7245858171751338,12.830465372395034,367.75014364208084,0.03488908323821759,low,0.9280164744501825,0.08608880452830733,8.176711060325005,0.07198352554981746,163.87670220318014,12.955072448038566,0.07905377807747442,2.537626922952292,0.07829340717686259,0.9281870337406591,0.09052862955355526,8.193220882685225,0.07181296625934086,163.25429461569988,0.0790501477260018,0.07859190107432035,8.153003334798576,0.0049328506606874595
118.0,0.12829329730690853,0.9034239470652418,100.23688040065848,0.6202308228826352,1.1536942626385402,1.028115450354513,0.8777214310842896,1.0598603953374295,0.28055582032030474,0.6790427703697882,0.03619309126930901,0.9922077974708056,0.01281118782174795,0.36560832847316105,17.51303167078836,329.8153630185374,0.0530995024322261,low,0.9046889297900348,0.08458172772482637,14.166833391207424,0.09531107020996521,165.18456174603045,13.608884353498938,0.08238593370742754,2.4963405640730154,0.10602099545909423,0.9045005377680051,0.08647147385749462,14.235625724819934,0.0954994622319949,164.87736814256468,0.08238374048149082,0.10621852997826452,14.096956234994636,0.009836839067504665
119.0,0.10078992758672957,1.3910212704103606,119.97755371499815,0.5320930416994236,1.0359878262182134,1.09903582125947,0.9104468096338433,1.6171319859166524,0.03977948085375929,1.237813594566117,0.7847851080144523,1.3666939415814026,1.5593582021056607,0.7410568600080943,52.293731719841276,323.97477206061967,0.16141297480427422,low,0.7595083209162409,0.06986864766690294,22.24096786654005,0.24049167908375912,165.3534636700497,12.769531385817096,0.07722566617230181,2.561023413833322,0.3162542263051075,0.7625594227422474,0.06860116973890468,22.686793527771442,0.23744057725775258,164.7896264040331,0.07722229749409813,0.3173363084859899,22.639525891072992,0.0020878368622148694
120.0,0.11871480787264654,1.0143425974624964,140.52995835362626,0.8277055066157817,0.7965054884231493,0.9344309744948696,0.6275356564004564,0.5240460230025955,0.45858435238203327,1.4735496112359234,0.6444093667630107,1.8657372152096798,0.19560031951468992,0.19518620427530786,32.19540710348961,394.7244715980368,0.08156425410653392,low,0.8388718350511051,0.08358806126898013,8.668683739979803,0.16112816494889493,166.61556355520906,15.163590791393476,0.09100944994474619,2.396791932310201,0.1932316910648114,0.8386689890445607,0.08874479973137957,8.69962419267601,0.16133101095543934,165.96983922920742,0.0910042330122174,0.1939834806914957,8.596368475360022,0.012011550878949995
121.0,0.12670074823242689,1.1596157368931044,159.24364743786583,0.5463455263326287,0.7557316674944713,0.96517066974001,1.1205004100323703,0.9459150276892978,0.5913666918962911,1.052764016441442,0.9684956649979548,1.8891848466969317,1.8664040644879585,0.5442445823464256,36.61575427688087,294.58323210049525,0.12429680405023741,low,0.820768513682643,0.07471629075231047,14.540703451533021,0.17923148631735697,167.34655512884154,14.62789600698841,0.08741079848178687,2.4371364515294287,0.2188019600922773,0.8212726336404349,0.07714557070295021,14.846288304912754,0.1787273663595651,166.72380835056057,0.08740492218073968,0.21961922918585824,14.552520868859533,0.02018670433119559
122.0,0.11690436225224904,0.6367309814781646,108.93228299979796,0.8011330098456346,1.0178426214266978,0.8355074989264455,1.7553901046239213,1.4304251392850449,0.30256577195204476,0.7352342950209373,1.8597411257490144,1.339009387287706,1.837846979960642,1.8583532354810979,16.154788656624458,248.4518276173058,0.06502181453665105,low,0.9122546830666429,0.08581222239486036,18.312316282424593,0.08774531693335708,168.52757721467,16.547177393336266,0.09818676365505755,2.320883862370025,0.09585842817906608,0.9160405892187647,0.08658988570694215,19.293489156139056,0.08395941078123526,168.0579044950268,0.09817854795684754,0.09612632446635389,19.002158365433598,0.015331457885090154
123.0,0.10447103918092071,0.8510904930542951,109.89724337868512,0.9897383251920986,0.7267556933183318,0.9312784694138785,1.2999789976297487,0.5395700548605019,0.20087646013266858,1.197180122080085,0.47684060177875115,1.7566268392558033,0.24845850812237,1.6995185071396743,27.278522024934063,276.9837773152205,0.09848418665288772,low,0.8603141066317462,0.07562020578896657,8.751003304219864,0.13968589336825377,167.9202643940736,15.12940108643713,0.09009872120574801,2.406849307523528,0.1624492560404568,0.8599591673475586,0.07663826935696533,8.731805713600334,0.14004083265244138,167.34600706880835,0.09009229482075819,0.1630067098865277,8.686234631385854,0.00524635634982943
124.0,0.11637980114514729,1.2311811909980643,110.31943242020122,0.5878602493070424,1.2089295559119804,1.0592069741309318,0.623433534635718,1.3759592846600257,0.5028978715772277,0.6021778094353688,1.4934406308278991,0.37176227480659385,1.8772134009156034,1.9746314974659998,31.920442015556056,396.1869487119456,0.08056914070322986,low,0.8380924385353499,0.08273218795307813,18.259738674803142,0.16190756146465013,164.4806221921977,13.206059205320182,0.08028945312408128,2.522117010066914,0.19406810109373618,0.8429700098176095,0.0882613756004863,19.265109144829893,0.1570299901823905,164.20126672406676,0.08028786295817013,0.1943982689804519,18.781205384707032,0.025765319648593406
125.0,0.11582005109128599,0.986961885343354,161.99974358951886,0.8440215440486041,0.7724122316511053,1.0191218040262386,1.0665772400079818,1.7461976746761216,0.17205412623337546,0.9984482054825325,0.4149746371733118,0.7754765422097717,1.3695881087919768,0.6460878367103179,37.94000042698631,301.02739614060073,0.12603504170519314,low,0.8152211797314844,0.07572595389223426,22.92229806832239,0.18477882026851555,166.9306014727093,13.860275352654659,0.0830301648132539,2.4885513057257778,0.22728007981921122,0.8166151090686726,0.076357094783732,23.276151871880536,0.18338489093132737,166.50903370554107,0.08302683833690681,0.22785550779233033,23.08625712451244,0.00822544539567097
126.0,0.1220482595717053,1.2508952194603906,153.3165132908802,0.580325961818354,1.4705228230531695,0.8137795885995891,0.9282807933230736,0.5939646663360231,0.4022834364919457,1.475897214258996,0.05043677619901094,0.7673105672720952,0.32197380992804353,1.9483033799888163,40.982345728912456,320.9277886931127,0.1276995859280414,low,0.8018557946049976,0.08777611539231125,9.634447927985512,0.19814420539500244,165.57287633957355,17.037577938565466,0.10290077889100072,2.2739900667733006,0.24751847425094994,0.8015006051308478,0.09270224435470299,9.663223162279708,0.19849939486915225,165.09283236717513,0.10289387399575552,0.24823818903152364,9.547160516634442,0.012156771161754888
127.0,0.1279477651111732,1.1018229992104032,163.87456699382852,0.5516933249786918,0.8314061162696069,0.9436557884141175,0.9633222220959867,1.9040843475977192,0.711218484952537,1.0508803959721444,0.7238263903616496,1.214584936031405,1.870932578989278,0.055733869216184506,35.108163256551606,315.37851675765256,0.11132071904418872,low,0.8268105778122415,0.08364529167743356,24.095596412781187,0.17318942218775846,166.97399490544532,14.955797235075964,0.08956961976950474,2.4127390815693026,0.2102612641952586,0.8318196837394591,0.08880581469738379,25.68542946503003,0.16818031626054086,166.45452939059996,0.08956473914232962,0.21091744024680317,24.646595357162784,0.04214919313654167
128.0,0.136731505325586,0.41638280402421923,107.58933866015906,0.9691212422643702,1.031302701528584,0.9771544423724282,0.7038702038718359,1.3063454366200808,0.34645926731532,1.103117288296308,1.5236100697385095,1.4224735528007342,0.28465172102618264,1.7307734246221858,7.627372567774058,370.01981099446726,0.02061341674456481,low,0.9564503020169107,0.09584433488382861,16.26258857357707,0.043549697983089275,165.69317891592715,14.395949936275873,0.08688317787408974,2.4431908457250175,0.046033111427261554,0.95760285550384,0.09865637880402853,16.79736904523703,0.042397144496160055,165.202266116672,0.08687950271743336,0.04616990279290312,16.554417492329367,0.014675934868758515
129.0,0.11349192458344427,0.6892695175351131,155.1572594374354,0.7960300179162845,1.002005056056121,0.820835141412715,0.8150245998075786,1.7935782524525354,0.09775129716889222,0.18402845630278364,0.42123191177871283,1.744607434711064,1.1433133865546963,0.4618356904850915,26.42903939272423,342.345928978908,0.0771998062648279,low,0.8641413862913077,0.09956108748981425,22.439147998405392,0.13585861370869234,166.93470073406988,17.136134767742494,0.102651723652356,2.276413344110621,0.15831962603644756,0.8650718631425427,0.0967008822460698,22.72934384882309,0.1349281368574573,166.58595699683661,0.10264717260430117,0.15865106440650403,22.628256571199096,0.00446730296282106
130.0,0.09560365796376794,0.88702609378348,107.18404182413833,0.6784733325495286,0.8627649017225056,1.0415548283099285,1.046650596275147,0.9916344521544186,0.3447917603793431,1.38373483929361,0.5979242295308901,1.969264916714846,1.1288459809538633,1.554558609776574,33.11064447147542,303.5705747052451,0.10907066504592722,low,0.8342760132529461,0.07346152970585833,14.68301971706122,0.1657239867470539,166.46743886324398,13.530772739196186,0.08128179799961938,2.509833174338323,0.1989016272345994,0.8343624711262276,0.07475863072016066,14.788134294834707,0.16563752887377237,165.7895411682645,0.08127678895526466,0.19971491710608266,14.614209879239962,0.01190104816010696
131.0,0.11713439161330014,1.16529927779679,143.02616807573247,0.9011646850945039,0.7495626653466718,0.8594919501873046,0.5284600779534829,0.5782614162581734,0.7637254068144462,0.8620677292973498,0.741650390386471,0.9579649108333439,0.7771138900668698,0.07780825372480657,38.666445951449305,437.40284577174225,0.08840007861226241,low,0.8130857090807985,0.08870480036241098,9.803065074163328,0.18691429091920153,166.95461944211445,16.518612109999253,0.09894073111122566,2.3132342837695523,0.2315985390560308,0.8133157156626282,0.09704476984296333,9.980474213780198,0.18668428433737183,166.56585572979375,0.09893698288031577,0.23213908866277333,9.775704165747925,0.020946833553918878
132.0,0.11251505970026722,1.0477722463439472,92.78964153126536,0.5608142021559175,1.4639730627252698,1.0430335810117342,0.5246216092135966,0.6355119088895933,0.004705786723446306,1.6163418063674249,1.936118983282989,0.2139935051205869,1.909685590523525,1.715840310399556,24.44529062691984,439.3146252729545,0.055644153917551724,low,0.87060486255719,0.08692645947656603,9.188365697720858,0.12939513744280995,163.3297728798163,13.306975073731738,0.08147305196783365,2.507482964113744,0.14966830722839206,0.8713145849005289,0.09201294889207112,9.19713752410347,0.12868541509947107,162.8364713649461,0.08147025528192677,0.15012171672606137,9.195769483210805,0.00014876850655753466
133.0,0.13161381801792976,0.6714673899035724,98.16158508666075,0.6637165867226364,1.4994644178656606,1.0568057804400335,1.2571777489794451,0.5837804861534356,0.7253222130228928,0.6369564759689731,1.5273955453023247,0.8416353097415142,0.2640090893263941,0.8763802195465904,12.111938027928554,280.66900560090687,0.0431538138740939,low,0.9316327065786816,0.08083407627635598,7.983188109176163,0.06836729342131842,163.9531780268136,13.03552734299916,0.07950762223631477,2.531902384731425,0.07387437177916562,0.9320088321412338,0.08590531251179695,8.174769955682102,0.06799116785876624,163.6685970388024,0.07950534773727627,0.07400282184283076,7.995405017096398,0.022433502518280416
134.0,0.10746579821417357,0.9616140412929964,118.27059584471999,0.6588531080726616,0.919926787548108,0.9349525344584373,1.0167074665366367,1.880830530756172,0.7303745981178712,1.9091056569879585,0.6011227874266989,1.8376794635385914,1.9555495752233607,1.2591808143517242,31.346363874483703,307.5858099812444,0.10191095576351558,low,0.842272122978996,0.0850605794790078,23.49432360451849,0.157727877021004,166.79874049409617,15.048940763668083,0.09022214867504194,2.4054803313351174,0.1879292600269557,0.8452457215613007,0.08959442484627879,24.646445022904423,0.15475427843869927,165.97529047092078,0.09021396313694263,0.18886162985794358,23.703586685649146,0.03977703247020045
135.0,0.11334712850835281,1.38945409736101,100.8311437553055,0.7391648941406015,1.4415867546948804,0.8975694238891831,1.198408950199686,0.9860723287719515,0.5739563346779505,0.0734165733325374,1.9603395567716506,1.109255775643134,1.717884054948027,1.7881526290910879,34.71106828446907,286.245326731439,0.1212633536443223,low,0.8264913486494025,0.08218376375600028,14.228862112312203,0.17350865135059745,165.39972620362755,15.400373215894426,0.09311002847087337,2.3739733833049934,0.20986170340896115,0.8293869643407784,0.08491471683901583,14.827577429549633,0.1706130356592216,165.14683330311206,0.09310693056054795,0.21018306915252832,14.49353351596895,0.023047789775532207
136.0,0.11920001229165939,1.2687564678837462,88.67082578088004,0.5579571593639246,0.9827527923456572,1.0529541039407202,1.9479438398678346,1.540122608253426,0.6007746907116015,1.8118231760573735,0.6589220931536214,1.6000326677788161,1.8394389458607245,1.1628358986782117,25.203250103931907,240.40866928933963,0.10483503019435202,low,0.868512310916715,0.06902286244582023,19.72700227994526,0.131487689083285,167.02637565927157,13.177852830941218,0.07889683757386685,2.5396141333801454,0.1508938334107526,0.8699327738323854,0.07137277598898711,20.333465070219997,0.13006722616761457,166.26280261591356,0.07888927220772635,0.15158682343491076,19.78571184728268,0.027684281827471565
137.0,0.11033247786369038,0.7241236873254638,89.5966403268358,0.6626835007790908,1.0671510387403367,1.0643231489554366,0.5558309654687861,1.2255958811483607,0.4392243917083632,1.038738787288444,1.3096588838831071,0.7919637162748692,1.4146942413109718,1.2499458661806455,16.9647655812956,424.0641599109071,0.04000518597199957,low,0.9074759443078393,0.08812992820766215,15.93050969757763,0.09252405569216071,164.9643717543583,13.206461230128612,0.08005644545959183,2.52502332485961,0.10283896698953363,0.909131923443241,0.09324146406214463,16.428150676933157,0.09086807655675899,164.53738154592475,0.08005416324933178,0.1031058439237438,16.133447958976607,0.01826656761195169
138.0,0.1147518515725132,0.925152990613687,152.6574020867723,0.8031892895873258,1.3322175756844108,1.001355894538982,0.891678169385577,0.9085407741812618,0.6120944643314798,0.9813192903005307,1.713588942877715,0.5315145144512904,1.566058774760467,1.1557737917868744,34.139892405185606,327.2545524261308,0.10432213135642107,low,0.8285582061961885,0.0797694943817964,13.223245994094059,0.17144179380381153,164.6185260616506,13.894430727879543,0.08440380958505239,2.4721427411352273,0.20738791205310642,0.830687684854698,0.08542800373232998,13.668108732141421,0.16931231514530198,164.23854677129162,0.08440083652153672,0.20786772092380176,13.355926203075699,0.023374083108802377
139.0,0.11235159385438191,0.9390189418322127,102.31318597466192,0.8487527778035726,1.2300814553823698,1.1929511659494074,1.431819137975871,0.8223504030200511,0.7786871025340094,0.5339411024166137,0.729176017275432,0.20247566289813115,1.659186774932336,1.0256321476621464,24.22688696954347,266.8287208242697,0.0907956493390343,low,0.8715832792183776,0.06745721657666742,11.512024144568956,0.12841672078162236,164.53025500834252,11.626363439387777,0.07066398480205517,2.649819244612702,0.14724882647459,0.8722932578778427,0.07238302490936588,11.838837105558456,0.12770674212215727,164.30269772346267,0.0706626203696336,0.14745276435034355,11.526529014063778,0.02709472132622268
140.0,0.11277398148613493,0.6411948650603152,118.91890556230953,0.5624659879881627,1.0777025245461531,0.8599544521669655,1.6479012216488522,1.220809804800786,0.3667082543614312,1.7940865677280673,1.5798324875634868,1.7689159327254904,1.40822923628437,1.818841470867165,19.08416838009701,253.75633491815273,0.07520666779118036,low,0.8977556838212206,0.08377103402961354,16.326721052134292,0.10224431617877938,167.87342870815843,16.104352541367806,0.09593151617439478,2.344120715269415,0.11368188835455381,0.8996655922916623,0.0849707366410192,16.791805651443394,0.10033440770833768,167.09994675219994,0.09591928895308743,0.11420810569376057,16.537470037213023,0.01537935449969424
141.0,0.11116752034202738,0.7837228815825062,125.98341300517257,0.7502203418466828,1.070952677703403,0.8872917903649477,0.5259318025486465,1.9631778903021364,0.6038785583590539,1.5465208542167221,0.8737786213308297,0.258700122002044,1.280130226589396,0.7522668210760179,25.431395175974345,438.6726141538651,0.057973519101546286,low,0.8681300347408775,0.10191409926442876,23.572022237123658,0.13186996525912253,165.73308794540773,15.864174330638114,0.09572122578120158,2.346315210119221,0.15344790525082963,0.8746417659832324,0.11303325542834103,25.308936595462747,0.1253582340167676,165.26333649259828,0.09571705268144022,0.15388407202533605,24.336983868172908,0.039937271296831736
142.0,0.15087746309020664,0.6844549307741927,126.92185203155594,0.6327030706042199,1.0379536890787706,1.1820546203861089,1.2878695882856472,1.6155459844994384,0.5619818912710016,1.9397344149441196,1.3957382757966021,1.2205847874887084,1.3963888438140362,0.3137042221038136,12.147380581844104,277.9944980077641,0.04369647841557224,low,0.9317924292975159,0.07504460827076061,19.124092010470065,0.06820757070248407,165.34508495472198,11.82993815210914,0.07154695983463098,2.637401263964433,0.07346683806882158,0.9347485044750016,0.07890845057060032,20.20740316155621,0.06525149552499843,164.6369454890462,0.07154287370615328,0.07378283498737716,19.604654752762865,0.030745168246760435
143.0,0.13538270297654065,0.8913957517184343,94.54606016660418,0.8039186406281226,0.9106893662872068,1.0316669002898065,1.2651479623004782,0.5840627227293873,0.620940997042728,0.5605549315045079,1.3287503169514043,1.9534257115512508,1.3342056722210955,1.452550857161339,14.636517685961426,279.99583826871606,0.0522740544161751,low,0.919554995315337,0.07670743467160532,8.626876946840799,0.08044500468466298,166.61447604012508,13.608900416423081,0.08167897976131262,2.5049585958830627,0.08784661473494401,0.9195730541750233,0.07897556721248218,8.7663315100086,0.08042694582497667,166.13036806428036,0.08167494300900505,0.08810260192945676,8.617935740404938,0.01721941008540042
144.0,0.13139262720335912,0.7337406625367081,177.7374475214235,0.8106065582027133,0.713780494564907,1.1012682085523848,1.5692270721161967,1.064234822737818,0.5947151788865493,0.6006999568646981,0.47220185242217355,1.1258856883507906,1.6839645375644412,1.6379030081689152,24.04527015767866,258.1293215546811,0.09315202942795091,low,0.8743536903668324,0.06765618746693483,15.101018606985594,0.12564630963316759,167.339452223377,12.781510844269626,0.07638073792190932,2.5720247360385935,0.14369157923130563,0.8746108023381802,0.07033225123132078,15.405678538776918,0.12538919766181977,166.94862792478125,0.0763777315302223,0.14402795911873117,15.09338959274517,0.020690444920460634
145.0,0.10369258406285066,1.1158946949259478,94.84427427443354,0.6059195671906797,1.1679147751563264,0.9861503439635356,1.3169497409971713,1.3332967393018116,0.609845104135336,0.9837863393793583,0.7715534212756824,0.9828441036232197,1.1135660535463607,1.4439190249241942,31.33206819694714,275.53576597049215,0.11371325274811175,low,0.8411391336394165,0.07681343672169338,17.982140371483545,0.1588608663605835,165.96688731339034,14.115199648360136,0.08504828810645115,2.4645360884268936,0.18878505649011618,0.843077028039186,0.08077124131685182,18.60537959891686,0.15692297196081395,165.53544434073922,0.08504407628339676,0.18927709604266388,18.1172875737904,0.026940678793031
146.0,0.11725179515673213,0.5296004311409387,158.86828444714547,0.9989155825649636,1.267490234320967,0.8165211874339895,0.8618362094418478,0.5648553319635463,0.357414317230916,1.2839793679065294,0.06330750870764403,1.3144495529578466,1.0261785620050796,0.7222175671183565,19.480345800652323,332.806173431726,0.058533607113657245,low,0.8957399144710534,0.09718202844761904,8.50376831834198,0.10426008552894661,166.1509629809509,17.093380417756958,0.10287861178220614,2.274205512147182,0.11724485643147146,0.8954103477890549,0.10074306605044037,8.50878658385542,0.10458965221094507,165.6063976037286,0.10287114806905752,0.11763039400969208,8.425201131419959,0.009920885107863727
147.0,0.10732950694500254,1.1115576253622796,127.91925496402688,0.8905182575844748,0.9400037082210806,0.9136154714889595,1.7045422120503435,1.1486785453992847,0.6152175536770856,0.2155320648239283,0.18410621265838456,0.6035847202018824,0.44888278588099034,1.8059150750632194,39.28979495662838,250.88546409980324,0.15660450914365742,low,0.8097760668554873,0.07175527402035638,16.9250845968269,0.1902239331445127,167.94662831310188,15.22191598219616,0.09063543659726252,2.4009100099854326,0.23394214787915035,0.810221605352553,0.07514837058488177,17.32045792332336,0.18977839464744695,167.78212037106465,0.09063321152739688,0.23417152477114722,16.930977480920006,0.02300401396447844
148.0,0.10969947414330945,0.5555011083540072,165.82747085054626,0.707877956286128,0.7505122575656186,1.1874613731104873,0.9945933490566837,1.5090321137005676,0.027329135848384208,0.8596475417931261,1.8706806037108035,0.888979275963345,1.0935369611753762,0.1026928011725577,24.365899169210252,310.7223103884769,0.07841696059335769,low,0.8725791168532808,0.07155012841463655,19.56504562931319,0.12742088314671918,166.24292038657723,11.913546337528269,0.07166348082567844,2.635773994105859,0.14656804098815385,0.8783730588482102,0.07107606567286259,20.562139690559324,0.12162694115178985,165.84931924659807,0.07166154678540725,0.14691588292250438,20.53101421715324,0.0015160222031350308
149.0,0.10519759508813606,0.4645883529593203,143.76902873407175,0.6943279233541126,0.8516931157382063,1.0742658180474634,0.9560531888499586,0.5085026973247107,0.13206189008195088,0.33760992839533926,1.150642937101915,1.570609205004496,0.49594101632842374,0.9955217289203994,19.211981552501374,316.5044233680069,0.0607005151715152,low,0.8968142083892088,0.07564922836053081,7.816842659933765,0.10318579161079122,166.24833945223537,13.134027502173659,0.07900245828288217,2.5382763094944174,0.11556194555567965,0.8968431032342244,0.07516570851512008,7.841507103565106,0.10315689676577555,165.91194328109222,0.07900028520901989,0.11579625416087104,7.814774517706493,0.0034207750713783525
150.0,0.09973201962264548,0.8406698063221891,151.29297159951574,0.8705194039245578,1.0372346676421742,0.9976620757024983,0.6367066965667538,1.1283128342675255,0.28883661597886945,1.7697522454805714,0.3580798602499203,1.2332036995691822,1.1607740396637793,0.45883295826954384,40.70287650698966,391.425453949433,0.10398627911471472,low,0.803218851083682,0.08079628751863252,16.54321148707933,0.19678114891631804,165.47766780973885,14.102567298933247,0.08522338685089487,2.462479389258226,0.24597202175817814,0.8031332084603257,0.08386942702626769,16.611356129123052,0.19686679153967435,164.8215399530361,0.08521893380188997,0.24695119654013334,16.431632130496165,0.010937683925708732
151.0,0.09964802130300517,1.3087900230436675,134.546515418743,0.7718344904005185,1.0840292139709828,1.0672145239696236,0.9477904286036677,0.6673982045336654,0.12366955815758768,0.7165114301241208,1.9249212425829685,0.7618254970087405,0.46032561961828655,1.7445202054345124,56.448863006722426,317.78950894764637,0.1776297247623174,low,0.7447189639865875,0.06590677545088836,11.34847548228323,0.25528103601341245,165.35188758735688,13.128471907069608,0.07939716986982516,2.53329255532117,0.3413862631407821,0.7462084165067197,0.06710074634582378,11.493186784028198,0.25379158349328035,165.04260526206562,0.07939512093561549,0.3420260054492546,11.447585305090344,0.003983501998240351
152.0,0.15015865775310142,0.5519676896383101,170.4206921868328,0.5087087028167249,0.8350513621551552,1.1205904974532142,0.9310436171088304,0.721129541493144,0.2934831295400217,1.34515280897961,1.0537474924849612,0.03842672192184672,0.9427751607744209,0.5166727131685599,13.279611001560905,320.5191352907495,0.04143157003563827,low,0.9263720250505733,0.07679194973609406,10.304311805872219,0.07362797494942674,166.0926544970069,12.599200111642972,0.07585645584266353,2.578912463524575,0.07995303008297827,0.9265644729422681,0.08150101301184799,10.390582886289794,0.07343552705773193,165.71260416714307,0.07585430924053937,0.08013639679554285,10.29937280076526,0.008855887371875345
153.0,0.1086185207556666,1.355085392433499,92.24286404352512,0.7543256056084019,1.057738023758996,0.8803820570228424,1.8714588296096137,0.7428690356763916,0.13109388996266996,0.3342141900738831,0.9743120847072425,1.7278192136795332,0.4882958243096183,1.9576005631220923,33.72421131761104,243.4008507732265,0.1385542047633657,low,0.832050038462756,0.07243100092950827,11.59131485543001,0.16794996153724395,168.1036406048152,15.672271527626759,0.09322981626834462,2.3726876914108126,0.20061559164498566,0.8321049700468076,0.07189710789656875,11.659097639070671,0.1678950299531924,167.73910611469475,0.09322409208477049,0.20105157407093538,11.612161100827482,0.004042015765682455
154.0,0.11439596906223258,0.4322727449539378,144.87845306715775,0.9224099401107353,0.7156148032938929,0.8550340132554921,0.547219233140314,0.7910368185413885,0.5299950257657291,0.44029511676053623,0.007852251443472449,0.21163360860281177,1.5100534784589026,1.433755445626798,15.233171730858343,428.1399743249408,0.03557988658937272,low,0.9172229674587256,0.10062631693645933,11.59236751330854,0.08277703254127444,167.1189638176588,16.616570222608097,0.09942959101121647,2.308305513332453,0.09115166455602879,0.917219014187787,0.10697741634891605,11.726816271144171,0.08278098581221305,166.91361877239032,0.09942756198880423,0.09126380365421749,11.551581290590091,0.015169782919402259
155.0,0.12313388595942094,0.44288512449860185,138.49998869406943,0.7744213530212813,1.404405498622129,1.1161817881997214,0.5950659373355104,0.5595350919005277,0.37668068470627025,1.365783351176433,1.1000358338128728,1.138135888895946,0.7660109125166965,1.228731795473292,12.877625404576127,407.09159913935883,0.031633237904690234,low,0.9275768276661333,0.08595721115363784,7.724398131540668,0.07242317233386675,163.2868639168838,12.439492493685348,0.07618183236109731,2.574632265174253,0.07886504214528298,0.9276602426567854,0.09234299030875137,7.775983111230269,0.07233975734321463,162.77247524122495,0.07617932774154472,0.07911426907707703,7.689294056315979,0.011273993981682036
156.0,0.1495541108872295,1.347343574606246,162.11519318134452,0.6920337348202055,0.9489837776880843,1.0683947422490305,1.0827790369951467,0.9812508521725646,0.15924301618336634,0.332145150843373,0.6474675389970737,1.3540784734262512,1.4526626693485734,0.30957246601962685,31.085330598178107,299.0103680931927,0.10396071145094785,low,0.8424257707336585,0.07282187509505704,14.299681424404,0.15757422926634146,166.0503576546509,13.152973136898405,0.07921074861069413,2.535643274588683,0.18720423754117363,0.8428253740293059,0.07232226956225377,14.401961355000555,0.1571746259706941,165.7100332829854,0.0792083681001689,0.18758870529639715,14.323790562002246,0.005457409661216227
157.0,0.12551696628750245,0.8555132628726148,172.64184533441176,0.7228097346233378,1.1106453518732875,0.9710306373276911,0.6505120788021183,0.7321292533832481,0.6935212772821391,1.0069676616914622,1.655830142233856,0.027805123377610208,0.9986171697047251,1.5397417288297313,29.84132314992502,386.65838751056924,0.07717748822688947,low,0.8477644973092822,0.08482179382173326,11.10628799298271,0.15223550269071784,165.346510565854,14.458997694839965,0.08744664550438913,2.4367264372653827,0.18047748965370428,0.8493255871990276,0.09426745514161913,11.427695325454664,0.15067441280097238,165.05087567626785,0.08744445699568658,0.18080075629805217,11.173444416737393,0.02275492670249587
158.0,0.11673655015229048,1.1325598845309433,138.96618884176536,0.6921227920935515,1.1712600946705682,0.8966166824246262,1.8074658350454755,1.912349603046464,0.4311468749010199,1.9420633522583672,1.7644080679582108,0.4945233329493855,0.5670865372641803,1.4967750768740429,36.76264409507896,246.09550958163888,0.14938364441340385,low,0.8192188301956174,0.07627123812383187,23.88716244705351,0.18078116980438264,167.42311914656318,15.370139278761346,0.09180416275309168,2.388097636489541,0.21957925692984331,0.8445639206308649,0.08024972441659876,28.826918487503793,0.15543607936913506,166.8379772974362,0.09179549811218427,0.2203493754275088,26.96280980061067,0.06913629182856537
159.0,0.13091982950181322,1.2797655621280968,165.58872385596,0.7748667117300394,1.0030459755090548,0.914978617989289,1.15792276383434,1.539349367243987,0.6710832764533748,1.338244891622308,0.3974914809408989,1.588143655479631,0.506215887588158,0.34285729206852794,39.355047754535846,290.44496194371555,0.13549915788231967,low,0.8093552821518962,0.08021859765041563,20.928781388847835,0.19064471784810377,166.857258084806,15.312760995581126,0.09177162067351209,2.388452172140301,0.23586056852578421,0.8103932113479703,0.0841780107933338,21.582675563760567,0.18960678865202973,166.27259585103965,0.09176504948928296,0.23668992207106251,20.939546719754453,0.030713599134377798
160.0,0.09229266955170054,0.7585575314454431,149.56192707451638,0.5350898814814335,1.3603486096927833,1.1310410917961904,0.6019061520182334,1.0794530962092634,0.7646574478992887,1.139985021159574,1.5022043791094097,0.6342853582646565,0.2785340612542266,0.6147503074097203,42.3960395027451,404.3677960122167,0.10484524218012711,low,0.7938682182315308,0.07514027106370681,15.421818209101213,0.20613178176846925,163.42563082985282,12.291837692118733,0.07521364690289079,2.5874225897184138,0.25942099343575337,0.7976238795654399,0.0841741703671668,16.176989846790008,0.2023761204345601,163.0518467194225,0.07521189376964602,0.2600156965759465,15.641968143841549,0.03420424450609204
161.0,0.1475217015280853,0.7672825885583822,127.05868426143397,0.6987143273188208,1.0294151848291917,1.1648507527054575,0.5925981571182581,1.2402424397549368,0.19029253934213755,0.2798700410490167,0.7509591583273388,1.3778729608632603,1.133634147196428,1.7497132467502208,14.259293175870486,408.12383369589816,0.03493864361397573,low,0.9209172131234006,0.08258137823981436,15.802993121607864,0.07908278687659942,164.7712133649495,12.06765651296386,0.07323886415908931,2.6140290677738385,0.08653995370106168,0.9214522954581837,0.08239030610008428,16.01218840109884,0.07854770454181625,164.45738464769775,0.0732375460149489,0.08670509510057507,15.894015547142384,0.0074350533762817285
162.0,0.12944900163461553,0.6083770503829283,162.48578335793235,0.9516964152569727,0.9538394270533307,1.136717683711828,1.2166367857921518,1.997478376760725,0.043808999452092476,0.479591125629371,1.0572918000943263,1.077392933100316,1.0162173334843412,1.964016168780183,18.777635654425854,284.4949189237795,0.06600341308540793,low,0.8986034206813953,0.07632175433901159,23.048470087527527,0.10139657931860468,165.85123296157238,12.344731102019184,0.07443255549917709,2.597861858936967,0.11321975314332829,0.9034711765764937,0.07527663374932056,24.093128899900325,0.09652882342350633,165.5311011045531,0.07443056551996928,0.11343871652593845,24.02643837179181,0.002775714280932053
163.0,0.1224513019063198,0.6160502147054681,122.74612286251909,0.5130920096135109,0.9980612118198382,1.1451170102605635,1.7834564491596736,0.8647759851423109,0.5239754821957486,0.13738738725382094,0.9284426902939185,1.4017618104420535,1.5049507443022685,0.44150103759020104,16.052667486352448,247.17241710803847,0.06494522193929052,low,0.9118664353563928,0.06757617763568315,11.942528502330491,0.08813356464360722,166.20118453698726,12.1581750257887,0.07315335964457556,2.615197224415159,0.09658575858573383,0.9121875933599769,0.0690174001312293,12.18214056227137,0.0878124066400231,165.89810237013995,0.07315109075196002,0.09676221281022786,11.975864943290025,0.0172242773242795
164.0,0.14398269827600885,0.8377004650036247,112.48789734117639,0.8510574508550919,1.1703034475173761,1.06985077482947,0.8669405156558029,1.5263034933434287,0.1985448988266293,1.9818027875106126,0.45189215440732383,0.09663991112110183,0.07704820249566446,1.6005491481366982,14.46851858560671,331.83782721324764,0.043601173221004916,low,0.9198831321061903,0.08571905929844259,18.47274359371699,0.08011686789380967,164.88186538428934,13.068205811356291,0.07925799347853257,2.5350470072287568,0.08775081815022534,0.9206482717498862,0.09008802788721329,18.646705804599748,0.07935172825011383,164.38422871696073,0.07925483334989454,0.08801646422248223,18.485497251471916,0.008720812371709151
165.0,0.11113708557627501,0.49168702118220764,147.66906913243525,0.7633850104053617,0.8735852434157613,1.146210706037296,1.2578758489263417,1.9469565846843766,0.4982094942465882,0.6537553395728118,0.7007887106294506,0.9616300830375129,0.751300219693948,1.9938117988647248,18.711577447881126,280.6513135557365,0.06667197530919469,low,0.8990881013820589,0.07479002705451616,22.774543671088193,0.10091189861794114,166.1796981399788,12.268645291842398,0.07382758200407914,2.606022877306396,0.11259845611297073,0.9021549086136593,0.07809559916973653,23.914685856518616,0.09784509138634068,165.8438253053138,0.07382551533604725,0.11282649452539846,23.270614051693325,0.027677473546445765
166.0,0.1013050013407053,0.8417145319952372,137.42978974163356,0.578436642634458,1.197311678822054,0.9944927389922888,0.7618458647900547,0.640321679352229,0.6126560244614542,1.8296712139384415,1.3902014876175774,0.09479089449079763,1.3119380954870212,1.3705621814333389,35.878482110255916,354.5637766706184,0.10119048947176071,low,0.8218080650228748,0.07928258693211665,10.055122998208509,0.17819193497712515,165.03867175187392,14.066518727397444,0.08523165254592961,2.462382405384115,0.21739439447378217,0.8227552618547787,0.08891303919101924,10.233601448989084,0.17724473814522135,164.52462543580776,0.08522784359312585,0.21807362888818457,10.038751128771366,0.01940981679078296
167.0,0.11556168535377467,0.8595636444825017,156.9499864269731,0.5008629436512352,0.9480599239566612,1.0022307876543342,0.9846867231887871,1.2146694074071582,0.12443852588971467,0.18189515525731156,1.4496929864739279,1.273005950859239,1.5220882060197214,1.6857901963881694,32.155977374592084,312.1525187261449,0.10301367262970225,low,0.838306678833031,0.07820458426606272,17.07895467160664,0.161693321166969,166.26735946916864,14.034735882063513,0.08441064997285896,2.4720617008282746,0.1933992184470509,0.8409297626812597,0.0773988282009864,17.526913751985166,0.15907023731874026,165.96891589455305,0.08440825687045816,0.19374698690580183,17.437123998463164,0.005149344211230906
168.0,0.12633334452813524,1.1091668015264347,142.68611261705283,0.6592801600502671,1.0643444156879798,0.8585970664317182,1.3191524094287859,1.6647581637387137,0.04736193369832241,0.2095840014872901,1.9534175467390724,0.7717605287675435,1.2423390865889041,1.3858534594502911,31.56404894425945,275.3621348035343,0.11462741225034374,low,0.8414273741212996,0.08523282283927856,21.55198501253586,0.15857262587870036,167.36192856951112,16.23887205293862,0.09702847112086226,2.3327508268364365,0.18859754553527283,0.8533907756263096,0.08488936065977831,23.533602302739556,0.1466092243736904,167.13756896999777,0.09702527419094206,0.18885071225324207,23.441556986119675,0.003926587157772133
169.0,0.136450194334346,0.6055774373175151,144.1233705296466,0.7383932847846598,1.0597526457990076,1.132095113036188,0.6134622026144929,0.8108380157959328,0.5816583893219119,1.1138645812448942,1.8007822255151915,1.2687123875413076,1.212429206921974,1.088259510595219,14.921274026796961,399.9236767070398,0.03731030418018334,low,0.9175431994213089,0.08212577562508827,11.189276827551733,0.08245680057869109,164.78716742973174,12.407158439150278,0.0752920183814733,2.5863811473844267,0.09054876213683125,0.9182536449813865,0.08807243235571369,11.457506793313206,0.08174635501861349,164.28204022619778,0.07528967545045466,0.09082717749458222,11.23856539808342,0.01948125828116133
170.0,0.13122455728523713,1.3634202258781207,112.02322913557668,0.9805389006404104,1.1953765511389582,1.1727962848345097,0.5664434668265037,1.5707432581426801,0.6549452839687184,1.0652873172734827,1.7964868964840635,1.8920907567704222,0.8926738545681084,0.04088752665176221,28.233044614850073,419.2382921127862,0.06734366861520998,low,0.8536520709240513,0.07962285523404937,19.65733939136282,0.14634792907594874,163.969470305789,11.918250885197889,0.07268579244033278,2.6216093407716885,0.1721847644088736,0.8611840005746146,0.08409173670278147,21.345628007439263,0.13881599942538536,163.40832741898444,0.07268349521530365,0.1727760455099672,20.482902662921703,0.04211929132872715
171.0,0.09507512604768927,1.2554039656942684,122.60348971430135,0.8820357348208843,1.1596158199948576,0.8004600041238535,1.8341770070474481,0.9287322976730733,0.3970643205699751,0.13522266141321135,0.5793847774411489,1.9234548954131336,1.7007942771987976,0.32750197863812686,54.20041797260143,244.94516555366354,0.22127572042538227,low,0.7547870273132241,0.07182749305176926,15.069912977763833,0.2452129726867759,168.60423415841922,17.144902380327625,0.101687258721026,2.285853266755286,0.32146534304515234,0.7550086934530094,0.07191820910708946,15.299811340905558,0.24499130654699064,168.2103459682202,0.10167936553820743,0.3222180993720889,15.090803757449137,0.013849996780539284
172.0,0.09683404225961753,0.7652413982384808,166.22529027592628,0.9681100516778294,0.7927259244703819,0.9305806215027763,0.9650348890352989,1.7302861600779729,0.6159267236819761,1.986983892016971,0.5469869374010111,0.9590281598797298,0.038737917369529175,0.6812619255297023,43.180688318083966,315.11825176563,0.137030108780242,low,0.7952437159120042,0.08073758088082329,23.247599870517853,0.20475628408799584,167.18261375630436,15.180375882192903,0.0908011637162268,2.3990831771990124,0.25828456289735235,0.7983128865454796,0.08670550905991153,24.21531915988962,0.2016871134545204,166.5438918636942,0.09079491802885892,0.259275124622551,23.461783663788413,0.03211757072264867
173.0,0.07063520827423633,0.4339012724768596,157.71957487919275,0.7009847756832517,0.8036134723686483,0.8861687918543474,0.5573711692744314,0.7872896387041199,0.1534720914880736,1.2431602405210163,1.5496433862395502,0.985794669215469,0.06927886276970703,0.7914131308381182,43.6600459805081,423.3776855379791,0.10312316277375363,low,0.7935763998950212,0.08563220534732773,12.903926120007473,0.20642360010497884,166.7023600593704,15.995487644248676,0.09595237667032393,2.343903286951675,0.2619041863891954,0.7948049129415198,0.08835336872670001,13.046718474430396,0.20519508705848022,166.24334700832176,0.0959482411893329,0.2626273277469719,12.98288197673917,0.004916974351734711
174.0,0.13357313535098397,1.1718870649559863,114.32114941386044,0.8166608562322375,1.4123285910388728,1.0336614187300905,0.8244021127439851,0.8206501638000431,0.432014617225395,0.23323280425755707,1.2461040693846843,1.9094378065352375,1.0807337021978,0.8454940080874995,23.901448964861004,340.32049662146994,0.0702321758522996,low,0.8733904991981167,0.08317751200930429,11.49399713243901,0.12660950080188327,163.98476665003597,13.427130678698385,0.081880353602317,2.502496199655176,0.14575408102308487,0.8738495110933496,0.08400490779504362,11.702441736306968,0.12615048890665037,163.61427956571313,0.08187778529994276,0.14608412559284814,11.530550566507882,0.01490745552934547
175.0,0.1415811465497747,0.7694664849852046,118.64691218947146,0.5546084236306617,1.4012077094031878,1.15957474647808,0.7846057953847397,1.0432439419453177,0.03218834041298616,1.9668886049025283,0.2702077892249967,0.08609290787413983,0.6837773873763894,0.8978854548664762,14.49724324175016,349.1091149712691,0.04152639567415263,low,0.9190650848170929,0.08189986776568761,13.261433920371067,0.08093491518290707,163.26210492313638,11.953224785247418,0.07321493736023423,2.6143558165344682,0.08879735593618276,0.9190416692157506,0.08542375154976796,13.185358554096444,0.08095833078424941,162.75792366249215,0.07321247302642413,0.08907242680124626,13.169449442453116,0.001208031642692927
176.0,0.09207711449032754,0.7000094940366721,81.63153124710468,0.6870528943671366,0.9086614391848674,1.129338109774721,0.6804799110437685,0.7227124136530887,0.28503944287793337,0.9961996979250825,0.9261302864940859,0.8572476579189203,0.36540372793852544,1.7364474122671514,21.45401593241534,377.00529741315705,0.05690640444477378,low,0.8858003418670003,0.07703439072984287,10.627259576456487,0.1141996581329997,165.4960379416065,12.493440510336894,0.07549087377393934,2.583743507199758,0.12963461965165085,0.8860230391670775,0.08054628919538072,10.710435099899177,0.11397696083292252,165.11011009075753,0.07548901057156746,0.12993762720297697,10.61871673682236,0.008637424403531402
177.0,0.10242878115033172,0.41831024484588875,169.22680617004036,0.6507511393421374,0.8099601841070048,0.9415463663527848,0.5945053022690168,1.2060108947645294,0.7703197834063698,0.7111537285111877,0.7541978124636836,0.2626465388426434,1.7066347888116518,1.8658786223574098,21.47700788825132,407.3697431075948,0.05272116609450495,low,0.8865968462963534,0.09220478843906882,16.532755863637533,0.11340315370364662,166.48608101696155,15.046941537641944,0.09037957675338017,2.403736957977659,0.12900182259718906,0.8878551183379823,0.10225320654320577,17.143532750235792,0.11214488166201775,166.19703046678146,0.09037734294358202,0.12922618309082257,16.648629841731196,0.02972634464273329
178.0,0.11588124950433377,0.9231091776762204,177.00311098439698,0.5201215079298647,0.9910416800424999,0.8283130722606429,0.6342026011845737,1.421575372530038,0.10555305979406596,1.0595880409478757,0.6558414881001337,1.2656027721433014,0.29692131788663423,0.5094227936415108,38.73091497714895,392.31513843457316,0.0987239878932384,low,0.8123701917991575,0.09540757134844972,19.88257035778386,0.18762980820084252,166.5562231228268,17.019400353324812,0.10218411557503838,2.280979038194012,0.23253958483788903,0.8139846678887556,0.09518422292206571,20.133248917742666,0.18601533211124444,166.09776538958516,0.10217882516097704,0.23318143315357023,20.042402803851104,0.0045326957441503
179.0,0.0852677482579835,0.9157446250385484,163.63890838003158,0.7169080427786435,1.1314247237125528,0.8578419595542992,1.886197411414472,1.083206796898189,0.15533598904536947,0.011012794486260948,1.6765563788018163,1.080308026055216,1.7415067183868935,0.018474372268813533,65.60568744771311,242.7988200852898,0.27020595662148317,intermediate,0.7169343412031728,0.06560822806239947,17.588603807675483,0.2830656587968272,168.10559897459675,16.03134815479458,0.09536474842350226,2.3500462821952675,0.3902647374501018,0.7210509198927517,0.065187645166601,18.248648030481768,0.2789490801072483,167.86405455370266,0.09536066461002049,0.3908263006165188,18.123222606365903,0.006920702064974227
180.0,0.12911717688318478,1.0149007510353685,90.27614174232642,0.8718303163630379,1.2498338507932065,1.160852533460658,0.8159417305985721,1.0784885355418483,0.713735227666839,1.980052003681531,1.1425404765043379,1.8444547130839857,0.4794943900519086,1.2780721914732562,17.49357806879471,342.1296222590586,0.05113143361655097,low,0.9040688542411629,0.07919117309032099,14.016726947715927,0.0959311457588371,164.01551572232106,12.003657840979466,0.0731861116194745,2.6147496079906514,0.10665806824283265,0.9049151372228592,0.0858612388970157,14.403705536665424,0.09508486277714079,163.2617594843931,0.0731824022627545,0.10715049331847364,14.006930464697469,0.02832705373728896
181.0,0.13729873433512882,1.0970041841016136,82.33580828633126,0.637900925996614,1.4809406419819091,0.9513578965189295,0.5400396809916372,1.289454315922626,0.7965577281769928,0.7010719363939,0.21934260823700394,1.6075286832926385,0.8297786508293937,0.8021919374599579,15.251554011179378,431.5406329607931,0.03534210418735941,low,0.9157954507422156,0.10040687291754113,16.09456466364833,0.08420454925778442,163.81594268974763,14.603617364358554,0.08914649651662088,2.4174742341931466,0.09310176873361112,0.9158773131887318,0.10836702913351637,16.548089704257503,0.08412268681126822,163.39129610494825,0.08914332666876004,0.09334373601751171,16.02903731641205,0.032382006330099244
182.0,0.12190544380966925,1.3870127542825332,159.8579153400376,0.7817774602194812,1.389306183470793,0.9785722412308591,0.8503360721117683,0.5334174491616359,0.2044783382627185,1.520062353634007,0.2294695751363306,0.7630993022891371,0.5198154901741228,1.6832620446571944,47.491788746993436,335.03821522325353,0.14175036335884003,low,0.7756107788858368,0.07542117838962926,8.857601935703563,0.22438922111416315,164.46895578025638,14.200276524392338,0.08634016344923498,2.4494603957684,0.2887583770547327,0.7752972064346136,0.07945164805192172,8.837516473553158,0.22470279356538636,163.97522420921376,0.08633611030168475,0.28962783235105877,8.783513380492117,0.006148233710326026
183.0,0.13265777015308675,1.0700440607880513,155.68044118524318,0.9932626381763152,1.4527727584114394,1.173718412387886,0.9021281961909671,0.8603864641039688,0.07354699963408273,0.16680328714997208,0.05848539721273848,0.39222197488811905,0.7428158587853365,1.3460607167997118,30.131479444455515,325.3898154875872,0.0926011756062628,low,0.8441786548436027,0.07334540040763493,12.004845228039372,0.15582134515639734,163.0370779266176,11.774198337565664,0.07221791807913283,2.628067091031967,0.18481366219049628,0.8440398967517463,0.07350938037274174,12.017970422277216,0.1559601032482537,162.91284774090693,0.072217292832036,0.18495459297584663,11.986742466607303,0.002605207858340775
184.0,0.12394992401245497,1.0736347129224106,129.80353745696698,0.8465021068686525,0.9093978510770167,0.9245056726208241,1.4343970320299828,0.7033255444111192,0.39552346736631505,0.8395037798583926,0.1966678069347559,0.4282939706714553,1.228659124517758,1.3099023535808978,28.873582369559546,266.6725966298019,0.10827352616827816,low,0.8528618960676922,0.07557684348283251,10.92646318184777,0.14713810393230775,167.55229873185388,15.132743809092606,0.09031653951409307,2.4044346734919317,0.17232579074171964,0.8528052664964851,0.07819539552740466,11.002586240619811,0.14719473350351486,167.22565544234473,0.09031260741934123,0.1726623961687173,10.877219131292449,0.011525658149765135
185.0,0.07865281176109046,0.8242906760057769,156.08845155078234,0.8675380128791843,1.477683056801913,1.1199137792443246,1.1920487334463634,0.9436011247601159,0.47582863009335985,0.5523580841613394,1.2179077763526995,1.1906038726507193,0.6873689752469887,0.1269611966979795,66.20225477104535,286.8786816996422,0.23076742537585326,low,0.709172655619208,0.06183557896477374,14.971042788363787,0.29082734438079205,163.5403798990421,12.309906130876001,0.07527135584786607,2.586655616973631,0.4048067811259445,0.7115205721271428,0.06373891075881015,15.42158062754148,0.2884794278728572,163.21306490147435,0.07526919313323181,0.4056185992892737,15.121892077547654,0.019818191298877942
186.0,0.12149950914477493,1.215634490568084,104.64157949263426,0.633136936797603,1.291528882031951,1.1018335967349202,1.421962089486174,0.577217253497455,0.3085583187614769,0.2210303561587824,1.7035827333991094,0.9669390440538285,0.3710234201919396,1.455714534167525,27.42889932842813,267.5159148640308,0.10253184130136447,low,0.8571179421769001,0.06951344737376543,8.64125765716995,0.14288205782309993,164.78725447773203,12.56686166721618,0.07626112654795372,2.57359195219981,0.16645036908564212,0.8577188154092964,0.07063588418588235,8.761082657989958,0.1422811845907036,164.5757192767132,0.07625954256108211,0.16666431384273592,8.680213741902122,0.009316465987174467
187.0,0.1324245316849942,0.45691017356326846,138.79098794954194,0.7901591613551651,1.4565940935644748,0.8267187192113253,1.2268055358016383,1.1083700032314523,0.5809450275759641,0.3254715162558182,0.94615435945133,0.2834652031132055,0.5744674887185246,1.1092110491095115,11.510795310222008,283.4851910472947,0.04060457362057275,low,0.9355715610388825,0.09747768447583528,14.301604256569567,0.0644284389611175,166.07522312175007,16.699740613244597,0.10055528030814075,2.297047649889285,0.06931073217215203,0.93645463618932,0.10256425533190612,14.74878074787507,0.06354536381067999,165.92805899296536,0.10055299600718719,0.06937220491869922,14.427956518199156,0.022236290307032194
188.0,0.1341239454506489,0.7530679436493071,121.54165527595305,0.9646427913728506,1.219804275951801,1.1894302929115026,1.4728073342426533,0.7690529036442525,0.6186705948863507,0.9099411678800206,1.0210081845882966,1.8475474882210088,1.6554216413446745,1.25211092699767,16.19559076705804,264.0527210814606,0.061334686121494945,low,0.9106334061912358,0.06982409577475726,10.494253113741998,0.08936659380876422,164.63818653618222,11.660451916790814,0.07082471061006383,2.6475473192595897,0.09837080392949277,0.9107722396500659,0.07232962052876357,10.679983988232493,0.08922776034993407,164.08659571838112,0.07082131867655411,0.09870148561588932,10.466951359775573,0.020352882241872587
189.0,0.08808220610602371,0.7447055631231831,147.57012264217593,0.525788385418344,1.2376974459374965,1.0036925758550308,0.9784339929352583,1.3618561879230435,0.43612091682214627,1.128101896782826,0.46735919192884184,1.3623104122121112,0.12541848467434866,0.402951900544308,45.08756659468293,313.0579276866126,0.1440230788207924,low,0.7853263458164964,0.07595446057195036,19.06632144340993,0.2146736541835036,165.11295616718604,13.892483656044089,0.08413927034276568,2.475281872799773,0.2730710396162325,0.7865673848010433,0.07847789628025977,19.469635083858268,0.21343261519895673,164.63972573064683,0.08413544800523068,0.27385593844129025,19.096916178977885,0.019517229975103332
190.0,0.10909849785980118,1.0333202561354509,102.07343300842308,0.6020974171313054,1.3872624322406248,0.8854272023804216,1.6211005677854342,1.0892925972319494,0.4774281878462864,1.9917338042265815,0.9773036795965022,1.235034441183349,0.4373655211506025,0.7987255152683076,28.207217662764794,255.1671254649237,0.11054408992290926,low,0.8547115412825134,0.08000422363431359,15.10212364784281,0.14528845871748663,166.41543754288122,15.521704797026105,0.09327082286477503,2.372247943887353,0.16949880419294922,0.8558938702378155,0.08290710003902077,15.39067575047301,0.1441061297621845,165.72923530298792,0.09326074397005353,0.1702006143405904,15.105947872565007,0.018848726363283507
191.0,0.08446660902331515,0.9489976859597501,174.70110795225503,0.8851350275006271,0.8143999895117209,1.1857491809058014,0.7879685540343094,1.1493637671798962,0.2623809098442323,1.7801887745670817,0.4544548112783622,0.1525352564876393,0.6768776908552492,0.9367574432722146,73.96747968839821,348.37841704079943,0.2123193518034032,low,0.6908100593048224,0.05906991388563652,18.85654778151681,0.3091899406951776,165.79222998497244,11.923353700319693,0.0719174457174527,2.6322364050577436,0.4461456347809706,0.6919724184021392,0.06291545380495216,19.076085699053987,0.3080275815978608,165.30266043252075,0.0719152698820165,0.4474669645053472,18.869491363570592,0.010948590584812765
192.0,0.10525284387942967,0.5099971246490447,123.87949936532769,0.8506811625273665,1.2445916179307392,0.9658505058038309,1.8599454676612557,0.5164912330983391,0.5552284793254358,1.7241139367859566,0.5015515310721412,1.0048131897000252,1.2975361703776922,1.1145136496750143,18.153050602396327,243.85963454885533,0.07444057166730277,low,0.9015463896402763,0.07412957682935252,7.6625423657175205,0.09845361035972366,166.5581260916961,14.24795225015624,0.08554342309490348,2.458731159507977,0.10898928217049246,0.9013372513580807,0.0776224758885526,7.711599172374628,0.09866274864191926,165.93264495168825,0.0855356954794455,0.10940011597887586,7.593486918255509,0.015554415960757744
193.0,0.12388724831293702,0.6436002104672871,141.82314485807998,0.7294626966159232,0.995036939553366,0.8895786267722355,0.7960569107394863,1.2009176416698923,0.4239473046077465,0.36544042024236245,1.7327412442207886,1.5682543571282082,0.4867199399713533,1.6155263788223884,18.93041794830651,346.5223466027302,0.05462971763263871,low,0.8985981653868421,0.0944693380232306,16.158366443980526,0.10140183461315788,166.45472089556657,15.820171365485894,0.09504189055359652,2.353437531377134,0.1137271315974476,0.900913762366852,0.09646180355850395,16.813281826421132,0.09908623763314806,166.11093855993622,0.09503835622558639,0.1139625006782803,16.52199057384641,0.01763051802219428
194.0,0.17329647211899352,0.5441416840808154,124.38536011218413,0.8431475807298905,0.7575052740101429,1.1276869790039619,0.92144902206607,1.54657119784784,0.1366888567965148,1.8097629207740011,0.4950725919998477,1.6242707104339429,0.7093165914577065,1.7464856591742774,7.173844327122686,322.122531484385,0.022270544981950267,low,0.9589003780034794,0.08217268263855874,18.663374681698418,0.04109962199652062,166.3524335545193,12.549567698646682,0.07543963998899822,2.5844224128183986,0.0431243725976006,0.9591293930764195,0.08253625986277055,18.7389461767433,0.040870606923580466,165.6366282717908,0.07543569265927268,0.04331073629047331,18.63477759761749,0.005590009249111191
195.0,0.1172215667430318,0.46085670629838194,127.42501235435113,0.5116375078771214,0.9340701218943368,0.9476471784896137,0.6265536958612471,0.5998139297831677,0.6373907658456108,1.425688614332299,1.7290455968884586,1.1686802251971566,0.06381750695828563,0.4743831882834309,13.603657210019458,395.06947625843173,0.034433582009055864,low,0.9248667927766758,0.09215683970798681,8.847308833439003,0.07513320722332417,166.07718868499205,14.895800239143776,0.08969203029681265,2.4113733622836753,0.08191165395882441,0.9252145321057593,0.1011205858498095,9.0007900083778,0.07478546789424068,165.55063688776892,0.08968793081374872,0.08217218287865442,8.840676585379182,0.018110992009753624
196.0,0.12212260106362796,1.1705982400019503,148.00907617214952,0.9978334963988684,1.0170334978005304,1.1587751927420609,1.6017417334938364,1.0454415808968645,0.06624525939014694,0.47394926324599757,1.3310692767296217,1.7661300552246921,0.23560884879724578,0.9151412258111118,36.978922349913105,256.2591989596783,0.14430280942122056,low,0.8170604306072111,0.06272531271244383,15.165278485058206,0.18293956939278888,165.8622706613813,12.036012194151862,0.07256630544220734,2.623254577251156,0.22294957257282458,0.8184573884607754,0.06178689507705622,15.36811916783333,0.18154261153922457,165.47677929135568,0.07256366902450624,0.22346895140377468,15.32933787805637,0.0025298737678993008
197.0,0.1329308806344068,0.7855954286927516,156.7731654287209,0.6822746723456677,1.0418355799326608,1.0132677067862255,0.5642924669684111,1.082418056183005,0.504893790161382,0.19183941941717012,0.15731936269203992,0.29079349292069806,0.20148072065356662,0.1193515349749157,22.185490683827556,420.2131486608235,0.05279580316449035,low,0.8825186772145394,0.08814550458374136,14.865422318312373,0.11748132278546064,165.29158691793432,13.888074137754012,0.0840216637562401,2.4766806115297904,0.13422032601600248,0.8828110711958915,0.09355298268482495,15.136776486806134,0.11718892880410847,165.1943484902735,0.08402106327235284,0.1342993321901313,14.86901860156016,0.018007771220212132
198.0,0.12079128526451638,1.204639287930103,95.16153618359866,0.9298982914209006,1.0965405130425547,1.1956120825783134,0.8100336862173091,0.6869417456184482,0.272237557540007,0.36126298927177003,0.5462775882732185,0.5254177212300083,0.7881665170193228,0.2508785565038439,25.009061232849074,343.41837322161075,0.07282388824522944,low,0.8683587532959326,0.07212353426416716,10.050771366685703,0.1316412467040674,164.56318595172775,11.713461849864764,0.07117911446671153,2.6425558397373603,0.15197239338927918,0.8686233403697897,0.0739622234737017,10.133292883366881,0.13137665963021028,164.3674091849819,0.07117824373746669,0.15215340654730064,10.049114570874693,0.008376689498213291
199.0,0.08666218893775915,0.7321888365976781,117.69398202814526,0.6263352057953957,1.2642942653402,1.1380452381782125,0.6731283981199714,0.5871020363394213,0.23132374524581467,0.6984665309897148,1.693479052822445,1.3065928628060746,1.6619697242553215,0.7932719581921637,36.52314593143315,379.26829510041193,0.09629896936616751,low,0.8178827111312502,0.07310795055437994,9.12085172467364,0.18211728886874978,163.91410082947445,12.252087623754248,0.07474700200747536,2.5936461744390518,0.22281881635936526,0.8181438589952438,0.07432412340748105,9.198721979875076,0.18185614100475622,163.4919070010355,0.07474497940892089,0.2233942132144916,9.133563135366957,0.0071340005584251045
200.0,0.1072363930202713,1.2143138769177741,148.80394321778255,0.6704711109112602,0.7869899541551595,1.049068160530071,1.371405814557163,1.9389681461656836,0.5779219658608213,0.09235838034522363,0.4283748641871876,1.8689224698725189,0.06151895200788149,1.876783744229539,50.016250314508845,271.255992681302,0.18438763258319169,low,0.7694724641591449,0.06788809942660684,25.450395557333792,0.23052753584085506,167.11149886763832,13.415419948025542,0.08027825756413871,2.522256459772122,0.29929867575494923,0.7724109175820315,0.06950928058688285,26.65090862945317,0.2275890824179685,166.80856143910606,0.08027576290326176,0.29984222562081997,25.836294862205865,0.031529821578207315
201.0,0.12587420148921744,0.9686149444316231,178.55953547633845,0.6545354052975371,1.4596358042331923,1.013690597689821,0.8831343238453359,0.5384512704492356,0.7678908744320756,1.3315142398915796,0.13760934595435861,0.6886638566494172,1.7136778428373394,1.2527905242338606,34.74648545492182,328.794553439321,0.10567840948537573,low,0.8252176490764942,0.07815841581051257,8.3562075377199,0.1747823509235058,163.97834213502765,13.666799374024357,0.0833451490976196,2.4847648706676995,0.21189679687278393,0.825222761469508,0.08582534311646194,8.479687366898665,0.17477723853049199,163.4956813289666,0.08334149024180165,0.2125223441529875,8.287869678712825,0.023144390008751948
202.0,0.12071402788479577,0.7988715753590723,153.73783541007097,0.6776029430129545,1.0702075270322373,1.1886598070553238,0.8023985958380461,0.7980472822811824,0.2581757067046831,0.22156216957296837,1.818506990485113,0.27898565539693904,1.328924028933659,0.7867213785705959,26.82825190116944,345.09832452761435,0.07774089294085425,low,0.8602890017138374,0.07209680150379101,11.565604252938309,0.13971099828616262,164.70430737528042,11.79401809796887,0.07160722318631339,2.6365593276134227,0.1628873727026519,0.8615320060237562,0.07393469016400221,11.79650609173407,0.13846799397624376,164.55072790610586,0.07160653272029757,0.1630393997192032,11.693873395694853,0.00877662110460353
203.0,0.12685082025203664,1.2460392644375062,105.71932335956055,0.6381458101480185,1.1145537416955338,1.1002191767787222,0.5275188502767152,1.0164769203719537,0.5359817859688923,0.7268281323545853,1.0569838200237374,0.2550960004370683,1.2080949659331204,1.2217160101815714,26.058515441061445,437.85155310484265,0.059514498135905404,low,0.863915638402971,0.08202573003371559,14.146871000605104,0.13608436159702897,164.5877050858676,12.7532954977268,0.07748631947370088,2.557653881124829,0.15832601485916806,0.8653923202673475,0.08886082956540607,14.535480884942102,0.13460767973265253,164.32303845412093,0.07748505736767078,0.15858102239472033,14.246511585656783,0.020283512742603524
204.0,0.14525137508574826,0.7804306099091272,114.48603608540284,0.7975721491132903,1.1261093705046645,0.8411351574835074,1.6521483427615917,0.8777862188551818,0.27845094841937273,0.31088864240305464,0.28956545952660623,1.3449128309256624,0.15445508090674506,0.6450228222298374,13.480203111976904,253.52993717951622,0.05317006449787432,low,0.9257118461456559,0.08616034344718028,12.190737048203761,0.07428815385434406,167.9072052259128,16.43158186660845,0.09786108847741451,2.324206270380907,0.08028364889904395,0.92552427210965,0.08674127674221277,12.274750479712784,0.07447572789034995,167.6234456001477,0.09785633107428479,0.08041955624831176,12.167528676651578,0.008812126596171928
205.0,0.1389783677127322,1.2927966013182584,85.27898255206685,0.5207558817255443,0.997286233378244,0.8322507190457751,0.51147912438924,1.072768475017122,0.5525755418576321,0.8948133570855611,0.8292680303128543,1.4823382231265592,0.23747814453085084,0.2029477567202037,18.16887035414122,446.3534138063697,0.04070512242575334,low,0.9024424935147753,0.10556048694748779,14.817853890576153,0.09755750648522465,166.2664847262227,16.953459889793645,0.10196558806009226,2.2831198945804685,0.10927560286162541,0.903121029030149,0.11108514610674253,15.14761195988283,0.09687897096985099,165.82091148239178,0.10196088349041146,0.10956923461411887,14.853907791762364,0.019772855213450864
206.0,0.11315457404683506,1.0497593845747915,118.35944667000237,0.8271100925975494,1.4813240453503347,1.0970410895761353,0.7694001218484489,1.6963338234993746,0.7724306956299678,1.4086799473504603,0.26502480614333196,1.9794902489301298,1.1551292441952228,1.823853160040976,30.888626053230237,352.70046435567974,0.08757750322120555,low,0.8412424858681316,0.08172394292980908,20.649659940185195,0.15875751413186845,163.21756098960927,12.612952414532824,0.0772769323230837,2.560359785478037,0.18924817811238254,0.8419454795364167,0.08751761527244191,21.351320043592686,0.15805452046358326,162.56481778214464,0.07727320370267667,0.19000806247403737,20.551446755993727,0.038920534261933676
207.0,0.09414730318618797,1.2857887567753692,153.47585170433825,0.7377278391473758,1.0391968995486902,1.0613310853376785,1.4360967898732786,1.5862838701932747,0.5082270133036985,0.6157240445461477,0.05301866009549939,0.581046324365821,0.49852571517250915,1.9173116972522966,70.86699778530989,266.54532922506667,0.2658722176499702,intermediate,0.6994171597610677,0.061127174044754824,23.26151431192904,0.30058284023893234,166.14676460872857,13.15207250965046,0.07915936576088771,2.536292170395992,0.42653251751365656,0.6998760947140843,0.06429259917590445,23.761313713314706,0.3001239052859157,165.88889309481374,0.07915723808417797,0.4271955551888931,23.199080240000885,0.024235162234767956
208.0,0.15771381468716614,0.8308042108126361,89.80113299731435,0.8586511901111138,1.192874801173304,0.8202444757596945,0.7303149746130376,1.3247031418376325,0.5543042436135569,1.1077653839738704,0.8598918864425227,1.9209972480544968,0.07395137634178796,1.0852751997159304,9.547532816149493,362.6586536083117,0.026326499371117383,low,0.9463217793159834,0.10859127440076526,16.643551848695335,0.05367822068401662,166.11900589755155,17.077464433189203,0.10280259227966466,2.2749447095507533,0.05747405460659705,0.9469496746610685,0.11271862211792646,17.103128413821203,0.0530503253389315,165.56685147965894,0.10279562346321146,0.057665726749188545,16.727868375078636,0.022433225222027325
209.0,0.1090265291781938,0.4704180534792506,111.36793851443748,0.9459154302757089,0.8161584488528296,0.8690277047022983,0.9546021320576517,1.3368395317031778,0.03561661027097989,1.1727662560098664,0.21282306582752542,1.7035463814313285,0.22744209299236792,0.9799742618392652,14.029103367469313,316.7342060360033,0.044292984780666914,low,0.9231617396281423,0.09520449682494499,17.42354433103094,0.0768382603718577,167.4700813253025,16.240948423396375,0.09697820825589211,2.3332689828737045,0.08377080405316374,0.9229283885896445,0.09383601568727432,17.3446859608015,0.07707161141035546,166.91655186906766,0.09697166755669558,0.08404860518850157,17.322263141881873,0.0012944508887763068
210.0,0.14195972012209382,0.49075388595287983,126.34734597004109,0.9406769381212503,1.3018952231718537,1.1091614397303284,1.6081067707666972,0.9934563376316143,0.4677190375040266,1.3465802347343947,1.5861381093438085,0.06280203103960001,0.6567825810730745,0.9739812809305654,9.79376613302409,255.88545006057822,0.038274025079212265,low,0.9440835692111378,0.07554339102490135,12.662862138615317,0.055916430788862215,164.8895875789837,12.4507187305899,0.07550942975477994,2.583497733111887,0.059395904112700765,0.9450127542010889,0.07976820469478192,12.998383148599538,0.05498724579891112,164.5238814646374,0.0755065544573341,0.059527930205859815,12.771741372322426,0.017745565750984193
211.0,0.13506594313696507,0.6789237177938678,146.50210435354566,0.6209220827906949,0.8147980057060948,0.9984075400087375,0.9757781710207374,0.6056835732977995,0.3747406051801882,0.9033109522330324,0.28684049941663775,0.22469505598288445,1.9841356877163985,0.3014628327070354,17.35494573058475,313.48688701053874,0.05536099419048846,low,0.9061605045259379,0.08056632294689182,9.14021952271963,0.09383949547406212,166.76044363072364,14.143050196757413,0.08481058150742243,2.4673349620417455,0.10407111754281338,0.9061875798414707,0.08431833663063558,9.189023424830141,0.09381242015852931,166.4188080319282,0.08480783752820234,0.10428476165539609,9.097326056568933,0.01007959566261736
212.0,0.1196310441821602,1.3961290081591988,170.96202397967272,0.8639372318497405,0.9463295715157641,1.0577188920134069,1.6379782882345142,1.1816631270885931,0.5088465159319685,1.653099876744972,0.5141717942530508,1.8772745908587893,1.3812778140774327,1.072298267680523,53.08692156053506,254.29111672883718,0.2087643573375164,low,0.7573679077301895,0.06197691876536444,17.950162890783833,0.24263209226981053,166.77758266606295,13.198065360102657,0.07913572765069397,2.5365908291839556,0.3183096955352234,0.7577846122992227,0.063491874293918,18.25693764396899,0.24221538770077733,166.0345578711552,0.07912910332284319,0.319734170049895,17.88552967213774,0.020765835770009813
213.0,0.11521829067103234,0.6801872231311834,157.9042293419741,0.9665047162994655,0.825344490960073,0.8417246569518435,1.062341727604831,0.6720824529792093,0.48992241870506287,0.5004262589493523,1.360749854417578,0.10799192140724517,0.6963223493834584,0.2813169722185407,25.753099368869695,301.55747402546643,0.0854003020555042,low,0.8673052808657852,0.08666077077338422,10.510224451079985,0.13269471913421482,167.83687622578415,16.734364920516185,0.09970612714457411,2.3055281480894947,0.1534412457380647,0.8681013133857566,0.09094966461504785,10.71873283467844,0.13189868661424342,167.6614810053538,0.09970375594774833,0.15360176478488427,10.568079353238467,0.014255521405959773
214.0,0.11103580363347369,0.8530540696233084,156.2374338187812,0.87480417675073,1.0000725925674832,1.1410493745005306,0.7517323397924471,0.7191948337304755,0.450365189039161,0.5939478269486202,0.6901199120444637,0.6664320017151266,0.4534686107782197,0.3442413387739974,34.41008165925945,357.10187711189235,0.09635928530411388,low,0.8278258145669771,0.07145224089686411,11.074590345367223,0.17217418543302287,165.15116639475275,12.323460762991862,0.07461927779265996,2.5953563897047376,0.20835506288227307,0.8282066210202832,0.07510973398011747,11.233695044268224,0.1717933789797168,164.89028452149074,0.0746179987785066,0.20868471274166947,11.07474263463977,0.014352695576986057
215.0,0.1240709224711325,0.7086736700265905,161.74520272373684,0.5737837250687481,1.0279026612909905,1.0196715549824262,0.7444652465696904,1.726024315654994,0.49496646150798285,1.1451462795740555,0.7887195821214356,0.06581083282953896,1.7236869274435795,1.5131577593298242,23.702153739681496,358.9544466260312,0.06603109102692092,low,0.875475011139344,0.08679767056013903,21.2763738903518,0.124524988860656,165.55517033404837,13.789893647104115,0.08329485342728717,2.4853685153040126,0.1431677047104996,0.878909031002719,0.09378263214594144,22.25853891350868,0.121090968997281,165.19175201512297,0.08329239335145074,0.14348267059672332,21.686315736593734,0.026386371196716007
216.0,0.12893191989508707,0.47193407726328174,146.05704772597,0.7278017600049902,1.4448699535238472,1.091890570052616,1.7973204358047163,0.9312878845969058,0.05411063145100589,0.05715143402924022,0.04691401699755157,0.5524548508100237,1.8208211479232945,0.08819492909252664,13.198758535128716,246.52159366929172,0.05353996921192562,low,0.9259120953269266,0.07379611902378329,12.045379064285337,0.07408790467307336,164.54567392828537,12.550715110437785,0.07627496251227983,2.573410539860615,0.0802133427152949,0.9257518271639853,0.07330553369114731,12.042334234398696,0.0742481728360147,164.37983699984133,0.07627350701136439,0.080294267083021,12.019643110996473,0.0018878367013629566
217.0,0.11274090623752828,1.3844131001485938,84.05316392494515,0.8162102339361763,0.7219025575062078,1.1149041121361658,0.9001629494695809,1.78711501832805,0.1624555094451992,1.9057566549270506,1.2664743102877638,0.34113479133150154,0.034370720402662265,0.7577086765336478,29.141161003331284,325.79104589778024,0.08944739694434259,low,0.8516744830171479,0.07562277315496219,22.57313866028305,0.14832551698285212,166.5081408673296,12.708585888610132,0.07632411137624846,2.5727663830591916,0.17501343088414148,0.8592388060400854,0.07834218198544451,23.931769437041602,0.1407611939599146,165.98010484472167,0.07632114302227616,0.17557020481818308,23.675103497293502,0.010841174982717238
218.0,0.13833092645348385,1.0030876925356238,173.53804053906435,0.7287470829890293,0.7633030412172961,0.8425607156151099,1.5610152231430543,1.6905151035151489,0.282581214333484,1.4318498272820526,1.5431364239601602,0.20956709721376907,0.7109459442595313,1.6335292756411253,28.956438678643636,258.6046505595045,0.1119718404753932,low,0.8534411313758405,0.08288385248527312,21.96728041052384,0.14655886862415946,168.9481763861719,16.59353956273303,0.09821674265843795,2.320578582650982,0.17139243108760582,0.8633526549946987,0.08588280679948745,23.887864621828133,0.1366473450053013,168.51623378042416,0.09820980186109249,0.17183174599293347,23.396370114022403,0.021007297517111705
219.0,0.11386197501999203,0.6834424320538344,160.34918823268822,0.9694234740662111,0.8763989448337455,1.1906573853685536,1.5020712971746062,0.8558756871237175,0.5918754637681467,1.6453115534840979,1.8407083285164532,0.9733008362007826,1.627680421242786,1.5635168547611522,26.90676008634747,262.1878004764802,0.10262399714040533,low,0.8605905301755874,0.06390272794244443,12.519167052888115,0.1394094698244126,166.20841930136257,11.782053725161978,0.07088722565731896,2.646665035763125,0.1618856625882543,0.8619105413846531,0.06772238274972181,12.847867142424905,0.13808945861534694,165.58705254022996,0.07088344500193353,0.16249313985349415,12.587219111491521,0.020707356297263835
220.0,0.10109170692598161,1.3587224776780888,145.38476659122898,0.6126757883016976,1.0875788522148775,0.9727927575902955,0.5797893451513702,0.5081868386639099,0.3130348831093099,1.3260753284647653,0.3817547748921823,0.7018544479665465,0.5009504477086716,1.1470646959224782,61.52742386494706,413.44360449756016,0.1488169684949381,low,0.7286733050183971,0.07321075455257528,9.248258344560355,0.2713266949816029,165.32339738622446,14.449345196552889,0.08740048550294842,2.4372544413824326,0.37216404234186046,0.7285933614508467,0.07876762673654181,9.268210903338577,0.27140663854915326,164.87865402210295,0.08739734940862753,0.3731679169136045,9.186102548993116,0.008938323288635737
221.0,0.10270471479523632,1.0642468217001566,83.53429766095394,0.5224029705732798,1.16957854703468,1.1965259577518121,0.9806349480843605,1.6857115848375819,0.1848604820408695,1.2045499953884924,1.7380149102888884,1.5799820323167229,1.1757065573670793,1.0335784755889685,26.82727448759663,312.73535508710813,0.08578267231769897,low,0.8599513361056983,0.07361607129147875,20.599677592353505,0.1400486638943017,164.38020714611915,11.661501902488004,0.0709422509251493,2.6458891001548577,0.1632025835309333,0.867430836428577,0.07349477792049183,21.901936311399478,0.132569163571423,163.81460819914594,0.07093948744245399,0.1637660693543477,21.63563638279438,0.012308393610130664
222.0,0.08867535781810701,1.2258488860032042,120.11660938466284,0.6795972896920336,1.4308293973202457,1.1941816108531778,0.6519950841768739,1.6343796093915608,0.250153300036811,0.6192937641283871,1.3229481392795097,0.5769314737763372,1.0896282573210925,1.9373483033624497,59.60521096118006,386.1320811993378,0.15436482453373077,low,0.7305148327880032,0.06885530191500915,22.014844678319193,0.2694851672119968,162.80040431717802,11.594458423135805,0.07121885520963911,2.641997675262829,0.3661244651767168,0.7403552933651026,0.07069354771204409,23.55761513959945,0.25964470663489736,162.5272700123006,0.07121772003411181,0.366739753622078,23.144682450024657,0.017841363365706995
223.0,0.11626756095559646,0.7220858716356925,111.6706869441785,0.5770157616385129,1.3490965023323178,0.838783310564122,0.8204982589199405,1.056077051897052,0.2717374486088361,1.119944907746943,1.2101323814759426,1.3614681455568192,1.5016798289828497,1.6070071937914019,18.987204969506237,341.1497510207383,0.055656511290702995,low,0.8979435650682959,0.09945894100854916,14.305978227372043,0.10205643493170413,165.59108377683754,16.609246180905327,0.1003027808145102,2.2995618594283855,0.11466320852815219,0.8987762321009337,0.10114149841746643,14.522185791716602,0.10122376789906629,165.06005746635483,0.10029614833857108,0.11503209959427349,14.375230716132185,0.010222797705744023
224.0,0.11189725105072763,1.063919894540292,169.07993389702114,0.5493886369396294,1.2374374074818846,0.9105519779878218,1.870315947242192,0.8426578958155558,0.42787261154729617,1.5674935269568058,0.12300941635249242,0.5380636922036801,1.9946518098727477,1.397390188988359,45.73116779508834,243.43420581273722,0.1878584303401767,low,0.7836988426490891,0.0683084525973106,13.272171879155547,0.21630115735091093,167.12761926050436,15.091845890902912,0.0903013275584272,2.4046031170235533,0.2736302234031496,0.783203631548055,0.07059464092228407,13.345802033674213,0.21679636845194505,166.57628245924295,0.09029334133470272,0.2745358890229623,13.153283507837045,0.014636537387980738
225.0,0.06950387070050268,0.5338509845484354,149.68438529081362,0.9714250266300224,0.9581951135708491,1.1527859911914198,0.9688815704692081,1.8451084643689344,0.16555535187750572,1.6561646666982608,1.9716173813787918,1.041597945439278,1.2151714042888713,1.9043037247809653,52.65367528965484,314.518183977584,0.1674105917303895,low,0.7584086984344092,0.06722246559964648,24.38443465715284,0.24159130156559083,165.5049187278125,12.195922542021291,0.07368918480349557,2.6078992367763534,0.31813964016530816,0.7876904998149612,0.06715711360407865,29.76864789548919,0.2123095001850388,164.89383870853194,0.07368591852041165,0.31931863374668606,28.826678982664827,0.032676983477383084
226.0,0.0975929422074347,0.8395174746537541,141.28990550698103,0.664101818256185,1.3748466464025513,0.9620248722153717,1.0041366187608967,1.6769597186327025,0.1838622688670631,0.9749201152678384,1.1650653325035254,0.9136794088220088,1.0673483919642803,1.0069611870121773,39.641874295307026,309.31088241894827,0.12816191265334728,low,0.8063652595723056,0.08184569797137027,21.611854342346504,0.19363474042769435,164.85989683168867,14.431201788733203,0.08753615685849013,2.4357033497310656,0.24045795889208169,0.8125753559534801,0.082568635402342,22.61651214108084,0.18742464404651993,164.44870668260907,0.08753234379300102,0.24105920377845863,22.368704252449813,0.011078330055880934
227.0,0.09698756951323467,0.4742905732916787,176.69116966508003,0.5360676114451138,1.0752075557946044,0.897303058698918,0.5128861963722826,1.6055697632213353,0.3478070156891639,0.9873389489418392,0.11459801500233335,1.6981631749907475,1.674064978477108,0.4207849595124553,28.35811201758982,445.5800269438772,0.0636431399586985,low,0.8549295798924401,0.09814230075954669,20.695174582551005,0.14507042010755988,165.64236058057028,15.685691156056885,0.09469613389400587,2.3570821043963637,0.17120084450738143,0.8546190247137385,0.09940095440109087,20.85908616189234,0.14538097528626148,165.0894235489224,0.09469141517848605,0.17177425063324064,20.556486823739686,0.014720381977099123
228.0,0.1634627386408457,0.5566448117290539,115.30599384094103,0.5726842496748475,0.8111066152658801,0.9443074568531178,1.5314885282982336,0.5674912254618184,0.25458150393801876,0.04888594203005178,1.3392229150543746,1.9833975690344368,1.9874980519648524,1.9034371316260603,7.646146849385582,260.36564060503645,0.029366958065655292,low,0.9564042991649444,0.0805702947021681,8.273927269886121,0.043595700835055595,167.8927052476713,14.836522885670055,0.08836907394983941,2.426233212743983,0.04554186459802509,0.9565509986727712,0.07987104333669755,8.335019784957785,0.04344900132722884,167.4967595224255,0.08836444545728853,0.045649521048566136,8.281036784186186,0.0065188698201035225
229.0,0.131872392555385,1.374845841626227,143.00074802849076,0.6531406867619047,0.9651933628538992,1.1641974299871514,0.5591149966644356,0.6259055903495258,0.4542897677979319,0.658298000084093,0.5241649890900202,0.08971505403753192,0.6418793096146861,1.1255641181937512,35.98609065523189,422.5639297789303,0.08516129304755964,low,0.8212777026553922,0.07168125813461579,9.917439654374153,0.17872229734460776,165.01423617153043,12.101751093254475,0.07333761846265702,2.612681589423374,0.21807870332972212,0.8216449903715105,0.07741480775994304,10.043592767547509,0.1783550096284895,164.81259458539554,0.07333679198414826,0.21834551385929524,9.908532122329895,0.01363074202618173
230.0,0.12491666915277813,1.2069151425489313,150.5503232921493,0.9127453551628848,0.8742915708879061,1.1664292494366804,0.5885680646792458,1.179711225237169,0.5741567213880507,1.5950723715893815,1.1552226091959965,1.8322017776508084,1.078424794190773,0.6081986883388326,37.06532095195968,409.787816855238,0.0904500315221753,low,0.8173559272397355,0.07279828631295603,16.89467438728201,0.1826440727602645,165.4131469501108,12.111858628811357,0.07322186205951534,2.614261240590256,0.22407723712032823,0.819282574498069,0.07741996709729364,17.421340631208775,0.18071742550193104,164.71253928697226,0.07321895251713668,0.22503035356271336,17.011974378526112,0.02406341812972619
231.0,0.12347596582874926,0.4678219985912474,135.93286354636268,0.9171309441612798,1.4964261282129279,0.8297114482024918,1.5970207049899978,0.9848761167323885,0.06407243566980202,1.5596673692104484,1.1819751927440214,1.1628332959039578,1.5113383799284668,1.70323864725775,13.276706946045417,256.4880383773231,0.05176345466260641,low,0.9262956579331741,0.09035663619385748,13.042291805744531,0.07370434206682586,166.57629355054743,16.49919182127938,0.09904885905191972,2.3121420248143725,0.07970345997653391,0.9266780312483945,0.09042658934270806,13.08172126286649,0.07332196875160546,165.96049566130665,0.09903813131750985,0.07999920037079557,13.05145413128734,0.0023190620198091445
232.0,0.12115988321572597,0.792925117675058,143.8595138662256,0.752586063475432,0.7026109702976928,1.105734728292497,0.7897270974048692,1.412439854682286,0.5957119264944144,0.9217082409997572,1.8339421656597883,1.8026422642771598,1.8145968867486841,0.8910884674903358,24.73450360200728,347.983544867872,0.07107952076124426,low,0.8712668280463264,0.07740723017706608,18.823539592254225,0.12873317195367362,166.4863801401087,12.830922044001358,0.0770688991688289,2.56305546281794,0.1485677301722318,0.8762147661007671,0.08036992615081928,20.113259144314416,0.1237852338992329,165.91275051395226,0.0770657865585734,0.14908139082371044,19.504946961618046,0.031187584559620195
233.0,0.11477044420050948,1.032632175440026,101.9467424943914,0.9923556227680659,0.7330026980972749,0.8399029527091482,0.6573998158191721,1.2183313015267387,0.21170052839834744,0.548618468100878,0.018259922261366874,1.1998594091670283,1.4229063398549506,0.5020507542296998,25.439525617330453,384.3894904725935,0.06618163671970699,low,0.8689452223480552,0.09733093157499738,17.109551021196786,0.13105477765194484,167.36075426856107,16.892391197737528,0.1009340049378039,2.2932883921678364,0.15200412861732246,0.868508898786952,0.09760857520696302,17.134813155733863,0.13149110121304797,166.98741608203142,0.10092984735350434,0.15234396827143828,17.00879157005617,0.007409202773673284
234.0,0.09880250922692614,0.8043469522440443,103.04571903418547,0.6288023788162032,0.9023632075251904,1.1075049666653323,1.136448166614791,1.8206882953643995,0.25349619598320844,1.823412138998851,0.13324142087586305,0.09154400655964462,1.0124373840334964,1.5175833923648179,27.02635975091585,292.78347842780425,0.09230834982917291,low,0.8603219844049579,0.07480167368431322,22.413107840825507,0.13967801559504212,166.1099832134332,12.700210477989895,0.07645663573195062,2.5710315520487654,0.16270159823079344,0.8606046732659274,0.07824375634425602,22.56671264284344,0.13939532673407262,165.60424823300644,0.07645336864479098,0.16319846887556624,22.303411633383014,0.011805414067968286
235.0,0.14485460158803437,0.7354014979337827,117.5412374688642,0.788108178162044,1.218351441182563,1.0807642678528278,1.5747731288662494,1.5195324195969042,0.26540553262109773,0.7390896356680904,0.562923906989403,0.4032358405751353,0.7257806885729763,0.048581243446348316,13.112946947845789,257.7720637118556,0.05087031836973531,low,0.9267268509956151,0.07699691684784069,18.21470442551444,0.07327314900438486,165.42379564223867,12.819330426560574,0.07749387188699795,2.5575564181750576,0.07926880710804812,0.9276345865833557,0.07880386648152084,18.559395274650456,0.07236541341664426,165.1547556791561,0.07749163634651957,0.07939793737045109,18.343721856860327,0.011757342347047705
236.0,0.12710404216554028,0.6668492222112944,88.22808624053745,0.6730900269446941,0.7437412463890924,1.0213077288962704,0.5533656440241935,0.859264313382387,0.22743133955035783,0.16489000529099296,0.2572239783524738,0.009249860351899414,0.9330347122896967,1.9000820847680817,11.592201213467959,425.23809463726616,0.027260495613301683,low,0.9355191651709439,0.08935989079573177,12.055189638205933,0.06448083482905609,166.3402994792778,13.897620154090115,0.0835493274786453,2.482318073301134,0.06968967381781156,0.9354438801774273,0.09195418841773244,12.14802938776431,0.0645561198225727,166.25689020254137,0.08354883375721726,0.06972463637053378,12.064876374496228,0.006892156263105925
237.0,0.14184150238993223,0.9910907163945548,101.10444741809108,0.7845543499044872,0.88110277861831,0.9299540864559249,1.421542161526327,1.161246432932423,0.7675149082907314,1.0569118336403596,0.11206014503646294,1.49828283419217,1.9330764655094121,0.3591114353895745,15.85357275254875,267.5752689707016,0.05924902108305328,low,0.9136290936179792,0.0824040114139744,15.612462284596791,0.08637090638202083,167.59098673658937,15.06026116745122,0.08986319288830336,2.409466844162957,0.09459681013434544,0.9135004456418523,0.08657043464504603,15.904959688873246,0.08649955435814771,167.02376715856659,0.08985650017405142,0.09491806478953331,15.487328769059692,0.02696597496192434
238.0,0.13905263309103405,0.4267682759738151,175.14300825213294,0.8481079848515642,1.2461727102722104,0.889628716256843,1.3505868610328327,1.7612935833622645,0.28666085035603756,0.8438784658618713,1.4641793918660595,0.40440219957950174,0.8890065334628571,0.5972544393544402,12.304858575092105,272.828505392687,0.045101073868295025,low,0.9314218650869258,0.0920481983123072,20.59573064346665,0.06857813491307418,166.47696569191,15.590848353856202,0.09365168501875118,2.3681728575283203,0.07391327997810848,0.9359925728069817,0.09477018599769797,21.988663056231427,0.06400742719301833,166.16947710040165,0.09364763404752482,0.07405005293274985,21.595567596719224,0.018202599109824823
239.0,0.15465246637708438,0.7892068328252209,101.78024805874328,0.8317748900221567,1.3986608473696946,0.9172596100074548,0.9996099670308224,0.5658306265542205,0.6225246056813144,1.5925390591013233,1.3266508567311297,0.39974571950008947,1.6900755641810916,0.8528356523616775,10.690321541252146,309.95328175732317,0.034490105994819234,low,0.9396492774413425,0.0923895787445405,7.953978645874035,0.06035072255865748,165.0893705606562,15.128867512230459,0.09164047001240395,2.3898822925099084,0.06475475377334708,0.9398337352537282,0.10028286896468266,8.070126758764665,0.06016626474627185,164.57602604289005,0.09163502828616261,0.06495673639893425,7.924746818339316,0.018345058051433702
240.0,0.08173782514732694,0.6518852626169647,131.54390313054176,0.9710232841500572,0.8906910334052094,1.1538786934955163,0.630009080352027,0.7252854292109321,0.29913982813897516,1.411807441285221,1.0857342310267273,1.2582072561179656,0.3084274016706647,0.5825098237905001,40.855060527767876,393.82281520164514,0.10373969955714543,low,0.8022141556115552,0.0696219780742126,11.57355599909446,0.19778584438844482,165.4300065910305,12.235926832965118,0.0739643737258277,2.6041717378430174,0.2469628175060655,0.8026031226405568,0.07331061887131345,11.662928564226933,0.19739687735944322,164.88813787092738,0.073961990310908,0.24777440666925815,11.55194209574803,0.009607602562321845
241.0,0.11687583935340501,0.903919771631481,133.89369029634653,0.6907351753891459,0.7750341394925117,0.8523254335522242,0.7605809848551013,0.6473657579331902,0.7832646240688089,0.6856092339591088,0.6849057259951152,0.1153819176804462,0.7917204326506523,0.5670116777426761,28.202696841541538,354.9091731566775,0.07946454748040911,low,0.8565613770343854,0.08958452224615508,10.321964861511914,0.1434386229656146,167.35273002060438,16.61225198852069,0.09926489987032419,2.309963246044386,0.1685224784684973,0.8569828159665596,0.09804493140537396,10.550268679078343,0.14301718403344044,167.12880831829887,0.0992623685669704,0.1687482674311251,10.32136355184196,0.022177799094726378
242.0,0.1687375892762633,1.1006983521273441,178.76321257146066,0.9568423299133324,1.3557680223127822,0.9142478972965463,1.1274757239463062,0.8917362977680559,0.18163027282430025,0.8977481527057409,1.5823257495941074,0.17848342168269818,0.2548530704507391,0.15796700266044253,21.997479120225623,293.7506122333848,0.07488487922792356,low,0.8831556442280274,0.08649560692374657,12.478123886320414,0.11684435577197261,165.48515377250362,15.17428076472775,0.09169572266034326,2.389279545733,0.13292720596837396,0.8843733185105442,0.08893361924838142,12.675385056663012,0.11562668148945576,165.2268678580595,0.09169281265670312,0.13313500041120957,12.592985806716833,0.006543265529786418
243.0,0.09641428181089612,1.0281282360208692,116.46398639968686,0.8048349996402822,1.4372722323116243,0.9859357062142774,1.0082442408312977,0.7443306883967038,0.27422832720669915,1.5690013477005778,0.2950384456672468,0.6728849383591982,1.9283331055775024,0.8189679083752571,41.0021211106796,308.7267080544617,0.1328104114123049,low,0.8001996679893874,0.0763999672413672,11.433885663430948,0.19980033201061265,164.43246681374077,14.049587950308776,0.08544290688178574,2.4599068818561936,0.24935538525444828,0.7999545342476424,0.0794806853049464,11.44375009145969,0.2000454657523576,163.88384621357244,0.08543813047083075,0.25019013196240153,11.340750947760304,0.00908221547001936
244.0,0.09701703153857003,0.4513299995526011,137.69599713387626,0.9429356781984526,1.4664853760068737,0.9574096884481291,1.7721709827227141,0.897213068498204,0.5662964950738159,0.28784424897372857,1.706876709942243,0.9661406822896539,0.28998330443849735,1.3494275519897607,21.01694946000017,247.64817991858538,0.08486615757446517,low,0.8871939168546071,0.0770645114957837,12.295933200629827,0.11280608314539287,165.59530326541494,14.294848351888144,0.0863239963332563,2.4496476623794474,0.12691754564025498,0.8886653882011856,0.07981844731601179,12.686371324619666,0.11133461179881443,165.36970471221937,0.08632118771964938,0.12709068747854638,12.428736137556406,0.02072899321474475
245.0,0.13300142869849466,1.1526369029494892,117.48047612724461,0.7732329323071738,1.4502465841320644,1.1556845994942238,0.8817742584025611,1.5149166226522508,0.34962821412577794,1.5016957505169206,0.9071994398156815,0.4209601955105476,1.693958763867898,1.7234449863400718,24.366644817685607,329.04473357100846,0.07405268138846308,low,0.8704942369640999,0.0788228009645639,18.46679895876517,0.1295057630359001,163.1363337538303,11.964710429546868,0.07334178814880929,2.612624735005297,0.14936369021541468,0.873025970703967,0.08297567052267107,19.004384572389885,0.12697402929603296,162.65382790638913,0.07333927086252837,0.14980677141953988,18.67543714914646,0.017613907541567664
246.0,0.12638837814041912,1.2253645220396518,109.77958254070101,0.6556899674008788,1.2325543101675294,1.0885099416354223,0.60883705638452,0.6710347805618806,0.6769346415459214,1.525144777176566,0.17854083789949263,1.2568595993989604,1.2936968423948383,1.7522300740545722,26.805426557465058,401.6775270648616,0.06673369743470016,low,0.8602767175748592,0.08032181670454364,9.911044471123592,0.13972328242514076,164.22244867363653,12.83687008688861,0.07816757203760642,2.5489003972603324,0.1632263236479695,0.8599689599126259,0.08849227964253235,10.02443780930303,0.1400310400873741,163.62691373533224,0.07816445598442257,0.16382040060245245,9.816435341560389,0.02118920570504956
247.0,0.13680101485911814,0.8560491384609805,146.7001845127463,0.7322193094871472,1.0107937152457023,0.8182661842167874,1.1171503673909562,0.6467733755405112,0.557173523878052,0.20434461733920686,1.8779886214896786,0.506400312689512,1.7546024622592924,1.651782628370323,21.359980087175085,294.946853710665,0.07241975908015164,low,0.8872354623987443,0.09030789020812444,9.860850248501967,0.11276453760125571,167.52936296842523,17.11169754929697,0.10214148281887794,2.281396340354037,0.1274999182752272,0.8880395439855503,0.09386631690596955,10.098499768516769,0.1119604560144497,167.32331534295642,0.10213838103187799,0.12765692601413212,9.937772404182574,0.01617337948558251
248.0,0.09057036029834359,1.1230479499291763,119.8941603382473,0.7164762633750069,1.4391439295994972,0.8827558751983794,1.7506121005461777,1.5311540409673325,0.7494721766126158,0.6948140404581391,1.2549442634922239,1.292075810006529,1.8496353006074846,1.891786106513406,52.248552883545024,248.643083165713,0.21013475306981683,low,0.759488444843993,0.0724007734298865,21.21698914892204,0.24051155515600697,166.44751570723312,15.501953265608336,0.09313418226604797,2.373714005628614,0.31390407157200073,0.7674727259211382,0.07584108843789612,23.013397180232964,0.23252727407886176,166.00960986935038,0.09312745284488258,0.3147320984891457,21.972966451348572,0.04735049003001304
249.0,0.1541391771858266,1.0218440672426157,97.27154935286629,0.9578323662362074,1.2436230613384698,1.1630115840553354,0.7207572964962854,0.5415177529568312,0.6636314222243376,0.9699790311496689,0.10512818215469762,1.0526697584061422,0.5957061649919756,1.7649894923925515,13.316635602767201,365.248031695518,0.03645915774261683,low,0.9254121375789192,0.08000850963011755,7.604001273637688,0.07458786242108084,163.93994055727904,11.990428663872164,0.07313915463866366,2.615391424453707,0.08122874485314636,0.9253238679720927,0.08682582675559397,7.70102403604396,0.07467613202790735,163.53525194198386,0.07313728342044144,0.08142975563147355,7.555196781330959,0.019301582597205616
250.0,0.14304512500801253,0.7074589879120354,131.92876833749003,0.9919636263870935,1.0766452170965266,1.140334193993731,0.5685961096804981,0.6936252797760663,0.12598384305468116,0.7518174550837946,0.8771652953232918,0.8187377967093319,0.14084464806062544,1.1095005013659716,14.519269969280984,418.29421743788845,0.03471066384377383,low,0.9195497546547694,0.08221902643128572,9.733600516478786,0.0804502453452306,164.63496884793085,12.312265338784472,0.07478523806298407,2.593134765577337,0.08819068069731933,0.9197289440134483,0.08427372486876085,9.766474010606013,0.08027105598655171,164.32811216773155,0.07478388500519226,0.08835536280281125,9.729528257805576,0.0037972810008333625
251.0,0.1613766867753316,0.5652957762386595,102.57526605611956,0.9870596380659469,1.2352192859124131,0.8645401090560617,0.9424900306075387,1.1143936651340176,0.5828997365996121,0.43033153462071166,1.1064295287066026,1.9520360256444464,0.7789579679249545,1.198889898101277,7.087399775384141,318.62569598605427,0.022243654120395695,low,0.9594966495472608,0.10065249939138736,14.242252277882713,0.04050335045273923,166.02817751448438,16.14243337930175,0.0972270708560508,2.330706099542055,0.04268793334652989,0.9598407184933335,0.10345851821343667,14.643161422195018,0.04015928150666648,165.60666324693338,0.09722197081019586,0.04279658581621343,14.334303303028088,0.021546782751672624
252.0,0.0920355850183568,0.44686684194639736,112.92267708427687,0.6670132031442959,0.9144188799767526,1.1223303361480041,0.6153861807459178,1.8891759110307094,0.5340198307575094,1.9580328572753098,1.1989503026168424,0.8406556406976539,0.7462773664549336,0.319488218772711,18.962599344500095,399.2082190266208,0.04750052338786039,low,0.8978512787511935,0.08464309582909291,22.296164907444716,0.10214872124880647,165.427130735326,12.574078187321602,0.07600977017149269,2.576893392070216,0.11462811003377177,0.904201472320068,0.0914430122235089,24.048181784943093,0.09579852767993202,164.79438955969565,0.0760067753540228,0.11506823378614493,23.198937010935456,0.03660705547014169
253.0,0.09145930753946765,0.607891965607648,113.70780415563483,0.7264838526727728,1.1010345498656369,0.9218184750725199,1.5114683128003426,1.4672629250168667,0.5196940839469227,1.0023289819667796,1.8428544076685294,0.7081346153832637,1.1376852604031487,0.41478120714426997,26.303345270103,261.5802197444321,0.10055555919251759,low,0.8638543599680591,0.08003652001578296,19.15818837795772,0.13614564003194085,166.99789362220483,15.075290239616395,0.09027233764828704,2.4049242038260616,0.15750704814042982,0.870747128509384,0.08362889862545198,20.624833469507365,0.12925287149061604,166.59280437810557,0.09026725346900943,0.1578900443407141,20.01287456394176,0.030578261189334717
254.0,0.10875872139046627,1.351882087684423,80.47196973052952,0.6086734181285374,1.166664734338468,0.9585646966204869,1.813610576955965,0.8151029348394533,0.7993137353314737,0.43437392786066686,1.1291008482039373,1.4561290480671378,0.6645486802921134,1.3789792714413884,29.275571804821848,245.8280188111378,0.11908964627548571,low,0.8501766615227178,0.07148541107345167,12.084831800400098,0.14982333847728224,166.87000678870137,14.400637318833672,0.08629853618372792,2.4499426429864606,0.1754393876299888,0.8510118344958694,0.07476693976496301,12.4522613905058,0.14898816550413063,166.5183547058302,0.08629418158906765,0.17580987907633244,12.12585662314994,0.026918079068550826
255.0,0.12496391220799188,0.599050158881894,179.63395930370166,0.9750361865849804,0.8840504662240009,1.0680770661999852,1.2984495111263512,0.7367294164333961,0.5713027900065849,1.3909131604263212,0.6094401578913544,0.34565609113200363,0.7598740311661571,1.1717603275124178,21.93474202935516,277.1018320741098,0.07915769399708913,low,0.8837835341165857,0.07223945113939496,10.90616218815002,0.11621646588341428,166.56019467441365,13.152879818482715,0.07896772601757296,2.538716041409939,0.13169258160530173,0.8840173258950389,0.0772610271716409,11.05472277176498,0.1159826741049611,166.1309553963121,0.07896444249540378,0.13203284106221475,10.863939280593003,0.017561170607128397
256.0,0.15099460466734227,0.6203696702447792,160.73618549646736,0.8538478263079565,0.7969009769690982,1.0565763754151516,0.8284602693581427,1.720736202730361,0.5697641383663036,0.5264257718931139,0.900924714738491,0.37876980268737315,1.41688529356514,1.9203551448760028,13.921674753909015,339.5195778490244,0.04100404118698458,low,0.9234008447536468,0.08584933827028489,20.750426266821304,0.07659915524635319,166.3717505415293,13.388866802300509,0.08047560213029324,2.519801219622172,0.08367811667903274,0.9258816952965666,0.09202017302941072,21.880277689349477,0.07411830470343339,166.1228755518224,0.08047402685305051,0.08380347804397424,21.258331099377912,0.029256604719538146
257.0,0.13194250748848332,0.8673258521881928,147.25615926920065,0.530964689648594,1.4975617134347192,1.1924308498623524,1.1459596410019826,1.9549329816737775,0.3981194576872191,0.8846046808739804,0.186103950197148,1.130051998252568,1.8727492612806607,0.6651384832978119,23.352663487839664,291.69672213538325,0.08005802505041915,low,0.8749123610303723,0.07597879090261396,21.96777749704599,0.1250876389696277,162.917606951108,11.544082583746748,0.07085840996431503,2.647071618911516,0.1433403296603041,0.875356811396942,0.07791838123531558,22.37950766778552,0.12464318860305801,162.4792378250817,0.07085602507673913,0.14372706199533108,21.923207901039763,0.020813549221695645
258.0,0.09133813379584323,1.0573437466238231,131.67554451173316,0.7314352728215827,0.9557791078016125,1.1635998745995146,0.6704861164558092,1.9403626243345204,0.5263851195500778,0.5122310082755667,1.0281667376575252,1.1236691188403565,0.840887456441143,1.1886741189256111,53.121115159165655,380.1301301545894,0.13974455310228273,low,0.7567168233664073,0.07056202042419178,25.23425699113481,0.24328317663359267,165.16877556529028,12.105336155250082,0.07329070590866558,2.613321473372035,0.3216171759907924,0.7680147781380666,0.07365958409077997,27.778684404927652,0.23198522186193338,164.8445520464293,0.07328927680063063,0.3222497468051223,26.647559968043737,0.042447580125173995
259.0,0.1179694217060206,0.6885766816940969,81.91448970648302,0.9981052610553809,0.8714197822210314,1.1034575156629793,1.879764421488852,0.9880692770193961,0.5454740439848268,1.267807348768114,1.8160959058853867,1.4658323692571547,1.0727133123600758,1.8460834458162731,12.9010265178245,243.07731747271987,0.053073757156598365,low,0.9283451493715914,0.06924892497595186,13.35590029369193,0.0716548506284086,167.06506293239335,12.643006741067301,0.0756771434981806,2.581279099425213,0.07722157039527285,0.9293092170097725,0.07168089735195501,13.743796828324328,0.07069078299022746,166.4823880137101,0.07567219163036713,0.0774918396579107,13.478773571561305,0.019662267887798922
260.0,0.13211363349292257,1.0938860564546609,86.64511334303441,0.8886055128247905,0.8580381115249547,0.8147423185197722,0.85903262241414,0.5473646326474209,0.15664287595640575,1.0442043319613805,0.4634785491584057,1.1207086326957074,1.1912015917858727,1.3399016376710948,17.285064875809674,333.37855332290604,0.05184816090754221,low,0.9070647527243879,0.09574702720624904,8.45952560350898,0.09293524727561209,167.53879536570406,17.31841234693009,0.10336956469770132,2.2694447055192364,0.10317052141911248,0.9069236835199226,0.09746934235406868,8.44156688775241,0.09307631648007741,167.0616093183896,0.1033630913625927,0.10346521230300985,8.40799979697681,0.0039922801601005595
261.0,0.1107415621618565,1.2942476542140815,151.50516340893486,0.7489972676078592,0.9620891791240791,0.8158229367723885,0.7150911599687158,0.6785336181459287,0.21813462115420582,0.9425392569681327,1.931678249368667,1.8822949938118552,0.048463994443652014,1.5008093823151245,50.89482869245968,366.841119999483,0.13873806920154264,low,0.7670069272574198,0.08544028453574992,11.665155798668502,0.2329930727425802,166.8997639796233,17.278914207640135,0.10352869168676423,2.267906490328644,0.30494248451228134,0.7680329029453137,0.08630955701039111,11.815058328145167,0.23196709705468632,166.38476645134043,0.1035222006982912,0.3058863487201755,11.73488361280093,0.006832169622609514
262.0,0.14174186147418397,0.5455996582534859,132.80848704197572,0.8328649012128986,1.2240109154369745,1.1115847267951786,1.1031052344670604,1.1289673007070127,0.6758591674154598,1.4633445309017301,0.43483470635650323,0.4489331845795412,1.7465422076696393,0.2626220123872324,11.480314409730802,296.5592716253065,0.0387117028808859,low,0.9351700621437211,0.08032607580384847,14.28240261775919,0.06482993785627889,164.68960103040635,12.526111833252125,0.0760589117641948,2.5762470841810807,0.06970879969289143,0.9354767235646503,0.08674105578846836,14.59554992325275,0.06452327643534972,164.20117493685876,0.07605578526078785,0.06991615263499419,14.22828339584866,0.02581242706419856
263.0,0.12617114382482306,0.7824648087693215,91.72604165774663,0.9410021466596938,1.373697282073257,0.9181933428269377,1.5717644123315953,0.5319312523903125,0.3397289342318217,1.1781395460968855,0.9122145453578753,1.932336606118912,0.9088211433645009,1.2645967935799964,14.351176758706055,257.93445174013726,0.05563885189390877,low,0.9205763751310075,0.08222350884017196,7.677299011434227,0.07942362486899246,166.06661385972794,14.995964659602905,0.09030089980801077,2.404607853957562,0.08641819342946387,0.920434169870225,0.08359112758291846,7.70288472281111,0.07956583012977503,165.46128795968346,0.0902929664452196,0.08673434696219025,7.629161974644617,0.00966328260056722
264.0,0.12266418553486912,0.9308410600000138,158.19107280055474,0.8523698993074751,1.4428140625747605,0.8404050248557094,0.5477488422206975,0.5152977163975219,0.762209208781778,1.2595267373957475,1.7874678584455295,1.7413554493183236,0.25807335518510854,0.7340343837975558,31.151005647576092,427.82188105350633,0.07281302576405656,low,0.8421061948593653,0.09708474294994873,8.126450379773692,0.15789380514063467,164.71283303681778,16.576424622627993,0.10063833106994591,2.296222069335773,0.18912312461174774,0.842601587821646,0.10627523387756017,8.288779266618898,0.15739841217835404,164.15080873280925,0.10063231785797129,0.18977064985577413,8.108861768823285,0.02218776234259584
265.0,0.11572853483237518,1.2849247381431828,123.60330819855875,0.8781579857149917,0.7182196333431217,0.9363388990313062,1.9577611790132918,0.9359855300365578,0.14300251699924565,0.7490856170722725,1.0653380550116216,1.6565501997505774,0.11807356014874702,1.2116962469334764,37.7465273272649,240.0605785583043,0.1572375087736335,low,0.8164229089612404,0.06681998797463867,14.54088782852546,0.18357709103875963,168.88484244093578,14.873760880313062,0.08807043110168324,2.4296184311877265,0.22350452996079867,0.817179250067725,0.06652436871304654,14.685299162351333,0.18282074993227504,168.43626763641635,0.08806439412966141,0.22409976103688023,14.614492219259215,0.00484498140816736
266.0,0.11392386652182346,1.380732184119979,97.69159565975842,0.9360617678490801,1.4257222372105411,1.066580101440517,1.9995154575496612,1.7080501273236965,0.4537812282803003,0.029144634681851318,1.6300441757211381,1.3587942520998364,0.6141338878551427,1.3943368448994973,33.08166398425835,238.48362931413365,0.13871670805832448,low,0.832208631763263,0.06824177059954994,21.07398788144657,0.16779136823673702,165.0649091445079,12.814309896864794,0.07763194468938497,2.5557762781326607,0.20041609180117523,0.8419514065356505,0.06978296344024569,22.971007499346776,0.15804859346434952,164.83410352823915,0.07762966128434892,0.20069672037613767,22.244708696631214,0.032650407457372264
267.0,0.13099167663159292,1.1448575485727064,103.39510963760594,0.5344527321098298,0.952635793632851,1.0904410211359754,1.1161211430826714,0.5569152457465743,0.38562699670129463,0.18506008904460114,1.3512725819156959,1.8298235745962643,0.3776151102719701,1.8895596622798607,21.959081747922095,295.0690258315497,0.07442015198321153,low,0.8833744068954835,0.07279331353177199,8.482701606649393,0.11662559310451648,165.9670197628281,12.881494173077602,0.07761478269288469,2.555997371315874,0.13230991180839596,0.8836008439052383,0.07334801847310538,8.585061350629683,0.1163991560947617,165.63590801721176,0.07761256450869795,0.13257440376781257,8.494720221959053,0.01063497399680053
268.0,0.0962306789899254,1.3222980442403913,120.32293648239516,0.5768101221845039,1.2211154184609843,1.0435095074797527,1.0153689407880113,1.119147825548234,0.11904257130743952,0.7934309246272631,0.9442802533544801,1.5010564244777127,0.4018332243354883,0.33401565885512324,54.68910359978472,307.74866634315197,0.17770703688055695,low,0.7502695378003599,0.0694031074701821,16.959470503925907,0.24973046219964012,164.9901443886133,13.361578947171168,0.08098410360621099,2.513502395344771,0.3314689116882733,0.7517091130434012,0.06894464949461225,17.19010887160815,0.24829088695659884,164.56566515646756,0.08098098305577069,0.33232389968944503,17.105294163874408,0.004958389310419829
269.0,0.11874813284892041,1.3044948927955575,82.20033242117564,0.9441946116743098,0.7747469305965727,1.1161457026822075,0.7715756324834839,0.7582466634282305,0.46641029251368943,1.8046917951899204,1.7913318537761962,1.0428763919836195,0.8367431251548717,0.14432622593528696,24.20541343789018,352.23301715408184,0.06871988785566259,low,0.8733707985487799,0.07469655530927512,11.368813734034054,0.12662920145122014,166.1638558102367,12.686138867834591,0.07634716229937803,2.572464415010458,0.14567195326481452,0.8742451326173986,0.08052884046326803,11.557280751599945,0.12575486738260144,165.5271998249153,0.07634382277119335,0.1462322413687491,11.390539053048036,0.014638613482238197
270.0,0.11592755348144639,0.9122362911021363,133.49033086898766,0.9677400823609112,1.455563797203137,1.1044173715291414,1.9661682037793753,0.7550930232473595,0.31393904203794887,0.1165167241794044,1.4858555240151308,1.6108701155500034,0.04056217172989285,1.5905918710890552,28.842569052964322,239.69349853648802,0.12033104455928194,low,0.8501783088318309,0.06579552739725007,10.785925371671578,0.14982169116816912,164.57074729088865,12.372313013853095,0.07517929654888357,2.58787939778156,0.17525939164621618,0.8509549128050108,0.06621935888636275,10.96225905236388,0.1490450871949892,164.3085899019219,0.07517695194038138,0.1755390212415605,10.845007685305323,0.010811552233146832
271.0,0.13528399284748968,0.8183207509566746,91.23541562151352,0.9397804561472383,0.9420864590316221,1.1062871411420774,0.6950653734799236,0.8832274629004626,0.5198060131879138,0.03608668550083416,0.7433483943314,0.9353407031709308,0.6214825648893273,1.3341906470114093,12.98507076287523,372.59776862170315,0.03485010339946215,low,0.927767597346847,0.08256460107902427,12.09264948282006,0.072232402653153,165.46364294070514,12.741271240274713,0.07700344930058514,2.563905062020274,0.07847688188231479,0.928062831444539,0.08576843745160076,12.341841844288084,0.07193716855546095,165.2913858159164,0.07700255871871313,0.078558665950908,12.135150017071993,0.017032490486340254
272.0,0.09589112580752085,0.8850198405221888,113.37098139435756,0.7599104344317031,1.005918803670357,0.9694085827247033,0.5592960496433019,1.30210107090536,0.6399843937633172,0.34223862771212216,1.838344205498827,1.9067551123975301,0.6107086974075115,0.4250231112448894,34.73347258129512,422.47758590792887,0.08221376409035018,low,0.8276057903653352,0.0869717882627655,18.139137685805494,0.17239420963466479,165.61513800145647,14.536653803882384,0.08777370220682694,2.432993342490357,0.20972402040319324,0.8328693679524335,0.09042158411545444,19.35421984455972,0.1671306320475665,165.22690341246786,0.08777098333640025,0.21021681011952054,18.7499964788973,0.03222525222031144
273.0,0.1117564342622898,0.9415830774455572,162.32316249182074,0.893100194682158,1.3706849539624977,1.0804006205257324,0.7561209150887991,1.1061228534879401,0.7473810200603528,1.8867080782942762,1.1236073521210594,1.6639652483032485,0.7975055275959506,0.7722947509123461,38.953294476889525,355.969494039938,0.10942874355553389,low,0.8079764604701906,0.07684677200667864,15.584604250609896,0.19202353952980944,163.81514752544473,12.862358039409704,0.07851751339058465,2.544433578559992,0.2377881109611007,0.8098577497600198,0.08362799860270187,16.125261593316168,0.19014225023998022,163.0997988494753,0.07851330202140791,0.2388310393493465,15.623559343866056,0.03211190474641008
274.0,0.1533498498381374,1.2075005543897275,95.37668526187197,0.7416329402553631,1.33493740251931,0.863525513314868,1.7596600284832897,1.428869349943915,0.3709803697707571,0.419422863341782,0.6680150501086612,1.9925792901936716,0.9941868062836527,1.4890646963828915,15.588810611339847,248.2310628216873,0.06279959661026716,low,0.9145884702395329,0.08576522356659985,17.824006386156277,0.08541152976046706,167.080264574115,15.88470366345654,0.09507229177513214,2.3531177107154413,0.09330132826324808,0.915335338520272,0.08604456992734424,18.21078929607952,0.08466466147972795,166.6424214191379,0.09506517561695654,0.09354647201225536,17.928365996243492,0.015752874517131213
275.0,0.10715746587432329,1.3323804696168562,139.10823934143156,0.5883049882262579,1.056346128950884,1.1525455372049684,0.7353575717765316,1.66110848400014,0.6271438415873071,1.833051511308905,0.36765900034539767,0.6809637520330453,0.41866070795873034,0.3883735950875696,51.3790855132106,361.32848563270534,0.14219494879636488,low,0.7621852197277565,0.07010387794724061,22.4638583413106,0.23781478027224345,164.84703479216384,12.178062724763825,0.07387492738415165,2.605381786212004,0.31167734122720747,0.7644376836196713,0.07724908980419137,23.248532867382632,0.23556231638032865,164.2884906805316,0.07387227862311285,0.3127369744550163,22.513635764469782,0.03264231111318938
276.0,0.13221940047911107,0.5146030012998495,147.85892780555267,0.9519456171694409,1.4323211270459109,1.1242000952395026,1.6120690991637638,1.2107162126211268,0.38333637681042704,1.8881011930220808,0.10102421573262699,1.8838458080906741,0.08383223114383255,1.9248174418522286,13.854141770133571,255.65759894980908,0.054190220932386325,low,0.9224661656710141,0.07481600112103264,14.931840457739694,0.07753383432898586,164.16612530011528,12.22583418567909,0.07447233199497647,2.597327605193992,0.084390989583305,0.9220734077229946,0.07656848198139389,14.985760917665583,0.07792659227700538,163.44815204113453,0.07446682986805275,0.08476169107526489,14.76311538942591,0.015081202196600333
277.0,0.11763187490415628,0.6406233273331248,96.61563853364939,0.5450542210182756,0.9685609430134374,1.1412879678159606,1.386214922638356,1.1237314559243483,0.2640425727374167,0.44860069499297195,1.108339543480657,0.14340136538704631,0.09572780297533724,0.027715408430174462,14.238041885532116,270.1300227586757,0.05270810604510948,low,0.9212059721405429,0.07282288674266894,14.733483066930855,0.0787940278594571,165.94359455028587,12.26867465760986,0.07393280042449657,2.6045987007243863,0.08580049096874034,0.9222152222152087,0.07492758099998764,15.055512230014882,0.07778477778479131,165.8051931769857,0.07393189035384007,0.08587211059387012,14.905345812800688,0.010074668451182907
278.0,0.11421858240833356,0.655048017023071,158.72269907200334,0.9239004760021061,1.241634339694376,0.8529967639474972,0.6278070221112986,0.6824096020257382,0.18800071835482293,0.752830572241447,0.20067619830603423,1.5285815708854855,1.9163260055517144,1.2164099215495439,25.36814854860647,394.58815606122084,0.06429019259430223,low,0.8680253296614678,0.09659688429440512,10.279430377237517,0.13197467033853216,165.51418873135208,16.413628678810284,0.09916750222212929,2.310944916930688,0.15326872422872334,0.8675765450780912,0.09681807760380971,10.268285573172928,0.13242345492190877,165.03389493310422,0.09916237734463268,0.1537147781605066,10.21183459068084,0.005527996168641808
279.0,0.1327636478957168,0.4664673375323465,176.4023745092577,0.5269521577470369,1.3450832903058019,1.0899586949822777,1.9190811175497942,1.8759647051197974,0.1774647567140881,0.8591562214563039,0.15287014641044006,1.2770190085828361,0.6488717582585802,0.8287165750955555,14.859953137765098,241.48491901403216,0.06153573978216677,low,0.9175195730308277,0.07426916099357846,21.16609055411701,0.08248042696917235,165.16143296664603,12.594002823373181,0.0762526856128483,2.573702642962757,0.08997229480786856,0.9175284670000408,0.07407257373931253,21.286180697138278,0.08247153299995924,164.7445138050945,0.07624889272778708,0.09019998781474187,21.107106021683272,0.00848409418472825
280.0,0.11507717583846214,0.964815515356669,108.60597815664556,0.7342583565527434,0.8565835559896978,0.8181375812166365,0.7885157526086668,0.6448406856644493,0.007002086843113713,0.3992120568343637,1.2773851319727092,0.47005942113115906,0.6813648954088735,0.3925842343360045,25.186611731033054,348.2492962015465,0.0723235107888244,low,0.8699009559274768,0.09364995516407511,10.121361727315218,0.13009904407252315,167.3745896335709,17.262574396413417,0.1031373665154666,2.271693523791111,0.1504804987792561,0.8703920605618725,0.09380400241778478,10.166253193382026,0.12960793943812754,167.1733764332816,0.10313476692629589,0.150661620100046,10.164288480314788,0.00019329568134978541
281.0,0.14704547978928315,1.103723740083499,111.58810926353662,0.6403315211461714,1.2188210983140046,0.8413453629614047,0.8651699634554795,0.5299360890383698,0.35555979437510693,1.531800880664273,1.2336271769353153,0.6685450063465868,1.7904256435732437,1.2806850698267904,18.131138389818403,332.17128363763067,0.05458370209267657,low,0.9022498725458785,0.09515886903785217,7.996316925518422,0.09775012745412148,166.127402022566,16.610941194810444,0.09998917091687311,2.30269338968919,0.10913996227639527,0.9023553379364455,0.1006979726368619,8.037930201799139,0.09764466206355449,165.5791875339687,0.09998226628400418,0.10950131269425865,7.958602653176682,0.009967522199489794
282.0,0.10823976086660023,0.5909962700322668,118.04776988481237,0.8002536629609192,1.3006484935125338,0.8593645275529265,1.7938168522955853,1.1952424149693042,0.19197064357245058,0.007532947071938585,1.3971106173137209,0.24238247106459013,0.20624133659084357,0.4920329409342849,18.954791253792,246.6874703286307,0.07683726793477154,low,0.8979896113595193,0.08310912968959464,15.792332082797657,0.10201038864048073,167.313504896595,15.96287538535317,0.09540697503897684,2.349603589584457,0.1132890693163511,0.9001339286973278,0.0843521794524335,16.24343278419122,0.09986607130267222,167.26302891920156,0.09540614011607448,0.11332325724502063,16.11780356829782,0.007794437707412044
283.0,0.15180002243911786,1.3707584828682635,154.89565173708706,0.822752222572717,0.8230930366755124,1.0400450616050447,1.9607402795230198,1.1534448998651998,0.29627437325887,0.7586328493957112,0.612850907487776,1.7927339623573506,1.7084963405087124,1.5288330926765417,29.329632701319547,239.94187047968444,0.12223640935483517,low,0.8507173684882148,0.06603875544544568,16.34123871265824,0.14928263151178522,167.74277320233952,13.397006181890033,0.07986636876290287,2.527400431429646,0.17484886020061627,0.8509960279461041,0.06611845752887968,16.527192526970886,0.14900397205389593,167.2114089305419,0.07986095203981432,0.17540449475850545,16.350783484381626,0.01078902688411028
284.0,0.13248352791868445,1.3052032823054942,134.01810365861928,0.8943544394413043,1.42443782596606,1.023752425968919,1.4383359099287918,1.839802161310139,0.608262915501156,1.5495299033997207,0.5653172399603676,1.762532689871794,0.7138501733669406,1.9117182945481555,31.72254221987304,266.36261112687265,0.11909532680156489,low,0.8384714383374247,0.07656883768414192,22.208966433724267,0.16152856166257534,164.7640393488651,13.463705413674354,0.08171507245684125,2.504516808735664,0.19253316649214294,0.841124724142039,0.07944207105304776,23.13858854571938,0.15887527585796102,164.11190109952264,0.08170898489477747,0.19329824349932725,22.379191855066413,0.033933159676677385
285.0,0.11024780011684031,0.5496749173508534,118.46520727957743,0.6886034669446088,1.1219854705543277,0.8145179299782521,0.675023401359772,1.4654405503368964,0.5974616784734614,1.8743935854409817,1.3360425563718756,0.613567778887487,0.32450905453577245,1.415235376922336,17.053243806165373,378.68440236013595,0.045032865626050834,low,0.9078891735427019,0.10675791058956541,18.6324908388442,0.09211082645729807,166.29317831652023,17.240901650022312,0.10367774447852701,2.2664678012586448,0.10254926857977573,0.911271157250218,0.1161512562579116,19.635639052834858,0.08872884274978199,165.72822098292417,0.10367070519377959,0.10289885274230064,19.061223802949264,0.0301352765081493
286.0,0.12995125261512272,0.4063154537605436,144.33798519488374,0.7854692721542222,1.4113583362350284,1.0343132676611233,0.94702038676657,1.8597024001262579,0.32458598737421684,1.4419298533188936,0.9709214080238171,1.5317804089829175,1.844433726966982,1.4896070283882226,11.054348865903908,317.8874436178096,0.03477441178580918,low,0.9374278139244128,0.09094709721130208,20.739024745449733,0.06257218607558723,164.13717208321663,13.405096655895342,0.08167008414826979,2.5050675112675616,0.06734823517185623,0.9396325018296514,0.09223220281208615,21.54202155744163,0.06036749817034859,163.50138553262738,0.08166539156484635,0.0676101234854549,21.154827302616155,0.018302879493494635
287.0,0.10582848479341685,1.189203813947937,136.8875951172952,0.9464851124593485,1.2745627332622242,1.0047056666079517,0.8226564186880152,0.807474121131085,0.14051599496190928,1.531134235778816,0.9229822026078164,1.8567455865595444,1.7307055905432718,1.0521746328843804,46.26636270459655,340.6988602751064,0.13579840762378112,low,0.7805832461935045,0.07545159485449485,12.652120153974066,0.2194167538064955,164.7472721750176,13.881657092209771,0.08426031526314276,2.4738442808866075,0.280832344558919,0.7805044862133642,0.0760045414060784,12.6558435210459,0.2194955137866358,164.04337474499505,0.08425505345220621,0.2820373744231821,12.59525153131897,0.004810701046840077
288.0,0.14679942124629014,0.6920742885515712,173.09012943786968,0.6760484949038608,0.8946454595772543,1.1747616059303307,0.7470192645476696,0.5826712983908979,0.5703689751183231,0.11063027103706032,1.8542158825575161,0.41252201716573916,1.3940317019956707,0.8048282412074892,17.694017732312776,358.30913187848097,0.04938198934408858,low,0.9038633223905587,0.07458453758207394,8.635490673186467,0.09613667760944133,165.4613023118618,12.008014000095796,0.07257294504707248,2.6231630843593656,0.10693749828562966,0.9044539910022366,0.07840302673933287,8.833127073217275,0.09554600899776344,165.31095090791183,0.07257227346775957,0.10703475864807899,8.691402794390429,0.01630626058641732
289.0,0.1121478602852309,1.19182026657516,154.0663982060192,0.7122030297804405,1.1041828821381465,1.143286368305259,1.7314555505204619,1.547966162662089,0.7399336293207797,1.75515347618303,0.8339977905887017,1.157737699766682,1.1785027755758197,1.210240777277922,46.47151589577841,249.57060190863777,0.1862058893971438,low,0.7797375482617036,0.06170095291550438,20.97038349018085,0.2202624517382964,165.69595821665703,12.143154995985524,0.07328576464193319,2.6133888957450213,0.280462579751126,0.7840067380221708,0.06563056830909526,22.120607181651277,0.2159932619778292,165.0494246982446,0.07328094335400932,0.2815612110174939,21.26198923143356,0.04038276667680475
290.0,0.10801642000576464,0.6758222214954848,148.5956095601799,0.8797191538267102,1.4055835130257677,1.0426597667120634,1.9017689193144682,0.6279043677740864,0.08083519273540024,0.6496583848035947,1.3129291613609075,0.6056689642945651,1.8070734011352043,0.4532735532241414,27.397378779133717,242.15822921216673,0.11313833466765867,low,0.8572502406589726,0.06842661567643242,9.262745009454912,0.1427497593410274,165.25084504677847,13.135911136342177,0.07949073502543191,2.5321148046738347,0.1657926697523283,0.8575414114621754,0.06869793476762959,9.297036079927317,0.14245858853782456,164.9293777271534,0.07948744443930772,0.16611581973260006,9.273416524617696,0.0025470176225686468
291.0,0.11459194513063953,0.8351946859145654,126.53843678444352,0.5987366438919154,1.333555706905459,1.119584175704503,0.7181922859358851,0.6127327336616293,0.30814146308812845,1.760272900119807,0.6349073806777951,0.8811706410115737,0.7912966201041836,0.626964552134986,25.61840764512377,365.9485032381318,0.07000549918482174,low,0.8651628371426815,0.07804451999901613,8.971036880541863,0.1348371628573185,163.73240585728368,12.42392991077371,0.07587948058127815,2.5786089792039326,0.1564651023784131,0.865092489236504,0.08393183541812896,8.989776096309438,0.13490751076349605,163.15767489516517,0.07587650082841688,0.15701625842354364,8.903945181759006,0.009639649930265547
292.0,0.11432474709290864,1.1415822883251083,131.98767949773458,0.8734148092357863,0.7942874686678545,0.9155975211986971,0.8059206509159798,0.8612636544218144,0.7566675873985041,1.7331501558917306,1.3725503780228836,1.4141357623957775,0.20985504863694457,0.33751220556690265,36.69528324135088,344.34194476192687,0.1065664052827531,low,0.8206152155958778,0.08207072872515062,13.488064275703017,0.1793847844041222,167.0049665820624,15.452823021914236,0.09252912256547217,2.380231845469367,0.21972570033310754,0.8217793403218022,0.08929537569713027,13.865112537260485,0.17822065967819778,166.3550651268533,0.09252296864139005,0.22058410552975383,13.516673933053912,0.025778427883393316
293.0,0.14217889065191675,1.2673483995428265,160.5423156383066,0.6812777317579861,1.06318752972836,1.0495942315764872,1.126515603936643,1.8851580027771702,0.6498060630240904,0.6272937307005978,0.5522793012047554,1.9979475187122537,0.0009903265243992425,0.5300951861163721,32.03800230192727,293.87999667103014,0.10901729503485284,low,0.8382326665884686,0.07720791163348714,23.17131658027248,0.16176733341153138,165.7457481642667,13.336051242737472,0.08046089501807567,2.5199839887580624,0.19329607339414315,0.8411433457637086,0.07989771198080473,24.30554217745498,0.15885665423629136,165.30301040730035,0.08045755409961347,0.19381378610702155,23.47237227194311,0.035495769062412606
294.0,0.1216821487400196,0.7013792700074138,155.9560838359629,0.6770054463788998,1.1498731985820023,1.0747008266810036,0.6693772724720257,0.9981580751352104,0.1448101890427229,0.3943208548172808,0.9200333197971462,0.7352714343514964,1.579105538455228,0.7206855354951927,23.51536011437522,380.4668968009199,0.061806586360336306,low,0.8756706743711227,0.08233620030963965,13.780368916277146,0.12432932562887733,164.71210722871157,13.034934983178028,0.07913768576270062,2.536566085773619,0.1427664335671626,0.8762967347528043,0.08280714122795402,13.923535381152881,0.12370326524719566,164.4448507466899,0.07913619000461093,0.1429984581919088,13.850750477063231,0.005254942987398494
295.0,0.100979365630968,0.9022162542033092,131.75165219699113,0.9554284765799068,1.0969581597231208,0.9641607040103384,0.9259941145124259,0.8379607392480617,0.04504971357907994,1.187805190973519,1.1133423519402983,1.1017462549222328,0.15670783462831214,0.7470466502350042,37.10663465549278,321.33597996079385,0.1154761276966873,low,0.8174882924335064,0.07857857038692763,12.8343628046661,0.1825117075664936,165.83669867708855,14.534189593190925,0.08764157577383637,2.4344997843407876,0.22375406017787128,0.8180730000900933,0.07924205199208563,12.877878645070375,0.18192699990990668,165.37792435081352,0.08763755210860566,0.22437477554004776,12.858331408789898,0.001520200067880873
296.0,0.10505025999881318,1.2128955908712835,127.80956527379982,0.7375578467793334,1.454285194633034,1.092591155852746,1.7122514616235929,0.8037618082114931,0.5350806607082376,1.507189465169466,0.6844479393340849,1.1438635505009602,1.4630732715177244,1.0503374821310492,44.7139090420982,250.4704762599844,0.17851967908459546,low,0.7846143071636102,0.06349965106572271,12.185752989101399,0.21538569283638975,164.40382790817313,12.553778647956838,0.0763594060289684,2.5723040587173314,0.2719760823760924,0.7849185865102883,0.06618002777397071,12.357590146472717,0.21508141348971166,163.8214518100844,0.07635441794268347,0.2729429421363835,12.125305113974548,0.019157046384792216
297.0,0.12199203354407244,1.2579747993512935,150.35139586182905,0.7355297317653692,1.3195775689629148,0.8375512800875464,0.6007308181360327,1.0019287252417428,0.312426657168232,1.65716343128983,0.5749112637798882,1.5768221295201323,1.4695430331175274,1.3815443914833263,40.45447702307853,404.8355957797542,0.09992816206084627,low,0.8043883186911829,0.09397609725411261,14.989130041558239,0.19561168130881712,165.28749108384181,16.68522180061266,0.10094666989741594,2.293162922410625,0.24475219968435524,0.8043436613648381,0.09680972390595607,15.078004940802296,0.19565633863516185,164.6021449883288,0.10093905211998398,0.2457712627374751,14.90660557192685,0.011498215878082791
298.0,0.1266726365804097,0.49423362798356946,163.52398465355714,0.5370032443697698,1.4686967566132032,1.011611509119732,1.030813105967845,0.9696643863213846,0.6324508559136137,1.1095266608680114,0.5858893199104092,1.5731885995961195,0.9673413308425575,1.7718748986793518,16.03238967535882,305.62259748175944,0.05245812910256313,low,0.9116116088300266,0.08570786349328732,12.738900455428178,0.08838839116997343,164.1428622819473,13.671934125974703,0.0832928945913621,2.485392032470773,0.0976733892200568,0.9117700989904614,0.0900490334616514,12.982354661587939,0.08822990100953865,163.61683926707346,0.083288583628025,0.09798740610793115,12.69042913301071,0.023003597870292974
299.0,0.11263277124346069,1.0711233735873762,125.02467062146862,0.9972706181125419,1.2502204528892764,1.112027386313573,1.0031377863544801,1.5689889858838222,0.6282379318522335,0.4597868131786891,1.4577421859084196,0.8795503105959638,1.7626838570979126,0.19925842103302396,33.60127858324345,309.46179187004026,0.10857973250977118,low,0.8304568605062699,0.07498342251733228,20.052142111153657,0.16954313949373012,164.4609314300731,12.52062823308961,0.07613132264432808,2.575295500317914,0.20431161547647161,0.8375083252710639,0.07918404520616856,21.599691496723423,0.1624916747289361,164.15017204902574,0.07612942551677768,0.20469840612294918,20.8029257088172,0.03830066015995624
300.0,0.1078197921191611,1.0824211813152624,119.7885396247004,0.8404532396346505,0.812309227532296,0.9417314064234381,1.0253415255177876,1.385976331928201,0.04958979043445555,0.29379149246398845,1.7235512315178572,1.4257895793346507,0.9723740477162899,0.5899879033862931,35.50297114559441,306.4106968574295,0.11586727065900596,low,0.8253401259044345,0.08023187598335808,19.345823524582578,0.1746598740955655,167.14557480062854,14.983514433037287,0.08964350058869126,2.4119145791754573,0.21240748484033992,0.830356154566053,0.07858952197860847,20.188168855202136,0.16964384543394695,166.8166092749707,0.08964030844647253,0.21282635643956413,20.13736948369671,0.002522641874677538
301.0,0.09593307246465449,0.5393354235378873,133.36393250153588,0.6617840499946354,1.0664541085467796,1.0036177406158986,1.4283452440790678,1.0050953752607266,0.7558073019694991,1.0041837167388914,1.0624643783697407,1.562550234006695,0.42511402153659006,0.5334957089270362,24.87773046532642,267.0832149344888,0.09314598999202746,low,0.8699654543634593,0.07507105548431994,14.147854783301646,0.1300345456365407,166.39685779283303,13.892710796781802,0.08349142514504972,2.4830113452722573,0.14950841497439585,0.8710088744739393,0.07909685964123062,14.589688444880593,0.12899112552606073,165.90199768377633,0.08348665290372358,0.14995437555095353,14.19447794274005,0.02784255283884382
302.0,0.15025031277772652,0.5142975226134434,177.4614947024612,0.9024563471420857,1.3431653353338713,1.0069346587164958,1.4053465065461532,0.5454370245389122,0.3636341641149135,1.7737846428120279,0.18929535295725733,1.4330818964409773,0.8604823283028499,0.37444366137903223,12.868796263046855,268.6999992994508,0.04789280348566476,low,0.9280483702145768,0.07997102968382781,7.71723386414868,0.07195162978542324,165.20689712712192,13.731783478383944,0.08311870579966,2.4874855025763387,0.07789503033365906,0.9276981704939645,0.0831728303391445,7.71280980481219,0.07230182950603548,164.53923628134152,0.0831122851916098,0.0782111097260888,7.6333419458123055,0.010410624804183082
303.0,0.13856073303067107,1.089734139564143,111.44035289268487,0.7034772414725429,1.3045109297438398,0.9258748617770896,0.9920153937839348,0.552828436936471,0.07518774318627576,0.9946624341998768,1.8133740762951092,0.2711036979486868,0.960770717284552,1.2706309677111876,20.134127679837007,311.05425548568843,0.0647286681495453,low,0.8920089293901843,0.08670393648935787,8.221808513135114,0.10799107060981572,165.3854881918714,15.032130086339919,0.09089146968505754,2.3980891250508716,0.12174059465530902,0.8923951132977634,0.08920013376477845,8.25708281575601,0.10760488670223656,165.06032917676708,0.09088814284219542,0.12198041637415422,8.239266752874833,0.0021623359718218947
304.0,0.14100172307438444,0.7297775070352928,176.8625868103784,0.5263294088484541,1.2697345547023338,0.9261970823778463,1.6575202178208053,0.6803839649661908,0.5068671766211742,0.13067181461150199,0.31980973613443037,1.6195529214797293,1.1646429470057758,0.9402068445809578,20.664634769249396,253.2392106507961,0.08160124459456189,low,0.8894222727452289,0.07800357515714994,9.924002014341633,0.11057772725477111,166.53304456080375,14.891781403965853,0.08942238126517069,2.4143842784126637,0.1240872934482647,0.8893874290297632,0.0791993099498779,10.04898546484203,0.1106125709702368,166.2163704584272,0.08941824843033093,0.1243237035693658,9.89877055870117,0.015175107378240928
305.0,0.1267708219270462,0.6975634853088736,83.34671041608746,0.7666340361505931,0.9055424353021141,0.9065007243831942,0.8443051408056741,0.8521471474503184,0.12730828326298047,0.31993826904578304,0.8018633304812787,1.45374382625715,0.9518981227725476,1.4832994129219503,11.51552433615269,336.27541525022076,0.034244324187612855,low,0.9358820777207468,0.09339721611427249,11.914965967934336,0.06411792227925317,166.74356134798512,15.555327777210131,0.09328892612978903,2.372053869172219,0.06906128334467075,0.936028084819509,0.09267785377433523,11.977471017187158,0.06397191518049095,166.40930555634824,0.09328559902845734,0.06920000235355465,11.930382755115001,0.003946919645303747
306.0,0.08406451495989592,0.5044966756533776,113.94902536100089,0.7495687114351552,1.42792727404213,1.0323661072037575,0.5015335345079392,0.7672468531567997,0.6353686420094871,0.8665542175044951,0.8158595246843657,1.9473365233406492,0.293159091745772,1.2758723628280753,25.89367114171444,451.8505877578779,0.05730582595941967,low,0.8641495985619436,0.08774932172285194,10.939069008766948,0.13585040143805638,163.52070260080575,13.465280155396675,0.08234602677967166,2.4968250714924443,0.15835102668881787,0.8643459785267013,0.09302695777284359,11.14089928261703,0.13565402147329875,163.03023433956352,0.08234321265147498,0.15882741778915954,10.907568072737746,0.021391680374882913
307.0,0.1276101968360802,1.3035647228157927,173.84133410119165,0.6868305523055126,1.2340112402947727,0.9749683532377023,1.3963809235534856,1.5231899501584167,0.2094288523473333,1.152596512796505,0.1112486042600992,1.8403976677997649,1.605704163725248,0.8494458399753516,44.296051500152586,269.3605614937902,0.1644489128419558,low,0.7887671994569444,0.07319421296821647,20.684011376622674,0.2112328005430556,165.89189115042632,14.23151940980276,0.08578791471427616,2.455877136555063,0.26701758110639723,0.7878843597713449,0.07242928347605379,20.712555526619063,0.21211564022865514,165.279556803577,0.08578153406001715,0.2680068385759002,20.523818047356883,0.009196021852595113
308.0,0.11166423472546068,0.7464379874007573,175.86133151580617,0.5387057532310903,0.7850175681033177,0.974153142280459,1.6894521833917693,1.1369258851136492,0.120772725262515,1.388881524003984,0.763291542445648,1.9015937871627617,0.30034099640194395,1.51245321123369,33.51089521435406,251.64542932625844,0.13316711256816496,low,0.833355566801992,0.06992651901530751,16.552571318673188,0.16664443319800804,167.9917861080596,14.36280250523261,0.08549705219512241,2.4592733808838068,0.19947936735905883,0.8338596497304908,0.06941106800367225,16.638313511733436,0.16614035026950924,167.3443550426788,0.08548974822462733,0.20025112413148075,16.565915225135015,0.004370316134937912
309.0,0.12821420297930575,0.9926602951253054,175.6571497290867,0.5329742679879127,1.2002437054452941,1.0403003523386323,0.8335997823113693,0.5091683745267715,0.24703914149293618,0.5930704605275182,1.365035963498945,1.1869689072441398,1.0995454572351804,0.4868080690189498,33.763257106219086,338.42527688335036,0.09976576636696295,low,0.8302408452983013,0.0759165809502059,8.09921593622781,0.16975915470169867,164.87088313890237,13.433211017266048,0.08147715813439707,2.5074325663074237,0.2047860511414488,0.8304357018851141,0.07719603273522738,8.155089953671743,0.16956429811488594,164.50988207528064,0.08147471623923577,0.20523543437207517,8.097507568722468,0.007111124560314421
310.0,0.11373347235125257,0.4482582287251766,172.8121137362806,0.7781813503966243,1.3407029810683089,0.9467991418200956,1.4842980705678597,1.0547557764781534,0.5275031106740461,1.318031932638258,1.7772077294379593,0.19482337851133025,1.284073299110433,0.6384352528165559,19.06232997405795,263.2930481532955,0.07239967066262763,low,0.8970662022497102,0.08150631794701159,14.104117847564664,0.10293379775028977,165.8114867991507,14.58400551720262,0.08795533891369292,2.430926105676309,0.11496386855965149,0.8990815853014315,0.0860460654895929,14.602732274637223,0.10091841469856855,165.40417555888678,0.08795057867417244,0.11524696948942156,14.298610532150812,0.021269321365358158
311.0,0.14028753177641143,0.41423268065647784,121.24178784612096,0.5933983421480374,1.4873407927397964,0.8052417614119781,1.2685016848229371,0.9502615166978167,0.13833435956420492,1.8421806498037891,0.21556115420291364,0.06818959836665817,1.5205218484362282,1.6094043301327856,8.122854423407743,279.65552867343456,0.029045928260167317,low,0.9536343536022126,0.09964147929379663,12.427790243553922,0.0463656463977874,166.27562968979475,17.11316626883423,0.10292047187408461,2.2737987067162533,0.048851743569167716,0.9536277675639979,0.10233989392594588,12.38496609587534,0.04637223243600208,165.75287930538965,0.1029115885787895,0.04900581188964975,12.327426097039337,0.004667640948163696
312.0,0.1222681388848142,0.5412526343559418,130.57823771889798,0.7241631539079751,1.0480745922247683,0.8134331624347017,1.3548732100833991,1.1670844634081066,0.4851075918927678,1.7298503595124928,0.7952496048810952,0.654305120270816,0.7478633778643905,1.5331041166091337,15.048539422132238,272.5082009793555,0.05522233594456953,low,0.9178816309650302,0.09258215780720505,15.599208688033231,0.08211836903496983,167.91700942617146,17.120836172497913,0.10196010654909547,2.283173654465986,0.08961891039840529,0.9185142286052234,0.09690705979560105,15.904192680777216,0.08148577139477664,167.3535341684245,0.10195067135018179,0.08992065507853213,15.6198588761264,0.018203352981978282
313.0,0.13962495471118466,1.0807105627050393,170.65818734939415,0.7982580207724514,1.180641338506287,0.8878392079863509,0.7809681606216825,0.9347547159635657,0.1518128773846101,1.744844518594942,1.8207922554020497,0.15832108035310985,1.5772894408158837,1.591947457936545,30.113453286262835,349.9744474774107,0.08604471984545821,low,0.8470729122677217,0.08964098494543137,13.666972437376065,0.15292708773227826,165.7763465129869,15.771395187228578,0.09513658322777097,2.3524417017217893,0.18165108545146852,0.8489920825775398,0.09364639610085448,13.88589322589196,0.15100791742246022,165.25763350124893,0.09513121718799662,0.1822212544634754,13.808277600438963,0.005620949092921641
314.0,0.10839282156985901,1.2014833552550734,152.3480338320177,0.6478602996625136,1.4933504234625785,0.8932120218163768,1.1873009424516796,1.4809756790131114,0.7771425467219133,1.6960785126689355,0.44137544713624227,1.960436501889216,0.9654092220787569,1.0476827737366123,49.59109485537419,287.3567300073417,0.17257676496425603,low,0.768556840529095,0.07959296618743335,20.444956624855827,0.231443159470905,165.2139165970933,15.453367763130286,0.09353550888098836,2.3694141406552194,0.3001629395198702,0.7700564311291973,0.08374116532826768,21.189521465450888,0.2299435688708027,164.4875060518762,0.09352647739853608,0.30148852059155246,20.411761456686722,0.038103522344926165
315.0,0.12238501459205903,0.6627976666173273,142.85334299733915,0.5775637997665207,1.2862636859707566,0.8652650274021972,1.261580909600863,1.254165644777166,0.05434287024117149,0.9733296816933734,1.3027908803423596,1.6422009969508167,1.5851764131430244,0.7385082827140078,20.12171614745305,280.2878743640833,0.07178946357599368,low,0.8923806473964825,0.0896324252174775,16.489289789398246,0.10761935260351752,166.39683202801652,16.030795931887095,0.09634075202337965,2.339863871879662,0.12092607715070634,0.8938834448745446,0.08829592319994657,16.72532635064581,0.10611655512545537,165.85189538164832,0.09633322351937658,0.1213234018287833,16.68740581847883,0.0022724042657959027
316.0,0.11602023528974999,1.348859421825947,142.43269069096075,0.7681146032238291,1.3474911195179982,0.9507576171910005,0.9415373228646545,0.5408493389883624,0.2974363903701233,0.7245008992665433,1.9706518275157279,0.809014419132025,1.6506129559309155,1.9086005586648203,45.431702520050116,318.77059795466283,0.1425216215408663,low,0.7838169760089133,0.07616725310863934,8.958899809387779,0.2161830239910867,164.96025296947803,14.625673014677618,0.08866180035128675,2.4229261436308533,0.27540999545179023,0.7845945416208809,0.07845095671078677,9.06956803699977,0.21540545837911906,164.59675610080598,0.08865842228203827,0.2760182132157321,8.988375209781172,0.009033092780800347
317.0,0.09348666668515618,0.47699436289311525,82.79094667405214,0.5575919901952372,0.9761115088821843,1.094018304421115,1.6961858128046488,0.8320173160754162,0.7848504021482124,1.207069031221192,0.8665949628680778,0.7033065914968738,1.9648355191494422,1.5951684122225729,14.382913624285573,251.29575735979822,0.05723500378755906,low,0.9205550129325045,0.07077787155679693,11.555422774739261,0.07944498706749548,166.5024204016665,12.743501640952541,0.07653643478701641,2.569988379805322,0.08638260987190799,0.9208305910378206,0.07545885716809923,11.829145937895232,0.07916940896217939,166.0159465621125,0.07653241225118845,0.08663573543463435,11.534330053455493,0.025559862000950555
318.0,0.1363961732833206,0.5082594731690298,131.27629250434484,0.6427477962989425,1.2657073411763549,0.9579229353986087,1.7767195157723816,1.015815265266124,0.3305902505139485,0.7836373254639808,1.0080185679248646,1.7122031614494897,0.4147394245138219,0.39519359353241684,11.41609410862455,247.45651945616152,0.046133737489373286,low,0.9358517046527071,0.08006030342960903,13.292772775075033,0.06414829534729294,166.43039074934737,14.376842178383399,0.08638351513598051,2.44895841841346,0.06859380703983185,0.9362245734024148,0.08082510284942736,13.482720001657214,0.06377542659758517,165.9700157641833,0.08637783208082397,0.06878407558173026,13.32641730541627,0.011728785963907787
319.0,0.11051578035080989,1.1315370332755408,121.89239692680593,0.5289072874382699,1.4711867548220385,1.1678609224183316,1.478456195735215,0.6683402717062392,0.11525533748097189,1.8779570168029505,0.6878909080621513,0.50342085143457,0.4434409854308136,1.6566636219858057,35.94569852684739,263.6639185480745,0.13633150385077555,low,0.8189787145233813,0.06511198541244083,9.921081075394515,0.18102128547661867,163.52889721338295,11.765967715564628,0.07195038868397458,2.63177844352333,0.21981251717207595,0.8189967937308078,0.06765730286597078,9.897388930823183,0.1810032062691922,162.9947773637279,0.07194686945561328,0.22053282386240783,9.85943970324466,0.003849024764159134
320.0,0.12279378696006836,0.7917495065201591,172.8957205039173,0.9599259166167755,0.8593912596963773,0.9821886007768865,1.222689138676713,1.3185306803554904,0.7597799939981035,1.9318705409848913,1.9874822724947225,1.6846873032057488,1.5156967010265994,0.7068113044590348,28.898106417888748,283.9205709517095,0.10178236230302548,low,0.8527761476396325,0.07745048022678154,18.085356559924644,0.1472238523603675,167.03164422220482,14.317841937537855,0.08571933781895007,2.4566768333371853,0.17300977040880436,0.8582381250155043,0.08202657390399501,19.396158366617684,0.14176187498449566,166.235727649771,0.08571184284874324,0.17383812027924525,18.65224376186956,0.039883384232244204
321.0,0.1262931902182164,0.5074079024808078,103.54503280546766,0.9759085519266633,1.4335203888420842,0.8538499128668596,1.6295023902992816,1.4330533446682208,0.03851376071759963,1.548395049884922,1.8537083199482132,1.0810146124910998,1.5263930660235736,0.2773617175022471,10.485200906683863,254.7093451574097,0.0411653561442908,low,0.9410078697367346,0.091007178153767,17.383685359173096,0.05899213026326544,166.59240230753383,16.060145449684484,0.09640382890953844,2.3392093591758005,0.06293925029862955,0.9432363426932152,0.09057968403597282,17.936525199949497,0.05676365730678479,165.9885279345062,0.09639401748058007,0.06316822636574612,17.902627787233076,0.0018934322446559474
322.0,0.10815330089059313,0.967704944075724,151.1970767574983,0.7622672680861301,1.0787563571247072,1.04541660251108,0.8556758170241959,0.5224025025014762,0.5438776366962371,1.1243435158269472,1.8880731056913957,1.0297473341660555,0.7746296735580077,1.829657476657976,39.815935490866224,334.0138940704177,0.11920442891058933,low,0.8059938194602279,0.07249939709111147,8.607592037822451,0.19400618053977214,165.3709371760897,13.416097715782415,0.08112730050925897,2.5117357467727843,0.2407674296993888,0.806735228074611,0.07770428808746913,8.74979630180544,0.19326477192538905,164.91148099191068,0.08112421619099881,0.24143822644355062,8.612754057082922,0.0159115474346811
323.0,0.13805240934122687,1.0271877651671937,108.25489978970108,0.9447657122280755,1.316616807750276,0.8791917555236651,1.1763204451352574,0.8997089596037556,0.5849988684910289,0.05268688664977266,0.08761744579011982,1.398848394076513,0.5434719614145044,1.5052604598526662,18.57203726863719,288.492662806898,0.06437611649440231,low,0.8997656262618249,0.08935196161377906,12.481476505884638,0.10023437373817512,166.01090058125214,15.785662885836736,0.09508811066361646,2.3529513365563846,0.11187239635235467,0.8997139449506035,0.09196759213169682,12.691409642810319,0.10028605504939647,165.77339212151605,0.09508507388646925,0.11203267925544662,12.450573268068691,0.0193433964490043
324.0,0.13062628923253028,0.49301549545659623,129.24825464976678,0.5425303972578811,0.8561556845041783,1.0143275603836042,1.6840817498856075,1.9335292944215194,0.4463045865241344,1.5385496453877254,0.7451394093910869,0.27435513458578104,0.22548072208321923,1.767870374415641,11.887053140663186,251.9099048766256,0.04718771636424912,low,0.9338749122319203,0.07900574675919952,22.319988206120392,0.06612508776807968,167.4546576065932,13.779874629892737,0.08229018426149874,2.4975034461945986,0.07098669759661051,0.9362870600922589,0.08331363853872793,23.38186146520764,0.06371293990774107,167.0161450943526,0.08228575768926437,0.07117307811138751,22.821068376212324,0.024573480949728915
325.0,0.1478534204868948,1.0540333608610342,136.96930808304438,0.5948711215930236,0.7076504052261062,1.009857369683701,0.8639530645036508,0.5254269906725668,0.4079610908677269,1.2486891592087337,1.0421179764692285,0.6459839094294567,0.8422794934399266,1.3664999385865026,21.02156252414327,332.4430720457382,0.06323357077283621,low,0.8886724759126831,0.07885785110449234,8.280089902769703,0.11132752408731694,166.92812351247045,14.038564021424017,0.08409945386090233,2.475755205949382,0.12593182072506098,0.8887867930570816,0.08410910923077032,8.339734340335365,0.11121320694291836,166.4829246827107,0.0840961897314275,0.12626858018146273,8.252258701756213,0.010600205560755811
326.0,0.11139550240271025,1.3620441236205996,125.51537451023479,0.9165437714088978,0.7252493539851368,0.9390027119984126,0.8727257574589788,0.747616614631927,0.6793277316031152,0.7625708007144087,1.1513446615159169,0.9324062395908664,0.33266067588798454,1.3060848145282793,43.85336435752759,330.77972183231583,0.13257573382856416,low,0.792680774645955,0.07600838898654713,12.395327516762533,0.207319225354045,167.2168621356337,15.086266811767707,0.09021976981921155,2.405506698332879,0.2622544389211003,0.7937705252295917,0.08122073521578192,12.70500517696585,0.20622947477040832,166.87108199454914,0.09021663242696076,0.2627978666726693,12.440531671596352,0.02125901949780263
327.0,0.11928903521844088,0.5800425603316139,136.53677091901918,0.6972515870101367,1.2789761179771881,1.1425038211861187,0.6103587816738995,1.5979622891800143,0.7974181628714118,1.7076834929397429,0.535314209448522,1.5829060234043169,1.9918458724777661,0.6953618404425144,17.71571004563969,401.08864149931736,0.0441690644228075,low,0.9031269912454974,0.0853314401536225,19.04489374162773,0.09687300875450255,163.76021194144832,12.201113503834394,0.0745059704013869,2.596876017191699,0.10818079578434997,0.9040826529580223,0.09377063336394882,19.765637302384516,0.09591734704197774,163.05153572348894,0.07450273156003974,0.10865098551223025,19.033603224497384,0.03846008920396955
328.0,0.12813851993433692,0.8603675589123018,94.26553582099719,0.9812244785925408,0.735140798945049,1.025341242860028,1.822547317757419,1.8029503773107316,0.7279895536908206,0.07889990191507824,1.7004156090973377,1.9153320401063023,0.662130206941964,0.32282565918815403,15.722720261917283,245.47353109439285,0.06405057275145223,low,0.9144275114469674,0.07455408818241456,21.716754084796968,0.08557248855303257,167.99127642971882,13.649931130328211,0.08125380924787975,2.510177575820438,0.09359248049106332,0.9228660488234827,0.07668034752792127,24.66681022864202,0.07713395117651733,167.65299560538307,0.08125037442179128,0.09378132615610985,23.24779556733906,0.06103867599801764
329.0,0.100335557768369,1.2294332936912529,136.65015634984178,0.9884758505548392,1.3783842136816054,0.8469724461419653,0.6632972456356255,1.1840608006174673,0.7979597121697241,0.87673916175154,1.555959603415836,1.2390856555421823,1.552294404970872,1.1228873515331452,53.119685068558326,382.4037809637261,0.13890993685963876,low,0.7571443810730445,0.08826351383310226,17.763004071405344,0.2428556189269555,165.12286122267673,16.461145714186994,0.09969028874801462,2.3056870114925494,0.3216979446408919,0.7623595648313524,0.09513635938346496,18.904459440436483,0.23764043516864763,164.6679091623473,0.09968520442537211,0.32258674649343627,18.18706528246776,0.039445295149420696
330.0,0.09785861877801266,0.7159141131534279,151.47987830295352,0.5014611942815133,1.042894352868703,1.0438300441719042,0.66646294021078,0.6297932281466155,0.6676952461168983,0.8109774017129515,0.5076268856643348,1.516330262690624,1.0760769524438774,1.5835898576276362,36.046892845146594,381.40888921350603,0.09450983934715841,low,0.8213693074313302,0.07679528563687137,10.015221894660705,0.1786306925686698,165.2854633627842,13.469672896234215,0.08149339102295826,2.5072333537662765,0.21808870611946954,0.821361116899911,0.08160249910952944,10.165347594339076,0.17863888310008902,164.82460319827,0.08149060035797966,0.21869849613279665,9.967777975594428,0.019820828596743098
331.0,0.10608718572186188,0.5392523998764088,149.89440154200702,0.8741055807395812,0.8619585102114696,1.146718388011617,1.038207684007417,1.4619207558177094,0.19142170524649987,0.0005086323727863419,1.756159260975587,0.2768514441902916,0.5309547989815532,0.20384434128233508,22.861344554914638,304.6805176938224,0.07503382470253091,low,0.8793467917685501,0.0739325907296459,18.86711769752366,0.12065320823144987,165.99666096366906,12.29134424237808,0.07404573182992055,2.6030723789582786,0.13772171332963257,0.8844402821184503,0.07520722968467851,19.918173725915825,0.11555971788154973,165.92882687605584,0.07404535442734311,0.13777801594409766,19.717666583193996,0.010168908266900492
332.0,0.13156126936582377,1.1483300400925098,110.08382495109541,0.6361800860747362,0.8226979673258551,0.992637593466126,0.6560657963361743,0.9398183036686254,0.11180617047144448,1.8006344322713403,0.6755623014654448,0.7163485806313984,1.2678613188341112,0.9781266315988933,23.247928120872082,384.82379243266854,0.06041187831425392,low,0.8781083540713788,0.08525051098113196,13.602731170388626,0.12189164592862123,166.3143427438241,14.260009797684136,0.08574131107651366,2.456420526623949,0.13978306222621537,0.8783009971107882,0.08827713963416657,13.595163734080526,0.12169900288921176,165.71099608696804,0.08573714555618019,0.1402920063836389,13.545309457961833,0.003680556451915406
333.0,0.10543383833440205,0.5859042749056224,81.02117912716858,0.6448987110973148,0.7443558731025796,0.808136550053582,1.3593661707369187,0.742347548364167,0.5752978555989164,1.7897366411415156,0.20926527251690985,0.04297791793400122,0.6365479532286145,1.1442741180533866,13.593000054709508,272.18167045393113,0.049940909070180124,low,0.9254813322631203,0.08991280766234462,10.924331633984867,0.07451866773687965,168.96216688086318,17.36231827064447,0.10275861508622104,2.2753725839992263,0.08044996288603506,0.9255455699659001,0.09589333114424341,11.012443587438463,0.0744544300340999,168.47239404521034,0.10275034329544248,0.08068384219115306,10.834991897619377,0.01637764859409593
334.0,0.12734545841007683,1.0821271278774929,145.3163511245769,0.5902352540900573,0.8167889030912401,0.9840741602190564,1.2470296083381955,0.6781390573179463,0.7820387461774727,0.2500359107546818,0.49028151265166237,0.3610713384449382,0.3268878047542684,0.7313158098231521,30.865688851899254,281.64319734901113,0.10959145877629921,low,0.8443259715057275,0.07314093607618707,10.718004228587596,0.15567402849427248,167.2059206748531,14.303108157121082,0.08554187614525181,2.4587492434656117,0.18459686551363425,0.8447162529095783,0.0780588229038971,10.974338787642784,0.1552837470904217,167.07450723431242,0.08554064115269285,0.18474206126858062,10.729134141287004,0.0228540945734105
335.0,0.0964845852984626,1.2432008238825683,154.76944369719246,0.7595289878144955,0.944630975327283,1.0542702369020358,1.4652242126332984,1.4465381377830928,0.4614486309587118,0.3963292563067416,0.9320942030614917,1.3498143936123979,1.3486498493372545,1.8829145623275088,65.79013371264553,264.5746385737826,0.2486637950912233,low,0.715693851903986,0.06145825086549288,21.66507104524863,0.28430614809601396,166.60029257025585,13.272830098609814,0.07966870822278191,2.5298783898196944,0.3948980682906162,0.720283732324545,0.06266736322314488,22.782707062564306,0.279716267675455,166.24484747065213,0.07966569994033165,0.3957423927033872,22.231845414780043,0.024778044175228133
336.0,0.1227694109429813,0.5269965966695239,81.36315806782117,0.7076633569887512,1.2420134593816874,1.084955545720732,1.250731232125975,0.6538961302689488,0.27706983879599034,1.700035576489214,1.8037831976873975,0.8470474763870753,1.2373558251464603,0.22723048633702225,9.055353125668539,281.2733289050034,0.03219414069908802,low,0.948315514548533,0.07920838669604603,8.902250858001517,0.05168448545146698,164.92809057012823,12.809182227486703,0.07766525510122348,2.555347288912066,0.05490485637932101,0.9484513488217389,0.08270040147366231,8.96783731979415,0.05154865117826113,164.34199724608916,0.07766096796135108,0.05510066372206043,8.891589191467771,0.008575309394584379
337.0,0.13653735615100915,0.8571675539643598,98.78411122526751,0.7613510238282553,1.0065175583184698,0.8700197490734791,0.7406330051225535,0.527695291859894,0.7910089942968519,1.408878881192086,1.355944396854835,0.32428765393872033,0.4619701579058826,1.799729379861043,14.45772531923785,359.94892933152306,0.04016604618351811,low,0.9206832021023837,0.09565462376954549,7.940820620488072,0.07931679789761625,166.4395310640901,16.17976661501492,0.09721108027386023,2.3308705794255933,0.08686473235538426,0.9210278272582046,0.10753022367663484,8.096165752186677,0.07897217274179535,166.02164104013812,0.09720663121957437,0.08708337797807025,7.924621335808256,0.021647017454736746
338.0,0.10999813502018811,1.0747600919081393,150.02876103178713,0.7041591829016972,0.9475986969917158,0.9846260842688563,0.7743822106815705,0.6074057625226982,0.775750037468698,0.22779301537976515,1.8078170985078499,1.593856363061574,1.4138576707761994,0.7626155677126155,42.419499306990126,351.548370836493,0.12066475861075646,low,0.7969524537590665,0.07559959784864832,10.116812740366875,0.20304754624093346,166.0676857166948,14.313132013406562,0.08618854385569161,2.45121801205086,0.2554350000358058,0.7977534526613148,0.07914980858649742,10.405408456505032,0.2022465473386852,165.71657523741143,0.08618588082874057,0.25597620060768483,10.171438591383481,0.023002632618728484
339.0,0.10158429950288024,0.5943850478936031,155.3154561780084,0.9891650815269417,1.1279703051601648,0.84836189838126,1.5057699538669167,0.7270190723513137,0.7301870568546245,0.268344269186176,0.26141179051725705,1.679654782563562,1.8950178908895838,0.905133740097623,28.476033783453,261.93596177958165,0.10871372372845658,low,0.8543867209603832,0.08067204061102805,11.103664849806835,0.14561327903961685,167.56570581320366,16.345090296321175,0.09754436456432262,2.327447983296537,0.16993950907351577,0.8542738221609752,0.08319627843646017,11.305084213711451,0.14572617783902475,167.1713320269448,0.0975381678757755,0.17034041326453755,11.060846985941827,0.02208124098272452
340.0,0.11710218172529827,1.399353401449495,134.2465181235975,0.5032366374704957,0.9700169885875474,0.8901949930288622,1.3924672312472834,1.1870917862693482,0.4801751907845594,1.9999857712474365,1.1746805211661773,1.0734621991575901,1.3437218385209366,1.8344174672930504,43.60643598424966,269.66718855613686,0.16170464125698433,low,0.793103558681506,0.07542885369360058,17.636078109969297,0.20689644131849405,167.5451968622298,15.691490774638222,0.09365527074787545,2.36813457033167,0.2602667029607937,0.7956211141418353,0.07853266261295631,18.176896605731503,0.20437888585816466,166.82786836026554,0.09364577774879627,0.2613858009027686,17.808852360785192,0.02066636510260139
341.0,0.12419841318963652,1.02570406446159,89.71425825461712,0.6388432350121935,1.289405976809631,1.0944690859996755,1.9733017178704693,1.8055659967066318,0.4730787196775409,0.1178510647636042,0.3765069902035801,1.2903242010595075,1.6793335480328688,1.81179188890139,18.988977515691257,239.44317459513215,0.07930473502867307,low,0.8968909089556109,0.07159029636099236,21.005350967716968,0.10310909104438915,165.44110374502628,12.556063049162718,0.07589445890371845,2.5784116024666646,0.11477787010510156,0.8979274242236717,0.07312357443420808,21.62904137945164,0.10207257577632833,165.15648982635358,0.07589187038433626,0.11497566662779264,21.134633623993135,0.02339324940543214
342.0,0.14729858352327363,0.690711359675756,151.99390075587073,0.6247506645003114,0.705150926495017,0.854536575269027,1.492961496179277,1.6533430062050183,0.2417221659615637,0.5571753862483177,1.1945369680950186,1.0095529819342237,0.45680232723414543,0.6340419040876307,15.40195129484037,262.78054080974084,0.05861146052664431,low,0.916474556549396,0.08803816002845458,20.633835172215377,0.08352544345060398,168.8999816796552,16.413986628587146,0.09718169573113866,2.331172900772603,0.09118977481035219,0.9196259156713797,0.08880528662350162,21.611686279373895,0.08037408432862025,168.58315385427147,0.09717690803322035,0.09136115289523114,21.345718916984662,0.012459986165076148
343.0,0.14018531254537703,1.155610837205694,137.64828970939055,0.8299789997644138,1.4396969671917206,0.8314136069528087,0.6826780159082095,1.0695711810194497,0.415951321550432,1.9591740542263392,0.4862869774694976,0.3006420526959619,1.3156084397479881,1.8960885942813996,25.76484442444912,376.2856084439342,0.06847151165572156,low,0.8659200877773143,0.10040702719170615,14.779475769386616,0.13407991222268567,165.05120842516186,16.73848323445085,0.10141387872382936,2.288545326147359,0.15610212533603782,0.8664156899974471,0.1079123523591584,14.935184327017431,0.1335843100025529,164.48248138306676,0.10140708165223249,0.15664187582654973,14.703007372331323,0.015791120061806416
344.0,0.11733491172875327,0.9847775787490258,145.55445227952958,0.5251867901721093,1.43485646639509,1.078437823363459,1.040944089201653,0.9245878021321087,0.022196644249741923,0.732090252995043,1.4621249828300054,0.2327067816633633,0.21445740490166731,1.1729779063180314,33.14051643684073,304.2764693482382,0.10891580445845149,low,0.8316943908118112,0.07488470003589005,13.109600802169275,0.16830560918818882,163.85547303479956,12.828268583184416,0.0782901440250333,2.5473335584288894,0.20225455899054626,0.8333210766069592,0.07595466752125825,13.251356969179131,0.1666789233930408,163.63534501244084,0.07828863686573422,0.20252663893806766,13.240260872527458,0.000838057252685792
345.0,0.10456047505641543,0.7749627836651971,165.24996738927547,0.5915503756980024,0.7826614114301453,1.1546691561422076,1.2097392700372296,0.7090063524906641,0.11610145625874363,0.45117028012293864,0.8889275528725916,1.3009456780806687,1.5356658485526138,0.44522850955067944,37.28526730753417,285.1768187525037,0.13074438332904234,low,0.8168401390786569,0.06353185834790409,11.323628186036737,0.18315986092134307,166.45554571238142,12.218365064120377,0.0734031720711336,2.611788128067483,0.22399534451053615,0.8170309920169418,0.06313152994034434,11.366597585685444,0.18296900798305815,166.08641350243286,0.07340100082016783,0.2244931811173586,11.327674653015603,0.00343609203672524
346.0,0.11969958342791345,0.5221434701081874,140.27021748209071,0.7949806314179837,1.0655656932251911,0.8427573697355745,0.9723156412571419,1.4906241566277558,0.25632734141681474,0.487528507401481,1.8770583706902793,1.420305240377429,0.4730952489568531,0.090330581064639,16.271222009447893,313.9894452404592,0.05182092027643501,low,0.911701115948454,0.09799950029819147,18.82534330509212,0.08829888405154596,166.8570244226746,16.630220121139473,0.09966748585311311,2.305915775031334,0.0975159545469921,0.9160755246696044,0.09837626383290356,19.942999500473277,0.0839244753303956,166.50477644871015,0.09966287741356569,0.09772225371840941,19.669378189838604,0.013911030028190182
347.0,0.1331375379725594,1.1672512689355439,173.17798892137392,0.8996155174642277,1.2013981959581788,0.8992726990749111,0.9580052583823669,1.3569159663366777,0.4258010173366289,0.7847196229053548,0.36062653139887635,0.22131084251477884,0.6556424679586818,1.3125497753987525,36.29995869708109,316.1737414592064,0.11481016269583098,low,0.8209202457135939,0.08549903853733848,18.66471662451414,0.1790797542864061,165.9186340621665,15.531159085529596,0.09360708140660304,2.368649242306914,0.2187816871942196,0.8220627507236413,0.09003397447267063,19.056296489190313,0.17793724927635868,165.6661470949095,0.09360433453515417,0.2191151260147614,18.716928059948255,0.01813163079727067
348.0,0.11326891428928107,0.9841266772086326,138.12479964073097,0.7192999016606985,1.1455330538070825,0.8709777810989068,0.9672049212270701,0.5221083980241015,0.12672461100873328,1.8565371713970926,1.6023383288769948,1.1178185831706522,1.0245912110859352,1.116227103118843,33.72495023894501,314.7597284894459,0.10714506077633701,low,0.8318624820118038,0.08375847636610738,8.496240809367277,0.1681375179881962,166.34807434338882,16.058994822488945,0.0965385074992735,2.3378133087898108,0.20273724461232603,0.8318794154176369,0.08705545454907083,8.48664619428694,0.16812058458236312,165.68430301416228,0.09653056701379581,0.20354945897356547,8.456293867799342,0.003589317845631742
349.0,0.1095738909603741,0.42151891695076005,126.09789535425305,0.7891168077334616,1.1863217799040295,0.9954470495588946,1.0537068996507748,0.806581065503092,0.34845081486412294,1.60119657769563,0.38366152116513924,1.542669747815325,0.9211995351442716,0.6724576004513153,14.09161819332674,302.63273536513617,0.046563430014683466,low,0.9219982161954612,0.08455727286007568,11.124311755140663,0.07800178380453882,165.47427710955859,14.019808373543473,0.08472500148322826,2.4683445439826395,0.08515896512420985,0.9217362918519092,0.08733266046643218,11.15076812505756,0.0782637081480908,164.82585111983659,0.08471945717380844,0.08549398105690006,11.027579587117337,0.011170949796103441
350.0,0.09855716788571778,0.9586839962525406,99.81270624584381,0.6602765872721652,0.8414467885102463,0.8770122598384091,0.7278988744587016,1.0345971862366923,0.7060811540689849,1.4862630286669685,0.3435754913845485,0.9972098767552057,0.4698966665189674,0.25386183793823874,31.357036050676953,363.3361946711595,0.08630308928912768,low,0.8427545109277752,0.08956127017833303,15.294075771088849,0.1572454890722248,166.93058413499665,16.123516677582682,0.09658815226180244,2.3372991926788207,0.18784476321797652,0.8429185350082884,0.09725305665066873,15.583593908354064,0.1570814649917116,166.3960083114222,0.09658265574613759,0.18844824685932363,15.208703418056663,0.024649733773643687
351.0,0.13045788039714157,0.7264192283220445,131.39044655979967,0.9370508917498537,1.4029744756925233,0.8727749119894591,0.817671199588028,0.9699245561689636,0.16262863820738443,1.5787056855616617,1.4359821823092502,0.6830673901861984,1.0517625935369306,1.150055969052558,17.85092031205809,341.74743299337314,0.05223424842054114,low,0.903252783266801,0.09731756544529992,13.159465681049962,0.09674721673319897,165.1148941952425,15.93489784936416,0.0965079372580508,2.338130022640891,0.10811211428903568,0.9041862037082541,0.10027396171775665,13.300822857803158,0.09581379629174591,164.59061051598312,0.09650207902347739,0.10845649248214326,13.221133265050831,0.006027440398243423
352.0,0.1336851826493848,0.9558322341211989,151.02574378058665,0.6186484248366899,0.9226837635985218,0.9268274609836039,1.9096263981884398,0.5611461883404694,0.003489151043666409,1.25385092209762,1.1719192537901424,1.8257186443453177,0.023728353700326974,0.5628113775939787,25.71083820803162,241.88492687614675,0.1062936766671552,low,0.8667867027285525,0.07099357030477602,8.853435345928382,0.13321329727144748,168.1966595911494,14.95519124667494,0.08891491235930521,2.420075407455275,0.15286176473735713,0.8666995606605803,0.07064377973731371,8.817012316891637,0.1333004393394197,167.60534737314933,0.08890676402792735,0.1534010615472197,8.816192173116223,9.302698481491323e-05
353.0,0.09765121011245588,0.5636345471787142,152.4148342388218,0.804528223122589,0.9689850527435597,0.8231364952541677,0.6897756229936153,0.5807088282219038,0.6024959923883001,1.0134493431898026,0.43143847587796347,0.31932669025110916,1.9785109855728047,0.07908086033098967,28.676075231461574,374.17151872024573,0.07663885089260794,low,0.854175349177138,0.09389158696503938,9.303707675117929,0.145824650822862,166.7750935552503,17.12703563814535,0.10269540416999616,2.275987913097661,0.17194459088677763,0.8541773637051743,0.10109878995870401,9.411862754941984,0.14582263629482572,166.3946079713406,0.10269079696108814,0.17233776731756037,9.258427265138272,0.0165725220288179
354.0,0.10412600505201738,1.3339421613093112,169.84317037177493,0.7968739833499956,0.8543279691416448,1.1767650903462945,1.991201595754896,0.6518839810141213,0.14460673715576045,1.2330131805692937,1.1827067556334907,1.2470088153835017,0.5514010712042361,0.9559674943404461,66.51457215287436,238.82476680125274,0.2785078492643397,intermediate,0.7126681384387117,0.04997221819740157,11.703173344137452,0.2873318615612883,166.83210571319233,11.856307175499117,0.07106729921566635,2.6441279746148716,0.3986916778909582,0.7129634252425446,0.050443518812052696,11.75520804561063,0.28703657475745536,166.31552097124765,0.07106350910118564,0.39993003517917786,11.701462036192025,0.004593102063004707
355.0,0.07393650614863675,1.008674276427318,132.72470148027224,0.6399063752208559,1.0684379471477055,1.081900308447626,0.5173406536775111,0.971792693444409,0.33476365059771734,1.3296391691308234,1.4416260236253402,1.561507685771563,1.9302781399462658,1.2968732661643325,77.9533855381261,443.18279871138367,0.1758944294877566,low,0.6780437311975782,0.06617758610150326,16.593352076067504,0.3219562688024218,164.8422465024792,12.991615830159109,0.07881241675485,2.540684721500538,0.4728968889474196,0.6805298064281152,0.06816656808747189,17.062708043885085,0.3194701935718848,164.2152199963843,0.07880929701339517,0.47470256130852234,16.82268178703119,0.014268013857275363
356.0,0.11947195636599718,1.1635649188647177,89.33383056588164,0.5025991912750608,1.1626306549316614,1.0550552130009867,1.8415730455292272,1.8715195635853443,0.055469307197189115,1.6730120706010572,1.1916888785351045,1.5183915836552069,1.6309598480319434,1.152957083579931,23.180604225424155,244.63208897633362,0.09475700560144712,low,0.8773288609703821,0.072563999399165,22.18461802981156,0.1226711390296179,166.14914773907037,13.101510666654644,0.0788539143591032,2.5401583236967937,0.1395168409881237,0.8824647021900623,0.07141944907044616,23.05151429911939,0.11753529780993766,165.4484313759938,0.0788471550054502,0.14010773044287447,22.973303330982915,0.0034044284798605915
357.0,0.13064508680280212,0.9873588899773855,137.37471886616729,0.5552813848000813,1.1591919375773434,1.1533243802930717,0.7736583037938731,0.5352161089934717,0.6746766294645254,0.32184283602736347,1.7717450247558324,0.521092091327031,0.6027576486799981,1.9410848484766585,25.2956487002056,351.70421724936705,0.07192307473035035,low,0.8670884656746606,0.0741570483400389,8.0688010864211,0.13291153432533942,164.42660641504938,12.124731254388166,0.0737394726969104,2.607217037043713,0.15384157863328854,0.8678770403656256,0.07955254058731583,8.2662986464839,0.13212295963437437,164.2443801629876,0.07373858869937094,0.1540122631599542,8.105623961812844,0.01982261765757028
358.0,0.1225574640012797,1.1295159283448024,128.22019559058862,0.9217964357757022,1.2821374829712684,1.109669833213295,0.9367035796933879,1.8129047924608528,0.65624879237295,1.381652476077319,0.6639050501260345,1.0119213902217965,0.13437123370609053,0.970698619070493,30.6915901718586,319.55838564629346,0.09604376398943856,low,0.8428918156001338,0.07804053012462381,21.95100295690807,0.15710818439986618,164.2569696758621,12.540376571786114,0.0763460850186922,2.572478525401124,0.18685106776549035,0.846689706952138,0.08410592531934957,23.100749503878763,0.15331029304786203,163.7761113726722,0.07634321756607579,0.18739967578067568,22.26158610482537,0.03769557996011339
359.0,0.14630538640748847,0.46911808209555755,110.45463010241026,0.5038076522938126,1.0585365451167683,1.0175265962373412,1.0446481792660178,0.6421646323613676,0.3991540559398019,1.8168270174420555,0.8566298606155134,1.027596960581823,1.0358694489341371,1.4050163828396356,7.705407211223753,303.8177169976266,0.0253619416516251,low,0.9557873415945978,0.08458181551141257,8.949935642837263,0.04421265840540223,165.83986042797736,13.770204675637531,0.08303314197263087,2.4885154500098476,0.04646293835112178,0.9560051885584342,0.08962086940265906,8.98921309133819,0.043994811441565806,165.20183053027827,0.08302806670384451,0.04664238396445312,8.88725142553104,0.01147280086104424
360.0,0.10235869755411398,0.7879548423475762,169.63148242580496,0.8068892402592852,1.0216205170091377,1.1476216003273794,1.9807596852124234,1.4950426044418763,0.34468325633540275,0.22971917634860284,0.24776152222195494,0.15101368956578762,1.2323751794500135,1.6926647754800188,40.60770180519824,239.19053748977407,0.1697713556370695,low,0.8026871625179639,0.060642739714789236,20.18009230932115,0.1973128374820361,166.28027954685365,12.089166054860694,0.07270354661302011,2.6213651114094647,0.24421237392589296,0.8037295142008861,0.06257088493771058,20.574840055103973,0.19627048579911388,166.14818193203212,0.07270250513430378,0.24440653718263392,20.263513434697906,0.015363901300204532
361.0,0.11620173053244744,0.5427033436750296,172.43986476771101,0.7996362281953467,1.053732463330388,0.9370226393173191,0.5067764947486355,0.6522537890866462,0.42016768684006234,0.5453799789866761,0.6781995842242804,1.1349183922301544,1.2910385067500905,0.5540468085106901,22.060995528033132,448.9394808117832,0.04914024377660416,low,0.8833583126331267,0.09259086013183225,9.80234600985655,0.1166416873668733,165.51119207082752,15.026423889014731,0.09078796243932824,2.399228574417462,0.1332900527874425,0.8833472326427232,0.09582121480417521,9.903543339858842,0.11665276735727681,165.16021641682718,0.09078533746321873,0.1335733023766217,9.78367283146428,0.012252096984381896
362.0,0.14378481530162,1.211643313331375,175.31487421141406,0.7324284816602673,1.0073962212431866,1.0522578078174967,1.4530918668557158,0.9176996030186245,0.268057876907266,1.6210895778773098,0.9717001552949456,0.6794483423751924,0.9890656421047539,1.645291716920391,32.70526209788345,265.38416002813204,0.12323743095449453,low,0.8355188694247578,0.06911763177369551,13.578355499660466,0.16448113057524216,166.3499631658519,13.274845477188002,0.07980071185199426,2.528222854115105,0.19660516585312443,0.8362139868715294,0.07136472034055087,13.707993770592612,0.16378601312847063,165.8068702077108,0.07979609164041308,0.19724913724571652,13.580844081161295,0.009362429070788958
363.0,0.12920070698042133,0.4479815877321419,92.49477221194655,0.6002647825244942,1.4226882301927766,0.9279438307478882,1.7250322781943326,1.624196425466101,0.2593694792312757,0.37420830889071643,1.4608940249896527,1.4394323947871681,1.2614426509182233,0.25933775008378235,7.901284487101363,249.85454652801317,0.03162353696139561,low,0.9546574784466108,0.08690023368409767,18.759292882722193,0.04534252155338925,166.00117862913638,14.77578089219929,0.08901009627895409,2.4190054743474163,0.04759776136742764,0.9567201210587786,0.08704965830837565,19.62360110733095,0.04327987894122143,165.6469261581264,0.0890053704145677,0.04769955392687942,19.35853769578548,0.013692326130768435
364.0,0.10293232914530745,0.9537962143721671,97.00477490431558,0.6485843215209841,1.0401775966829465,1.0936243761030127,1.470764480295341,1.6372184669332932,0.6468026425150043,0.9770011170013154,1.093400140834062,0.15526246364032367,1.147598814889191,0.07196347484063398,27.79682761649636,264.20044724642736,0.10521113005751068,low,0.8566014704591959,0.07157445513289538,20.64949892078513,0.14339852954080412,165.991418430132,12.759884498277858,0.0768707480118839,2.565629864799651,0.16745942579071588,0.8618554453832343,0.07703285959902999,22.02953391909047,0.13814455461676567,165.67806987298925,0.07686833956801002,0.16777614344376252,21.247134399110163,0.03682376669171316
365.0,0.14614450910069665,0.569761860142215,83.20343533095196,0.9438481905806491,1.328581839182155,1.1976740246977837,0.8406137265712607,0.6107555994055208,0.7023293205805743,0.34468475819652716,1.3466275994612087,0.8148269353821772,1.202499394883471,0.7793619293287629,7.065123435254988,336.9856472261518,0.02096565089169382,low,0.9589976404056622,0.08046328210015687,8.08585229007406,0.041002359594337845,163.47245573480927,11.59303715882667,0.07091737324625073,2.6462398367269993,0.04321904508926126,0.9591609182656978,0.08547400066935576,8.276265072724144,0.040839081734302174,163.22450109263067,0.07091624113667468,0.043284699220771376,8.100872442772557,0.02165107908939714
366.0,0.12863370956612263,0.5971176933611222,152.08036330778287,0.843003044026422,1.1645495992418333,1.095821117992011,1.1325201322564107,0.6050656422062487,0.011691901844491363,0.6816445836916613,0.5037469600835637,0.26358090361462577,0.13071735465403964,0.11116455384970182,17.46922427823801,293.2002776879542,0.05958119963593648,low,0.904582104435676,0.07584230027981727,8.72042900118855,0.095417895564324,165.07230456191652,12.72953198872178,0.07711488624639086,2.5624589399241504,0.10582771182966991,0.9047081459516264,0.07692431219072511,8.709900593861516,0.09529185404837359,164.86252907726612,0.07711347687808563,0.10596236983633017,8.706969656775136,0.0003366196509136351
367.0,0.14880705394695803,0.7410143929825873,179.90261943086972,0.7210220582711874,1.3761851980514632,0.8330378563523501,1.3364660859932744,0.8900437005220967,0.06478564959958762,0.9538060615319446,1.3357182681355075,0.08455050613475261,1.219086917697356,1.5182807398504352,19.16316417321892,273.93666920764736,0.06995472431145391,low,0.8970063920416181,0.09007661839323328,12.426154016327281,0.10299360795838186,166.5145333135211,16.579795064748332,0.09956965758376865,2.306897803537855,0.11508403375900918,0.8978879347305991,0.09136409040019106,12.531937172271496,0.10211206526940086,166.2130290793517,0.09956490246754109,0.1152927919030357,12.503777742355108,0.002252073772952681
368.0,0.12084906559691025,0.8619774776649936,87.24892065580346,0.5821022182574722,0.7134404655941857,1.0259016253236146,1.3663279773683208,0.6595028619083589,0.12168152680411426,1.1765063476141056,1.7820546058110598,1.8231216253911227,1.4764870807269752,1.527442257911219,16.39153084211031,271.6484424543348,0.060340971197969565,low,0.9110530346091318,0.07421922335935702,9.86906217078027,0.08894696539086822,167.49163395467528,13.743875298882443,0.08205708532643281,2.5003401114091313,0.09786477363129674,0.9111496709328507,0.07436084057287619,9.90383511073159,0.08885032906714929,166.85893046093037,0.08205155090693157,0.09823586185546328,9.869885874531054,0.003439678698630269
369.0,0.13842035154006857,0.568868145269872,174.84617248968874,0.7873565836742,0.8198394443083249,1.1100880828761657,1.3294746620601867,0.5434776324136913,0.6375157586703107,1.2930277213162156,0.3662848914878176,0.35058165055634416,0.4453617769498002,1.5032474572348,16.524106169078568,274.5390218503842,0.06018855191406534,low,0.9099629124339921,0.07068026505614575,8.187888437522071,0.09003708756600792,166.6341001125315,12.677732628094965,0.07608126199579454,2.5759532731355406,0.09916401359577355,0.9098920437347588,0.07632231179703208,8.282145255467464,0.09010795626524115,166.2410920574991,0.0760785417204775,0.0993984457426642,8.141664055558731,0.01725460531779358
370.0,0.1369399486966095,1.0207206975247907,80.78011362324469,0.6552007927829382,1.4631418280327289,0.9610465500444647,0.9243662345608115,0.6689524439540699,0.7508453346291716,1.031078305507753,1.2996292028114278,0.7091641182694507,0.3627674822806856,1.0926435099529854,13.995911464742893,321.57996634286695,0.043522336369114865,low,0.9221680113359756,0.09005043006168043,9.26026339461821,0.07783198866402441,164.3843405331587,14.417240039503682,0.0877044613418972,2.4337825104087236,0.0851413913232186,0.9226244853707704,0.0977032896244503,9.48445345546374,0.07737551462922965,164.01940912791403,0.08770118000095514,0.08533082480395891,9.263176633408532,0.023887790421392968
371.0,0.12898052589953718,0.7199666436419205,112.09680920585079,0.9159723181229447,1.395199087807164,1.1616691577792309,0.7305746203233537,1.1630931344813902,0.7220063974528599,0.09662165468520834,0.17163462681263006,0.6704270892317049,1.0309763161145717,1.4486081852723622,15.442139347385998,362.5728389655386,0.042590447181438555,low,0.9142699981894417,0.08263412198778858,14.545936703318135,0.08573000181055834,163.22739096083114,11.937702895617004,0.07313541449965118,2.615442563062904,0.09460507367352071,0.9144740244629583,0.08874591123328443,14.955144269692994,0.08552597553704167,163.0687441629929,0.07313466876062893,0.0946971133349199,14.539642057639135,0.02857719677050467
372.0,0.12900802217396645,0.8458417039512128,152.90294155012595,0.6684750353229393,1.3419680625399608,0.8941176564643581,0.7773561203020211,0.7008835300469546,0.5668050748639675,1.8943071852331659,0.28444682414234296,1.8114960143709682,0.7688038988877004,0.27366122378676716,24.735553201750644,350.81153349928,0.07050952103831389,low,0.8704964073771619,0.09140987719051527,10.349036492291727,0.12950359262283806,165.12178317379278,15.586960449666051,0.09439675462601188,2.3602485853833906,0.14980187790072594,0.8700608187382121,0.0973124412687538,10.408036079231707,0.12993918126178794,164.37721684215236,0.09438915477165945,0.15048042348535212,10.227864710303646,0.01761573642507754
373.0,0.12433875314677996,0.928785041411367,161.0338891211098,0.6336072032818592,1.0999099069414373,1.1602738738460334,1.21470710686186,1.5507070678804986,0.1497542789484438,1.377946154548334,1.941803833998723,0.14694709171052509,0.39626487714202624,0.8433500485129554,30.794248155639824,284.6708306766933,0.10817493342201084,low,0.8427920816761375,0.0703691938118662,19.85959706035302,0.1572079183238625,165.10399315264854,12.035716264888203,0.0728977902658021,2.6186969522815047,0.18651425424440637,0.8518653278100107,0.07267066267935716,21.236415005928432,0.14813467218998932,164.72616512792408,0.07289555869666055,0.18694205702977076,21.025639140432094,0.010024706696835568
374.0,0.09381316119048685,1.0117953134518416,122.40628139614797,0.6184578720579241,1.3975736775898655,0.9497532855700503,1.3018388793974007,0.812996297199073,0.43243317771642814,0.6346503739488755,1.5952402223929514,0.45705251545648395,0.4346638425290965,1.7855991602104107,44.79390807562517,276.77822637388647,0.16184043326845812,low,0.7860532801482946,0.0733546211286806,12.609069085980355,0.21394671985170544,165.28965995389726,14.553214256236146,0.08804673117662254,2.4298875693557185,0.27100248187405745,0.7880334376414319,0.07641518702791383,12.932575188154146,0.21196656235856814,165.04746834756978,0.08804409637280522,0.2714001524779204,12.733403025734072,0.01564170724962917
375.0,0.11827046804531259,1.3753388168030978,122.1619464989466,0.9320875688143424,1.265119284430667,0.976640423807412,0.6118553908656755,0.884640751438014,0.20115963523484612,1.9647660320699476,1.0938911612868163,0.14099693405532596,0.9793654556274197,0.5842203508365247,38.23341939927422,400.5174446345889,0.0954600602581902,low,0.8121717553449717,0.08362945209631455,13.268798408051987,0.18782824465502834,164.65541182189236,14.311496733245743,0.08691786425293133,2.4427916953070725,0.23220262836323458,0.8132883240385325,0.08955182218650246,13.37015823046473,0.18671167596146754,164.12043491242812,0.08691402568979688,0.23295953011381498,13.272303227362412,0.007372872773173081
376.0,0.1184115252513579,1.0691073944423657,152.5859082836816,0.9007384886954346,1.1071484626730435,0.827503409447225,0.6789210635375478,1.1364638872789852,0.37959269597069356,1.3869939223989933,1.1266456667185463,1.6464618312065318,1.4386535376152183,1.2374993891109851,37.033771047399355,377.4708482371762,0.09811028115243997,low,0.8187687828005353,0.09419842104711708,16.58633924231087,0.18123121719946467,166.25933878723964,16.97605295261527,0.10210586109896268,2.2817451499844896,0.2227470126943732,0.8203620955491608,0.09665835449817385,16.950598784046004,0.17963790445083916,165.6196732779323,0.10209822563326969,0.22360731858981306,16.696228995173847,0.015235164116740653
377.0,0.11575620965592408,0.5542054752890864,165.4730925742029,0.5684615529182694,1.1569950891763723,0.881465411841027,0.7536547161278186,0.5313922233841111,0.02143971815591954,1.9480211516305512,1.8299413998085263,0.4834777146197817,0.10011997261727175,1.535317587405974,21.785108516197464,356.6046845884444,0.061090359879426556,low,0.8846216183923128,0.0919722495662983,8.15879549285696,0.11537838160768721,165.85748554856877,15.900787152181588,0.09587018095439107,2.344760284397453,0.13134835876803425,0.8850993278015098,0.09769000896257649,8.143880536882273,0.1149006721984902,165.30314646442437,0.09586441605371061,0.1317888315022844,8.139060095507771,0.0005922602017845342
378.0,0.1235108739270902,0.9531996889919804,158.021183784048,0.5564470435595946,1.3358731497043228,1.1184912454520861,0.8544786879597699,0.5714246884559641,0.2400374378858321,0.17807626025739007,0.5088716506594161,1.5465065778564135,1.967080597055016,1.3279027658860794,31.429606295667796,334.227973081881,0.09403643269550033,low,0.8391209972552798,0.07389901988460298,8.662146010394375,0.16087900274472022,163.87237383294024,12.4242173716077,0.0758164239707272,2.579440334728908,0.19179319589102137,0.8388845933967124,0.07316026692641268,8.701355718299636,0.1611154066032876,163.53173070301804,0.07581451651310034,0.1921927087822825,8.640098907669293,0.007089827475929649
379.0,0.11240584565411109,0.8842363934507823,124.58263973762007,0.6144079921609641,0.9847270545721792,0.9284199156530957,0.6514026064206777,0.6955149518589192,0.21319051764600316,0.574042426358849,1.0361935652401146,0.7899964372371797,1.6690942674116362,0.9721695436838101,27.752253073244788,386.36878791622587,0.0718284031764547,low,0.8576524794859605,0.08755338609236202,10.703359662845864,0.14234752051403954,166.03121893220364,15.181036787731422,0.09143483307154644,2.392128767308802,0.1671508120685243,0.8578388478924481,0.08906975139298155,10.784805732885177,0.14216115210755187,165.70339108194383,0.09143208335312894,0.16748150349874683,10.716810575119341,0.0063447195683104226
380.0,0.12926976366786075,0.5580684739483277,123.22992163965769,0.715298257581348,0.9855984937987954,0.9526933343048043,0.6891310256308553,1.0011292783548114,0.557951926366536,0.09465923077847617,0.3904750930104441,0.22272075795887825,0.5219786487900425,1.6322557231477102,13.09965564279606,374.36384849250015,0.034991775235632815,low,0.9274480211492045,0.09336662575803942,13.56437831364763,0.07255197885079545,165.96279185452713,14.78827013955738,0.08910593738697695,2.417929309385734,0.07893128029732364,0.9277717098573055,0.09908091395950185,13.859166255905185,0.0722282901426945,165.88340437721317,0.0891053066007452,0.07896905475250492,13.60177801229967,0.018923132209095514
381.0,0.15230100112687525,0.975590000792481,87.65509537696097,0.6937787941815995,1.3807046027496614,1.0755747773039173,0.7983361620435744,1.4105945202586243,0.2192116380534871,1.952891624323774,0.010797024471954257,1.2979096037173095,1.3242843043876011,1.1861545828487707,11.735162779747686,345.9798222707748,0.033918633470374396,low,0.9337827867574933,0.08866166986511818,16.88038584324951,0.06621721324250673,163.84532086351047,12.912726547567873,0.07881046879773075,2.54070943817937,0.07162342334770448,0.9333839951247922,0.09079938189637031,16.81682489759167,0.0666160048752078,163.14689488698062,0.07880620340173275,0.0719300406414549,16.669160531028634,0.008858536474477317
382.0,0.13861320454213003,1.1175044202565778,157.34130703105157,0.5851050517010832,1.3222890705628845,1.1489334786836203,1.2622449035577996,0.815551059854438,0.12258021613314794,1.0480845046875702,0.9641073946573281,0.2979687097934074,0.34562483831729135,1.0993119580509776,29.129492789543807,280.22569891703887,0.10395011200656377,low,0.8491314109295525,0.06965856957326524,11.632494359242143,0.15086858907044753,164.18107434820058,12.055443411627854,0.07342772886270847,2.611453637280494,0.17742296367098337,0.8498146323450279,0.07150643517296792,11.698984250952442,0.15018536765497215,163.8711449992727,0.07342578510350956,0.17775852356235802,11.648865697122126,0.004302440695380156
383.0,0.13761783490247764,0.8705615453096184,115.60383499207995,0.6301215283206696,0.7822865430457732,1.0770042828762616,1.0139695903839048,1.6838382573189041,0.39168955207662365,1.3687568635166818,1.318615324559104,0.4607623670299083,0.16757755563021204,0.37799839686372,16.915015741944707,307.9753978445734,0.05492326939206112,low,0.9082968952151339,0.08046182561808897,20.671414576414733,0.0917031047848661,166.5650838506858,13.120590244140647,0.07877155248156546,2.541203356414972,0.10155199007438953,0.9128343176064393,0.08465713435986226,21.95372038543114,0.0871656823935607,166.14720228107768,0.07876880328072129,0.1018074063824976,21.466225668401027,0.02270984776553995
384.0,0.1305162010355319,0.586408902955684,112.38048607171447,0.8183948472555025,1.393026867791394,0.8618932765434062,1.6995496571915119,0.6229053836186028,0.5324610998497907,0.018725706685100714,1.1672189462513574,1.7584512543648652,0.6600935031097525,1.6228814623456589,12.314385367555095,251.09858021724216,0.0490420350322216,low,0.9312818917198894,0.0852922707407045,8.80960001339541,0.0687181082801106,166.77627734394483,15.908269105863495,0.09538688211067134,2.3498142140634624,0.07383775176944968,0.9313746038436083,0.08667873566909413,8.9626457619865,0.06862539615639174,166.48495260374685,0.09538219231028852,0.07396695722324369,8.824761936831091,0.015624650969896011
385.0,0.11127036916372873,1.2484014372233365,146.8911665030251,0.8354152764481029,1.261266008949716,0.8478810292673948,1.5562392692461886,0.7172627834354897,0.14123319798597905,0.2170682205395957,0.005953169342109046,0.13463022484315432,0.3750563050566838,1.196016145843439,47.14558284486848,258.8493895318502,0.1821351903905782,low,0.7788993397257775,0.07397870281204437,11.736797119282556,0.22110066027422248,167.17861987995963,16.276685384127102,0.09736104650112772,2.329329081581589,0.2820072499624697,0.778934408872761,0.07479241809324651,11.769900367648432,0.221065591127239,167.0885742591723,0.0973596029443404,0.28215922634985574,11.718989225877545,0.004344328746242642
386.0,0.09531637237498947,1.1867496949052119,166.69563184420645,0.6754240755003703,0.8381283073653482,0.8247314204304224,1.3988218395999024,1.0068949067174173,0.08810184922714383,0.8858287593662695,0.6260497055216463,0.5464160661223009,1.8632575804353337,1.8321456149223794,69.31040954950706,269.2106625698237,0.25745789148128706,intermediate,0.7076390418113228,0.07018311627091708,17.195715083675942,0.29236095818867724,168.58166038189663,16.96801041172554,0.10065157961599765,2.296090432871474,0.4111384915327958,0.708325618053431,0.07038218290208503,17.322618548305822,0.29167438194656903,168.19340860701146,0.10064527950204058,0.412087549230022,17.266752063450205,0.003235494703944561
387.0,0.08832805752279035,0.560828064585813,94.10028496469015,0.6192956405849994,0.7732667645952847,0.9113482325535969,1.6034273654425801,0.5377796029637228,0.23520830853268895,0.7160023777172245,1.4545313042665498,0.8762727562129151,0.9253590794277758,0.8932627418368041,21.531458281169755,256.18315289697597,0.08404712814908882,low,0.8864336250670728,0.07559599781493849,8.486263734609027,0.1135663749329272,168.38153578245473,15.356582962363078,0.09120110997326601,2.3946882112164185,0.12787303656018392,0.8867754054127649,0.07678279161949338,8.545016250119566,0.1132245945872351,168.02514450871317,0.09119642143146157,0.12814426283712085,8.493571457839556,0.006056909338477049
388.0,0.1394577787384342,1.0401124256660932,101.42789360034362,0.6724274411488831,1.4231967984791016,0.913262539345179,0.6967312907205946,0.6432267723727777,0.17917291853183367,1.614316553020668,0.7343338223835505,0.27054609518785705,0.2966590404806777,0.16706079719513936,17.26642121294429,372.06698952834734,0.046406753888143,low,0.9059082413998109,0.09540364781918295,9.188250515606553,0.09409175860018915,164.53912392096552,15.231130605546273,0.09256844355669701,2.3798069777345816,0.10493808889634065,0.9060154495942566,0.10134820988760732,9.195046432644974,0.09398455040574338,164.10085723979918,0.09256440875039258,0.10521834866293854,9.144747503880794,0.0055003080995767685
389.0,0.11880209050971391,0.7109289027943599,160.07485497890207,0.5162606911689016,0.9063269575748991,0.953541597480678,1.8317918599274974,1.0413520581172555,0.6307130958859435,0.9649031058319782,0.7362376688810198,1.5481393922447646,1.5862400707047721,0.4065916062819787,25.66558983979379,245.06528223831117,0.10472960349738791,low,0.8670144850619735,0.07232759270410932,14.868641266966874,0.13298551493802646,167.91624699620323,14.578451310026454,0.08681977813830064,2.443920824535509,0.15284756715872833,0.8674379324930203,0.07470366267618583,15.20084331202181,0.13256206750697974,167.3750007882296,0.08681301274503195,0.15334183551262262,14.867558722750127,0.02241690081652044
390.0,0.13390447712320866,1.2875153299972868,174.00706264959507,0.5128796735423081,0.7647812622192474,1.0077540615967469,0.7651505672120877,1.2831979626335477,0.41151336512920367,0.6435939217499925,0.6941976898512058,0.5990552182159137,1.084129648817435,0.9029442761385286,39.77216349122017,353.7883778689641,0.11241794807050148,low,0.8080353432713813,0.07776145264484834,18.55230958152084,0.19196465672861873,166.60532689038104,14.057235038872088,0.08437446329744984,2.472490490728787,0.2387208394446385,0.8096795822090772,0.08122024352277833,19.041840913628253,0.1903204177909228,166.30996970623826,0.08437239444658917,0.23914479427464122,18.72307443192566,0.01702532791083967
391.0,0.13010147630122942,0.9652185704071483,158.98134295849994,0.7551582880729064,1.1888522518415396,0.9324332017280776,1.276270936526988,0.6158098926637697,0.3157633972059778,1.158455776402619,1.3841609487409485,0.32782381790918097,1.9243158486232677,0.10017748886635079,28.857420521814067,278.9916167065636,0.10343472274353527,low,0.8521849726802051,0.07825840024688205,9.50194476325094,0.1478150273197949,166.2222091743502,14.92306179267621,0.08977778521174289,2.410417714993198,0.17360749002887796,0.8525450661766617,0.0811953891031449,9.591569181616293,0.1474549338233383,165.80695786086355,0.08977311676611556,0.1740422772006329,9.501505841064372,0.009478849148592696
392.0,0.0931903639989129,0.7549473298054967,105.30171174049968,0.5066234185171138,1.1462746931273982,1.0646841566432335,0.8373853632208343,1.3253542363735327,0.04837628089625663,1.497033233638614,0.40238581799574247,0.6920051166039715,0.16320364039501312,1.5455672752404068,29.138030629323453,337.65483323179626,0.08629531628626361,low,0.8503899959877229,0.07954849021017237,17.649109723677128,0.1496100040122771,164.9744904510722,13.145349711353871,0.07968110509335076,2.5297227966585116,0.1766214312870701,0.850788496320215,0.08074213736064105,17.66190337703686,0.14921150367978497,164.50517596514302,0.07967813402839152,0.1771253120661535,17.626657230062563,0.0019995933723715633
393.0,0.10806323764016058,1.3535530147975292,150.84958368385907,0.9062149673308773,0.956766340180464,0.9294701589500768,1.0203763909306143,1.8352525192472795,0.4129104217562895,0.900445925743913,0.9931742901274473,0.6995621624243679,0.8544175969781859,1.0457709127699577,55.6562016052588,307.0778935855947,0.18124457268932392,low,0.7499224553061603,0.07710042457351367,24.878277725304493,0.2500775446938397,166.70796467565035,15.12124638194693,0.09070500267558941,2.4001427670911455,0.3338544844785573,0.7597097110918901,0.08000787990678719,26.93421262443136,0.24029028890810988,166.34394491560926,0.09070132423787687,0.33458507692296635,26.137553149782956,0.03047949707010044
394.0,0.08314051127705956,0.7385269616702975,171.4457673796293,0.5837253672673385,0.8895864864520179,1.1730710015565593,0.7262437294408106,0.8574547908253158,0.2914567903918608,0.8203594957590022,0.22701195435018198,0.6413066747578072,1.2411525047225294,0.3023608151916482,58.30662024738593,363.77954008220945,0.16028009775978436,low,0.7390473107303944,0.06310613284343912,14.191733950089574,0.2609526892696056,165.46730374206004,12.028745115647686,0.07269560114666995,2.6214744031966655,0.3523754779873469,0.7388487311460126,0.06536158194812296,14.279130059051758,0.26115126885398743,165.1220039290583,0.07269406902744158,0.35311235849848516,14.137395558743867,0.010025502909567316
395.0,0.11267639319559448,1.330747612001911,91.4121928556521,0.8631193073437773,0.9214885705711489,0.9705981270780211,0.9857105256188137,0.8492528993467161,0.6337947026432964,0.4016422569246813,1.6117127523872712,0.39733242810172115,0.8164371609536922,0.2847540679235297,30.4988930305947,312.00382972306704,0.09775166239999476,low,0.845574647073369,0.07880285510659915,12.817406406507873,0.15442535292663095,166.53841767201064,14.502358004876466,0.08708115645387096,2.4409147623425707,0.1831342789065091,0.8471921867823029,0.08369224279563417,13.245075426783327,0.1528078132176971,166.34202799293277,0.08707943340671281,0.18335049415106616,12.96446409565983,0.021644653342627444
396.0,0.12955278257089928,1.0446149213550497,108.0615964233539,0.6347594366672363,1.0728561851993523,1.1169106326229086,1.2423338303304439,1.9533857773738355,0.07059366581524956,0.8515154735169869,1.2402081588916216,1.1355458912172007,0.23134903242005853,1.4589001819743785,21.408401492295482,282.0576127918079,0.07590081076130156,low,0.8856922178889655,0.07648538183484561,22.744847860500247,0.11430778211103454,165.47468495446336,12.512664816943454,0.07561679190014345,2.5820769053792896,0.1293756896904612,0.8921764899467612,0.07592720571373884,24.007387305881192,0.10782351005323876,165.089998927283,0.0756142348345738,0.12967715568115795,23.89154441786421,0.004848698183377519
397.0,0.11486754154917377,1.351473290682193,161.30537272823867,0.7863925249986072,1.2284790106937713,0.9804199176422962,1.313223858059461,0.8171750997166253,0.45281597734734813,0.4965762938390336,1.0158832191895393,0.19869229015543668,1.7286432221129218,1.1582786885329017,52.5910419251616,275.839144412188,0.19065837097643584,low,0.7580915029793243,0.06843172184080232,13.18631524382611,0.24190849702067574,165.75935498378954,14.171615650788173,0.08549511822228126,2.4592960014849314,0.3172734469816485,0.7594713143148014,0.07123799748585094,13.474962025952303,0.24052868568519858,165.53444476889396,0.0854928867305609,0.3177045236632475,13.26072784732514,0.016155536942896842
398.0,0.13131606890789205,0.8106161935587954,143.35692871019654,0.8550336628695419,1.3030672528418983,1.0150500784640761,0.5301423099510063,0.7937794326968899,0.5428223197137295,1.943327552382932,1.0863440786717173,1.374173680876093,0.9824925886577892,1.41158785721845,21.451039587627665,436.4943731352021,0.04914390862258219,low,0.8853376186715158,0.0894925374477361,11.1962529246791,0.11466238132848416,164.18553517566792,13.75346245543316,0.08376780841697073,2.479706493066601,0.13065121458279766,0.8856760758735496,0.09809147066362674,11.343809981731269,0.11432392412645043,163.4856925614476,0.08376353119644235,0.13121050075721513,11.139451744520551,0.018345448402453085
399.0,0.1141112277698179,0.8496587244727033,159.54076716346287,0.7575813108278808,1.1179795730394655,1.0796395782690895,1.3779991750560494,0.623503276578719,0.49105801924815345,0.31353912166506165,0.8456509841069941,1.5535106611407639,0.558144481337367,1.7823872939930114,33.1367238295458,270.7336442569553,0.12239603216102499,low,0.8329710967749983,0.0680073791171839,9.68662545513277,0.16702890322500175,165.6422907053565,12.906751216753175,0.07791941998503045,2.552080063399504,0.20004990083413668,0.8331150069462174,0.06948753726949758,9.825598094201734,0.16688499305378257,165.31574758428073,0.07791689533346288,0.20044505326180223,9.683416573671389,0.014682991219950994
400.0,0.1283956712387355,1.1431821668008402,146.95888213007214,0.8214706926158428,1.324761562574868,0.8639843701723566,1.0286727665931739,0.8022511827174555,0.643812495862893,1.9865588553524782,1.2788887359938708,0.779661689580827,0.6191896692297285,0.9381577994077998,32.43849105883006,305.92157625380577,0.10603531616193584,low,0.8367854439098886,0.08629994777051349,12.060463113254434,0.16321455609011137,165.85449419061925,16.092994601201397,0.09703080208791603,2.3327268035881232,0.19558403416881773,0.8377519413023536,0.09322191214408222,12.313328717378425,0.16224805869764636,165.23071388498158,0.09702290227567871,0.19632240457068262,12.045539261768656,0.022231421092097237
401.0,0.10484131965418067,0.7555681694484082,135.24504679003854,0.8698129693500602,0.7703830721612795,1.072826960616298,1.1564813131856018,0.7239718936727698,0.7512323272847619,1.975984714924852,1.6606873179989001,0.8524053990767491,1.5309459029092947,1.32142424947469,29.592400211109645,290.61570395003884,0.1018265696206046,low,0.8495351750352848,0.07010878260286396,11.234225394272087,0.15046482496471525,166.7962057282288,13.158299148981977,0.07888848005584488,2.5397200686871226,0.17741650705967701,0.8502950199631142,0.07672649531785536,11.49534481400049,0.14970498003688582,166.11070284069558,0.07888361026933591,0.17814866655214573,11.230183964387539,0.02361144309423711
402.0,0.12748775018804984,1.2529513890369426,132.3307019476187,0.6976493915916376,0.8474848458484996,1.0635363457775981,1.8022274695887515,0.9374597809783513,0.12830493639742444,1.4040931661649836,0.3324390842642789,0.8049140873847872,0.8722921434596702,0.8680969490145403,32.47192620202841,246.34910567368686,0.13181264089929604,low,0.8368523849300553,0.06471786457748199,13.993222636696673,0.16314761506994468,167.31407406886464,13.133150187746688,0.07849399556394297,2.544733146750555,0.19407767327847944,0.8368178071059841,0.06541173877316851,13.974354810268943,0.16318219289401592,166.8061839744304,0.07848933223506864,0.19466859937882164,13.915415714688322,0.004235525318759145
403.0,0.1359397145176022,0.879867515610911,116.61059197631735,0.6608156541252382,1.3271934749081122,1.1880622523452347,0.5837278982143816,0.8039761020123253,0.7664864784860417,1.4224126188824926,1.6586832846971857,0.3824963060403694,0.5689539450013874,1.6955676183580513,17.67309875685927,411.76035595840676,0.04292083611527791,low,0.9030095422020168,0.08063250886474013,10.85520132562747,0.09699045779798321,163.2877601193601,11.70522415187992,0.0716846390894433,2.6354787929698964,0.10823284454352604,0.9040613386099375,0.09253887154838952,11.193918758728376,0.09593866139006246,162.8699898825704,0.07168296122911122,0.10851046757970338,10.895973385329807,0.02734453938734092
404.0,0.11538192912266014,1.0432927196165744,130.3028457205145,0.7473034211188592,1.4511843752390527,1.0877893265771827,1.5913351916423681,1.990212838377255,0.2772166654172033,0.541500847750206,0.2932771800591136,1.130808379390241,1.1085867872767177,0.5610919588673586,32.50383561116315,256.81094708350275,0.12656717316880747,low,0.8345125447151288,0.07232850591182349,23.307299523044986,0.1654874552848712,164.32491765881423,12.63155807427146,0.07686940151400658,2.5656473813414458,0.1978022327608918,0.835763117197787,0.07279936861230425,23.77568331972115,0.16423688280221305,163.9905349518875,0.07686661935592669,0.19820555875800583,23.42505849883874,0.014967937898630676
405.0,0.1298074308900022,1.3779083388913516,88.39311286058407,0.9062639708748164,1.0414305954101521,1.1635319509409148,0.7996078301761392,0.9766785315850027,0.6723816835999905,1.2821238742566015,1.0029041866560955,1.8600515323494669,0.3158845626105699,1.9225884351300777,23.008577794874373,345.72187764333614,0.06655227592686849,low,0.8779198827056276,0.07523076059903268,13.525552699145454,0.1220801172943724,164.93224962419626,12.063339111841353,0.07314117851013421,2.615363753318058,0.13950320720962822,0.8787316626553411,0.0803031012693095,13.854471657786325,0.12126833734465892,164.33979040460346,0.07313834497991935,0.14000612838940232,13.522662502065595,0.02453726517762654
406.0,0.13700988545873177,0.6035656985431906,141.6653908712952,0.690869300975417,1.4378531037520896,1.1699685455487707,0.5785515846693579,0.5907703136758431,0.3098545789666758,0.503704262279467,0.7283189872996026,0.6432399917315305,1.0328230662245628,0.6789675430795644,14.498886004262578,413.93977486086806,0.03502655913927549,low,0.9189343889047928,0.08306183954716341,8.081444464083209,0.08106561109520716,162.82404891179908,11.841320831763174,0.07272464301743015,2.6210749832766504,0.08904634236258642,0.9189564120688609,0.08610803998645153,8.149049671635684,0.08104358793113908,162.573523928337,0.0727235888365881,0.08918356232872052,8.072233781230668,0.009516063643204377
407.0,0.11356391246615838,1.1219247571326312,109.25380564547434,0.6798271471253428,1.414333395371318,1.1479644046159123,1.3108428855789938,0.7798598091715674,0.7489028551887367,1.126878240038772,0.3533844790238776,1.877749919812126,0.699337734750351,0.409216132920492,30.253090045380514,276.0232827773767,0.10960339918057124,low,0.8437973358049236,0.06931036242344064,11.145397619556476,0.15620266419507645,163.7869044616792,12.019265905262934,0.07338355862311965,2.6120553654129557,0.1847100666858183,0.8437039880572915,0.07302362518271562,11.351355903513175,0.15629601194270848,163.22833282361873,0.07337995027771255,0.1853421493808394,11.066235733662909,0.025764874046822057
408.0,0.12384092055139129,0.6772668465464201,109.32762210629193,0.7537641522666627,1.2401584094985805,0.9551716862457992,1.9753641258859003,1.3559409258018063,0.4882770516863426,0.589556468183331,1.643072797380295,0.3210122354756408,0.4676108183068038,1.0195394862590699,15.367793030850729,239.37124918528374,0.06420066354316173,low,0.9155071034858441,0.07752522984137321,17.054072332142052,0.08449289651415592,166.8310822911506,14.372321440064564,0.08614894324657228,2.4516775825190407,0.09211588643914168,0.9185367347640855,0.0809027905930219,17.95303031698355,0.08146326523591452,166.61343867228962,0.08614609772034433,0.0922362154776572,17.542078195701833,0.02342664972171933
409.0,0.12600898968977742,1.1629543962783262,149.1694240230621,0.6808295469801472,1.2079048624643125,0.9030148752731767,1.4892831471724328,1.402958781451291,0.5997390765636389,1.5891517405743734,1.163512654481632,1.749448948896627,1.0639694483132256,1.8434248216466607,34.77679584781397,262.9804854167225,0.1322409751913956,low,0.8271021727941535,0.07854268985942824,19.016558829735082,0.17289782720584645,166.72534574097807,15.342949674689256,0.09202529829223342,2.3856917582962427,0.20858733681585923,0.8305340688551446,0.08128650941074897,19.875468370892996,0.16946593114485542,166.03191317027103,0.09201609814552633,0.20945850218656012,19.305585035623185,0.029519091714560675
410.0,0.1218135077975875,0.9276333268314262,137.99860484871647,0.9948784426144859,1.1605908700410006,1.0480477916874773,1.1287916333538208,1.3374826906517199,0.40422492715007596,1.8392213808915316,0.648900383965067,1.5091610316930097,0.9760493715302809,1.0897364186728116,27.460615487254852,293.61719091058546,0.09352523059733708,low,0.8578848930669786,0.07734293076973953,17.64930916085647,0.14211510693302143,165.35694178331366,13.3145067217444,0.08051979298934993,2.5192522491359832,0.1660687189246622,0.8586836400238865,0.0798254634883912,17.944059922686982,0.14131635997611347,164.65280530393923,0.08051441672850473,0.16677891054795088,17.63794159856136,0.017355671715717235
411.0,0.16727116786638435,1.2278333532756087,111.0752487372547,0.8986432845934309,1.4153900864231992,1.0101156996635272,1.042399351678744,0.7061392330121695,0.33134807002245703,0.9057132587622352,1.5328199542363008,0.4799421369156894,1.9365395998765234,0.6608906036470583,15.515460502535785,304.0863368313811,0.05102320829080611,low,0.9143154054711837,0.08448099857310097,9.748052467650668,0.08568459452881627,164.40236615496914,13.715275608961518,0.08342504995355848,2.4838066555608393,0.09437492212192726,0.9148011834433363,0.0876241703612465,9.873097361591414,0.08519881655666373,164.03501757340692,0.08342202293746802,0.094586270249232,9.769616234519377,0.010592138379643082
412.0,0.10699209802368956,0.9113205212534918,96.24827429363795,0.7707291222416368,1.344601073168308,0.9889350189922483,0.9293123248051257,1.907173171981291,0.48663078665502324,0.572833158229968,0.7392821064234504,1.0258459061215033,1.4861882255639767,1.1317012878182497,24.38994501125499,320.7664970835725,0.07603644779928634,low,0.8716006113350889,0.08799987521981922,22.410743972334696,0.12839938866491107,164.696962470468,14.059970316229883,0.08536872875691918,2.4607754190521787,0.1480898290132605,0.8754535430491256,0.09142044000090596,23.534911815360687,0.1245464569508744,164.35096540668673,0.08536587002539296,0.14840159259729346,22.889883339351936,0.028179631431315664
413.0,0.09387708469347442,0.5164167496350562,136.4334404958872,0.6512136673658815,1.3962020061007183,1.172221315746095,1.1533310649976878,0.5054274682367375,0.7290949964532818,1.850090414824509,1.7759799615111123,0.389476916853053,0.033780415148975625,0.2924827407141332,25.44790820677587,290.9074243267827,0.08747768560966555,low,0.8654328024476285,0.07056243708401323,7.442271639966247,0.13456719755237145,163.57108071463162,11.792188673474927,0.07209213647030763,2.629810304851267,0.15557706225083057,0.866187411891663,0.07938238483122013,7.590077226949508,0.13381258810833696,163.07248532268355,0.07208929875440297,0.156052740328451,7.4240457330220915,0.022364018204913516
414.0,0.1589632724009312,0.5898828581936487,103.22283593599215,0.6434332976401786,1.0165961642047616,1.1215806376143345,0.7592691694310124,1.7764644446860163,0.3233738550382345,0.85246365257147,1.63337268716593,1.3225747989344416,0.13979782505196858,1.8933063658241143,7.6700483352608035,355.21442148432476,0.021592727860569916,low,0.9560042783612414,0.08731867789109021,20.273661444806454,0.043995721638758645,165.16864203594253,12.531920923600122,0.07587348766161701,2.578687961773218,0.04643767873075882,0.9593205099885204,0.08919636117806741,21.782123107872835,0.040679490011479635,164.7604711706213,0.07587137133255492,0.04655272154033792,21.332302862533485,0.021086342540606873
415.0,0.12689136156174213,1.2945747869630648,130.89487899460417,0.7200851564092253,1.3081287666740837,1.1142439484880584,1.2023593107479655,0.7885975871696517,0.013702822295655462,1.5610798179754337,1.9057388599668312,0.42349062617261907,0.3832266001625822,1.3323036232905685,33.49930622647982,285.86340472106104,0.11718641026880537,low,0.8305185704606596,0.07004472359926457,11.585511075788597,0.16948142953934042,164.3965820718746,12.447996735395101,0.07571931592806963,2.580721986912283,0.2037713059741949,0.831910883025537,0.07192774987087143,11.66180347003945,0.16808911697446305,163.94109033464312,0.07571627798350082,0.20433746145093756,11.656068721133284,0.0004919968338697564
416.0,0.13708275813532614,0.7247560994054726,169.33619920900531,0.5711927981503534,1.0745465557435514,0.9457882071966622,0.6813944878694479,0.9540173314661547,0.22255407802895444,0.476141096654994,1.404704787753923,1.9277767755476012,0.27898832266440055,0.9113837548469931,20.788643232475025,376.709856327148,0.05518476058779158,low,0.8893061049130158,0.09077569833248225,13.399048124679721,0.11069389508698424,165.66024564195516,14.859589212322748,0.08969918615501199,2.411293582923853,0.1254896318179193,0.8901151071538758,0.09049927554671511,13.603987626824257,0.10988489284612424,165.25133255342453,0.08969586288068898,0.12580015489892774,13.50009017662216,0.007696056014648933
417.0,0.13972681762002429,1.280933419044009,85.69016048297027,0.8671177179152951,1.4218092068035286,0.9733924301510279,1.3427170437694889,1.369610925938777,0.09946767876389534,1.785180510273656,0.768428568067209,1.7990819392836368,1.2967888808674404,1.0359932282228432,17.89567583480118,273.4357501379567,0.0654474618837232,low,0.9025199040217424,0.08400886761573399,17.076655708581946,0.09748009597825757,165.05199608331466,14.18074113080128,0.08591681086754717,2.4543757663738237,0.10842447385954566,0.9030952432537731,0.08338182122007744,17.154151235816283,0.0969047567462269,164.31252843901183,0.08590914334388919,0.10891242441956307,17.082164799847956,0.004214128408886901
418.0,0.09832283221924205,0.822492591118184,140.57199306510125,0.7691662400733938,1.4727606643198492,1.1705122609411558,0.7805453589213758,0.6193843435235932,0.7459543917859549,0.69548136006521,0.04560745538872651,0.5905293819131734,0.2708285595537516,0.7258310368514196,38.06906095142707,350.0504603764682,0.10875306637358798,low,0.8101495308591831,0.07135471172089126,9.362882654058776,0.18985046914081694,162.83822061452344,11.80731110407289,0.07250945791174902,2.6240382716747264,0.23378455504955153,0.8104295278617697,0.07787785102810989,9.547734227011842,0.1895704721382303,162.58230552995093,0.07250823954973483,0.23415254708892033,9.322211080717722,0.02419202315216806
419.0,0.07956328925867467,0.9146053193474756,85.04834459309315,0.9021073347858359,1.490440905554569,0.843605024235637,0.629324362916449,1.4499304302513094,0.441231665714225,1.335860837489019,1.8679294528645745,0.11740073586429882,0.5989850113977532,0.8561552776066509,39.11328177346851,394.01844612660625,0.09926764129438906,low,0.8090867434605643,0.09678907625974151,19.536174125783784,0.1909132565394357,164.66451935383643,16.478378127633498,0.10007242721320085,2.3018610830205226,0.2375331487739665,0.8190839771573233,0.10432375526680317,21.141084208706264,0.18091602284267672,164.29855560584352,0.10006835473688822,0.2380622375482246,20.54235409883926,0.029146129357240192
420.0,0.10860403742563987,0.4795539458606475,97.18388452779371,0.5241792152579732,0.9509071828141848,0.8047366716914948,1.1495300913558073,1.1998061083456693,0.2217934739068962,1.4335023261800073,0.2725457423204821,0.04961167602865451,0.9180658066733233,0.060016889149296926,12.577372076896447,291.34946127811423,0.04316936788460519,low,0.9306370201785367,0.09759892372609565,15.889017618764344,0.06936297982146333,167.91628734624595,17.413230289712263,0.10370185385177033,2.266235286840196,0.07490263318508059,0.9306052228845326,0.10063197330675264,15.954476216485865,0.06939477711546738,167.51054307092224,0.10369538103453398,0.07508406244955769,15.82879743620813,0.007939881774609506
421.0,0.13176324318608956,1.2165852331605378,90.58270345960075,0.7409933297437381,1.279419346601716,0.9664271055167512,1.2541755324732926,1.6799680573902864,0.5405725395103711,1.3506479759706276,0.8866844584100879,1.2743392790768924,0.014415383659629825,1.7683996632158048,20.204559871037336,280.9569554191461,0.07191336424077893,low,0.8916348288240574,0.08497440656724548,20.314154619667576,0.10836517117594258,165.57412560104524,14.364952895051422,0.08675844032336376,2.4446275700941813,0.12202727810093165,0.8945514095269554,0.08882314870785078,21.24062484298611,0.10544859047304456,165.0597274206996,0.08675322431881881,0.12240756838002355,20.651418708516964,0.028531024564726393
422.0,0.12335395293149806,1.1942241615157765,124.42737641429176,0.7723262411875202,0.7572077492203816,0.8078088346800135,1.8107552031178522,0.5666209511532425,0.36196623084998203,0.7234003308353079,0.6987253055250459,1.3155306770233932,0.2334996006388114,1.777384839792637,31.084635735553142,245.98240768931268,0.12636934497695662,low,0.8443509863817289,0.07596501213516121,9.357109525449465,0.1556490136182711,169.79183002495702,17.18092862812497,0.10118819395255717,2.290773189481997,0.18307497911403708,0.844327223652302,0.07724885168539701,9.419781194793073,0.15567277634769805,169.39361127117988,0.10118055067142592,0.18350536069385864,9.331521631528755,0.009458217721546279
423.0,0.11097733316850808,1.3793684764011847,166.12217652492,0.967404470918553,1.2315987817336034,1.1845153018178323,0.554768803835342,0.598121297868345,0.6955076650032757,0.8377160353444991,0.7043605945890653,1.0871779312423648,1.3829426524511916,0.8229031309852747,59.22287243769144,424.5413868000492,0.13949846653133083,low,0.7331033152390511,0.06533252035751326,10.153524544574703,0.26689668476094885,163.7382176438398,11.783648101456526,0.0719663880004367,2.631556102293952,0.36169242153662556,0.7335473380219703,0.07112058369982198,10.347461717295142,0.26645266197802975,163.3282595579035,0.0719647683301449,0.3626002787147536,10.122604995452916,0.02221332571440176
424.0,0.09991226993532681,1.2465448891456319,170.1919964093981,0.9327273603698278,1.4623967939071465,1.1671318361749905,0.9160004950244989,1.2298142233155622,0.1126289662491433,0.9145966160820342,1.979384412022051,1.7100743503172382,1.4019499108826945,0.9829853917351102,67.64871174179304,322.9912572402133,0.20944440515144253,low,0.7042863299515782,0.06342000677902918,18.383565484538998,0.29571367004842175,163.0405516040043,11.836600055288146,0.07259911683835005,2.6228025219863964,0.41491954655611935,0.7107294510067215,0.0624316574033251,19.23452023775485,0.28927054899327853,162.52764153708065,0.07259646557069072,0.4162289632828949,19.114251766066065,0.006292083685028171
425.0,0.10022404087913928,0.5510331508971074,85.52913371427395,0.952954156898818,0.9755096200866176,0.9354915977766475,0.5846342101908669,1.4530598633815581,0.05866887902816961,1.2316402124671437,0.43518213594389654,0.7475863350437087,0.05464460172786101,1.4812706138712688,14.934755266248246,411.4119109725833,0.03630122237088927,low,0.9182762690994767,0.09828670174170037,18.33196428437104,0.08172373090052332,165.9229177022447,15.077032935965455,0.09086769413627233,2.3983507410092746,0.09001020156268742,0.9187031176183493,0.09943907394299284,18.40299377250873,0.08129688238165067,165.50909744898837,0.09086443254761968,0.09023525290415707,18.359801956537385,0.002352520799167155
426.0,0.09900580270778624,0.9498624226320086,152.1879235759249,0.758178043275491,0.8329793317993321,0.8340090748722798,0.9539440994894212,0.8876424618009032,0.4748538122126109,1.954695237291011,1.7030578747618499,1.0670134568763976,0.39040350136258034,1.3202337054569444,46.94287966096798,316.8361640423467,0.14816136851945297,low,0.7815719604361474,0.08199523163173489,14.424575572239897,0.2184280395638526,167.66337532782643,16.910549162639395,0.10086012600888404,2.2940206129898604,0.279982909619839,0.7837192294365336,0.0867056913919279,14.795836858277255,0.2162807705634664,166.99635568481398,0.10085126583958648,0.28110122205042104,14.54487374715109,0.017254402856217366
427.0,0.12983011476171533,0.9260437431314917,127.75614101149452,0.7485766018556387,1.325019940585018,0.9095199435950075,1.7444750278712984,1.085426708046123,0.4194201372020057,0.568459831479192,0.8097692536663987,1.0459374072918264,1.506648488678002,0.4453331954070075,22.341510496111823,248.93857458870647,0.08974708131523697,low,0.8814860459479806,0.07916524617344595,14.7236743493556,0.11851395405201937,166.60684837581033,15.108946262571308,0.09068622574559773,2.4003497994843013,0.13409719176559126,0.8822492188490563,0.08080390860972166,15.013858482170955,0.11775078115094373,166.25026700588916,0.09068120227663415,0.13438480971173664,14.778668031615815,0.015914184556551327
428.0,0.1460069105436412,0.48864525288148325,117.05422219349583,0.8232835487657226,1.3922319843016069,1.0305629842604243,1.650080686754484,1.2782225132505216,0.017856221022121473,0.3044386561488775,0.9376818020768279,1.504177065536431,1.0082644993908418,1.2070901874366682,8.540515235081973,253.61890792005025,0.03367459983612203,low,0.9510854976631367,0.08074190004839853,15.476075953865374,0.04891450233686334,165.1127197759419,13.348753444433745,0.08084630586031175,2.515205385279192,0.05172536220511331,0.9515056304535873,0.07932872167232732,15.611393607760968,0.04849436954641273,164.78073775735956,0.08084305160113109,0.051829572748108,15.600275971814472,0.0007126563636811648
429.0,0.13268312360412102,0.6257696546683161,145.77615201972733,0.8892695207947301,1.4826071656506414,0.8100428317142683,0.6379979153401062,1.646832214142931,0.4635078754083223,0.888114774849968,1.0138003410451406,0.12431644131981223,0.564775856537394,0.4989565929946713,16.493762418026403,390.9337303827641,0.04219068639044608,low,0.9101601409144989,0.11154022318986492,19.814823199168323,0.08983985908550107,164.97593769335379,17.16979152221935,0.10407451997110882,2.2626480982479458,0.09997677630227449,0.9134637361322895,0.11945373293950663,20.802927220897548,0.08653626386771052,164.71912486056905,0.10407129980114592,0.10013264963608806,20.300638648676422,0.024742501007665306
430.0,0.09115089412055155,0.6871371726709816,104.99264861274249,0.9544775331466915,0.7425972391493081,0.9239103015566498,1.817582941692962,0.7721319701824344,0.3415586862280797,0.44746548967965266,0.37877815280871996,0.4625949220385457,0.6305292030903799,0.29778348941007887,27.639526346056478,245.68709127637527,0.11249889525113294,low,0.8587285622711363,0.07143652837285186,11.911791189337315,0.14127143772886375,168.70486345900235,15.101862242849439,0.08951646048140992,2.4133327546183936,0.16383360727933768,0.8588777859244296,0.07303488487320386,12.025848856922122,0.14112221407557035,168.49316469865713,0.0895136140630776,0.16403945166255612,11.904819490361449,0.010166417614199272
431.0,0.11210230869251542,0.7290911779573731,96.01907083012152,0.9635399783701659,1.1543799694455514,0.9405886923144902,1.0912297297377778,1.5058991286868255,0.08320223402656192,1.8516175252232603,1.421718159561725,0.5570662849489597,1.53745392864793,1.0635713880489817,17.73210752194368,297.9736190744941,0.05950898464441112,low,0.9039673311942271,0.08864323856286725,18.784083666725433,0.09603266880577288,166.01441737463298,14.845926551049711,0.0894255257213472,2.414349114946344,0.10681064814948503,0.9071736768790366,0.08991150138342797,19.342354421877122,0.0928263231209634,165.41340337573277,0.08941940706979636,0.10719873456485021,19.262850631633516,0.004127311775602156
432.0,0.1013563309324784,0.9920836856496859,159.06328314096595,0.5702800748969995,1.0932557463354569,1.0300386326014972,1.0767256511942005,1.6685115212389732,0.14721197146160667,1.062029393430833,1.9952284844121786,0.4980224290828279,1.8821776424095276,0.2694313081709701,48.895243785822316,299.7414467793766,0.16312473403723662,low,0.7719451145065012,0.07267966584577046,22.508408635162297,0.22805488549349884,165.67227038112796,13.583820934355392,0.08199212157294582,2.5011321147124166,0.29513233369313485,0.7900774384019651,0.07354194674215449,25.424068008876677,0.2099225615980349,165.25767684418852,0.08198888960160193,0.2958727529004458,25.016970175997738,0.016272867178357395
433.0,0.13630126953160465,0.9322864664410919,110.55898231620016,0.5440475216124255,0.7374827194157566,0.9226650800203677,0.9192322064108883,0.8949465820416371,0.356550380103848,1.446618698361038,1.6912071353810834,1.2409498361526425,0.9271405060764973,1.701449684383707,17.660123553524695,322.49789915199335,0.05476042975771906,low,0.9051023775502054,0.08728043304197834,12.90987834638476,0.0948976224497946,167.33813201761973,15.33986968269759,0.09166989913023764,2.389561207366453,0.10553556048818083,0.905862842785747,0.09050945826311652,13.142722871978652,0.09413715721425298,166.7494825777506,0.09166414127733853,0.10590811605841281,12.98951844854853,0.011794465209542934
434.0,0.08988460142431794,0.9982106673994012,118.67705710752668,0.9788832902676394,0.7985697187358944,0.8349498105357508,0.9504370963462089,1.84363854682976,0.013117581338247905,0.2585053915963724,0.46563376170765736,1.6204287539695479,0.5241201582212036,0.7822563662177254,46.67329999530502,317.39127955222415,0.14705287448713697,low,0.7829553979345336,0.0871322781925204,24.629066105578744,0.21704460206546639,167.7595024036526,16.90718289595918,0.10078226660018434,2.2947928654072385,0.2782155366853831,0.7848786879808818,0.0840466116354436,25.007989181121975,0.21512131201911822,167.43174115675058,0.1007779488576951,0.27876016621967276,24.9917750532314,0.0006487785623885823
435.0,0.15563839113486727,1.079572216273562,160.27968478826128,0.9182735176032055,0.9190350698584616,1.1825220782412698,1.63326195303111,0.9679538339759103,0.4350603522716804,1.9023395854209235,0.8626576922439315,0.5917195280498241,0.9372014956435013,0.4874321171513112,22.737716146045063,254.54497145357527,0.08932691153237746,low,0.8795094656989237,0.06508043206592896,13.558786184592275,0.12049053430107626,166.1917149833255,11.829202107717553,0.0711780494527324,2.642570802299831,0.13681618333577217,0.8800473418945172,0.06838865774041833,13.74196667509165,0.11995265810548283,165.59525100282553,0.07117416803599896,0.13730898687219653,13.531412291037416,0.015560414502608528
436.0,0.11606211461984275,0.784206961682102,150.19375152993672,0.9345408308130165,1.0133957648746876,1.0488527108071386,1.0261126458753462,0.511946597112957,0.36334868705332574,0.791511157396149,0.23717395256292514,0.0056059707359175995,0.5401284703978785,1.6715254149308398,27.832468603088063,306.29109841301937,0.09086933556768688,low,0.8565032248068598,0.07398439552685314,8.06425745809134,0.1434967751931402,165.82592945556212,13.379168947569967,0.08068200788318394,2.5172396792055056,0.16784147506042824,0.8566921691210025,0.07818222646005653,8.118024929070954,0.14330783087899746,165.60681030684836,0.08068043054543211,0.1680635509585508,8.038109345153893,0.00994208718561917
437.0,0.11611120139184809,1.1284556653079,99.40553157340887,0.7673782737605652,0.9881318073311447,1.0835734669174228,1.1482784765068468,0.8823263930014745,0.2706168452894072,0.42515729996731166,0.10216420111985695,1.9775457648274604,1.756286296743167,0.6229900653711399,26.484814970861052,291.482193721069,0.0908625485239947,low,0.8625012432120356,0.07276840782375503,12.798051093359103,0.13749875678796442,165.89505464795923,12.944934130383372,0.07803086208840532,2.5506508627483395,0.15964800775444246,0.8619083540456952,0.0723244971073038,12.831856819449387,0.1380916459543048,165.4317663472307,0.07802764885454616,0.16009509875673528,12.719816241788036,0.00880834876318941
438.0,0.13033137272190357,1.3192400986268829,93.88497720392732,0.8773897822748267,0.8491636792291863,1.0778767031802898,1.4081168376188582,1.599882413912788,0.10766034981256703,0.6290533969183235,0.8501148810234084,1.3687417049377963,0.16500135994522383,0.023443769485830334,23.209839474352126,268.5357225321929,0.08643110590833836,low,0.8779760214055091,0.07340196394671286,20.29486042580815,0.12202397859449088,166.7706937248139,13.030863290647906,0.07813640993872675,2.5492991343737255,0.13917217081707636,0.880040853574753,0.07270670007298902,20.746473076532567,0.11995914642524697,166.40472291082548,0.07813357041478187,0.1394782495854401,20.64320879119938,0.005002336912719181
439.0,0.10886116069846466,0.9102469413177435,119.18057495974753,0.8649196031913224,1.2270977949775452,1.1345633459295423,1.7686354566639813,0.9445586566420475,0.10940202868961,1.9699771771128851,0.8705590047815447,0.07487783029334975,1.0431720774506819,0.2901978336982624,29.13861536590833,247.826922765263,0.11757647248643716,low,0.8495864558668268,0.06545543457022163,13.291293739740514,0.1504135441331732,165.2301779281422,12.178580574885649,0.07370675700768205,2.607660801388597,0.17635165519570262,0.8502256419152388,0.06728859939112915,13.326487570260385,0.14977435808476125,164.69669820075507,0.0737026210916271,0.17692288724811087,13.272750278910763,0.004048693015418631
440.0,0.15751317907300388,1.2889233876849744,175.52421663118452,0.8760149064588301,0.7674572518664939,0.8730928201867694,1.3997141966567763,1.1967262445700462,0.38315755761823533,0.05744157272312392,0.961669841445707,0.6255381346690625,0.21131111025976676,1.160790381253564,29.025551547554777,269.1506639889272,0.10784127788274334,low,0.8529279833532402,0.08072406181361229,17.04709545555945,0.14707201664675984,168.3801221856113,16.076465003805623,0.09547721426454349,2.3488676540521003,0.17238110514944807,0.8547336414127039,0.08291706247449236,17.557639457150756,0.14526635858729608,168.2595980656784,0.09547554674090446,0.17250458149926723,17.300482653967137,0.01486414040157725
441.0,0.13487156515826385,0.7775149867828937,104.45571244710987,0.5967700578327526,1.2152071421535862,1.181313247635507,1.0814229963500004,1.3593715730353417,0.7745646443930627,1.5270840014027358,0.45770616161531086,0.013282994134168813,0.5333919973843183,0.5461691710205826,14.211839588584555,299.15622042848173,0.04750641510388426,low,0.9207919400821072,0.0769183926876064,16.638375780106728,0.07920805991789281,164.3347822106466,11.785361660012311,0.07171556441962282,2.635047477952174,0.08648102000931016,0.9216318899955599,0.08568042558880558,17.205883541655837,0.0783681100044401,163.94328740045995,0.0717134794937678,0.08668753575661607,16.643985058532422,0.033759852652316645
442.0,0.1347183438738056,0.5847482837381064,145.22097757122594,0.6348704342139779,0.7160320095269779,0.8152582751958969,0.6394681934348213,1.0077938652538352,0.48946602350633023,1.4188166599124663,0.20398351463412204,0.46604027226981737,1.3563835541656555,1.4559702726461345,14.893438227187447,390.4838543909026,0.038140983448391286,low,0.919078229527505,0.10379271599773968,14.16596784920944,0.08092177047249505,167.5250918795478,17.41200611410024,0.10393670535408299,2.263973167478946,0.08890273128694044,0.9190531530034209,0.1110915903062124,14.288833577035497,0.08094684699657906,167.04373825660542,0.103930924688955,0.08915891360326711,14.069076860644993,0.015619839067424774
443.0,0.17681645931998136,0.9895637870089754,99.30118711918222,0.9480581763546982,1.4950906440388996,0.8937000797392082,0.6317036466073924,0.9946090728522498,0.354106759162201,1.6908123271296818,0.41248047268077376,1.4684076974954416,0.88526825586057,0.8020640218855745,10.004674929483127,393.16325331355466,0.025446617518713587,low,0.9433011031474975,0.10446527353987209,12.835715078028477,0.05669889685250251,164.28314923562186,15.542328336544072,0.09460695396247003,2.358024296508948,0.060898972146765935,0.9433586529952059,0.10887389679778742,12.89172879397403,0.05664134700479406,163.6384432067485,0.09460084484380776,0.06113890314174373,12.733688344199926,0.012411207617319285
444.0,0.07634079448555733,0.7022127219853792,114.84812787763893,0.5856339417417263,0.9273640705362828,1.0357595624580147,0.7931347866761949,0.6218098956103945,0.10367939162595086,1.2413838466230722,1.7163865836323862,0.9188165367131482,1.7978153872780556,0.0033951889876279923,44.04832415621831,347.188744727064,0.12687140590011375,low,0.7904419922864793,0.07193455659411248,10.363941534221148,0.20955800771352073,165.92982307262312,13.610553513827092,0.08202596291487704,2.500719460918573,0.26546357574876406,0.7909977065373011,0.07364554558874774,10.411731899696338,0.20900229346269894,165.4129478220997,0.08202253812586793,0.2662930848895331,10.379506149635148,0.003104747913495211
445.0,0.07934601638251318,1.1739048138430985,134.66908122586514,0.5628156375502523,1.2921970524335022,1.09967289880514,0.879001870173519,0.6987578171493506,0.42699620022734674,0.7661316322908708,0.14657845195467978,0.4110203677270032,1.3365673173079975,1.9105322116194952,79.92831413024696,329.5677161229218,0.242524708034313,low,0.6698961241253135,0.06038302206731915,12.5530772177092,0.3301038758746865,164.20285522810278,12.657006632780094,0.07708152586748619,2.56289163973821,0.4867656778514257,0.6700018000431471,0.06359893036786235,12.680954929858553,0.32999819995685287,163.90587078027474,0.07707976268996443,0.48764765868207055,12.499024265867721,0.014555589310090948
446.0,0.11496774317620444,0.9708150903651559,82.93480020296562,0.8447644091855331,0.8458797720750352,0.8657221574673417,0.5093149810148915,0.691631531084533,0.4377227787179163,0.06841485726345349,1.4677285313158335,0.866649675187707,1.0965059679054565,1.582312869015709,19.38971546274888,447.55417222357715,0.04332372853640316,low,0.8967474364330446,0.09856926998267149,10.435702617826372,0.10325256356695545,166.57901453942696,16.36144352102029,0.09822031644416868,2.320542196586688,0.11639950876381013,0.8972653453408421,0.10145769517502315,10.637769594317524,0.10273465465915788,166.3847575569383,0.09821850199816255,0.11653540713375476,10.505173461195088,0.012621984169250533
447.0,0.11791943288528065,0.49804169530797415,127.632746207807,0.670831567599879,1.1076924448238272,0.9127477265627467,1.0488935058005096,1.258218890739755,0.7768717287275536,0.8717772923208432,1.0625888405779251,1.0705566704379985,1.7124166409941182,0.34942535735657293,14.551480451241686,303.26064237545506,0.0479834123454308,low,0.9200686861946675,0.09122248027458699,16.28088690792872,0.07993131380533247,166.3182559950903,15.326570152370522,0.09215206148399585,2.384315224156185,0.08749178112877304,0.9212926214359611,0.09728315984289085,16.96099448047917,0.07870737856403887,165.87498680986124,0.09214725536410544,0.08772558618450242,16.434569028377428,0.03203159457316869
448.0,0.11774692456748033,0.5234693844271567,159.35943013168466,0.7913304752596818,1.225464986401124,0.9866142002994049,0.5363318171439299,0.7598196395662925,0.6315562319745609,0.41107190635491037,1.7806321522192146,0.9472122664329555,1.949275283832024,1.4617806908229902,19.152260351064747,433.3923079129767,0.04419150963544659,low,0.8967170219399938,0.09157938257098336,10.794336571606188,0.10328297806000619,164.65603127951582,14.189329166218876,0.08617558103372137,2.4513684241160507,0.1163167859824847,0.8975072699582793,0.09708118684176532,11.092096675960534,0.10249273004172066,164.33749733897542,0.08617347331423145,0.11654224179622129,10.867088299227722,0.020705488953172622
449.0,0.11504538636486077,0.8694386774022536,156.32879203815298,0.5043840572235011,0.7891792073824605,0.9543403164000048,1.402587058912718,1.3099263889591732,0.6985190217699309,1.210933509366864,0.8045341406232892,0.8288074310386399,1.7208234761603605,0.7146590826097562,32.68809726548623,268.94004403657635,0.1215441805350511,low,0.8368892903573797,0.07508066075783748,18.389556513980736,0.1631107096426203,167.70980746514164,14.722222876787635,0.08778391138423815,2.432877036769245,0.1949086804138179,0.8386258829462973,0.0796736813681838,19.07996300822698,0.16137411705370275,167.2075589171927,0.08777845267132592,0.19549413601375862,18.53320692820886,0.0295014285512519
450.0,0.14565014030869183,0.5467338259256305,115.01273067807061,0.7769296400688315,1.1338362141251825,1.0359692166699421,0.5522968195485405,0.617806563407008,0.05010831220889864,0.30668911045015684,0.49357458041235086,0.9021193029804945,0.9560160881532361,0.35273433631217804,9.43517960213045,425.70252018814153,0.022163786105754136,low,0.946299501921261,0.09116477346173102,8.63475398522255,0.053700498078739,164.81173230342617,13.543578045921626,0.08217605540961889,2.498891316075098,0.05724822784314796,0.9462747074798145,0.0905984981696747,8.63443698823079,0.05372529252018554,164.56857027930954,0.08217465064937662,0.05733281626082579,8.622126128195955,0.0014278218448436765
451.0,0.13992522070311075,0.9798504320283937,159.74635969949196,0.6227417372408035,1.0985276065481502,1.1932843865610188,1.3794492373711589,1.7104666790381853,0.6202133307351839,0.10921670214998079,1.6187721480256176,1.995687680113621,0.5827650314845689,1.7109980412276595,25.447720422327105,270.6260742021346,0.09403277380922219,low,0.8663932055261147,0.0696166893281479,20.848008589045744,0.13360679447388535,165.1016181938112,11.683756892915774,0.07076706467649714,2.6483615747011227,0.15413368264176716,0.8744058728898638,0.07141846176547764,22.81884657135469,0.12559412711013618,164.7602043528224,0.07076507377214472,0.15445307634987268,21.889596936440082,0.042451655807680344
452.0,0.080367143576274,0.6852692676489152,126.47569669260159,0.60536921924818,0.7306175532562318,1.1989640718104733,0.6481363210261615,1.814767583475847,0.6571264945921124,1.2883650770480308,1.8669859228974561,1.78378561731113,0.12792188671412086,0.8570276665148704,42.71312999437189,387.49520957558155,0.11022879493440713,low,0.795804510898964,0.07058703211275451,23.74588555340884,0.20419548910103602,165.947423437306,11.830147999228677,0.0712885307538266,2.6410198234936964,0.257389534044249,0.8218050186025183,0.0726791657415351,29.56842300234325,0.1781949813974817,165.36001435242844,0.07128621038878802,0.25830385998478606,26.682278266507293,0.10816710278667488
453.0,0.1254424663144693,0.8148265639403822,90.10402253534642,0.5939538485985068,0.7387958541470409,1.113188763797336,0.8455182045529481,1.7143742798288333,0.061973198661794376,0.9907164827065477,1.2044431890027347,1.7541299994360873,1.8428188648097363,0.8796215964498947,14.851499939483205,336.04556260488766,0.04419489971645647,low,0.9185482805587583,0.08147353543107345,20.799510493063348,0.08145171944124174,166.39095269589237,12.726958931129737,0.07648828692260937,2.570617661995258,0.08925665547829897,0.9212327345121902,0.07950828279216511,21.474395681618233,0.07876726548780977,165.80891870424438,0.07648508951736631,0.08956997039449988,21.40606371031468,0.0031921782644525826
454.0,0.10914890837027623,0.7520528505164297,132.16692915653442,0.9861943057024163,0.7450735072802661,1.0871146998484817,1.5849083104086839,1.143262804749792,0.0293200230001736,0.5821137567739824,0.9409440759878139,0.3422099213459502,1.6801350613671937,0.4228326981666804,26.55721291064466,257.2262883580341,0.10324455202525643,low,0.8629245541827014,0.06781238221612337,16.102007233245946,0.13707544581729858,167.3145171311626,12.931435746554563,0.07728818735087549,2.5602141507082337,0.1587262920516676,0.8640438840899499,0.06779590019551683,16.27105506950323,0.13595611591005008,167.043633165892,0.07728601428746606,0.1589836883173544,16.25366082054344,0.0010701742303988575
455.0,0.11898252100669796,0.6634453811474865,149.4068084432501,0.9798112458349857,1.2532136383727388,1.0222616709777685,1.3085770201572031,1.0976194072976464,0.5144067611727442,0.8258559030646916,1.0191937665179451,1.6535920160813766,0.2189183116918586,0.0005028391830385606,22.28739744564718,276.2236416520199,0.08068606044128664,low,0.881491499217925,0.07802604574301437,14.735811201087586,0.11850850078207498,165.35524046037818,13.582645448657614,0.08214221339971524,2.49930322414384,0.13478494775003882,0.8823981683473099,0.0803269888950406,15.102632660561138,0.11760183165269011,164.90705205502564,0.08213825152627965,0.13515126956614562,14.805652337437616,0.020058577383488662
456.0,0.13023010037646665,0.5708640007193939,98.33456167871455,0.7568880126665543,1.216920674438717,1.0084000044912236,1.1786076106109544,1.7381880467457105,0.5626972094871061,1.0700828393368456,1.7659431594586146,0.015776357907398036,0.4759805670124846,0.9642772469701121,10.535768509489865,288.26426926206057,0.03654899213302018,low,0.9404601450753082,0.08753527287840784,20.064166469002163,0.059539854924691826,165.4326160933602,13.806948097831402,0.08345964915430941,2.4833920075861404,0.06368616273071637,0.9461911826376136,0.09443818896189944,22.190575134467704,0.05380881736238641,165.1448985505475,0.0834571481165495,0.06379711757348096,21.294132603373427,0.042098100344893204
457.0,0.14927844013738162,0.9459791963903051,139.71223347849556,0.9278051550650535,0.8397114574640256,1.1417385995385834,1.606318691628327,1.716039146567008,0.21657812938347623,1.919100003931421,0.7822321714565205,1.2041241651177779,0.21758969943431908,1.9329204187270372,18.878695070186065,256.01794578730033,0.07373973340865128,low,0.898353718563094,0.07038182676566232,20.920987384033975,0.10164628143690602,166.6953047317962,12.282521419104866,0.07368246777476295,2.607990394453149,0.11325271039013889,0.9003630654312377,0.07137517726252172,21.409738624014558,0.09963693456876233,166.03076856978686,0.07367775515069643,0.11370600300661066,21.182303749884017,0.010737022602264699
458.0,0.14284313703362356,0.9726974274302932,141.3525061777147,0.9037616358267238,1.0034961736017247,0.9191159868920464,1.9227904052266662,1.6411705589726142,0.7203882072601147,1.279816694735717,0.4067346707730499,0.5857970073912935,0.081973256899756,0.4806955997593782,21.44927655603486,241.3666739494766,0.08886594079066884,low,0.8864309889833251,0.07749480936483233,20.54271989132708,0.11356901101667494,167.9969542752841,15.0387294777622,0.08951786978899244,2.413317011184378,0.12767657990327327,0.8878037229800813,0.08261222201583787,21.3082450383524,0.11219627701991874,167.5838034220755,0.08951201755985223,0.12799134592985004,20.622049274317455,0.0332748581339842
459.0,0.14912627218958152,0.6468902581244392,85.42006869108958,0.575054537355283,0.7112044879598465,1.0160246007893208,0.7425963349449561,0.7608093284965832,0.40640274953794964,1.2454404946243207,1.7418408873860314,0.19173719398414032,1.7036722067721854,1.142829373068435,7.9091958764968835,359.46271367909503,0.02200282692896404,low,0.955100221721356,0.08730490309929319,10.727928065227502,0.044899778278644,166.72643389218393,13.965531110495629,0.08376314891690566,2.4797621186075807,0.04743816377438673,0.9555601739841245,0.09331719921067474,10.910769329645124,0.04443982601587548,166.31128246616765,0.08376034740070948,0.04755658040281082,10.781504207331698,0.011989525749618663
460.0,0.13468456082107697,0.5615601257002799,133.11054908650115,0.9419942897379894,1.247973002861106,0.9816329957804943,0.8753851856503765,1.4067752774304263,0.7189675034217963,0.06423110089674997,0.02641393779499295,1.6864426289885206,1.6244957892968666,0.9240523398940952,13.116659233496165,330.242466797944,0.03971826930883931,low,0.9269965376544477,0.09167686814023776,17.31416199551424,0.07300346234555233,165.06624074692957,14.215971510029451,0.08612282830033426,2.451980765637245,0.07946300330184354,0.9268036717391847,0.09570307750970324,17.735276701523013,0.07319632826081535,164.7436320986093,0.08612019115183733,0.07961861145349175,17.23993922388986,0.028731973541226342
461.0,0.11999753837007876,0.8161450721375831,138.2301324649859,0.8369784128126159,1.1624169884937068,1.0288247917387385,0.5350960480266851,0.6270647987929283,0.3867817417073427,0.17546008241944577,1.7422106339060874,0.8565644364742947,0.5974915383119015,0.12235330237270779,24.938799300817436,434.01308563590266,0.05746093868178623,low,0.8693047475887729,0.08510474564321761,9.397008295220381,0.13069525241122715,164.70610977713778,13.627671931712145,0.08273932248264264,2.492060306492881,0.15141392954130165,0.869966169036356,0.08758661694543382,9.565226537933908,0.13003383096364396,164.51263812190592,0.08273819389767134,0.15159199673363377,9.454378811437119,0.011724485416503007
462.0,0.10984638860672646,1.1576038090230383,89.22688710188854,0.6243353112595481,0.7781780611208307,0.922388817277572,1.0226370254937358,1.2717905353247427,0.17888136418093542,0.509166530496261,0.38610695998026734,0.2508569711322774,1.613244317008341,1.9384918559208588,27.247976099063095,306.7816692760667,0.08881878817388919,low,0.8604671665752224,0.0838691911114134,17.67029011294067,0.13953283342477762,167.37086129288826,15.310044843744977,0.09147377700920942,2.3917029378387267,0.16279999928649996,0.8610052645041444,0.08533985558469524,17.84234232618809,0.13899473549585561,167.13578594565615,0.09147136524620093,0.16302897637925798,17.72348465777872,0.006706224577411368
463.0,0.12363583725185961,0.8085755920399453,101.23896888839832,0.5278670243802415,1.1150116347888361,0.8840233900853629,0.7629873808943953,1.2632787069786442,0.5159934614918344,1.7176334180074686,1.3925384960422218,1.417003961076955,0.7228342755037644,0.11547473277053204,17.046283994490484,354.28981955451275,0.04811395375662963,low,0.9076096458589391,0.0974670981495718,16.546390567471196,0.09239035414106089,166.0083581788396,15.872005611738196,0.0956096776442991,2.347481233459349,0.10268328764583434,0.9094746501101597,0.10244740744026365,17.11637085259287,0.09052534988984029,165.35163507041696,0.09560287638184095,0.10309111238743493,16.74692672056653,0.02206041372191781
464.0,0.10928025288447347,0.698689794522064,173.2399938490159,0.5229348167693891,1.2616524274029906,1.0614701749965467,0.5985314934335204,1.7004470465697972,0.16922059118940283,1.6097723815005542,0.07966573003563207,0.25544636760349276,1.3880900649453507,1.0215811208848338,32.262595567455236,405.71427657253764,0.07952048382425361,low,0.8364716467756719,0.08461363534234097,21.246133983893056,0.16352835322432813,164.21416625506433,13.156557990751578,0.08011828876149613,2.5242511268562473,0.1964665796088726,0.8363521873439278,0.08789304052277973,21.267879362000716,0.1636478126560722,163.73626933314947,0.08011561567496742,0.19704000646192482,21.102023212288717,0.007859727384595665
465.0,0.14041285478645468,1.1075323792224943,142.52702213168686,0.9768397767024313,1.1921404789290468,0.9244437903491521,0.8295101610088121,0.7732862217679346,0.7628515358882072,1.5736493300864227,1.50458004273716,0.7130250331917892,0.6886476241325562,1.568119080979553,25.485316537678347,339.2706836076162,0.07511794495970484,low,0.8673333455590245,0.08746497241506636,11.386002461362711,0.13266665444097547,165.57417033415066,15.132410728041771,0.09139354705811031,2.3925804041291756,0.15392084699108316,0.8682446615436958,0.09640586902620922,11.69640767661196,0.13175533845630416,165.0562247007306,0.09138864614594436,0.1544038498632008,11.404849886765579,0.025564368908065235
466.0,0.14137440844950327,0.5245512396062061,166.7721304701281,0.553751210222719,0.8361964512358382,1.0817675624962833,1.0715963623851126,1.2663297477230333,0.5601212767811414,0.06038431832826546,1.305028830996885,0.9556589737773363,1.3762832573101342,0.4650850650634028,13.932207060642872,300.39539220206007,0.04637956314346998,low,0.9231697051178709,0.07916234760324553,16.443803929370247,0.07683029488212911,166.41015019922764,13.035694981145445,0.07833473478353935,2.5467641628124333,0.08372209894626689,0.9246576647546626,0.08224948474609121,17.130055990077096,0.0753423352453374,166.19398686055052,0.07833329133476163,0.08383099367086645,16.746888489738577,0.0228799218776252
467.0,0.13573314362212147,1.1666547415441215,179.34965920706614,0.6234245460732595,1.2946342752364153,1.0538108914569433,0.9033674086818815,0.8629557852792932,0.4829001105067005,0.37229793436375475,0.03652139368639588,1.4729861954038415,1.0064128994862078,0.16451148051061484,36.15107518211467,325.1846325339249,0.11117092127145092,low,0.8199024096732354,0.07562904222273208,12.745201445371453,0.18009759032676464,164.47791577598215,13.210965052312316,0.08032060103622402,2.5217291400459985,0.21979288229401084,0.8194339399374065,0.07741679951286672,12.892209042653285,0.18056606006259346,164.13951765289622,0.0803183029030874,0.2202460181378313,12.681105747478709,0.016647073163674867
468.0,0.11914580799009342,1.2193555471855637,116.9104128866953,0.8839486699065904,1.2470992153801166,1.035127232647878,1.5363718602000211,0.6888343231647825,0.46910393677419543,0.968571589119482,0.6363192969683681,0.5723603620348318,1.4483844050241759,1.9312488642943348,31.965105809102077,260.0375369156911,0.12292496763444483,low,0.8377700508611194,0.06982395571585506,10.418463556324982,0.16222994913888056,165.57297433040046,13.376401325141332,0.08078855489090118,2.5159199708778632,0.1930575079560737,0.8379972120216883,0.07273095379493855,10.543949027185521,0.1620027879783117,165.19250357084795,0.08078503069410671,0.19350215729004214,10.389433498550142,0.014872372844673564
469.0,0.10010970774764717,0.7361749815268455,150.0682739153764,0.6070198932416874,0.7603287141247073,1.0866123934225937,1.143173080337253,1.1934771765972638,0.08984240388939448,0.16390409275764653,0.5908563094638667,1.6591859962695592,1.5725379191977122,0.5742459746892944,35.08873258646401,292.0544150058931,0.12014450315964575,low,0.8262541950265733,0.06980527417778246,17.192085684438542,0.17374580497342673,166.75574267281854,12.997543070215738,0.07794360099320502,2.5517697780192155,0.21041993531406902,0.8267914915710979,0.06822826883470444,17.324413718055876,0.17320850842890212,166.4036302274747,0.07794120957274416,0.21086518688623268,17.265746538607186,0.003397894166783188
470.0,0.162129169026455,0.6137977322659658,99.1503880336474,0.9704379132475691,0.8291086779157688,1.1228960570096054,1.5443448637637047,1.4703381335464472,0.3065210322220159,1.9766044592610854,0.07644942885936136,0.0015012444739770587,1.6266813119064547,0.5356282147064643,7.369661007770518,259.58777348454726,0.02838986177524736,low,0.9578189776818659,0.07510349353533309,17.876143464527054,0.04218102231813414,166.76733736262668,12.49996927242907,0.07495454127955858,2.590873465481105,0.04419127344910223,0.9577258087789756,0.07837891452507188,17.932619893195994,0.04227419122102438,166.20711345652518,0.07495047088427506,0.04434022620637234,17.721982885772153,0.011885634287173827
471.0,0.11517863128959945,1.3823727518407671,142.00334064198464,0.5975607940430337,0.9251347905014948,0.983786656355315,1.3048727827866633,0.676975342069023,0.65151147136704,1.3995049485022857,1.4706246062811148,1.8634797893836288,0.3863140465358615,0.592473113748964,47.10098904587663,276.5572864382922,0.17031187155644226,low,0.7794139886514941,0.06780224497603475,11.334784367230789,0.22058601134850586,166.89724566549464,14.25311597977219,0.08540054644364312,2.4604027795705767,0.28221549647547345,0.7800392005716192,0.07110779220950277,11.558858002555663,0.21996079942838076,166.25744847712437,0.08539434415742488,0.28330152710335466,11.327329940324544,0.02043977384351579
472.0,0.15585989985254145,0.40086528230605156,162.57047568530385,0.8394959297757263,1.4298827584264029,0.8293206155037796,1.1675837239704883,1.513153802031486,0.7384926491739275,1.7982226036770956,0.030162405026335007,0.6493040106508355,1.941502292730137,0.2387534714184594,8.539284108115137,289.39307655641954,0.029507561859208244,low,0.9514212143634404,0.101476992945027,18.0385177311714,0.048578785636559596,166.03646317628397,16.6774206046369,0.10044432581613218,2.2981516769609596,0.051430173497786565,0.9513732599171898,0.10897670781611571,18.394839684081557,0.048626740082810205,165.42660625891267,0.10043512870402686,0.05161977448023157,17.845275915762475,0.030796036492417606
473.0,0.12482919170072058,0.6340626331476928,114.65513658167717,0.5812966086330155,1.1419931153503475,0.8908812311238559,1.0505648582084826,1.5833931806157466,0.699370842595032,0.29543967892785905,0.27826140544633476,1.8940551102027878,0.33641273275057665,1.0585609437864087,14.85058242258845,303.04145095137847,0.04900511918737861,low,0.9185322521638558,0.09429311094658811,19.39430402339984,0.08146774783614419,166.3545401618728,15.68587992099939,0.0942918654683912,2.361360355328733,0.0892706770018898,0.9188295254187293,0.09813271984236459,19.988202981544127,0.08117047458127069,165.9928164729971,0.09428766070944783,0.08946521143584711,19.405189391911353,0.030044210229444653
474.0,0.11767553502843428,1.3648338153464756,105.0122120746972,0.7155512706508368,0.7998341186182429,0.8021375499462494,0.9597306493097475,1.377147386648006,0.5765894853923775,0.15971369799693433,1.9170002031999953,0.8492800045205041,0.14894180781213845,0.49429936046934747,32.94559423358776,315.935804524211,0.10427939398385933,low,0.8366627221028704,0.09240040757092793,19.263727648593388,0.1633372778971296,168.02987742519275,17.589476201650452,0.10468064650872178,2.2568410252911,0.19606985816111905,0.8443967268029344,0.09676653836725212,20.949450939693143,0.15560327319706557,167.85173775477767,0.10467801197369675,0.19627794549091593,20.276154603094827,0.033206313020297654
475.0,0.09017212857450632,1.2111438965348484,165.05546085049372,0.9275408258683802,0.8048489443033939,1.019922265372944,1.6786049962072416,1.5424362616456366,0.6883572512071958,1.161383982842468,0.8482460613927275,0.6083728256366291,0.8085438479477888,1.2925220011859682,78.25842920114111,252.19043702283955,0.3103148165529118,intermediate,0.6802373325641048,0.05809182403934271,23.72276632679926,0.3197626674358952,167.5982642150188,13.726742970534351,0.08190265594232969,2.50222385956065,0.46694057105949577,0.6870315886723393,0.06196591484203614,25.57663317315325,0.31296841132766073,167.17915863844846,0.08189850499494183,0.4681111559508888,24.511116999744566,0.04347073099197353
476.0,0.12477453969000335,0.5962545054618844,125.64430146877046,0.6214125598559952,1.2577090166321325,0.8777016860823069,0.6417847590227596,1.6204960493036071,0.300140811355022,0.11433599528143527,1.8822929650738542,0.21835287933840666,1.5814784491939238,0.3707281682746178,15.31696233636064,389.63180827177837,0.039311375537586145,low,0.9160555641157944,0.1041976731229491,19.635452070813756,0.08394443588420564,165.3177176415215,15.93959401081152,0.09641794139316197,2.339062980645756,0.09265166828382104,0.922153732492455,0.10767113075562426,21.216674237564487,0.07784626750754498,165.18828306762487,0.09641666071645544,0.09272426622468237,20.81133380307286,0.019476908031323664
477.0,0.12568385118471045,0.4390147284106011,138.40451482065453,0.8286875616067542,1.1284525842159931,0.9993310297762072,0.7453875002349247,0.9062322763100178,0.4999320175951737,0.10306631664507261,0.7253212776384893,1.701347224801853,1.4685180124384203,1.4784748644510266,12.243920905906634,358.70900304739035,0.034133296911672564,low,0.9315691416497333,0.09005273981862211,12.228837506674049,0.06843085835026674,165.2642896953527,14.029405332810105,0.08489072478193468,2.466390440373377,0.07408691211196934,0.9316668993940108,0.0916859144365153,12.44582076002211,0.06833310060598918,164.93272512167786,0.08488833494128868,0.07423584917349649,12.243609061459868,0.016515693824197628
478.0,0.10402762802974144,0.500045763847125,145.91400350105147,0.8520109297898995,1.0141023508679248,1.1571761237972573,0.5732928128655866,1.0874594605295276,0.5407305364660612,1.8141665444672386,1.5225585889740236,1.2533851567285241,1.4284674869343668,1.5668025286843408,21.461469779982142,416.2417726991885,0.05156010565881386,low,0.8854606390109324,0.07962107621573956,14.708150513107837,0.11453936098906758,164.845635488902,12.155796336182657,0.07374048029922531,2.6072033727823074,0.13019131332371248,0.8869814282006178,0.08631109090830369,15.132227225532986,0.11301857179938224,164.1647315357385,0.0737375952904276,0.130731306165539,14.813242177030977,0.021533776649963837
479.0,0.12598179758976574,0.40743880616000605,130.05002344171325,0.8573540325040305,1.194467761636201,0.8171583189957782,0.9701018534810028,1.473607856109911,0.18636941533256624,1.5828057006707965,0.2525999599285769,1.0192522172569551,1.2511623125417788,1.6295175692373,10.626918528284634,314.31504861339664,0.033809766904783496,low,0.9405055794568763,0.10372133497122588,18.138338552855682,0.059494420543123705,166.6188715902546,17.08923744096408,0.10256483721117468,2.2772601222264557,0.06377980133257723,0.9405061131794501,0.10504246685265094,18.17080354740503,0.0594938868205499,166.0295358792731,0.10255638529310077,0.06400619306682818,18.035258960353524,0.00751553317584571
480.0,0.10316491388605073,0.45470751281350424,86.86797639176775,0.6169239337675757,1.2454058015349743,0.9927578159446578,1.363058884924468,1.5559586090454154,0.43655975492660526,1.275137595479944,1.1152050648652503,0.020755466152200214,0.35357095415630985,0.5490071306692533,11.81348194171899,271.86073586352126,0.043454167458921174,low,0.9337436585356061,0.08482745229219486,18.57722354719387,0.06625634146439385,165.6676182394837,13.979206742675633,0.08438104495754714,2.4724124884144483,0.0713083345270396,0.9360072576666955,0.08971678504468998,19.395705077279,0.06399274233330454,165.33586564539902,0.08437780109016486,0.07145141736552026,18.97939384881644,0.02193490644531424
481.0,0.11409002132957649,0.9075094826831223,168.907376904402,0.6673233253126677,1.04472301205957,1.183228477778053,0.9978356802850297,1.3220366101197254,0.08397574584635216,0.3561286898472793,1.2753354990102521,0.36735563263213183,0.4046192399268829,1.602220513404932,37.48474785473342,310.233717356799,0.12082744639784691,low,0.8147437878778415,0.06844282619548413,18.141314075008374,0.18525621212215848,165.0297665900778,11.84377440578098,0.07176750382977923,2.6343234982790493,0.22713931328426873,0.8184131260552284,0.06908607278538825,18.657747985614254,0.18158687394477158,164.8692559785671,0.07176669537380884,0.2273604477211107,18.583690991396555,0.003985053036664468
482.0,0.10424678781960486,0.6479872615596642,120.42268625922267,0.7145955901402194,0.9723960717882667,0.8465411418259248,0.6409053812893559,0.5237568734158603,0.019335667119407828,1.9340997236626976,1.0055922807886997,1.869921677437727,1.3651198824368638,1.4855025558732977,22.85596397094705,389.9612803373694,0.05861085477812963,low,0.8801928599450979,0.0952926441355036,8.254140752161208,0.11980714005490212,166.51634208558895,16.659767562392105,0.10004884417788273,2.302096770464075,0.13725958476315286,0.8798646633471011,0.09790571139203787,8.177185770606838,0.12013533665289888,165.7105389073101,0.10004005665745705,0.13792703905049455,8.17305379118835,0.0005055612655998263
483.0,0.14126870798576657,0.5756258294495947,155.508752659822,0.7181807272575902,0.720005228160856,0.9492411291613373,1.5235014711571566,0.9523678103033333,0.44196906121177754,0.19495604798756813,0.8331259905515841,0.05598232461406386,0.15227410279071193,1.1202888219216631,14.277536927961082,260.861284462233,0.05473229558535029,low,0.9218197300352847,0.07886651206660904,13.37240386174473,0.07818026996471528,168.15477890549536,14.798535970241852,0.08800544395207927,2.430356603325563,0.08490711367760292,0.9223535458643564,0.0820119657253467,13.664746878584703,0.07764645413564364,168.08725152706324,0.08800467208287087,0.08494122426448442,13.471975883775855,0.014309036511934374
484.0,0.10510726422489032,1.0408033156066727,91.61858353953268,0.6577831496776575,1.3622244398419827,1.065152826944474,0.832180583421524,0.753821505786487,0.12939091145429524,1.7433355953175325,1.1900650734349556,0.6155912103630763,0.14725218439052687,1.6139836935498975,27.474949510013722,338.70493981478376,0.08111765221091263,low,0.8569413578688966,0.07925654174075461,10.874686201528462,0.14305864213110342,164.02848297969334,13.046054425308082,0.07953529892075621,2.531554344283985,0.16750108890182877,0.8574873475233366,0.08317607925164801,10.903576716248365,0.14251265247666345,163.51680354616943,0.0795320346676487,0.16802523602570354,10.856481952377234,0.004337939682276072
485.0,0.12107960206449363,0.5759925026686781,178.21845605036205,0.7213613415505806,0.8302343596752697,1.0800101474761958,1.1851258422820279,1.177120315061588,0.7082772697006381,0.19642351586265858,0.3542120886646756,0.33613897732003206,1.7371056481461027,1.0087111943806464,22.28833695927161,287.62581122737305,0.07749074001447076,low,0.8822597485192502,0.07429639583703156,16.091163746223764,0.11774025148074985,166.5732939806869,13.04477413962386,0.07831251833884198,2.5470478121507205,0.1338049841402296,0.8828061838603104,0.07930156641841997,16.551015295451922,0.1171938161396896,166.400637599015,0.07831130148030631,0.13394381945206887,16.127873599632416,0.026236669899815584
486.0,0.12967241760179848,1.057686734084912,134.68770462162882,0.9961916256006225,0.8422603462297712,0.9720744027087616,1.3151179131650887,0.5971763434476293,0.16066827738075487,0.588507357451081,0.5564064909016763,1.1421768896570874,1.4915393277594748,0.2864828152546358,26.9674523789474,275.71042318776426,0.09781078302064056,low,0.8612363415676404,0.07419620533025811,9.424213319343163,0.1387636584323596,167.28428297717437,14.45462201512519,0.08640753188449567,2.4486804323825404,0.16120732862050802,0.861051653508264,0.07439382321656583,9.435673240386237,0.13894834649173604,166.904566832543,0.08640373000886128,0.16157408326642203,9.394576001390224,0.0043745709215542335
487.0,0.11008614709426962,0.44326037436053334,94.70181872015279,0.8715407373556439,1.3365937425806511,0.8095690707578995,1.1527966375255234,0.6562737738725806,0.1996163271054016,0.1474678805753956,0.8850878178062835,1.8568444630958503,0.8990368524366027,0.4817788382419714,11.025594389265995,290.96919199642963,0.03789265218635685,low,0.9382561354727309,0.09750592356052144,9.280020670579578,0.0617438645272691,166.55076272458712,17.131248393918284,0.10285902095955567,2.2743959568650354,0.06619960310538008,0.9383195418059052,0.0966132685524486,9.331108876534495,0.061680458194094845,166.20659781556571,0.10285353838798689,0.06633668298475587,9.278180211568523,0.0057046385992780635
488.0,0.13077976081333195,0.9564248590784938,179.79042019913229,0.908068663828191,1.348452260957718,0.81913258353741,0.6125614979739356,1.2684947051407296,0.4578698496668656,0.26312478424387736,0.988785606823016,1.1642277751818817,0.26203393255903445,1.4415605198431798,32.00268765918742,400.24118817732557,0.07995850653183835,low,0.8389342130529518,0.10072672122832345,17.438934701992537,0.1610657869470482,165.3404093879587,17.047128347119223,0.1031032184462507,2.2720246717029955,0.19355635913599048,0.8412778251629331,0.10417378517084615,18.03658044364645,0.15872217483706685,165.09686057376592,0.10310031982029269,0.19384189104485428,17.685967823269824,0.019824338926779997
489.0,0.1245418837645181,0.6099408057882714,93.77019161901778,0.7012875456573228,1.1469349083328941,1.168645808670909,1.7014153183024994,1.3510423160126899,0.71153467589269,0.15685556670026354,1.8480826379407873,0.5692953968515658,1.5398496016483314,0.058377972662051386,11.737396054210166,251.0243811027309,0.04675799220238561,low,0.9338523953794143,0.07149989415314184,16.514240269744665,0.06614760462058566,165.320051540375,11.868042337959361,0.07178828113939287,2.63403403157782,0.07099801835800675,0.9365017125622689,0.07562369117595796,17.60491389000391,0.06349828743773112,165.13140639918538,0.0717869711333801,0.07107912607391241,17.01448178621197,0.034701738860504636
490.0,0.11202537634531105,0.505591793394475,93.98338598465284,0.5182405929795103,0.7466969965433506,1.1273029097967147,0.7017254110021037,0.639476363747532,0.16800824992217622,1.0865165120093985,0.8244936452408297,0.9256385464039036,1.4955501239148186,1.3427450990966179,12.052257658577613,370.6633170786908,0.03251537744162299,low,0.93293968150964,0.07902533223345577,9.311873417595214,0.06706031849035998,166.1547416736274,12.575770141415392,0.07568709754981044,2.581147574943931,0.07253634495879442,0.9327937489309513,0.08144608384872212,9.322050415752576,0.06720625106904865,165.68604401616895,0.07568480889174038,0.07274153794994018,9.278496049452475,0.004694119183536412
491.0,0.10349945593883492,1.1266801263949344,86.48751278409561,0.5443750971257071,0.8953380922168832,0.8836186748485508,0.5155758425033468,1.389856210406698,0.4136606618125438,1.6235828212636474,1.110171103346059,0.5419000084190718,1.6071259536552438,1.5709160183220148,28.95529775228686,444.1439453683467,0.06519349876147258,low,0.852909990933327,0.09683323471734251,18.91367682266531,0.14709000906667302,166.33783439328116,16.007806900751806,0.0962367158328136,2.3409443326609276,0.17407523584698323,0.8559215791055457,0.10349580516534546,19.588462644502744,0.14407842089445433,165.78905272672282,0.09623184364142967,0.17465144577437883,19.222736694395337,0.019025696284652324
492.0,0.08908860235323782,1.1127875807500947,154.59992840128876,0.6500809931897993,1.1960060325974229,0.8450026477153157,0.8115168158159324,1.2861193423149149,0.5123999762958318,0.3258691434316795,0.5934999153686272,0.18213376880060808,0.5928682299307326,0.9982613340259427,68.9965530261146,343.088338802916,0.2011043373460415,low,0.7064721248258853,0.0799882959669298,20.128134003275914,0.2935278751741147,166.0791193339726,16.560026110284632,0.09971166861129402,2.305472571638052,0.4154438758033617,0.709462613809318,0.0849815072866252,20.897511375701644,0.29053738619068203,165.94624838944625,0.0997100652913899,0.4157765161655959,20.409379514589368,0.023917035829694937
493.0,0.12657592017420718,1.0878663610842478,111.78558878425501,0.5706923226566968,1.105838020740421,1.1518253662812308,0.6460180542173608,1.4984578734916616,0.009048458520688004,1.0922844903804942,1.6264864859499009,0.9784282105729223,0.5363050182743989,1.421243631510779,24.160688557198213,388.18623979256023,0.06223994073079265,low,0.8724852184443612,0.08007038231427434,18.89874173805123,0.12751478155563878,164.54161314983088,12.17145104415252,0.07397187137742019,2.6040703745619136,0.14683634185108904,0.8769729808342178,0.0799331823058132,19.55648926695489,0.12302701916578218,164.1123230550219,0.07396993490684974,0.14722044089947992,19.54706308072969,0.00048223030673567467
494.0,0.07525480172757118,0.40810300270233546,164.2386055613021,0.9088477921469766,1.1438577881931438,0.9891346862062875,0.5381557566837526,0.6610887854491538,0.7926260196884939,0.8234606360845098,1.9852833049687988,0.2862223192809085,1.3711718119354925,1.3692958814544205,37.672698932121065,432.49716231685585,0.08710507770805052,low,0.8147636293327526,0.08242670302764274,10.466772138542517,0.1852363706672474,164.9691493779418,14.188183633255324,0.0860050723832637,2.453349003267211,0.22836208511819078,0.8164389975468422,0.09253312300256834,10.810254880161068,0.18356100245315776,164.66645670757396,0.0860030895630533,0.22878186417178362,10.540504514983493,0.025591788779571325
495.0,0.1128446906603261,0.6556928445374357,125.70587485744927,0.7660628017248599,1.1435643696856195,1.0508943476759671,0.6355031413831346,1.7716490155520885,0.7943195461777657,1.0996645220711787,1.6515902620556933,0.738755056518544,0.07152975239641081,0.22985271462731993,20.603636812060742,391.8412960005489,0.05258158602056043,low,0.8895948003246441,0.08891716627997329,21.179900229395482,0.11040519967535589,164.8078501292422,13.338826160917682,0.08093562382166497,2.5141012079386997,0.1250161129818961,0.8999370762533306,0.09881844026808387,23.949399310882484,0.10006292374666936,164.42958650523275,0.08093341016525679,0.12530370750160014,22.469623502586003,0.06585672466324034
496.0,0.11850445913004935,1.006546946206856,130.71407683777448,0.8374165791946395,1.447907802982535,1.001947760256997,0.907972236087971,1.7626803356923426,0.30601027117462215,0.7760815208180185,1.432238474685563,1.328061506345503,0.42130117769756237,1.2977563860505423,29.82202555562956,324.37111046148397,0.09193798274205633,low,0.8467956921445857,0.08538943112487055,21.425664772977942,0.15320430785541428,164.14090438869496,13.83140974804648,0.0842654656958202,2.4737831575065554,0.18168551992993354,0.8547244892224743,0.08665151257856815,22.900973636251535,0.14527551077752565,163.74802433914246,0.08426235277413312,0.18212143734854747,22.43301244046563,0.020860381414569862
497.0,0.11805054024414942,1.3291957704958444,171.27770542543192,0.8288089930555766,1.2549408733030953,0.9321666438678651,1.0324550594716029,1.6731637724180464,0.7899674965531573,0.12137754381086484,1.2519706272416296,0.29479524292630677,0.73432454122829,0.20736353149001843,52.00007335983046,305.4180467170552,0.17025867959925847,low,0.7608450875591001,0.0784247075882632,22.70791443594969,0.23915491244089992,165.5963321719724,14.945760295869253,0.09025417471413572,2.4051254256186385,0.3140170599058208,0.7732696914349986,0.08567801804144863,25.428216518390244,0.22673030856500143,165.49049036233217,0.09025309673713301,0.314217894006956,23.96458680727648,0.06107469003677358
498.0,0.11990324444104407,1.2649931406307675,86.01194433840668,0.7102734107863613,1.1412080254313286,0.9765518574881629,0.6941004259948994,0.6961808065101622,0.5986889686195461,0.4355548545894614,1.157501117473765,1.8510106001436706,0.8214532083787284,0.9904202590512927,24.089910892520013,372.8671272027058,0.06460722636839947,low,0.8735677462163858,0.08614765601571098,10.33644219372811,0.12643225378361422,165.26257670645555,14.358971197351062,0.08688580006141322,2.443160665570253,0.14576748936517703,0.8738425464203496,0.08909426033427656,10.534005481518193,0.12615745357965036,164.85500344549467,0.08688274791836134,0.14612787230619154,10.34411961073061,0.018356890478200015
499.0,0.14500733902439114,0.7057679538113797,127.18781172006803,0.7094662680546238,1.2998461034477722,0.9562211167133606,0.7530495082319124,0.617404967446448,0.22317917554543254,0.028079038987257592,0.16125917136945175,1.7361393577599553,1.4333535809025928,1.408771117398094,13.588690006571928,356.74559899722556,0.03809070117408122,low,0.9245352405103701,0.09205080408891785,8.753522819344258,0.07546475948962994,164.83858952387519,14.58895395069554,0.08850448182573462,2.4247020861518247,0.08243633997246588,0.9242917830218726,0.09058657391987783,8.78017148958412,0.07570821697812735,164.52597438549742,0.08850189421093972,0.08259297692857026,8.72483117850753,0.006342851792125571
500.0,0.13234182969920197,0.8442994642541947,133.67503901411106,0.5080303377841348,0.8772564248053016,0.9562593927442575,1.078935545224722,0.5574890255940197,0.02303256183740684,1.307353764109674,1.9684597514065365,1.0963591288979266,0.9621642374477849,1.95079046480895,20.51174888874418,299.4856053575847,0.06848993247689894,low,0.8909410792683035,0.0805145127034175,8.607990028779426,0.10905892073169654,166.91535819584203,14.721886336364644,0.08819971089234002,2.4281515938393894,0.12288712740668066,0.8911810130280281,0.08182995090248789,8.615615384446052,0.1088189869719719,166.38325901566378,0.0881946283006462,0.12328012451549075,8.610153359827983,0.0006343701894501583
501.0,0.10936465978448784,0.8898692283149454,109.98705281467997,0.5101480505919116,0.9744760173035942,0.915901480948455,0.80710265982925,1.0918820714403645,0.49657913627878814,0.34770398599410535,0.44648835574222995,0.13837041706640374,0.7165987755620091,0.43915499252669177,26.04736937947531,344.06828489096426,0.07570406957947245,low,0.8653022387855831,0.0884196154452624,15.431784766319193,0.1346977612144169,166.38715114834332,15.372512335552026,0.0923900206804225,2.3817363074611873,0.15654675976904397,0.8659841068720345,0.09344257046977576,15.762646037648251,0.13401589312796547,166.2497942733552,0.09238871682820192,0.15667609992134537,15.48297005217099,0.01806345840202966
502.0,0.09185350758755066,1.0996011953446923,154.73620303373428,0.897308777111735,1.0846461616189007,0.9901648783464163,1.3445912264235889,1.2747118146500183,0.7002965944748287,0.7212334639902074,1.769881023784971,1.1942468980393544,0.17386708726299005,0.6142210165874316,64.19271965910792,273.3118343849407,0.23486988700495473,low,0.7202871073394708,0.06568381638085728,19.589490417132822,0.27971289266052923,166.30533348811153,14.088579079695759,0.08471513681611959,2.4684609823569095,0.38599315074700713,0.7291803821120426,0.06911606309386205,21.37535449951994,0.2708196178879574,165.94213385108526,0.08471160965203871,0.386837978814433,20.497996318450355,0.04280214355780084
503.0,0.10116010963174588,1.2731417337069781,103.08378034826104,0.5479165224327698,1.3638121572800224,1.1343510668767152,1.1837031015894348,1.692463677642778,0.40539956318676906,0.12424891974491885,0.12676815609169878,0.33495554062372307,1.9999541461533321,1.4757819874048774,40.82240961064389,287.73184360889366,0.14187657889591365,low,0.8001842741538828,0.07053999610394207,21.473228623149716,0.19981572584611718,163.9912833520696,12.202890090021405,0.07441182141262512,2.598140459810124,0.24893036249373737,0.8008861534123679,0.07323428849471815,21.92543973632889,0.1991138465876321,163.83249142443492,0.07441082121708767,0.24917163412284768,21.497951026257887,0.01988509088837642
504.0,0.11382479397839823,1.3729520641494068,122.90362817064457,0.8954913273811285,0.711487240619662,0.8458461220920637,1.5382191530000329,1.4562056494346753,0.2882736274512058,1.1312197517461509,1.3751819220730965,1.5382030113587726,0.7312363215078705,1.0001515757685286,41.45686520636035,259.9646948872994,0.15947113597226284,low,0.8025996287009272,0.0773422536407428,20.694584972947467,0.19740037129907284,169.03973771212048,16.56012078259576,0.09796584523100789,2.3231363791090356,0.24524922818421893,0.8078968693500248,0.07769943521767372,21.73259803927685,0.1921031306499752,168.48493339520564,0.09795709016058567,0.24605680977489724,21.406668154487726,0.015225624204427976
505.0,0.09611904624640401,0.5993751188117574,174.50859306242012,0.7644840368115029,1.4538260062128956,1.104865132484768,0.8438879152140331,1.9935793541302618,0.7875326683090886,0.08122564134342755,0.3950646446430031,0.1726942122753179,0.04278982946009032,1.9893981503794824,36.03684397235971,336.3167176859456,0.10715150950661664,low,0.8194918669321121,0.07926417591609068,23.565553706879772,0.18050813306788793,163.3826264774686,12.527935850046559,0.07667850688992463,2.568133832956655,0.22056717258936587,0.8238798609224042,0.0891423016113428,25.07619830823473,0.17612013907759583,163.33524765516506,0.07667823236906375,0.22063115273465675,23.932270428791508,0.04779855228725101
506.0,0.10196594856447122,0.7170807411462873,170.01181600698152,0.9542437489746498,0.700115409448163,1.0330993457137905,0.8127592248441773,0.5489374053115417,0.6975059631760521,0.9625344034001531,0.3439816444730501,0.41872955888497004,0.021340272243038236,1.2022955239281476,37.323895507465316,342.8579751698064,0.10886109762790265,low,0.8176881516711425,0.07238101834979915,9.238748166952595,0.1823118483288575,166.78978113702703,13.731730849234774,0.08232956932747217,2.4970249487376868,0.22377807113255743,0.8178993821671616,0.07951135647353624,9.373851190090855,0.18210061783283837,166.48608807569641,0.08232754211082272,0.22418627249200077,9.20134146765072,0.018748323062091624
507.0,0.12222611571665021,1.2402617417166022,101.70493461160845,0.9588073357681886,1.182975256925709,0.8255537329650392,0.5521271211356372,0.752809478405649,0.29852907869305606,0.009189138241692325,1.7479363078701369,1.79590939861654,1.5643548690166542,0.8718852570538519,26.876795002765697,425.77758233263614,0.06312402558988736,low,0.8616400201004016,0.10005804934438164,11.34141757526297,0.13835997989959836,165.75835881905394,17.000858397980206,0.10256410909894911,2.277267221295004,0.1621444323788527,0.862296216526017,0.09914449162239901,11.538014485856555,0.13770378347398304,165.42900608791243,0.10256043525588314,0.16246724584975628,11.430976603727647,0.009363844038837726
508.0,0.1247600105836131,0.7945378857114614,88.58088253548182,0.8020785084874751,0.929511987733566,0.9917415363052811,1.1708076228938975,0.5700678779836689,0.42136314380756335,1.8569903091156348,1.4803417389298925,1.0509926510517391,0.8976915179893624,0.09474529892917628,14.393086475221208,289.09265808988954,0.049787104834554015,low,0.9208741644435485,0.08020426948119168,8.4516073779453,0.07912583555645147,166.6483938939076,14.161726001997787,0.08497967289749869,2.465343193473288,0.08636798794703175,0.9208882824549169,0.08497786626810468,8.511006141995903,0.07911171754508306,165.99461712734015,0.08497379692568323,0.08670815189253867,8.411842846332778,0.011788534031678463
509.0,0.1407836593559281,1.3437373487714588,80.2175494083248,0.7308906723502183,1.2806833522136647,1.1620615611612783,1.2068519988382207,0.6568330170875997,0.5368373027966563,0.1261547309337724,1.2432466381099714,1.8856967711373034,1.3023914737269162,1.9849902004621616,17.311289017259956,285.42312362012694,0.060651319338442096,low,0.9049067862124409,0.07315796277732406,9.171931820401594,0.09509321378755908,164.24856940001254,11.941937029979917,0.07270649037372379,2.6213246223102926,0.10539689374767018,0.9051446155800924,0.07431224552294412,9.33551182598362,0.0948553844199076,163.89504802006425,0.07270439708966941,0.10562423469402615,9.182116688879916,0.016705857952064
510.0,0.13398462321941407,1.2496517865711376,103.69611233585273,0.646640334543696,1.2601260190048742,1.0981216767820703,1.3332559201452823,0.63129079492331,0.1167143353263464,1.3528100648495032,0.6315975890325193,1.673489909524532,1.3147324107323612,1.662398378945504,22.97691394562555,274.20242755428796,0.08379544320801634,low,0.8776873970521937,0.07215394665327195,9.195648782380877,0.12231260294780633,164.85717188619822,12.635845810715315,0.076647231455832,2.5685417936143224,0.13937467010223029,0.8773197137669375,0.07279619231120397,9.160902665610745,0.12268028623306249,164.2375929591108,0.07664269823838968,0.1399004547719228,9.12848206515001,0.0035515872441167686
511.0,0.1252085376294154,0.45856483271249504,95.36147796025466,0.8102323355015566,1.0461601185175518,0.8848488288580127,0.5227627793992488,1.911430943984525,0.4936305345335827,0.8285684496805583,0.31523370977555093,1.2079975791534021,0.009292174387827068,1.2856320409987017,8.87883447895341,440.32123847335987,0.020164447460534186,low,0.949840434699473,0.11018451127963795,21.825000554106445,0.05015956530052701,165.82781503122476,15.919487639843673,0.09600010490909558,2.343405994711819,0.05354249211618423,0.9503841558599296,0.11593320112386442,22.415400743671007,0.049615844140070364,165.4498426466715,0.09599673284349954,0.05366481065753998,21.90796963070122,0.023161941591277675
512.0,0.12303029299388545,0.634880838018211,109.12965152654883,0.6574110769541702,0.8211819074923408,1.1573173422921217,1.6860354139554052,0.5817774823914279,0.10073300326633135,0.6234618446165314,1.0980587632917598,1.4781381175932156,1.1955805349344826,0.3842301493373501,14.570048538220878,251.8141585776707,0.05786032294815077,low,0.91973669414279,0.06627902467932421,8.580022869804894,0.08026330585720998,166.77200634774738,12.113944630031362,0.07263775795064652,2.6222704103823102,0.08736507317564975,0.9195970354738503,0.06604718958153573,8.591152406056617,0.0804029645261497,166.34667329351728,0.07263478360272435,0.08758845758527524,8.567354437636558,0.0027777499569194815
513.0,0.12072174614095262,1.0848032550072304,156.64232125853852,0.8610908893347653,0.8246576043985167,0.9669094628518831,1.5179886720561933,0.8478953908919346,0.005910465293972568,1.907225721938568,1.7618516737394272,0.3330117021044476,0.8114682438876017,1.8534537075214075,37.114122781332654,261.1942463162057,0.14209395231624566,low,0.8183738928961974,0.06982677226919987,13.258259844602764,0.18162610710380256,167.66636764991705,14.493993933913783,0.08644544601918534,2.4482417458668957,0.22135699187344457,0.8199976662387454,0.07111856229314427,13.36006100576976,0.18000233376125463,167.09820250742763,0.08643924055050721,0.2221096470483152,13.357412855133331,0.00019825325945590775
514.0,0.1375276385553105,0.6743805384723033,119.31144682709771,0.6154540766706396,1.458158904982967,1.1904235997462052,1.6342713740907346,0.704612975145882,0.6478903770270074,1.794903014608497,1.712049896743079,1.3106655596265095,1.4726457296994246,0.6997449655579908,13.541204486099177,254.45169756085065,0.05321719059414362,low,0.923756723118461,0.07075000093690166,9.352171056029674,0.07624327688153898,163.58325736739127,11.5261816628666,0.07046064400698401,2.652700966074142,0.08277867004253998,0.9240974645118457,0.07506474071932641,9.530692116027966,0.07590253548815429,162.9131028161767,0.07045622001792809,0.08311918594650072,9.326886499062132,0.02185140957663929
515.0,0.14206611522581086,1.2328724626685665,134.8879988789567,0.9295045811343323,1.362619221017007,1.0232431365968289,0.5492824369571566,0.5211844276954756,0.46432185410446547,0.08910161533890726,1.9431912232513413,1.1463020125932977,1.6580447301214016,0.5271063823846619,26.22772259498482,427.1011096383661,0.06140869691767433,low,0.862826226503024,0.08564541248418525,7.868540858369653,0.13717377349697601,163.9145668630105,13.613709415689055,0.08305368873692927,2.488268028052123,0.1600084915997997,0.863290820759363,0.08730125775664238,8.007612932163857,0.13670917924063697,163.6600215330714,0.08305215004225254,0.16025735759594098,7.900382695279623,0.013572790207783614
516.0,0.12411217841869415,1.0003568102245806,107.78777603654866,0.8680940372920714,0.8078764610960016,0.8507451267849554,0.7097487312777038,0.5919240731109242,0.67047213059038,1.642755781319045,1.2066557920604368,0.9386464167480711,1.1171543339983687,1.0701086523832906,22.28156928556408,368.35721873062215,0.060489025740685924,low,0.8831198457567784,0.09321850500510925,9.281005824800813,0.11688015424322162,167.16111257484275,16.63775862834498,0.0995312747807645,2.307283364800917,0.1332939757480257,0.8833253129373069,0.10221776873279198,9.409166261130828,0.11667468706269313,166.56478572021058,0.09952465607856067,0.13377118812491284,9.238899453614863,0.018429338729229864
517.0,0.1285085390465525,0.7455167899829528,113.77152337105906,0.6568744594742487,0.8524306456322525,0.9033080170222851,0.9788090498086666,1.4880440214668287,0.26629117958116283,1.669207920911261,0.2328979148481215,0.4717345434521707,0.42740947056309947,1.669158410196789,16.34847157869088,313.03077294923656,0.05222640389206103,low,0.9113386727192888,0.09193384832685238,18.9758476087869,0.08866132728071119,167.1677416600792,15.608921426453097,0.09337280788414583,2.3711551122797436,0.09779680826181195,0.9115325185728728,0.09543644372738358,19.09552256546313,0.08846748142712724,166.6637016525152,0.09336740476575757,0.09809257454737541,18.894706391132097,0.010628171201712042
518.0,0.11005171242692569,0.5876744100716358,176.57395866230866,0.6176739686906533,1.3664515233262728,0.8679643170044867,1.6748632841354147,0.6001302848742234,0.44736373529888324,0.6629240395516167,0.5216516497503609,1.3951339198001413,0.7043297293866448,1.6757922687947724,27.272186097647708,252.33960006401844,0.10807731363103043,low,0.8590267813358817,0.07862456425589685,9.161982382752559,0.14097321866411827,166.7699198192543,15.82019150210017,0.09486237997383544,2.3553280695175216,0.16353180553906468,0.8589735587267509,0.0802889788380696,9.2471681919412,0.14102644127324915,166.37282098477732,0.09485615107288288,0.16392212343471077,9.127756028792955,0.01308231319631741
519.0,0.1477122951248838,1.0776477585220614,88.02223697794122,0.6748770949091057,1.4919131832350607,1.0667658702139202,1.9703915404887833,1.7469816466390953,0.6732904789990597,1.3035418583034104,0.2071479050636348,0.3664729342686757,0.43968790858320567,0.17423129331302323,13.838405944432838,239.53500810861757,0.05777195598130603,low,0.9226190299096678,0.07561105570094238,19.833613560121208,0.07738097009033218,164.7197321811549,12.788457244230777,0.07763767628134757,2.55570245052969,0.08401182882700223,0.9232387438456652,0.08064539754539189,20.45571166182318,0.07676125615433482,164.3368077297286,0.07763390052207242,0.08420758645374041,19.802952718222752,0.03296270777840908
520.0,0.14993281447560775,0.8320701935912371,109.51076892705265,0.9590489901430899,0.9813258730495451,0.8306492643165,1.5557731933615784,0.7660342831738097,0.5000410477794003,1.4568118576233422,0.8427164669863633,1.7370842964967714,1.3063273539899234,0.42959148427575894,12.902490077040039,258.89719748893083,0.04983634509057089,low,0.9288514387888889,0.08713674272916129,10.969684552487118,0.07114856121111113,168.34405572046217,16.733272737073396,0.09939924914758647,2.3086107191953578,0.07664357391071068,0.9286786477288826,0.08945058159927011,11.071171669294888,0.07132135227111736,167.66245065499353,0.09938778331257186,0.07695515618813224,10.90680863690039,0.015069764022302307
521.0,0.12512412753466867,0.4356248613885884,123.1370777351427,0.5458993263384534,1.4174333195314148,0.8312432241050349,1.8405651970214212,1.732359961862116,0.5168049383642829,1.6831674168392015,0.7159579899725951,0.132023708642883,1.6163632505263665,0.1829113510200802,10.906100686894469,244.65576577069527,0.0445773295084174,low,0.9387710372578476,0.09035024876780756,20.14952080924768,0.06122896274215239,167.29154482152833,16.41254834955955,0.09810745885017055,2.3216918821699934,0.06519218110233502,0.9404188855957683,0.09497146387033513,20.93292569147339,0.05958111440423175,166.78642104730153,0.09809816346068743,0.06538961996073672,20.39569648284311,0.02634032179691423
522.0,0.13739022186238514,1.0904477733834441,139.91596764751768,0.5672523508785023,1.3527630366129855,1.1949793787163103,0.5213529987024729,1.5906481366631606,0.22657886772960312,0.29756887586417263,0.07120784863516122,0.8629703209889213,1.6527722035265358,0.03020569960894587,25.728272565214155,441.03171429684926,0.05833655887135815,low,0.8642807247559005,0.08125106706569935,19.34341347075571,0.13571927524409955,163.07012348151886,11.62787206182171,0.07130596220551418,2.64077533366225,0.15777428762497994,0.8641460396470831,0.08199433298195853,19.485403420852318,0.13585396035291686,162.81405877219814,0.07130499178794827,0.15802242606832842,19.289553649511806,0.010153152058314683
523.0,0.10071491128517301,1.3494398482927492,164.35568349534805,0.5282978762463127,0.7375874938994808,1.1995868331802735,0.5103250774014515,0.7924230595189252,0.0789957053884049,0.4998745624794741,1.4149349504437003,1.3351312290912054,1.3586419588863177,0.27291830473053774,69.59865317994333,447.0091920356386,0.15569848320791232,low,0.7040671948349225,0.06054847298668214,14.040492895113895,0.2959328051650775,165.78506097733757,11.828291606588147,0.07134714995945896,2.6401978803636266,0.4198125740018113,0.7051826002491097,0.0598055724242703,14.212374171780278,0.2948173997508903,165.40761609731246,0.07134579154941427,0.42077054746377046,14.17363678608357,0.002733059008168047
524.0,0.1244940333662457,0.4049186813372588,143.52965137447273,0.8475250961904577,1.1737766794180102,1.1386096649824613,0.6781296791129838,0.9561091131973717,0.6019017964898474,1.6382671143312189,1.4526356196445753,1.4844912274640567,0.8194022219731635,1.8471475748743156,11.93610130693541,377.71085758551226,0.031601160165836965,low,0.9327712278550154,0.08360006200518375,12.512938248463605,0.06722877214498457,164.32874197785083,12.284114135880733,0.07475329019153848,2.5935620517397,0.0726355058967361,0.9334839258165202,0.09032740567114454,12.811438541748522,0.06651607418347982,163.68816874940944,0.07475022711101707,0.07291975588784558,12.535769444955768,0.021990600417725426
525.0,0.1346119943421763,1.1586319897036037,107.25621938335524,0.5408078179002891,0.767754633765144,0.8033423605221084,1.9282224079549952,0.7794782762199056,0.1463424880294361,0.6424523178557117,0.0022470660599960557,1.083707274059506,1.815240148474131,0.311800954851673,21.829842884136387,241.17487203236612,0.09051458263532024,low,0.885445941881494,0.07947694792148893,11.799238078381617,0.11455405811850605,170.02924766744624,17.212063526875948,0.10123001638247772,2.2903599615372734,0.12838875183893386,0.8850311718701214,0.07934583273221303,11.771667665602829,0.11496882812987863,169.62007748048237,0.10122182976422822,0.1286984607506047,11.72281110675126,0.00416764873260062
526.0,0.13447965544041784,1.2987132622465385,105.82950931749141,0.5471902456316674,1.0798915578276538,0.9423198885374595,0.7047638830302209,1.960175201983706,0.642404448217193,0.9358346625019881,1.6716883674393284,0.6298466147512413,0.800819234303332,0.8806535633410283,24.191177603565272,369.7585198759817,0.0654242601676334,low,0.8735176967751415,0.09403222399711562,23.336144420403382,0.12648230322485854,165.69492483802645,14.909477482800652,0.08998149760697421,2.408151211931509,0.14599830156061286,0.8922169176293755,0.10090270131777254,27.998167563356333,0.1077830823706245,165.33764037600042,0.0899785239111781,0.1463137949020636,25.759514029611573,0.08690589159296017
527.0,0.09441279364038277,0.9515692803521102,94.72899055657597,0.6458814693946506,0.9899256141334329,1.0179043743239273,0.8043087195717319,0.5294657984682399,0.3704401376611599,0.5657446245976125,0.5386968172503271,0.28905445975478455,1.6974932609554438,0.5191346840359059,32.18931635039468,344.6818485206146,0.0933884870600301,low,0.8379400164528878,0.07680705686842718,8.52708932752757,0.16205998354711215,165.78871179007226,13.823354920177515,0.08337934935932884,2.484354609878128,0.19415867342738005,0.8378531344975884,0.08006909781594537,8.59821364456103,0.16214686550241164,165.53606712857416,0.08337757746318061,0.1944550025185314,8.510225919558655,0.010339058661199173
528.0,0.12023449760445924,0.750549957890835,164.00069736597464,0.7139238602180655,0.907978549312586,1.103014734326681,1.7875612794550881,1.340204290743215,0.7591609975128715,0.6664455484144193,1.9077221856143913,0.5178383705861922,0.6076724480694499,0.6378020286508663,27.10299225064087,246.99507911379712,0.10973089969194814,low,0.8599850552710606,0.06668961970980274,17.96107005055367,0.14001494472893938,166.82353210756952,12.65117378042013,0.07583566671075233,2.579186559920504,0.16246504260061212,0.8659482856101651,0.07140152139135195,19.403249106592504,0.13405171438983488,166.55028994693987,0.07583340522342372,0.1627315825104563,18.651224234490506,0.040320402706398605
529.0,0.13018095930821416,1.04670703992026,167.97741728736275,0.6736140243001395,0.8085213760620826,0.9967776906321717,1.0854683556431426,1.0269359737702837,0.7450726014732124,0.2770018999671182,0.321144697491017,1.4501472656189114,1.244887790258683,0.1918756489392358,33.02411872123124,298.69383617035186,0.11056176834662512,low,0.8350575969505097,0.0752777563120263,15.209295971020303,0.16494240304949026,166.94148695404854,14.152425982663713,0.08477476893780896,2.4677573165676736,0.19781852506394224,0.8351931408294142,0.0789198549214249,15.584101432242461,0.1648068591705858,166.6065695065561,0.08477192819736065,0.19821618570648086,15.191659713745878,0.025832708597434532
530.0,0.13425756009835912,1.0240295412227463,149.29716181254398,0.7255935066113176,1.113106777416947,0.8235348309523964,1.1392339067425212,1.3714862558870304,0.76085515695742,1.6798069220913794,0.28372036525682076,1.943913510980284,0.5285975418875317,1.3305122247157937,26.99831522030409,292.4607125985973,0.0923143316598538,low,0.8612154002506291,0.09131369450808559,18.42401793117994,0.13878459974937085,167.17697286184435,16.951012877452108,0.10139562038523385,2.2887253802249545,0.16149541864605718,0.8614538285273355,0.09620811621269992,18.857260646561173,0.13854617147266446,166.45513889144883,0.10138477293872486,0.16219574475204773,18.28994979906983,0.031017627370425786
531.0,0.11981065567045943,1.3357257953641066,130.421674821912,0.8659608236543672,1.287395203942944,0.8572874951238558,0.564144953718522,1.1334524703026005,0.1086943709946876,0.631649199587914,1.2147960057581113,0.638331068106969,0.9850861392820679,1.5081206924460984,38.63014369234387,420.2574423518974,0.09192018938714568,low,0.8115643114422927,0.09450957620187514,16.395004253326295,0.18843568855770731,165.20173228702225,16.318297464057004,0.09877800455327863,2.314880324992118,0.23383619019943253,0.8137345408911395,0.09548458732348201,16.70525264761566,0.1862654591088605,164.9137018101306,0.09877508875047476,0.23424459743690526,16.631203570513517,0.004452418418678261
532.0,0.13180634197623323,0.8013653757883995,162.7870506028923,0.6889205796893092,1.0196284997659315,0.9915862441196811,1.7657075687107189,0.9092533224387215,0.7422860941758855,0.9169326538254676,0.8177814035858207,1.341650821775796,1.3096095383752595,0.17955894817140036,23.901653251006454,247.97610656826112,0.09638692042463767,low,0.8746002493368162,0.07184488940948061,13.052313561379911,0.12539975066318376,167.1070246677709,14.004119253760205,0.0838032948142192,2.4792829546749013,0.14303200777182076,0.8750711767707686,0.07517926918970486,13.376704669383919,0.12492882322923138,166.62516050626263,0.08379795369032039,0.14344564277318794,13.04663443450827,0.025299262927350442
533.0,0.1197414856432108,0.9692676570682738,83.94335973031578,0.9658011415734902,0.994536267396704,1.0967305312916267,0.5052687290561939,0.6131571566616709,0.13255967644061392,0.25269471942050364,1.5158029664530055,0.5782252414456664,0.18995478183929218,0.3968257511746343,18.063042823560302,449.78608986563654,0.040159185067186555,low,0.9020586873263743,0.0831502590776405,9.011145756426933,0.09794131267362571,165.07323795062314,12.844742407959663,0.077812385383764,2.553454665303935,0.10942441699098031,0.9025080068326579,0.08431670265346183,9.091051723543444,0.09749199316734214,164.91653284678154,0.0778116475194629,0.10952839301043318,9.05650573131258,0.003814494602639351
534.0,0.12774045602084028,0.9363225062058166,170.77403317821802,0.9308331424440757,0.9437009101674423,0.836105627075102,1.1628962377102794,1.5737471151657296,0.08686756002336721,0.8469166340169424,1.4873816248937937,1.1840919635115263,0.672472712919805,0.6751312393298822,31.19180454060143,289.9216756547298,0.10758700421471078,low,0.8434650226565097,0.08848149657490749,20.860685210642416,0.1565349773434903,167.6852621975353,16.76779809318141,0.09999565777837252,2.302628516153092,0.18601398913553355,0.8495769597789824,0.08784734187156774,21.887854897068127,0.1504230402210176,167.26634311104348,0.09998961461346408,0.1864798617609166,21.780869534515553,0.004911895844334301
535.0,0.11093154745488192,0.8066580662686708,103.86189650726553,0.9256079682968488,0.8755867592472478,0.9828745141141503,1.9412705362498348,1.037281374018776,0.6609900051968592,1.9128320401500722,1.6307927115070893,1.2855562415530082,1.7925301737789618,0.7851201755403961,21.671337424350448,240.6687991430135,0.09004631053763064,low,0.8853637627974897,0.07112089325655872,14.570572845324405,0.11463623720251026,167.94156324835245,14.137746099306401,0.0841825324586235,2.4747678322406723,0.12904094141545422,0.886857186246072,0.07435626887442831,15.040708695678779,0.11314281375392798,167.1892910384282,0.08417361000142295,0.12962156421471593,14.675799647350802,0.024864679070066793
536.0,0.11313775272649786,0.5317873864968901,100.64230646573246,0.9073588685123399,0.9308492981791685,0.9875520087812815,1.2252247219586014,0.7283030319696151,0.3223064840973594,1.3979606628900962,0.2787834545149706,1.3091280548913728,0.030403776793609883,0.5725916603249711,13.30925188625315,283.67359529926466,0.0469174858245527,low,0.9263844998002081,0.08095459475176467,10.41174889643686,0.0736155001997919,166.74315227716497,14.211488408077626,0.08522981732080312,2.46240393781755,0.07981888134230636,0.9262650163431249,0.08350679584479602,10.427978186874736,0.07373498365687514,166.203843151666,0.08522480562112486,0.08007788288089136,10.33116555657019,0.009370930102168138
537.0,0.1053277676517992,0.8886980364967437,119.41573286510356,0.6696982785915354,1.0497883650325788,1.102436423416323,1.9853598366455367,0.8185146736737057,0.5506133865627976,1.4881332154224378,1.48309231937006,1.0155213897729258,1.750258610827636,0.1590202621898648,30.44949797771333,239.0212878492817,0.12739241032335874,low,0.8447019737294245,0.06302122506720437,12.131570035551146,0.15529802627057554,166.4538417138378,12.563969207091485,0.07548019966214457,2.583884913252846,0.18293058101993914,0.8454922958530905,0.06556938431711491,12.383165251362495,0.1545077041469095,165.86192481432465,0.0754749606731791,0.1835834113935446,12.15405182974081,0.018850785304456854
538.0,0.10870492853054844,1.2738984324734766,114.56484314570041,0.8687491768913633,1.1199314752933782,1.0419370122941962,0.5028877115770765,1.3797169906633724,0.202274861442695,0.024596632395850766,1.5635773544349325,1.4442281284784897,1.1212161952861617,1.6482082782696577,39.31314839240094,451.11273257455855,0.08714706004425044,low,0.8081175537192677,0.08262105263368959,18.960022599449253,0.19188244628073226,164.7795084398266,13.474447235222469,0.08177259031054217,2.503813173304092,0.23858032327337064,0.8130061122637748,0.08180482833062244,19.80346182255989,0.18699388773622516,164.51675366195118,0.08177114670525089,0.23896136726099979,19.60269871118788,0.010241605726329248
539.0,0.1027310106336606,1.094223625075272,155.09165078765102,0.9533512045495312,0.7697419572434507,1.1078297724446964,0.5873435131978646,0.6926523969279393,0.04134867703178143,0.4867460008023865,0.391954585519466,1.9004304627417739,1.4877153041115474,0.6408687988642878,51.18485909001655,410.302953667799,0.12474894131875608,low,0.7647431087227343,0.0683220004530412,11.782883217936593,0.23525689127726568,166.0030784681491,12.79684191003537,0.0770879795008783,2.5628079184681645,0.30833680653601464,0.7641082713670768,0.06641904990374746,11.748219979231097,0.23589172863292318,165.54398404194393,0.07708577964699641,0.3091919007884202,11.734044994466716,0.001208022022334597
540.0,0.1201559915664456,0.4496731974719097,101.51959019558322,0.7696548097237363,1.3689395008699627,1.158225014257763,0.6880043899382381,1.2559984982027663,0.4221281971868874,0.575627252616565,0.5611542440182659,0.5880183414695744,1.1857204651950568,0.2441794868542496,10.064822547630266,374.6717201527109,0.02686304304880012,low,0.94255921010663,0.08594254036456833,15.159423173893641,0.05744078989336998,163.33226747997392,11.988447321516043,0.073399136046317,2.611843113917084,0.061621764657521255,0.9429054545100681,0.08995011311465817,15.464410974221375,0.05709454548993187,163.0651608616243,0.0733979022475152,0.06172270333189802,15.202858510295812,0.01720416352940679
541.0,0.10640452917683932,1.1949859076561729,107.9584190196841,0.6997307575249843,0.9810252024965391,1.0205752206509329,1.1806779429626146,0.9261722235082832,0.7351838003368023,0.4151301352899994,1.292459733509366,1.9614038542218317,1.3611469374373748,1.1836444414250116,36.270137187748595,288.06892001995385,0.1259078458906162,low,0.8208686801629949,0.07223895719570125,13.953573870691919,0.17913131983700514,166.3007715643821,13.741056597859307,0.08262773809524726,2.493409842536403,0.21809963265087368,0.8221500550612565,0.07501843287050501,14.415201640778982,0.1778499449387435,165.85280111411322,0.08262400682003271,0.2186887224340174,14.044426082050032,0.026400192970706865
542.0,0.12027335205392896,0.46254487902789354,131.14739190919096,0.7640321817914028,1.4004900497678063,0.869279403376462,0.7365394256870921,0.8439446818372531,0.337346838349654,0.550330742450248,0.904810199042076,1.410984607677497,0.3350051219918402,1.0663172697515202,13.348265387814411,360.9891428045302,0.03697691649148097,low,0.9258980804741678,0.10087292685731503,11.494847956557225,0.07410191952583223,165.00794752899546,16.014003589712363,0.09704989262349535,2.332530075771693,0.08089468166658358,0.9261213249383395,0.10283636809413031,11.633432599926621,0.07387867506166046,164.658924272694,0.09704611851394959,0.08106615202774042,11.506228698563513,0.011055221019463051
543.0,0.14645564371979025,0.7789664060464792,123.95534274215622,0.7927792919044583,0.7481755267665092,0.9058355341007273,0.5039378943071418,0.9792672547440646,0.032837155976828666,1.583396861393296,1.6077760601751716,1.4087052216824667,0.874775945253928,0.06766461235196557,14.32919795247143,450.55579971650786,0.031803381426867526,low,0.921661493242115,0.0988565847801842,13.693802634909893,0.07833850675788501,166.69908965331845,15.67589150390483,0.09403705525030603,2.3640663695999384,0.08595846553374491,0.9223267239962529,0.09971555075304278,13.798470966670918,0.07767327600374707,166.0609215890855,0.09403184646454509,0.08628880181653302,13.783094095897654,0.00111563272123636
544.0,0.08105695964168774,0.4452378833736561,120.5375074562317,0.9338079646309034,1.2221089208684166,1.0275438773555223,1.2352941214718143,0.9010629704600398,0.5487188549137758,0.9498849757122807,1.9782226231816342,1.1127496929966438,0.8027478619842422,1.9824890052342339,26.00062716779256,282.70206629098567,0.09197183278112328,low,0.8643541344994112,0.07625017487449723,12.77738133653087,0.13564586550058877,165.35839869384827,13.538228942517533,0.08187203703866772,2.5025977745222527,0.15723801979923163,0.8661412857882491,0.07984114002181808,13.178755686494972,0.13385871421175088,164.92893285865946,0.0818684079090921,0.1576474589214406,12.91655065200307,0.020299926935310728
545.0,0.13387790619098783,0.8622686838830694,102.23461884777947,0.5814706319652094,1.4890472911370378,1.021834201418487,1.5143424827015546,0.8376637944380297,0.4299571223765175,1.761813216445127,1.2117438218714431,1.4894247093975277,1.5241959945458907,1.4368261837701113,15.655714758546635,261.37272338300147,0.059898043513919384,low,0.9133464899114114,0.07880668537559371,11.20618677550466,0.08665351008858857,164.58337243915187,13.44517051055795,0.08169215584356047,2.504797293432325,0.09512330757674023,0.9136288908183512,0.0814714685523555,11.333240491458549,0.08637110918164881,163.88691250215203,0.0816854194280156,0.09552754713309433,11.165437377477238,0.015028798989979634
546.0,0.0931783085110054,0.9204301719634096,92.7171043926033,0.8532041805907589,1.2775891625261002,1.1866551854095786,1.2453502795673235,1.5812232743019752,0.4618763352609741,0.9604415268994634,1.5920033759003036,0.844591961312565,1.9121283761298693,0.7103710281571297,31.287523519337338,281.7642471801172,0.11104149597566527,low,0.8397455799635074,0.06995825609804278,19.805933539340632,0.1602544200364926,164.16082890861105,11.688997524797768,0.07120454740944977,2.642198594493438,0.19059067700465387,0.8467764022479565,0.07277532930550672,21.168074335297966,0.15322359775204353,163.7300353032078,0.07120210268702865,0.19109214422018972,20.579097247336254,0.028620161559222396
547.0,0.15960046113940907,1.0360167457941603,144.9777832802864,0.6115939141833876,1.355014346298872,0.8797921439254115,1.5303988071418082,1.1762873454407743,0.1763255977563648,1.1902148890449198,1.1403090867173082,1.8540276479762559,1.1315482128781447,1.604702460686428,18.769386350058053,260.39264412057764,0.07208109281830051,low,0.8987366444650994,0.08548760214962788,15.487560549223657,0.10126335553490062,166.45077134091235,15.662219792183336,0.09409520704536191,2.3634481683813036,0.11276238733442674,0.8995778881351297,0.08516258692864091,15.68065927710343,0.10042211186487027,165.8409911016927,0.09408635910863451,0.11317700301579106,15.57251836597255,0.00694434314280072
548.0,0.08380098093498278,0.6372023003864942,91.08251689649461,0.8023544148508499,0.9865674474624662,0.9074316193075008,1.0563411283593724,0.7316646057608873,0.18034330115584982,0.3830072789892731,0.5181333231775054,1.9299514754074278,1.8073198508998745,0.24520813523773502,26.30657331458131,302.30941448595826,0.08701870353363807,low,0.8641987786607864,0.0831336192371991,11.12107617787491,0.13580122133921357,166.804597829978,15.467149344540365,0.09272615710692729,2.37810467677437,0.15770892203700101,0.8638650526634775,0.08201885970667057,11.14504843135946,0.13613494733652254,166.3515564847702,0.09272117110431041,0.1581384260566851,11.085183163711744,0.005400476181908269
549.0,0.14228072724386,1.3146337572334326,177.89653262436343,0.8920173777147613,1.3517451583167983,1.1175404331657277,0.7191065479396902,1.9172803220514107,0.0566064882098121,0.1426805619626854,0.04256569476256402,0.0713317058208955,0.2440884959032621,0.6218766733276212,36.773099587469574,365.69418203247244,0.10055697190228813,low,0.8168066487965742,0.07933645184183949,23.15172108435723,0.18319335120342584,163.65929707632054,12.4389476832871,0.07600513936880927,2.57695431770835,0.22469300702373718,0.8170263338408776,0.07997666291245716,23.231553534355367,0.18297366615912236,163.6050389230416,0.07600485725210292,0.22476752445728349,23.165606084757936,0.0028467828277897577
550.0,0.12187129839168682,1.104624219516976,176.1361698261544,0.664719733013705,1.1329932028836425,0.9608598716195116,0.6488431019351263,0.6734639408115015,0.1960224083273877,1.2560628635364346,0.9538414155867402,0.6192804592210641,0.5462417155576242,0.7345408789030955,41.69753294807737,387.22129684084445,0.10768398662022939,low,0.7991038029143511,0.08071527876894054,10.863943596990305,0.20089619708564888,165.31139783438607,14.60357921424443,0.0883398205178492,2.4265643045358884,0.25223628554548433,0.7994560586475823,0.0844777858428345,10.91323136339993,0.2005439413524177,164.89254264074776,0.08833662141497862,0.25287700874941327,10.84697090848976,0.006108659778769083
551.0,0.1433624034076854,0.6724130966095854,158.60480561906402,0.5050170911344822,1.313855070681736,0.8488850311504061,1.0123268399053313,0.5042036056747512,0.23821284155448424,1.804058572797372,0.8826409948391568,0.20656140501710418,0.503321779583971,0.0526889060526042,16.517034908581753,308.1645299243582,0.053598105247985584,low,0.9100231104854357,0.09318306681257726,7.5201211021538805,0.08997688951456428,165.99470483437952,16.387722696937335,0.09872437023390664,2.3154234508228653,0.09950338431012934,0.910101695900195,0.09909030632114654,7.523493076491541,0.08989830409980504,165.50255912368266,0.09871787879225269,0.09979927196315021,7.474364526754665,0.006572940021993746
552.0,0.09850836320294114,1.0965376185783615,167.15622237775133,0.8075171981072118,0.7809762471508207,1.1708690883388004,1.1086511034905457,0.8082699304769725,0.24291476021305095,0.26818130638642274,1.090718343201856,0.15990938829105775,0.7064530324988985,0.32868831446328683,60.124296058566784,295.94397347166495,0.203161075906563,low,0.733870808635248,0.05817554502398283,13.760813220706442,0.266129191364752,166.29607127031346,12.060725806502855,0.07252562080614762,2.6238153891195766,0.36154970829608496,0.7353419479898402,0.059645546338691596,14.005408428551226,0.2646580520101598,166.17315197963546,0.07252495749542802,0.361817148813155,13.891471498679982,0.00820193381831943
553.0,0.10754947960885762,0.9832287379653566,170.50688240936023,0.514573797497809,0.8533297097373631,0.8494650072878629,0.6151533941791613,0.5591549323597108,0.2072788166898567,0.797608513595374,1.8984471453577276,1.1001199683628284,1.543065457710883,1.6539815015300325,46.13494190169302,399.30130287103964,0.11553917197358354,low,0.7843974860113058,0.08516501294900643,9.758095527062867,0.21560251398869423,166.84167350699406,16.657959815976316,0.09984291973238932,2.304157130674144,0.27651929480172116,0.784967777590531,0.08697870295466865,9.849496716663381,0.21503222240946895,166.4127201465942,0.09983838912046382,0.2772320641177694,9.793134167211088,0.0057553127007086155
554.0,0.1325434332352849,0.5658055993556832,174.24357724043767,0.5122068072327216,1.469585986590673,0.9630598218979506,1.9890016122279712,1.7432304934564893,0.2073164456464022,1.1367275791505258,0.949544952728068,0.5609109281826603,0.85333831675231,0.9139115716090078,17.863136436831,238.85811875879872,0.0747855527358874,low,0.9025602295366192,0.07845558809750741,20.404758338047294,0.09743977046338081,165.81919422332024,14.150929306204706,0.0853395131515756,2.461117706047841,0.1077265905222858,0.9056436817911684,0.07972424077142662,21.091135157859537,0.09435631820883161,165.42406102991072,0.08533437743980547,0.1079839070907655,20.85650476287502,0.01124974666906623
555.0,0.13668217611592925,1.3115349731243802,143.2619036511024,0.7629961057891338,1.0334692781211197,0.9752497052149871,0.5190434440536605,1.5589618796312763,0.40905872469188287,0.0845504368063375,1.623108453361464,0.8250444824973421,0.4647002715566042,1.4677759422325618,32.013779678141056,442.28029120039906,0.07238346432135155,low,0.8389459251877874,0.0899107641132293,20.447632839928552,0.16105407481221257,165.42800685879791,14.44088082090105,0.08729405071794859,2.4384729660194573,0.19352091756425874,0.8467555895811718,0.09334837185204747,22.039767533323456,0.1532444104188282,165.2641505477527,0.0872929530092395,0.19371278993075236,21.494632399211635,0.025361454152238238
556.0,0.08492812847247676,0.8138776408427765,167.79386825680234,0.915110172208899,1.0551158081407712,1.009077045019424,1.0547887663147324,1.3177772855707166,0.24444819174775245,1.7409274134881743,0.30762086971236624,0.5953716722068928,1.2476875895885216,1.5733364887232646,60.267367735596075,302.50337364981704,0.19922874581016273,low,0.7330006130112638,0.06909270937871415,19.831340275501283,0.26699938698873615,165.91451216182702,13.885587829607054,0.08369121934351079,2.4806212132799508,0.36324349781297893,0.7334960683865727,0.07137997236308427,19.97914832744402,0.26650393161342734,165.34917455241003,0.08368659654398487,0.36448544662370475,19.768189201334934,0.010671646449784024
557.0,0.12843562874940645,0.4391197607172804,139.36501989337734,0.643949837283736,0.8879047810331159,0.8514858527332,1.281273372979146,0.5796515729883841,0.7413896931527985,0.48414649126612636,1.806631194476614,0.5667745009231838,0.5388097923869228,1.980412293541043,11.809074360133717,278.57641186746196,0.04239079066662725,low,0.9343747699485282,0.08857124107852281,8.62205446614385,0.0656252300514718,167.9580667738741,16.460312626246246,0.0980025130225341,2.3227621575532607,0.07030965875567352,0.934765578721832,0.09386915306660053,8.84054686186099,0.06523442127816803,167.72295938971817,0.09799915277900122,0.07040821604330481,8.664893348516319,0.02027186097734802
558.0,0.12265084576422501,1.3193018320709107,178.88725676106623,0.6858479729838228,1.284115578890293,1.0909017939982328,0.606517426002119,0.7452767025297918,0.6774989027307924,0.30793822011991445,1.201041458409683,0.7340442180013028,0.8768316712251267,0.5369637871850782,49.938167579509575,402.57028324338944,0.12404832064893752,low,0.7661823673765839,0.07260973134218003,11.879034897929609,0.23381763262341615,163.98047474980388,12.786128992264699,0.07797348441497905,2.551386453484105,0.3045372789394811,0.7676153004111906,0.07774594477044287,12.228831779113332,0.23238469958880936,163.76460562791485,0.0779723638401068,0.3049387099735869,11.946875769783219,0.023600815373275536
559.0,0.1273818712492673,0.7203672231373819,119.7097065051955,0.9910643525459581,1.024733417125272,0.9602165904315758,0.5753249779906113,1.1169432709188918,0.2258063140384605,0.13847641334310778,1.9385081156424013,1.6757691122195206,0.9124267257196501,0.5513476104309795,16.916798977621685,415.3607931188567,0.04072796291291002,low,0.9081629871178031,0.09417905190804944,14.994854460348101,0.09183701288219692,165.61203014809817,14.66720478974384,0.08856364345408801,2.4240338503475387,0.10214716263361953,0.9099073208920818,0.09349282527717952,15.44487774967175,0.09009267910791818,165.29384579381744,0.08856132869615653,0.10234379202915511,15.310655243013596,0.008766607602858923
560.0,0.13116860173650868,1.3411257054476553,110.69642677999884,0.8936024702257581,1.2968835718038203,0.8086016964998111,1.033487178742264,1.4978729771778923,0.2246785117888487,1.8645828342563615,1.5095476336158304,1.8156136175572204,1.5681221884321186,0.8998786404106628,27.465874950757147,305.27677387136714,0.08997040489667352,low,0.8588629993156587,0.09572202757002317,19.49891600608857,0.14113700068434132,166.46347985300903,17.204229040552946,0.10335137205917276,2.269620717091755,0.1649964002615476,0.8632968927461356,0.0957133944550871,20.26418933143815,0.13670310725386436,165.67723208144605,0.10333937548390526,0.16577941703694726,20.025793857195037,0.01190442066582345
561.0,0.114493615126744,1.3899622607695106,168.57154703004954,0.823993583472314,1.3647425909845132,1.1396155471354485,0.5409094702247984,0.9112474251722835,0.5797048517054262,1.9736536402864548,1.9020370059433178,1.6942539215514445,0.3816566111318655,1.4931248462218054,56.895100873930986,431.12592358729484,0.13196863784140042,low,0.7405973296826196,0.0703081002733616,14.195970975280158,0.2594026703173804,163.29903883757663,12.19906895601751,0.0747038625754017,2.5942234803434667,0.3484105067545498,0.7435707977113976,0.07702642435913377,14.671996048096984,0.25642920228860244,162.57733993505713,0.07470067044271386,0.3499571397628858,14.325145553814318,0.02421270296903275
562.0,0.11779785371906425,0.415449859971273,172.11032528832408,0.8829088777419722,1.399331279287139,0.8286762217634778,1.5151863323739363,0.5727540297800843,0.1872066554042985,1.4539768941675606,1.3794686400353957,0.11050517435026082,0.3413135140192216,1.54317587980933,16.40215510087398,261.32667961087606,0.06276494663804447,low,0.9105468600473766,0.08780650780984862,8.378688274893735,0.08945313995262338,166.8060115664783,16.595390880798856,0.09948916543805128,2.30770653081638,0.0983307192998684,0.9108882423069068,0.09078486574161866,8.415475313360579,0.08911175769309321,166.4133589832605,0.09948250273340964,0.09856273078727934,8.369967473780271,0.0054370389995977665
563.0,0.1371673894895448,1.0197787208698232,86.17415031245582,0.5431434116360068,0.7658029290870103,0.8986766513303104,0.9516735871307828,0.7816655199260203,0.10232518992153855,1.9474908931612596,1.1870431794695209,0.48719402522297717,1.9817463142589968,0.43405881539060004,14.867273675090436,317.198466347849,0.046870572377820253,low,0.9187881480538714,0.08926561766438669,11.387803382436376,0.08121185194612857,167.43897411983713,15.72962362180926,0.09394242711109464,2.3650731618946703,0.0887921928167682,0.9192061763239512,0.09216217089522251,11.389033828341027,0.08079382367604881,166.79382757423622,0.0939355110827705,0.0891356346413559,11.35487448129794,0.0030083421088756843
564.0,0.1256203471332375,0.4247885946307015,176.0104355984481,0.5483006555548385,1.0284973922488467,1.0478270036591146,0.8607524962116297,1.092989258243635,0.17068589385174873,0.10054645181673784,0.08460437613976858,1.4402971662779296,0.6389881238923052,1.0290144343617351,15.081391511233306,333.03320230062604,0.04528494878903837,low,0.9170289977637437,0.08400309010388239,14.50691467930066,0.08297100223625631,165.56662529832948,13.405328964292513,0.08096637193720568,2.5137213717820632,0.09108956279116401,0.9168374482695489,0.08332205911659119,14.551942412065998,0.08316255173045106,165.30763852011495,0.08096464684352798,0.09123227242398825,14.467147702615293,0.005861190553503242
565.0,0.11494258548412825,0.7967489694942153,164.40052234572858,0.8090290237224209,0.8682733708108663,0.9101447461819798,0.795095657748673,0.7385817624549491,0.7131679256685385,1.8333636828636817,0.8389651454857274,0.8224748033601061,0.6442820620216855,1.7090749595114598,31.558249633504577,346.74923052334213,0.0910117365967166,low,0.8415954522217592,0.08430937125378535,11.572365536551366,0.15840454777824076,166.76825014068356,15.516324157296367,0.09304123623175871,2.3747124837602724,0.18923415942112745,0.8420069634348278,0.0930054193927861,11.767191903679919,0.15799303656517216,166.16447188709222,0.09303544017957273,0.1899217641118146,11.513992119715114,0.021990616402390712
566.0,0.1336325677765718,1.0291875451694894,86.35976815285387,0.8728792634702709,1.030226749202855,0.928838987039589,0.7061035850102417,0.7771177750386331,0.3286799506935834,0.35357214290265543,0.15488358063011856,0.47903691570446455,1.763228463314892,1.6787618726807079,15.842783590003592,369.37803758669526,0.04289043196371737,low,0.9136079232434622,0.09266198410320646,11.102471497176428,0.08639207675653782,165.9526197179624,15.148108301524575,0.09127971783313145,2.393826664656457,0.09546570350578683,0.9134239981967829,0.09520924162324296,11.184224241308973,0.08657600180321712,165.72215099732213,0.09127772299560792,0.09559846704053214,11.073305325773434,0.010016784715343471
567.0,0.08614772980089783,1.3164966910114577,135.09854297909746,0.8262025402537209,0.7209629369428641,0.9040543418505413,1.4869576536822742,0.6631047736900388,0.4813716349459477,1.9352484297794639,1.1341840801237335,1.1157948789484393,0.3933055503474567,0.16147036266342144,76.28390030914419,263.1657564017288,0.28987016149888056,intermediate,0.6870769949964418,0.06113382772209835,12.662313928863654,0.3129230050035582,168.42784105967576,15.531504656837987,0.09221459207171702,2.383636895522315,0.4529174026645393,0.6875486323517547,0.0639640708962814,12.822392491268388,0.3124513676482453,167.75221871174273,0.09220582874915595,0.45474152827884046,12.631735946573617,0.015093455523544855
568.0,0.13926564558774687,0.6271433877316461,173.4205072448431,0.5570095121539674,1.045296457110028,0.9987351866755219,0.5776512192890092,0.7962308916740614,0.3428364391581018,0.20176314327317038,1.643741894604166,1.3841802904766016,0.2564887207324989,0.40410922324703447,17.849638856474872,414.3591898717497,0.04307769513208962,low,0.903329801369449,0.08934464930323548,11.347033201546939,0.09667019863055104,165.36071900675415,14.089148273399642,0.08520250974975603,2.46272438842396,0.10794364564746362,0.904041187480185,0.09070335834145092,11.562814085345874,0.09595881251981497,165.0976763848056,0.08520079885809818,0.10811562735063196,11.43649551159117,0.011045216922148634
569.0,0.1200718998082059,0.6673262108621985,163.31271316289974,0.627218565896057,1.2098664404882378,0.9230783233902254,1.6639498354794424,1.1407884174531095,0.08226501855854626,0.8928819069060078,0.5337018672603034,0.43633831461679967,0.8273428329072704,0.7674990229405748,24.061657463741117,252.9105081977671,0.09513901828438757,low,0.8736499515276231,0.07825791150161496,15.546098330629691,0.12635004847237685,166.80444724441028,14.966059811636347,0.08972218702123286,2.41103719355463,0.14425069511776725,0.8742626774620152,0.07875323083089363,15.617658689204339,0.12573732253798475,166.48379978280838,0.0897179672513208,0.1445285216647596,15.568850210026214,0.003135008592136866
570.0,0.11907511482499923,0.7621225518805279,142.14349219732208,0.9622131835666112,1.390706408236531,1.0552193579748526,0.8946386731459206,1.613194181903761,0.23658858160193677,0.41721789596224806,1.3523603535921103,0.12116443085897516,0.5468920612268641,1.4028666151893592,24.319794639505236,326.7200127274243,0.07443619518892078,low,0.8714815473700173,0.0838209982646357,19.663741502980358,0.12851845262998274,164.03390426132108,13.151272809899067,0.08017411320618133,2.5235545941914808,0.14826078028821144,0.8767019479493816,0.0867329475916011,20.657488113658445,0.12329805205061839,163.89051374606214,0.08017314374480788,0.14839049609172136,20.38083059517399,0.013574398609150194
571.0,0.12582600603814925,0.4111750036115996,88.10639781425975,0.744286573689375,0.751350046467903,0.9503001486391001,0.6984601659426999,1.8564994780659922,0.4728471653411428,1.5356928597401585,0.8532015746970364,1.6143875436905646,1.9200332342709086,0.06884581650784345,7.283555853996465,371.6145555147895,0.019599759336408968,low,0.9585983939266766,0.09918166728386173,21.535644870480134,0.04140160607332344,166.805441780813,14.920147026212321,0.08944640454726778,2.4141156649468494,0.04366497745059937,0.959872291182307,0.1022203634727589,22.461984771363948,0.04012770881769301,166.10616463589528,0.08944080094317033,0.043848799169868384,21.92914971509394,0.024298026288874144
572.0,0.15203173570778625,0.4531252494437238,124.67492321525509,0.6850434904771359,1.2586790934292367,0.9615758982862351,1.1642609815352305,0.716045914201862,0.3909184479063462,1.5211083517169195,0.12811556158003573,1.5573589435414545,1.4930568280859842,1.9434761645603718,7.7799891656071605,289.75471823295715,0.02685025877422366,low,0.9554225685997798,0.08801194814449873,9.720024284663586,0.04457743140022019,165.5654500035209,14.463417727274043,0.0873577049255534,2.43774403878722,0.04699041476009465,0.9553207233719226,0.0909234719497404,9.730625771109198,0.04467927662807736,164.9109731525681,0.08735121316918762,0.047176904100914324,9.618173160328702,0.011691680832314382
573.0,0.1378783643077586,1.0427818009659413,83.7288712364014,0.8946565707590528,1.4205016890261077,1.063969658707971,1.0769412185130693,0.5622983577930067,0.24822356298637174,0.8329042794150799,1.9230218575181588,1.2277088708145427,1.9037885640347882,0.3052282642105171,14.61929944007983,299.69081775892585,0.04878127247742283,low,0.918700665600678,0.08102207081344462,7.869541437638995,0.08129933439932202,164.05791902588754,13.007154339649661,0.0792839164173306,2.534719990365568,0.089110599030413,0.9188629109041481,0.08250939673154845,7.93168326153898,0.08113708909585193,163.6052811806067,0.07928064055722117,0.08935713648474056,7.87303355336174,0.007449442172413614
574.0,0.14664434868412385,1.298079723120475,96.82863472816938,0.8600264222246166,0.977550996668038,0.8532948969693366,0.8874022769912431,0.9549333467766297,0.6362059477913888,0.039872612016034065,0.17223818439984248,0.1636342052969388,1.832335228708211,1.821134878009942,18.60478431970127,328.05345781989064,0.05671266031865987,low,0.9003048971957028,0.09438055731932816,13.501490225818639,0.09969510280429716,166.91947840721446,16.482610675410328,0.0987458793466846,2.315205604206388,0.11145963609060228,0.9004453300052069,0.09984257058336177,13.784104330771887,0.09955466999479312,166.8070408238121,0.09874452051289467,0.11153476632531563,13.503398123182354,0.02078781985310963
575.0,0.15130659726058024,1.0655625206005794,165.98853586760941,0.9186623566367083,1.381294790424508,0.9906671261833504,0.7489568667863008,0.6845439446068103,0.6537945762396404,0.6050884598418186,1.891391431870774,0.8984566234971226,1.7675729011481145,1.220284868684674,24.59186289944595,357.7755414790563,0.06873545015900849,low,0.8704598276819802,0.08579442108203965,9.95742787112644,0.12954017231801984,164.28599397908474,14.040550894037855,0.08546407733227313,2.459659139486939,0.14968934541417292,0.8714163654791063,0.0911401337774535,10.220169339621894,0.12858363452089372,163.93741942972247,0.08546146426053702,0.15000762476920726,10.007256322220472,0.02127586328818833
576.0,0.09672124458679097,0.9394762577695737,100.89305046502056,0.5641871433159201,0.7619370052525118,1.0162626127926915,1.0966616024914146,0.5502675645923685,0.025460724605744126,0.042266755151489366,1.8492533588708493,0.31432453064896443,1.2889598457088083,0.7029826749154248,32.251761301221684,297.3540493437588,0.10846249234674707,low,0.8383228115554279,0.07177898605980138,9.023619689769502,0.16167718844457213,167.02137132120038,13.898719445994823,0.08321521572988444,2.4863250665069296,0.19309960782921617,0.8391089804432408,0.0715231246707974,9.098809329047262,0.16089101955675922,166.90409883951477,0.08321427279658901,0.19323528616414085,9.092495339791492,0.000694417651020111
577.0,0.11129761821728971,1.2340993546213501,132.92364427317005,0.5166143055785537,0.8889778143016174,1.0155775907516535,0.7912183151164979,0.5033944209806632,0.58599519443143,1.6056773961350423,0.24072461172549028,0.7582016363360541,1.6360768096691063,0.09687546959083493,42.15321960646673,347.6279871950834,0.12125956815672323,low,0.7979719145255728,0.0727976722265411,8.604976642687369,0.2020280854744272,166.16111582584188,13.8974662223034,0.08363849841300851,2.4812513575598034,0.25368883325656466,0.7976155211234549,0.07977501867903614,8.657564168416718,0.2023844788765451,165.58750006004888,0.08363448490159603,0.25456764303573776,8.522306104176861,0.015871063839582714
578.0,0.10560377548532407,0.5366238135340713,167.41940129067095,0.878487537339282,1.2163760601817204,1.086094852230813,0.7418507954017007,1.5666926239043488,0.7046575390245328,0.9846005441621886,1.6832126852900577,1.1718672433199975,0.1697495726499566,0.6289186609122492,25.642889614419587,359.6155099766477,0.07130640615607696,low,0.86571856400602,0.08260978362350652,19.56443009853603,0.13428143599398001,164.45643035660981,12.862597995787072,0.07821280060558057,2.5483219542182702,0.1559251259364876,0.8729999725116949,0.089094848417224,21.282541888796775,0.12700002748830508,164.04229417688433,0.07821044389141156,0.15631876976049391,20.377129573303815,0.04443277019149671
579.0,0.10565995983269155,0.411812299965412,84.31496994133789,0.9472270544697128,1.4067082581142762,0.856421175924392,0.541527297101054,1.3884332089367637,0.009982639304106441,1.163471858135656,0.48415569736709824,0.8973475354566718,1.3731484320464056,0.9591839868814035,9.899955632201657,430.8208608163589,0.02297928566746353,low,0.944152368031442,0.11146634159970391,16.956175224552325,0.05584763196855802,164.72433678425648,16.281337068080173,0.09883990056311011,2.3142539039011845,0.06010013957541606,0.9442757126216708,0.11116707011049602,16.964654330836463,0.05572428737832924,164.26167936309633,0.09883524036217123,0.0602694168876604,16.957802017585102,0.0004040802719748326
580.0,0.13228193897767104,0.5024084453056473,153.2308915200548,0.9775544697595127,1.409568454955091,1.194550390120711,0.5061924482034168,0.5964957056485808,0.6048849374608409,0.6843298000229106,0.22175366080158698,1.4792721891939768,1.646800857918789,0.9610435748990903,14.004005818215827,449.2312951149851,0.03117326413029922,low,0.9214721550653817,0.08305230100350262,8.1237942816434,0.07852784493461828,162.77267576599633,11.607729858326042,0.071312520997157,2.640683356921225,0.08603413166438406,0.9213171855989288,0.08776842410303419,8.225009260505407,0.07868281440107117,162.3416992841217,0.07131089469534056,0.08626253069894735,8.075261923057706,0.018543960415713604
581.0,0.11544379121547949,1.016109013903065,172.0549288918115,0.558596055217399,1.1363463879638358,1.0518639730414527,0.5895145697785769,0.6013298581132692,0.059901571332128006,0.37782881872699875,0.02308044185336033,1.4903387055722075,0.11181434410564821,1.9151429129167434,41.75575958034166,409.3752474506546,0.10199874037419623,low,0.7981615275678315,0.07598048730295974,9.755454785714504,0.20183847243216846,164.77657511691066,13.332983004984474,0.08091552452479722,2.514349575616982,0.25340834733769363,0.7975518798543789,0.07505514415714731,9.72833936599051,0.20244812014562108,164.4676702221466,0.08091377428751206,0.2538843015404919,9.71153485352872,0.0017303662824918807
582.0,0.08930287586146973,0.66872854610293,123.65769446483733,0.5990507289641831,1.046948136891866,0.8120765368351737,0.531652953711003,0.7860068608936323,0.6526566782136356,0.2249879559918179,0.2429588871848419,1.7749266423174417,0.6151074940239192,0.045662708041774136,33.0057985721235,435.75232551639124,0.07574440029209198,low,0.835524811590071,0.09820783911340746,12.218008463035723,0.16447518840992903,166.2657741896087,17.3503748108574,0.10435325547560449,2.259973448287639,0.198512283920104,0.8354829977856246,0.10174426430157858,12.42591981678113,0.16451700221437537,165.92852068662208,0.10434938050105858,0.1989157646650711,12.182033329895141,0.020020178920992036
583.0,0.09012846469726406,0.7608964316315852,122.56292386439577,0.8414587784435159,1.314744458735697,0.8868522955501258,1.1783590971423856,1.0503770043447687,0.7386164979657832,1.9941232085455283,1.6011944827226696,1.3376603906912363,1.7889203594807457,0.7427682535623389,36.543559015251105,288.282706333591,0.12676292476928577,low,0.8195302666121499,0.0820369236568559,15.240879066948196,0.1804697333878501,165.9552088482546,15.650238181812165,0.0943039889523586,2.361231789576094,0.2202013378722306,0.8220761612683275,0.08741750545157888,15.837935673665585,0.1779238387316725,165.20001227663926,0.09429452103481437,0.2212079679150163,15.363292883829871,0.03089460009808731
584.0,0.11532781588898179,1.358022642192442,171.61168835623187,0.55004805690858,0.961327710891644,1.1788808941720474,0.9326780721456603,0.897986229279914,0.2634693906009395,1.701671754872157,0.03207262324630946,1.9873678351843578,0.9228876177668446,0.7747325527513791,55.77452337283885,320.2407434959209,0.17416435761413127,low,0.7469856547912442,0.06191585516574649,14.48500543752959,0.25301434520875576,165.34876755108652,11.92630351411843,0.07212816696945536,2.6293106456626782,0.3373144184797545,0.7457726388561947,0.06313000964951458,14.42968415475631,0.2542273611438053,164.6111558704015,0.07212453273520328,0.3388259020351584,14.298829932558252,0.009151393702508835
585.0,0.09979284716298457,0.6125674566037668,164.68766363501288,0.5634374641456309,1.108950381243429,1.1652088011893593,1.8451641483354966,0.6086913954134633,0.19421388270880488,1.7105663541012728,1.4757136182313066,0.5196183840250609,0.18368266863851831,0.5047168064177269,32.24529015927256,244.4850528246802,0.13189064029364445,low,0.8362759122646323,0.06096670830334277,9.369483791134087,0.16372408773536773,165.65293826826775,11.896537544409076,0.07181603700347983,2.6336474712739024,0.1946557090768454,0.836784000498198,0.06318910300960866,9.411712206426373,0.163215999501802,165.14847665230852,0.07181234297179999,0.19525030332044435,9.355952402655424,0.005959821231574749
586.0,0.13821183154200475,0.6505425881264262,127.2845875746153,0.9236655538196079,0.8998531729866633,0.812690709663184,1.9123620759449544,1.9841971136504966,0.7867160529508923,0.42771074740773335,1.9491003508355875,0.8015413709845406,1.070059166335663,1.399866351130693,13.797844171805663,241.7795903149147,0.05706786149250296,low,0.924474553979646,0.08809570208479373,23.10603659006092,0.07552544602035405,169.46641070616016,16.975796248560382,0.10017204104236868,2.300866160781195,0.0814193450744048,0.9472584802357601,0.09360912142069647,34.43291970036973,0.05274151976423991,169.18312576964763,0.1001665397588779,0.08155567589283229,27.05742083337226,0.2725869147845988
587.0,0.10167643163455173,0.6310925217280534,112.23304247896948,0.9504575805537205,0.752860635418609,0.9811927535522235,0.6438038954468791,0.6978553721687966,0.21090333190560506,0.5197337697386223,1.6216400065763288,1.937416281520102,0.08735325203948797,0.6582096441544115,21.808374942173508,388.9764183887882,0.05606605930639138,low,0.8850385569026636,0.08513025871469553,10.611071080669339,0.11496144309733636,166.5860738994891,14.45538693151143,0.08677428186604115,2.4444449930848253,0.13091355376639552,0.8853779164894624,0.08509766246046808,10.718177507095666,0.1146220835105376,166.1659147140653,0.08677131573250295,0.13124457551779425,10.652803920665477,0.006136749246212082
588.0,0.16045863889959527,1.1247167858872555,121.45393869150863,0.5057574340426885,1.3581378664386088,0.9468779489470251,0.5503855354976305,0.6589564110936763,0.2598578440487804,1.6348720419813276,1.8950477318694385,0.1884307729063034,0.28232007434652945,0.9490026188706803,16.888018636759405,426.5803675696126,0.03958930115086342,low,0.9077187036842493,0.09568037104972228,9.380739596684153,0.09228129631575066,164.35968953507447,14.72988864751069,0.08961983737726224,2.4121785842066585,0.10275036832042377,0.9084050471976168,0.10419177557887233,9.477752937764947,0.09159495280238317,163.9251224512802,0.08961654651000242,0.103022760539823,9.401266066802416,0.008135805371217029
589.0,0.16472342339745816,1.2719014895344651,129.19395917732402,0.6933549142100446,1.2045920491258004,0.8219617140799392,0.9625392404524353,1.0984235851011357,0.37226379019329503,0.0030058587393963984,0.40024063838634255,1.7455802479869593,1.0748897878302017,1.0111541702088533,19.276806665903592,315.471167649134,0.061104812872608355,low,0.8968246230346862,0.09724731963614495,14.964139550623395,0.10317537696531376,166.5264441814633,16.98688695439796,0.1020071438977428,2.2827124299372623,0.11575823143679043,0.8969133299091249,0.09759819696490167,15.173350452860044,0.10308667009087513,166.2269555258148,0.10200293982698884,0.1159667913361376,14.97468801797556,0.013266549169238844
590.0,0.1551029342672969,0.8967980557773239,160.6865977006891,0.9209675868472664,1.253065097481342,1.1291043105089384,0.6840172277047798,1.1256983609892346,0.0023602753095776975,1.504797179348185,1.496836936582848,1.431611803575281,0.555479331866069,1.86281999589879,19.067089834769668,375.89137879280923,0.050724999056920156,low,0.8964967370719401,0.08228000056939044,14.656261843644685,0.10350326292805989,164.01989586368836,12.35478551175954,0.07532491986232698,2.5859442578584457,0.11624864004678866,0.8976406185592762,0.0825619853021108,14.780694136713159,0.10235938144072376,163.43223414585776,0.07532201910378389,0.1166666412805257,14.779292451911251,9.484113034964003e-05
591.0,0.1232592303888262,0.8271248924644259,80.36824748360849,0.5787804199253657,1.3504107301815904,1.1836636327916001,0.9378815214841998,1.7820369641582048,0.06701707433750635,1.4279474737580156,1.7348507437156055,1.9115060101602064,1.333297395855346,0.8632762410062171,13.927296235378872,319.3617205130313,0.04360978583471334,low,0.9220654858938432,0.08109153519122221,20.114113834983037,0.07793451410615682,163.52903316440438,11.71583028096138,0.07164373233456861,2.636049604674222,0.08516711660232848,0.9266404154254225,0.07950504157397523,21.13096619712871,0.07335958457457747,162.8664351877459,0.07164042515539563,0.08551360640591196,21.038342927746797,0.004402593383899828
592.0,0.12292972357086757,0.8024259392739344,112.78972902786703,0.8096529386815838,1.1868495263645726,0.9789805475401496,0.5206912368062646,0.6651458977899558,0.7429188786975178,1.306023512663975,1.9089619733862795,1.0053372315517737,0.5792247446162263,1.5221129065113483,19.06385955171902,441.3952396191297,0.043189998080108,low,0.8971562916210997,0.09169037571937362,9.664782150620416,0.10284370837890033,164.8250809832655,14.319461721737307,0.08687671582695076,2.443265224766168,0.11566115689428692,0.8979983297637165,0.10265672860119163,9.910076147546562,0.10200167023628348,164.3377002908537,0.08687345307258398,0.11600417626618104,9.685033092344822,0.023236167915586834
593.0,0.11296204195243736,1.172719987131372,128.52862083878586,0.5799170304826204,1.474335578261482,1.1693781432651336,0.6034921114485243,1.221922177256189,0.2416145677973337,0.9478486194932105,0.9826642377390279,0.30510828871089685,0.9154054895835229,1.794852224991308,37.5992544310826,403.7343312313072,0.09312870252181071,low,0.8122690640988429,0.07625657710237235,16.43116828946597,0.18773093590115708,162.66729120158809,11.82959236500013,0.07272262467529574,2.6211027368696405,0.23114207013189333,0.8145728703223563,0.07971753671170889,16.778903676777535,0.18542712967764374,162.36339197964907,0.0727213195430648,0.23157470395663673,16.598963251677848,0.010840461682539033
594.0,0.15423393179726988,0.9964567484984691,161.83544438192564,0.6107017787041856,1.1115282135721518,1.0269014287129303,0.5426282500402163,1.4504559202253067,0.07221469218654443,1.6087748676907168,1.2653845861276234,1.9260252101466533,0.24171929915541654,0.5997258222540719,21.578555293247597,430.3125270214324,0.0501462400888293,low,0.8851183270934225,0.09014156589019325,18.46499450463999,0.11488167290657747,164.92951803002225,13.674612804329026,0.08291185815409845,2.4899771854045274,0.13083501092460376,0.887543508497055,0.08943922916946687,18.826705237749007,0.11245649150294501,164.25362693627088,0.08290786882664172,0.1313733869731833,18.764093385557484,0.0033367906940665066
595.0,0.127272829595451,0.4881506820105095,158.50162066509262,0.9245963724213266,1.0093809178886217,0.8327315930364219,1.425951518499251,1.8295177174558537,0.5375532504305596,0.463428539867379,0.8213873878581922,1.2302779848519927,0.310420059082916,0.2240897866411854,15.204296687137107,267.2552389562647,0.05689054682900055,low,0.9172061593954676,0.09278650300073822,21.80971874204373,0.08279384060453243,167.98866766012432,16.725386318961426,0.0995625868811599,2.3069688186828983,0.09050787114937141,0.9199143638932479,0.09588241553784307,22.979323962986577,0.08008563610675212,167.67516931651537,0.0995575605544275,0.0906770915998684,22.337389660784773,0.028738107359463555
596.0,0.11824424987621901,1.0851134549615713,168.25279960802087,0.6409103795682829,0.7249747142550542,1.1312630644673471,1.6415247859520958,1.4394121072544408,0.6593044557608373,0.40434835099690153,0.5953614603793475,1.718768606293678,1.8847236359290231,0.9074090599435328,41.564974093067725,254.11879875515933,0.16356512897385103,low,0.8005831232819137,0.06207905780935316,20.216298762074896,0.19941687671808628,167.22758933378896,12.431781043263598,0.07434049066179842,2.599099513895393,0.24855332937977936,0.802013751536787,0.06407286046778879,20.97018212274248,0.197986248463213,166.79075270579926,0.07433729520568405,0.24920430790538986,20.374430895797296,0.029240140742683038
597.0,0.12934668449772652,0.5203713969223245,167.68902805462338,0.7476071685228156,1.4611933380559639,0.9459863908633462,1.8915294672819258,1.1080923838733114,0.15218977297204284,1.8200170540499812,1.2243344445680908,1.6803020035927274,1.6009295511318158,1.1286016280752795,16.601892198568244,242.56083786481358,0.06844423998824153,low,0.9089985819999015,0.07877238667004711,14.377673387840371,0.09100141800009853,165.89642176810156,14.433677271841,0.08700415065019984,2.441799452842587,0.10007384138625491,0.9096233454920825,0.07875612063161636,14.484161319492816,0.09037665450791754,165.14420953209446,0.0869941311009306,0.10052966583331399,14.397635195673594,0.006009745534129323
598.0,0.1361059017581399,0.8212822779241611,155.82243537003876,0.7023704183549696,1.0948228001358746,1.111244452361297,1.6446451912913118,0.5061196523629895,0.15775971846934864,1.6890451209486976,0.7110614421465861,1.985044263681605,1.4824411634047634,1.2623680394228034,21.989666962829276,253.926729409754,0.08659847277182549,low,0.8828185772510584,0.06741071988057006,7.648150242265506,0.11718142274894161,165.8429670900849,12.509015124358886,0.07542686520776046,2.5845917649386934,0.13259330406748346,0.8823437436978498,0.06837409364381312,7.605181199263441,0.11765625630215015,165.08068344548002,0.0754208821881077,0.13320557259560684,7.5717581173464845,0.004414177183022566
599.0,0.11300376113149303,0.9942657817315309,129.96475450804166,0.7053754872214227,0.9285313164250787,0.8280575974618744,1.2203864882504825,1.3990797266806885,0.06291057783112461,0.07145744825039817,0.1315789500227922,1.730149952110887,0.7571879120444356,0.4663661139882731,32.2101253060346,284.13599392621734,0.11336165073967616,low,0.8392439487176175,0.08682269673035524,19.266861423558225,0.16075605128238246,167.91577699863518,16.918699276768407,0.10075705558570547,2.295043049980025,0.1918231025205952,0.8388877951808872,0.08463405858221693,19.28199728025006,0.16111220481911281,167.60981596568732,0.10075242862108716,0.19217326336441165,19.23504271248428,0.0024410950611149533
600.0,0.14467278000057016,0.5936381602387526,146.16445184627648,0.9737920838564933,1.1194893040093588,0.8716515258275944,1.9565917850800052,0.5740773038208742,0.7041345490030269,1.0324193122131402,1.729377716748646,0.8936147296061732,1.9026006481333342,1.3750513803119715,13.19593131222977,240.07427034721732,0.05496603735645895,low,0.9269673138055567,0.07949242934427452,8.415226712159788,0.07303268619444325,168.11043730224793,15.764815208551012,0.09377654035964016,2.3668405570265643,0.07849560993351433,0.9272525580270886,0.08300841463164937,8.583374730969984,0.07274744197291139,167.63244007194143,0.09376865093810668,0.0787194370407457,8.415407042821329,0.019959544118776568
601.0,0.10549476576665942,0.893466916953013,164.9895311435111,0.8140535415608603,1.0691202403555806,1.125993943066137,0.6540766141551208,1.414381149783721,0.0712181960435087,1.8459756697114293,1.797509813141321,0.9439261213728428,0.9036026637516191,1.7069359277235785,42.162190629216965,385.4652665431365,0.10937999941558599,low,0.7965565128944565,0.07438444376761492,19.444583033958608,0.2034434871055435,164.81503104909137,12.468673621888975,0.07565252721503955,2.5816044326297605,0.25581520302391986,0.8033389371220658,0.07566778873976121,20.32024621674741,0.19666106287793417,164.19177462713182,0.07564951133936572,0.25678625330023014,20.23668498578123,0.004129195618002215
602.0,0.12164286546337846,0.7710217510423123,178.0213604480926,0.9177882476288228,0.8612873148878913,1.0840435104323438,1.9506087629816704,1.6328357433450102,0.5515520561673017,1.5533938516176342,0.335888813498431,0.5635152416384129,1.7849635017781693,1.74129321369086,29.5267460540632,240.31751136987427,0.12286556183838968,low,0.8495409408181838,0.06612062028484374,21.04107827616671,0.15045905918181623,167.30003678095258,12.854366504430516,0.07683421206452484,2.5661052684304644,0.17648977622594808,0.8505225575393062,0.06949365824695003,21.56851356216069,0.14947744246069383,166.75124805255106,0.07682922041144648,0.17707061505625404,21.037201431844142,0.025255837000842527
603.0,0.13779738071313224,0.9427779795521455,87.41522347466284,0.8750972280571203,1.436272007067822,1.183933734643789,0.5441338314879838,0.7337732277166392,0.04632820790675084,0.7439461668761221,1.5483858917369584,0.6522835862822608,0.07831571432906724,1.3886039122565543,13.815439479065832,429.55477927336705,0.03216222969847051,low,0.9224506214260234,0.08379698906328309,9.731719145555665,0.07754937857397659,162.7264534768004,11.700662879922511,0.07190387690462788,2.632425094921217,0.08489977618196831,0.9228435694241148,0.08565398267971167,9.784258946794576,0.07715643057588517,162.4538525034739,0.07190279321511547,0.08504223978788315,9.769281253824689,0.0015331417512443838
604.0,0.10949270442330689,1.2764806891280913,112.67826063633423,0.8361282601593272,0.8337730795019493,1.1350097726213817,1.8256365126235992,0.9990812962580172,0.3661189741317146,0.7727644275239541,1.1699134481056483,1.9669959709176625,0.9545271312209692,1.6491687488526328,38.188635859818014,245.3336099816495,0.15566002498668835,low,0.8131780264635837,0.06031355372561431,14.994578081961079,0.18682197353641627,166.97813521771286,12.321270254829855,0.07378972246135632,2.606535819114811,0.2287044097721305,0.8142375901362328,0.06080070332508786,15.284091981446458,0.18576240986376724,166.45232875179207,0.0737856624142113,0.22942686441331545,15.083606207705644,0.013291634041625503
605.0,0.1300195214180199,1.3670900103287993,136.34175051547675,0.9876964846901943,1.390620724575961,0.8960139227348728,1.5890009217426035,1.172794236455935,0.6266483637862192,1.7277713098513372,1.9156674168792682,1.643548945859659,1.053201532229638,1.7548839083799264,35.096109510662416,256.9472329459656,0.13658878170539748,low,0.8251893996568634,0.0776422950380227,16.40571544781247,0.17481060034313656,166.2427900189151,15.34925568134859,0.09233035417416993,2.3823823272451405,0.21111357374758438,0.8292942909839308,0.08080674368476815,17.22308804470792,0.17070570901606918,165.53498192514525,0.09232037751119944,0.2120162705338793,16.73076336215201,0.029426313187217577
606.0,0.09949314743246859,1.161022736821144,132.5097049897891,0.7654327130229417,1.2130362543545274,1.174331868120516,1.070377595261425,1.4176254580419656,0.0160950419301164,1.6305183914092771,1.6779389372004765,0.6618000877281275,0.570823962941969,1.554820195011648,49.47117203988113,300.51942747935016,0.16461888156392315,low,0.7677557242146681,0.06580564136441716,19.639177865029673,0.2322442757853319,164.3703817891861,11.858193716733089,0.07214312936220994,2.629103225431646,0.3009737612177027,0.7747541828624163,0.06643938446550574,20.462018333709636,0.22524581713758374,163.85697058027137,0.07214036075880563,0.30191679892950213,20.442519993057477,0.0009538129672262154
607.0,0.139516003478257,0.7417664376162929,176.2545820779693,0.7766736915694734,1.3381836298105143,1.0407943896307588,1.4485863514108277,0.7743284652993323,0.7439187894561474,1.6490225143933637,1.8275062911703428,1.1955848665670967,0.28798776961908995,0.651696588063393,21.380096853964382,265.6660210432313,0.08047734810047552,low,0.8853521738490077,0.07516481865923641,10.885335293574148,0.11464782615099234,165.0299313060707,13.279732852132016,0.08046863224770376,2.5198878320146045,0.12955284344336335,0.8864739953698355,0.08046372201580852,11.187599023316738,0.11352600463016449,164.44540438953118,0.08046342708254997,0.13001334353692326,10.906488886176332,0.025774576958190906
608.0,0.12501646955244772,0.9818226544019335,111.23197962422087,0.819056553776135,1.051567705650084,1.07509832843135,1.7345133354867153,0.5632901813705393,0.09594076658149425,1.4788731521421248,1.7102866503814529,0.05223730902347556,0.9693718113157105,0.5577733860465769,22.242232794788,249.42898676767436,0.08917260613139996,low,0.8818429580299956,0.06792574273526367,8.497226130539826,0.11815704197000443,166.35352828486575,12.927313515270225,0.07770988477703544,2.5547728124922946,0.13370460503067985,0.882339897588412,0.07004747192540184,8.522084835526627,0.11766010241158797,165.93558829815356,0.0777062030317681,0.13404136522433688,8.498818845823097,0.0027375556680990574
609.0,0.138742373116888,1.097996339163092,139.8129267474989,0.5169518164082223,0.9714387806824015,1.137508476115117,0.7836879760143872,1.9211374707009254,0.2290251973552564,1.171645999362642,1.0825872780869101,1.8224293977604702,1.6659025705834887,1.9905968433296926,25.38517193486474,349.356197726371,0.07266272102820218,low,0.8673546184588247,0.07919222290890301,22.955524951442055,0.13264538154117533,165.31875072584177,12.371102373093512,0.0748318162263957,2.5925121338173733,0.15355288993783003,0.872783166863063,0.07865950060713374,24.105072390707694,0.127216833136937,164.69932837789747,0.07482869217539546,0.15413039133116108,23.763730339095602,0.014363992805057318
610.0,0.12695032423958263,0.8770261844329492,85.90325672149248,0.5417811813214841,1.2962382263332857,1.115556395418684,0.6461839071748546,0.5023039525220299,0.23554561872111723,1.5972436943235637,0.1392127980392642,0.021093882198699575,0.949392259372694,1.9633287254785776,14.880060163801511,388.11345294781506,0.03833945989448156,low,0.9173635890032673,0.08305736132866978,7.1700588702939685,0.08263641099673269,163.84812989804513,12.491077050915408,0.0762357010646872,2.573925408100502,0.09081617332502155,0.9173034401264908,0.09139329820061062,7.164223600225131,0.08269655987350921,163.42508716065592,0.07623358560164449,0.091051260380688,7.116365439629388,0.006725084736266026
611.0,0.11466803177448577,0.5527567432135171,162.16230618048883,0.8247497813727398,0.9645411629064766,0.8029330075515072,0.6373764873430018,1.895161195938604,0.2731485161161968,1.3167726166168858,0.7065775470153488,0.7264268114512351,1.8258437634283684,0.17168877909586233,21.69948228849305,391.1958679765304,0.055469610148834454,low,0.8858849190129096,0.10811093122694727,22.990417775741797,0.11411508098709044,166.81924951131808,17.5691132627029,0.10531826101705907,2.2507684559121146,0.1300778078792449,0.8889646996043619,0.11089106530777416,23.77467102376779,0.11103530039563814,166.31075727647107,0.10531183821222823,0.13047551850431627,23.432825670406338,0.014588311207946838
612.0,0.11813938067964525,1.3927704220128625,94.39946298412279,0.6743357949753774,0.7908002117807278,1.1235044255067987,0.6030343442393782,0.914399825556572,0.4761111477012622,1.0270167162067858,0.08179479216665705,1.324376655103595,0.9097861414150804,1.1673292207527342,29.985397231810758,403.97319133437026,0.07422620578550156,low,0.8475081650819858,0.07539251356713089,13.588007746444752,0.1524918349180142,165.89216321539607,12.60871693347363,0.07600550073665834,2.5769495632010497,0.18075234327300566,0.847243006472143,0.0793866620890561,13.693610613296665,0.152756993527857,165.40894842085302,0.07600325346925832,0.18128038124949789,13.4859652284059,0.015397146690946094
613.0,0.11704732543114822,1.2631114955085825,144.5910292972802,0.6302902426219502,1.3323863778992764,0.8091559107569632,1.1106178255684573,1.4232114450798063,0.6808707076215221,0.6925741957126559,0.761775866403025,0.7399865861722262,0.1787830247436684,1.8157467399829281,42.433629052504216,295.67539244999926,0.14351423938561284,low,0.7969479300522812,0.08791791225300578,19.7791637344496,0.20305206994771885,166.48596956895594,17.154192637675298,0.10303686660256553,2.2726684266132637,0.25487810872212185,0.8004186058041337,0.09382682273788526,20.729168913065436,0.1995813941958663,166.1987843006741,0.10303236271550324,0.2553185285383108,20.063228589580852,0.03319208174851864
614.0,0.10846414900434764,0.6583617677102274,171.82046749400027,0.8656425561041243,1.239439263028466,1.1859565430501446,1.8624668736700583,0.7997465406026487,0.2855440637531881,1.4652436118182772,1.0728410707883138,1.0916126178901637,0.05031958565502084,0.18562311905529638,30.606748855340555,243.756014795428,0.1255630507457518,low,0.8427626345431306,0.06208835275919541,11.558998151214812,0.1572373654568694,164.9255360734165,11.633138576756659,0.0705357026796516,2.65163627636378,0.1855791988556337,0.8432778930219088,0.06373133959335936,11.657290554524433,0.1567221069780912,164.41155411019778,0.07053207120392073,0.18615935492481395,11.543865483210098,0.009825571120809194
615.0,0.14438672003431915,1.2347785383986682,100.14616710178416,0.5661368876170966,1.273025648649732,1.058277314179512,1.7177964019663918,0.6026102755211034,0.17573524527488127,1.2180857246090524,0.4496711575835537,0.11240925126193528,0.7634978903644511,0.8736732292002859,18.880740802729985,250.214382013676,0.07545825563974984,low,0.8975521800481993,0.07154219799169227,8.692665871659552,0.10244781995180074,165.50519228895783,13.039993773495702,0.07878903128748369,2.5409814886664295,0.11407944694427373,0.8975191410694243,0.07365897667975972,8.70027092260807,0.10248085893057568,165.1596452059175,0.0787858343564933,0.11431812401382847,8.654917321098853,0.005240211988929545
616.0,0.12720599858292053,1.188983534046209,125.8863701367109,0.8982056674908006,0.916920395162953,0.878144635275047,0.8353167280199629,0.7081012846871223,0.2941856616891825,0.40753322553574156,0.7559642951206373,1.1594648991745802,1.6026731538858752,1.4187416612148702,29.443504161074117,338.09501973351286,0.08708647700365874,low,0.8506936383729812,0.08689154070885186,11.05522461082651,0.14930636162701882,166.86301146227652,16.053133108301232,0.09620546199917074,2.341269145384102,0.17645315101921522,0.8507113333100496,0.08788725047483695,11.14906438751416,0.14928866668995044,166.5226360620811,0.09620176807167204,0.17681382457876368,11.053589417561849,0.00863746303084334
617.0,0.13883895640025876,0.7715424571687216,84.84000000774482,0.8967574628910784,1.3674499747268358,1.1798200448392369,1.3584918163436772,1.3438660314106505,0.230272722857542,1.627188848722777,1.6637173435943398,0.9078221980072425,1.322102867272037,1.3022289845866328,10.809060205861371,272.2042535580104,0.03970937288662837,low,0.9384698203460009,0.07627641370022589,16.001110733464532,0.061530179653999095,163.8629503418394,11.705817529194531,0.0714366335085184,2.638944466865241,0.06596402776413013,0.9401459676519316,0.07809492146342267,16.45897450396902,0.05985403234806841,163.29078828659934,0.07143315499492311,0.06619516213547748,16.284079418540028,0.0107402500892908
618.0,0.10938397124612244,0.6527807269644139,148.6530033473357,0.9054578521822283,0.7761670136715041,1.0722655220890691,1.2850701807550233,0.7563700477819448,0.24678366915430963,0.10448090398535588,1.6124355686814331,1.2505659386625394,1.5734634441764568,1.7916098173881136,25.815691683553688,278.25509166719047,0.09277706844060478,low,0.8662000475604701,0.07022815158711727,11.462243634141382,0.1337999524395299,166.92954230274043,13.145029772002491,0.0787459762404602,2.5415280979410424,0.15465022743987888,0.866939539617313,0.07033780196227776,11.637406753719667,0.13306046038268704,166.64749131374597,0.07874386547264375,0.1549119730518516,11.54925862988266,0.0076323620988910474
619.0,0.11787280437393553,1.1810117165019567,121.7126273012343,0.5897992401399638,0.7835892654387315,1.1360975441244765,1.4596040425098593,1.9288483044034972,0.39473816084949825,0.5970863733811574,1.9947340174648094,1.7241476704947942,1.4773913896685116,0.43200025768589173,32.931592923943114,264.9617127869517,0.12428811913071564,low,0.8350084328278167,0.06797024360033611,23.949987433918164,0.16499156717218333,166.79136845937194,12.38512732049427,0.07425520537959442,2.600247397634164,0.19744182944313934,0.8623884510047816,0.06743435361311366,30.055803385343665,0.13761154899521844,166.3218870720346,0.07425201146988165,0.19799915395188084,27.82946647561807,0.07999926666492628
620.0,0.12431499840518821,0.8979616730518006,107.07928830448628,0.5678233750923641,1.3757756506888006,0.8112692363357998,1.1229625581444014,0.6449775915082805,0.4600705985173401,1.7360131434404107,1.9218408683971566,1.6045916034793057,0.19049071733412412,1.3619158270020038,19.804612360038757,294.25832944881284,0.0673034894105991,low,0.894009307934706,0.09364196152003591,9.502594111029966,0.10599069206529399,166.33238377363722,17.08543004741004,0.10271860271456044,2.275762041989699,0.11906648549563854,0.8945092158585397,0.09784816025885518,9.623949735656682,0.10549078414146029,165.66451286240255,0.10270810642806108,0.11954649802693743,9.489946551821872,0.014120541470181889
621.0,0.08858743928528104,1.2909531425493035,154.09814379240538,0.5415677970571583,1.0830172087233534,0.8735927938922806,1.6278771882638412,0.8410907624451495,0.7354603497073541,0.1518823868100496,1.6366654615574607,1.2242371752559773,1.550220026104598,0.8257883904418358,80.6888856173678,254.82238419749817,0.3166475577547006,intermediate,0.6726431540288067,0.06230247498361996,15.221312690846442,0.3273568459711933,167.6850576826896,15.86361748727055,0.09460364391733264,2.3580592844554458,0.48119305758331404,0.6757626760341376,0.06471081649845298,15.950668350993089,0.32423732396586236,167.3959713164296,0.09459930095718025,0.4820240593773976,15.503552661957992,0.028839563342937035
622.0,0.12030537472775778,1.0123237611779214,106.58467399613745,0.7235797936100781,0.8873289085892123,0.9517578113235687,1.325242414508267,0.8694891935058043,0.16598984129169495,0.8061521989555902,1.5382816717384722,0.17574321784461092,1.0011983956532047,0.7769544452685483,23.729809884843878,274.8772948776284,0.08632873768423859,low,0.8758806889842093,0.07789766869234654,12.76149460283984,0.12411931101579066,167.2714295623854,14.739147477563023,0.08811515221770687,2.4291107719781415,0.14186409446565784,0.8770401163478087,0.07957340531920892,12.95188515702314,0.12295988365219135,166.99696779086463,0.08811222329656032,0.1420972500205,12.881008770565465,0.005502394084199004
623.0,0.09518700199968935,0.6321557475801864,171.13025117526809,0.9935299937627544,1.3400031030148611,0.9780433993299467,1.915884510816558,0.7110916283713603,0.7180567721665312,1.201673798937148,1.6482522219042839,0.6865093296100353,0.8624625391627451,1.164565652921262,38.00543510551883,241.60952669990004,0.1573010618605485,low,0.8127191748488651,0.06737484329362611,10.96424283021189,0.18728082515113487,166.12795200067083,14.016911365752069,0.08437418987561751,2.4724937313097004,0.22877206784181245,0.8139488142572595,0.07119607581390108,11.269996414206597,0.1860511857427405,165.69402996868925,0.0843689105363529,0.22937117959349895,11.002745612764626,0.024289464725234154
624.0,0.1426372834934104,1.002621065782137,106.89754383908021,0.8304682612125274,0.8509514954427082,1.044308397098709,1.8546536935150626,1.3967830515779507,0.32717971559954095,0.7308983661550369,0.09461350085982244,0.9223825759654769,1.174177138928232,0.38091554286236806,16.768281680070466,244.10791780129648,0.06869208434983999,low,0.908892986380544,0.07200471907399562,17.949900890700082,0.09110701361945595,167.4850187765138,13.35721131860761,0.07975167818699659,2.5288374944414502,0.10011809893543659,0.9088246777483258,0.07321514756988218,18.091335440646645,0.09117532225167424,167.11539253424402,0.0797480585956459,0.10033954039652232,17.870432146812153,0.012361385109195515
625.0,0.1114357419085816,0.9739261144540343,146.33604421990594,0.6713070839386327,1.2055184510307932,0.9958491251831042,1.2956822743214915,0.5554029121778817,0.0935187044312794,1.3214167656912257,0.7918396728497087,0.3091080526612259,1.2833265452064222,1.966220496355171,36.53241912846781,277.31353053686075,0.13173687940052345,low,0.8190367202231839,0.07175166013126995,8.897038603208653,0.18096327977681614,165.71885907639552,13.965854368566985,0.08427438160269254,2.4736773557389196,0.2204481694604629,0.8190845613850182,0.07389775129985364,8.885174066540532,0.18091543861498183,165.29583449728278,0.0842703887599038,0.2210123397215333,8.861017552801991,0.0027261557258627077
626.0,0.12135013914710502,0.4793135914942274,108.83899346025672,0.523585072732953,1.1174306832389673,0.8006691197931894,0.6186400525133923,1.0239616209231586,0.45703655361259377,1.104932895533411,1.0020460144023173,1.021299923249575,1.9744770628387902,0.4700581701464466,11.276487189524214,397.9699842769399,0.028335019310594838,low,0.9371183735030816,0.1101336710299862,13.78191679183447,0.06288162649691842,166.29087885105042,17.551657746110223,0.10554792822901332,2.2485901332176006,0.06781182027202319,0.9375874724118879,0.11503120559930541,14.030951489459682,0.06241252758811211,165.7887219774265,0.10554156994588393,0.0680172152546034,13.810000722858055,0.015999330560201436
627.0,0.1343780110243244,1.0872295612524092,157.15398807331465,0.6161889670069645,1.1747646891451207,0.8664277489809256,1.6225787834071437,0.7213621384874855,0.32114797191911965,0.7948885087890298,0.6230333841363102,0.9742675143274752,1.835157151517658,1.0041150572850925,30.118987528721394,255.10229331143108,0.11806631425281573,low,0.84715642594561,0.07770136934615554,11.051261798975421,0.15284357405438997,167.41617592204489,15.95265260718269,0.09528740290072588,2.350857660682029,0.17990488292329596,0.8469701323177282,0.07891901198633453,11.130267917085753,0.15302986768227178,166.99629092373084,0.095280934589413,0.18035722447558483,11.020631805704568,0.009948260073840295
628.0,0.1399377069184283,1.1494461838794634,93.64020502840829,0.5604442250369905,0.7612257806974373,1.1330432619315498,0.5977796782575657,1.0138608176415789,0.6410704762027778,1.1331609205457662,0.37031130040822297,0.04074542705923012,1.1674960450353908,1.1380469469988246,17.49571194894865,406.05790908372273,0.043086740973542544,low,0.9052418754815643,0.07995475313609986,14.04831891258284,0.09475812451843568,165.96901093494222,12.51328935246437,0.07539533604480793,2.5850098620510544,0.10541553420359147,0.9055612972538529,0.08898742268369103,14.32296622632708,0.09443870274614707,165.63313525077433,0.07539382081995731,0.10562929888672054,14.015882609810681,0.02190968810636658
629.0,0.08636520543996887,0.5376054191209957,93.14232881480818,0.5153501660021476,1.0522922929407694,0.8918994653139591,0.7321602883087452,1.2366231672756485,0.6055703649817961,1.6291014055455186,1.4903485244435746,0.7528680571669731,1.783793658045424,0.5078031009164939,21.368952640009248,362.1770467265118,0.0590013995451938,low,0.8868446375315943,0.094913709540491,16.626616170198524,0.11315536246840574,166.12942936978504,15.76381869612369,0.09488877892330105,2.355049821418386,0.12862833948851057,0.8893780931027316,0.10209554936153097,17.32954769237667,0.11062190689726836,165.5436015511312,0.09488297888885477,0.12908353110469845,16.884111482585652,0.02638197516348101
630.0,0.13536123085977664,0.7315894464630269,88.98716009994136,0.797480927251133,0.878126982029491,1.1006113170121998,0.604728825608775,0.74048278609204,0.4479301106703612,0.24057888179245254,0.6805964345186682,1.0176855983127877,1.8487868818070845,1.4253943082209233,11.309836241832386,403.3019171289825,0.028043100618872878,low,0.9365864475707805,0.08387570157244392,10.40962630953194,0.06341355242921953,165.63449449756106,12.838825948286818,0.0775129962344641,2.5573096633338697,0.06828188944663893,0.9366796185092365,0.08631007380225536,10.547771100878698,0.06332038149076347,165.34901072497905,0.07751158168438566,0.06839978172378522,10.409827420492457,0.013251293687606188
631.0,0.13585865315503307,1.2660314695116361,96.40651110001545,0.9849639804208623,1.3235838869500505,1.1457547754949302,1.561909352390917,1.0960472124208867,0.22996853688313137,0.6120310055609365,1.432885537279737,0.7510971279247931,1.7720487646127268,1.290609706563573,21.048753629313758,258.51160667194443,0.08142285717958105,low,0.8866657790820949,0.07069497785191363,14.33312538623905,0.11333422091790513,164.49358482360861,12.049822953754118,0.07325406013052427,2.613821604217996,0.12796093933927558,0.8880164088181055,0.0716525432384537,14.628280950812963,0.11198359118189449,164.16366840858694,0.07325172400685474,0.12821809985949828,14.493135430663447,0.00932479523123655
632.0,0.1254300275594144,0.9771049378503102,135.4516412331063,0.7805714825300434,1.2764822405001321,0.9594499079489451,1.7583012183272522,1.773283606882052,0.18279951244276837,0.4137002399677281,0.7477905299279359,1.966092161817903,0.6700011489981564,1.7593945372381279,26.777656832019094,248.29809923254894,0.10784479186423374,low,0.8610748157782998,0.07694873118069137,21.6468255159732,0.1389251842217002,166.3476721871189,14.354507273072432,0.08629220405877115,2.450016020329309,0.16097403997272539,0.8635650295009616,0.07580417943778126,22.228935766862524,0.1364349704990384,165.93104785374354,0.08628710858099811,0.16137821811154776,22.019678184250235,0.009503208033347258
633.0,0.10779169075897824,1.0556983308702195,98.96964332872439,0.5597026440436437,1.3128999700012984,0.9020352601312372,1.40938249515576,1.9887640446335264,0.33632371579307296,0.5842857627176562,1.8977188682983368,1.9045577563336356,1.1640054178861243,1.3152226864449237,28.623411831095467,268.4110871516544,0.10664019931085417,low,0.8531542659046977,0.08470244182422072,23.659527840654658,0.14684573409530233,166.20479533806946,15.333161318070436,0.09225462650991485,2.3832028454500676,0.17221772556486062,0.8740253542906106,0.08422329162672614,28.04492130311857,0.12597464570938943,165.7333293203957,0.09224849846031002,0.17270763791729957,26.719627804618597,0.04959999848017687
634.0,0.13443567085682,0.7134173307568968,84.53161363357104,0.6413474675441666,0.8815030044807164,0.9068237703178895,0.7376214795219231,1.6091280749369932,0.19768818987359885,1.011641534765379,0.11722766490129961,1.3029671040287243,1.5556421484092935,0.7532425855891481,10.621452334485246,360.74637004085713,0.029442991576830807,low,0.9406407352167125,0.09970617037531952,19.602587550138313,0.05935926478328746,166.64600518252777,15.575954676069323,0.09346731509710623,2.3701434749556785,0.06373661536531611,0.9405263514060387,0.10001103399039594,19.636465290114987,0.059473648593961315,166.1407199985418,0.09346256373039201,0.06393045807541023,19.484865397037645,0.007780392113993822
635.0,0.08736642631307992,1.13451851049297,120.66865479301006,0.7797148785965848,1.2831255966011192,0.9169736020634773,0.623155838297161,1.122051876549138,0.33806628533381894,1.072990077167215,0.7900667171203661,1.1821484110569087,0.9384411477553546,1.0820057036543302,57.090920031033065,396.28270387136024,0.14406614135136642,low,0.7430764841565562,0.08177633882664931,17.274254896911394,0.25692351584344375,164.94449595262066,15.242648828073044,0.09241077575847943,2.3815116863714065,0.34612200729287806,0.7446511309663181,0.08430727921937842,17.61597106437808,0.2553488690336819,164.47740857828504,0.09240672945472127,0.34710493389041897,17.36937775829713,0.014197014395818254
636.0,0.10770680777306046,0.617162344573857,90.90364614129447,0.6280891629007561,0.938205806165819,0.8822071944976397,0.85268356068994,0.674945170168962,0.3930674484731185,1.868397851980248,0.9572523252388287,1.2801588630650025,1.3918157995635958,1.8695513884751547,15.393753992709387,334.6105194304619,0.04600499117275506,low,0.9161189674393858,0.09245519516630023,9.94761718534208,0.08388103256061419,166.79541813858427,15.967262042189242,0.09572962027603553,2.3462275166458078,0.09229122816742649,0.9159689364059996,0.09749734787636842,9.989911427860058,0.08403106359400037,166.08584403499526,0.09572192697211206,0.0926855270667489,9.876857155459073,0.011446381234591277
637.0,0.1337735502809977,0.5719979963274053,113.56790488254705,0.6149395039936087,0.8055753679788015,1.0534607470241204,0.7855153687480456,1.603718021807483,0.3697703191402613,1.4704282432628084,0.08972807265356662,0.03298276189756429,0.10624362111684628,1.550360445975568,11.554728420327416,348.9452518715513,0.03311329888672844,low,0.9355436989847222,0.08723974871765235,19.53807496247381,0.06445630101527777,166.2992202990448,13.42943325676735,0.08075463752997816,2.5163398878166476,0.06948155499195557,0.9357137449766048,0.09338067819879889,19.73444551755747,0.06428625502339524,165.92534855192307,0.08075230268279349,0.06963811449648148,19.443134718850537,0.014982707414175477
638.0,0.121042585911931,1.22050490773755,142.33923262601746,0.5998083767740523,1.4281874246486808,0.8251766328108643,1.7803755568542856,1.8245696533317157,0.45163555605633765,1.4517173412580844,0.8113713073066959,1.603916126983486,0.7527353319002895,1.0567857052212983,37.74312810064916,247.27944406139616,0.15263350434934675,low,0.8149382626144764,0.08105409137512078,23.023864961296596,0.18506173738552356,167.22134403420338,16.549170036638113,0.09896565616200975,2.3129823964883047,0.22570759922207775,0.8198359095592733,0.08238799889425516,24.15189779470147,0.18016409044072668,166.59581202963125,0.0989540806200598,0.22655508347314304,23.51864161748763,0.026925712271705808
639.0,0.11659492895923966,1.0496412208945822,166.5834934849917,0.815148902774228,0.7235400717431563,0.81978216640894,1.1334314159055285,1.849441337017083,0.38862464638049743,0.5076909144092282,1.5885527038640284,0.7218881065361974,1.0470629500234472,1.8500769080979913,40.94149021358984,293.13111279297186,0.13966954863131628,low,0.8048628570863855,0.08704257551868821,24.350168061917746,0.1951371429136145,168.47322598051977,17.20085253148241,0.10209843392843507,2.2818178925341,0.24301481719311185,0.8257414578092069,0.08904885532095391,28.59261881851645,0.17425854219079306,168.18650168040878,0.10209415033569563,0.24342910878417368,27.21787515392939,0.050508853347745214
640.0,0.09794531024161732,0.8049788403871054,168.5080740900476,0.9138091139020275,0.9635053581589805,0.8811345977379413,0.5828797043244298,1.484986472045025,0.02622024471336882,0.18924964323520607,0.9962340240276668,1.9734909678965302,0.7621942141281478,1.6269840050183575,45.007823796363645,412.14837315547504,0.10920296361180908,low,0.7880403324530418,0.08988635883177903,20.8957880054491,0.21195966754695816,166.23970056926035,16.01601656269918,0.09634291031477428,2.3398414694469025,0.270740524930217,0.7911479614103084,0.08623178682556697,21.414375272975725,0.2088520385896916,165.87224172585863,0.09633947388120813,0.27134029978776825,21.38796484293136,0.001234826699890213
641.0,0.13809449140055732,0.5827615080427025,140.3708418855772,0.5188846571353678,1.0904211050576682,0.9637063480003907,1.945699847609538,1.9721741637289167,0.16670387333640627,1.6746115169015054,0.9342563264404812,0.9500951276446233,1.777372544238692,1.6816531280955516,13.654166068632156,240.48524402431295,0.05677756289800353,low,0.9244507616630335,0.079362315197306,22.507834949254832,0.07554923833696647,167.3017028615247,14.321085100980586,0.08560035466485431,2.4580658525620156,0.08161402923635323,0.9275806431962432,0.07970067209057641,23.36907994656051,0.07241935680375677,166.66751257490364,0.08559234994290506,0.08192458060772766,23.14244413431962,0.009793080234978067
642.0,0.15043917642390692,1.2290594581769896,80.58191062512354,0.8219763414980479,0.701887819392022,1.0502053789103902,1.2801696701706957,1.156826018109585,0.5869784747411356,1.4991902944988753,1.146569015060903,0.13790673256290753,1.1827275470731233,0.6928604355268703,13.92960131765972,278.6860118964427,0.04998313773579651,low,0.9232591426486577,0.07706677772998122,15.523222869561994,0.07674085735134228,167.2988438118584,13.447545051095368,0.08038038246228561,2.520985131795174,0.08326179069907216,0.9245262671274199,0.08265691688125883,16.00683738626787,0.07547373287258008,166.84911268802685,0.08037682588758063,0.08348621753659057,15.659520226230795,0.02217929764254802
643.0,0.12459397801977673,1.3607529099862652,112.95162846839493,0.631712287909366,1.115906047202862,1.0187240451131228,0.6711338237374448,0.5367650380076646,0.7240864667249749,1.2204683796372413,0.893748886011569,1.0552409458695289,0.059364705830578735,1.1176361112168625,31.51576049922627,379.91123370518494,0.08295558989361929,low,0.8403023484786218,0.07990141569533704,8.496609651522123,0.15969765152137816,165.1174431535172,13.772898589519848,0.0834127414189339,2.4839542064789577,0.19086875315725813,0.8405997971570612,0.08836331246663755,8.63838535417312,0.15940020284293877,164.66559464299644,0.08340978810274984,0.19139250410842704,8.462074917769167,0.020835366989451574
644.0,0.10207700148851678,0.7602061439492367,136.20698092724768,0.725223124626944,0.932905629032196,1.034807122388999,0.717291507040474,0.9632647153857029,0.662545568759229,1.3956935093417044,1.5615074819677235,0.8339362534390625,1.794301973722301,1.2258703387211434,31.63188411846052,366.23074419144075,0.08637146012494652,low,0.8404464617699073,0.07913882054703589,14.17985074425556,0.15955353823009266,165.8157389541854,13.628320004636658,0.0821895441927991,2.498727184611542,0.19076526943681957,0.8421807348775565,0.08603334730522108,14.650016040354167,0.1578192651224435,165.27393049366097,0.08218609282073867,0.1913906447555185,14.296337897659578,0.02473907270703841
645.0,0.10976675246871137,0.7119825883322393,140.76848504641669,0.8490788816831951,1.1575643670127853,0.9995897091986954,0.7556779196118699,1.1900426580979186,0.2924358478227429,0.7091515204345171,0.9031981894258537,1.1536305535897178,1.890835672805575,0.3759452043630356,26.477885886601335,356.0972215698988,0.074355777812223,low,0.8625210349237553,0.0851517686726082,16.159182838454583,0.13747896507624469,165.1615371983893,14.012122956655439,0.08483889890068236,2.4670011279096893,0.16031508507211661,0.8636050516807136,0.08645952157810842,16.450518689485396,0.13639494831928645,164.74487212705768,0.08483587465563108,0.1607205465319768,16.261400209504444,0.011629901333491307
646.0,0.15264828517671925,0.703669363177552,108.46731203790121,0.5096025093559488,0.8029701456889429,0.9187428060162138,0.7977219491104689,1.0757770673438753,0.6781964031713188,1.4212007859679485,0.9146947884462163,0.7775943536436634,1.7747220603153184,1.3562942692544508,10.426385740539484,346.1628921763231,0.030119882795607834,low,0.9416060437418283,0.09438538646773438,14.454522702500084,0.058393956258171675,166.94566927387143,15.397722846436222,0.0922319393693078,2.383448794423244,0.06245376586220504,0.9421111420118584,0.10192323644454837,14.821056956723096,0.057888857988141584,166.4011133907175,0.09222685767637431,0.06265814890347426,14.477278742355583,0.023746052036819232
647.0,0.08960467772334622,1.2096168892661194,85.18643441559024,0.6218692540980105,1.0623890736401327,0.9087093207018357,1.3229451309710012,1.7812270686283858,0.6597745826807973,1.8818176056164735,1.029385565789165,0.5090466885530723,0.05683431322701002,0.5686286418769516,40.85140950591677,275.05181487825786,0.14852259572981993,low,0.8032811077846649,0.07912106640531053,23.205341622037647,0.19671889221533512,166.95325815479234,15.354458590471255,0.09196860702314189,2.3863079881739484,0.24468770455525338,0.8121730263592581,0.08538168179401612,25.173308897886244,0.18782697364074186,166.4076671928211,0.09196193388509045,0.24548994763913806,24.07638811395501,0.045560022489230634
648.0,0.129326036862687,1.2760654735395054,178.09100419801638,0.7682974481994318,1.138625604150765,0.8574696277333551,0.5911310364924025,1.8665632863080373,0.03383150352453832,0.6722955006835366,1.048209356357715,0.9908452281591749,0.738976427723702,1.66030908962317,43.2506989421765,408.7125052081303,0.105821814578812,low,0.7942741370686826,0.09515721047022167,24.11752613070645,0.20572586293131745,165.7841765030335,16.379871965313868,0.09880238458713307,2.314633539022273,0.2608855673351015,0.8019983130431326,0.0937729820771264,25.334697818830016,0.19800168695686737,165.44370979015613,0.09879890145351632,0.2614224439057513,25.27703664682436,0.0022811681927477692
649.0,0.14716784803393632,0.9472895581806123,150.58012607533516,0.7123342762030108,1.3065261589350907,0.9949918527508967,1.1606909016687237,1.9703239280810678,0.11048675744029286,1.8967225550614766,0.5307155069901004,0.9144549531279663,1.7424405720294143,0.25772748120081607,20.964024328456198,290.1286116350208,0.07225769361495706,low,0.8877728737930008,0.08554009010744644,22.691505181505185,0.11222712620699915,165.1278458099347,13.956523767092108,0.08451950486386368,2.4707729444641275,0.1269563242082513,0.8895152068970064,0.08568875412022575,23.005902923078164,0.11048479310299364,164.4675800082681,0.08451354816602666,0.12746599863269284,22.86986052996811,0.005948544938950811
650.0,0.13417447939571178,1.0236732596547569,81.46086818313765,0.5506700369629342,0.7341249681196328,0.8037076927441891,0.7387276347640492,0.9421260942064204,0.193444443712582,1.046809338398351,0.21646296165095272,0.49197848536208116,1.8790232731686451,1.5468775041457425,14.744181986415139,360.46824069513445,0.04090286000781137,low,0.9197709586398314,0.10233896012260296,13.403859567099712,0.08022904136016862,167.7546261901264,17.634948038489124,0.10512346776357977,2.25261973617142,0.08789135847559085,0.9196018353671638,0.10480910321098313,13.410794050031726,0.08039816463283622,167.33898229566498,0.10511797566506882,0.0881096668818279,13.331703008507702,0.005932553513497184
651.0,0.11699880680526772,0.7782840860496415,105.56023859586493,0.805728302775367,1.33081998690536,1.0931336176193174,0.5607096190091251,0.5514789097863584,0.20582366236444766,0.944821141623999,0.48165528763280396,1.4466848073692153,1.824324728786068,0.8136750929804709,19.10406448652238,421.80471184463556,0.045291254341319524,low,0.8962203326623512,0.08434527676210599,7.951788511273004,0.10377966733764876,163.7081062849416,12.742130802361354,0.07783445237698297,2.5531711132101784,0.11669589808381793,0.8959038379118949,0.08608849610563989,7.949244118238351,0.10409616208810513,163.20661777087423,0.07783192752403433,0.11705447210077337,7.901509021906062,0.006041263282741161
652.0,0.12374215501669736,0.6013539069126721,177.2486418634861,0.994260121634696,1.2755985594869044,0.8956727347374616,0.7786733153617136,1.4362084320240978,0.061154212473997965,1.4359730844545995,0.1818038237244727,0.01070439095896822,1.2682584076802574,1.3384902749707468,22.157860815684508,350.50596133288866,0.06321678733058796,low,0.8825953588002069,0.09572257757899735,18.37235535136582,0.1174046411997931,165.3660381303585,15.590187407572614,0.09427683933071448,2.3615197257579306,0.13399281416065253,0.8828945955755338,0.09797108069861617,18.34234770679031,0.11710540442446615,164.9635350015533,0.0942727705102036,0.1343197502131357,18.295970694495992,0.002534821085402689
653.0,0.12096873159734552,0.7973851717971112,104.02066719595422,0.9259159619278146,1.0811353285368708,1.1962465424842836,0.7573687073058205,1.0104243790971248,0.4922016834870426,1.2272802605717459,0.4975850085246203,0.6975865573268182,0.19852813152578377,1.0366017327177242,18.042290192214434,355.6813420195065,0.050725995605428606,low,0.9016731557263596,0.07656143327582157,13.508366957507011,0.09832684427364036,164.5809828201675,11.716928886033976,0.07119248339181873,2.642368036476772,0.10962560730317598,0.9020110653293899,0.08211127516507181,13.717343778154193,0.0979889346706101,164.1757864516751,0.07119073540587934,0.10989617033158026,13.476627610768983,0.01786175105060094
654.0,0.097146226946534,0.8006960383626862,129.0320448675286,0.7060677913538432,1.3114549360635794,1.124572240648346,0.5250884139203812,1.8002132539731421,0.3777328065421284,0.854317734967469,1.362053516803593,0.3117368933497735,0.2231699346823595,0.32449628648073087,34.846848841280185,439.08665713923875,0.07936212197454659,low,0.824974988342343,0.08203260494710818,22.083591963401517,0.17502501165765705,163.6055276313941,12.389974497627398,0.07573078169792777,2.5805705737397626,0.21299310204109176,0.8351480572819572,0.08736286789167994,23.931812415642703,0.16485194271804282,163.34604176460056,0.07572960975832332,0.21333145550902477,23.276945640710125,0.028133707275891557
655.0,0.11304909879899684,0.6184251089096657,115.21808787167392,0.6036272733746453,1.3175220900776257,1.1085346896700194,1.0395600665975926,0.5000754569577166,0.23365877070901997,0.39121204357523626,1.0701972563548476,0.7985501311635895,0.7272639052306089,1.756846778722825,17.7469487786343,304.4678355555971,0.05828841902544295,low,0.9028442811124655,0.07693327567538194,7.231870557370041,0.09715571888753449,164.2124332556155,12.527352248428768,0.07628747714205357,2.573246480740557,0.1080731125335019,0.9029769056803426,0.0783140957590533,7.280745690939644,0.09702309431965739,163.9727103427375,0.07628596986893342,0.10823111200357327,7.232736564862716,0.006637754001737133
656.0,0.09477033610915084,1.0526880353883037,141.5268949468582,0.6661835803978604,0.8918143957483672,1.1547044056129443,0.5860769227274972,0.5874656168731495,0.7811961706833054,0.8046149105297998,0.3507790658072321,0.6101904089100236,0.3542045106889336,1.0173332436202636,52.801219229128385,410.81783046484253,0.12852708746692793,low,0.7578791101807745,0.06582548032239907,10.15177825016713,0.24212088981922553,165.37722072863886,12.229224809722668,0.07394745634157883,2.6044004874205857,0.31927746153001246,0.7582358576489222,0.07359791665133861,10.350896176481841,0.2417641423510778,165.07646285123712,0.07394617496251683,0.3198591629426393,10.116478533909026,0.023171861808145965
657.0,0.12424466559798251,0.5788343604173496,95.10291605628386,0.539652624327684,1.4736290125999656,1.1267399397826448,1.5821785452952977,0.8805415909760377,0.20911096688665923,1.3115067717628583,0.8687722539413473,0.7148848373464665,0.9475978337096608,1.799462796795768,11.35122576159268,257.3289031145646,0.04411174036108582,low,0.9355203952963077,0.07521232071805192,11.304003414015641,0.0644796047036923,163.91357213179333,12.18401170190406,0.07433192714577416,2.5992147136904866,0.06925128660161113,0.935719087032152,0.0770117704263626,11.368947322365992,0.06428091296784799,163.4606234953273,0.0743285096713739,0.06944318159851612,11.285275243172036,0.007414270134401961
658.0,0.12854268470193367,1.1171890061640437,167.35360369453116,0.5521649452662839,1.449882073273699,0.9676504613774972,1.0361339423999054,1.249353163320044,0.15451506299456944,0.5333706477812652,1.2574487069481652,1.4351030864542198,0.3737193474439968,0.9206256198962834,36.01779458113815,304.9123953906127,0.1181250586254357,low,0.8205981999714564,0.08101349974827061,17.070514267732705,0.17940180002854356,164.55071985599324,14.307163146305584,0.0869468280590113,2.442458518904633,0.21888567010013185,0.8230868480172523,0.08070649503385348,17.46660072419885,0.1769131519827477,164.2015486564296,0.08694358526874942,0.2193511259537552,17.34695858002354,0.006897009848924769
659.0,0.1107742273547613,1.179664178450917,113.10089690862728,0.5181617221062338,0.7099691962793075,1.1510308431898848,0.8847788110941462,0.5720719885724012,0.5655585177172896,1.374771972742557,1.8330230901237847,1.283117491071352,0.36119688888797225,0.9268422340798228,34.60964216651652,328.5511655099546,0.10534018989948735,low,0.8282157040883039,0.06674131803638841,9.386960366621365,0.17178429591169608,166.41041272678524,12.315149571054627,0.07400468137335733,2.603626925976785,0.2079776235116914,0.8288076605921586,0.07194468362141362,9.538363974463254,0.1711923394078414,165.86147017765106,0.07400189070296811,0.20866595556790127,9.389426056652676,0.0158623026489517
660.0,0.12040306817043257,0.6066603177208635,157.37393950391458,0.9107361640091542,1.090710682168875,1.0829949905562493,1.0101270288597608,1.4791151385536727,0.7335440859114057,0.3827812985691495,0.16806857411244946,1.1552198780956882,1.1393640987344462,0.9867510806460752,20.96299950767263,308.4883914094567,0.06795393308608633,low,0.8879162053156711,0.07962555148168142,18.616061689712105,0.11208379468432894,165.31685109873825,12.926528728300793,0.07819244464425593,2.5485822519008328,0.12680497703862095,0.8881761961385088,0.08471776117240344,19.166691132352906,0.11182380386149116,165.01019616770316,0.07819043629098109,0.12704063139448374,18.585473940708358,0.03127265914760932
661.0,0.1406171837504589,1.3207640928606712,91.48371778994502,0.7454255006336044,1.1774624737488981,0.8559495981099998,0.6436379129504617,1.4821925371490785,0.6857563857440973,0.4670456892449359,0.5700233611141452,1.9559670903896016,0.49014398050871916,0.6064663351641757,19.451020642590425,388.99780923257464,0.05000290536587834,low,0.8959151058654334,0.10282522160238397,18.824713988671,0.10408489413456656,165.75386457899353,16.383992971309386,0.09884531508766871,2.314199124644758,0.11734882135022937,0.8969040237919103,0.10747005162221722,19.491434063459128,0.10309597620808975,165.33797027392126,0.09884089344560033,0.117644002828662,18.92693050888674,0.0298254148662582
662.0,0.1215867627915131,1.3261306395395032,167.5460389252617,0.7435885628706574,1.4085340465294462,1.0624606305417492,1.090292940233048,1.2276472148806084,0.5726858694272672,1.1641479353739026,1.8869462411432112,0.8376648655411256,0.31485002001371976,1.7339173838145447,47.84075337606554,298.06742619652937,0.16050312503628614,low,0.7735908937365827,0.0711566806735764,17.446897015295857,0.22640910626341726,164.13815755765535,13.029578073206826,0.0793817736660657,2.5334864878850833,0.29146637252377444,0.7801480521817098,0.07561969307783915,18.548020477933733,0.2198519478182902,163.72394755850527,0.07937874865975249,0.2922037618166401,17.998083258821058,0.03055532143086094
663.0,0.1117274505317036,0.4766693671590486,174.30386334661438,0.9840196916631587,0.826303871473586,1.1785492561082025,1.6597879256329398,0.8278766835317397,0.11793750035495676,0.3763484425763548,1.137841925983088,0.16805804947172673,0.5857334694325598,0.7690282160486975,21.18627503320137,253.15377170270136,0.08368935169602015,low,0.8871050225990423,0.06444824459926185,11.953640619694353,0.11289497740095766,166.62251706169815,11.899969609002257,0.07141873630798563,2.6391950307838306,0.12715133228575806,0.8878127736928175,0.06525888844301639,12.077798054479567,0.11218722630718247,166.4757311964046,0.07141777082289157,0.12726344483332677,12.032152483630508,0.003793633010482448
664.0,0.10595097427937783,0.4808778505963987,168.0944684319312,0.7835685607092451,0.9370106669670021,1.1661091365471106,0.7223195227119436,0.608954985980295,0.2949720199955716,1.7665595172977913,1.6644108254527603,1.5981039043183847,1.8517681992518813,0.007878423003439715,22.920728342710465,364.84423838972583,0.06282332549329338,low,0.8787320429544878,0.07378929127305094,9.160266337251963,0.12126795704551219,165.29091088513334,12.083050655098054,0.07310172465257335,2.6159033194462573,0.13866901827795547,0.8787682391237271,0.07774661171670502,9.200564575888727,0.12123176087627285,164.55103952596733,0.07309837446107088,0.13929251622317107,9.1211735636108,0.008704034817916435
665.0,0.08253749655849904,0.8783095075894245,84.67758795137489,0.7824586047234784,1.1796092096293274,1.1775546924586175,0.6584439481457005,0.6809796545912782,0.43435389677883124,1.4819817032933749,0.4886955950997062,0.5753755239951616,0.9411182731792459,1.3741819084188862,34.750703865722706,384.0075779392774,0.09049483880554511,low,0.8252698331774686,0.07193871915112537,10.34123475900349,0.1747301668225314,164.1119181323575,11.870801514893635,0.07233357363674067,2.626466891948384,0.21175003169298168,0.8254755694667051,0.0783612405964061,10.423461286305738,0.17452443053329492,163.6359348181002,0.07233153479343812,0.21236596902967578,10.279976480847699,0.013957697833780156
666.0,0.12445257377470083,0.7645366094931667,141.11949410004672,0.8542374328278215,1.4879601250808654,0.8043868808357933,0.6648521478152944,0.6386510987942832,0.686904070563326,0.1549724013754826,1.6959318407184203,1.7655948182218253,1.855381642655631,0.03299263302592717,22.17316349349435,381.89105272513,0.05806148988113034,low,0.882681134695653,0.10298435469632618,9.44453805630114,0.11731886530434699,165.05841109586737,17.28407039907041,0.10471487205236497,2.2565141267578057,0.13433525347954542,0.8831241995186652,0.10601012383842576,9.676075013420423,0.11687580048133484,164.6915952955091,0.10471010286631076,0.13463445692968512,9.478371049628501,0.02085843261007074
667.0,0.10259251267757029,1.3857459799203804,89.96171893700749,0.8588685807887366,1.2561127564906092,1.0962564401406154,1.4177581814369227,1.7553269891726773,0.06924911524091125,0.5246040842004748,1.2585698757127772,0.6321500188398661,1.699365541681358,0.31730835875345553,37.70163343427288,267.81637455616897,0.14077419088639684,low,0.8135274901086409,0.07035240140014878,22.06226849082404,0.1864725098913591,164.97969292463728,12.646988048189582,0.07665784693857276,2.5684033052763113,0.22852287312411823,0.8208134128314282,0.07010784231029626,23.158338654054678,0.17918658716857183,164.68954186987202,0.07665564985956846,0.22892548613719801,23.05683597502118,0.004402281351329456
668.0,0.11644994047270159,1.00538878582443,134.36127295251973,0.8564871700700005,1.3718413354221608,0.8609811111257832,1.0962946118057597,1.1023787927746946,0.7212579765686611,0.2846304368605715,0.17508331933789967,1.452046542441295,1.6869926857739028,0.7480428723181974,31.70879454964594,297.35288696586014,0.10663691505805528,low,0.8398091129634816,0.08742739833479204,15.519025129675269,0.1601908870365184,165.8232594087414,16.11145177756332,0.09716038531030109,2.3313922091262933,0.19122042747625792,0.8398091075219046,0.09114049806291558,15.89077998825919,0.16019089247809537,165.47593296203553,0.09715581443776704,0.19162179044441924,15.47167391972544,0.02708860532533689
669.0,0.09433552535315895,1.009709257137489,104.60101164603509,0.5841925085160986,0.9936445437196635,1.0949608077271131,0.6766724046482849,1.5760115805707966,0.6167383768982639,0.20827316861263567,0.25867242874569,0.9511784036177299,0.3575095944610773,0.007230574764169394,37.777377443808426,378.17937633355797,0.09989274880629241,low,0.8144577001553842,0.07736565484280514,20.898133819854657,0.1855422998446158,165.2794783958764,12.85477418811448,0.07777598473129738,2.553922574995435,0.22856665455661887,0.8155571176435639,0.08232304853154122,21.565199078634503,0.18444288235643613,165.07676831248168,0.07777491391941664,0.2288473286095463,20.973394807123263,0.028216904175677057
670.0,0.11654393554220466,0.6187577641632214,114.21974509784731,0.5356756674864971,1.4768365094218332,1.0704453425948663,1.1075505020909833,1.0594259817926663,0.2822499068816013,1.1672551518583638,1.9623093729510017,0.8716705499912516,0.02799204686368378,1.4306091703872832,16.56275646974712,296.02100499458163,0.05595128788259565,low,0.9086057226947891,0.08166684228110782,13.613872980160945,0.09139427730521088,163.78872441980496,12.898044100998895,0.0787480587976256,2.5415016517690967,0.10112269039531267,0.9104447281466815,0.08439961311571387,13.968175012849326,0.08955527185331846,163.38279873416707,0.07874512228894072,0.10137393041415364,13.808975432995362,0.011528703242788702
671.0,0.11893931142439149,1.1542485488432876,93.20135560825746,0.8822686939379341,1.3178576930530201,0.9941780240946635,0.9136106299776076,1.2388533231845855,0.7729743005026575,0.05006505739536244,1.7839860023912248,1.149721190605365,1.9476184595984203,0.17482428783308215,24.205878770313724,323.4101039345887,0.0748457715941042,low,0.8725229629075774,0.08512987869752071,16.309147947894598,0.12747703709242264,164.75353977335504,13.999297803970393,0.08497115038152551,2.4654434873796767,0.1469217523557479,0.8760073787510204,0.09004378775870349,17.31490400023751,0.12399262124897958,164.49402674580926,0.08496905850464799,0.14715354258862415,16.714201130199946,0.035939669826767225
672.0,0.12300099394667524,1.0353599153233315,128.79644724659082,0.8253973035335311,1.1346469447477527,1.1971447917235634,0.5699103925324875,0.585989668597549,0.02474543490188357,1.323109008931031,0.05604619701894995,0.06078712557911156,1.7601458793331453,0.8853996107851079,28.05615265921323,417.7097649988053,0.06716661905017583,low,0.8544428747039121,0.07391089703358783,8.830913686820596,0.14555712529608789,164.15481142833278,11.696819448409173,0.0712548072556241,2.641492991855019,0.17091276469506392,0.8541573946875742,0.07783212674773887,8.773696151202582,0.14584260531242577,163.75691574548873,0.07125327639170038,0.17132804762162318,8.76735154662195,0.0007236626188529633
673.0,0.12577071828726186,0.9178134719479825,110.82296636299031,0.9722663321565113,1.4134934918422908,1.0661132378308213,1.1383448728902401,1.704051196297201,0.5013941602345902,0.2620110091761676,1.8102849757201602,1.7172677512887313,0.41031791179284,0.8240353309564258,20.46799223720678,292.53669055651255,0.06996726529677054,low,0.8895592335557755,0.08182930759384484,20.106960126073172,0.11044076644422451,164.14710758227247,12.97602595555717,0.07905120075937636,2.537659525570087,0.1246929814279425,0.8970683951537256,0.08365481593570147,21.919069249453546,0.1029316048462744,163.82131193414176,0.07904879464461144,0.12494096156082043,21.181714447078463,0.03481091222418896
674.0,0.14545674455971658,0.7500425153844726,146.53784865442657,0.5870158788738845,1.0926437391890336,1.1177847555059222,0.5735764423944469,1.752562832081945,0.4110736635370569,1.8921146444011165,0.45972862305513246,0.9216514737871483,0.09354288148567293,1.8873716970295156,16.535528998945463,416.11161973685734,0.03973820536278771,low,0.9094517132602074,0.08720032125976791,20.663335473244388,0.09054828673979265,164.6607412298892,12.556748712579545,0.07625830309514146,2.573628976371998,0.10042180592312272,0.9106045518368329,0.09322802973926926,21.129501242054324,0.08939544816316713,164.06767509377676,0.0762555143458142,0.10078480718090381,20.715044971928254,0.020007500378962043
675.0,0.11938309976381033,0.868456218381874,104.16352754245752,0.6951891335583922,1.1760152688530505,1.0595553823679276,0.8566150438592516,0.632310853141237,0.08461801865486615,1.9962146469513238,1.5749940064729566,0.229866983665146,1.8042723974249502,0.14152135160493035,20.203566122748338,333.8233814512828,0.06052172269933341,low,0.8913474928726596,0.0802793313321548,9.216562490524966,0.10865250712734043,164.89879814489748,13.194908660759623,0.08001822214110489,2.5255008934816328,0.12252100288199404,0.8917345887424414,0.08501804719187503,9.214333425800158,0.10826541125755862,164.30617245323594,0.08001437014435539,0.12296291625014014,9.19086392495009,0.0025535685264968227
676.0,0.10618445772411406,1.1394517425481117,119.02217257538399,0.6289789006138469,1.1645898478187342,1.1804767862618166,0.8938741460908238,1.2158185921584417,0.15099830304057615,0.5378853233274897,0.199049698754069,1.5142721908658325,1.4094877744110013,0.6885106755681417,38.287061038337605,326.8737821984478,0.11713102464453147,low,0.8109221587278652,0.06978317482621223,16.8831365605058,0.18907784127213478,164.39641265698177,11.831119491154817,0.07196701740591396,2.6315473565066143,0.23289474763798376,0.8105998409673131,0.06912107367389601,16.92356615751246,0.18940015903268692,163.99470414742675,0.07196506811920884,0.2334652282668749,16.823735822040934,0.005933898185725088
677.0,0.14370649049112139,0.5131406804389878,85.77958709325925,0.9863752246921682,1.08610528178759,0.8504973175593606,0.5791507150968243,0.8730620449448367,0.696037615380379,1.2605090819793772,0.6660915520804046,0.24006812485380347,1.4197142637670808,0.7962738944966795,6.784498605642655,413.7153882469849,0.016398951545868925,low,0.9612988246266214,0.10777866175692517,11.785407155702206,0.03870117537337858,165.9878283763749,16.54022194832582,0.0996471976898277,2.3061193542458187,0.04087347049482993,0.961424646903301,0.1190444370855358,12.02331238465773,0.03857535309669902,165.58428119479504,0.0996430083599325,0.040973083656783225,11.760398359924242,0.022355877470053836
678.0,0.10622457450841868,1.181836089438653,174.95322801237535,0.7989872384496992,0.8385543955275281,0.9005715996504614,1.2346030399888601,0.8752633370040028,0.17354515744497512,0.7046537515792429,1.0401078710049074,1.3327990141211044,0.7206938176764582,0.6313283092145112,58.32830211799208,282.7946337872705,0.20625675012584915,low,0.7414833908978051,0.07018822892374897,14.784066176780977,0.25851660910219487,167.6560982046982,15.607651654454374,0.09309325352065842,2.374153562194226,0.34790444691595207,0.742352518448759,0.07023739024387157,14.958954609397306,0.25764748155124095,167.24909738343223,0.09308836123524579,0.348751072684534,14.87031245056765,0.005961015219036189
679.0,0.15867206069213774,1.2420067607063325,102.74896697576469,0.9731336558440209,1.1526938534388556,1.1917863546048277,0.6995748311934568,0.5750349292149523,0.2388118777210444,0.04588512829747271,0.7767223628577998,0.3032654945842737,1.7805705782913426,1.5384514533841784,16.13431855581993,371.25586665361834,0.04345875716725912,low,0.9110090415876331,0.07712615999032087,8.194479567320418,0.08899095841236693,164.2155811398591,11.735602458410188,0.07146460997763185,2.638552917165765,0.09825083858564344,0.9112138170412385,0.07813990872057526,8.263598183986545,0.0887861829587615,164.08600117937738,0.07146406263702165,0.09832842801856104,8.20621702535096,0.0069924008173707615
680.0,0.1264372546754666,0.42269617213181815,153.68275521980905,0.5220512103091869,0.7057287076082321,0.9628417702326734,0.7665534948523169,1.7592913997411077,0.5931638678437154,0.02285178716169869,1.145198757339076,1.1763764575133993,1.3272624891275677,0.47252942725714403,12.934613774257487,353.45139797235925,0.03659516937394885,low,0.9285701176404566,0.09342135131918516,21.245606992558578,0.0714298823595434,167.00373960081427,14.735595675777182,0.08823512402176971,2.4277501637031866,0.07745104274416152,0.9320565303781515,0.09741370778403335,22.764174255762896,0.0679434696218485,166.7656179330598,0.08823322494787544,0.07756163371426765,22.03544703549684,0.03307068012244774
681.0,0.11371144845973893,0.6944143550931583,177.33104660706246,0.6475180740067684,0.7797871133636197,1.0473266552322495,0.7680331750885887,0.684388034115094,0.3150795897920473,0.8201457252708395,1.1039113507252944,1.771363281858216,0.31942950429892,1.3524646576174273,30.314137169601192,353.08651159782414,0.08585470181916742,low,0.846516212044728,0.075810173702314,10.759610858810339,0.15348378795527196,166.3951909445173,13.519784916135757,0.08125105563083122,2.510211465477229,0.1821815702576952,0.8465815737230095,0.07733725708024422,10.852054880375759,0.15341842627699054,165.91703937043863,0.08124804865473792,0.18270659411851972,10.753037538414938,0.009208313614370233
682.0,0.14569404371202208,0.660231018954607,119.57935054773958,0.7199999158540845,1.4842983779548822,1.0448184348409015,1.3525044827645036,0.5200723631327684,0.6298439579228572,1.6949423022821115,0.5499702252484259,1.91717351335984,0.7943821439355633,1.9290470684517154,11.83909887728881,272.66132113525066,0.04342052927784412,low,0.9331299971227003,0.08005864350386474,7.209154949918806,0.06687000287729972,164.22602436102878,13.178613650612055,0.08024680437760977,2.522648338604636,0.07209027267969507,0.9329328626386688,0.08467658136703647,7.268866762771692,0.06706713736133119,163.5196110302864,0.0802407425198915,0.07240170645401073,7.137432877125594,0.018414728083443573
683.0,0.10480285895503538,1.2365827682114303,172.51003322350266,0.820059073155029,0.9038544634380621,0.9376212126391068,1.2853396668592643,1.5897702900579618,0.5963939169318215,1.7388719761893443,0.5822425650817438,1.6956120704919313,0.12013071253054701,1.598158834858333,61.82176732368874,278.22253658907323,0.22220258675521218,low,0.7296618195305687,0.07017327084930453,23.084835218475387,0.27033818046943126,167.2497365866724,14.960606320675367,0.0894507018426451,2.414067622857574,0.36963745704706297,0.7324852939823943,0.07293787489760722,24.03647846386659,0.26751470601760574,166.5610289097361,0.0894431260929279,0.37116585871471536,23.308515816528693,0.031231617365429978
684.0,0.13202976027277005,0.8119019816245139,99.77189550765345,0.6831366986224892,1.1094352921310622,0.9250217003449813,0.800930248233873,0.9329297561727763,0.0530354005720039,1.2239981002782916,1.0505356270390218,1.3869095125266095,1.0549136123127945,0.013647431319852353,14.791706553228066,345.4216041462878,0.04282218128708505,low,0.9187003952571949,0.09297073471303287,12.80262894116313,0.08129960474280506,165.83512984419062,15.163624219052245,0.09143794944592944,2.392094684879034,0.0891952541486567,0.9190668637049818,0.0930376487569222,12.825958971028673,0.0809331362950182,165.29081016625275,0.09143290075949136,0.08948898331583148,12.803604311400782,0.001745966142360764
685.0,0.11950162466590163,1.1365498692229559,167.0076918678871,0.6314407356839034,1.0119406251209662,1.179447518806464,1.8890102526931878,1.9456223538830355,0.13335896086039684,0.0656517912962873,1.2272314468092564,0.9304256583391709,0.8648527918770377,0.03419791542801619,42.30848538068808,242.69487787375894,0.17432788755721257,low,0.7958887842337103,0.06109868173680034,24.331698815048824,0.20411121576628966,166.04647978385037,11.78600353874606,0.07098014696901972,2.645355061196478,0.2547990504572142,0.8067363748169337,0.06074759764234507,26.218831240986216,0.19326362518306628,165.85581379682714,0.07097878922671177,0.2550919645935104,25.946569032885698,0.010493187278651058
686.0,0.12234855369313623,0.9208680169252161,90.4177585389403,0.6898078970185213,0.792045957477763,0.912444737209042,0.8267606886981934,0.7180554966932596,0.34230194733725594,1.494528460169973,0.9104270740253307,1.5392650796585707,1.906843691168825,0.1977881980407027,17.705311576642814,339.8744009429807,0.05209368969101371,low,0.9047601880492131,0.08890366970404913,10.700088088146064,0.0952398119507869,167.0639322194539,15.50381189800835,0.0928016699477818,2.3772906442249333,0.1059792580087559,0.9046852411924441,0.09179786825344653,10.742442169428685,0.09531475880755591,166.38475008955527,0.09279510357715849,0.10641186507244849,10.637703280744752,0.009846005845408394
687.0,0.1136344291807283,1.3682454094387744,97.76170844898714,0.5645292327801801,0.9549088517049237,1.1495917141795933,1.1737356375079633,1.5931563222787368,0.11436721345266501,0.80889077362948,0.5428225485470389,1.6694909669771334,1.2350300829695544,1.1335663619491783,32.9733475465723,288.78644076125534,0.11417900182450715,low,0.8340930181547999,0.06989496819020395,20.69008664827872,0.16590698184520014,165.74279352321713,12.210752837505309,0.07367290352684225,2.6081202064559235,0.1989428731449094,0.835223207639096,0.06878539207502128,20.928349462180197,0.16477679236090403,165.25037064925445,0.07366998940133654,0.1995356949398834,20.81970287491436,0.005218450422592061
688.0,0.12250398618806448,0.9079792708840155,93.429182770516,0.9608535233013826,0.7188999215772494,1.1561262836967428,1.6636346943200384,1.6491621618201073,0.3849732529107559,1.4392386559965393,0.6977965526138404,0.5264811166769766,1.4357003982575527,1.2155803541296872,17.99319016822453,252.96257590789477,0.07112985034899376,low,0.9029114346531295,0.06869465788238767,20.44631163247698,0.09708856534687049,167.15471498744122,12.166824116320386,0.07278780091386901,2.620206907685332,0.10764392837842716,0.9045832633010055,0.0713477755190714,21.04587408575577,0.09541673669899453,166.65345662261603,0.07278432517576823,0.10796769855767113,20.67529173744318,0.01792392354210217
689.0,0.10759524653585406,0.42394338069134413,161.60206222610077,0.773639176850911,1.1029700987525266,1.0027139968145242,0.7758471382290149,1.795545785455582,0.5314907651811904,1.0247820432973462,0.6533631925526197,1.6319115684961432,1.9952890377691122,0.611855681880069,18.837302613347106,351.1877996259191,0.053638829803917924,low,0.8984810562901042,0.09017649279344878,21.395419859317776,0.10151894370989578,165.38828765384437,13.989332519674608,0.08458478359092819,2.4700008915386396,0.11389744026356538,0.9003442072296961,0.09322172535950941,22.206677333095318,0.0996557927703039,164.82172847511458,0.08458066815237464,0.11428895199452561,21.622512487868526,0.027016510942220115
690.0,0.12882807445553787,0.500326915264359,106.11743961926148,0.7515204052878073,1.2231540815458293,1.1780047708233594,0.9393163421792756,0.5110794511676945,0.13569156984643665,0.17403099404539857,0.30305826351626736,0.05952834176825381,0.7831576259809453,0.24100705752323937,10.182858889257506,319.13866692603926,0.03190731786699289,low,0.9420263643314423,0.07743677389623693,7.110394562180364,0.05797363566855773,164.17740753115837,11.827979493416702,0.07204389246536208,2.630479728132918,0.06202350885169723,0.9420900697397501,0.07855017710193478,7.135144732959009,0.05790993026024993,164.09443250026868,0.0720434773839097,0.062054871296384984,7.108276733281723,0.003779819031452046
691.0,0.09891355408018584,1.251749425676028,174.5954400825658,0.9367570506214906,1.4178665580648726,1.000415627950691,0.6086149116349712,0.7848077108637334,0.793194393162111,0.7463890219041454,1.9899381517759849,0.635443921197176,1.5899284070550364,1.427157697938381,71.10314512712245,401.74716590273755,0.17698480826206106,low,0.6961506318044568,0.07168537330183157,13.390226753940999,0.3038493681955432,163.88288802015637,13.899007718140657,0.08481061010122781,2.467334624892771,0.43386558527316954,0.6998098355739444,0.07895340655135781,14.015939416649186,0.3001901644260556,163.54613464295318,0.08480834610166144,0.43475894604511284,13.59180418161416,0.03120521965794357
692.0,0.11038160645817563,0.6226175927015287,122.05088643314522,0.9760145672413922,0.8701178699562866,0.8334096934688048,1.2381901665062367,1.3450405834244246,0.6093247110221629,0.5634365982768628,0.15074512024560185,0.9045884884674962,0.2666937325879355,1.8398777303167213,19.85267497849477,282.45713123638234,0.070285621367019,low,0.8945097971408554,0.09078375148621742,17.904272123197824,0.10549020285914457,168.09361035171403,16.831803871984867,0.10013351391981233,2.301250844301717,0.11810487583053053,0.8946763310574717,0.09534484171604844,18.279667096894006,0.10532366894252831,167.80503206138025,0.1001292074172054,0.11830798358438377,17.868490318187163,0.02301127691175636
693.0,0.13597809345548548,1.1997534386580915,174.03910951977468,0.9801653867800917,0.9012540494407695,1.09893852904537,0.686167877921857,1.2962955222217238,0.09414740557836328,1.3570560287688413,1.4063896438708083,0.3169691116948919,1.8121079950439318,1.041705964669118,35.94604286745576,375.26587692335545,0.09578819998813108,low,0.8223011075672272,0.07592562028659304,18.116595827507144,0.17769889243277281,165.64327543384684,12.8437429956398,0.07753857174098941,2.5569797665506098,0.21700876641872235,0.8257602407990583,0.0778091781680175,18.596433885881204,0.1742397592009417,165.18546171018397,0.07753617063574221,0.21761020912677342,18.516895729306093,0.004295436866840966
694.0,0.15672709864811518,1.3768286297178882,103.80305258414435,0.704451136774416,1.1781653935500962,0.8789739572854658,0.7708241600410477,1.9668609238606845,0.0437426885793486,0.1979536117701043,0.9372846511927837,0.38343576580496275,1.2722520761260736,0.3329748873309409,18.52046782484834,352.3815324244266,0.05255799785370513,low,0.9003511712819052,0.10085398699382472,22.906561748130898,0.09964882871809477,165.82730534824117,15.933696957244818,0.09608608741355162,2.3425107454577305,0.11168527273572304,0.9046830991990586,0.10056309769526808,23.85253349306714,0.09531690080094135,165.66839457253857,0.09608440957039846,0.11179240236277584,23.789365003780926,0.002655324733391285
695.0,0.13746314428143813,0.7431274047165232,160.86928760578934,0.7922842570726574,0.842951364529541,0.9757928460960221,0.8093750175452674,0.51373856639433,0.38082852619606916,1.9624660798026514,0.47505668260220174,1.5501712363286702,1.9191162624743459,0.36227496531337683,20.137891474103647,343.5816843156722,0.058611655956612566,low,0.8927370214166603,0.08298752535677838,7.999751707692258,0.10726297858333966,166.53719220402405,14.481263750928417,0.08695513332053466,2.4423630023105267,0.12092128615590442,0.8923534853061175,0.08829189656901827,7.982084770446429,0.10764651469388253,165.74595497105395,0.08694886299406872,0.1214985396030965,7.904245958799259,0.009847721345325435
696.0,0.12650662856213346,1.1465445805468701,95.73773824695738,0.6260550916796579,0.9154703789035737,0.9205068042496358,0.9150202013335883,0.6247686359664382,0.03724027959286391,0.4548866140060905,0.31227771983039565,1.0612526211588227,0.7719456480403367,0.049989880286699755,21.832208629810918,323.19973694004085,0.06755020544419928,low,0.8847603113636279,0.08528023139660117,9.567787200454855,0.11523968863637213,166.7414392502832,15.303602247151852,0.09178043752027801,2.388356102972138,0.13093450990932257,0.8845700386146922,0.08473501802045663,9.547770372434512,0.11542996138530781,166.44081538505705,0.09177747070857589,0.13117100261316672,9.538125914327859,0.001011148122102816
697.0,0.12621581620998437,0.6298040292391868,100.46814923104253,0.6251406982975724,0.9667112529284414,1.0513738910930632,1.4476559283674575,1.3654913035517793,0.41735194516814,0.03647025944413504,1.2832259740578822,0.17060285202932837,1.1496629488392172,1.6934409246756743,12.643182410795468,265.75627189728044,0.04757435194486129,low,0.9296776829951894,0.07792713253064355,17.179291534569305,0.07032231700481062,166.50986269889057,13.303279907729285,0.07989484641991675,2.527043928666658,0.07593053171666396,0.9315461241975321,0.08095870696699527,17.905733927484533,0.06845387580246787,166.42277067658577,0.07989410891171371,0.07597026752646328,17.582933161185554,0.018358755239516227
698.0,0.14412898791090953,0.8824596881711138,117.32616975190456,0.9047678671726478,1.14029348748832,0.9568960054252418,1.7388161891529101,1.2446835582809248,0.3262192679458599,0.9574927325751298,0.41677734595301635,1.3721158343685762,1.969017078376087,1.8555163088266555,15.864895712340264,249.21865307593686,0.06365854046850271,low,0.9131756441243638,0.07885137198883484,16.113445892633838,0.0868243558756362,166.88373722510903,14.45677888575559,0.08662784718354477,2.4461339540924993,0.09506555867058601,0.9132615407138702,0.0797092041255436,16.272306922031277,0.08673845928612978,166.36228266227812,0.0866214946733077,0.09536353708578656,16.071885235181487,0.012470328397509037
699.0,0.12324983355868285,1.143529418646013,164.52216432039893,0.5315016037809059,1.0873540286720091,1.0262344152385188,1.4619611992844737,1.114238336529815,0.6916796449193979,0.1697538462534707,0.1911288324224627,1.6891774372725374,0.40720249870205866,1.9769723504607735,39.42295736245372,264.78192808771365,0.14888839902017098,low,0.8077332937954321,0.06924348542661626,16.201228027942513,0.19226670620456787,166.20545221081042,13.573971825924962,0.08166983480606949,2.505070564314262,0.23719412833972936,0.8078708104129152,0.07186626056438625,16.596379854804706,0.1921291895870848,165.9003933552634,0.08166703753357851,0.23763028263611397,16.17252618927887,0.02620825346424967
700.0,0.12872443102069894,1.3008509360731724,128.4125619078066,0.9334152140187846,1.150133057437458,0.8173290762137463,1.0988483281627226,1.8929715791631216,0.3182539150502397,0.757693900023964,0.07330563814669161,0.4064569115421708,1.045484718290634,0.946612149044332,32.08951918552815,297.0663459413076,0.10802138856842498,low,0.8392308435876547,0.09303346479397469,23.543333966932916,0.16076915641234535,167.02710052879746,17.07268029541047,0.10221503122163664,2.2806765354945777,0.1921216322616792,0.8395090399680852,0.09597668795172702,23.830740644882304,0.16049096003191476,166.73605369620984,0.10221064327396523,0.1924569909996472,23.482670504541357,0.014822425765997684
701.0,0.12120332878022927,0.8428184486848065,143.67126159102952,0.7431079153080837,1.1836314046484078,1.0844205928795727,1.4922365457608275,0.9225617725332157,0.6508774756968415,1.1547872063812987,1.3438566119166488,1.0949581154365964,1.4449550306905563,0.84731911150209,26.23765219672736,262.7923867344858,0.09984175159243394,low,0.8630718427081892,0.07055950177062596,13.009723769869773,0.13692815729181085,165.4594264696136,12.804621451314699,0.07738828620723069,2.5589198508315105,0.15857453852317005,0.8641577393936154,0.07424315082661108,13.37262350061804,0.1358422606063846,164.95802670260002,0.07738427567189213,0.1590565352968896,13.061060674491177,0.023854328058927027
702.0,0.13936231778532532,1.1756351388080795,177.1238755825495,0.5617852045141523,0.9388118458004552,1.1676087057756364,1.741023420572983,0.5279245469791269,0.27573464289554206,1.095904000944364,0.3394488910778188,0.7435507581337646,0.0031546031626804917,0.18946960748748298,34.127861107538436,249.12924658556656,0.1369885775165976,low,0.8290038667263895,0.059778680914393464,8.498585462463966,0.17099613327361052,166.28778712514995,11.955799551790577,0.07189824194841511,2.6325034658973974,0.20523371979118016,0.8289107928092967,0.0616636533958147,8.518158441788207,0.1710892071907033,165.90792055217216,0.07189559001179369,0.2057036276143696,8.453416812213954,0.007658634492115847
703.0,0.10895233529618985,1.371502005402335,134.9739585722976,0.698039654694073,1.0895081512120637,1.024640481604505,0.9737486542702986,0.5621723282519299,0.40156610950468724,0.7755424665840653,1.1772485660738357,1.5563296858175215,1.4408840683074733,0.26325288330511504,49.639051303768426,313.77145582917166,0.15820129709565964,low,0.7689792116918656,0.0691264631496067,9.57618045705507,0.23102078830813444,165.585787184869,13.670885793683734,0.08256074404756016,2.4942209650855194,0.2997784541033627,0.7690245853216428,0.07074418858229635,9.674266247329026,0.23097541467835725,165.11043384190913,0.08255715685317372,0.3006415170061094,9.561207951920517,0.011824687422032208
704.0,0.12400544477870247,0.4201767358680191,139.44701950645594,0.7755016154016328,1.0822713944848332,0.8887481250064673,0.9230353781060713,1.1422714938674867,0.4790331177220158,1.4670685508546004,1.8440424652340324,0.4314630149064336,1.897528702191516,1.1795094724344526,12.128577222153408,321.8315506906502,0.03768610378977913,low,0.9325803702560451,0.09562826132276954,14.99639006688637,0.06741962974395488,166.36981858963236,15.77490138959193,0.09481828809648635,2.3557929759161738,0.07290130700971519,0.9342502065110803,0.10123090869017462,15.553173613657615,0.06574979348891974,165.86218252656766,0.09481268853602634,0.07312442798834305,15.256200532864549,0.019465730025856276
705.0,0.13346250454230338,0.6822467662896301,114.0838063721307,0.6629024097944568,0.9249055662749537,0.9394470749288939,0.562720550799732,1.6594628769462965,0.09569835717506613,1.763889188197315,0.14380842216533776,0.7461969045922786,1.7366244922207044,0.1292079401595442,13.909037403716301,420.93065704422105,0.033043536199966264,low,0.923384390772874,0.09966317840816678,20.20385537000069,0.07661560922712596,166.04896306271232,15.0366738376767,0.09055566238012426,2.401790563420376,0.08376467487161136,0.923320907941304,0.10103213971250623,20.12726648139215,0.07667909205869605,165.43637930278078,0.09055096034427847,0.0840748417145908,20.048211637394253,0.003943236704985896
706.0,0.12967700101818114,1.2835557938129925,92.97633685728134,0.8789884797410052,1.358568873853772,0.8263683142976156,0.9906012557728695,0.7294233433277633,0.7836708420861811,1.0355344690551616,1.5722725557277715,1.3291708271672316,1.6104461786486544,1.2413991833984173,22.589748398037123,311.25577912050704,0.07257615733872426,low,0.8807823654646388,0.09386519434358578,10.688015810300794,0.11921763453536116,165.98986337317646,16.817173275221236,0.10131445941016928,2.2895261394124926,0.13609113194611838,0.8814401451736934,0.09981098134696227,10.974020456766459,0.1185598548263066,165.4761913202401,0.10130721166320163,0.1365135867450563,10.703458851428628,0.025277960058838134
707.0,0.08766266536892886,1.182593098523666,115.88211198091562,0.537219288970898,0.84852757535918,0.8013740806832007,1.414472739362066,1.860804656140636,0.06832138969272003,1.704262604684098,1.271724811067894,0.8673600631965321,1.193551667925307,1.7210522305353562,56.76393928730732,268.07989126779546,0.21174262276391184,low,0.7477798427887326,0.07921133496339484,25.518563531094607,0.25222015721126745,168.8133109687601,17.440226766443814,0.10331073223053622,2.2700140144434884,0.33625274548291884,0.76170308678429,0.07853272281035525,27.8993374945454,0.23829691321571,168.19676705316056,0.10329984393437219,0.33748531723779457,27.72108248672312,0.006430304729537678
708.0,0.12764650896874308,1.0607954082868676,169.90787082288637,0.8182440928797939,1.2937269634433401,1.0827457694460951,1.5409013761519952,0.9780616241785629,0.5422525250574171,0.6604249466817708,0.766359711760933,1.78846843198079,1.4462144026051043,0.4582620347562345,35.210920013189806,259.7608154479968,0.13555131459093728,low,0.8235439409702683,0.06802255472505361,14.014631747696752,0.17645605902973172,165.03634836936885,12.769078112744513,0.07737130782950893,2.559139266989786,0.21335251513432688,0.824003586070302,0.0695907666646817,14.302587888195141,0.175996413929698,164.5610899766478,0.07736740224671264,0.21396868493145282,14.017465512252317,0.020340508467354985
709.0,0.1410984399280194,1.3418301596180982,135.49998209463925,0.8691437508862607,0.9410883543491105,1.1255175545819944,1.1945723346799777,0.5493804450515879,0.5285915000298951,0.6752659972688236,0.43888625440711265,1.2116964889949855,0.39181599454356214,0.36138720182740075,29.069829883262937,286.66456060488395,0.10140712832421067,low,0.850836194169702,0.06781052321125496,8.634437149517685,0.14916380583029798,165.9331610540746,12.475216502511532,0.07518217831362886,2.587841066623286,0.17518999637323615,0.8509670773305312,0.07058173349818947,8.727197545440172,0.14903292266946877,165.57414844699122,0.0751799050402388,0.17556985891773852,8.601008157872036,0.014671464699477308
710.0,0.11857974743767243,0.40133151941445533,91.06061553414163,0.7223779526344295,1.4649467362148596,0.8364845867159578,1.2917986092567078,0.737406971559662,0.5877453894055255,1.6179724401633353,0.32880933121181083,1.8196512539153005,0.904959888509682,0.5408654266630909,8.272998321901127,277.62621449121326,0.02979905315159986,low,0.9529191561369468,0.09572622474214054,9.991182609408497,0.04708084386305322,166.06204050963282,16.48319505927157,0.09925925882089484,2.310020075897922,0.04981872013924357,0.9525886341101795,0.09953825835752583,10.071296953024667,0.047411365889820534,165.3704695848528,0.09924857111805725,0.05002705950264108,9.891044483419348,0.01822380537338417
711.0,0.12051496278445958,1.2603797383862245,132.45754112657966,0.9268893295813456,0.7537661721007846,0.9935566914153331,1.4508392677185742,1.0206958751652055,0.25260218852967814,1.899868294261666,1.2901866826414008,0.9413305413686373,0.01950164982122889,0.8118931831029067,36.58864168205872,265.55515205763373,0.13778170522603095,low,0.8207636953209704,0.0698108839362239,15.407026943326269,0.17923630467902962,167.6485177193315,14.153222784115057,0.08442199774059234,2.4719272746032033,0.21824613888512595,0.822245327333152,0.07178628407282289,15.6544074297904,0.17775467266684797,167.0277754662662,0.08441586631137682,0.2190572291340152,15.50965037659112,0.009333353730382165
712.0,0.09087069463446047,0.48657031222811076,137.09261385518215,0.6424119947061497,1.3770892402210768,0.9896237271562878,0.6918733266620813,0.8346618779796154,0.02841772363080308,1.0205784899083774,1.5847946317485375,1.9748855110036443,1.2034026977756334,1.6721612343007017,25.713553337023324,373.5101602869944,0.06884298225586628,low,0.865392706976315,0.08696259186692173,11.866321161867207,0.13460729302368502,164.23215967940905,14.063526091717568,0.08563198656810216,2.4576963907724974,0.15656832003681684,0.8657979349075446,0.0859873974077686,11.908604165272369,0.13420206509245536,163.65755887852396,0.08562779797244388,0.1571180305586093,11.89693646877167,0.0009807311765784995
713.0,0.12703018966561908,0.4614288839863665,165.3278496247022,0.7559937435845248,1.3572117471056901,1.1298071574440152,0.5719476703588801,0.5069056436532362,0.22081225806210525,0.667292553047594,0.30585258784186775,1.0008205576221758,1.6340810823554144,1.9719114127857897,15.0482856945279,416.7973305606584,0.03610456351600327,low,0.9163840927105243,0.08398401750993544,7.1675441330706775,0.08361590728947565,163.41550041518593,12.30872336985141,0.07532163924828995,2.5859878116449635,0.09208603624683749,0.9161964784841885,0.08600363741917975,7.178596101838436,0.0838035215158115,163.05068645531202,0.0753199561193436,0.09229207200334141,7.133084137194823,0.006380404852691315
714.0,0.1535586683579862,0.7144578539941412,166.95141426274768,0.9290301371191769,0.8849031342573022,1.1125514524382552,1.8947892812736187,1.0670574443118785,0.7692505837906609,0.8675345262856516,1.534633095183679,1.069469779236145,1.1226188302630165,0.23344240539191394,16.101567975116915,242.47360791169217,0.06640544558144669,low,0.9119964494474343,0.06796446068852059,14.390745295934357,0.0880035505525657,166.9735285884323,12.53363322012302,0.07506359436780409,2.5894195998270098,0.09643186025495788,0.9133225103375191,0.07172173310169114,14.980883195040276,0.0866774896624809,166.54864627276598,0.07506005050332631,0.09667786761080292,14.553825661162243,0.029343317957811022
715.0,0.07772356945588066,1.395190134010016,115.42557992340713,0.6456062110623288,1.1996665771255808,0.834834295183372,0.8678964293059206,0.7137753457204218,0.4039054757248235,1.4428433629893522,1.371661342156058,1.8004545317531304,1.1817111188859895,0.4779323161257844,84.85552295477251,331.6541056367567,0.2558554877282608,intermediate,0.6611307253636066,0.0720599676474748,13.466833703361548,0.3388692746363934,166.25230488613425,16.748811788956896,0.10074333586188843,2.295179225634471,0.5104020844275803,0.6619370566281711,0.07404480636091414,13.687735571267241,0.33806294337182885,165.58795330517228,0.10073477117295404,0.5124498567742246,13.498060790315188,0.01405200227636731
716.0,0.13095969001090482,1.2022922914755556,81.21299335539241,0.8348419157713838,1.4425164524831935,1.0054930580379027,0.5344568606395546,0.5929027845484826,0.19520392452278168,1.827382714883755,0.0050802366129959475,0.8160868126207758,1.465713503836417,1.7612490571089359,18.1221796418309,434.30671959480543,0.041726684907703766,low,0.9011972736502867,0.09169986091806243,8.449634543405256,0.09880272634971332,163.64917081483912,13.822499466594548,0.0844642193893791,2.471427273473639,0.11073798633746358,0.9008481582674266,0.09842302462450972,8.404600279199009,0.09915184173257341,163.04373066634028,0.08446038110612689,0.11114919640128272,8.355342303180677,0.005895386954952222
717.0,0.11565078686157762,0.4959403807494196,147.3624031968747,0.5760847219552293,1.0048782531353093,0.8499218398661166,0.5373173187092478,1.3673091623875204,0.28999648591890625,1.6796560676079597,1.5539509601343313,0.5310919385715912,1.546038727246888,1.137423083335107,17.392784256569385,432.9239794339665,0.04017514640632719,low,0.9061634609471754,0.10537423180340051,17.791442470840426,0.09383653905282463,166.18914789977882,16.593287934200983,0.09984579705654216,2.3041283125796688,0.10465655836359539,0.9091656947073046,0.11061288378297351,18.46788521036971,0.09083430529269543,165.63196872507345,0.09984016122885334,0.10500861874943382,18.221525390712852,0.013520263225735447
718.0,0.09914183755611738,0.9637680360042858,107.6380137690252,0.8614204173392472,1.4468004101094565,0.9737654418220875,0.9044152494518765,1.0730290409577248,0.6233183402271422,0.45620003849455437,1.4477762849749733,0.6761600327062854,1.7246205730869564,1.688920824875974,33.59498045657617,324.9898880354461,0.10337238693688838,low,0.8305801025676105,0.08279615114367711,14.998349520414568,0.1694198974323895,164.3346572217121,14.237352572595823,0.08663633595795621,2.4460359676043018,0.20443028284199055,0.8332662489278666,0.08763319346801395,15.60287542899124,0.1667337510721334,164.05563870368223,0.0866339456823592,0.2047779687551948,15.205615681717445,0.026125857419337668
719.0,0.14144236469491547,0.7062910346655428,106.53682069868421,0.9034965705975526,0.8823083414739277,0.8383002192470761,1.693705678299246,1.2318288880987966,0.2553168976794187,1.3408257294952428,1.6719575863523322,0.549423453015535,0.18628468783181104,0.13863563371034054,11.97221579530689,251.4259504071063,0.047617263754682455,low,0.9336261361300104,0.08678367855573882,16.19218223035636,0.06637386386998956,168.8426520455508,16.576205911668648,0.09817546520885419,2.320998939961894,0.07090753225125246,0.9354138382245811,0.08870765928318339,16.717266202956335,0.06458616177541887,168.40736047611108,0.09816807620717574,0.0710908107665827,16.542534186915315,0.010562590596259906
720.0,0.1275554665783522,1.2439643337218191,81.78119449608153,0.5954870480198684,1.0732247045858585,0.8773853324110046,0.6735637474715124,0.5423557809590437,0.6111923429212665,1.084838928995926,1.8573258095945562,1.8335837105399053,1.8606964529905061,0.6195793252273762,19.90276220681535,379.1469931896573,0.052493525108504746,low,0.8937780911653164,0.09425657742554255,8.298683530819751,0.10622190883468363,166.04161065098035,16.02445467277928,0.0965086679775873,2.3381224510691543,0.11986611144510624,0.8939632776634784,0.09921928853727635,8.424304678041665,0.10603672233652162,165.43012669712675,0.09650252164841351,0.12030917586887775,8.284033946672604,0.016932660135392397
721.0,0.1022833935528808,0.5277322452485158,173.70843809738972,0.5691443000639539,0.9733538190317366,0.8757838478597297,0.6170937048488139,0.749724721213242,0.28394136585454904,0.07805576177281572,1.5988194776502425,1.4752408487292852,1.8984950462860777,1.5769905016965977,27.891663468137665,398.56090371112253,0.06998093191888581,low,0.8572747915917558,0.09240056150467359,11.484863304303504,0.1427252084082442,166.29664780849097,16.105476455043224,0.0968478719642651,2.3346138618613406,0.16772234338877362,0.8579845462472848,0.09213244845787097,11.668145001027455,0.14201545375271518,165.9792594723754,0.0968447877304468,0.1680430648793188,11.566199034097883,0.00881412870633028
722.0,0.13496091468310636,0.5194944368279523,124.83064364225555,0.607872628157732,1.4316403726340852,1.008077588554851,1.201772151504573,0.9600674652470524,0.3594651589680604,1.3553121414862395,1.746971668964254,1.404121857288562,0.484237856968676,1.3638191365104124,11.33277358778716,285.91247173067745,0.0396372131624337,low,0.9359453865813401,0.08532179164338176,12.412920864872925,0.06405461341865992,164.55220312935631,13.711633536142273,0.08332695202727493,2.4849832283927675,0.06887038503445828,0.9367563951287168,0.0879099927621929,12.65592435125204,0.06324360487128322,164.00476309136172,0.08332208121777107,0.06910027107855422,12.488539295725777,0.013403093153059938
723.0,0.10146895534491215,0.5183216583577002,100.37683867971248,0.8637163038474269,0.867217152750668,0.8708158251615062,0.7143214391611317,0.9748768495983738,0.3820863574133384,0.4225160215903723,0.14075027063662268,0.33044886596764633,1.109962894692069,1.101572064633878,16.084835326254655,367.0640652475692,0.04382023970503927,low,0.9128440157915291,0.09704167933902119,13.667097705643636,0.08715598420847093,166.857137284895,16.229263428575322,0.09726442448107672,2.3303219837695845,0.09639884507182397,0.9126870191986252,0.10090042744594394,13.807733233132183,0.08731298080137484,166.6563808705253,0.09726233695734547,0.09651496835726261,13.639284710882,0.012350246059149054
724.0,0.11807175530937446,0.4970166853587258,154.34450233130207,0.6121771196765251,0.7859973263621638,1.0856314816210506,1.788841853326063,1.6270302604194056,0.33894927383269174,1.776523268168973,0.3128348928225603,1.6280912523572217,0.824902327224904,0.7288722249482033,17.515406515792623,246.94683273748223,0.07092784435268479,low,0.9053122931216554,0.07097237194814421,20.19690019277947,0.0946877068783446,167.3988665522076,12.896576016492535,0.07704099963227892,2.563417536079577,0.10463276649683882,0.9054713015591941,0.07184912125169686,20.39399195557933,0.09452869844080591,166.6783541336949,0.0770347808233305,0.10508507002500925,20.10807303046582,0.014219111134135678
725.0,0.10044039593637294,0.4541022222969521,115.07533186198248,0.891042220384513,0.746881169136107,0.8945486390458735,1.565238504772013,0.6643951239049115,0.07967094636148549,0.4767491594854623,0.09149317499310583,1.2018216157288673,0.6906580909909223,0.9311347720899176,16.488044789242778,258.35890853661033,0.0638183714377566,low,0.9107483748517721,0.07953889872128428,9.998760286293345,0.08925162514822793,168.54504414788858,15.65963309118194,0.09291067067769442,2.376116777781141,0.09782574665782205,0.9105354433626259,0.07918939909869616,9.97421552467414,0.08946455663737407,168.21420826880689,0.09290614995439829,0.09801814578525272,9.9527229866039,0.0021594631036318105
726.0,0.1217426322389383,0.8857941276619794,92.18267580006659,0.7176243203141848,0.795776571637555,1.11377904598721,0.5194048330980975,0.7350351035496476,0.4652236625931992,0.9298489648328642,1.56976645977881,0.884607364555653,0.8354460551516084,1.4094186077808244,17.536659085559748,442.1108464588085,0.039665751758916956,low,0.9049477400252274,0.08118284396338715,10.730567449624958,0.09505225997477262,165.81042694142803,12.722465316117258,0.07672898231310524,2.5674757761008355,0.10576330698282631,0.9055279447862937,0.08682578114989237,10.92268828850438,0.09447205521370627,165.41357257083996,0.07672719136947248,0.1060170505539955,10.770422723854942,0.014137380542380364
727.0,0.1280625797785526,1.1857651480950886,81.98859331259148,0.7806472169156532,1.4040307096814786,0.8676494862374,1.1190978394528668,0.7642888449853963,0.007790381838840333,1.7568174657841065,0.5597217247116321,1.3548757478324278,1.1192958247979965,0.06269632335915624,18.869385249418766,294.69554676845553,0.06403009972948313,low,0.8982493307836881,0.09082073028736602,10.835469661088156,0.10175066921631193,165.68083135591186,15.96735047969867,0.09637415716123468,2.339517192545604,0.1138899720323347,0.897984571628769,0.0912872101240764,10.747961024809197,0.10201542837123101,165.01495857816076,0.0963654671823275,0.11434954389593183,10.745290223999143,0.00024855548378656075
728.0,0.12372436916388871,1.3064307070151262,155.5408983961774,0.730178806002329,1.1245629919637015,0.8950092621537384,1.2407520152976081,0.81197426995399,0.4942562095340036,0.03166393582255248,1.3856954203819318,1.9423499840216272,1.869320183316382,0.5150983666705943,42.25427104689446,282.200455591653,0.14973140620310277,low,0.7975048540750668,0.07651561865794462,12.835963005437344,0.20249514592493323,166.70276385973654,15.579566328114868,0.09345715672250937,2.3702521645724843,0.25347072879035853,0.7983898170497308,0.07708947816049985,13.139537112933086,0.20161018295026922,166.3304473102045,0.09345254411043803,0.2540381014432715,12.924264562232537,0.01665646425481116
729.0,0.10373561304979056,0.6968630439409055,166.43058915668308,0.6964583487777951,0.8959901785097987,0.8105450383174118,0.7075237898497669,1.292262273443496,0.7578838219146188,0.9063021390881877,0.3253744901339664,0.8022588101822284,1.2653271827349657,0.5240196122896054,34.30638489315944,368.9829248165323,0.09297553514222223,low,0.8306394298707093,0.09608293188035334,18.368024490335927,0.16936057012929073,167.13507684400952,17.42224005158202,0.10424047650896491,2.261054774908105,0.20526143010170314,0.8312972303196852,0.10420227972554727,18.903715352818068,0.16870276968031483,166.73885487254873,0.10423542575843185,0.20574919336817107,18.352928636802012,0.030010835159659296
730.0,0.12139975076954898,0.7271783543808426,106.72669112313953,0.6042358562732024,0.9594191092126987,0.9047222199700126,0.5291616335801207,1.1717620387575145,0.6891351000303979,0.2896683219130153,1.5151251815469982,1.4585286514598124,0.3042808005035554,0.15492626906884063,16.762103774018883,437.0252208439136,0.038355003268805796,low,0.909185790878306,0.09952792767809629,15.732305763981728,0.09081420912169402,166.03917196069932,15.60474905535283,0.09398233483750688,2.3646484416332383,0.10095270637694093,0.9110108722336846,0.10540056659670678,16.454635780657195,0.0889891277663154,165.7404352821754,0.09397983488482536,0.10113466726137871,16.012959190577845,0.02758244649366471
731.0,0.13331890448620012,1.1762668340969813,128.86854459337093,0.5832999020054116,1.3722836660846223,0.9196575405787092,1.3216271925064143,1.8536655070638381,0.5468589889724939,0.7693965373060595,0.9975154294698935,1.2870697484729352,0.5617531360259184,0.2142715927941344,27.14684919185474,275.137077231469,0.09866663361047656,low,0.8594471426018316,0.08519260460153266,22.307879426858953,0.14055285739816836,165.67680825803242,15.035616235965502,0.09075269130334987,2.399617150041654,0.16385425019520555,0.865273057632227,0.0882291310447653,23.808400504017552,0.13472694236777305,165.27992342329816,0.09074793827659336,0.1642477115767351,23.016356113069936,0.03441224088889772
732.0,0.10710060532911327,0.48455855105703305,97.84625369371065,0.5979737424214816,0.9002896511586398,1.1189383267610316,0.5962979846228336,0.5136432572786644,0.5895738978964146,1.884071414359152,1.6855536627349348,1.3815467420569625,1.1066790097551147,1.2312254265172096,13.1569959374331,406.63955671764705,0.032355425634522685,low,0.9268958214785693,0.08118550262758986,7.586877450092705,0.0731041785214307,165.47434155001133,12.619173213143625,0.07626060387936175,2.5735988058932544,0.07951079191003553,0.9269243594691287,0.09133825184125131,7.666757029205808,0.07307564053087134,164.76486315898305,0.07625725716927079,0.07985316580961684,7.544722889935539,0.016174767589285436
733.0,0.10422507651517438,1.0926716658123348,87.00138709545566,0.7001396934461342,1.176068628372659,1.0763737364447088,0.91729505187847,1.1594852049225362,0.10657760145196267,1.7817192005929217,1.6510070555916563,0.7559057688607426,0.44060316565492247,0.9167428164617767,27.856178732307466,322.79286495590276,0.08629738063173405,low,0.8558205697397318,0.0778088862100239,15.773337832125138,0.14417943026026825,164.88232569882058,12.980729226672143,0.07872723271979534,2.541766151396321,0.16894581401763137,0.8584171331901232,0.0798532433563346,16.08294418133446,0.14158286680987675,164.32168368603226,0.07872363971190274,0.16952223289977955,16.010163519884387,0.004545903691719482
734.0,0.08576262233206705,0.6611532330020109,156.98207932797567,0.6843520384809864,1.1721884270078782,1.1493913097892943,1.169972124930712,0.518477157250466,0.5224499649990578,0.6109810909899185,1.6382823275608513,0.09941445951769058,0.11373544100772547,0.016749055000990283,44.9165330202608,289.162101213457,0.15533340237801013,low,0.7849433949826076,0.06346507379158808,8.549750680550659,0.21505660501739243,164.788524154755,12.125202490823531,0.07358038160130981,2.609376843109256,0.2725707584957744,0.7861247912361907,0.06763479223131617,8.719799609903697,0.21387520876380928,164.61730894552068,0.07357936016289321,0.27285425395409496,8.586204874425567,0.015559229884678023
735.0,0.09820724206856182,0.4094023805406802,87.92347664380353,0.8453646410513569,1.2267482631375202,1.1877681112782712,0.8242785605615416,1.697270848681821,0.5495133980472247,0.9250643805027274,1.3586160094643878,0.44740810486443555,1.3398295059540857,0.4949627502507114,11.880051228065414,340.3608873528478,0.03490427857461048,low,0.9329337258807451,0.08216510392247638,19.4541110090587,0.06706627411925492,164.0029984169665,11.736583599235784,0.07156322574905805,2.6371739438134494,0.0724380123701226,0.9364275292057717,0.08806771815345409,20.753174164755936,0.06357247079422834,163.66067172143855,0.07156164820762832,0.07258952992864443,20.102887976085995,0.03234789894086408
736.0,0.10630065230906582,1.261080399835084,165.7721747693065,0.6063625220180292,0.8650909952091747,0.9272916724305408,0.5485213893111119,1.0318626264994304,0.6140513746302637,0.08633966783310378,1.010759468177228,1.2660954757692302,0.8444185291316835,0.3560824798824896,58.88879652551658,427.506804839181,0.1377493781594174,low,0.7393497207695002,0.07928046624238717,16.786421342817132,0.26065027923049977,166.28915342286956,15.260817979061706,0.09177278051475667,2.388439533876894,0.3541349228940008,0.7414359775444557,0.08280481595937389,17.413130988364728,0.25856402245554433,166.04572706756812,0.09177086741682922,0.3546540917704752,17.003856783741394,0.02406949257621775
737.0,0.1271236869913865,0.809637486865628,98.06656733121812,0.9741862933606245,1.2358758920893749,0.9208896187789819,1.5485735905893891,0.7102764573808479,0.5237763206383999,1.376952671581492,1.757923132384333,1.0313138512036448,0.8945583153316069,0.152003813223776,15.638991680020187,259.3056634634932,0.06031103012226321,low,0.9142738778013588,0.08162869473198255,10.090844448251541,0.08572612219864117,166.54994893095363,15.021186119057889,0.09019027754421709,2.405833645481202,0.09389970864838645,0.9148083113581124,0.08510347265597777,10.271280823995227,0.08519168864188764,166.0198502939068,0.09018348142506916,0.09419952886558026,10.104910707470168,0.016464283687540916
738.0,0.10676858656855463,1.075815495578055,92.05005531082803,0.7826203179712605,0.9361552490906394,0.9971289351705781,0.870779512044282,0.8543661775326227,0.13514319052461285,1.193279701703097,1.4134744811346558,1.398393021973275,1.363646721073277,0.8599733446708547,27.6519007602409,331.129388375484,0.08350784234495381,low,0.8579105836313519,0.08005501008475531,12.684643871878066,0.14208941636864814,166.18246353046055,14.126455352519866,0.0850056922518214,2.4650370570655675,0.1663948179175501,0.8585892643155791,0.08077626446249606,12.778162031345609,0.14141073568442086,165.6252815805585,0.08500139936605117,0.1669545886736578,12.722142605391214,0.004403301212065908
739.0,0.1531289908715297,0.8260028069341137,83.49394672646561,0.880729225502296,0.845085190137323,1.1054303244407768,0.5020182709341989,0.5360880271877155,0.3199266756365923,1.3128811274352536,1.3990817834762501,0.5117078631917757,0.5529397033157518,0.6681464710047876,9.362068187015518,451.6305175371439,0.020729485328115686,low,0.9469757005883064,0.08494804434448125,7.788732569655115,0.05302429941169362,165.6290032397745,12.801372519886687,0.07728943765576281,2.560197973659488,0.05652432849253115,0.9471300842418953,0.0928170622704063,7.842654530975081,0.052869915758104735,165.2060568609508,0.07728750507755706,0.05666903723085227,7.77585896194645,0.008590120957120733
740.0,0.11045064135053621,0.8177428185856408,87.4561056727875,0.9498055212899839,0.8975264325588443,1.126440595031741,1.4751059503831399,0.8706964264898904,0.5782130695307942,0.5208704248327793,0.6286435014361219,0.47446369937962535,1.3460729597512895,1.8813314296987278,18.660381435194246,263.92489134670706,0.07070337829818744,low,0.8992375251108656,0.06962232464784343,12.291848310284175,0.10076247488913437,166.40399935445956,12.445206273496261,0.07478910556101807,2.5930830521893165,0.11213902014124973,0.8996060554543257,0.07304842629141668,12.536097275490835,0.1003939445456743,166.14639719443562,0.07478729355564183,0.11231288640798284,12.304228349746142,0.018844653980229296
741.0,0.10001721974933232,1.3441016016078575,82.45065946013702,0.7402547337418228,0.758980395579087,0.8020356963646729,0.6975590437172192,0.8461373811362455,0.6482719066549462,1.9143146211630473,0.6034094241261868,0.07688836748778807,0.6331547795493384,0.9514430702931146,35.26361274125257,371.87812098963667,0.09482572582492768,low,0.8271584379449433,0.09329351436699727,13.35932652290754,0.17284156205505674,167.6023173408539,17.66892125864535,0.1054217002424373,2.2497867794131063,0.21040050818352787,0.8276922402247578,0.1038164510149264,13.575819568759687,0.17230775977524215,167.08428700376166,0.10541495483982999,0.21105283670665373,13.298940290532018,0.020819649699817776
742.0,0.10388143469069575,1.393714482822142,140.9549095875955,0.711103652625543,0.7274432821418667,0.8851615820785909,1.0183412985208724,1.048082786133169,0.03504463911443334,1.8375946249909694,0.7797132156580336,0.6601521822423086,0.3473151723198516,1.9701613985840212,57.94664146979241,307.3746771093236,0.188521195092407,low,0.7435241948338333,0.07445020725929026,17.127723100182088,0.25647580516616675,167.76249393330312,15.970485951967746,0.09519699890916672,2.351806861745086,0.3454087985412884,0.7445339826257905,0.07564591276553166,17.19607120520413,0.2554660173742095,167.18603707820935,0.09519036213687851,0.34659976683749655,17.173724541283576,0.0013012124345441799
743.0,0.13042040535348257,0.9186110527014477,140.14061924992706,0.962351824057555,1.426583376030502,1.0063816531952503,1.0642473710553038,0.5176127467118529,0.7154842285110053,1.2980269302844853,1.862841545639256,0.42499944650125054,1.3189741471773413,0.5225880248204494,24.0909948444437,301.2723944073328,0.07996416296898305,low,0.8726503597625862,0.08003909329170725,7.708580173630381,0.1273496402374138,164.4080976869809,13.758365800289749,0.08368423449850086,2.480704676474268,0.14653168051558454,0.8732668764691373,0.08740121903432443,7.8717121458561214,0.12673312353086275,163.97905682641056,0.083680622868869,0.14691507141638585,7.706822945835551,0.02139522358038207
744.0,0.1096187988689596,0.6387088394639722,117.93263213424899,0.8764784499720415,0.9126553869439523,0.8744242892327518,0.5077011654915149,1.7224688120418117,0.30450608929852674,0.5171918964765113,1.0745557307168738,0.8113999770218675,0.5146511150490235,0.08273447460814179,19.953402696924524,448.4393751463219,0.04449520671643497,low,0.8939160532326107,0.10407169570204787,21.33764919333045,0.1060839467673893,166.31183595894106,16.17003628605171,0.0972272129209358,2.3307046383771763,0.11997584286094108,0.8979341024520153,0.1069064781900937,22.408106285129534,0.10206589754798467,166.04241841353215,0.09722476388888163,0.12017051358063306,22.043061264331456,0.016560541043760042
745.0,0.1316448093779908,1.2396898135146937,121.00461861288912,0.900208661066876,1.020478081391104,1.0312019568058786,1.3408257167901956,0.8230567473982467,0.6685798904776142,0.5427524229287711,1.6885110097338865,0.658203303821926,1.5968555249312566,1.779227265034949,27.552285318411034,273.61484663218835,0.10069733297567982,low,0.857879923115126,0.07272852335119932,12.15534166168985,0.14212007688487405,166.2884252311259,13.55810712257141,0.08153367923069127,2.5067391020019474,0.16568973625263358,0.8593540219360954,0.07674314046863619,12.541844604752509,0.14064597806390455,165.98640736534847,0.08153107327708861,0.1659912143153168,12.262566323654891,0.02277486406404839
746.0,0.13620534923113403,0.873259939050658,140.86680520207048,0.5554284087746925,1.2681881516344813,0.968188777450375,0.6650748817070166,0.5013338954237713,0.6434752034778779,0.7630921048100792,1.1963437200271354,1.0576618823898076,0.017590510745580535,0.8896587818705072,21.10639208183306,381.8374168292566,0.055275861273886236,low,0.887192383655958,0.08843799083536169,7.553087976774058,0.11280761634404202,164.7662420052047,14.431015404628942,0.08758478210708412,2.4351480163696655,0.12809900756956238,0.8875388943394694,0.09511857694363492,7.681326307125917,0.11246110566053058,164.42805023286877,0.08758221632966308,0.12836247861567082,7.544798002766139,0.018095687162164236
747.0,0.14446309003476857,0.8245405172425464,96.27688571478772,0.8135693281899489,1.1011066662804656,1.1283505957638735,0.5661035479833147,1.5304834755007746,0.5687317880580637,0.2820430777873239,1.4730495308962632,0.1302049736190329,1.1518266873120042,0.2211530741439264,12.107942842570743,419.3980896550531,0.0288698092366832,low,0.9320873092129788,0.08778745987467827,18.343464369382993,0.06791269078702122,164.5738708972712,12.43471032734592,0.07555701436413197,2.5828677505740263,0.0735714775167964,0.9351460558473595,0.09498651372805744,19.525698614076997,0.06485394415264045,164.43580157157515,0.07555638764105899,0.07363325216802272,18.95638454173497,0.030032840444263416
748.0,0.10695043472635558,0.4368681073653401,83.08026284754632,0.6022251282518457,0.7403145520635028,0.8830792677107347,0.667462809887671,1.5591691725735746,0.6904412537801754,0.35048178589066276,0.4245610719877866,0.5357716032403405,1.7700057704105143,1.7395693547731794,10.100275544431394,381.1130158754533,0.02650204827360747,low,0.9434511558559654,0.10255972901054544,19.309425989451867,0.056548844144034605,167.11755999701913,16.063559684018543,0.09612131534415096,2.342144183811422,0.06043814632412987,0.9440420395761362,0.11085150959589418,19.982695275469815,0.055957960423863806,166.87456753718996,0.09611896076514062,0.06052615262766405,19.430469729059165,0.028420596831211505
749.0,0.09553916813067377,0.7755662391291347,151.6449965720102,0.5400672921183269,0.8279807645505795,0.9482953075505547,0.5914482056522739,1.3534417372598164,0.35074376954519604,1.1826065027178927,1.5396210591842647,1.0350559024593122,0.625607341282041,1.2664948563063858,41.01419553687852,408.61006281927104,0.10037490328528491,low,0.8033463840393927,0.08477984704920989,19.36627997445009,0.19665361596060726,166.39025561893237,14.93269521293404,0.0897450103516456,2.4107828481269435,0.2464939751688909,0.8086406264181222,0.08807739673825982,20.36070845982705,0.19135937358187782,165.9167163274537,0.08974142522614131,0.24719748826232066,20.002737338942513,0.017896106658742948
750.0,0.06722920534082066,0.623465205825565,130.22460915787607,0.9574599748031074,1.3828937642886991,1.097892577097236,0.7240495919112138,0.770085302194717,0.6830197300883978,1.0968061194125642,1.2202204475518827,1.469146367880794,0.00525275170774001,1.233783149489886,57.1793818155942,364.33568190813867,0.15694148186674464,low,0.7399037666849977,0.06917498476977871,12.417406580527826,0.2600962333150023,163.6258738753213,12.651193385379436,0.07731780485413522,2.559831015446791,0.349451956841272,0.7413381581936734,0.0745796702252079,12.750490039269202,0.25866184180632656,163.15675370520114,0.07731521815590854,0.350456726534952,12.440624455977357,0.024907558650961767
751.0,0.11087273853763747,0.5675516412153893,104.78005020915094,0.7530823651187737,1.3939494731314341,0.9328800756190166,1.6804020788906424,1.8827641013446232,0.40055672946829396,0.5591348416420129,0.3362360294668063,0.7862057197591135,0.9771303193578197,1.1802855811695336,15.398717941884572,252.05641917854285,0.06109234588061401,low,0.9152168639946536,0.08465799825890809,21.541853194773932,0.08478313600534637,166.00546510031495,14.724389960398689,0.08869822419099835,2.4225154102616213,0.09276030721385783,0.9161889757076463,0.08699051331810526,22.094774110273413,0.08381102429235365,165.71399513097234,0.08869444678719543,0.0929234608683121,21.66405170951384,0.019881894972140466
752.0,0.10085050689266581,1.0178882868152803,161.39618230697005,0.7790918679967709,0.8364740826891672,1.0711185128042935,0.6327927826331596,1.3473859403539359,0.21400070064773136,0.2460526242146832,0.014577628197814213,0.9288893865833132,0.5773635535790866,1.3008115276568755,51.414702946098096,392.83004548684823,0.13088281697592155,low,0.7639427118265447,0.07308229312248457,19.823208970953715,0.23605728817345528,165.93064787471985,13.208540598328847,0.07960277843488862,2.530706281780051,0.3098565792674839,0.7635724097466653,0.07370599828478486,19.927783286654247,0.2364275902533347,165.71052419332466,0.07960157986836804,0.3102681811935831,19.75998508261166,0.008491818356191238
753.0,0.11865075131599752,0.9246248620517951,161.15047696866787,0.5860171280758164,1.3206840648614937,0.9338144213397184,1.2047821870069433,1.9309522017596363,0.4803159128988095,1.3721343705964761,1.1185218601969567,1.639362748907793,0.14505836999727315,1.1753516705472442,33.69041062791333,285.6235660555023,0.11795388977591094,low,0.8311160232339887,0.08352584625697908,23.506578546514007,0.1688839767660113,165.58710361469403,14.85689839618371,0.08972255732399514,2.4110330663480783,0.20346035344822397,0.8398990513982887,0.08555603784851154,25.378237798191094,0.1601009486017113,165.01041389463165,0.08971623249722831,0.20417142065607163,24.52036824927277,0.03498599777121072
754.0,0.11228825962042188,0.6570461954534461,106.01781521535361,0.9649017802544726,0.9792620368376268,0.8370271103028083,0.6593671276415235,0.7510192737148093,0.5035695890863454,1.4814116049968868,0.5123368115964648,0.8922851817581633,0.5865581934820321,1.422243040902185,17.58555912433549,383.7206095560532,0.04582907116894545,low,0.9053541622783449,0.09981446677145896,11.018182891979283,0.09464583772165513,166.58898256025628,16.84333434458912,0.1011071325710077,2.2915746057804465,0.10556255794391854,0.9053076248841722,0.10697378004143937,11.116005904030127,0.09469237511582784,166.06830653949248,0.10110121605149704,0.1058935295408308,10.94996089107738,0.015163982283082795
755.0,0.12063830667018152,1.3400926426254696,128.65854925185783,0.7942560373707845,0.75511312758232,0.9043547479216221,1.669479231482739,0.5443113021791757,0.7230065214875485,1.1431424515621444,1.9578967911846952,0.2267396706044932,1.618083262265867,0.4511762287789956,37.709704993156976,252.65929938643526,0.1492512054166708,low,0.8166367904007052,0.06955345709725826,9.2291300231881,0.18336320959929475,168.60189091000012,15.45968166217774,0.0916934061577645,2.389304808981632,0.22366122224148996,0.8175694951826652,0.07401218943612332,9.4433615467499,0.1824305048173348,168.20221109220674,0.09168793302520734,0.22419268301107467,9.259220525764437,0.019887313459386474
756.0,0.10460932789726984,0.8365349629356582,139.56422080238073,0.6781615626505149,1.2144734153112573,0.9365875225832373,1.1006666378101368,0.6343471374125615,0.7267610020512105,0.8795687412994974,1.079391159554544,1.723506948950967,0.5091508471959928,1.8597728953259176,33.95998548093106,296.8468721545852,0.1144023692567195,low,0.8301416985973566,0.07859835259044956,9.944007064245982,0.16985830140264335,165.82587851152752,14.880920914216464,0.08973823053307094,2.410858396334614,0.2047930382504822,0.8304530024965215,0.082721555087344,10.144959376494727,0.16954699750347846,165.3388984163053,0.08973318359691457,0.20539622439858962,9.924333380388381,0.02223081265511779
757.0,0.1287750711300475,0.7666308335134843,96.66768817280469,0.9120752377607979,1.3685285517646488,1.1812431303822206,0.8743376150131322,1.1525762850337344,0.14254201039296932,0.6473584176006478,1.4451436807268907,1.1778954350049011,0.09867459121652054,1.1048727907095022,14.22506125773052,330.4287392744938,0.04305031483933204,low,0.9204910875617286,0.07994346627633579,14.36668805200099,0.0795089124382714,163.3920452961177,11.737307775949832,0.07183524604688157,2.6333800313581794,0.08706091677811023,0.9215736426479045,0.08048939331863394,14.622051185086818,0.07842635735209547,163.06626613153878,0.07183366555926275,0.08723484994901247,14.536810044970823,0.0058638133023885325
758.0,0.1356277293782075,1.1779713747110865,171.2038098519247,0.8386606130475414,1.1561240940106325,0.9199956150207238,0.7273071007970312,0.9481848948872159,0.35454476683424674,0.9232315994114063,1.1326746463334207,0.8876308726919899,1.561424648309781,0.5109691403764778,34.89806178233997,363.47046027231846,0.0960134745370882,low,0.8266669684077693,0.08628086185633779,14.072221360530602,0.17333303159223068,165.574482890513,15.23635458913982,0.09202115158780197,2.3857368197949556,0.21076956529235555,0.8277043371799077,0.08923872882831835,14.324357404971574,0.17229566282009234,165.15504120552237,0.09201735053265817,0.2113048534734832,14.14291909164786,0.012828915455711158
759.0,0.14428009484813933,0.6497827246456124,147.09484102176603,0.8326462040873698,1.0344047589551564,1.0389364442294855,1.2126271764912548,0.5902044125416489,0.7522479627698959,1.2521690973344715,1.6806844733603103,0.8605506584697835,1.9848834446991763,0.9538525842267175,14.61513701226097,284.877301861365,0.05130326957173091,low,0.9193225625293662,0.07784806679178015,8.589811466425415,0.08067743747063383,166.02746683041644,13.4722994041683,0.08114500366333458,2.511517556068756,0.08802842861650803,0.9196657980005628,0.08366744567539763,8.768897339201866,0.0803342019994372,165.50813762440316,0.08114082349354268,0.08830464303470029,8.581708775554413,0.0218125047753511
760.0,0.11888887630795733,1.1501862887777605,170.26509104718485,0.9109888089685614,1.3092553436599463,1.0586141316925222,1.9293817124641668,1.0480187274031643,0.4154816931202494,1.5412808764504187,0.04115150554875576,1.566961810334745,1.5486312858602262,0.6698548321326644,44.10232484514394,241.09006875597862,0.1829288326670249,low,0.7881787884465346,0.06322539672418467,15.351283491509966,0.21182121155346545,165.5837593511555,12.976569527745058,0.07836861283131935,2.54633177832514,0.2663445075649938,0.7872907306475275,0.06440330574580844,15.420293578682257,0.21270926935247247,164.92145475966134,0.07836207594410963,0.26741411485494043,15.181953298537533,0.015698920649932672
761.0,0.11669402737691183,1.3374423997209957,158.2724902069666,0.985451541523436,0.8064343442707288,0.9800614494373867,0.513732977592959,1.394810270547923,0.46700082095707746,0.3296939577801911,1.2990439216430143,1.9394956057392774,0.6284539848366998,0.09139116029820522,49.48042174880223,445.1460338439848,0.11115548154281472,low,0.7716989489110065,0.08125067428797768,20.344396393935476,0.22830105108899346,166.21815298388094,14.462648954413115,0.08701004490054486,2.441731708365435,0.29768362155727124,0.776473191859095,0.08235033628414966,21.474777247953437,0.22352680814090498,165.8253918183373,0.08700747888759452,0.29838869190195144,20.971476895001533,0.023999280330698272
762.0,0.09065294774458134,1.1519219912986887,153.05531190340287,0.5527489334158041,0.8657510312195877,1.1688784585329484,1.4812289116068489,0.7832995405995948,0.5052600498189693,1.712186459124264,1.8841010833363716,1.6691073033148023,1.8017818273504955,1.2723533586063323,68.29009901654531,263.5268525959857,0.25913905298008166,intermediate,0.7072212094535436,0.05367845492993266,13.703497262911583,0.2927787905464564,166.3331558019884,12.007139832073419,0.07218729046641392,2.628491280900001,0.41056215573665533,0.7089603509481356,0.055736741481978595,14.056581223741114,0.2910396490518644,165.58654081601335,0.07218253910533895,0.4124133439832158,13.803300174655913,0.018349311098098675
763.0,0.11419631672190689,1.125279724087361,106.19052495070447,0.7714470957344621,1.0261077757045651,0.9429927927797166,0.544472298030094,1.068432002859443,0.5537420706955348,1.3624145898375841,0.12000116092202001,1.5355250717670559,0.2471907994340301,0.9332916428375523,29.16702915412718,429.42877174961285,0.0679205285553936,low,0.8512828216963138,0.09031977944249552,15.256691768525704,0.14871717830368625,165.64197242300668,14.939040188310313,0.09018873640407925,2.4058507332798786,0.17608477324601124,0.8509769313012973,0.09613870237744593,15.422443292146086,0.14902306869870274,165.07864954298324,0.09018449403066088,0.17668565398902578,15.123661307899168,0.019755929345684514
764.0,0.09466512672379278,1.3832179139661442,141.91995452381025,0.9090360017433112,1.1308809820357912,0.9407306436538565,1.5796022862525056,1.6563191948457374,0.0395654101110641,0.12988054126650547,0.4691892848697323,0.4334623162377389,1.0212657304663741,0.718456440001425,69.72750961722578,257.50105947762125,0.2707853309756406,intermediate,0.7036210181887433,0.06586401546759699,23.934612367280103,0.29637898181125666,166.82898604325132,14.746728510728284,0.08839428243545826,2.425947989762193,0.41795800160979546,0.7064029069921659,0.0654530772423322,24.42075460940771,0.2935970930078341,166.68893153345937,0.08839258388240409,0.41830917611484847,24.369342385416985,0.0021097091245880183
765.0,0.09937642182206316,0.8538790960134424,168.73193252386446,0.7888780054092079,0.9516575161957181,0.888112587848769,0.6544172636336821,0.510310671335731,0.00027638549901182235,0.6713594323031292,0.06755196353464325,1.525996901122179,0.8784826502750791,0.8325452738484822,46.43838190954231,385.36144066372503,0.12050604188514406,low,0.7824255992591183,0.08171026590329399,8.917914464967195,0.21757440074088175,166.36774541489288,15.88586085187214,0.09548642263712538,2.3487712129417564,0.27913092044213783,0.7817917883973433,0.08075051510752515,8.858828103143402,0.2182082116026567,165.94433081376403,0.09548238203149907,0.27984313583848286,8.858762175843484,7.442044227998225e-06
766.0,0.10336827364354326,0.8808897111668238,99.03060805978359,0.7553831630932897,1.16762107496719,0.9683903052791591,1.3730410477733719,1.4754673010867618,0.09856465547380228,1.1498407359199472,0.6167349242143064,0.04781090134470195,0.17585270911676432,0.5948492870047055,25.987624568417743,271.10441160284313,0.09585836104536931,low,0.8648534493499425,0.07961968784861076,19.037169581416567,0.13514655065005754,166.17362180922638,14.361540276634548,0.08642490980380835,2.448479336810419,0.1563883863484213,0.8665230790618664,0.08119704721409454,19.28880407356409,0.13347692093813357,165.8750948852897,0.08642178321374996,0.15666983995632008,19.20471440352612,0.004378595186113929
767.0,0.1101977895321838,0.9789181285457984,108.30368087825794,0.8383068604425066,1.480145023260198,0.8746923952845725,1.219083531493391,0.9837190933305131,0.2518041687986781,0.4651793802150837,1.9985405136296313,1.4618317844259154,0.45166610429730536,0.180563437136787,27.79034571981362,284.22103810338547,0.09777722967046822,low,0.8564299765071804,0.08632065744958245,13.804418642249232,0.14357002349281955,165.49174332055196,15.778976843271623,0.09534600655398422,2.350242829784632,0.16792587450109006,0.858569634679086,0.08681607901519989,14.160324541460552,0.14143036532091402,165.1468821570183,0.09534142271649085,0.16827653878073898,14.024687033943085,0.009671339345340974
