n,sample_id,true_radius_um,true_SMI,true_R_neck_Mohm,R_neck_min_Mohm,R_neck_max_Mohm,R_neck_relative_range,SMI_min,SMI_max,SMI_relative_range
96,0,0.12236833056314002,0.09247788853068803,30.12389211955105,17.985084250191825,60.47001880981504,1.4103401509677291,0.055212739771591655,0.185638019043139,1.4103401509677287
96,1,0.13171267612529228,0.08465471508890683,22.59733718119463,13.937363780538277,42.793075005553,1.2769518370079584,0.05221250408715382,0.16031249803131875,1.2769518370079587
96,2,0.14063261160653667,0.10032742407297775,26.34096664342467,16.697905988756016,47.58495483193374,1.172586004959232,0.06359895283808135,0.18124148621966502,1.172586004959232
96,3,0.1093645774557998,0.07832338392964268,29.935580188210878,16.94430881400769,66.52244410592945,1.65616082869329,0.04433305104888532,0.17404917148386506,1.65616082869329
96,4,0.12765046733419624,0.08119967636221319,20.611979256642194,12.540937840158577,39.98482018811674,1.331453035453371,0.04940428482002069,0.1575178403903208,1.3314530354533713
96,5,0.1363823548918822,0.042967422349348555,12.003456489570011,7.513409751612656,22.156845702889406,1.2199349382405524,0.026894907342878163,0.07931236707298643,1.2199349382405524
96,6,0.11507918946557345,0.04772150236898869,13.282283261689587,7.70649736512861,28.12819784148691,1.53751430187166,0.02768843466298791,0.10106092706211033,1.53751430187166
96,7,0.12903561693069027,0.03453886314737047,13.10686151066851,8.012398736050356,25.21270439991971,1.3123130697512082,0.02111406633856257,0.06643986786120519,1.3123130697512082
96,8,0.12851716585506137,0.04607922997754891,18.122695756173467,11.059172705468828,34.970386991799245,1.3194071460469725,0.02811933551790363,0.08891660083462355,1.3194071460469727
96,9,0.12059569927461182,0.07124205320454374,29.578066464492863,17.541784030623774,60.10863301237069,1.4391356187141746,0.042251332172525156,0.14477830848951434,1.4391356187141742
96,10,0.14148728160467017,0.07593696294848751,21.009600260573862,13.351132897393487,37.79657027449158,1.1635365296774276,0.0482562481710925,0.13661167851441908,1.1635365296774278
96,11,0.10106788779333693,0.1367707517622145,36.77979132206254,19.996970187397,88.7364850301964,1.8689479296084441,0.07436150525020176,0.329978918587183,1.868947929608444
96,12,0.11411165489629116,0.03430995981574225,14.410262759966777,8.327278349407017,30.753902233065602,1.5562952776934853,0.01982674364109332,0.07322317208018622,1.5562952776934849
96,13,0.10864362524440316,0.05068542006067725,22.147801670620765,12.495122758872949,49.538642880678246,1.6725596821170665,0.028595187692298532,0.11336957775695483,1.672559682117066
96,14,0.10251051469595354,0.13645482261990863,41.02780651584425,22.47240953131153,97.46181830520318,1.8277703621550425,0.0747412283728315,0.324149308930624,1.8277703621550427
96,15,0.119749574324609,0.03645296274158935,11.39931994736465,6.738654081818584,23.305674857846263,1.4533341333100949,0.021548996546042296,0.07452733155867525,1.4533341333100953
96,16,0.09003382613175494,0.21636189742462836,54.45139393074204,27.787288722442344,122.60774765201343,1.7413779902526532,0.11041242617077061,0.4871802722753206,1.741377990252653
96,17,0.08111890448776227,0.10057640770408141,41.34780984887265,19.835477571908086,75.5777856415497,1.348132060038518,0.048248772705715245,0.18383905241509238,1.348132060038518
96,18,0.1567682248232779,0.025808121207582267,8.69352426628567,5.74964533054708,14.648953034980883,1.0236708878752636,0.017068744394816922,0.043487766745775085,1.0236708878752636
96,19,0.11043495307559917,0.22994428347116075,54.959876106895685,31.258586984368193,120.97761242393976,1.6324459186383562,0.13078146996659018,0.5061530770333078,1.6324459186383564
96,20,0.13232063140487224,0.061963516259432305,19.22423043800233,11.880354219799083,36.27984735581529,1.2692051946996774,0.038292743329331004,0.1169371600476604,1.2692051946996772
96,21,0.14674793309400114,0.03478162838613605,12.400421319857886,7.99604960614915,21.77254354748959,1.1109698280395464,0.022427917470257096,0.06106925717733806,1.1109698280395464
96,22,0.10766917520015055,0.10690796216460002,39.88029074599177,22.398239861313197,90.00699765413343,1.6952924998325232,0.06004344840157855,0.2412837148316041,1.695292499832523
96,23,0.09157764859385385,0.07851827635332317,33.81387363972305,17.42307134334947,78.77191450191097,1.8143098247842147,0.04045764011650173,0.18291412032945806,1.8143098247842147
96,24,0.14336941914422113,0.05020415544370666,21.866466141077964,13.969949941553704,38.98795410477327,1.1441265361219561,0.03207420594995091,0.08951411241668726,1.1441265361219561
96,25,0.09578072878885756,0.07043201282455397,29.740201121699773,15.71073002176527,75.78751633829249,2.020053128446819,0.03720682095753203,0.17948322880657874,2.020053128446819
96,26,0.13569294053517403,0.0845210765377541,24.476571141511464,15.288335652647717,45.345717100900075,1.228006213553173,0.05279279439761096,0.1565852015621763,1.228006213553173
96,27,0.12534383249899467,0.04847924607411971,21.442129906252216,12.941038351577939,42.203134283025925,1.3647009909643157,0.029258836945943268,0.09541851210449734,1.3647009909643157
96,28,0.12006706498921792,0.08438306358589745,30.269336729226676,17.915468413289105,61.74459171325342,1.4479710504407892,0.04994368141638281,0.17212791463626667,1.4479710504407894
96,29,0.10298433792061695,0.0923871740050142,27.262278294412607,14.968310524154504,64.44036195078453,1.8146704722315636,0.050725030902482135,0.21837730758230092,1.814670472231564
96,30,0.1271168181733614,0.10052141143186726,32.142607478472655,19.52044210115046,62.5590349740106,1.3389888453102323,0.061047393031068715,0.19564444165317946,1.3389888453102325
96,31,0.12124143199214386,0.04376161565525143,15.500444525548696,9.215359604122014,31.357742805147574,1.4284998836342564,0.026017255470048656,0.08853071834122238,1.4284998836342564
96,32,0.1451690693490414,0.024906368777903077,10.012376257202686,6.428612378584992,17.70460047980612,1.126204989860367,0.015991547512614543,0.04404122430959144,1.126204989860367
96,33,0.10556460930262039,0.08350712939179097,20.15684949186925,11.208563408469399,46.41759572953874,1.7467527519750423,0.04643557790242488,0.19230188597707168,1.7467527519750419
96,34,0.12425083296278534,0.05680016463664634,20.90617670491644,12.568187275528533,41.441513514098055,1.3810907009017805,0.03414661209987499,0.11259279128923741,1.3810907009017805
96,35,0.13061006582765475,0.12246947695586048,29.39402065187573,18.063829262853087,56.01929027770548,1.2912646916994774,0.07526250824418645,0.23340301964819193,1.2912646916994777
96,36,0.10512699984859927,0.05878738949052444,21.195136970516398,11.76100813081365,49.01955351384536,1.7578817931141657,0.03262064155325539,0.13596192320335934,1.7578817931141655
96,37,0.10970844428246375,0.08621279232132432,33.61519759605953,19.05664040848077,74.46998936534732,1.6484611996855332,0.048874506157033516,0.1909929492152835,1.648461199685533
96,38,0.1488820740046614,0.08419503739743504,27.169450682956754,17.618789597212462,47.2623941471291,1.0910638163366295,0.05459862499043385,0.14646078380988456,1.0910638163366293
96,39,0.13874411625637623,0.081850445072599,27.294436324877942,17.206722567776833,49.77248884159077,1.193128368221012,0.05159944992634191,0.14925753789397553,1.1931283682210119
96,40,0.11555152711220025,0.13693359878715222,33.60599282956974,19.536532107186236,70.90405402943597,1.5285226710234763,0.07960507707136853,0.2889111872423635,1.528522671023476
96,41,0.15580953092644376,0.035315486824325795,9.961615598105343,6.573209174067157,16.847485201226494,1.0313865181781818,0.023303055583118206,0.05972697257662705,1.031386518178182
96,42,0.11294085955239824,0.1752868308707018,47.501578783047876,27.313824202324316,102.35195774689458,1.579697674624438,0.10079146432694007,0.3776916634456748,1.5796976746244376
96,43,0.12586522178180545,0.06387139692317045,21.573892961847143,13.044664600571688,42.3210768358406,1.3570296416619603,0.038619870410324345,0.12529524928942318,1.3570296416619603
96,44,0.1298916350240049,0.019546800252198404,7.7768941356352315,4.767817013884647,14.883831694175013,1.3007782417838032,0.011983648637107732,0.03740970110166157,1.300778241783803
96,45,0.14263316523140285,0.027236334977760533,11.177160607060486,7.126041447459793,19.998062891482235,1.1516360815188906,0.01736462942169926,0.0487309755104233,1.1516360815188904
96,46,0.11733105798919163,0.05902791484692258,15.298904314555287,8.95830897411112,31.84002926914899,1.4956443824064143,0.03456393271204171,0.12284870195800565,1.4956443824064143
96,47,0.12177183930132193,0.12351234229585778,33.586467254012696,20.007788147815738,67.69687335913412,1.4198898875147636,0.07357751440800252,0.24895144021715304,1.4198898875147639
96,48,0.13496950748774567,0.08887514841624589,23.531427508487777,14.665007147127245,43.76397710154562,1.2366002846160689,0.055387829159795815,0.16529086298662082,1.2366002846160686
96,49,0.12813926193431568,0.07781628658396045,33.22961937681058,20.251856929086657,64.26882277729695,1.3246304554101422,0.0474252890104103,0.15050311214644796,1.3246304554101422
96,50,0.12977361531923823,0.04263775512846335,12.535031102084302,7.681877992404114,24.006945316898637,1.302355549941956,0.026129814126460035,0.08165933115508038,1.3023555499419561
96,51,0.08721235588952145,0.11285303500512722,39.376717440744514,19.728180043827944,83.19419909733224,1.6117651033001983,0.05654064477121311,0.23843322839399286,1.6117651033001983
96,52,0.1007019228684144,0.13443164379199074,45.99648749593771,24.960365928082755,111.42068386137245,1.8797156617866888,0.0729504186957343,0.32564368497126855,1.8797156617866884
96,53,0.12452306517368085,0.07435327875459617,20.336118996997527,12.237502441415295,40.23970542715983,1.3769688793559305,0.04474297334810748,0.14712512427126287,1.3769688793559303
96,54,0.11088153129909628,0.06846347243166624,30.842938342847923,17.57679925072374,67.62771935869537,1.6227675700547446,0.03901602037919654,0.15011632317464157,1.6227675700547446
96,55,0.12217286878880704,0.08748060652325579,27.500822154851814,16.407077827155312,55.27822872874079,1.413454139032991,0.05219120764869884,0.17584103302411122,1.4134541390329913
96,56,0.09889681317880927,0.08984276931615559,23.874666884377778,12.832123634984429,59.02617381998106,1.9348563231775766,0.04828857002099865,0.22212142032414664,1.9348563231775764
96,57,0.1263472371458658,0.05340650909578322,13.18764498518641,7.9874645229737835,25.791048256914085,1.350019943207369,0.03234713985534358,0.10444699223173667,1.3500199432073692
96,58,0.13362340843400775,0.05216997760386207,17.972170203467826,11.153060095619413,33.67112915213154,1.2529410083244787,0.032375327454372785,0.09774123179762119,1.2529410083244785
96,59,0.11941234589007206,0.06958412891768805,21.207982485533275,12.520647378448972,43.4647459625844,1.4590779016930777,0.04108067997081802,0.14260934478317888,1.4590779016930775
96,60,0.13972872110500884,0.09737679950957057,24.388067799721227,15.419250539699926,44.25381490901379,1.1823226262165576,0.06156606094105414,0.17669685426977283,1.1823226262165578
96,61,0.07835346158246924,0.1621395741014842,48.22580035589259,22.641082571681363,82.24193483963211,1.2358706714686647,0.07612140095712067,0.27650494527356523,1.2358706714686645
96,62,0.12516256890642347,0.0817343948008291,24.446844176463205,14.744952511350903,48.17332195171141,1.3673899665358231,0.049297560093361156,0.16106035146489261,1.3673899665358231
96,63,0.11812565441487417,0.07973634321728308,24.666844269943766,14.489459315667231,51.03220814721938,1.48145212381622,0.0468376290206958,0.16496320402527886,1.48145212381622
96,64,0.11603785986308131,0.12259624948500132,29.84798518379542,17.38645119151257,62.73696513315358,1.51938275439315,0.07141231459370598,0.2576829418144971,1.51938275439315
96,65,0.1343229171648338,0.099577469978809,31.631674583556467,19.673255881288533,59.03545349152205,1.2443918359825221,0.061932005582872846,0.18584539627229746,1.2443918359825221
96,66,0.14373907002267258,0.023133289844851326,8.926069844957103,5.708538857032366,15.887790232407358,1.14039566709484,0.01479456090576453,0.041175664410482045,1.1403956670948399
96,67,0.10616349274343262,0.11401731487093174,28.7821841528965,16.050847711457077,65.89489098000743,1.7317672280800234,0.06358358864431092,0.2610350379714716,1.7317672280800234
96,68,0.13775419600192226,0.06141338235946182,24.366771541016742,15.315707436394963,44.65838463951391,1.204208655780526,0.038601313896413254,0.11255584051443623,1.204208655780526
96,69,0.09462988825924998,0.13721106869206454,42.112255668756404,22.09937788332207,104.75208067029669,1.9626757454432837,0.07200467437915185,0.34130551090741923,1.9626757454432837
96,70,0.108136284103429,0.03905607273565116,11.233850707171444,6.323024847570738,25.24433863984564,1.6843123774286897,0.021982891244798478,0.08776551796721091,1.6843123774286897
96,71,0.11696899322620422,0.17431111307104363,56.31290871623889,32.92627851374693,117.52005489225238,1.502209321219297,0.10192008169813022,0.36377186054556276,1.5022093212192968
96,72,0.1310301316358284,0.12657460691879505,30.92224926384967,19.02934257574366,58.788282117490304,1.285771264648193,0.07789315505142466,0.2406391474617517,1.285771264648193
96,73,0.13717125847778547,0.09030952121370724,23.619715342178772,14.820036707210768,43.41967825877725,1.2108376894997899,0.056664121476847254,0.1660142934830848,1.21083768949979
96,74,0.1327538890542091,0.060889704627647256,24.789696057432707,15.341157437635744,46.6690377103576,1.26374604190957,0.03768172642616153,0.11463084964239358,1.2637460419095699
96,75,0.1034621638442525,0.14915634005521333,43.45185285353204,23.914351917412393,102.19999637383785,1.8016641251251477,0.08209033614325287,0.35081996305569785,1.8016641251251477
96,76,0.09993352942489266,0.0893108866600675,24.5297191101021,13.257506253454189,59.9318476405784,1.902767054837667,0.04826959628370791,0.21820740905882524,1.902767054837667
96,77,0.0964207711685992,0.1708234590074956,58.34516781084901,30.933842437095713,148.5845203103274,2.0164596707416633,0.09056835662258512,0.4350269725277917,2.0164596707416633
96,78,0.09742337584361102,0.15842447357694542,41.321083792896495,22.030999615471888,103.95148294315254,1.9825347209736934,0.08446655305432789,0.39854857257260157,1.982534720973693
96,79,0.15215591507009757,0.027170924543025235,6.740653671734855,4.408023924136889,11.566368737308824,1.0619659697380028,0.01776831910661684,0.04662291633762874,1.0619659697380028
96,80,0.11821739658247879,0.07106140627692709,31.67309033367817,18.611718990387715,65.4825796582657,1.4798322542603286,0.04175705340888822,0.1469160144505823,1.4798322542603288
96,81,0.08631118043301131,0.35372561356754156,91.00274203626674,45.316491214792634,188.31550974782658,1.5713704371242514,0.17614418314222285,0.7319781551558946,1.5713704371242514
96,82,0.167227104819622,0.03944796716835877,12.956894073856938,8.773057781605129,21.04103774618238,0.9468303047510663,0.026710050523076827,0.06406058129890402,0.9468303047510661
96,83,0.10714850885687709,0.15953454480442697,45.17797133496181,25.311934132026757,102.46307459997482,1.7077159108346953,0.08938267413409834,0.36182235462438883,1.707715910834695
96,84,0.11272697251403622,0.07015177025150164,26.33201250999548,15.127259758775628,56.83863179683502,1.5840556061647773,0.040300909424586785,0.15142521437386142,1.5840556061647775
96,85,0.11156230537158089,0.04758165704666579,12.170051719794142,6.956271451412324,26.52876208968933,1.6082504075511093,0.027197166466126736,0.1037203858033841,1.6082504075511093
96,86,0.12333623820221741,0.052655722970665925,15.021187595415796,9.000290909381052,29.956888478190905,1.3951358663016393,0.03154989056420564,0.10501177824662478,1.3951358663016393
96,87,0.12289621290408233,0.18289351047768043,44.196148232646856,26.438348858422604,88.40151802630584,1.4020038316848666,0.10940777934984536,0.36582518182984963,1.4020038316848666
96,88,0.11204142746523565,0.045814279493184486,16.700117369948668,9.56555695571472,36.2556977952672,1.5982007939405591,0.02624167783788673,0.09946209569770885,1.598200793940559
96,89,0.11662165695451307,0.1728724188841772,44.100270076651846,25.749413167496012,92.27758605601883,1.5085661102049588,0.10093732603850467,0.36172679855633016,1.5085661102049588
96,90,0.11466728662769138,0.1556319281942298,47.08647758948366,27.27327809751906,100.04305227317131,1.5454495197131657,0.0901446248644927,0.330665913544299,1.5454495197131652
96,91,0.11364286517195692,0.04494186834291343,16.65299649403343,9.604277727142826,35.67579282855066,1.5655750069213639,0.02591931039538008,0.09627917623739579,1.5655750069213639
96,92,0.11888613342281754,0.04628837629516832,13.249779524583866,7.806313356325848,27.258835302818618,1.4681392932161799,0.02727151568410402,0.09522929974221701,1.4681392932161799
96,93,0.15026302248425596,0.0679543016594511,22.465878081987082,14.620908065458382,38.852254293002325,1.0785844265295998,0.04422500618891374,0.11751945767449223,1.0785844265295996
96,94,0.09355194136497486,0.23444197686183188,58.29417106546903,30.39785149114631,141.71905211325029,1.909645485773892,0.12225120051768225,0.5699522633077868,1.9096454857738925
96,95,0.10439538505130708,0.10430934140851571,36.731596551304406,20.309383568242197,85.57537456080165,1.7768351261671944,0.057674008845690745,0.24301451064770774,1.7768351261671949
192,0,0.11258227342351444,0.03955621813799964,11.939326638626367,6.854659150941348,25.802593065077822,1.5870186391279144,0.022710191356944635,0.08548664683535975,1.5870186391279149
192,1,0.12011197757043521,0.06310472240738217,17.93325228312776,10.615959242452954,36.569245940069514,1.447215836138899,0.03735614435722619,0.12868229796033887,1.4472158361388985
192,2,0.13608566025591454,0.04986581167620346,12.114368575996263,7.575933386300825,22.39658461163227,1.2233944453941648,0.031184462082595288,0.09219001910233408,1.2233944453941648
192,3,0.13569945168348893,0.12940770554468112,39.567637897044186,24.714879293387632,73.30114702343758,1.2279294472031013,0.08083110319835304,0.239734635531655,1.227929447203101
192,4,0.14761545467306056,0.06447909120960545,24.035578304493487,15.534589020507054,42.04066407235663,1.1027849929824332,0.04167389565865983,0.11278046980575823,1.102784992982433
192,5,0.1324703957389229,0.07291839849630871,17.60740853603909,10.886440830293587,33.200527834774135,1.2673123906228314,0.04508453524236846,0.13749492516111372,1.2673123906228312
192,6,0.1037600820564439,0.10514228204488517,37.88605087676357,20.882075290254413,88.83663601138359,1.7936564817001648,0.05795243893306032,0.24654157462361545,1.7936564817001648
192,7,0.10758946441769043,0.11667973263129217,32.43483123602227,18.20983382089514,73.25763718962685,1.697181741694878,0.06550730990462453,0.2635340217522937,1.6971817416948782
192,8,0.08903811976767986,0.16678724180200039,74.7068003635363,37.88150528584784,164.51655102300973,1.6950939555828077,0.0845726460133379,0.36729269146023696,1.6950939555828077
192,9,0.1213822716949564,0.0734116830864225,19.562226800815083,11.636361172912208,39.53606125680523,1.426202669459417,0.04366807866011397,0.14836801704747848,1.4262026694594172
192,10,0.13192838369391544,0.04716619581356829,13.141675678009717,8.111086123058273,24.856099255127035,1.2741916284000676,0.029111133596231194,0.08920990544535821,1.2741916284000674
192,11,0.11579910312212292,0.17310284164902404,44.058193706863605,25.638857482755668,92.7771567497647,1.5238550112541245,0.10073402274337795,0.36451765545257236,1.5238550112541243
192,12,0.1281500349124042,0.07608154964417063,25.68287527052029,15.6530560884266,49.669534759395454,1.3244809357468696,0.04636976005726208,0.1471383221230451,1.3244809357468692
192,13,0.16598853343863174,0.04827887832869906,11.877949316190069,8.021289880148748,19.36812393665165,0.9552856098684275,0.032603176512554975,0.07872329424054987,0.9552856098684277
192,14,0.1436541216062444,0.07505565402957552,29.225916780740558,18.686585606624178,52.04068467630233,1.1412507371422478,0.04798938951366203,0.1336467100016086,1.1412507371422478
192,15,0.13075857245288935,0.038915847186063605,13.362862603052989,8.216058196021926,25.445021683626774,1.2893168177654224,0.023927123605622155,0.07410197986020314,1.2893168177654222
192,16,0.1336010075821652,0.07637904580151411,21.336094494671414,13.239681481382824,39.97843515298725,1.2532168752009558,0.04739547054952104,0.14311497965972522,1.2532168752009556
192,17,0.12458555996498316,0.075549712675346,18.16914438032402,10.935959978118863,35.93718237012413,1.3760264032620013,0.045473172367472205,0.14943157176760619,1.3760264032620013
192,18,0.15345882396869662,0.03591838606549982,12.241103857737732,8.03109271468934,20.894549768144337,1.0508412642315643,0.02356518595107692,0.061309708173304146,1.050841264231564
192,19,0.10748326026348481,0.10741420294134169,30.356544045754767,17.03458343151458,68.63178374217603,1.6997060084603768,0.06027551090717151,0.24284807704055222,1.6997060084603766
192,20,0.12713526276189246,0.12579501480228877,34.1065700877449,20.71449753965405,66.3738786162807,1.3387268482043255,0.07640113086478488,0.2448062945508694,1.3387268482043257
192,21,0.13478837828587464,0.028988372294405696,10.264347611072099,6.393219539836287,19.10840930655403,1.2387723261634216,0.01805560715624341,0.05396560053507564,1.2387723261634218
192,22,0.13685455604163058,0.06887876674515504,19.646772360793474,12.31538721896332,36.17584544094482,1.2144721679371995,0.043175981685623754,0.1268273268594529,1.2144721679371997
192,23,0.11421135210096818,0.03586016741418739,14.663409552521296,8.47711353904643,31.26899498263704,1.5543370975184736,0.020731243276705037,0.07647003181179961,1.5543370975184734
192,24,0.11044562855936851,0.14365318221567888,42.92320302954344,24.413854956167928,94.47366914076721,1.632213097805821,0.08170704204417456,0.31617964759809186,1.632213097805821
192,25,0.13216855986928713,0.03413279155967334,9.750780254866276,6.022905857009429,18.417448323511554,1.2711334008697854,0.02108329639551065,0.06447062781193773,1.2711334008697854
192,26,0.08707002155005389,0.10652188430620267,26.623832048629748,13.32610759880472,56.06674817199368,1.6053526966035943,0.05331772260653753,0.22432291682479608,1.6053526966035943
192,27,0.1296551501113064,0.021849562251843594,9.114175540175685,5.583249668577276,17.467614750682174,1.3039429655176265,0.013384815846855278,0.0418753988447862,1.3039429655176265
192,28,0.13158598040829556,0.034664188321401675,13.757123742586256,8.481477534463334,26.071047862845738,1.2785790589302115,0.021371003125330888,0.06569190840788827,1.2785790589302117
192,29,0.11490303023636492,0.11776143883570434,34.65366715453311,20.091679528192884,73.48941649314676,1.540897150273714,0.06827632640767588,0.24973459192174496,1.5408971502737139
192,30,0.09251685881433068,0.12779199650550507,50.224438440579426,26.027751001777617,119.41375269756861,1.8593737350846848,0.06622549436765686,0.3038385762240268,1.859373735084685
192,31,0.11355971260299302,0.08984316344222043,34.35864127469065,19.808669534707906,73.65668488446917,1.5672335503391088,0.05179697067621364,0.19260219069146156,1.5672335503391084
192,32,0.10857684574597198,0.11270308751943567,46.56732027145755,26.263838421189874,104.22202566469902,1.6740964863140722,0.06356422621968992,0.2522400690327245,1.6740964863140717
192,33,0.12322304849513803,0.10773348117929504,26.814691917906107,16.059974078292576,53.51729898208241,1.3968955906137737,0.06452421383026676,0.215016638651096,1.3968955906137739
192,34,0.12672623042213882,0.048088002401305535,18.141084337217517,11.00224083970617,35.39407297730284,1.3445630748518915,0.029164507153197097,0.0938218595253816,1.3445630748518913
192,35,0.11385243028367514,0.09196165242616572,40.432074805902985,23.339043727621174,86.47016554808506,1.5614118771675525,0.05308401900080644,0.19667403534297584,1.5614118771675523
192,36,0.14277294090298578,0.02908771232807061,9.351263439824374,5.964287002715914,16.72013166272394,1.1502022939704533,0.01855230212403355,0.052009055570133,1.1502022939704535
192,37,0.13795910399975356,0.0346384090202418,11.546312063048942,7.261890516704641,21.13936807232986,1.2018969762679965,0.021785339994648316,0.06341713905881104,1.2018969762679965
192,38,0.10116380103295942,0.1366799996930278,49.59718284900739,26.979150031110656,119.53483009079957,1.866147929035878,0.07434918691242068,0.32941428528018896,1.8661479290358778
192,39,0.09449100039485066,0.15691652665208666,46.028366941492806,24.134890868112127,114.15737133056051,1.9558043537994083,0.08227889664139566,0.38917692265062764,1.9558043537994083
192,40,0.11179806394035534,0.09419201967058806,31.005524790531886,17.74067589073515,67.4514711360728,1.6032883036547656,0.053894591488415404,0.20491155492388885,1.6032883036547656
192,41,0.12161910317731793,0.05062334872864108,17.624838904020237,10.493274767012828,35.562100121040274,1.4223577015679407,0.030139549684892273,0.10214405962823453,1.4223577015679407
192,42,0.11557949875286351,0.09783282087626326,33.92625866501356,19.724983524505067,71.56409501745591,1.5279937586047443,0.05688074240647709,0.20636868209210324,1.5279937586047438
192,43,0.14771528612689278,0.04709872397231558,12.74504730100301,8.239516820897508,22.282664807665782,1.101851382353293,0.03044874759956069,0.08234454171553279,1.1018513823532932
192,44,0.11654126713445269,0.03432056183920334,12.553057995969226,7.3271369264977135,26.282827879049204,1.5100456764111299,0.020032684949828343,0.07185830096711815,1.5100456764111296
192,45,0.139351306169662,0.03905698408771453,12.645549010727983,7.986229130850127,22.989410619206154,1.1864397089938856,0.024666230293349602,0.07100498712855645,1.1864397089938854
192,46,0.11750107102294505,0.13479086269674706,46.45895819476907,27.222643591197595,96.56649878097062,1.4925830858940918,0.0789807554263397,0.28016731722057725,1.4925830858940918
192,47,0.13441844805045042,0.07474933334849278,28.855283002604903,17.951877656439645,53.82574715893675,1.2432340205867534,0.04650416656982458,0.13943508080485076,1.2432340205867536
192,48,0.09143127820510044,0.14014934720663497,37.492199731840536,19.30093844858993,87.06187251336637,1.8073341801609455,0.0721487120892527,0.325445417623048,1.8073341801609455
192,49,0.09929124506176179,0.19557292104430513,49.04654394389156,26.41745257010482,120.70994306607157,1.9225103934710632,0.10533949897866854,0.48133047236784077,1.922510393471063
192,50,0.1330831342441136,0.08844501876251071,22.325107951956053,13.830536563261344,41.951938269210686,1.2596311635521313,0.054792212806570706,0.16620031470078217,1.2596311635521316
192,51,0.15609143474158416,0.05560517596326494,13.440285249624237,8.874637661092747,22.706100946323286,1.0291048908814817,0.03671616930668021,0.09393972784880157,1.029104890881482
192,52,0.10690562982146398,0.10379830824592273,31.75369895820314,17.77038346046678,72.18285210651575,1.7135789036002134,0.05808884635789076,0.23595543759749601,1.7135789036002131
192,53,0.12516811789189553,0.08311957739855301,21.86570927950721,13.188419258704576,43.08556710522834,1.3673074796866393,0.0501340167531564,0.16378403663859045,1.3673074796866391
192,54,0.10710451168065604,0.13618194045402535,41.21172175838476,23.08498718871766,93.50653706846607,1.7087747581286323,0.07628311112908721,0.30898737348990213,1.708774758128632
192,55,0.11221628064117486,0.12165792940967111,37.389889507814694,21.432562572396165,81.05324734536659,1.5945670222028703,0.06973653088640347,0.26372825311254977,1.5945670222028705
192,56,0.09659729221989324,0.06198103099379898,27.623750143072634,14.660312625779037,70.19498828994716,2.0103959591487572,0.03289420468006453,0.15750061893387188,2.0103959591487572
192,57,0.11076626321014559,0.06056792163158255,25.499265257507226,14.52413250434966,55.966909462017526,1.6252537686538524,0.03449889674884573,0.13293713964010645,1.6252537686538522
192,58,0.11503390649889095,0.08281039258703239,26.314626752056324,15.265113584373761,55.74707093951558,1.5383823504917624,0.048038304351356614,0.17543235074454114,1.5383823504917626
192,59,0.1400409689811701,0.04701813752785377,11.669645422810868,7.384827816745842,21.142634299897697,1.1789395465486228,0.02975419023688219,0.0851857319735309,1.1789395465486228
192,60,0.137182822366832,0.09875945882777347,24.379815347872146,15.297492649003331,44.814267344027456,1.210705424707014,0.061968151681233756,0.1815367642251481,1.2107054247070141
192,61,0.1419199345574732,0.06831302623710334,17.605777381704126,11.201928342240162,31.607242099527006,1.1590123693425767,0.04346514261533469,0.12264078501136143,1.1590123693425765
192,62,0.12419882653748678,0.0740671181215211,24.613375478167665,14.794064264724401,48.806824024628334,1.381881156043535,0.044518627945389376,0.14687058275997003,1.3818811560435351
192,63,0.09776520155887328,0.23748397066822383,56.7885650659054,30.334944063042364,142.27931611849343,1.9712484709824087,0.12685763335856717,0.5949975474211348,1.9712484709824096
192,64,0.10935831615979194,0.053378422943302715,22.167074014724296,12.54677857528133,49.26214205554114,1.6563017498778563,0.030212704343499514,0.11862347967021213,1.6563017498778565
192,65,0.0947839977427638,0.10558547452557351,46.58044005443543,24.466081288080357,116.24415654352734,1.9703136155045362,0.05545810214683103,0.2634946002040759,1.9703136155045362
192,66,0.14379940440427894,0.023582278690087752,8.970830503639128,5.738129272552212,15.96298490364221,1.1397891897458279,0.015084240373305824,0.04196306669384125,1.139789189745828
192,67,0.10524936076188313,0.168472909975464,63.86077766775799,35.45685034992568,147.51683939545168,1.754754532250283,0.09353971209205046,0.38916831443288985,1.754754532250283
192,68,0.1134872265358867,0.07204479479385645,26.65338288061305,15.361659498112692,57.17235345037231,1.5686824497865741,0.04152296956795035,0.15453837475954812,1.5686824497865746
192,69,0.12878168205469914,0.07956655804109505,21.729218632239405,13.271940704133728,41.86275566084317,1.3157774073978694,0.04859827949757239,0.15329015895245654,1.3157774073978694
192,70,0.12030264568337004,0.10344532803771471,26.987946060459894,15.987756744772454,54.958868336841554,1.4440191745145723,0.06128138604342495,0.21065842324383488,1.4440191745145723
192,71,0.12795245059995944,0.04933282064234859,15.43682668524626,9.401982088260244,29.890186746468206,1.327229039747499,0.03004673858818526,0.09552269075736518,1.327229039747499
192,72,0.1510659471751885,0.0468464940835824,14.253414648454976,9.29528266527383,24.56735729458991,1.0714677855086132,0.03055067260189319,0.08074518187647158,1.0714677855086132
192,73,0.1025296958952791,0.1982676620966262,51.02805091728965,27.9526223462768,121.19291795852045,1.8272360777286005,0.1086089118130201,0.47089073704287887,1.8272360777286005
192,74,0.11032987383432098,0.11111708528102703,27.6954589351884,15.744497813638155,61.0194119447696,1.63474142952755,0.06316857613224719,0.244816278969488,1.63474142952755
192,75,0.1229103064960512,0.061053297529674595,14.869444419920475,8.895435492279384,29.739165803672197,1.4017827245427297,0.03652427450743081,0.12210773226089598,1.40178272454273
192,76,0.15167223987122533,0.02531817558632804,6.730991386021874,4.396338874240207,11.572653365511416,1.0661601062473691,0.01653653573025856,0.04352976450336761,1.0661601062473691
192,77,0.10810022148185257,0.06359580022320456,20.021083348701147,11.267081726153872,45.0057023413741,1.685154595663226,0.03578922609107891,0.1429579811020925,1.6851545956632266
192,78,0.0986438977919784,0.1020406021990407,44.474456082331194,23.87139194329857,110.2791855104245,1.9428634137125291,0.05476966833982774,0.25302062106553813,1.942863413712529
192,79,0.14033930768203803,0.09064166103953412,23.67495960615961,14.995109565795426,42.83038760764141,1.1757265273054138,0.05741009324298407,0.16397989860618997,1.175726527305414
192,80,0.14971839362636877,0.05714626925228859,22.36950847287352,14.53774081636588,38.77442145024252,1.0834695211683956,0.03713884245688619,0.09905508344022351,1.0834695211683956
192,81,0.11634836883662934,0.09344682748546665,33.771931469955454,19.697036060086784,70.81452857432603,1.5136087955086293,0.054501636434961455,0.19594357642934135,1.51360879550863
192,82,0.1301142285212485,0.0268654300511329,8.798528760200702,5.398162736275369,16.81702101576935,1.2978145086194508,0.016482751531374202,0.051349096432035474,1.297814508619451
192,83,0.11909712590922074,0.029884256605882238,12.14957647618159,7.164010293345805,24.956960699395133,1.4644914117731747,0.017621282713289523,0.06138651985982982,1.4644914117731744
192,84,0.08196110630490658,0.13979069104723155,51.91258996569251,25.061706899550536,96.86922377150565,1.3832389583993123,0.06748639065449497,0.2608503205325876,1.3832389583993123
192,85,0.12258514630574656,0.04585328082218372,18.556453788195135,11.087807298403161,37.194942666630034,1.4069032621327235,0.027398141237490625,0.09190927160570876,1.4069032621327238
192,86,0.1253687184455235,0.04121670636787947,11.366390271452238,6.860602174412271,22.368140201731627,1.3643327087112258,0.024877856432555648,0.08111115707559986,1.3643327087112256
192,87,0.11739070965591131,0.1177111229862539,36.47566907208013,21.363510063320476,75.87890458791006,1.4945687333893964,0.06894247108976144,0.24486983507717042,1.4945687333893967
192,88,0.12081749009097004,0.09302594978456044,33.84298799655753,20.088121262622057,68.66848803053281,1.4354632863047523,0.05521724500309855,0.1887525805924645,1.4354632863047518
192,89,0.11115323113913474,0.15240938681606717,44.160358540261726,25.19632312273692,96.60096384968183,1.6169397868870137,0.08695935187334802,0.3333961533113002,1.6169397868870141
192,90,0.14491597549516452,0.05281701791938168,21.653285560684022,13.893206668257106,38.3330310985445,1.128688963242738,0.033888517449165725,0.09350250264616575,1.128688963242738
192,91,0.1268114570358852,0.15330942729169847,47.55620051428258,28.850557433329424,92.73482290442728,1.3433425038215878,0.09300706089464839,0.2989541308121323,1.3433425038215878
192,92,0.1186123909361603,0.05249857963665513,16.563349660805834,9.748093775706238,34.14427595193968,1.4729014768046944,0.030897196996359132,0.10822243247333732,1.4729014768046942
192,93,0.11972992128545289,0.028695038819081843,10.548942956175186,6.235484581385908,21.570140402410445,1.4536675271381452,0.01696164941473246,0.058674695536000236,1.453667527138145
192,94,0.1352392140750032,0.13411955016776453,34.73902287406782,21.66788007792666,64.51433762488996,1.2333811950406803,0.08365480916591762,0.24907534023015354,1.2333811950406806
192,95,0.14584549820038667,0.10869848726326972,27.220486617478517,17.509624530285546,47.98631666162171,1.1196233395683237,0.06992048767297834,0.1916218509887053,1.1196233395683237
192,96,0.10185170062866372,0.07127752431956307,29.796252963813277,16.265745241131718,71.27943229319321,1.8463290373750716,0.03891033055091257,0.17051209341432969,1.8463290373750716
192,97,0.12184229450616585,0.09594317547717263,25.858762762371388,15.408384549803376,52.09562403531904,1.4187546334931935,0.057169376441812796,0.19328920120210202,1.4187546334931938
192,98,0.12362719311543309,0.05301994312762652,15.698320485579197,9.416021789314446,31.246646048186307,1.3906343853105767,0.03180193322059856,0.10553328924108721,1.390634385310577
192,99,0.11692383428928217,0.09775165597984377,31.772229150204108,18.57391383001641,66.32860744559885,1.5030325190536924,0.05714521402724311,0.20406913175629762,1.5030325190536922
192,100,0.13380282909520488,0.0836447882612634,37.841098703769575,23.49657092647695,70.82580096196205,1.2507361481755908,0.05193733182528182,0.1565548921101373,1.250736148175591
192,101,0.11147797021508574,0.06691199452719063,17.702652619263908,10.11491293642053,38.6167772807351,1.6100335332400428,0.03823206688856793,0.14596262185331904,1.6100335332400426
192,102,0.11980570546064255,0.09107776977401091,24.900549814450454,14.723030914476471,50.88816206603893,1.4523828357627218,0.05385185588256166,0.1861316454218839,1.4523828357627213
192,103,0.1314660796139287,0.10020574247327728,25.396264605196713,15.651052947621316,48.16139870671353,1.2801231308812155,0.06175417548547868,0.19002986427264718,1.2801231308812153
192,104,0.13124506369078193,0.039351391945735066,14.716585997105268,9.062883806975544,27.943968008064484,1.28297991156392,0.024233683880018106,0.07472072923847443,1.28297991156392
192,105,0.14627674147974534,0.057909778437410825,16.298906092537013,10.496548085563129,28.677491675048394,1.1154701724313882,0.03729408406561191,0.10189071460465404,1.115470172431388
192,106,0.12603519429519258,0.08646512031704937,25.182199567533605,15.235567070595904,49.346086944392056,1.354548866246516,0.052312552615775075,0.1694337833111029,1.354548866246516
192,107,0.14122526675300562,0.03913765145354369,12.201112965574426,7.747703249766923,21.97779837276477,1.166294842376119,0.024852397499344828,0.07049843853232705,1.166294842376119
192,108,0.12269868507613882,0.09287539057282114,22.754470040661715,13.601909642307033,45.574458863429584,1.405110695348577,0.055518000125163565,0.18601820475371098,1.4051106953485772
192,109,0.1275370025503336,0.09119151340670671,31.94815077975468,19.43059367897027,62.01900049843239,1.3330476343704405,0.05546190313772189,0.17702453435919258,1.3330476343704403
192,110,0.09342905032952852,0.11545300069537104,29.49612291319735,15.369695873276324,71.51980183321194,1.903643611913909,0.06015968653124457,0.27994105378127976,1.903643611913909
192,111,0.10363028153769,0.0941998068641823,23.717564643354887,13.064242150557035,55.6879278781314,1.7971358513622322,0.05188766662660628,0.2211775167336264,1.7971358513622324
192,112,0.14217056539018058,0.07332382761481497,19.95646466117286,12.706650133706367,35.78448144832937,1.1564087981737092,0.04668663712658284,0.13147895649612726,1.1564087981737095
192,113,0.11537606024806263,0.16714546085792215,40.08408813358882,23.285685224261936,84.68848029814117,1.5318496174651959,0.0970982943463881,0.35314000462264,1.5318496174651957
192,114,0.11461938128581745,0.162953023400632,39.51352330050302,22.882325398243292,83.98517516052226,1.5463781677373505,0.09436627753297179,0.3463532752865027,1.5463781677373507
192,115,0.12210762328050845,0.034013649203013877,13.973450862313435,8.334577855922536,28.099980863834997,1.4144969057872447,0.020287716344366373,0.06839991789656229,1.4144969057872447
192,116,0.07315337755064558,0.23172860635442016,77.69308618116226,34.896091023792366,115.49113187552939,1.0373515175315353,0.10408162344464904,0.3444656449018746,1.0373515175315353
192,117,0.12938714589288716,0.047627893792476776,20.519702199893825,12.55884829730646,39.38937722456523,1.3075496255202768,0.029150105933946492,0.09142594062661902,1.3075496255202768
192,118,0.12569834382867578,0.03142988353813884,7.748183119217572,4.682177178935556,15.215636993178347,1.359474815214032,0.01899287628784599,0.06172101140305583,1.359474815214032
192,119,0.13023288865185728,0.045621361744674654,12.775166705320581,7.841046326341161,24.40073534567066,1.2962405423979906,0.02800113839311232,0.08713739708596434,1.2962405423979908
192,120,0.1492106445299033,0.04334187978987547,18.380775052105772,11.929755602508685,31.929263941073703,1.0880666501750043,0.028130371639975466,0.07528922559523299,1.0880666501750045
192,121,0.11296851534427609,0.16345825948101586,58.21184843693758,33.47628475028576,125.40071518832889,1.5791360849437255,0.0940010562471748,0.3521238921757418,1.5791360849437255
192,122,0.15903338736766887,0.02804128358848599,8.648603697546715,5.7504878262113195,14.450293009152391,1.0059202025188043,0.01864475070729265,0.046852044373509705,1.0059202025188045
192,123,0.1115136572823203,0.07122098690152029,19.559062721178893,11.177371796919884,42.6533502783226,1.6092784674860712,0.040700490697842186,0.15531489135156631,1.6092784674860714
192,124,0.08368890885014167,0.2965795790906287,85.08990179366603,41.60121530436319,165.5431949099504,1.4566003367371763,0.14500041326343477,0.5769983280362145,1.4566003367371763
192,125,0.10283379903368377,0.23932233149792695,57.19321177743205,31.37804134974526,135.40164783915688,1.8188103667655615,0.13129995291893304,0.5665818904458668,1.8188103667655613
192,126,0.08096978775323532,0.22485399701476227,68.10388466495131,32.63401305173913,124.02675635800009,1.341960796449177,0.10774551715244231,0.40949076607115353,1.3419607964491769
192,127,0.12909406696214892,0.03733256172051912,13.773946814188193,8.421860341725548,26.486645596457784,1.3115184411866727,0.022826400105247675,0.07178874325844815,1.3115184411866727
192,128,0.10073229190075525,0.06074144768348907,19.261473050849883,10.454054046518324,46.642837242854334,1.8788170095193855,0.03296707241811611,0.14708913750868724,1.8788170095193855
192,129,0.14483705014913964,0.0533368704701066,22.564534887084513,14.474744281024291,39.96061867185048,1.1294659747413536,0.034214645445530885,0.09445682584070315,1.1294659747413536
192,130,0.15493146755273002,0.023532354719768764,7.370059259419393,4.852831676368186,12.507102048537824,1.038562934536382,0.015494930554007878,0.039934761928322,1.0385629345363818
192,131,0.13876705103148113,0.02558636975927161,9.951133754107477,6.273734931684354,18.14418616351858,1.192874251834322,0.016131036492950022,0.04665235817669746,1.1928742518343218
192,132,0.12068942053876945,0.09862123469220455,31.60741532230599,18.752019175583676,64.1902496399744,1.4375813397283406,0.0585099181698301,0.2002859648643126,1.4375813397283406
192,133,0.07798869316768668,0.2055576346328595,56.83837063081812,26.60610841384769,96.02899970110033,1.2214088918588935,0.0962217715187384,0.3472916942487947,1.221408891858894
192,134,0.11608756246335225,0.03666280525614699,14.124345041944746,8.22909931910137,29.67628623997702,1.5184553235696543,0.021360414580198103,0.077031246398392,1.518455323569654
192,135,0.1283200411546845,0.07861296696953572,26.92472024718563,16.419469072690376,52.01734733273808,1.3221262071894195,0.047940449074996214,0.1518767129303356,1.3221262071894198
192,136,0.10926130362252383,0.06429901156594013,25.876808680785285,14.640084923608939,57.55647473447598,1.6584885076162588,0.03637786256573698,0.1430170342989336,1.6584885076162588
192,137,0.13958817644477994,0.018287094983055457,6.158795966512896,3.8922663093997043,11.183370379533853,1.1838521863328368,0.011557168655424731,0.033206386032791184,1.1838521863328368
192,138,0.1099857006399078,0.16052623270405916,41.15431333200631,23.359695330207924,90.94780657128533,1.6423092932160075,0.09111666760714905,0.3547503913819808,1.6423092932160075
192,139,0.1210957853999445,0.11235621018884295,27.78219707212847,16.508042432106304,56.261141856223425,1.4308839333660206,0.06676149767754759,0.22753019365065855,1.4308839333660204
192,140,0.11320135043553513,0.0862394076160202,22.316866840268574,12.846680691022422,47.982916661242186,1.5744251297328131,0.04964362338833607,0.18542111391226962,1.5744251297328133
192,141,0.10630661116873205,0.08014712538160693,36.04583493573581,20.11525230271183,82.41064387933011,1.7282271776387312,0.04472582342071896,0.183238263714831,1.7282271776387312
192,142,0.10818558801040719,0.06779998310691844,23.642139787563014,13.310117667303832,53.10367823659858,1.683162392527102,0.03817022321596369,0.15228860499550162,1.6831623925271018
192,143,0.12889311894788585,0.12474740587452923,37.05465341147985,22.641080856035533,71.34033288209373,1.3142546898298815,0.07622297992162222,0.24017284313633394,1.3142546898298813
192,144,0.13819909483016804,0.025805026476185117,7.44914670613391,4.688405174012863,13.621433859149768,1.1992016049007477,0.016241379639746128,0.04718680880449361,1.1992016049007477
192,145,0.1354321988645969,0.054872555336607,18.222472189294333,11.372772829190497,33.80625540830324,1.2310888635786954,0.034246347033364995,0.10179933882436758,1.2310888635786952
192,146,0.15686112211877556,0.048212489552293784,16.323267720931373,10.798125233039169,27.495681874310193,1.0229297789351148,0.03189339958657225,0.08121139086621167,1.0229297789351148
192,147,0.10334473117090688,0.12310055687079625,34.854237486275125,19.171282272833817,82.07766985214401,1.804841881968625,0.06771043333374843,0.28988747406782217,1.8048418819686256
192,148,0.10467311117966827,0.0913755905083769,23.93490086040799,13.251947705457267,55.60687025464779,1.7695883846025067,0.05059158398167049,0.21228876758148932,1.7695883846025067
192,149,0.11804315286096106,0.1426579730090566,36.30584701196789,21.319321401012946,75.15770176464518,1.4829121145661444,0.08377083658162686,0.29532007299620694,1.4829121145661441
192,150,0.10593766938716913,0.1270833077892624,44.73683806016401,24.921304657957712,102.64641894816818,1.7373850647576479,0.07079360025619137,0.29158624118925514,1.7373850647576479
192,151,0.1707109536361706,0.04850041147297494,13.003842208837625,8.86885361715038,20.882796038365562,0.9238763611765689,0.0330781505048595,0.07788653417207791,0.9238763611765691
192,152,0.11239049817617837,0.048840725147445675,21.061681676373023,12.082033940962056,45.5904157423004,1.5909642124602053,0.028017482554330217,0.10572132837452146,1.590964212460205
192,153,0.12339883963659591,0.12823510108528063,33.86399985607819,20.295048535019873,67.50704096804574,1.394164677346934,0.07685263440466929,0.25563348273378106,1.3941646773469343
192,154,0.09521867653286661,0.07824891416754795,33.90764240770638,17.854618280837485,85.39636312573153,1.9919327929901562,0.04120323308098994,0.19706981122720077,1.9919327929901567
192,155,0.11935170774295736,0.1297964743132797,38.624117270892434,22.797319119800452,79.19300769771758,1.4601159214172525,0.07661046658468915,0.2661283652733343,1.4601159214172525
192,156,0.12643872713889395,0.08755605197677703,37.435844727668524,22.68134017141869,73.1709990730286,1.3486982668323073,0.05304778383921284,0.17113447939097143,1.3486982668323073
192,157,0.12448119188992178,0.05527002613560069,13.31470287234946,8.011072698260712,26.353422629370034,1.3776011456628698,0.033254380638607285,0.10939443196382756,1.37760114566287
192,158,0.11444346984912901,0.03552425380154348,10.36475771559985,5.997834877147533,22.06112200817756,1.549798612933653,0.020557027407871947,0.0756124666750071,1.5497986129336532
192,159,0.10418657611444787,0.18235446142318623,54.66015230143496,30.191279032529994,127.61349482141809,1.7823260947322777,0.1007226324085747,0.42573774749397,1.7823260947322774
192,160,0.11893810089340673,0.08494056680647866,33.577360945872364,19.78664226158626,69.05265562349932,1.4672389959809897,0.05005421991339576,0.17468233187258966,1.4672389959809895
192,161,0.11848530219900925,0.08584517677352266,29.22505584246589,17.19134980359572,60.30192428828325,1.475123767669422,0.05049757546470499,0.17712983606311125,1.4751237676694215
192,162,0.13770041612348213,0.03636876425871301,14.612068227886644,9.182913195276843,26.787780824391575,1.2048169605118892,0.022855847645843565,0.0666735516575996,1.204816960511889
192,163,0.09611913350994936,0.07195808879782523,25.437741036279157,13.46377367103459,65.02386958635105,2.0269133112795577,0.03808622078479344,0.1839390288233418,2.026913311279557
192,164,0.14086658934632523,0.0797735304184316,23.490042565715775,14.900752488470888,42.38630084372187,1.170093595120459,0.05060380919153655,0.14394630619429047,1.170093595120459
192,165,0.13655836605145966,0.07291654145454213,26.111582286555407,16.353012678381127,48.15411405472374,1.2178925439044221,0.04566575528759848,0.13447026745238305,1.2178925439044224
192,166,0.09698733267692095,0.10047658356523935,29.13644066202942,15.496940911632736,73.68638465753789,1.9971363153405892,0.053440970933090935,0.2541064048125839,1.9971363153405897
192,167,0.11697329408480905,0.08989721162105556,25.266699797900085,14.773749241074862,52.72764157229478,1.5021309721807938,0.05256400212867119,0.18760138801734993,1.5021309721807938
192,168,0.12220834311204617,0.07160349025448297,28.580667639501527,17.05357035017756,57.43484921269789,1.4128878783331535,0.04272451482852679,0.14389221825543186,1.4128878783331533
192,169,0.11778439250480979,0.1061401973135877,31.893153605078442,18.708907786230434,66.15034187371735,1.4875115416599216,0.06226311729913143,0.22014788583715453,1.4875115416599216
192,170,0.08545424225379111,0.19105668191201358,60.949894081649624,30.17274571354586,123.6339399534199,1.5334102814792698,0.0945810450873384,0.3875493254765345,1.53341028147927
192,171,0.0995617848142826,0.06554398838969455,21.612218062912092,11.657626357314033,53.02644601120965,1.914140396579057,0.035354415006871025,0.16081481093649408,1.914140396579057
192,172,0.09828001886791114,0.05012587609448621,22.28165242224792,11.935897219998493,55.48561277730154,1.95451013829743,0.026851567998106615,0.1248231010158207,1.95451013829743
192,173,0.10000693553270076,0.09996539521678027,26.330564967670927,14.236338516678968,64.27859080758104,1.90053849404085,0.05404901900156867,0.2440371006830666,1.9005384940408498
192,174,0.1274453242955276,0.06512834933400038,21.23591139110137,12.911411289259178,41.247317455454855,1.3343390657614753,0.039597966357789366,0.12650126716270643,1.334339065761475
192,175,0.1327889806133479,0.03899463713262468,16.625508578545322,10.289892381474326,31.292998659289132,1.263306092477594,0.02413463730469884,0.07339679996829661,1.2633060924775938
192,176,0.08833414645637588,0.24716986253713344,80.83354606896256,40.80073911197461,175.20494691629565,1.6627280917461553,0.12475900870557512,0.5357352825791025,1.6627280917461553
192,177,0.10173967134848463,0.19811359571534362,48.3748629039746,26.392608959811557,115.86315512997841,1.8495255758712594,0.1080878445426593,0.47450400674600607,1.8495255758712594
192,178,0.10890297410559349,0.06405687590469976,22.884847289817166,12.926260404696496,51.06660753212074,1.6666201283499569,0.036181838933393766,0.14294031767538173,1.6666201283499567
192,179,0.10030534972649814,0.18974162945586212,71.33219317621734,38.62851093806103,173.55597152112352,1.8915366901693451,0.10275075365669505,0.46165400742497475,1.891536690169345
192,180,0.09048705065475884,0.09582885184366362,30.885761903224598,15.806621465165641,70.24714599602258,1.7626414624783187,0.04904299888344627,0.2179549064447796,1.7626414624783184
192,181,0.1340192883008795,0.08312449206129233,21.036181978956336,13.07088958421275,39.32587949183961,1.2480872210504352,0.051649631979977115,0.15539624827798443,1.2480872210504352
192,182,0.12481313552813349,0.11671579823345032,28.5843139259023,17.218896685452574,56.45390056701897,1.372606107786017,0.0703083962956606,0.23051321382601495,1.3726061077860172
192,183,0.10664782687839408,0.13899566361280077,39.924083001147125,22.315604243385398,90.9790411956364,1.71985007020144,0.07769175864705181,0.31674346046922297,1.71985007020144
192,184,0.10478843070965307,0.08165354696813618,35.669933597218396,19.76036842626825,82.77480572180475,1.7665981105288764,0.04523429142373827,0.18948329321562848,1.7665981105288762
192,185,0.12395142744346506,0.06263611812381016,16.897798013486586,10.147450446990367,33.56196612776065,1.3856548446183654,0.0376141852533633,0.12440622577970906,1.3856548446183656
192,186,0.12598661080561652,0.07491876677987173,29.856740963303864,18.060632202245287,58.524187896627446,1.3552569499837526,0.045319088694914536,0.1468532680575476,1.3552569499837526
192,187,0.13062653504174404,0.09953019215253735,25.541129538282824,15.696925139447325,48.67175859399266,1.2910483620201822,0.06116871115631262,0.18966700270639997,1.2910483620201825
192,188,0.09213220596686039,0.14170177358661332,38.954683257431455,20.14030349733049,91.85020211246147,1.8408543625226566,0.07326248059275273,0.3341148086768676,1.8408543625226563
192,189,0.10565019881574123,0.0799307000409108,30.58853622637384,17.0162930153073,70.38086681226783,1.7445939028278472,0.04446516180928122,0.18391177374941575,1.7445939028278472
192,190,0.11815768180286182,0.08955727048868573,23.91158329723534,14.047592985279929,49.45792642566218,1.480886188095976,0.05261316530399459,0.18523729021426466,1.480886188095976
192,191,0.10967066319369664,0.07798362722553437,20.26114999048141,11.484202351066688,44.90098539473901,1.6493033741604681,0.04420182248040851,0.17282048199275446,1.6493033741604677
384,0,0.11425986316304682,0.05895783669786918,23.332748721655086,13.491720178037712,49.73649020746772,1.553386206734884,0.03409125279319727,0.12567554309859502,1.553386206734884
384,1,0.10845766706417423,0.14143841825380377,52.25297417286703,29.454410700405614,117.0746419479877,1.6768467754143632,0.07972723708091851,0.3168977926495174,1.6768467754143634
384,2,0.14247745084510893,0.07113444567503446,28.770999876922822,18.334983309856327,51.51479041504676,1.1532378870087137,0.045332066309373364,0.12736700413318625,1.1532378870087137
384,3,0.10909159845889042,0.057846497386660686,25.022230550496264,14.14568885525885,55.74086609840827,1.6623289102547443,0.03270206274164544,0.12886196770446698,1.6623289102547436
384,4,0.13654849395635696,0.04870340969281585,12.087919262733191,7.570124700892803,22.293293803722094,1.2180069028273974,0.030500773269552993,0.08982186246663347,1.2180069028273974
384,5,0.12599076328045522,0.06770960543566236,19.980680117626093,12.08668426725174,39.16442999608588,1.3551963981920374,0.04095879709515492,0.13271861050456857,1.3551963981920379
384,6,0.09653786847498888,0.09923519824677214,29.748980394490573,15.782926456464173,75.65075131757459,2.012432831889518,0.05264791650175368,0.25235208753262306,2.0124328318895177
384,7,0.11785700968402425,0.1638628047949583,52.12568411382385,30.586376398777123,108.05648910443092,1.486217668366458,0.09615162871097455,0.3396874243853255,1.4862176683664579
384,8,0.10182368664961827,0.13098557679538742,31.534399502334146,17.212124318336027,75.46017263388522,1.847127239928502,0.07149462388032092,0.3134416508168277,1.847127239928502
384,9,0.15435591837250526,0.0669601559718574,17.971812899946265,11.816958016317859,30.567400088102005,1.043325021030027,0.04402813206940855,0.11388933820692056,1.0433250210300271
384,10,0.14563220021219137,0.029721027663535186,12.452246296614415,8.005285704048715,21.972843564679437,1.1216898162726108,0.019107019906056875,0.05244479396540084,1.1216898162726106
384,11,0.14288897203910095,0.05374998567612569,18.863291941607482,12.035046513031185,33.70925148536789,1.1490149778432412,0.03429324953933819,0.09605278814006628,1.149014977843241
384,12,0.13594099423802336,0.08406493522302594,22.11632731629448,13.824678018372362,40.91914601720667,1.2250889404621952,0.052548085650614314,0.15553510807301424,1.2250889404621954
384,13,0.11039412106620276,0.04514895397411407,13.426633833176925,7.635047867037726,29.565266835962607,1.6333370851848046,0.025673927584683374,0.09941738846790577,1.633337085184805
384,14,0.10121582323774977,0.11113671720530968,31.523527082777274,17.152334440156036,75.9321444787927,1.8646330369151718,0.060470839353759624,0.26770003386907887,1.864633036915172
384,15,0.11489652615899495,0.12716134468714557,43.95163635793389,25.481815188463173,93.21226952871444,1.5410223589553558,0.07372426041310261,0.2696827357708228,1.541022358955356
384,16,0.08799761038227746,0.07476374691592012,18.429129290128078,9.281537913578786,39.6409518163805,1.647360188582774,0.037653572267954884,0.16081639248651985,1.6473601885827742
384,17,0.13274627299261108,0.02332735154351401,9.09827300590122,5.630348256654832,17.129123892025365,1.263841569483827,0.014435828976577152,0.04391790556323288,1.2638415694838272
384,18,0.09283616533893031,0.11184612533900225,42.30310802486416,21.964993690471648,101.27544548346656,1.874813825650334,0.05807373387153802,0.2677643960025195,1.8748138256503333
384,19,0.12576255667608194,0.09039047452171443,31.960830022283425,19.31811557977248,62.737951907463845,1.3585328133661922,0.0546348024410977,0.17743322809458756,1.3585328133661927
384,20,0.12240397646451631,0.11062532952982054,29.397862002450555,17.553941273559914,58.99827861216404,1.4097738582196693,0.06605618251330007,0.2220128801413775,1.409773858219669
384,21,0.13308735350837536,0.07562664928147597,18.600953032971674,11.523556107119965,34.95291883621632,1.2595786187710887,0.04685178951012834,0.1421094999543754,1.2595786187710891
384,22,0.08252106250379176,0.08376481702732486,25.37564540426109,12.301431337330285,48.00032947324193,1.4068173466010474,0.04060693348799088,0.15844873111689428,1.4068173466010476
384,23,0.09849665832463705,0.058081180354770945,15.358634043457961,8.237066976519953,38.14889761394291,1.9475580024099832,0.03114981262681798,0.14426628021616966,1.9475580024099834
384,24,0.1287764052142827,0.04110942743886745,12.152486215258364,7.422456898573555,23.41330110413912,1.3158496066004874,0.02510868540685224,0.07920250932985727,1.3158496066004877
384,25,0.11870787121660523,0.032592437927627144,14.681820220103686,8.643987198014234,30.244419264252524,1.4712366547480953,0.01918894333093073,0.06714013267765784,1.4712366547480955
384,26,0.06868137341506286,0.17884291026455248,44.76552803524295,19.27004948871591,58.65690623660522,0.879847920410564,0.07698583894265018,0.23434040161908978,0.8798479204105639
384,27,0.11858263319207726,0.058100735317971296,19.01987059793486,11.19253177079948,39.21681185645754,1.4734211750473674,0.03419026026516778,0.11979711396848912,1.4734211750473674
384,28,0.11768412767544895,0.12321850989293279,31.12040002558423,18.248321473089927,64.59599688404614,1.4893020453738888,0.07225263743759144,0.255762216249059,1.4893020453738888
384,29,0.11407966293422456,0.06913494663266302,30.710808741366254,17.744510389123757,65.55892933006443,1.556924773411666,0.03994573340956665,0.14758364453045317,1.5569247734116665
384,30,0.119999366905104,0.1039775357860314,33.61273527648622,19.889144041333328,68.59772913912036,1.449111019889569,0.06152501929106482,0.21220001221956492,1.4491110198895687
384,31,0.10895440738696843,0.12330447081236831,29.731872245546025,16.797668808887995,66.3145452402194,1.6654476388969846,0.06966354645465152,0.27502068623455245,1.6654476388969846
384,32,0.12616530746221064,0.0841526309731736,20.498084929825794,12.407300173651102,40.1341669654519,1.3526564499426355,0.05093680489963349,0.16476640396513917,1.3526564499426357
384,33,0.09767399152499298,0.1469161214970096,37.733618985927926,20.14617021166953,94.64163143613828,1.9742463942366753,0.07843926106374478,0.36848788418445333,1.9742463942366755
384,34,0.10917747677782474,0.032262544514775185,9.980604813956486,5.6444870104328455,22.216114485462846,1.660383091399119,0.01824593968318541,0.07181412308102952,1.6603830913991189
384,35,0.1329517737080289,0.045913158959844186,14.523660442737281,8.993709321914169,27.311958281223028,1.2612694321471214,0.028431510593609877,0.08634037452297307,1.2612694321471212
384,36,0.09683772639559234,0.15041491358825876,37.804665018783275,20.09054394549872,95.7830389605906,2.002199860188789,0.07993504055655203,0.38109575951327246,2.0021998601887887
384,37,0.12330790934166695,0.06391752259595013,23.741662795150116,14.22388802612504,47.357178941704085,1.395575836514173,0.03829368196139285,0.12749543202614952,1.3955758365141733
384,38,0.07371308810854302,0.1598574603508896,52.48205571213359,23.69098788745128,79.21319830311401,1.0579275080268298,0.07216144843228905,0.24127905310080344,1.0579275080268298
384,39,0.11204477557079454,0.04966480271951366,15.916395939233054,9.116786498137133,34.553272983755704,1.5981310456671294,0.028447608654282086,0.10781847175727015,1.5981310456671296
384,40,0.1333698581231545,0.03344454089907303,13.093869660032105,8.119160832134833,24.56599264439845,1.2560711416324952,0.02073807159890573,0.06274679426737906,1.2560711416324948
384,41,0.15418714578582646,0.06934731840570921,17.84459157931101,11.728450222887446,30.371235651720816,1.0447302952255733,0.04557888413400662,0.11802812856510503,1.0447302952255733
384,42,0.08915992457175179,0.08392973462019826,34.81610412645296,17.66806432977949,76.88065178730636,1.7007241029170084,0.0425916680701879,0.18533299069018722,1.7007241029170088
384,43,0.09811869147323674,0.13449331886721727,41.81184772298655,22.378153080426856,104.31776121857696,1.95972224621642,0.07198227875135557,0.33555182770291986,1.95972224621642
384,44,0.13773354379306513,0.08684586263209089,24.52108344653264,15.411742418463172,44.945969498553204,1.2044421750159766,0.054583479882259506,0.15918429956199376,1.2044421750159764
384,45,0.11613386813430551,0.08724349015656145,30.90905748237926,18.011576620738747,64.91892673276176,1.5175923801223674,0.0508392340501291,0.1832392899270075,1.517592380122367
384,46,0.11528800745323592,0.0658801043301602,25.77208365188135,14.966105170133126,54.488241346008046,1.5335250618352632,0.038257231481263844,0.13928602254788636,1.5335250618352634
384,47,0.07745924948475708,0.13579786388125717,57.85111576735207,26.96363850959476,96.41748705982552,1.2005619533690415,0.0632935849810485,0.22632733370567387,1.200561953369042
384,48,0.09545169456198078,0.18003443561113122,46.18276406175182,24.350889490736506,116.88121218783236,2.0035683133510993,0.09492716027632837,0.4556384507788396,2.003568313351099
384,49,0.12462105292277965,0.09375683367217379,39.49855555896588,23.77711233061174,78.10704997678756,1.375491758554784,0.05643919719185098,0.1854009492161177,1.3754917585547841
384,50,0.12072613780239967,0.08463466847093477,22.057143793763487,13.087871608156245,44.78340068768802,1.4369734076128877,0.050218998656555665,0.17183676661142183,1.4369734076128877
384,51,0.11959630572962048,0.10785245742007758,46.28318103921324,27.343881723352855,94.7293502629364,1.4559385726424354,0.06371871537457492,0.22074526828674174,1.4559385726424356
384,52,0.10280724285291269,0.043558766857205465,18.619424488829043,10.213848734189492,44.09268847744723,1.8195427986285921,0.023894543893891465,0.10315158444606147,1.8195427986285924
384,53,0.1322612324037105,0.031781907265574436,13.46911218126402,8.322158238996822,25.42735961721844,1.2699575998791899,0.019637082076512304,0.05999875674708421,1.26995759987919
384,54,0.1263885250757506,0.07435101596454087,22.002065776776437,13.328094878840345,43.01819170540192,1.3494231463438304,0.04503928881803211,0.14537027071476324,1.3494231463438309
384,55,0.12234917946847983,0.07289554645693894,21.624393059120706,12.909648405922189,43.413981706385535,1.4106446001543276,0.0435182560982784,0.14634796508305825,1.4106446001543278
384,56,0.10944699141062723,0.042588107668361914,13.778342991656253,7.801806283017344,30.595434553672078,1.654308379785426,0.024114958249337688,0.09456882164431277,1.6543083797854263
384,57,0.12437488945577507,0.02730477617512347,12.257133121198136,7.371936375378359,24.277085690551218,1.379209081602956,0.016422198463263576,0.054081193735129894,1.3792090816029563
384,58,0.10340134376756682,0.09956408707765466,41.37581518082446,22.764861286958407,97.37821706370964,1.8033084170225762,0.05477989065786165,0.234324646918165,1.8033084170225764
384,59,0.12115768208395372,0.12199135783505663,38.41765218576706,22.832922518749005,77.76515981622494,1.4298697128042401,0.07250362952780263,0.2469353773200143,1.4298697128042397
384,60,0.09410527120183121,0.1293305782399735,33.80780688751568,17.687038274439388,83.16534615222183,1.9367806996662014,0.06766114391852174,0.31814611173037205,1.9367806996662018
384,61,0.13804998399994914,0.03651483222292528,11.473695754797271,7.218186110199853,20.996657739328228,1.2008747594137184,0.022971748632745082,0.06682148899348277,1.2008747594137184
384,62,0.16203037601675385,0.026864374097540233,11.471048963300952,7.679490173426979,18.960315041586746,0.9834170270086229,0.017984815299573048,0.044403698207023515,0.9834170270086227
384,63,0.11837424000459769,0.09014324806078838,23.045849531248617,13.550566890161836,47.590940549704,1.4770717657158057,0.053002694081114396,0.18615074066162093,1.4770717657158055
384,64,0.1051835028402019,0.11323941127442982,27.696964969411145,15.373032152922121,64.02098429426678,1.7564362086269032,0.06285284732180504,0.26175064952780713,1.756436208626903
384,65,0.12746720451304575,0.11772356402052982,44.88189164406657,27.290205389446253,87.16402238495405,1.3340306034855636,0.07158121290377042,0.22862805005854916,1.3340306034855633
384,66,0.08647356841179434,0.11578096332390658,42.223669576009115,21.049316229742544,87.70416847163274,1.5786134391256825,0.05771905035401907,0.24049243505205573,1.5786134391256823
384,67,0.12545320535278837,0.08526956912870608,24.55462929310647,14.825302478489979,48.29532486878437,1.3630840030515488,0.051483047838090504,0.16771263346452794,1.3630840030515488
384,68,0.12673915606712335,0.10585513350927553,30.41133564492429,18.44475951852267,59.329084226659624,1.3443778065354597,0.0642021285804844,0.20651142077820248,1.34437780653546
384,69,0.14532465855321122,0.05169834099916486,21.01719318148279,13.5001813327013,37.13787749896973,1.124683774953091,0.033207906120569404,0.09135219143432229,1.124683774953091
384,70,0.13113465201983732,0.08706226119566543,27.20608397561495,16.74819341077645,51.69201986798473,1.284412210464716,0.05359593797444284,0.16541976932482394,1.284412210464716
384,71,0.1111556772031615,0.13901256624005737,34.683642837257835,19.789460736705095,75.86901020706509,1.6168875263044244,0.07931645860915948,0.3040841429622758,1.6168875263044247
384,72,0.1298694607451343,0.04817729770678884,20.952242671150568,12.84433796811291,40.10476205727225,1.3010742819762484,0.029534093502478792,0.09221633652389503,1.3010742819762484
384,73,0.1176359211757464,0.07369573859671441,29.414427543350723,17.244665656534682,61.077003317802806,1.4901645662377219,0.04320527300892525,0.15302405134846672,1.4901645662377219
384,74,0.15592202282136577,0.08185885452607834,22.592259124644844,14.911624422253087,38.192377150161825,1.0304747568388524,0.05402950132584058,0.13838298453870815,1.0304747568388524
384,75,0.12953788464339738,0.11306402382894172,36.82195671837008,22.54787727181385,70.61962001404629,1.3055184196186393,0.06923460783605151,0.2168417735409357,1.3055184196186396
384,76,0.1594302354555044,0.05609728406408483,14.176305143681558,9.434544065006186,23.651642878374314,1.0028775953447047,0.03733358537825124,0.09359229472580946,1.0028775953447047
384,77,0.10746941101978844,0.11158111937513089,37.75139360896003,21.1828355728328,85.36155537155254,1.7000357778444335,0.0626097285106593,0.2523016235803125,1.7000357778444333
384,78,0.08948791778030254,0.06001379751018738,22.534722300246912,11.459804010426733,50.12778510022792,1.7159288929590006,0.03051940681694789,0.13349881594086932,1.715928892959
384,79,0.13625485329371467,0.04765242316716149,17.492096463253727,10.944675522326689,32.30985529637334,1.2214190459633727,0.029815769111084203,0.08801934635376152,1.221419045963373
384,80,0.10078180326911101,0.11701140789332302,34.02598693848347,18.472187605701237,82.35100713455142,1.877353907304393,0.06352370270759379,0.2831955265153119,1.8773539073043932
384,81,0.10333956347097156,0.10987832691224092,26.371720788869887,14.505169999345895,62.105651335083,1.8049820001062185,0.060436094552404715,0.25876449683078623,1.804982000106218
384,82,0.11308731103412785,0.1270294845645699,43.994249882241995,25.31292363190166,94.67991923819348,1.5767286814064168,0.07308881616096609,0.27337984785819713,1.5767286814064168
384,83,0.1119084412642213,0.08151204260210476,27.248534317323685,15.598502954793663,59.222766784088535,1.600976526710285,0.046661806560797055,0.1771606734109755,1.600976526710285
384,84,0.14451790542113585,0.061421610591360906,14.989771589874156,9.607220550396466,26.584930363767363,1.1326196474427688,0.03936624090459045,0.10893356383794466,1.1326196474427686
384,85,0.12196895140109903,0.1490265988179875,39.796933208084006,23.72491776505014,80.10597806548222,1.4167187206520557,0.08884211713689716,0.2999708895574435,1.4167187206520553
384,86,0.12139505839231945,0.12254460671669747,33.03508928869677,19.65148234829965,66.75933808226,1.4259945030655237,0.07289773473070292,0.24764567028903994,1.4259945030655234
384,87,0.107760126032159,0.09255773672088691,41.84905758785952,23.513916629821168,94.37033096276498,1.6931424126859997,0.05200582833031939,0.20871925799467742,1.693142412686
384,88,0.13518689711768453,0.045911039428665416,15.682218443900414,9.779928028871545,29.13185169041394,1.2340042150777022,0.02863157804804539,0.08528599422161709,1.234004215077702
384,89,0.11144646492717282,0.06953114912373212,25.572545833603563,14.609583361095401,55.799302349840765,1.6107007591954368,0.0397231126664394,0.15171698734776587,1.6107007591954368
384,90,0.10865744101630805,0.06431215037004721,19.084926125996535,10.767822116235829,42.682439435327574,1.6722421196914796,0.03628527511846048,0.14383076177518542,1.6722421196914796
384,91,0.1262407894196442,0.07859321679222096,19.99536970706842,12.106224969730762,39.131191341162776,1.3515612247908881,0.04758437465875423,0.15380791900670418,1.351561224790888
384,92,0.13703573405855865,0.04641336533344619,11.298613238967201,7.086327249039774,20.784654105862085,1.2123901019621472,0.029109793257433632,0.08538089798645684,1.212390101962147
384,93,0.11167696737679902,0.050469115460811634,16.247471304909954,9.291535104965106,35.38225942137783,1.6058329217376834,0.028862064084948222,0.10990703122289985,1.6058329217376832
384,94,0.11334746407763986,0.13850702647498075,37.41893131737154,21.553573794758215,80.35683764563532,1.571484320386724,0.07978104427678051,0.2974426646456016,1.5714843203867237
384,95,0.1416438990914462,0.05710364288900374,15.205524779680411,9.6671078997968,27.334322645443617,1.161894443081375,0.03630437523716073,0.10265278058959744,1.161894443081375
384,96,0.11392002526685285,0.07058026878239013,29.041219376471023,16.768557299604442,62.07501359093688,1.560074172644396,0.04075342932252624,0.15086388374823262,1.5600741726443963
384,97,0.11929215000594892,0.10618928725239954,27.172061430080504,16.034200655354155,55.73630505174002,1.4611370027462887,0.06266217024554147,0.21781926714527725,1.461137002746289
384,98,0.1584457571476746,0.040431929899278685,14.203931211407825,9.431327945063739,23.78385818386224,1.0104618239259937,0.026846566957861934,0.067701488588735,1.010461823925994
384,99,0.11174760727633128,0.20372914127904737,50.318522990824626,28.784814675376584,109.5132109372342,1.6043474939949671,0.11654367471716774,0.443396011981954,1.6043474939949671
384,100,0.0889068003832624,0.12119037293834052,46.87210903524147,23.747193441567784,102.91577679577355,1.6890339475589145,0.06139965298465021,0.26609430699483255,1.6890339475589145
384,101,0.11296987887842329,0.11238568191682083,36.09211333440713,20.755858886154588,77.74921850251138,1.5791084076538187,0.06463077772910651,0.24209995294386602,1.5791084076538189
384,102,0.1231762604641764,0.051826795769917534,16.51025629439693,9.886697583675783,32.9618344863588,1.3976243912406137,0.031035003174480897,0.1034693970623635,1.3976243912406137
384,103,0.10584979124391082,0.12160458603116271,33.107991610795146,18.435522299674606,76.02958556516445,1.7395819094840779,0.06771307918264745,0.2792542171527583,1.7395819094840776
384,104,0.11633386260520402,0.1221292765650728,30.38485549444921,17.720524121994703,63.71947268722952,1.5138774832626085,0.07122610116636877,0.2561148630053843,1.5138774832626087
384,105,0.12564212369323283,0.07970622231385022,31.768853773467892,19.193889376145943,62.409084129397705,1.3603007228842299,0.04815636171803674,0.1565807935499383,1.3603007228842297
384,106,0.12905854657740956,0.05606490096155641,15.231250654096012,9.311787824917513,29.29520722413489,1.3120012173027569,0.034275876225478084,0.1078330945349986,1.312001217302757
384,107,0.0850387544541623,0.1809746916597565,52.982071248410556,26.15253677852444,106.4290566268676,1.5151638649980381,0.08933111084734893,0.3635374241293738,1.515163864998038
384,108,0.08738551376748889,0.31912758700658783,80.96940832110784,40.613601759475586,171.75024008156166,1.6195825193883773,0.16007182215964377,0.676925283530107,1.6195825193883775
384,109,0.11602107359924635,0.057716456005812516,22.22631207617354,12.94593962051779,46.72318287878862,1.5196962565139096,0.033617531869468656,0.12132901400075169,1.5196962565139096
384,110,0.12819593713587177,0.10104723612675517,24.69333934650267,15.052323178261487,47.74245873946576,1.3238442602877118,0.06159538137418574,0.1953661849385277,1.3238442602877118
384,111,0.1271358428528356,0.08259729532051234,22.23548759257074,13.50466726464101,43.27172830873555,1.3387186100672794,0.0501652588286618,0.1607397952154547,1.3387186100672797
384,112,0.14469023152075364,0.02693393844888326,8.131007347579775,5.2137887174420365,14.409262360057697,1.130914442643165,0.017270660128337566,0.04773064011744169,1.130914442643165
384,113,0.1296268138473187,0.11503421368016134,30.49633037774841,18.679961718060213,58.45703555760029,1.3043232856817208,0.07046207465605324,0.22050387820917441,1.3043232856817208
384,114,0.1194553124362255,0.10078572475639826,28.928963034508165,17.081762045080637,59.27012304820613,1.458343354817134,0.059511216000938734,0.20649140795986082,1.4583433548171338
384,115,0.11368897343664176,0.06683425290883957,26.586369542154365,15.336141501982059,56.93469013733115,1.5646569784337034,0.03855282151871281,0.1431255017309317,1.5646569784337034
384,116,0.14132749366084446,0.13454268981676226,36.927204051025484,23.455656281167048,66.483862179212,1.16521699933169,0.08545968124543163,0.2422311105557337,1.1652169993316903
384,117,0.11655011478319846,0.046358311795624434,17.312301883751616,10.105438192090961,36.24498300129477,1.5098826825413068,0.02706000956349112,0.09705562173555485,1.5098826825413068
384,118,0.11705870425036174,0.06924628936744598,21.228191171368945,12.416647450065671,44.271180306445686,1.5005768790768719,0.04050306290158406,0.1444124436882401,1.5005768790768717
384,119,0.11896379322060105,0.13650006765461664,38.219834713902436,22.524643928224638,78.58528104236836,1.4667943368617373,0.08044554465277225,0.2806630708698079,1.4667943368617369
384,120,0.1166626165563109,0.08683709175659489,27.776896971035267,16.22115409862255,58.10353320258843,1.5078134590641747,0.05071113048836181,0.18164526618494628,1.5078134590641745
384,121,0.11018669993871563,0.029202185931857364,13.03051663497352,7.4029405690873595,28.745368610423647,1.6378804186515403,0.016590443264601868,0.06442013178421252,1.63788041865154
384,122,0.128338663574004,0.07810004123288367,18.934701044805035,11.547659666411823,36.57685058977779,1.3218688198001958,0.047630680513834185,0.15086868984469276,1.321868819800196
384,123,0.16115245507572123,0.062210772915493255,19.038566247826854,12.720486245145837,31.56671177959615,0.9898973110226461,0.041565697273120636,0.10314797409880788,0.9898973110226463
384,124,0.12402624167709461,0.04091901469567971,12.061485401970057,7.2451194735944515,23.944382587660254,1.3845113232353816,0.02457932338611826,0.0812321625679218,1.3845113232353816
384,125,0.12338853234975952,0.07604719420035085,21.48935293776499,12.878307552200042,42.8414384668876,1.3943244825222685,0.04557415750163858,0.15160862220231322,1.3943244825222683
384,126,0.11099222917565214,0.0745732113171234,26.97710159450724,15.381251838558981,59.094615123380265,1.6203876881170098,0.04251862786891444,0.16335614135052925,1.6203876881170098
384,127,0.12691761367602994,0.04326657662527179,15.141330730207299,9.189074258322728,29.50609830464907,1.3418255243440005,0.026257915674469227,0.08431411254124442,1.3418255243440007
384,128,0.09938797373171933,0.04970617452577022,21.924253399554257,11.81496145424569,53.898756724414675,1.9195087058711242,0.02678661504942851,0.12219804978719394,1.919508705871124
384,129,0.1309955577532413,0.03974294216876613,16.280298835055266,10.017645795401519,30.957716236463384,1.2862215032547821,0.024454754887948238,0.07557298170802648,1.2862215032547821
384,130,0.09908583856174914,0.1501895085636108,38.49280919001318,20.710144976339045,94.95963239310589,1.928918387074503,0.08080591055132676,0.3705092151653592,1.9289183870745032
384,131,0.12849995804542752,0.05235614552392871,12.709067906020602,7.755112260312865,24.52655776340057,1.3196440232365627,0.03194788076181406,0.10103935528217031,1.3196440232365627
384,132,0.13464765850624677,0.10633800207651849,31.250361327182667,19.455929639314377,58.220923718440446,1.2404654676874698,0.06620418448046562,0.19811280395926528,1.24046546768747
384,133,0.10254426092663518,0.06668067823742269,25.127785678186367,13.765749344078358,59.66995714696501,1.8268306006261612,0.03652966140611212,0.15834396488074282,1.8268306006261614
384,134,0.13714119628072896,0.023310763687063384,6.1201679016204835,3.8397095688750045,11.252344801279403,1.2111816786009577,0.014624854060507375,0.04285842395247505,1.2111816786009575
384,135,0.1512876122820782,0.047875922327526285,13.504393628538725,8.81178150239654,23.25501030855317,1.0695207206959572,0.03123962307232593,0.08244391402404551,1.0695207206959572
384,136,0.11155925339649791,0.0964199132091203,31.410952944233618,17.953925225537258,68.47262767058004,1.6083148618487533,0.05511185588933666,0.21018543528173178,1.6083148618487537
384,137,0.09339688332998596,0.31335209557751087,82.95452795332007,43.21726034467495,201.00291862589995,1.9020740901571245,0.16324870297306968,0.7592676050674918,1.9020740901571238
384,138,0.12510238208316496,0.05243579861759327,23.655258916357678,14.264447020210893,46.631591185199206,1.3682853474330963,0.031619508963644655,0.10336664389305013,1.3682853474330963
384,139,0.10141765318773535,0.13497544400622644,37.57266385821187,20.465108229809676,90.30445593773527,1.8587808405461657,0.07351853146154595,0.3244083007245315,1.8587808405461657
384,140,0.11914541367886865,0.06311671478883175,22.0050863639628,12.977763421345381,45.18571299901437,1.4636593124403807,0.03722383902130158,0.1296052063926187,1.463659312440381
384,141,0.09050062010937633,0.20031162341081424,65.40850048072618,33.47742100746561,148.81092014562313,1.7632799756989181,0.10252362461036318,0.45572909907039444,1.7632799756989175
384,142,0.09980407948475241,0.07427129111851634,20.126051710410543,10.869999866844525,49.24456168390949,1.9067108824536643,0.04011362666583227,0.18172750569539153,1.906710882453664
384,143,0.12149522702996352,0.09737396862838675,29.03649131549414,17.2793649190035,58.637956951860055,1.4243660359468855,0.05794640679067389,0.19664258049030553,1.4243660359468857
384,144,0.09743023798409522,0.23407832048898766,68.7598458740164,36.66180980275643,172.96491814252593,1.9823067752290724,0.12480736039518776,0.5888224010347503,1.9823067752290726
384,145,0.1436138769178245,0.07011156080088139,30.217347086985395,19.318320703677795,53.81614569246105,1.1416563105118336,0.0448231809591977,0.12486648678735807,1.1416563105118338
384,146,0.1147044863475889,0.04747559521350014,15.639293606439765,9.059945386211501,33.21841940875867,1.544729233333114,0.027502923766012235,0.10083986356219556,1.544729233333114
384,147,0.1255523528772433,0.04004792808271321,13.340065746821766,8.057143650284567,26.221267438138316,1.3616217590367798,0.024188179847281596,0.07871831012904401,1.3616217590367798
384,148,0.14588930139951875,0.026158051193120434,10.28842233985705,6.618832080446491,18.133634093107247,1.1191999737464846,0.016828211622715396,0.04610430183131498,1.1191999737464844
384,149,0.10449117293677578,0.16929344270604166,52.96445943257703,29.29851953941738,123.27486772234127,1.7743284683676301,0.09364859553286417,0.39403077043415824,1.7743284683676301
384,150,0.0962536923810031,0.08486046641699593,28.77000521646353,15.239093219205293,73.41882094484824,2.022235564015463,0.044949472501792036,0.21655732566918107,2.022235564015463
384,151,0.12420957420617249,0.06908820932116898,28.610501152792274,17.19723709343963,56.72887351878748,1.3817177201556892,0.0415276303519546,0.13698803342483923,1.3817177201556892
384,152,0.1170707121602643,0.037669385109369125,13.431887065123254,7.856866006158464,28.00951417004602,1.5003586663719934,0.022034380567953225,0.07855196897369932,1.5003586663719934
384,153,0.13258695718034694,0.0617206833477572,22.86130221381881,14.140169914371652,43.07899901372042,1.2658434252208222,0.038175469691349266,0.11630419090724402,1.2658434252208224
384,154,0.11548166033927984,0.11421941124532087,51.12138874810609,29.710404771030323,107.9182316457175,1.5298455067417267,0.06638131365187092,0.24111936672821052,1.529845506741727
384,155,0.13642114694181032,0.0352248234590772,12.694922146939183,7.947167661878978,23.428424275561188,1.2194841712688114,0.022051145698193105,0.06500726034227605,1.2194841712688111
384,156,0.14741909514057874,0.016377719559751768,7.233145134241725,4.672459745292003,12.662381889818,1.1046262720074134,0.010579662642237845,0.02867092194350933,1.104626272007413
384,157,0.12126982003653629,0.05458477392288819,20.722665048723183,12.321406728639733,41.914122726187365,1.4280362071176251,0.03245534293554548,0.11040437645475978,1.4280362071176251
384,158,0.11069893686011716,0.17265323917918887,53.25552853781812,30.32478051603377,116.95606757093522,1.6267097413817297,0.09831226404547276,0.379168970099369,1.6267097413817295
384,159,0.14087235293500258,0.024365761526436415,7.839064597138682,4.972741385152079,14.144700502238,1.1700323429448147,0.01545651642767208,0.0439652454740831,1.1700323429448145
384,160,0.1275101385119053,0.14554971370677738,35.989106091635314,21.886238211369317,69.87503995949608,1.3334257768430777,0.0885138879991111,0.28259362806785826,1.3334257768430777
384,161,0.11352966285549453,0.04668364770589913,17.125547593993193,9.872075205283686,36.72208846943163,1.5678338527152043,0.02691093399963772,0.10010313724117685,1.567833852715204
384,162,0.1386089984852341,0.0439876196796849,14.609182415999948,9.20609644447587,26.658632366124984,1.1946278323238084,0.02771916029267996,0.08026799503970602,1.1946278323238084
384,163,0.15216884077001164,0.06021941029227841,21.74191680067603,14.218503033788634,37.305252389026684,1.0618543694602034,0.03938152628323461,0.1033257702284072,1.0618543694602036
384,164,0.10462170498343581,0.11856524514906437,44.16318370894082,24.445517866459447,102.65519960969633,1.7709249011276185,0.06562907325102606,0.27559921829380474,1.7709249011276185
384,165,0.11596490076690864,0.062370302859538644,19.708800992608264,11.476956723489105,41.449044205961265,1.5207463657334161,0.036319878972764535,0.13116929037610042,1.5207463657334161
384,166,0.10707173752892891,0.06307812273779725,24.503492331932254,13.723661070158213,55.61396007484518,1.7095644342131886,0.03532813876768344,0.14316425397715588,1.7095644342131886
384,167,0.12001094906702328,0.15487045595351262,44.83538455293889,26.530930496380645,91.49362981568314,1.4489158499934018,0.09164318191570177,0.31603744024245123,1.448915849993402
384,168,0.10396725280554546,0.1353574146329368,45.74566988642294,25.240052353357374,107.03940735992083,1.7881332858313013,0.07468309547619945,0.31672019406542257,1.7881332858313013
384,169,0.11518718854792885,0.11874601421725729,36.60932708410437,21.25054735153059,77.4622762246669,1.535448295566821,0.06892827590444864,0.2512566410396898,1.5354482955668207
384,170,0.11486201627094379,0.031225074759060955,10.608240777229298,6.149452114298568,22.504039762088304,1.5416870705739478,0.01810074884503046,0.06624004287877966,1.5416870705739476
384,171,0.12059250122495915,0.06234714090444917,16.747251737251663,9.932126273031951,34.034582055646055,1.4391887194841606,0.036975599694850356,0.1267049015766231,1.4391887194841606
384,172,0.14825340068090712,0.034263140097815864,12.501834798053343,8.093792377329144,21.80640484204798,1.0968479976118402,0.02218224337680768,0.05976369998499096,1.0968479976118402
384,173,0.0924009137221838,0.2298827839836745,60.525905185390435,31.34422934213489,143.54607568330485,1.853782211063122,0.11904817748569566,0.5452007930642978,1.853782211063122
384,174,0.09876839588913054,0.13443264538966215,40.37767167460552,21.687083663185668,99.97587485556302,1.9389129671291827,0.07220456026102591,0.33285775961252095,1.9389129671291825
384,175,0.13450864497451004,0.05112383108970274,17.121840576622073,10.655112466872321,31.92288650603065,1.2421429777939328,0.031814930618027926,0.09531803840402532,1.2421429777939326
384,176,0.10432209167903737,0.17840729413824263,49.304587522454035,27.251336262577478,114.95228132286861,1.7787583157520754,0.09860821088998392,0.4159516689292095,1.7787583157520754
384,177,0.1208368316992557,0.027253242786495265,10.700454152353776,6.351916042504377,21.70860856537387,1.4351439952192573,0.01617784699612277,0.055290174731413996,1.4351439952192575
384,178,0.13995502824443962,0.0776216968709262,21.210870003463107,13.419370093462955,38.44540968644115,1.1798686045830362,0.04910851263637399,0.1406919158088411,1.1798686045830362
384,179,0.13022323432814592,0.03712025296323789,15.087547235985749,9.26002461578849,28.81904481450005,1.2963684482830165,0.022782659819220147,0.0709041845530459,1.2963684482830165
384,180,0.12224171952467162,0.06417651403871766,28.049824398271543,16.738905608824496,56.35523086343852,1.412355553179692,0.03829773033672507,0.12893778632302244,1.4123555531796925
384,181,0.10763526738610103,0.05150553002762722,21.71641735319827,12.19481434980628,49.027934245396814,1.6960955988518964,0.028922835956769068,0.11628113875316179,1.6960955988518964
384,182,0.12256190895621902,0.03915234498978913,16.868378062789454,10.078284826748051,33.816659813122385,1.4072707463641478,0.023392200659329152,0.07849015041501631,1.4072707463641478
384,183,0.13606654253500872,0.07450732609469649,18.395455292418358,11.5032451621249,34.012256940112216,1.2236180850203993,0.04659172740317667,0.1377602390791596,1.2236180850203993
384,184,0.13882108338428614,0.049238837964784336,18.41043697786906,11.60880031754649,33.55912312020134,1.1922760350034625,0.03104781480680366,0.08975410130363469,1.1922760350034625
384,185,0.10616305435380434,0.12129206756517774,34.4644162235604,19.219595581080206,78.90431668279071,1.7317780958352378,0.06764032997611427,0.2776912757840568,1.7317780958352378
384,186,0.10050755033589603,0.1218187774501382,54.649774863313446,29.625958281187582,132.66753302776348,1.8854894645823694,0.06603866214691033,0.29572668361745025,1.8854894645823697
384,187,0.12909816563096788,0.14704973627275783,41.21447123740717,25.20028075666669,79.25152490367189,1.3114627586911052,0.0899124634626859,0.2827627162597563,1.3114627586911047
384,188,0.12270962275836732,0.04633301963851288,15.182599642855127,9.076049656141409,30.406664936123327,1.404938270240171,0.02769754830201384,0.09279258076794998,1.404938270240171
384,189,0.13354450187933892,0.1285395978576747,38.48954981173441,23.87962129549118,72.14218068896668,1.2539133252933388,0.07974831956543699,0.24092583414702237,1.2539133252933388
384,190,0.09579743416772302,0.13633495514257882,46.49312211498995,24.563064816275556,118.52063358574334,2.020891789910033,0.07202795139480402,0.34754614292019415,2.0208917899100327
384,191,0.10201057084971979,0.11440341527974006,31.704389190283585,17.32148180063973,75.71514691456711,1.8418164363129643,0.06250354371458312,0.2732136343471461,1.8418164363129643
384,192,0.0817156129584165,0.1766450286774454,63.24303909385175,30.47576949942972,117.30602432807812,1.3729614527188292,0.08512230364522964,0.3276491188337743,1.372961452718829
384,193,0.11235976941226282,0.15932011853780054,48.62249579799567,27.888594433700266,105.27608097693209,1.5915984005580792,0.09138186138139232,0.3449555072228792,1.591598400558079
384,194,0.1379384448142344,0.0748724086978248,19.884058875455423,12.505023879786911,36.408239849660376,1.2021296114436286,0.04708702909038332,0.137093368666148,1.2021296114436284
384,195,0.13558059881173823,0.047314590362493775,12.013191525366572,7.50096498445245,22.26916993907459,1.2293323488132353,0.029542947418541844,0.08770830392200238,1.2293323488132353
384,196,0.12361683644499347,0.09341364755352084,22.927998233723073,13.751940727969473,45.640064912165116,1.3907940788870872,0.05602839511955298,0.185947543024235,1.390794078887087
384,197,0.12031484224345912,0.044380290143632775,14.947175400412053,8.855174207229425,30.436133421347144,1.443815211636761,0.02629227195516963,0.09036920996139966,1.4438152116367613
384,198,0.08110663714747884,0.1399369970467415,37.950160087061704,18.203855626195214,69.34639699035243,1.3476238636893965,0.06712469420835639,0.25570713084157787,1.3476238636893967
384,199,0.10550112917750867,0.13433773819939687,51.66302834727449,28.719327391906948,119.04477935360421,1.7483576718448877,0.07467795845228067,0.30954837365148624,1.7483576718448879
384,200,0.1430565639230524,0.052082492194083674,17.199585357504212,10.978754249758433,30.711919149840952,1.1473046872884585,0.03324503879765501,0.09299952621759176,1.1473046872884585
384,201,0.15030416708606104,0.10397192094190628,26.347269669882866,17.14875206088812,45.5568337369762,1.0782172890028485,0.06767261715794094,0.17977693988834162,1.0782172890028485
384,202,0.1217682748433048,0.07705391330639684,20.956182493491387,12.48363680223322,42.240313109077846,1.4199473742933149,0.045901159154658845,0.15531366103310176,1.419947374293315
384,203,0.11800502756461168,0.09524227769995607,38.301796148163675,22.487975748253174,79.31205523341974,1.4835878522603154,0.05591920605602439,0.19721949227328275,1.4835878522603156
384,204,0.13188285096721844,0.05067915253128417,13.115645732298555,8.093822197389276,24.813295844085978,1.2747731974433687,0.03127471251319763,0.09587913782922294,1.2747731974433687
384,205,0.12942275294997774,0.04006793244115163,10.723512437581187,6.563988910653285,20.580361793021147,1.3070692055381639,0.02452605578138801,0.07689761640480089,1.3070692055381636
384,206,0.12803561911014794,0.058424636524314184,16.72324538883487,10.188396779836117,32.364604026930195,1.3260707913728176,0.03559436968047087,0.1130695736719374,1.3260707913728178
384,207,0.10812322690756095,0.09572685442810047,27.306702752736836,15.368776867659031,61.37011838517703,1.6846172140980105,0.05387705279799486,0.21514015961902727,1.6846172140980102
384,208,0.13230429676709882,0.05227255860600955,14.701912516865782,9.085133734047654,27.747918042199895,1.2694120092704002,0.03230213654255115,0.09865755019231048,1.2694120092704002
384,209,0.13062166636149392,0.04319199832804178,11.141056776943946,6.846898347735486,21.231253853601512,1.2911123059379772,0.02654427025268099,0.08230999081206826,1.2911123059379772
384,210,0.14106307907792986,0.09717313272072234,30.640062045118977,19.44734570412658,55.23522276798595,1.1680092883349904,0.061676099166839124,0.17517522076125164,1.1680092883349908
384,211,0.11683500213016472,0.09069280696332141,30.612666200116198,17.889633480267555,63.951125090600684,1.5046546847382503,0.052999665735234736,0.1894610226046581,1.5046546847382503
384,212,0.10847917001203985,0.05643201029060855,23.013307036542074,12.973622680509832,51.55197596762087,1.6763498277693742,0.03181322907874483,0.12641301981008604,1.6763498277693745
384,213,0.11981234399620999,0.11674695398278709,35.53152979491122,21.009383744654144,72.61077331700326,1.4522704164496572,0.06903112732272892,0.2385792748025401,1.4522704164496572
384,214,0.12498006308693992,0.07258253850205622,18.82500664485672,11.346774676853824,37.13908490165406,1.3701089572707845,0.04374913249137754,0.14319511863449635,1.3701089572707845
384,215,0.13049047755374157,0.048121131550878084,16.517548817918442,10.146691166991719,31.50120393251427,1.292837878121293,0.02956069728235097,0.0917735188893838,1.292837878121293
384,216,0.13495071811839654,0.10311320280351717,27.195765632192703,16.94766343486312,50.58407223172461,1.2368252194762535,0.0642573509582012,0.19179036064656074,1.2368252194762532
384,217,0.15010004858956272,0.0159912893622726,5.850858943104821,3.8061712156068324,10.125340455050647,1.0800412898162401,0.010402846122764795,0.027674098911418418,1.0800412898162404
384,218,0.13828800388776794,0.06672670115002076,20.256277668916372,12.752451055882297,37.02365156962733,1.1982063491847585,0.04200816183725063,0.12196051881535942,1.1982063491847583
384,219,0.11809828340768835,0.05666344252448147,14.6572692058989,8.60883993186975,30.32997703730059,1.4819361506090813,0.033280858789551476,0.11725246268454045,1.4819361506090811
384,220,0.09501450047664607,0.05076798774129164,21.460660971676177,11.287145981928482,53.817109957303224,1.9817639368846036,0.02670121342492642,0.12731138067881784,1.9817639368846038
384,221,0.14854013446869146,0.05185527255084617,14.202269779114957,9.201607792252156,24.741756250410937,1.0942017508364212,0.03359687482312846,0.09033700483836415,1.0942017508364212
384,222,0.1341564058191371,0.08537248836705297,20.385310275391486,12.671952848015264,38.08051912551081,1.2464154792957935,0.05306939813474342,0.15947898914143832,1.2464154792957935
384,223,0.1151289716634049,0.047724696098710225,12.82885130224666,7.444946271128965,27.157261788698484,1.5365612285269366,0.027695994745736297,0.10102791241424518,1.5365612285269366
384,224,0.10355130397515358,0.1632660419907764,39.58702844101604,21.796976178380646,93.02433492468445,1.7992600493475102,0.08989576050937634,0.38365382727847336,1.79926004934751
384,225,0.10721959183588294,0.09527080923226736,37.618739617666364,21.083741199828726,85.26161983510359,1.7060082099384293,0.053395331852321724,0.21592811457004774,1.7060082099384293
384,226,0.1138798386208678,0.16613267264404136,42.287729291405874,24.41302624905096,90.41863903992754,1.5608691669403703,0.09590964958499751,0.3552210159364796,1.5608691669403705
384,227,0.0756290354007681,0.0884963014464201,31.513963306671403,14.465245329328372,50.07000638895314,1.129809053629486,0.04062074638798816,0.14060466897487778,1.1298090536294862
384,228,0.12409201643969445,0.12274333692660198,29.56955162231677,17.766139707630842,58.67584062035793,1.383507651223621,0.07374732291757216,0.24356366869224483,1.383507651223621
384,229,0.10992000005961906,0.17092399940007283,44.139228404153585,25.046585844027987,97.60099829310859,1.6437625910618114,0.09698997419211018,0.37794845032062135,1.643762591061811
384,230,0.1405595535799612,0.05608042153553585,20.119413101000276,12.751274706361894,36.35872166670802,1.173366580915446,0.03554263024763077,0.10134552272107943,1.173366580915446
384,231,0.09569250235985123,0.16972968596604918,44.30290689468121,23.391924096091138,112.69004317889747,2.0156266335996795,0.08961723302738543,0.4317289085730639,2.0156266335996795
384,232,0.12658409560551692,0.09368918453745079,22.534260590405538,13.659835815732706,44.00456103723711,1.3466039899451747,0.05679258360207103,0.182954813314912,1.3466039899451745
384,233,0.1314706676820967,0.11796533488222434,34.57144932051118,21.305798732393157,65.5594654743796,1.280063972201791,0.07270003808920056,0.22370321324065517,1.2800639722017912
384,234,0.1206908155567492,0.16701180162503806,53.04001826543017,31.467701869780733,107.71581675717309,1.4375582320847067,0.09908513899771819,0.3391743292790897,1.437558232084707
384,235,0.11010463782900373,0.07379349483100417,18.280291060839758,10.38164867068586,40.35557629322369,1.6396854690540628,0.041908421204446926,0.16290654238956057,1.6396854690540628
384,236,0.10536587171363157,0.06728954236697807,18.20650476326069,10.114335537674215,42.00827142442906,1.751787962679928,0.037381640162450984,0.15525865049516419,1.7517879626799278
384,237,0.09720953003406235,0.1329329581237085,38.62331457597843,20.568216553113174,97.41574099379453,1.9896667410434077,0.07079127982026895,0.33528356538752785,1.9896667410434077
384,238,0.10885924538546773,0.06989225502162379,20.879953566331405,11.791464027782238,46.61125857342565,1.6676183898124073,0.039470011668845825,0.15602362144836424,1.6676183898124075
384,239,0.1292231720060531,0.09346926602338085,30.329794071726354,18.552752246730886,58.2777134961825,1.3097669293601797,0.057175203073077156,0.1795981566220705,1.30976692936018
384,240,0.10692265501274696,0.07536660607049671,20.559068179685305,11.506433839445284,46.72754075099687,1.7131665016974866,0.04218094219418945,0.17129648706079484,1.7131665016974866
384,241,0.11439343753046241,0.1044490465818272,34.36322090845898,19.881004033363247,73.17060879378224,1.550774442895748,0.06042949006165718,0.2224064020855823,1.550774442895748
384,242,0.10500439009421357,0.15693394273205025,47.45377900206218,26.3160345585844,109.88344672420074,1.761027549818209,0.08702950844382844,0.363394505096562,1.7610275498182089
384,243,0.1303173604543115,0.051737339670606876,17.102280617915962,10.49985762241214,32.64940728358591,1.2951225720136064,0.03176387479776628,0.09877007122110425,1.2951225720136064
384,244,0.14776798326940452,0.04965379671652358,12.49518209391684,8.079111153761682,21.84079550244026,1.1013592475277587,0.03210505776257402,0.08679172595118072,1.1013592475277587
384,245,0.10658541244971434,0.15732611464800855,47.94677515492616,26.791976284749744,109.32639535708144,1.7213758131938084,0.08791159611885174,0.3587289646576898,1.7213758131938082
384,246,0.09703944620304185,0.15999283148249743,49.610512958559056,26.394259334369185,125.38603433302144,1.9953789851224206,0.08512091558731825,0.4043672492977264,1.9953789851224202
384,247,0.12208871284082855,0.14254858582667626,35.65251885231297,21.263733542507133,71.70489750399737,1.414799447142508,0.08501826079766614,0.286695921216194,1.4147994471425078
384,248,0.1144413941039424,0.106088140713543,26.43414489305093,15.296668215201281,56.265338800419094,1.5498390718130532,0.06139011103359951,0.22580965656744956,1.549839071813053
384,249,0.10625127728215245,0.10110615120244519,36.17129775832525,20.179948824076405,82.74160865662815,1.7295940071199805,0.056407070896290205,0.23127966409900602,1.7295940071199805
384,250,0.1132701582733562,0.16511375695707084,49.63072805399624,28.578252836497818,106.6493117615717,1.5730387601837252,0.09507542762559328,0.3548057671586209,1.573038760183725
384,251,0.14182379743505805,0.04154830109154851,18.27701714942954,11.62582491129736,32.827427812024204,1.1600143900608304,0.026428452186864872,0.07462507933564125,1.1600143900608304
384,252,0.11676378112059503,0.061901256686600015,22.48770971230846,13.137741980646913,47.00328816092678,1.5059579927672153,0.036163875691672766,0.1293845679611931,1.5059579927672158
384,253,0.08712390967141274,0.07331520607953447,32.09813659607273,16.071993120028033,67.67870378361991,1.6077790219730719,0.03670996552017557,0.15458461584648372,1.6077790219730719
384,254,0.09130347160256291,0.2191485636705002,52.91248206513903,27.21775006670812,122.52655284990155,1.8012536751888053,0.11272823728281613,0.5074703930066524,1.8012536751888049
384,255,0.1467782570141735,0.06785155499862641,17.09116882246097,11.021638267494678,30.004483904801386,1.1106815358560924,0.04375565549964531,0.1191171248157438,1.1106815358560922
384,256,0.10312520347159992,0.19498592181472654,51.09660543070079,28.074372689800434,120.60087412242505,1.8108150365901052,0.1071325069864987,0.4602159461319881,1.8108150365901048
384,257,0.1268336564324544,0.02292347053056204,9.823830808841086,5.960209831361654,19.15385989063495,1.3430249681620634,0.013907883501232964,0.044694676780705045,1.3430249681620634
384,258,0.10379276141258145,0.15629979565594662,38.318912956640595,21.124086915463238,89.82157468962929,1.792782792452908,0.08616346899092249,0.3663750531068094,1.7927827924529083
384,259,0.16525521859475353,0.04753784344279066,17.88801240454226,12.060856554007936,29.239926751365758,0.9603677484590509,0.032052030023458404,0.07770584169721012,0.9603677484590507
384,260,0.14375936967567926,0.049663654907984967,20.488046839755302,13.10357518847148,36.4638728468639,1.140191539052115,0.03176346878309138,0.08838954790757989,1.1401915390521151
384,261,0.1450775758127597,0.058787324105088544,17.695357900356438,11.3587512195861,31.30321731890331,1.1271015941935523,0.03773591882882613,0.10399520554604448,1.1271015941935523
384,262,0.11062344271167969,0.11052791595594226,37.85181995284914,21.546378299303115,83.18222702329928,1.628345712327018,0.06291576713581659,0.24289342517511614,1.6283457123270177
384,263,0.10962802167960196,0.17813452132146942,49.782802096727856,28.211916665694133,110.36623535805195,1.6502550124183888,0.10094884295665087,0.3949162296521561,1.6502550124183888
384,264,0.11822879433808749,0.09855155443606181,26.000627934461974,15.279158323698569,53.75050056995928,1.479631274415096,0.05791340144056199,0.2037333635263808,1.4796312744150957
384,265,0.13403021937703932,0.09027117016176467,23.60385681749066,14.666827969212155,44.123350116372144,1.2479537719163105,0.05609217737505469,0.16874642467372802,1.2479537719163107
384,266,0.09033067538287808,0.1431692829519521,49.756185259640446,25.43899529662354,112.77558540648427,1.755291119166716,0.07319859222788803,0.32450236313091624,1.7552911191667155
384,267,0.11083504957816029,0.05296618382412811,16.040374481479283,9.139223003414333,35.185087996359286,1.6237691347554462,0.03017820850551001,0.11618306298491243,1.6237691347554464
384,268,0.11935023449107687,0.03664796574578055,15.348320162550676,9.059069194517015,31.469783213130295,1.460141160808893,0.021630800896333544,0.07514200414166211,1.4601411608088932
384,269,0.12276043027453246,0.040838351296812354,14.482963474142007,8.65943795392931,28.995516213744086,1.404137923576412,0.02441745916344411,0.08176013695563428,1.404137923576412
384,270,0.10985067239749664,0.06539426632224131,28.538989381361144,16.189265959626944,63.144440775021856,1.645299144547193,0.037096098799380355,0.1446892292376553,1.6452991445471927
384,271,0.13382462190826713,0.09476532502871642,33.406378532081426,20.74436451906729,62.518002268160416,1.2504689099710793,0.05884643988799045,0.1773475325797045,1.2504689099710793
384,272,0.13920941065412407,0.04755801900905968,13.244830921070704,8.361202673796043,24.096003193060728,1.1879955745024107,0.030022447101714124,0.08652116321657854,1.1879955745024107
384,273,0.11246775723459297,0.11600826822206078,29.084249229570016,16.689742299301525,62.915437610792,1.5893721356400945,0.06657033110711894,0.2509506401231246,1.5893721356400947
384,274,0.12781672462046348,0.1241993199713954,35.61238710697953,21.68003492406031,69.01331070842154,1.3291239265195052,0.07560980358984899,0.24068609142128244,1.3291239265195054
384,275,0.1251303243020959,0.051263218934359575,21.40768062343865,12.910414767401093,42.193328204900666,1.3678695021934584,0.030915512539459938,0.10103690630403664,1.3678695021934584
384,276,0.10160410837549515,0.07982788513670971,31.446083547405802,17.144558304245695,75.42703346362713,1.8534096645618543,0.043522552783647174,0.19147632659755856,1.8534096645618543
384,277,0.130717098038595,0.035623073328998583,14.840765306573624,9.12348596975574,28.265998113352452,1.2898601755475276,0.02189958556737898,0.06784836918506354,1.2898601755475276
384,278,0.13760122642458578,0.1255683787255016,30.053891044566075,18.88164113408427,55.12484945417349,1.2059406306606084,0.07888952087328416,0.2303175307045457,1.2059406306606084
384,279,0.09479074172644396,0.061686224881308996,17.62482626757551,9.257691032538293,43.990022806304744,1.9706481781136025,0.03240156823363639,0.15396341491069396,1.970648178113603
384,280,0.1125830039486336,0.08608989654153607,20.546799777441667,11.796456888417579,44.40430312817806,1.587003649860872,0.049426468553781244,0.18605144858134387,1.5870036498608724
384,281,0.12348407432657604,0.04546998105654885,17.30120721452801,10.372027619921539,34.469922490379744,1.3928447056701885,0.02725913247254867,0.09059175485408649,1.3928447056701883
384,282,0.12290738847746893,0.09560087826130272,30.857703117065178,18.45998727836714,61.71719488002821,1.4018284976544029,0.05719126241539328,0.19120729796287675,1.4018284976544033
384,283,0.09269315767500809,0.07318869387927729,32.60546333921294,16.915109598872526,77.81856704671452,1.8678911817393649,0.03796893684615832,0.17467745274628219,1.8678911817393649
384,284,0.1172736246569922,0.09990844140281321,30.939501004249493,18.112531183713457,64.41911349886064,1.4966816145091366,0.058488168900206826,0.20801929628206078,1.4966816145091366
384,285,0.1094954624181904,0.23174535186604847,55.52521371696733,31.447315990583956,123.24276389060357,1.6532209739513144,0.1312515310004778,0.5143778073211565,1.6532209739513142
384,286,0.13847597332419653,0.029237774581175782,11.693448184070231,7.365804518243415,21.352431851091907,1.1961080352587714,0.018417128012487165,0.05338866512211617,1.1961080352587714
384,287,0.13378257702211543,0.09788387791938487,31.045802973576066,19.275949038716377,58.11377054764878,1.2509846030392042,0.06077487008765433,0.18322609425057396,1.2509846030392044
384,288,0.10417199318745922,0.05855117569417104,22.4499832203684,12.399251546627577,52.421082463678495,1.782710950124005,0.032338142467925636,0.13671796452055882,1.7827109501240048
384,289,0.10034645664995247,0.17700813361302897,62.90904516796314,34.07449787339342,152.9917116195744,1.8903039050851844,0.09587593097728428,0.43047509717783305,1.8903039050851844
384,290,0.12040548846057786,0.1452827816489547,37.761266089060776,22.37871457305588,76.84183723148135,1.442301286455094,0.08609991771021215,0.2956414605822739,1.4423012864550933
384,291,0.12104213976900387,0.08740325104728598,21.714110648143084,12.899795435550072,43.98928199778692,1.4317642138797664,0.05192402660103582,0.17706487362728912,1.4317642138797666
384,292,0.0991894212351967,0.15066385653648598,37.99649872984193,20.454500302323304,93.62364313727684,1.9256811885534992,0.08110625984215698,0.3712368141693912,1.9256811885534992
384,293,0.1157299950602663,0.14532082246398206,36.294059550400526,21.114681232101557,76.4687414143061,1.525154828859415,0.08454283926141688,0.3061795933761809,1.5251548288594152
384,294,0.10489967723447272,0.09609486237014944,34.98428360435555,19.391048488496363,81.09366226213628,1.7637238044216497,0.05326334981697214,0.22274814606182697,1.7637238044216499
384,295,0.11364038966892125,0.10496909973847283,25.407114748366713,14.652884171785091,54.43088112306746,1.5656243278800275,0.060538163239620725,0.22488033946583882,1.5656243278800275
384,296,0.15511116168820524,0.022758654146341793,7.634115862997977,5.028897027882948,12.946128911716615,1.037085633217585,0.014992034473813764,0.03859470772035266,1.037085633217585
384,297,0.1279994895494364,0.07849473831118847,22.355343041733516,13.61798405468451,43.273993799304726,1.326573682598278,0.04781586633239641,0.15194492039845783,1.3265736825982781
384,298,0.10571286061208414,0.04131791856165573,16.950530560848186,9.43236106678542,38.977424458007036,1.7430170274117494,0.022991936742189543,0.09500977233236746,1.7430170274117491
384,299,0.13139130338343857,0.1150171845373006,33.20662080216473,20.459364628937504,62.99997233897347,1.281088128884911,0.070864739024846,0.2182118887533469,1.2810881288849107
384,300,0.14689558131168728,0.06353103756855694,22.126744794326438,14.273437075759498,38.82455687353651,1.1095676307557094,0.040982362092639404,0.11147434492703508,1.1095676307557092
384,301,0.12527130653140908,0.0685039470412919,16.568863304861427,9.99727687688479,32.62662467679438,1.3657755142001788,0.04133373021010481,0.13489474370516708,1.365775514200179
384,302,0.1300489258277547,0.051869385527325326,22.047807634162673,13.524051279905727,42.15715266274854,1.2986824748269459,0.03181650717243245,0.09917836913681227,1.2986824748269459
384,303,0.1173345907082308,0.06355656570900746,20.271954515977775,11.870457899240014,42.188800469234565,1.495580633140159,0.03721622090629802,0.13227018968958953,1.4955806331401593
384,304,0.09192435391777756,0.23671803955660786,69.00133577649166,35.62970331266413,161.96313322450405,1.8308838298588554,0.12223232236369123,0.5556355532237736,1.8308838298588557
384,305,0.12163438845466167,0.06929642047629231,19.213427801077756,11.439727308141997,38.7633411544793,1.4221103141629217,0.04125927772423117,0.13980643201813717,1.4221103141629219
384,306,0.12734098159136112,0.10753759460931553,26.664402469161555,16.206077823227897,51.82471154899225,1.3358121850642903,0.06535914799429218,0.2090091772259198,1.3358121850642903
384,307,0.08366551056003194,0.08802285412742279,33.3906387067637,16.322236323058775,64.92547818639599,1.4555948537004777,0.043027922871295546,0.17115353634719999,1.4555948537004775
384,308,0.1126766975747698,0.11253208623988215,32.519755822204054,18.677970441696846,70.22450653229043,1.5850837371724147,0.06463366428772106,0.24300644409664188,1.5850837371724142
384,309,0.10801958199427956,0.04789571527573145,16.481226469755754,9.27153025047071,37.07603803799008,1.6870411821925182,0.02694378199715722,0.10774582611788346,1.6870411821925182
384,310,0.12187892142950336,0.05288877270493822,14.886161811614821,8.871389314892948,29.982426461789498,1.41816523386336,0.031518997239859584,0.10652401595170438,1.41816523386336
384,311,0.1344077503180224,0.04380726942356117,10.654062058274157,6.628040602352947,19.874913128191295,1.2433635596810293,0.027253113303585617,0.08172147575397054,1.2433635596810293
384,312,0.10730468971866101,0.055229883229828504,19.310093255025627,10.826821359034518,43.73061535169725,1.7039686736934438,0.03096640039550632,0.12507639127088097,1.7039686736934436
384,313,0.0799048783533498,0.16562826077757012,47.11437861987939,22.39219286388106,83.55983163891797,1.2982796455523644,0.07871864317606979,0.2937504428718281,1.2982796455523644
384,314,0.11584000330625001,0.05320803471336242,19.752288255740428,11.496406942549203,41.58085783691359,1.5230868699792903,0.03096862559710395,0.11200908464642854,1.5230868699792903
384,315,0.11830861467902322,0.049205425708233934,20.332816104632393,11.95225709228549,42.00874298715739,1.4782254332209386,0.028924468473709178,0.101661180208084,1.4782254332209386
384,316,0.10673560288745963,0.1031170731240993,40.11358549882578,22.430836514506257,91.33431558195986,1.7177093049802437,0.057661317988359974,0.23478647399595354,1.7177093049802437
384,317,0.10271558204976271,0.08848660742643129,34.33213646946104,18.82448033920332,81.38023403827452,1.8220757614288148,0.04851764478052034,0.20974694738328775,1.8220757614288148
384,318,0.11890036736199527,0.033197828593667676,9.577949853312964,5.643311930982385,19.702713472625128,1.4678925821249384,0.01956010472539184,0.0682909510606918,1.4678925821249384
384,319,0.11225367889438562,0.07955860831749828,22.20329140184255,12.729389241612092,48.11682054182426,1.5937921391814698,0.04561181828701085,0.17241170282765708,1.5937921391814693
384,320,0.1350672784402824,0.09150304899172146,30.279150029541167,18.876005088814008,56.283813253571516,1.235431249829055,0.05704294924806728,0.17008867542707895,1.235431249829055
384,321,0.12708560129932822,0.031566189776075795,9.816698726432202,5.961107043819702,19.109912549614926,1.33943251924306,0.019168301020999503,0.06144908211567322,1.3394325192430596
384,322,0.09375937289177436,0.09555238760449032,38.29017554531676,19.991218653033844,93.50056699471764,1.9197965873696465,0.049887696940957044,0.23332884457907926,1.9197965873696463
384,323,0.11281845336385671,0.211895697583676,54.047284421020294,31.061368635936315,116.57436092436267,1.5821885077942655,0.12177800319706036,0.4570369407650016,1.5821885077942652
384,324,0.16664768891645654,0.07358812407985953,22.484191569535007,15.205214701837727,36.582417672583894,0.9507659150045334,0.049764885816745395,0.11972996594100017,0.9507659150045334
384,325,0.14343255468714752,0.03535509100706971,11.72440181207562,7.491756967395556,20.898463407899186,1.1434874593512576,0.02259149367537986,0.0630195968661865,1.1434874593512574
384,326,0.1423541900772937,0.04588561987125359,15.907809154694457,10.134078132138475,28.499790816964587,1.1545092417334113,0.029231458109343984,0.08220683031337252,1.1545092417334113
384,327,0.08583817911723761,0.16977104806567717,59.78568892377625,29.675048076640156,122.36458174427071,1.5503632279926565,0.08426705628154102,0.34747384638034073,1.5503632279926567
384,328,0.11639702616732783,0.07549558470608148,30.56639096648089,17.830969135960544,64.06900265335919,1.5127083065875617,0.04404050979625408,0.15824330789182842,1.5127083065875617
384,329,0.13531795629758375,0.055066018218691344,18.382975450530985,11.468877061565536,34.12487888073316,1.2324447628260968,0.034354905979154596,0.10222073174246717,1.2324447628260966
384,330,0.12608882827516182,0.059146238807570535,25.696065317230293,15.549401577867977,50.335915119460175,1.3537681007631304,0.03579102900328882,0.11586132038109614,1.3537681007631306
384,331,0.1317307886914727,0.053575153007885075,14.659332089229943,9.0419726533294,27.757828843446898,1.2767195719556583,0.03304550749287801,0.10144595390856394,1.2767195719556583
384,332,0.11125277719113988,0.07893628242182898,30.329305882514177,17.312397077721837,66.28864305046946,1.6148159197070187,0.045057947267885645,0.17252551276514438,1.6148159197070187
384,333,0.14028033620607713,0.0213445014438145,8.23635210121363,5.215797960101606,14.904714277447804,1.1763601407859352,0.013516737230506346,0.038625557953957564,1.176360140785935
384,334,0.11880350114746051,0.18418356488740664,51.67983019075922,30.43813223744138,106.38543078054676,1.4695732989595887,0.10847953027927487,0.3791507793449985,1.4695732989595887
384,335,0.14917491555783705,0.02894704555299937,9.847249894982536,6.390609048761737,17.1082742032015,1.0883917102480287,0.01878587963327441,0.05029160404933099,1.0883917102480287
384,336,0.09452446260285961,0.08327383480095314,31.429596392309627,16.483271433757196,78.00541238620139,1.9574588290767163,0.043673014607652695,0.20667811776985434,1.9574588290767163
384,337,0.1277366537210552,0.07804774849573373,24.01500364337031,14.615776916288683,46.561604546263574,1.3302445464668502,0.04750065824566987,0.15132325004613598,1.3302445464668502
384,338,0.14197017103504092,0.09100133125566862,23.666742386739994,15.060460762477518,42.47813335580531,1.1584895016514556,0.0579091941051039,0.16333328100110245,1.1584895016514554
384,339,0.13576881810417268,0.05078684718679425,17.52481780508946,10.948759887769947,32.45367864356709,1.2271122584539398,0.03172945941518371,0.09405062216632591,1.2271122584539396
384,340,0.15698350688091187,0.021256211728851088,9.212074325000685,6.095721240554116,15.510048238912777,1.021955171682569,0.014065446799275958,0.035788342305955005,1.0219551716825688
384,341,0.14969878598106082,0.07029010310588635,20.389566131476723,13.250321385841414,35.34539880146583,1.08364627639206,0.045678581407336175,0.12184818990524389,1.08364627639206
384,342,0.09820883187645904,0.09511730412151242,24.069927931637537,12.888835715596006,59.989022856661265,1.956806321765373,0.05093290308198908,0.23705904509624418,1.956806321765373
384,343,0.11743002441542019,0.08558753869569086,26.816640549662754,15.708762179327016,55.76908807971461,1.4938607177956669,0.050135821017352006,0.17799168300766116,1.4938607177956669
384,344,0.11458553355860929,0.10360351470080681,30.278621582244757,17.531907829155678,64.37399628557684,1.5470350368885069,0.05998843988248888,0.22026670706943052,1.5470350368885073
384,345,0.13982226721325197,0.04823816110827588,13.347830558417206,8.441422019784298,24.209306439344193,1.1813069060587222,0.030506730932130473,0.08749080378491005,1.1813069060587225
384,346,0.1286208489957179,0.07748186375088056,19.967764126663987,12.189405012884652,38.50655504194783,1.3179818161974644,0.047299127354546715,0.14941881486329675,1.3179818161974641
384,347,0.140099093559651,0.04239725850486032,11.10195146317313,7.026769929382695,20.108333491972115,1.1783120837794117,0.026834541849552244,0.07679174386494858,1.1783120837794114
384,348,0.11560137338241086,0.07038805141151509,30.887971866597855,17.96011483137176,65.14397555503882,1.527580409858231,0.04092782431838419,0.14845123274270866,1.5275804098582313
384,349,0.12019894528514585,0.08304418641796137,25.86791510563559,15.318158066665596,52.71684831431982,1.4457558753742212,0.049176130696008034,0.16923775112544778,1.4457558753742212
384,350,0.10831417432062082,0.1447263486816431,37.5800542331988,21.169471285394554,84.31039533841975,1.680171179669175,0.08152676586478827,0.3246918058584369,1.6801711796691747
384,351,0.15087046333441398,0.03145481161146769,13.932462960250453,9.081446327047441,24.033642662965146,1.0731911779400791,0.020502848935748934,0.05425987526094322,1.0731911779400791
384,352,0.11052730849294685,0.17213582053923815,47.18607120093443,26.848242571003382,103.78202324158704,1.630434124150182,0.09794297654738104,0.37859909234314676,1.6304341241501823
384,353,0.12373631574176856,0.09261973699072414,24.826497412252557,14.897125867002336,49.37999335400919,1.388954185296739,0.05557642130534759,0.1842209926396971,1.3889541852967393
384,354,0.10593260023636474,0.2197405615618254,52.55906698217049,29.278080060513094,120.60006988284154,1.737511623889888,0.12240669637708144,0.5042084763308445,1.7375116238898878
384,355,0.10220023437506115,0.06374513985926959,23.873257350477832,13.055632120613357,56.89792247404796,1.8364603417872964,0.03486047518618206,0.1519258965194153,1.8364603417872962
384,356,0.11970179557059062,0.10352997587247029,33.63233248848907,19.877926296888063,68.78421237823717,1.454144939191704,0.06118996446695802,0.2117375549365499,1.4541449391917038
384,357,0.15271907513701624,0.022780795637667516,8.701257734570275,5.6981910258272235,14.896523573402527,1.0571267773198054,0.014918455380079814,0.03900064445730835,1.0571267773198052
384,358,0.12382434380336672,0.04833729460889444,19.50947567837771,11.710402110201422,38.781789161511995,1.3876019785254252,0.029014063018452912,0.0960869886543212,1.3876019785254252
384,359,0.13724154795354576,0.03303360943753407,12.172648440364144,7.6392756974865295,22.36859680580896,1.210034215683124,0.020731137600230123,0.0607029352871593,1.210034215683124
384,360,0.09122774220304401,0.09400118827172095,39.48610802745264,20.301799865049965,91.28421429727283,1.7976553775032091,0.04833075242671559,0.21731249401506633,1.797655377503209
384,361,0.13670785426835802,0.03155261323438854,8.417392563245848,5.27400258650973,15.510929715080755,1.2161636815265204,0.01976960947929666,0.05814275175221304,1.2161636815265207
384,362,0.13948335457046518,0.08902539615362014,24.47944443963355,15.465874038640607,44.47391147778726,1.1849957424761268,0.056245376260368275,0.16174009167465872,1.1849957424761273
384,363,0.13268192143991642,0.12710055533238185,33.84688165821256,20.941369920443066,63.74580669254737,1.264649346558586,0.07863825604930813,0.2393758902976382,1.2646493465585857
384,364,0.12485661784372885,0.09798450102962951,28.584444194105377,17.221660317642893,56.43822254151631,1.37195468827624,0.05903405998266685,0.1934643555486751,1.3719546882762401
384,365,0.10237697529709457,0.14538121412949057,58.42057155985267,31.977368627224582,138.974613034912,1.8314994453292417,0.07957656954672757,0.34584218258618127,1.831499445329242
384,366,0.1229727581514642,0.03903715801921685,9.555183487795604,5.717569344535836,19.102507244510782,1.4008038586669644,0.02335880396996621,0.0780422055546772,1.400803858666964
384,367,0.12475155890812512,0.15234325230106247,38.2044887270582,23.008905915494992,75.48390762892677,1.3735297464213032,0.09174973087843158,0.30099771958050653,1.3735297464213032
384,368,0.14648096042771006,0.06760111962857908,20.747559367505513,13.368856373891443,36.47157275290292,1.1135148944407685,0.04355932391952401,0.11883417750681902,1.1135148944407687
384,369,0.1706500368505446,0.024909365751029564,10.172651494194593,6.937068211374766,16.33932027987788,0.9242675888256731,0.016986522089701802,0.04000944151158269,0.9242675888256728
384,370,0.12444760391083255,0.1184153645963804,40.58625784833405,24.416624085617503,80.34890161702688,1.3781087613551748,0.07123848308744334,0.23442773451678256,1.3781087613551748
384,371,0.10085939742531558,0.1703098306568714,46.88465870928649,25.46327440745755,113.37509871890741,1.8750658900293344,0.09249605460910777,0.41183820881047967,1.8750658900293349
384,372,0.10007570523617933,0.21634745066074806,53.15149628677235,28.748264102716934,129.65403103728374,1.89845580997649,0.11701671794877698,0.5277427926292761,1.8984558099764899
384,373,0.13000688338721755,0.09774020112703337,27.655968706755555,16.961699981588225,52.89349446098761,1.2992419416001972,0.05994510571064787,0.1869332743953285,1.2992419416001972
384,374,0.15307992314328492,0.06596921223495271,16.235695612522413,10.641835401663283,27.75508196596653,1.0540507147167744,0.04324012441082522,0.1127750197163797,1.0540507147167744
384,375,0.14402761090479874,0.057252855327362406,17.968586243092094,11.500777084188035,31.94007112951988,1.137501513408691,0.03664463734905133,0.10176984693089491,1.1375015134086912
384,376,0.13323517401769522,0.055223792480651075,21.89724697939695,13.572068383050292,41.11312723210848,1.2577407048005387,0.03422809673855248,0.10368530841492526,1.257740704800539
384,377,0.13214552341502311,0.06657630616822437,18.505083409302973,11.429450182045322,34.95729518372851,1.2714260444703074,0.04112008348321078,0.1257669330901204,1.2714260444703074
384,378,0.09955411182051942,0.057326420937084045,20.763310306782934,11.199267220260257,50.948064652081214,1.9143766983454402,0.03092059490368423,0.14066495934518009,1.9143766983454398
384,379,0.13906293858567553,0.12820059576445292,32.73054999202515,20.653215634670016,59.58968168900846,1.1896062261045222,0.08089551044701476,0.233403737358717,1.1896062261045224
384,380,0.13167640288326912,0.05740861607773758,17.108768184721352,10.5509302676691,32.40596600826423,1.2774172579012635,0.03540373558515555,0.1087384925150855,1.2774172579012637
384,381,0.1288641226014414,0.0629398899233635,21.161558024217577,12.928834332410617,40.74888804524155,1.314650541372865,0.03845366247551681,0.12119762283721518,1.3146505413728653
384,382,0.10648668151756832,0.12938086411381006,31.06565830999064,17.35092384219285,70.90176038262375,1.723795324279643,0.07226235148391731,0.295288480094563,1.7237953242796435
384,383,0.13096647121795454,0.029244505920118357,10.511470414348732,6.467332462259124,19.991396037925185,1.2866005461238776,0.017993100396470924,0.05561909768441817,1.2866005461238774
768,0,0.13551512486793305,0.09738304736083589,26.119740136854652,16.305703592699988,48.43576980560805,1.2301066566727787,0.060793066734195704,0.1805846015398404,1.2301066566727787
768,1,0.09250484585525269,0.17590594785442393,52.476123714514394,27.192660767859632,124.73496631361859,1.8587940312896944,0.09115289827954891,0.41812582421970834,1.8587940312896944
768,2,0.12559983169996103,0.07795823085390727,24.096813899135828,14.556465326797701,47.350367136185476,1.3609227322191275,0.04709320863386377,0.1531883371665327,1.3609227322191273
768,3,0.10060187002794131,0.13391148881809548,32.91450123425876,17.851967860519483,79.81953737889219,1.8826829268150762,0.07263010238316288,0.32474297608537916,1.882682926815076
768,4,0.12782237059206006,0.08455471875339834,23.59743069400066,14.36587365053797,45.72792059843325,1.329044986065736,0.0514760450796415,0.16385307008704403,1.329044986065736
768,5,0.09868015360325533,0.15162252879013466,36.880843109681344,19.799456467795984,91.41140205488672,1.941711185238397,0.08139845527363684,0.37580561535957224,1.9417111852383973
768,6,0.12341848242044196,0.02838694588334783,12.722365125789164,7.625194364220486,25.358393313452844,1.3938602432723666,0.017013816033967122,0.05658125132868984,1.3938602432723668
768,7,0.11156466086536986,0.049268869461983,12.077964630558714,6.903706576021302,26.327497338623825,1.6082006659845631,0.028161849161011557,0.10739607784207912,1.6082006659845631
768,8,0.10833376710875908,0.06058950681972914,18.04320623917953,10.16495616120398,40.47242589990278,1.6797164171902166,0.03413415955497732,0.13590734886953496,1.6797164171902168
768,9,0.11630366574878413,0.09899912711585653,26.70691268017227,15.573627419239346,56.01956754803507,1.5144371276888016,0.05772945525361712,0.20765740896665344,1.5144371276888018
768,10,0.11219889344199915,0.07917200726922692,31.858064821709945,18.260245715289205,69.07155127146912,1.594927558862713,0.0453794138030494,0.17165303008721844,1.594927558862713
768,11,0.13320225110711223,0.06975158686963577,18.859691144872013,11.688140721547219,35.4164526300975,1.2581495490185721,0.04322798059740234,0.13098590816076433,1.258149549018572
768,12,0.1484467966732645,0.023215494080167938,7.694085487704351,4.983752125697809,13.409250137259024,1.0950616580782355,0.015037559454734213,0.04045995689526837,1.0950616580782353
768,13,0.09286325036823756,0.03205346494976595,13.738474146654736,7.134574857112122,32.909687720013466,1.8761263141567641,0.016645796518065976,0.07678214557022339,1.876126314156764
768,14,0.09806824128488026,0.13799036494228295,40.312354259860534,21.569650645810345,100.63662328426099,1.9613583500673522,0.07383354356102584,0.3444820980694137,1.9613583500673522
768,15,0.10285196004696551,0.15504690945451255,37.769152935853384,20.723273579228916,89.39929620225355,1.8183098450649147,0.08507152722479237,0.36699484913282093,1.8183098450649144
768,16,0.1281684605935657,0.047678566318366,20.7357254901089,12.638691680340033,40.0974637296856,1.3242252875330363,0.029060700082373058,0.0921978632744742,1.3242252875330358
768,17,0.127955443910717,0.041092500663297164,11.22014739250332,6.833833838555763,21.725071135495792,1.327187315461607,0.02502813124641689,0.07956557688734256,1.327187315461607
768,18,0.12528415003177376,0.12652441059235875,32.59269424402969,19.666593659732957,64.1746911445105,1.3655850955902646,0.07634545805040154,0.24912530738366964,1.3655850955902646
768,19,0.11831801042667969,0.0688542065810135,17.05003759328341,10.022909900823633,35.223890854263495,1.4780601400766051,0.040476128282911084,0.1422467865069074,1.478060140076605
768,20,0.14308891637782659,0.07651589418646965,28.336695978371576,18.089384202009928,50.590870494339875,1.1469751560710257,0.04884568788668384,0.13660751756312395,1.1469751560710257
768,21,0.1198666774263366,0.10555557640190469,38.46430352110213,22.74826360409113,78.57346982345678,1.4513510218309047,0.06242687003431555,0.21562506370517007,1.451351021830905
768,22,0.1091833845342457,0.17763440459409496,46.49378516376402,26.295060652499114,103.48634030308466,1.6602494156734375,0.10046304955210814,0.3953804659829533,1.6602494156734373
768,23,0.12315911003178409,0.04444465845897281,13.8847995147229,8.31399373874766,27.723440337994038,1.3978917433172413,0.026612743796326437,0.0887415648906793,1.397891743317241
768,24,0.11257471051368234,0.1251371439130008,38.7501078018635,22.24665947729512,83.74981674527882,1.587173836585456,0.07184195313283553,0.27045635393657935,1.587173836585456
768,25,0.1105760840748147,0.1764327063705204,47.63026877818199,27.106860083917816,104.71437224767067,1.629373802721486,0.10040960944573527,0.3878844391491134,1.629373802721486
768,26,0.11743426889657543,0.028659321230898024,12.72022854776126,7.451434266378522,26.45271225305606,1.493784322768456,0.016788460008342224,0.05959930476424286,1.493784322768456
768,27,0.10193482306566133,0.0928994715438226,40.876964446408124,22.324201810782757,97.6998943147546,1.843965018556928,0.050735336611855496,0.22203871238108913,1.8439650185569278
768,28,0.10661424331566255,0.1354614296198384,36.70392885283069,20.51243454352299,83.66780832395635,1.7206706680819723,0.07570425823868406,0.30878876684199047,1.7206706680819726
768,29,0.10498603162525154,0.07740724186251442,19.346272079427212,10.727738003020871,44.80618886001073,1.761499616932857,0.042923236416207274,0.17927606330485543,1.761499616932857
768,30,0.15151711846024146,0.08377628986588168,20.645573614823203,13.479336559895703,35.51874927069043,1.0675127328489806,0.054696896676719876,0.1441291528193956,1.0675127328489808
768,31,0.12090503408878879,0.1077783187765652,35.504897270518946,21.081585637080096,71.99629482133,1.4340193353136752,0.0639950550989291,0.21855124815212454,1.4340193353136754
768,32,0.1409402598909732,0.08152843647895018,27.63920470635739,17.536477274485776,49.85530845548389,1.169311184035782,0.05172802867256928,0.14706014126435654,1.1693111840357817
768,33,0.11905157939392477,0.050551043991114895,13.452949902609522,7.931137126558286,27.643438053849962,1.4652772120609772,0.029802182025998856,0.10387347483207152,1.4652772120609776
768,34,0.10355114981850097,0.05068109858725853,16.617939983732295,9.149981143060009,39.05004564844741,1.7992642008971809,0.027905450184375343,0.11909413653457032,1.7992642008971813
768,35,0.10437971967004134,0.1138066189915121,27.785205736341354,15.361623882507192,64.74276411080315,1.777245801124605,0.06292033583903965,0.2651826715818923,1.777245801124605
768,36,0.09362420093416271,0.1108938893275195,31.76397563637073,16.570626101026942,77.34078960628607,1.9131787595150844,0.05785110774455137,0.2700109413659782,1.9131787595150846
768,37,0.11333604190371802,0.08062280688818808,32.01456832772597,18.43972587790539,68.75746421489471,1.571713784234037,0.04643706088137313,0.17315303779117722,1.571713784234037
768,38,0.10992630193459307,0.10845054865169397,39.245804339850636,22.270466631331548,86.77577615044751,1.643623072686436,0.06154146578274312,0.23979328979217018,1.643623072686436
768,39,0.10735829047956583,0.2053980133173206,49.0297255904109,27.496980801010096,110.97924425835907,1.7026867365065614,0.1151918588313814,0.4649203318115813,1.7026867365065617
768,40,0.11199311752049669,0.08682333853559321,36.79917348430003,21.073549665820536,79.92307968232333,1.599207928993577,0.04972057151128095,0.1885691429190952,1.5992079289935772
768,41,0.10574271285051252,0.061871481286579266,15.030851140522437,8.365328284095588,34.55308248466424,1.7422668853374343,0.03443419454738361,0.14223082753976543,1.7422668853374343
768,42,0.09739957639721444,0.19000968600857743,49.82806757488663,26.563131968798867,125.38842033796176,1.9833257274253775,0.10129335955504112,0.4781444582758705,1.9833257274253773
768,43,0.11678021126315444,0.1835591839474547,44.47149140928059,25.982802670356254,92.94162002622379,1.505657112769871,0.1072458310638765,0.3836230219885948,1.5056571127698712
768,44,0.13493304154807118,0.08607714006890012,24.195987153663303,15.077450950695507,45.00878020588324,1.2370369129848084,0.05363797926998387,0.16011857889937703,1.2370369129848084
768,45,0.12142640000395803,0.056544749987363016,21.6605936715269,12.886692513123048,43.76353396057564,1.425484541914498,0.03364057409360931,0.11424424112701528,1.425484541914498
768,46,0.16441897316639742,0.059144254406699785,17.473988165078655,11.760295517657937,28.644253890458312,0.9662338221415624,0.039805103644534906,0.09695228263763338,0.9662338221415623
768,47,0.11748011214934054,0.06582522212146404,18.892129417200735,11.068923886616123,39.27411257676042,1.4929597435673025,0.038567085657305676,0.13684149239602736,1.4929597435673025
768,48,0.10306775150655029,0.11939527572995229,44.55761953135719,24.474550172069705,105.23012617654038,1.8123853305861495,0.06558127873290828,0.2819715250071623,1.8123853305861495
768,49,0.12044235734794269,0.13710289977130605,35.99592872739968,21.33551716674642,73.23036179226573,1.4416865034521962,0.08126366995095241,0.2789230701354036,1.4416865034521964
768,50,0.11181108995224476,0.048298725672091834,16.296467004177615,9.325007393788391,35.448490184449696,1.6030151065236733,0.027637031626999688,0.10506061850520565,1.6030151065236733
768,51,0.13142264439923973,0.03998299783074932,15.825741427369607,9.751604390868488,30.019369960894558,1.2806834778037173,0.024636973818624137,0.07584253853352665,1.280683477803717
768,52,0.1351397159183598,0.015345236333660927,6.842395461924418,4.26650796532825,12.713901254180076,1.2345666566422053,0.00956837023111717,0.02851308734694943,1.234566656642205
768,53,0.10830753970775933,0.14629346512156172,37.3514734268646,21.04006487571375,83.80268820930996,1.6803252341969177,0.0824070301557848,0.32822763119765164,1.680325234196918
768,54,0.09490689699628582,0.10292631157161804,27.214374688052924,14.304373828153595,68.09126579256368,1.976414765393175,0.054099954687541356,0.2575250366251457,1.9764147653931754
768,55,0.10683729012831727,0.11672323254051314,33.06544109253303,18.498514046447404,75.21356436154376,1.7152364656615446,0.0653009996344803,0.26550894447786066,1.7152364656615446
768,56,0.11844784000406153,0.11668767153841283,31.94401636379711,18.78798187621443,65.9303294351809,1.47578022193834,0.06863025090752133,0.24083560870794832,1.47578022193834
768,57,0.1017714442822006,0.1640084173460533,49.322844967975094,26.9142060023269,118.093294169165,1.8486177799768022,0.08949516868772181,0.39268404505949167,1.848617779976802
768,58,0.11527288412192359,0.058086268405133576,21.34151669587807,12.392457124585146,45.126357648296306,1.5338132237824234,0.033729167471812906,0.12282265407178197,1.5338132237824238
768,59,0.1356626819297765,0.05249012080197944,21.89573463737369,13.67503766690113,40.57095009087183,1.228363097626432,0.03278284063061505,0.09725976801372012,1.2283630976264317
768,60,0.1308157207479059,0.06189168844053111,16.06025094294398,9.876390456559019,30.571130727857746,1.2885689236624844,0.03806083000981648,0.11781253636728549,1.2885689236624844
768,61,0.12994207233605662,0.07103065450964427,23.023687416335157,14.117618407884757,44.0508390538418,1.3001054133804655,0.0435544340702779,0.13590177251422397,1.3001054133804653
768,62,0.11739888645160948,0.061169494755822514,23.42211548669399,13.718595760711624,48.72110681008669,1.4944214184777567,0.03582765920178397,0.12724066232234796,1.494421418477757
768,63,0.09929138430607569,0.12345263400077262,37.034046777672955,19.947295481461595,91.14547502805962,1.9225060651357686,0.06649411508176743,0.303832552705239,1.9225060651357686
768,64,0.10332674207939091,0.03479003754056454,14.358878432287517,7.897270738872244,33.819781061241294,1.805329743866306,0.019134248316746653,0.0819417378789532,1.805329743866306
768,65,0.1195449436160083,0.030599955284590512,12.562701582774842,7.420508569266096,25.72202322882686,1.456813611226315,0.018074713381698335,0.06265314474320641,1.4568136112263153
768,66,0.10791772821814515,0.1465266874238638,63.33399365411773,35.61179569486176,142.61018480267674,1.6894306348682049,0.08238985346290806,0.3299365280225413,1.689430634868205
768,67,0.10651642668613741,0.0522336499167284,17.534474788192078,9.794811666655683,40.00786217558796,1.7230656106835947,0.0291778778535705,0.11917988374557122,1.7230656106835947
768,68,0.09731085485602642,0.05765861850007881,18.8225929335206,10.029308697668435,47.41625857159608,1.986280530316646,0.03072244541763169,0.1452486367492934,1.9862805303166455
768,69,0.12788819143221986,0.12219162138450385,36.8714433323801,22.452034686489085,71.42193668452494,1.328125442679132,0.0744058348080438,0.23669163605101887,1.328125442679132
768,70,0.1165097734715688,0.05951569554229103,16.638621711687247,9.710614459135462,34.845351861699754,1.5106261707307902,0.03473448604655304,0.1246404533019837,1.51062617073079
768,71,0.08720544015163276,0.1267567307438747,50.36165892046771,25.230590511832993,106.38604980747621,1.611453257006601,0.06350361041656633,0.26776615702129186,1.6114532570066002
768,72,0.12953734852544554,0.05015566469739058,12.077634164269211,7.395710248012275,23.163371220436304,1.3055256317558854,0.03071270071217656,0.09619220655237376,1.3055256317558854
768,73,0.12360156749683603,0.08490207092204094,23.559842349226287,14.130125923813923,46.90256374596749,1.3910295890935718,0.05092041515126762,0.16902170797914748,1.3910295890935713
768,74,0.11758164840469205,0.11270559479240706,47.163555592999074,27.64438788612741,97.97170694486333,1.4911369207536012,0.06606111732255597,0.23412059089300896,1.4911369207536012
768,75,0.14005950648921134,0.13326551291650654,33.64763746230624,21.294174036707183,60.95596847239986,1.1787393536953015,0.0843381360226007,0.24142344058767648,1.1787393536953017
768,76,0.1144230275417797,0.21681123655796514,54.13602870505413,31.324533519900466,115.24605140953534,1.5501971588433114,0.12545269775980067,0.46155286067726337,1.5501971588433117
768,77,0.12058739688939538,0.18435655372719637,45.04493417514496,26.713831855137464,91.54581107650809,1.4392734812152046,0.10933238260515431,0.3746718814729341,1.4392734812152046
768,78,0.11149984587605997,0.09517575542246118,30.91841586495309,17.667806551084176,67.43317965608233,1.6095705977423194,0.05438657797029719,0.20757867551620482,1.6095705977423194
768,79,0.12286520415955346,0.08410615281885078,22.835700298945927,13.658863893730462,45.685718392440535,1.4024905774485226,0.05030695266354519,0.1682650394974289,1.4024905774485226
768,80,0.1435874540458573,0.09536723649436118,30.51433510916967,19.506749828640096,54.351763598078634,1.1419227600658906,0.06096494704828849,0.1698669649657859,1.14192276006589
768,81,0.09279207704230402,0.10656157968055781,26.656917442944433,13.837365885774064,63.75719737855766,1.8726783244773266,0.05531515677167035,0.25487071726151445,1.8726783244773264
768,82,0.14505303491514565,0.08836095804914855,22.583219388388503,14.495322263430475,39.95434180197836,1.1273423465760606,0.056715587817670596,0.15632863761050655,1.1273423465760604
768,83,0.1212852513699572,0.04446909727393104,19.697739105148262,11.712682334088996,39.83680488953856,1.4277842957164033,0.026442243308884394,0.08993452204128824,1.427784295716403
768,84,0.11553206963182644,0.08199260331850283,26.739788903907442,15.54368445602827,56.42590234782481,1.528890824034235,0.047661825539874345,0.1730195643922123,1.5288908240342354
768,85,0.13287164213421798,0.07606381113056679,24.904017601413038,15.417734629814586,46.85335512930507,1.262271052109554,0.04709005886973336,0.1431032057729763,1.262271052109554
768,86,0.13911425041320907,0.094373190803002,25.01613716684259,15.787759812099353,45.532983871007204,1.1890414519446026,0.059559206090141203,0.1717728419071877,1.1890414519446024
768,87,0.14266308914418274,0.1037031620646918,35.396766682822594,22.56925186200912,63.32256899177455,1.1513288062421327,0.06612193719548352,0.18551837497895954,1.1513288062421325
768,88,0.12214717596766994,0.13298245049515842,35.36037106882204,21.094089906085937,71.08886568702962,1.4138645684356264,0.07933015638373338,0.2673493313625826,1.4138645684356266
768,89,0.11934276175642566,0.026098297720220726,7.733482441733582,4.564416088393916,15.85738227904514,1.4602691964113037,0.015403602567327522,0.0535141428069372,1.4602691964113037
768,90,0.10601009424828128,0.16334370512821625,45.6255616582134,25.425191558257293,104.61196031136583,1.7355790454987974,0.09102452313532827,0.3745204349699948,1.7355790454987972
768,91,0.1046957404139334,0.07602832667965609,19.0417657515126,10.543950170889161,44.228847809545535,1.7690007364984301,0.04209897855836704,0.17659314444942192,1.7690007364984306
768,92,0.14053215161299298,0.03956974796618407,14.854329559460073,9.41362333648155,26.847550424567487,1.1736596403291073,0.02507650724875281,0.07151792341465785,1.1736596403291077
768,93,0.10671047888758659,0.07687469271973105,25.769995326361215,14.40843297571546,58.68956905055939,1.7183214631609531,0.04298191922634578,0.17507735370056274,1.7183214631609536
768,94,0.11399823991380996,0.09257966149387,29.475917447934638,17.025163744142763,62.96424764704953,1.5585293989254845,0.05347361618496077,0.19776174036572677,1.5585293989254843
768,95,0.13305657595606463,0.0799562195085935,19.346237996956994,11.984090372827637,36.35961541487714,1.259962016692009,0.04952914156288919,0.1502709411420056,1.259962016692009
768,96,0.10381767470726498,0.2084386204460924,54.40114655216959,29.993455111365716,127.4866936757067,1.7921173494173868,0.11492026918641367,0.48846673717648154,1.7921173494173868
768,97,0.1564978713437024,0.03187352867240884,9.02388572585927,5.964287826552218,15.221298629297264,1.0258342230795015,0.021066634133602043,0.05376359065606478,1.0258342230795015
768,98,0.10214465644863119,0.250448655489054,62.30757189670382,34.06465148378004,148.58761137045687,1.8380263650225037,0.13692470921447106,0.5972559410877903,1.838026365022504
768,99,0.08199750316275278,0.22978023922887597,57.61199668931542,27.82073171178803,107.59985418398036,1.3847657963048514,0.11096047274200091,0.4291522886928946,1.3847657963048516
768,100,0.11456990579341571,0.051110358683756546,22.295308329843486,12.908573067180898,47.40696251785343,1.5473385225399443,0.029591956738089505,0.10867698363029997,1.5473385225399443
768,101,0.12469340664298892,0.12559902425802202,32.54384886584957,19.595654747199156,64.32402651969298,1.374403253802911,0.07562704479395452,0.24825075240865072,1.3744032538029107
768,102,0.14327288686550332,0.07497012761609041,25.250640353686418,16.127653928025566,45.04229216135451,1.1451051469713562,0.04788362814552145,0.133732307147806,1.1451051469713567
768,103,0.1253701864772799,0.05722869306421734,17.834213560135126,10.764550632146804,35.09596419560091,1.3643109903002502,0.03454265936785656,0.11262039427588796,1.3643109903002502
768,104,0.13338199262660877,0.039914509955261405,16.17663584571777,10.031090212963624,30.347666151826783,1.255920954927183,0.024750884793728656,0.07488035425219113,1.2559209549271835
768,105,0.11065484475511334,0.06418760413118826,16.474264234519776,9.37894663669516,36.19352650459917,1.6276647919557696,0.03654257970576233,0.14101848303009218,1.6276647919557696
768,106,0.12606419063957408,0.0628202443232853,26.074836578397786,15.777236864792293,51.08586763941275,1.3541266373217689,0.03801097167426609,0.12307753787548836,1.354126637321769
768,107,0.14240119539294724,0.09517767677486921,22.927170635272777,14.607712511634004,41.06621900381191,1.1540240578779604,0.06064106914760494,0.17047839791873642,1.1540240578779604
768,108,0.11340908229080848,0.0859253248266218,23.57905639153256,13.585264455377688,50.610223569587326,1.570247702003275,0.04950657234965014,0.184430616202538,1.5702477020032755
768,109,0.12004759064743162,0.04095292210336307,15.094186760004629,8.933105856842243,30.793998134232684,1.4482987805156677,0.02423693267567895,0.08354899981653281,1.4482987805156677
768,110,0.12518631882678946,0.038009680880405225,16.01658570930226,9.661116653307047,31.55638184086697,1.3670369943354026,0.02292723103447037,0.07488787094086735,1.3670369943354026
768,111,0.10324200903429076,0.11410799722294851,40.81460842724402,22.438197524357165,96.21597101099931,1.8076315400197493,0.06273189623664867,0.26899711098533635,1.8076315400197493
768,112,0.14887780745695744,0.04363171108495885,13.176025630754895,8.544266690594569,22.9206658247395,1.0911028512716445,0.028293886648693534,0.07590057101935274,1.0911028512716443
768,113,0.14825884556844462,0.04753824278914913,21.512788134424046,13.927758786746976,37.52293360214474,1.0967976195350313,0.030777097537329927,0.08291692906534706,1.0967976195350313
768,114,0.13112415542991662,0.13832185658451682,36.039589407571526,22.185375880737563,68.4799783885394,1.284548555319441,0.08514864989566928,0.26282979094041325,1.284548555319441
768,115,0.10651083508550523,0.076574773741401,30.455712743731944,17.012203813841513,69.49357127091407,1.7232027337095797,0.042773770190475076,0.1747276296348498,1.7232027337095797
768,116,0.13798852467726863,0.03549082909845859,11.020466643974451,6.931779127256481,20.173595478548908,1.201565848260384,0.02232342751912716,0.06496799569028086,1.2015658482603835
768,117,0.14800932449591048,0.03488908323821759,12.830465372395034,8.301200430864226,22.403310898803156,1.099111377384632,0.022572935930498268,0.06091992426414268,1.099111377384632
768,118,0.12829329730690853,0.0530995024322261,17.51303167078836,10.6789751480903,33.839890059543066,1.3224960330589157,0.032378646799088265,0.10260252812310953,1.3224960330589157
768,119,0.10078992758672957,0.16141297480427422,52.293731719841276,28.390671300212674,126.55197049033713,1.8771140624657336,0.08763235211073914,0.3906229169802694,1.8771140624657334
768,120,0.11871480787264654,0.08156425410653392,32.19540710348961,18.955705129525004,66.3188792610637,1.4711158638029795,0.04802262462416653,0.1680130927595459,1.4711158638029793
768,121,0.12670074823242689,0.12429680405023741,36.61575427688087,22.20481932656136,71.45039016180664,1.3449284825012835,0.0753770646354587,0.24254737668650392,1.3449284825012837
768,122,0.11690436225224904,0.06502181453665105,16.154788656624458,9.4432820967828,33.73019385913155,1.5033877742739532,0.03800850324727107,0.1357615042827807,1.5033877742739536
768,123,0.10447103918092071,0.09848418665288772,27.278522024934063,15.088257074325002,63.50367035528999,1.7748547093831055,0.054473432417501695,0.22926855489814424,1.7748547093831055
768,124,0.11637980114514729,0.08056914070322986,31.920442015556056,18.619555681028366,66.91604480507469,1.5130269530888574,0.04699689311211013,0.16890017458330545,1.5130269530888574
768,125,0.11582005109128599,0.12603504170519314,37.94000042698631,22.080381324288727,79.88051072707944,1.5234614853003037,0.07335007247637904,0.26535960431245825,1.5234614853003032
768,126,0.1220482595717053,0.1276995859280414,40.982345728912456,24.438838340881937,82.44718134599024,1.4154471144433358,0.07615058340819338,0.2569025938256484,1.415447114443336
768,127,0.1279477651111732,0.11132071904418872,35.108163256551606,21.382698690341524,67.98156567536378,1.3272943572838818,0.06780011178368471,0.21555547401982073,1.3272943572838813
768,128,0.136731505325586,0.02061341674456481,7.627372567774058,4.779352193040415,14.053403072017,1.2158906355459553,0.012916476499448507,0.03798013688577105,1.2158906355459553
768,129,0.11349192458344427,0.0771998062648279,26.42903939272423,15.232662984870764,56.68894903152647,1.5685884541860569,0.04449494413532007,0.16558966890772955,1.568588454186057
768,130,0.09560365796376794,0.10907066504592722,33.11064447147542,17.473533275266657,84.06479382586008,2.0111737966309087,0.05756003621969211,0.2769200997411677,2.0111737966309087
768,131,0.11713439161330014,0.08840007861226241,38.666445951449305,22.623387429588206,80.5922238841209,1.4992026039145159,0.05172208559748186,0.18425171363923357,1.4992026039145159
768,132,0.11251505970026722,0.055644153917551724,24.44529062691984,14.030576838280624,52.85945388510623,1.588399076101233,0.03193742259220976,0.12032254526528373,1.588399076101233
768,133,0.13161381801792976,0.0431538138740939,12.111938027928554,7.467873936253129,22.94960919979578,1.2782211424665304,0.026607405118582856,0.08176752239051517,1.2782211424665304
768,134,0.10746579821417357,0.10191095576351558,31.346363874483703,17.588586958680597,70.88122436227864,1.7001218264737514,0.057182699552209816,0.23044373980256355,1.700121826473751
768,135,0.11334712850835281,0.1212633536443223,34.71106828446907,19.993796658991315,74.54193017590701,1.5714910607151327,0.06984846490699179,0.2604127411513821,1.5714910607151327
768,136,0.11920001229165939,0.10483503019435202,25.203250103931907,14.867078922432333,51.73236923318617,1.4627196952270278,0.06184086025840991,0.21518512367340875,1.4627196952270278
768,137,0.11033247786369038,0.04000518597199957,16.9647655812956,9.644354227550156,37.376392867745274,1.6346844586388454,0.02274267702693,0.08813853280031445,1.6346844586388452
768,138,0.1147518515725132,0.10432213135642107,34.139892405185606,19.78136432813587,72.4869797371362,1.5438131668216601,0.06044641451581029,0.22150029449475192,1.5438131668216601
768,139,0.11235159385438191,0.0907956493390343,24.22688696954347,13.895419273975486,52.458983844479405,1.5917672220530696,0.052076175424634476,0.19660171394753373,1.5917672220530696
768,140,0.11277398148613493,0.07520666779118036,19.08416838009701,10.96571855542711,41.177780985861354,1.5830955705642682,0.04321357557029669,0.16227291822741272,1.583095570564268
768,141,0.11116752034202738,0.057973519101546286,25.431395175974345,14.511158263733918,55.62443029190352,1.616634547325595,0.033079699519706296,0.12680169332930633,1.6166345473255952
768,142,0.15087746309020664,0.04369647841557224,12.147380581844104,7.918036963283754,20.95374778020892,1.0731293655529976,0.02848271106093118,0.07537468521993448,1.0731293655529979
768,143,0.13538270297654065,0.0522740544161751,14.636517685961426,9.133350979814145,27.16079731054133,1.2316759161926993,0.03261959547787541,0.0970042893440249,1.2316759161926993
768,144,0.13139262720335912,0.09315202942795091,24.04527015767866,14.814909492189349,45.618608527787224,1.2810710311674731,0.05739336160247498,0.1767277279970829,1.2810710311674736
768,145,0.10369258406285066,0.11371325274811175,31.33206819694714,17.2638540497034,73.51945383308576,1.795463977346496,0.06265558298356168,0.2668236320396937,1.7954639773464958
768,146,0.11725179515673213,0.058533607113657245,19.480345800652323,11.403141729544489,40.56670493438808,1.49707625846493,0.03426361239625203,0.12189288592842222,1.4970762584649298
768,147,0.10732950694500254,0.15660450914365742,39.28979495662838,22.031639522259557,88.95688910042009,1.703374875130773,0.0878155280988909,0.3545717143063844,1.7033748751307733
768,148,0.10969947414330945,0.07841696059335769,24.365899169210252,13.81260414375581,53.983713486166856,1.6486610678079512,0.04445321009130874,0.1737362000774079,1.6486610678079516
768,149,0.10519759508813606,0.0607005151715152,19.211981552501374,10.664222177419072,44.40192325284487,1.756076070718129,0.033693753989085765,0.14028847616204637,1.7560760707181293
768,150,0.09973201962264548,0.10398627911471472,40.70287650698966,21.975041678703416,99.67332991089128,1.908913936803587,0.05614106455514847,0.25464192199357516,1.9089139368035868
768,151,0.09964802130300517,0.1776297247623174,56.448863006722426,30.462506256923355,138.36388381543878,1.91148894435067,0.0958574949745803,0.4353947500458024,1.91148894435067
768,152,0.15015865775310142,0.04143157003563827,13.279611001560905,8.640117142730638,22.975681431042634,1.0795168839378633,0.02695663438282089,0.07168271376434646,1.079516883937863
768,153,0.1086185207556666,0.1385542047633657,33.72421131761104,19.02399573386594,75.44922337029494,1.6731370558979781,0.07815911765892043,0.30997929189898366,1.6731370558979777
768,154,0.11439596906223258,0.03557988658937272,15.233171730858343,8.81331694650079,32.43577772663931,1.550725035961205,0.020585129805729938,0.07575975071653056,1.5507250359612053
768,155,0.12313388595942094,0.031633237904690234,12.877625404576127,7.710199625514522,25.71679203987521,1.3982851534073941,0.018939716864250753,0.06317200378058313,1.3982851534073941
768,156,0.1495541108872295,0.10396071145094785,31.085330598178107,20.19347402830842,53.919577272971516,1.084952374501681,0.06753436062128357,0.18032678136487354,1.0849523745016811
768,157,0.12551696628750245,0.07717748822688947,29.84132314992502,18.021321968608255,58.669479089357914,1.3621432574061916,0.046607865109652244,0.15173466032145544,1.3621432574061914
768,158,0.11673655015229048,0.14938364441340385,36.76264409507896,21.47506540452946,76.85640615980603,1.5064569515741089,0.08726313389885482,0.31230316347690185,1.5064569515741089
768,159,0.13091982950181322,0.13549915788231967,39.355047754535846,24.210036318634145,74.8682025993508,1.2872088631852332,0.08335498800397761,0.25777070498423477,1.2872088631852334
768,160,0.09229266955170054,0.10484524218012711,42.3960395027451,21.940979919808345,100.31299647244516,1.8485692878827118,0.05425995872120704,0.24807365339601506,1.8485692878827118
768,161,0.1475217015280853,0.03493864361397573,14.259293175870486,9.213719146237349,24.951177756925933,1.1036633034040877,0.02257579289795334,0.06113629172541193,1.1036633034040877
768,162,0.12944900163461553,0.06600341308540793,18.777635654425854,11.495027565494526,36.03205127709915,1.3067152948950362,0.040405036437836064,0.12665270583181376,1.306715294895036
768,163,0.1224513019063198,0.06494522193929052,16.052667486352448,9.586992770868687,32.205566875734945,1.4090227760648484,0.03878666108070722,0.13029595798975405,1.4090227760648484
768,164,0.14398269827600885,0.043601173221004916,14.46851858560671,9.259406825684213,25.723871522060207,1.1379509656748725,0.02790340963670147,0.0775194068081014,1.1379509656748723
768,165,0.11113708557627501,0.06667197530919469,18.711577447881126,10.675398854676354,40.93734923372202,1.6172848314545756,0.038037943665481015,0.14586551801615558,1.6172848314545754
768,166,0.1013050013407053,0.10119048947176071,35.878482110255916,19.530938889236655,86.33819185687842,1.8620423451120531,0.05508441689287524,0.24350539321190906,1.862042345112053
768,167,0.11556168535377467,0.10301367262970225,32.155977374592084,18.694359774602137,67.83932217521566,1.5283305442130712,0.059888543750636604,0.2173274861021766,1.5283305442130712
768,168,0.12633334452813524,0.11462741225034374,31.56404894425945,19.116713114264062,61.73515113054416,1.3502208823570812,0.0694238992877633,0.22419622499873135,1.3502208823570814
768,169,0.136450194334346,0.03731030418018334,14.921274026796961,9.341720022178999,27.532944586160898,1.2191468725333015,0.02335875709860055,0.06884549775313725,1.219146872533302
768,170,0.13122455728523713,0.06734366861520998,28.233044614850073,17.38552609560614,53.615458278331126,1.2832456675136161,0.041469318100668555,0.12788778908560944,1.283245667513616
768,171,0.09507512604768927,0.22127572042538227,54.20041797260143,28.51647809738602,136.0924255863721,1.9847807731550375,0.11641984455144724,0.5556036400177754,1.9847807731550375
768,172,0.09683404225961753,0.137030108780242,43.180688318083966,22.947052341999154,109.40881988719056,2.002324902935404,0.07282044823943135,0.3471992475020573,2.002324902935404
768,173,0.07063520827423633,0.10312316277375363,43.6600459805081,19.156907657848862,60.50958133925496,0.9471514001581188,0.04524779720855267,0.14292104521844703,0.9471514001581189
768,174,0.13357313535098397,0.0702321758522996,23.901448964861004,14.830246505414046,44.79215415648172,1.2535603048633799,0.04357729449927714,0.13161756227190433,1.2535603048633799
768,175,0.1415811465497747,0.04152639567415263,14.49724324175016,9.215153300848419,26.06894933559298,1.1625517868257764,0.026396197938305926,0.07467278342972625,1.162551786825776
768,176,0.09207711449032754,0.05690640444477378,21.45401593241534,11.08840120757951,50.52536969003543,1.8382091542530155,0.029411791515034924,0.13401766510104257,1.8382091542530155
768,177,0.10242878115033172,0.05272116609450495,21.47700788825132,11.758853952889332,51.062869722561985,1.8300508140695584,0.028865310082156925,0.12534772301210212,1.8300508140695584
768,178,0.11588124950433377,0.0987239878932384,38.73091497714895,22.546325517203286,81.5069039369642,1.5223130787007582,0.05746993503021133,0.20775875298158347,1.5223130787007584
768,179,0.0852677482579835,0.27020595662148317,65.60568744771311,32.43548918355924,132.49777290947486,1.5252074571379803,0.1335899786175459,0.5457101186197336,1.5252074571379801
768,180,0.12911717688318478,0.05113143361655097,17.49357806879471,10.697004580283012,33.63466370215133,1.311204547844036,0.03126594098941629,0.09830970928522334,1.311204547844036
768,181,0.13729873433512882,0.03534210418735941,15.251554011179378,9.573183482565812,28.018128729836437,1.2093813675478902,0.022183736017821445,0.06492581831195018,1.20938136754789
768,182,0.12190544380966925,0.14175036335884003,47.491788746993436,28.305479862608976,95.6364298659835,1.4177387666333592,0.08448433216416089,0.28544931748235325,1.417738766633359
768,183,0.13265777015308675,0.0926011756062628,30.131479444455515,18.641168558818716,56.75606767678391,1.264952794243852,0.05728872777067551,0.17442484360408325,1.2649527942438519
768,184,0.12394992401245497,0.10827352616827816,28.873582369559546,17.339043015687665,57.34852641653076,1.3856778451926268,0.0650199654363359,0.2150521918686031,1.385677845192627
768,185,0.07865281176109046,0.23076742537585326,66.20225477104535,31.155294952089257,113.76241062039313,1.2477991263891732,0.10860094158097254,0.39655233336404105,1.2477991263891735
768,186,0.12149950914477493,0.10253184130136447,27.42889932842813,16.32296382166837,55.38984941157001,1.4242965101195861,0.06101679531838237,0.207052539060051,1.424296510119586
768,187,0.1324245316849942,0.04060457362057275,11.510795310222008,7.115927682118238,21.71036605793046,1.26789139955011,0.02510158522154008,0.07658377489746354,1.26789139955011
768,188,0.1341239454506489,0.061334686121494945,16.19559076705804,10.066501041312112,30.259338548890778,1.2468108016566495,0.038123072544314296,0.11459582171681439,1.2468108016566495
768,189,0.08808220610602371,0.1440230788207924,45.08756659468293,22.720304676944487,97.16965547255855,1.6512168745960598,0.07257540112412904,0.3103887392042998,1.6512168745960598
768,190,0.10909849785980118,0.11054408992290926,28.207217662764794,15.946741671646995,62.832000410429494,1.6621724020896194,0.06249528281745329,0.24623861830142627,1.6621724020896194
768,191,0.08446660902331515,0.2123193518034032,73.96747968839821,36.36449565423075,146.59138202105754,1.4902074104887455,0.10438217144195823,0.42078204288955673,1.490207410488746
768,192,0.10525284387942967,0.07444057166730277,18.153050602396327,10.079126496010876,41.93166152512469,1.7546656882512661,0.04133167227391872,0.17194998919234425,1.7546656882512661
768,193,0.12388724831293702,0.05462971763263871,18.93041794830651,11.365427071247312,37.61505331303986,1.3866374378776358,0.032798540073022145,0.10855015176312298,1.3866374378776356
768,194,0.17329647211899352,0.022270544981950267,7.173844327122686,4.918215742566801,11.429115864814735,0.9075887105093277,0.0152681519045035,0.035480647107011716,0.9075887105093274
768,195,0.1172215667430318,0.034433582009055864,13.603657210019458,7.962160460861013,28.33531193281373,1.4976231139481628,0.020153823414220506,0.07172235172701219,1.4976231139481628
768,196,0.12212260106362796,0.14430280942122056,36.978922349913105,22.05760943418598,74.35532330258876,1.4142573808272612,0.0860753858738811,0.2901566991719519,1.4142573808272612
768,197,0.1329308806344068,0.05279580316449035,22.185490683827556,13.73734199380274,41.725013465474774,1.2615304241196732,0.032691366363909014,0.0992948783217473,1.261530424119673
768,198,0.12079128526451638,0.07282388824522944,25.009061232849074,14.843104815166956,50.75351881581575,1.4358961204621683,0.04322163859761975,0.14778917720591522,1.4358961204621685
768,199,0.08666218893775915,0.09629896936616751,36.52314593143315,18.230814254337528,76.19473913553165,1.587046334672618,0.0480683845442733,0.20089931090960017,1.5870463346726178
768,200,0.1072363930202713,0.18438763258319169,50.016250314508845,28.03423910577578,113.34221162129327,1.7056051179184684,0.10334975028077309,0.417842240095535,1.7056051179184686
768,201,0.12587420148921744,0.10567840948537573,34.74648545492182,21.01014559170449,68.1575938870192,1.3568983359908797,0.06390052807119236,0.20729538605206144,1.3568983359908795
768,202,0.12071402788479577,0.07774089294085425,26.82825190116944,15.91813237731597,54.47499449145816,1.4371738515121628,0.04612636818537269,0.1578535467131749,1.4371738515121628
768,203,0.12685082025203664,0.059514498135905404,26.058515441061445,15.81089043543644,50.80173263083808,1.342779571405099,0.03611016181927429,0.11602501411859492,1.3427795714050992
768,204,0.14525137508574826,0.05317006449787432,13.480203111976904,8.657137607991855,23.827754518067113,1.1253997275898948,0.03414641167943027,0.09398398778127517,1.1253997275898948
768,205,0.1389783677127322,0.04070512242575334,18.16887035414122,11.4618208858032,33.092557485440516,1.1905383316639186,0.025678801889427,0.07413981043235894,1.1905383316639186
768,206,0.11315457404683506,0.08757750322120555,30.888626053230237,17.77745823043237,66.43844563880083,1.5753691123882034,0.050403841296065725,0.18837073481083136,1.5753691123882034
768,207,0.09414730318618797,0.2658722176499702,70.86699778530989,37.084246270492166,174.48468050509967,1.9388493731716883,0.13912922945717354,0.654615411991585,1.9388493731716885
768,208,0.15771381468716614,0.026326499371117383,9.547532816149493,6.328626208124756,16.03064085004629,1.0161802874885892,0.017450641657540508,0.04420311135705074,1.0161802874885895
768,209,0.1090265291781938,0.044292984780666914,14.029103367469313,7.928652460673343,31.270366313030014,1.6638065342423407,0.025032510886342632,0.0987274683855128,1.663806534242341
768,210,0.14195972012209382,0.038274025079212265,9.79376613302409,6.232130947279389,17.579171097031516,1.1585982343901877,0.024355159489545017,0.06869937736932612,1.158598234390188
768,211,0.13506594313696507,0.05536099419048846,17.35494573058475,10.819018383764938,32.260137490372706,1.2354471998619925,0.03451186901926531,0.10290745427348032,1.2354471998619925
768,212,0.1196310441821602,0.2087643573375164,53.08692156053506,31.367713756104948,108.62762648402597,1.4553473898429292,0.1233535569768009,0.42717821952019197,1.4553473898429294
768,213,0.11521829067103234,0.0854003020555042,25.753099368869695,14.950775156778917,54.478033830915294,1.534854430838599,0.04957852629948853,0.18065555830433386,1.534854430838599
768,214,0.11103580363347369,0.09635928530411388,34.41008165925945,19.623008161086712,75.3485166870845,1.6194529579386379,0.05495072812215475,0.2110000577327551,1.619452957938638
768,215,0.1240709224711325,0.06603109102692092,23.702153739681496,14.239768790077068,47.03950497368207,1.3838293576120295,0.039670127850268584,0.13104589012847398,1.383829357612029
768,216,0.12893191989508707,0.05353996921192562,13.198758535128716,8.0657462382089,25.405290443709944,1.3137253901078314,0.03271821392258678,0.10305503086188506,1.3137253901078314
768,217,0.11274090623752828,0.08944739694434259,29.141161003331284,16.742065893083648,62.89498911209018,1.5837709147460028,0.05138896880037832,0.1930531544805686,1.5837709147460026
768,218,0.13833092645348385,0.1119718404753932,28.956438678643636,18.232022253142606,52.913916358346434,1.1977265053241133,0.07050152506421167,0.20461316625151346,1.1977265053241133
768,219,0.11386197501999203,0.10262399714040533,26.90676008634747,15.532305648152708,57.53975394468847,1.5612228362585505,0.059241145545008096,0.2194600734287411,1.5612228362585507
768,220,0.10109170692598161,0.1488169684949381,61.52742386494706,33.45626252016277,148.4049784583436,1.8682517277254078,0.08092098210303843,0.3589485406085641,1.8682517277254076
768,221,0.10270471479523632,0.08578267231769897,26.82727448759663,14.708719546814473,63.59811613327954,1.8223765745964495,0.04703248068232503,0.20336081322038296,1.8223765745964497
768,222,0.08867535781810701,0.15436482453373077,59.60521096118006,30.152885736418572,130.19299801860691,1.6783786294682004,0.0780895636611255,0.3371721863001478,1.6783786294682004
768,223,0.11626756095559646,0.055656511290702995,18.987204969506237,11.07040170833421,39.83804608199274,1.5151068532656515,0.03245027051965002,0.11677583220505125,1.5151068532656518
768,224,0.11189725105072763,0.1878584303401767,45.73116779508834,26.177666036034463,99.40289524554387,1.6012105690721943,0.10753487148051716,0.4083357756305207,1.6012105690721945
768,225,0.06950387070050268,0.1674105917303895,52.65367528965484,22.851246073829046,70.65520693754439,0.9078940947757099,0.07265476922459173,0.2246458568595196,0.9078940947757096
768,226,0.0975929422074347,0.12816191265334728,39.641874295307026,21.155533069895753,99.524293201544,1.9769186377982604,0.06839569595628224,0.3217613697365572,1.9769186377982606
768,227,0.09698756951323467,0.0636431399586985,28.35811201758982,15.082987397203693,71.7177760480897,1.9971283213690982,0.03385023224818706,0.16095374952056113,1.9971283213690976
768,228,0.1634627386408457,0.029366958065655292,7.646146849385582,5.135191229552388,12.57516480358528,0.9730356636598919,0.01972299884738729,0.04829809637847441,0.9730356636598921
768,229,0.131872392555385,0.08516129304755964,35.98609065523189,22.206692594547004,68.08560639279787,1.2749068588138148,0.05255226731293586,0.16112498392472288,1.2749068588138148
768,230,0.12491666915277813,0.0904500315221753,37.06532095195968,22.33605586038651,73.15469179075433,1.37105614156785,0.05450639316658104,0.1785184643900651,1.37105614156785
768,231,0.12347596582874926,0.05176345466260641,13.276706946045417,7.959114472188128,26.45317107409627,1.3929701602261213,0.031031133157482238,0.10313608089271065,1.3929701602261213
768,232,0.12115988321572597,0.07107952076124426,24.73450360200728,14.700682439778204,50.06690860793627,1.4298336743369287,0.04224533790918187,0.14387723024933977,1.429833674336929
768,233,0.11477044420050948,0.06618163671970699,25.439525617330453,14.741331236860061,54.00606620806445,1.543453897758834,0.038349985112069815,0.14049829026716074,1.543453897758834
768,234,0.09880250922692614,0.09230834982917291,27.02635975091585,14.518693910029747,66.89128052627291,1.9378335483922653,0.04958850133208533,0.22846671842778601,1.937833548392265
768,235,0.14485460158803437,0.05087031836973531,13.112946947845789,8.412126009866451,23.220486303817463,1.1292930836102977,0.03263397083738969,0.09008146953338564,1.1292930836102975
768,236,0.12710404216554028,0.027260495613301683,11.592201213467959,7.039716777694676,22.56364937051673,1.339170387655639,0.016554765122112708,0.05306121360026276,1.3391703876556387
768,237,0.14184150238993223,0.05924902108305328,15.85357275254875,10.084806231381728,28.472250994209908,1.1598297147166443,0.03768960513494233,0.10640838035494045,1.159829714716644
768,238,0.13905263309103405,0.045101073868295025,12.304858575092105,7.764218795038348,22.40355175707222,1.189719725155337,0.02845823893607879,0.0821158761428773,1.1897197251553369
768,239,0.15465246637708438,0.034490105994819234,10.690321541252146,7.034279379782013,18.161467115497636,1.040865580401645,0.022694643979570692,0.058594208173982476,1.0408655804016453
768,240,0.08173782514732694,0.10373969955714543,40.855060527767876,19.69064741415022,75.82100094281121,1.3738898634236751,0.04999874728961098,0.19252566894579062,1.3738898634236751
768,241,0.11687583935340501,0.07946454748040911,28.202696841541538,16.48399278183793,58.898267863864554,1.5039084850762197,0.04644566561980898,0.16595307283833838,1.5039084850762197
768,242,0.1687375892762633,0.07488487922792356,21.997479120225623,14.941748559791948,35.5474737831125,0.9367312095491243,0.050865420998410495,0.12101242449452342,0.9367312095491241
768,243,0.09641428181089612,0.1328104114123049,41.0021211106796,21.7379910950984,104.42628570742721,2.016683341555016,0.07041176071900995,0.33824830499927344,2.0166833415550163
768,244,0.09701703153857003,0.08486615757446517,21.01694946000017,11.180240373834417,53.132896688215126,1.9961344244665835,0.04514565936850387,0.2145499179750993,1.996134424466584
768,245,0.13300142869849466,0.07405268138846308,24.366644817685607,15.091332682387096,45.80913417805545,1.2606496185873322,0.04586407604402627,0.13921856059176146,1.260649618587332
768,246,0.12638837814041912,0.06673369743470016,26.805426557465058,16.237797300213114,52.40971724887539,1.3494252692124662,0.04042495834622853,0.13047709597259205,1.3494252692124662
768,247,0.13680101485911814,0.07241975908015164,21.359980087175085,13.387112233368807,39.34138750924818,1.2150889265792333,0.045388218470373,0.13338466579420113,1.2150889265792333
768,248,0.09057036029834359,0.21013475306981683,52.248552883545024,26.753612008568524,119.05399039356331,1.7665633456053773,0.10759845666303158,0.47881480907400703,1.7665633456053773
768,249,0.1541391771858266,0.03645915774261683,13.316635602767201,8.75139664578362,22.669017878865166,1.0451304404687216,0.02396014731457623,0.06206472290523596,1.0451304404687216
768,250,0.14304512500801253,0.03471066384377383,14.519269969280984,9.267570584091835,25.927289464297974,1.1474212488268205,0.022155626823763,0.061983380078993934,1.1474212488268205
768,251,0.1613766867753316,0.022243654120395695,7.087399775384141,4.737800952631961,11.74180712127463,0.9882335398898884,0.014869487967597336,0.03685141301908228,0.9882335398898885
768,252,0.0920355850183568,0.04750052338786039,18.962599344500095,9.798239327386437,44.61767366724633,1.8362163175671857,0.024544182359965517,0.1117654184977365,1.8362163175671855
768,253,0.09145930753946765,0.10055555919251759,26.303345270103,13.543274909832656,61.11732009392228,1.8086689999147523,0.05177484338481191,0.23364656606541137,1.8086689999147523
768,254,0.10875872139046627,0.11908964627548571,29.275571804821848,16.525099985768698,65.41290788962203,1.6699181225147324,0.06722219894089627,0.266092157460199,1.6699181225147326
768,255,0.12496391220799188,0.07915769399708913,21.93474202935516,13.220403769299816,43.27868052134433,1.3703501373217732,0.047709550205225895,0.15618330704421188,1.370350137321773
768,256,0.15099460466734227,0.04100404118698458,13.921674753909015,9.077289571038854,24.002662190261706,1.0720960576264011,0.026735688199622142,0.0706959591029389,1.0720960576264014
768,257,0.13194250748848332,0.08005802505041915,23.352663487839664,14.414003442899565,44.165561724567276,1.2740113476631956,0.04941434835942273,0.1514091807451611,1.2740113476631956
768,258,0.09133813379584323,0.13974455310228273,53.121115159165655,27.330935033210526,123.10308896426808,1.802901796095536,0.07189889162981036,0.3238445974124839,1.8029017960955358
768,259,0.1179694217060206,0.053073757156598365,12.9010265178245,7.573457831968733,26.721413439069337,1.4842195371542826,0.031156579769392463,0.10992968705139769,1.4842195371542828
768,260,0.13211363349292257,0.05184816090754221,17.285064875809674,10.674816503384324,32.65850472423856,1.2718313977299704,0.0320201056636203,0.09796222462038814,1.271831397729971
768,261,0.1107415621618565,0.13873806920154264,50.89482869245968,28.9860256211249,111.73020781031781,1.6257876156571456,0.07901520315161438,0.3045738378796665,1.6257876156571462
768,262,0.14174186147418397,0.0387117028808859,11.480314409730802,7.300802460492427,20.627953478673113,1.1608698631881103,0.024618358483550522,0.0695576077106633,1.1608698631881098
768,263,0.12617114382482306,0.05563885189390877,14.351176758706055,8.686812232840989,28.097807740608744,1.3525716973691506,0.03367837128478185,0.10893390763059682,1.3525716973691508
768,264,0.12266418553486912,0.07281302576405656,31.151005647576092,18.618719847133487,62.40628223262955,1.4056548568891303,0.04351979333381713,0.1458697766438566,1.4056548568891305
768,265,0.11572853483237518,0.1572375087736335,37.7465273272649,21.95954737504671,79.52988347423006,1.525182319423578,0.09147502479135002,0.33129089312310556,1.5251823194235783
768,266,0.11392386652182346,0.13871670805832448,33.08166398425835,19.10184120912914,70.70917842838328,1.5599982287411869,0.0800970752754184,0.2964948941432129,1.5599982287411867
768,267,0.13099167663159292,0.07442015198321153,21.959081747922095,13.511760140505627,41.75711359667422,1.2862720664010163,0.045791862098800165,0.14151642477212337,1.2862720664010165
768,268,0.0962306789899254,0.17770703688055695,54.68910359978472,28.9643274887259,139.60224007792,2.0230339374154527,0.09411682537213509,0.45362419189904124,2.0230339374154527
768,269,0.11874813284892041,0.06871988785566259,24.20541343789018,14.253294186250953,49.84822267279497,1.470535860826287,0.040465525638148654,0.14152058508186136,1.4705358608262873
768,270,0.11592755348144639,0.12033104455928194,28.842569052964322,16.793228358667427,60.67562280948305,1.5214454152899244,0.07006125932160412,0.25313837538337125,1.5214454152899246
768,271,0.13528399284748968,0.03485010339946215,12.98507076287523,8.10034636771084,24.108971137328897,1.2328484813026415,0.02174019022624659,0.06470508727551352,1.2328484813026415
768,272,0.09589112580752085,0.08221376409035018,34.73347258129512,18.360051268763435,88.71611997220249,2.0255984638094504,0.043458048145457506,0.2099901223908634,2.0255984638094504
768,273,0.1117564342622898,0.10942874355553389,38.953294476889525,22.284170022043735,84.77156821732096,1.6041620878139118,0.06260134757374339,0.2381427893026418,1.604162087813912
768,274,0.1533498498381374,0.06279959661026716,15.588810611339847,10.224680847396918,26.62040230431823,1.0517621815864828,0.04119017471532823,0.10724041544889393,1.051762181586483
768,275,0.10715746587432329,0.14219494879636488,51.3790855132106,28.78745255203137,116.51726794192324,1.7075005230938718,0.07967114051808845,0.32246908996918777,1.7075005230938718
768,276,0.13221940047911107,0.054190220932386325,13.854141770133571,8.55889765056725,26.160419356696426,1.2704880604061752,0.033477970870905115,0.10232599955627474,1.2704880604061755
768,277,0.11763187490415628,0.05270810604510948,14.238041885532116,8.34713895468173,29.565195953250974,1.4902370121645605,0.030900448863245236,0.10944801933276199,1.4902370121645603
768,278,0.11421858240833356,0.06429019259430223,25.36814854860647,14.666111588178612,54.09316864285193,1.5541952925389635,0.03716814953235228,0.13708766421884014,1.5541952925389635
768,279,0.1327636478957168,0.06153573978216677,14.859953137765098,9.19640279995017,27.97379117679448,1.2636236603683118,0.038082721014208704,0.11584073776122221,1.2636236603683118
768,280,0.11507717583846214,0.0723235107888244,25.186611731033054,14.613371399271447,53.33911878921232,1.5375528794222812,0.041962386022494864,0.15316360828578024,1.5375528794222812
768,281,0.14704547978928315,0.05458370209267657,18.131138389818403,11.70066143231383,31.792644984292778,1.1081479342334988,0.03522478314253743,0.09571159985935368,1.1081479342334988
768,282,0.10823976086660023,0.07683726793477154,18.954791253792,10.67388862162995,42.55396723314766,1.6819008020011796,0.0432688721782686,0.17250153474134036,1.6819008020011794
768,283,0.15180002243911786,0.12223640935483517,29.329632701319547,19.162802171841147,50.400286907903975,1.0650486166728383,0.07986435270147499,0.210052071391897,1.0650486166728386
768,284,0.13248352791868445,0.11909532680156489,31.72254221987304,19.6144826422959,59.81159761147792,1.2671467088157886,0.0736382728766434,0.2245495242685871,1.2671467088157884
768,285,0.11024780011684031,0.045032865626050834,17.053243806165373,9.690990807075899,37.59929352149356,1.636539243303833,0.025591206679433248,0.09928925851489367,1.636539243303833
768,286,0.12995125261512272,0.03477441178580918,11.054348865903908,6.778491204593469,21.14895713950395,1.2999830301389186,0.021323557569462002,0.06652970277407673,1.2999830301389184
768,287,0.10582848479341685,0.13579840762378112,46.26636270459655,25.759865318293354,106.26867793042027,1.7401154511791432,0.0756088978328042,0.31191380518446926,1.740115451179143
768,288,0.14679942124629014,0.04938198934408858,17.694017732312776,11.411047472805224,31.05990772527495,1.1104804205427588,0.03184693455336001,0.08668466684742153,1.1104804205427588
768,289,0.1121478602852309,0.1862058893971438,46.47151589577841,26.630422491828387,100.79834798600834,1.5959867902849616,0.10670496560158632,0.4038871053526904,1.5959867902849614
768,290,0.10801642000576464,0.11313833466765867,27.397378779133717,15.412196975694423,61.634732556064286,1.68711525117044,0.06364515063492243,0.2545225605447547,1.6871152511704401
768,291,0.11459194513063953,0.07000549918482174,25.61840764512377,14.833950616324033,54.46333602827291,1.5469105637208476,0.040535623141136914,0.14882786934868883,1.5469105637208473
768,292,0.11432474709290864,0.1065664052827531,36.69528324135088,21.224124237535307,78.17947333089835,1.5521163501793513,0.06163676705784235,0.2270402270770426,1.552116350179351
768,293,0.14217889065191675,0.10901729503485284,32.03800230192727,20.399671293935004,57.44593517409469,1.1563225300702078,0.06941497048120099,0.19547412489731236,1.156322530070208
768,294,0.1216821487400196,0.061806586360336306,23.51536011437522,14.00361993602242,47.42689315808904,1.4213379280394083,0.036806408267760125,0.12465445366434928,1.4213379280394083
768,295,0.100979365630968,0.1154761276966873,37.10663465549278,20.165386168508444,89.61194631920284,1.8715402459817096,0.06275483427336341,0.2788730547078369,1.8715402459817099
768,296,0.10505025999881318,0.17851967908459546,44.7139090420982,24.80213803481167,103.49187752545859,1.7598492544358053,0.09902220175869127,0.41318992589783576,1.759849254435805
768,297,0.12199203354407244,0.09992816206084627,40.45447702307853,24.11899207544534,81.41662478617909,1.4163483729636772,0.059577251424716565,0.20111034117284682,1.416348372963677
768,298,0.1266726365804097,0.05245812910256313,16.03238967535882,9.721535553810742,31.290419930549067,1.3453318446899334,0.03180895533875225,0.10238254693328619,1.3453318446899334
768,299,0.11263277124346069,0.10857973250977118,33.60127858324345,19.295506906658318,72.58657097764645,1.585983222006431,0.06235182311217776,0.23455745712262105,1.5859832220064307
768,300,0.1078197921191611,0.11586727065900596,35.50297114559441,19.95374263900212,80.01536530510148,1.6917351063321489,0.06512090747369188,0.26113763692242115,1.6917351063321486
768,301,0.09593307246465449,0.09314598999202746,24.87773046532642,13.153463172142732,63.59822066878196,2.0277073733452937,0.049248557889978464,0.23812136859435956,2.0277073733452946
768,302,0.15025031277772652,0.04789280348566476,12.868796263046855,8.374804413549683,22.256347797061775,1.0786978906001776,0.031167861687325285,0.08282972778224071,1.0786978906001778
768,303,0.13856073303067107,0.0647286681495453,20.134127679837007,12.685863932145436,36.74945733386604,1.1951644384285243,0.040783444394089347,0.11814484671326696,1.1951644384285243
768,304,0.14100172307438444,0.08160124459456189,20.664634769249396,13.113589520435951,37.263506689492615,1.1686592789432524,0.051783408606966945,0.14714746027571962,1.1686592789432524
768,305,0.1267708219270462,0.034244324187612855,11.51552433615269,6.985045134641923,22.461036507048373,1.3439241601721927,0.020771798406506725,0.06679357303100862,1.3439241601721923
768,306,0.08406451495989592,0.05730582595941967,25.89367114171444,12.693743242625265,50.82958340226201,1.4727861472759765,0.028092789046956265,0.11249201567819761,1.4727861472759767
768,307,0.1276101968360802,0.1644489128419558,44.296051500152586,26.94728640917123,85.9504470674163,1.332018513163455,0.10004169229426138,0.31909068866935,1.332018513163455
768,308,0.11166423472546068,0.13316711256816496,33.51089521435406,19.16300352991024,72.98488527688093,1.6061009830592834,0.07615081100903047,0.2900306414159265,1.6061009830592834
768,309,0.12821420297930575,0.09976576636696295,33.763257106219086,20.582360297571565,65.27110664115206,1.3235910920261589,0.060818034891247104,0.19286711454372227,1.3235910920261593
768,310,0.11373347235125257,0.07239967066262763,19.06232997405795,10.99802716630683,40.80716689019069,1.5637720973486096,0.04177105033135367,0.15498763517079944,1.5637720973486091
768,311,0.14028753177641143,0.029045928260167317,8.122854423407743,5.144031556490296,14.698805415404312,1.1762827893824972,0.018394170788939405,0.052560396303012916,1.1762827893824972
768,312,0.1222681388848142,0.05522233594456953,15.048539422132238,8.981191624976214,30.228743524538842,1.4119344943412488,0.03295750950870138,0.11092783048693972,1.4119344943412486
768,313,0.13962495471118466,0.08604471984545821,30.113453286262835,19.03330475605479,54.671116660579095,1.1834515147016225,0.05438484121696714,0.1562145952501514,1.1834515147016225
768,314,0.10839282156985901,0.17257676496425603,49.59109485537419,27.945606126444815,111.17668792692076,1.6783473331897247,0.097250571182832,0.386894324431101,1.6783473331897247
768,315,0.12238501459205903,0.07178946357599368,20.12171614745305,12.01415769933001,40.38728734060475,1.4100750370075235,0.04286363698960475,0.1440921674982743,1.4100750370075237
768,316,0.11602023528974999,0.1425216215408663,45.431702520050116,26.46206275299401,95.50516246170099,1.5197119165463053,0.0830128717101995,0.2996046783313567,1.5197119165463056
768,317,0.09348666668515618,0.05723500378755906,14.382913624285573,7.497148618841752,34.91754662239596,1.90645641904258,0.029833964160833584,0.13895000452555192,1.90645641904258
768,318,0.1363961732833206,0.046133737489373286,11.41609410862455,7.1460601797691075,21.071118679544796,1.2197743262518905,0.028878043688135995,0.08515079225171789,1.2197743262518905
768,319,0.11051578035080989,0.13633150385077555,35.94569852684739,20.451572767339158,79.06768238315261,1.63068495030174,0.07756682400823142,0.29988055558969484,1.63068495030174
768,320,0.12279378696006836,0.10178236230302548,28.898106417888748,17.28045448366444,57.842212534113614,1.4036130071602302,0.06086369305943519,0.20372674068745686,1.4036130071602302
768,321,0.1262931902182164,0.0411653561442908,10.485200906683863,6.349448857189986,20.512879494029747,1.3508020268654255,0.024928213188511177,0.0805344597048563,1.3508020268654257
768,322,0.10815330089059313,0.11920442891058933,39.815935490866224,22.412344984257647,89.45900708289327,1.683915278444635,0.06710003799881635,0.2678301970996251,1.683915278444635
768,323,0.13805240934122687,0.06437611649440231,18.57203726863719,11.683889705732689,33.98607431902721,1.2008475048107121,0.040499781145398754,0.11780568000710548,1.200847504810712
768,324,0.13062628923253028,0.04718771636424912,11.887053140663186,7.3054729735970145,22.652271834209007,1.291051590247689,0.029000340328717577,0.08992211658093831,1.2910515902476891
768,325,0.1478534204868948,0.06323357077283621,21.02156252414327,13.595159834401871,36.730700181469345,1.1005623545108172,0.04089470040913177,0.11048718794301078,1.100562354510817
768,326,0.11139550240271025,0.13257573382856416,43.85336435752759,25.047810382165093,95.72984404521792,1.6117813239321055,0.07572353662859277,0.2894066284200663,1.6117813239321053
768,327,0.11928903521844088,0.0441690644228075,17.71571004563969,10.453892558281192,36.33991882818175,1.4611904464010916,0.02606379607062242,0.09060321103170307,1.4611904464010914
768,328,0.12813851993433692,0.06405057275145223,15.722720261917283,9.582218468392451,30.409174507920042,1.3246407550717232,0.039035648469601246,0.12387964752186127,1.3246407550717234
768,329,0.100335557768369,0.13890993685963876,53.119685068558326,28.77046966526982,129.20017118904843,1.8906305900375755,0.07523583996152726,0.33786321584854845,1.8906305900375755
768,330,0.09785861877801266,0.09450983934715841,36.046892845146594,19.265191039585435,90.21225974924185,1.9681881879372256,0.050510597902717246,0.23652374734963927,1.9681881879372256
768,331,0.10608718572186188,0.07503382470253091,22.861344554914638,12.744353273140216,52.378177494015546,1.7336611206603336,0.04182857955475574,0.17191180417597648,1.7336611206603334
768,332,0.13156126936582377,0.06041187831425392,23.247928120872082,14.331547287176987,44.06325182159681,1.2788969571755764,0.03724184306947324,0.11450241042283377,1.2788969571755764
768,333,0.10543383833440205,0.049940909070180124,13.593000054709508,7.553855936235054,31.342454605574485,1.7500624272489056,0.0277529927846982,0.11515270133107453,1.7500624272489058
768,334,0.12734545841007683,0.10959145877629921,30.865688851899254,18.759824362041044,59.98863456803495,1.3357489088877723,0.06660847674866419,0.21299514823252513,1.3357489088877723
768,335,0.0964845852984626,0.2486637950912233,65.79013371264553,34.89361274046263,167.41224621203807,2.0142630208107333,0.13188570502660543,0.6327599920933139,2.0142630208107324
768,336,0.1227694109429813,0.03219414069908802,9.055353125668539,5.41442158074164,18.128106199217886,1.4039965578413178,0.019249680024124485,0.06445014274830313,1.4039965578413174
768,337,0.13653735615100915,0.04016604618351811,14.45772531923785,9.053920354535625,26.665395343392667,1.2181359515402277,0.025153347091072222,0.07408105197844078,1.2181359515402275
768,338,0.10999813502018811,0.12066475861075646,42.419499306990126,24.079172923637284,93.73345670792517,1.6420345577442932,0.06849462242234834,0.2666303259630837,1.6420345577442934
768,339,0.10158429950288024,0.10871372372845658,28.476033783453,15.523688724280571,68.31764878920795,1.8539786989438523,0.05926520596413452,0.26081813403955983,1.853978698943852
768,340,0.11710218172529827,0.16170464125698433,43.60643598424966,25.510431615124855,90.91080239799356,1.499787114142758,0.09459968693897784,0.3371222241932803,1.4997871141427577
768,341,0.12419841318963652,0.07930473502867307,18.988977515691257,11.413458252914205,37.654087827913195,1.3818874425079202,0.04766666776872177,0.15725688523626308,1.3818874425079202
768,342,0.14729858352327363,0.05861146052664431,15.40195129484037,9.946142313477564,26.976997543515903,1.1057595822773216,0.03784961505455916,0.10265979916316509,1.1057595822773214
768,343,0.14018531254537703,0.06847151165572156,25.76484442444912,16.311471832362965,46.646552838286176,1.1773826577868733,0.0433486465236242,0.12396581689952253,1.1773826577868733
768,344,0.11733491172875327,0.10891580445845149,33.14051643684073,19.405805700712868,68.96992828461396,1.4955748404935243,0.06377688600857044,0.2266686228887429,1.495574840493524
768,345,0.10456047505641543,0.13074438332904234,37.28526730753417,20.632218284624177,86.72108845674838,1.7725196825602412,0.07234886192671311,0.3040958547616417,1.772519682560241
768,346,0.11969958342791345,0.05182092027643501,16.271222009447893,9.616799189067988,33.27812553721299,1.4541825029740263,0.03062777852836186,0.10598485408236559,1.454182502974026
768,347,0.1331375379725594,0.11481016269583098,36.29995869708109,22.491952874583404,68.19193130310784,1.2589540062534343,0.07113795336316814,0.21567866764769317,1.2589540062534346
768,348,0.11326891428928107,0.10714506077633701,33.72495023894501,19.41932119460396,72.47081960720618,1.5730638010353306,0.06169569813711129,0.2302417147040975,1.5730638010353306
768,349,0.1095738909603741,0.046563430014683466,14.09161819332674,7.983770690614508,31.255581722959864,1.6514647723968288,0.026381054518050836,0.10327891886926574,1.651464772396829
768,350,0.09855716788571778,0.08630308928912768,31.357036050676953,16.822779803858154,77.83183646414318,1.9456257460586084,0.04630086418746074,0.21421437667278248,1.9456257460586084
768,351,0.13045788039714157,0.05223424842054114,17.85092031205809,10.964593289833147,34.05060679206931,1.293267411352558,0.03208390826463285,0.09963675950341253,1.2932674113525577
768,352,0.1336851826493848,0.1062936766671552,25.71083820803162,15.95860562672463,48.15322704821934,1.2521809347871697,0.06597602352831176,0.19907493893935532,1.2521809347871697
768,353,0.09765121011245588,0.07663885089260794,28.676075231461574,15.30837807150956,71.94353263309375,1.9749967212893795,0.040912729338320034,0.19227420857460636,1.9749967212893798
768,354,0.10412600505201738,0.2785078492643397,66.51457215287436,36.72803836675762,155.38509934303514,1.7839257945395932,0.1537865559702285,0.6506238922546289,1.783925794539593
768,355,0.07393650614863675,0.1758944294877566,77.9533855381261,35.25891700199552,118.37236624822351,1.0661942220017906,0.07955840593207991,0.2670960303342274,1.0661942220017908
768,356,0.11947195636599718,0.09475700560144712,23.180604225424155,13.688396477399927,47.48708575811168,1.458059028661636,0.05595503245170825,0.19411633999783945,1.4580590286616362
768,357,0.13064508680280212,0.07192307473035035,25.2956487002056,15.54701283237994,48.198756855200244,1.2908047708045105,0.04420479502341799,0.13704344301628354,1.2908047708045105
768,358,0.1225574640012797,0.09604376398943856,30.6915901718586,18.336884100649858,61.53041927516927,1.4073410642021396,0.05738195248284371,0.19254828550571934,1.4073410642021398
768,359,0.14630538640748847,0.0253619416516251,7.705407211223753,4.962690886403472,13.555726106970326,1.1151954705327156,0.01633443544848387,0.0446179579022912,1.1151954705327156
768,360,0.10235869755411398,0.1697713556370695,40.60770180519824,22.225164461187234,96.6189262578496,1.8320111330983802,0.09291824289720244,0.40394125650551815,1.8320111330983802
768,361,0.11620173053244744,0.04914024377660416,22.060995528033132,12.859116101526988,46.31085719842972,1.5163296259407364,0.02864331753196405,0.10315612499637884,1.5163296259407366
768,362,0.14378481530162,0.12323743095449453,32.70526209788345,20.918843225002277,58.200741523420774,1.1399357750700072,0.07882476189530217,0.21930751826805037,1.139935775070007
768,363,0.12920070698042133,0.03162353696139561,7.901284487101363,4.832854007391155,15.184100362771435,1.3100713399547141,0.019342669863521195,0.06077175930464417,1.3100713399547141
768,364,0.10293232914530745,0.10521113005751068,27.79682761649636,15.25780994202535,65.7395849467831,1.8160984304122079,0.057750886120922995,0.2488246542802628,1.8160984304122079
768,365,0.14614450910069665,0.02096565089169382,7.065123435254988,4.548336548241063,12.4382435427511,1.116740148535746,0.013497122461090054,0.03691030655202881,1.1167401485357462
768,366,0.12863370956612263,0.05958119963593648,17.46922427823801,10.664627257185039,33.685662789471685,1.3178052537206653,0.03637318266299576,0.11488960056621264,1.3178052537206653
768,367,0.14880705394695803,0.06995472431145391,19.16316417321892,12.424449919598496,33.34584620781558,1.0917506158745616,0.0453551908750873,0.12172830422545226,1.0917506158745613
768,368,0.12084906559691025,0.060340971197969565,16.39153084211031,9.730658635664494,33.25155661019382,1.4349421174319772,0.03582077831092388,0.12240657928964027,1.4349421174319772
768,369,0.13842035154006857,0.06018855191406534,16.524106169078568,10.40695214449585,30.181814679286084,1.1967281214759309,0.03790700525686049,0.10993633792333646,1.1967281214759309
768,370,0.1369399486966095,0.043522336369114865,13.995911464742893,8.775479511798581,25.759376622924034,1.2134898933813345,0.027288638691012886,0.08010255401127667,1.2134898933813345
768,371,0.12898052589953718,0.042590447181438555,15.442139347385998,9.438226308854343,29.714727878657907,1.3130629839340178,0.026031255776860374,0.08195519544000425,1.3130629839340175
768,372,0.12900802217396645,0.07050952103831389,24.735553201750644,15.119761628356455,47.589839876436564,1.3126885816235578,0.04309938580849847,0.13565642897123914,1.312688581623558
768,373,0.12433875314677996,0.10817493342201084,30.794248155639824,18.51849195209997,61.007059241879695,1.3797566050333376,0.06505229885366026,0.2143073777417213,1.3797566050333379
768,374,0.09381316119048685,0.16184043326845812,44.79390807562517,23.39424552431804,109.5075328469414,1.9224330053372223,0.08452343174103541,0.3956508222543955,1.9224330053372223
768,375,0.11827046804531259,0.0954600602581902,38.23341939927422,22.471402436892028,79.01468911153898,1.4788969326588748,0.056105926815232125,0.197281517122501,1.478896932658875
768,376,0.1184115252513579,0.09811028115243997,37.033771047399355,21.778424669480103,76.45572022894409,1.4764171731116111,0.05769564662062611,0.2025473505728969,1.4764171731116114
768,377,0.11575620965592408,0.061090359879426556,21.785108516197464,12.675216361941649,45.89013236507132,1.5246614896792465,0.03554416671943065,0.12868628581823843,1.524661489679247
768,378,0.1235108739270902,0.09403643269550033,31.429606295667796,18.843811068945403,62.607345189871616,1.3924302362947034,0.05638011353504796,0.18731928573355447,1.3924302362947036
768,379,0.11240584565411109,0.0718284031764547,27.752253073244788,15.921135031480102,60.065191780561705,1.5906476721934955,0.04120709417897439,0.15546077648897794,1.5906476721934955
768,380,0.12926976366786075,0.034991775235632815,13.09965564279606,8.01432549252699,25.163557312497474,1.3091360786572601,0.021407851011253684,0.06721684642848624,1.30913607865726
768,381,0.15230100112687525,0.033918633470374396,11.735162779747686,7.67696174239769,20.1246218242288,1.0607147353177784,0.022189044702119815,0.05816703902598873,1.0607147353177784
768,382,0.13861320454213003,0.10395011200656377,29.129492789543807,18.356419120435874,53.153960505289675,1.1945810947090905,0.06550583758511853,0.18968267618105206,1.1945810947090905
768,383,0.13761783490247764,0.05492326939206112,16.915015741944707,10.6275504694788,31.02287002040832,1.2057523245665445,0.03450779037500336,0.10073165011727558,1.2057523245665442
768,384,0.1305162010355319,0.0490420350322216,12.314385367555095,7.565342605985265,23.48167505934649,1.2924991364405596,0.03012897404453654,0.09351576197297064,1.2924991364405598
768,385,0.11127036916372873,0.1821351903905782,47.14558284486848,26.9134464715168,103.02721847096474,1.6144412139287507,0.10397338205120714,0.39801993992451634,1.6144412139287505
768,386,0.09531637237498947,0.25745789148128706,69.31040954950706,36.51705301371373,174.91657898696556,1.9968072165898223,0.13564489855316372,0.6497386742309972,1.9968072165898227
768,387,0.08832805752279035,0.08404712814908882,21.531458281169755,10.867571529157392,46.66253227520113,1.6624494392629259,0.04242110149033798,0.18214520255344996,1.6624494392629257
768,388,0.1394577787384342,0.046406753888143,17.26642121294429,10.907935580302711,31.37339510204995,1.1852751226991205,0.029317128063766726,0.0843218989726033,1.1852751226991203
768,389,0.11880209050971391,0.10472960349738791,25.66558983979379,15.116309405614679,52.834403912747106,1.469597805566563,0.06168278618476436,0.21559318166238187,1.4695978055665628
768,390,0.13390447712320866,0.11241794807050148,39.77216349122017,24.703572653976995,74.3985218894077,1.2494907209762685,0.06982584561646252,0.21029102860174614,1.2494907209762687
768,391,0.13010147630122942,0.10343472274353527,28.857420521814067,17.70414560109634,55.16061299504248,1.2979839055826847,0.06345762575266596,0.197714231152182,1.2979839055826847
768,392,0.0931903639989129,0.08629531628626361,29.138030629323453,15.161492935120036,70.29099821886653,1.8920120575433184,0.04490234240098035,0.2081741213241054,1.8920120575433186
768,393,0.10806323764016058,0.18124457268932392,55.6562016052588,31.315775588600108,125.15320436136331,1.686019276671169,0.10197990882033703,0.4075617521665661,1.6860192766711692
768,394,0.08314051127705956,0.16028009775978436,58.30662024738593,28.393853093502557,111.9542923638401,1.433120954632657,0.07805236404193021,0.307753130752048,1.4331209546326573
768,395,0.11267639319559448,0.09775166239999476,30.4988930305947,17.51724952744703,65.86073884984334,1.5850899661801152,0.05614434137874284,0.2110895206264006,1.5850899661801157
768,396,0.12955278257089928,0.07590081076130156,21.408401492295482,13.110062502861119,41.05483516371649,1.3053180393179853,0.04648008743000285,0.14555478491559043,1.3053180393179853
768,397,0.11486754154917377,0.19065837097643584,52.5910419251616,30.487007715531124,111.56033787998544,1.5415806037808444,0.11052458772847054,0.40443983437419667,1.541580603780844
768,398,0.13131606890789205,0.04914390862258219,21.451039587627665,13.213223653713753,40.71475685438274,1.2820606240702233,0.0302712347900554,0.09327670494797313,1.282060624070223
768,399,0.1141112277698179,0.12239603216102499,33.1367238295458,19.14872977056781,70.71953495978752,1.5563036784957442,0.07072903636754363,0.2612144314530302,1.556303678495744
768,400,0.1283956712387355,0.10603531616193584,32.43849105883006,19.787031835093654,62.64092443968579,1.3210815671688558,0.06468007937654413,0.20476138102699945,1.3210815671688558
768,401,0.10484131965418067,0.1018265696206046,29.592400211109645,16.39777708216813,68.6351797793592,1.765230340375702,0.056424263586895326,0.23617161373756532,1.7652303403757024
768,402,0.12748775018804984,0.13181264089929604,32.47192620202841,19.74579076195065,63.05493318244091,1.333741095339915,0.08015369371020106,0.255957629762875,1.3337410953399147
768,403,0.1359397145176022,0.04292083611527791,17.67309875685927,11.047220149570267,32.69860329044521,1.2251039525522724,0.026829246647256593,0.07941173261893189,1.2251039525522727
768,404,0.11538192912266014,0.12656717316880747,32.50383561116315,18.88261480708012,68.66997778618554,1.5317380869969206,0.073527297109108,0.2673950568153052,1.531738086996921
768,405,0.1298074308900022,0.06655227592686849,23.008577794874373,14.102006279906112,44.056947123499874,1.3019031906555663,0.04079003150172186,0.1274346518763016,1.3019031906555665
768,406,0.13700988545873177,0.03502655913927549,14.498886004262578,9.092778348685355,26.675384281475274,1.2126866800401592,0.021966428212272154,0.06444266992811046,1.2126866800401594
768,407,0.11356391246615838,0.10960339918057124,30.253090045380514,17.442020707628302,64.85314137921382,1.567149689518243,0.06319039659308724,0.23495532958906348,1.5671496895182426
768,408,0.12384092055139129,0.06420066354316173,15.367793030850729,9.224947474335544,30.545419172035167,1.3873476598037817,0.038538243442908356,0.12760688376736376,1.3873476598037822
768,409,0.12600898968977742,0.1322409751913956,34.77679584781397,21.038481842445666,68.15862976669074,1.3549306879922633,0.08000016354486456,0.25917751904171,1.3549306879922631
768,410,0.1218135077975875,0.09352523059733708,27.460615487254852,16.361112076950167,55.333718468214606,1.4192182403687412,0.05572259589504955,0.18845530909348307,1.4192182403687414
768,411,0.16727116786638435,0.05102320829080611,15.515460502535785,10.506432715266051,25.19231919286889,0.9465324264917975,0.03455082140402767,0.08284594255492077,0.9465324264917974
768,412,0.10699209802368956,0.07603644779928634,24.38994501125499,13.654951188943796,55.39801539014819,1.7114866057279599,0.042569754987180394,0.17270511694279214,1.7114866057279596
768,413,0.09387708469347442,0.08747768560966555,25.44790820677587,13.295547165866271,62.29723587449401,1.925568432205376,0.045703705213556496,0.214147975145915,1.9255684322053763
768,414,0.1589632724009312,0.021592727860569916,7.6700483352608035,5.099012520701076,12.818607946525722,1.0064598146449826,0.014354745225134644,0.036086958105363394,1.0064598146449828
768,415,0.12689136156174213,0.11718641026880537,33.49930622647982,20.328429167618573,65.29120880861257,1.3422003231055804,0.07111238735666284,0.22840002508303653,1.3422003231055806
768,416,0.13708275813532614,0.05518476058779158,20.788643232475025,13.040198416044195,38.232935744615766,1.2118509633768058,0.034616026623735675,0.10149173190576928,1.2118509633768055
768,417,0.13972681762002429,0.0654474618837232,17.89567583480118,11.31440060643292,32.4732332731328,1.182343313659769,0.04137864416311496,0.11876001311733765,1.1823433136597685
768,418,0.09832283221924205,0.10875306637358798,38.06906095142707,20.397702039137034,94.75160203434652,1.9531319695560347,0.058270747643639584,0.27067983836514364,1.9531319695560347
768,419,0.07956328925867467,0.09926764129438906,39.11328177346851,18.540008367178054,68.77763123467629,1.2844133907877717,0.0470536558616364,0.17455434361206687,1.2844133907877717
768,420,0.10860403742563987,0.04316936788460519,12.577372076896447,7.094487250555669,28.14234652699921,1.6734703519749288,0.024350438883370594,0.09659309615175603,1.673470351974929
768,421,0.13176324318608956,0.07191336424077893,20.204559871037336,12.463623448430543,38.25077639124058,1.2763036219252264,0.04436132727106423,0.13614461451639842,1.2763036219252262
768,422,0.12335395293149806,0.12636934497695662,31.084635735553142,18.626284956954702,61.98502776267016,1.3948608944490144,0.07572202065962609,0.2519896782251199,1.3948608944490148
768,423,0.11097733316850808,0.13949846653133083,59.22287243769144,33.764265788666556,129.74721905100455,1.6207074954583118,0.07953115252946792,0.30561736284173624,1.6207074954583118
768,424,0.09991226993532681,0.20944440515144253,67.64871174179304,36.55778300570721,165.3212565927419,1.9034135354788326,0.1131850543512348,0.5118443700468029,1.903413535478832
768,425,0.10022404087913928,0.03630122237088927,14.934755266248246,8.084150877510838,36.370282425414004,1.8939802523465734,0.01964977352843236,0.08840357183493829,1.893980252346573
768,426,0.09900580270778624,0.14816136851945297,46.94287966096798,25.245626641992022,115.91240797959475,1.9314277690763453,0.07968038218837234,0.36584336365119763,1.931427769076345
768,427,0.12983011476171533,0.08974708131523697,22.341510496111823,13.69419827285498,42.77390683054673,1.301599932679243,0.05501035062758105,0.17182514562565204,1.3015999326792431
768,428,0.1460069105436412,0.03367459983612203,8.540515235081973,5.4961064939635,15.044957274470347,1.1180649548264867,0.02167072849196271,0.059321118436536514,1.1180649548264867
768,429,0.13268312360412102,0.04219068639044608,16.493762418026403,10.204878530718423,31.06345533193022,1.2646342461205207,0.02610385786032534,0.07945964473701443,1.2646342461205207
768,430,0.09115089412055155,0.11249889525113294,27.639526346056478,14.204096874934578,63.789612179104246,1.7940074183378463,0.057813769543782347,0.25963762217912717,1.7940074183378467
768,431,0.11210230869251542,0.05950898464441112,17.73210752194368,10.15934742646797,38.47634458719889,1.5969335357169654,0.03409478818300391,0.12912668143813,1.596933535716966
768,432,0.1013563309324784,0.16312473403723662,48.895243785822316,26.623859616349737,117.59613581791673,1.8605547116209564,0.08882275008149312,0.3923252425763891,1.8605547116209566
768,433,0.13630126953160465,0.05476042975771906,17.660123553524695,11.051381843874625,32.61224374075788,1.2208783155755463,0.03426807390973454,0.1011238951525316,1.2208783155755463
768,434,0.08988460142431794,0.14705287448713697,46.67329999530502,23.795447903847474,104.74579602247232,1.7344037838928859,0.074971965006153,0.330021026948969,1.734403783892886
768,435,0.15563839113486727,0.08932691153237746,22.737716146045063,14.997375789373246,38.480364555529974,1.0327769339420352,0.05891837384856182,0.15117314765948203,1.0327769339420352
768,436,0.11606211461984275,0.09086933556768688,27.832468603088063,16.214017396362983,58.48958940738254,1.518930017092663,0.05293662623684588,0.19096078766387145,1.518930017092663
768,437,0.11611120139184809,0.0908625485239947,26.484814970861052,15.432020361633212,55.63635776603145,1.5180146604245335,0.05294326958579409,0.1908739503287536,1.5180146604245335
768,438,0.13033137272190357,0.08643110590833836,23.209839474352126,14.250225352386423,44.30551274694139,1.2949373229301029,0.05306640478969446,0.1649892696925263,1.2949373229301027
768,439,0.10886116069846466,0.11757647248643716,29.13861536590833,16.455493469168488,65.04630946730963,1.6675746389442905,0.06639913567725982,0.26246667933217355,1.6675746389442905
768,440,0.15751317907300388,0.10784127788274334,29.025551547554777,19.230615274280055,48.77165673282059,1.0177598661696812,0.07144925815628381,0.18120578270179205,1.0177598661696812
768,441,0.13487156515826385,0.04750641510388426,14.211839588584555,8.854244221828353,26.44528631729586,1.2377737579867736,0.029597392991348833,0.08839958694296328,1.2377737579867736
768,442,0.1347183438738056,0.038140983448391286,14.893438227187447,9.27444779513819,27.736567671022826,1.239614358636321,0.023751168430779207,0.07103127916591531,1.239614358636321
768,443,0.17681645931998136,0.025446617518713587,10.004674929483127,6.906180656881728,15.773988546922302,0.8863664189535755,0.01756568193664306,0.04012070918118654,0.8863664189535755
768,444,0.07634079448555733,0.12687140590011375,44.04832415621831,20.340787323189296,71.30832580139476,1.157082351134359,0.058587116178491994,0.2053877808091172,1.157082351134359
768,445,0.07934601638251318,0.242524708034313,79.92831413024696,37.82210601194919,139.7810850159319,1.2756302958903367,0.11476277609012632,0.4241346411606545,1.2756302958903367
768,446,0.11496774317620444,0.04332372853640316,19.38971546274888,11.244887705829159,41.098313014810486,1.5396525733621573,0.025125199146197968,0.09182868927491462,1.5396525733621573
768,447,0.11791943288528065,0.0479834123454308,14.551480451241686,8.540652166834432,30.151163081539913,1.4851073735842075,0.02816274508929051,0.09942326457322129,1.4851073735842077
768,448,0.11774692456748033,0.04419150963544659,19.152260351064747,11.233272842977827,39.7352853592068,1.488180089126892,0.025919409823105165,0.09168433457103596,1.488180089126892
768,449,0.11504538636486077,0.1215441805350511,32.68809726548623,18.9632655477007,69.24286074667023,1.5381621876185896,0.07051112680386734,0.2574657894279703,1.5381621876185896
768,450,0.14565014030869183,0.022163786105754136,9.43517960213045,6.065973530532788,16.64767553046567,1.1215156940460942,0.014249324922605338,0.039106358879689364,1.121515694046094
768,451,0.13992522070311075,0.09403277380922219,25.447720422327105,16.098472754694075,46.1316485819072,1.1801912049011223,0.05948603733825695,0.17046268996035757,1.1801912049011223
768,452,0.080367143576274,0.11022879493440713,42.71312999437189,20.373128064849325,76.63302379526316,1.317156943024942,0.05257646433142682,0.1977650869005537,1.3171569430249417
768,453,0.1254424663144693,0.04419489971645647,14.851499939483205,8.966519944014172,29.212717153223966,1.363242587732476,0.026682453041514308,0.08693082249555369,1.3632425877324756
768,454,0.10914890837027623,0.10324455202525643,26.55721291064466,15.017365140430272,59.12968831577577,1.661029842392249,0.05838192214447208,0.22987420412284212,1.6610298423922492
768,455,0.11898252100669796,0.08068606044128664,22.28739744564718,13.135912558787641,45.81972114491797,1.466470397265411,0.04755535217849295,0.16587907128760754,1.4664703972654112
768,456,0.13023010037646665,0.03654899213302018,10.535768509489865,6.466505274404197,20.123784730246072,1.2962774802370018,0.02243255916162647,0.06981019458901988,1.296277480237002
768,457,0.14927844013738162,0.07373973340865128,18.878695070186065,12.25508638712518,32.78473127628924,1.087450420319847,0.047868075612585,0.1280563797020963,1.087450420319847
768,458,0.14284313703362356,0.08886594079066884,21.44927655603486,13.683173989904079,38.33876736323117,1.1494836811356288,0.056690402887882824,0.15884035163552165,1.1494836811356286
768,459,0.14912627218958152,0.02200282692896404,7.9091958764968835,5.132211464991098,13.744017584412086,1.0888345988511923,0.014277451512183273,0.03823489074497405,1.0888345988511925
768,460,0.13468456082107697,0.03971826930883931,13.116659233496165,8.167147268261544,24.43207986714802,1.2400209770907615,0.02473076024246919,0.07398224735917013,1.2400209770907618
768,461,0.11999753837007876,0.05746093868178623,24.938799300817436,14.756546261480555,50.89640370667594,1.4491418375547378,0.03400023351798188,0.11726928378692567,1.4491418375547376
768,462,0.10984638860672646,0.08881878817388919,27.247976099063095,15.45661739476322,60.29027898597699,1.6453941910480223,0.050383119145408,0.19652503726265005,1.6453941910480223
768,463,0.12363583725185961,0.04811395375662963,17.046283994490484,10.224867273441872,33.927744401116975,1.3905011283008126,0.02886017804942494,0.09576268503503158,1.390501128300813
768,464,0.10928025288447347,0.07952048382425361,32.262595567455236,18.254481947012888,71.74782958302409,1.6580608811887534,0.04499344243250747,0.1768432459147054,1.6580608811887532
768,465,0.14041285478645468,0.07511794495970484,25.485316537678347,16.145195739242542,46.08884559518165,1.1749373334904203,0.047587948264682024,0.1358468262129178,1.1749373334904205
768,466,0.14137440844950327,0.04637956314346998,13.932207060642872,8.850740378050777,25.07790325179914,1.1647230624061364,0.02946363562093973,0.08348298243846086,1.1647230624061364
768,467,0.13573314362212147,0.11117092127145092,36.15107518211467,22.583164280193245,66.95977980348155,1.227532384576023,0.06944720635849005,0.20591311244234753,1.227532384576023
768,468,0.11914580799009342,0.12292496763444483,31.965105809102077,18.851833217144186,65.6376409456085,1.4636525218428036,0.07249658430373572,0.25241602317933587,1.4636525218428031
768,469,0.10010970774764717,0.12014450315964575,35.08873258646401,18.981995486045918,85.5603346479336,1.8974278708365557,0.06499472191051418,0.2929602507334367,1.8974278708365557
768,470,0.162129169026455,0.02838986177524736,7.369661007770518,4.934839007069635,12.176956541389629,0.9826934409444283,0.019010290588140494,0.04690882154399502,0.9826934409444282
768,471,0.11517863128959945,0.17031187155644226,47.10098904587663,27.3396553349207,99.6684887448418,1.535611775359375,0.09885711451331063,0.3603900299588768,1.5356117753593752
768,472,0.15585989985254145,0.029507561859208244,8.539284108115137,5.635362035728283,14.439176589442368,1.0309780588454198,0.01947303682170027,0.04989468566856793,1.0309780588454198
768,473,0.12482919170072058,0.04900511918737861,14.85058242258845,8.946353296474397,29.326780096465097,1.3723654884397727,0.029521879823330825,0.09677481415296693,1.3723654884397725
768,474,0.11767553502843428,0.10427939398385933,32.94559423358776,19.31791455230235,68.38891792688284,1.489455707693777,0.061145062622435284,0.21646460118654268,1.4894557076937773
768,475,0.09017212857450632,0.3103148165529118,78.25842920114111,39.97135861503111,176.75563536786584,1.7478535941638889,0.15849672607296808,0.7008815935072829,1.747853594163889
768,476,0.12477453969000335,0.039311375537586145,15.31696233636064,9.225502853431452,30.258523967208646,1.3731848816946761,0.023677488997501002,0.0776592755643362,1.3731848816946757
768,477,0.12568385118471045,0.034133296911672564,12.243920905906634,7.398542701145588,24.046450343945082,1.35968761728674,0.020625472564925112,0.06703609371289802,1.35968761728674
768,478,0.10402762802974144,0.05156010565881386,21.461469779982142,11.84484518800885,50.18641766742022,1.786530599836824,0.028456646989558486,0.12057035347984925,1.7865305998368244
768,479,0.12598179758976574,0.033809766904783496,10.626918528284634,6.428216930421413,20.831168069682178,1.355327144075287,0.02045150863370858,0.06627480345461995,1.3553271440752868
768,480,0.10316491388605073,0.043454167458921174,11.81348194171899,6.492058899982494,27.871287887610304,1.8097313809002955,0.02388009022105207,0.10252046070235817,1.8097313809002953
768,481,0.11409002132957649,0.12082744639784691,37.48474785473342,21.6593928215137,80.01268302026742,1.556720894185903,0.06981637265624253,0.257910983054898,1.5567208941859028
768,482,0.10424678781960486,0.05861085477812963,22.85596397094705,12.628130472400636,53.328636034578025,1.780738962220675,0.03238303675040659,0.1367536694628798,1.7807389622206746
768,483,0.14126870798576657,0.05473229558535029,14.277536927961082,9.067364613864658,25.71263904495208,1.1658365525561605,0.034759334381708196,0.09856824518041774,1.1658365525561605
768,484,0.10510726422489032,0.08111765221091263,27.474949510013722,15.244164398870732,63.555767264148464,1.758387321063856,0.04500721013164673,0.18764346129378298,1.758387321063856
768,485,0.12107960206449363,0.07749074001447076,22.28833695927161,13.24280700902097,45.140746300744794,1.4311493652492886,0.04604178933910875,0.15694261272351623,1.4311493652492888
768,486,0.12967241760179848,0.09781078302064056,26.9674523789474,16.520938580193057,51.67871162833184,1.3037113240843357,0.05992134207034302,0.18743836751190798,1.3037113240843357
768,487,0.11008614709426962,0.03789265218635685,11.025594389265995,6.261080471738086,24.344078326012728,1.6400927891814527,0.021518018553025757,0.08366548416683044,1.6400927891814527
768,488,0.13077976081333195,0.07995850653183835,32.00268765918742,19.677994599726233,60.930720495518166,1.2890394186611067,0.049165341251705366,0.15223500802851656,1.2890394186611065
768,489,0.1245418837645181,0.04675799220238561,11.737396054210166,7.063596956741789,23.222293243795967,1.376684931855742,0.02813908723014055,0.0925101105389931,1.376684931855742
768,490,0.11202537634531105,0.03251537744162299,12.052257658577613,6.902857101040371,26.16881599181424,1.5985352650556928,0.018622984209616066,0.07059996170664677,1.5985352650556928
768,491,0.10349945593883492,0.06519349876147258,28.95529775228686,15.93892919181029,68.07750398784209,1.8006575253371018,0.035886854606543124,0.15327801875444377,1.8006575253371022
768,492,0.08908860235323782,0.2011043373460415,68.9965530261146,34.997434202133924,152.11399941897054,1.6974263217542043,0.10200706419881524,0.4433668598289231,1.6974263217542043
768,493,0.12657592017420718,0.06223994073079265,24.160688557198213,14.645326294786122,47.183047070096826,1.3467215844565288,0.03772757710992621,0.12154744870737974,1.3467215844565288
768,494,0.07525480172757118,0.08710507770805052,37.672698932121065,17.23683952635479,59.264232685559094,1.1155928391254781,0.039854225711027313,0.13702802665359679,1.1155928391254781
768,495,0.1128446906603261,0.05258158602056043,20.603636812060742,11.842392493523542,44.430214830038146,1.5816538911925824,0.030222420695308626,0.1133882908298055,1.581653891192582
768,496,0.11850445913004935,0.09193798274205633,29.82202555562956,17.543833088860946,61.52500813735697,1.4747883226930445,0.054085683105074535,0.18967474646501384,1.4747883226930443
768,497,0.11805054024414942,0.17025867959925847,52.00007335983046,30.536092517934662,107.64082664029559,1.4827812566496024,0.09998129726179492,0.3524376761534854,1.4827812566496024
768,498,0.11990324444104407,0.06460722636839947,24.089910892520013,14.249077764754594,49.19710567437415,1.4507329672386218,0.03821489406066149,0.13194272727514697,1.4507329672386218
768,499,0.14500733902439114,0.03809070117408122,13.588690006571928,8.72097797488283,24.04617929531695,1.127790928560616,0.02444593009527401,0.06740427734191602,1.1277909285606162
768,500,0.13234182969920197,0.06848993247689894,20.51174888874418,12.676894444428134,38.70500967865583,1.2689369090565756,0.042328894002407795,0.1292382972211375,1.2689369090565754
768,501,0.10936465978448784,0.07570406957947245,26.04736937947531,14.743486925855207,57.88207152273189,1.656158975918268,0.042850467692851835,0.16822844204043627,1.6561589759182684
768,502,0.09185350758755066,0.23486988700495473,64.19271965910792,33.13232952577448,150.4439631780844,1.8274912525172202,0.12122537467261627,0.550448038653879,1.8274912525172204
768,503,0.10116010963174588,0.14187657889591365,40.82240961064389,22.20555189775752,98.39059934824681,1.8662555242850014,0.07717446779349506,0.3419524169246508,1.8662555242850014
768,504,0.11382479397839823,0.15947113597226284,41.45686520636035,23.927803137785652,88.68174822198331,1.5619595153148012,0.09204251041918941,0.34112996866912587,1.5619595153148014
768,505,0.09611904624640401,0.10715150950661664,36.03684397235971,19.0736933094504,92.11736164808626,2.0269163524602876,0.05671348555221546,0.27390063236198076,2.0269163524602885
768,506,0.10196594856447122,0.10886109762790265,37.323895507465316,20.387006900635516,89.17798779704086,1.8430814887113314,0.05946195911160734,0.2601018329903917,1.843081488711331
768,507,0.12222611571665021,0.06312402558988736,26.876795002765697,16.03796147774145,54.00423945781425,1.4126043665610415,0.03766746334994193,0.12683673753312774,1.4126043665610417
768,508,0.1247600105836131,0.049787104834554015,14.393086475221208,8.668594506877623,28.43610111508313,1.3734028932735707,0.02998552285676601,0.09836327668425705,1.3734028932735705
768,509,0.1407836593559281,0.060651319338442096,17.311289017259956,10.978668388638127,31.249767010444934,1.1709756911571298,0.03846453731355617,0.10948575789548019,1.1709756911571298
768,510,0.13398462321941407,0.08379544320801634,22.97691394562555,14.275204629795962,42.962125791695854,1.248510623741159,0.05206082512515205,0.1566803261914594,1.2485106237411592
768,511,0.1252085376294154,0.020164447460534186,8.87883447895341,5.356088811067624,17.49085365259778,1.3667069557715799,0.01216404829718809,0.03972293890079073,1.3667069557715799
768,512,0.12303029299388545,0.05786032294815077,14.570048538220878,8.72017894209553,29.11683892179093,1.399903365194005,0.03462942271137561,0.11562828351770378,1.399903365194005
768,513,0.12072174614095262,0.14209395231624566,37.114122781332654,22.021743185550655,75.3564482717404,1.4370460916030483,0.08431174689388372,0.2885073057103745,1.4370460916030485
768,514,0.1375276385553105,0.05321719059414362,13.541204486099177,8.505502073452856,24.846698967832086,1.2067757274586914,0.03342678455276886,0.09764799844532435,1.2067757274586912
768,515,0.14206611522581086,0.06140869691767433,26.22772259498482,16.69471553238345,47.053102675758225,1.1574923073641097,0.03908843867560812,0.11016853296307028,1.1574923073641097
768,516,0.12411217841869415,0.060489025740685924,22.28156928556408,13.388312442080604,44.208185978341895,1.383200309694033,0.036346002633577845,0.12001444177118495,1.383200309694033
768,517,0.1285085390465525,0.05222640389206103,16.34847157869088,9.976179120307695,31.548410605143218,1.3195258884600234,0.03186964344213375,0.10078373543887759,1.3195258884600232
768,518,0.11005171242692569,0.10807731363103043,27.272186097647708,15.484609385568776,60.23422809321543,1.6408519121797287,0.06136416710512475,0.23870303383984928,1.6408519121797287
768,519,0.1477122951248838,0.05777195598130603,13.838405944432838,8.946288783340796,24.194542242925163,1.1018793292242384,0.037348564846454865,0.10100628895110858,1.1018793292242384
768,520,0.14993281447560775,0.04983634509057089,12.902490077040039,8.38986232194098,22.34442940967762,1.081540617695864,0.032406153497662675,0.08630618495062296,1.0815406176958642
768,521,0.12512412753466867,0.0445773295084174,10.906100686894469,6.5770397994766,21.496167845932618,1.367961700957326,0.026882831797395527,0.08786291129586539,1.367961700957326
768,522,0.13739022186238514,0.05833655887135815,25.728272565214155,16.153739427501776,47.24220185677766,1.2083385058392517,0.03662716059604963,0.10711747097847009,1.2083385058392517
768,523,0.10071491128517301,0.15569848320791232,69.59865317994333,37.770837500262495,168.569758368405,1.8793312067400123,0.084496780319567,0.3771057986542824,1.8793312067400123
768,524,0.1244940333662457,0.031601160165836965,11.93610130693541,7.181940259837822,23.622811888397074,1.3774071789258664,0.019014386575349793,0.06254205145015976,1.3774071789258666
768,525,0.1346119943421763,0.09051458263532024,21.829842884136387,13.589360127673613,40.67791110510166,1.2408953706722794,0.05634650083218411,0.16866562740268648,1.2408953706722794
768,526,0.13447965544041784,0.0654242601676334,24.191177603565272,15.053069522457204,45.11044844621085,1.2424934170763073,0.04071054137577697,0.12199975395114913,1.2424934170763071
768,527,0.09441279364038277,0.0933884870600301,32.18931635039468,16.8706980845757,79.70231743355599,1.9519401612954699,0.04894571082575212,0.2312344493208472,1.95194016129547
768,528,0.12023449760445924,0.10973089969194814,27.10299225064087,16.05171930213662,55.219878542515026,1.4451599616072741,0.06498801255364756,0.223566715339595,1.4451599616072741
768,529,0.13018095930821416,0.11056176834662512,33.02411872123124,20.265795160188524,63.0957275419996,1.296928852011293,0.06784805277545293,0.21123880007357995,1.2969288520112927
768,530,0.13425756009835912,0.0923143316598538,26.99831522030409,16.788092507053474,50.40599744235066,1.2451852888218313,0.05740289818036227,0.17235134591063164,1.2451852888218313
768,531,0.11981065567045943,0.09192018938714568,38.63014369234387,22.841409666943534,78.9439289286837,1.452299005371268,0.05435099385537487,0.18784659347586513,1.452299005371268
768,532,0.13180634197623323,0.09638692042463767,23.901653251006454,14.746325484684187,45.23890028562326,1.2757517013872288,0.059466719147898715,0.18243249687110566,1.2757517013872288
768,533,0.1197414856432108,0.040159185067186555,18.063042823560302,10.677548911779095,36.93166378001676,1.4534713295366517,0.02373917102453918,0.08210939513725128,1.453471329536652
768,534,0.12774045602084028,0.10758700421471078,31.19180454060143,18.983899846935273,60.474966437012,1.3301912858574456,0.06547940854737387,0.20859070402529042,1.3301912858574458
768,535,0.11093154745488192,0.09004631053763064,21.671337424350448,12.352809720048073,47.49702996615913,1.6216913408686144,0.05132700941723492,0.19735433149327677,1.6216913408686142
768,536,0.11313775272649786,0.0469174858245527,13.30925188625315,7.659378849030618,28.630885219439115,1.5757088790294465,0.02700067604441742,0.10092897503990331,1.5757088790294467
768,537,0.1053277676517992,0.12739241032335874,30.44949797771333,16.912620271372038,70.28318982564552,1.7527569614887115,0.07075779912137589,0.2940457331564693,1.7527569614887115
768,538,0.10870492853054844,0.08714706004425044,39.31314839240094,22.185521875647318,87.88375235505467,1.671151590904038,0.04917955152591611,0.19481549956147493,1.6711515909040378
768,539,0.1027310106336606,0.12474894131875608,51.18485909001655,28.067099424299077,121.30794025684366,1.821648872151158,0.0684057942391113,0.2956545624944743,1.821648872151158
768,540,0.1201559915664456,0.02686304304880012,10.064822547630266,5.959086382489609,20.517616255941743,1.44647655778888,0.015904820305254874,0.05476158234621778,1.4464765577888803
768,541,0.10640452917683932,0.1259078458906162,36.270137187748595,20.249850556880244,82.84536771576765,1.7258141824738136,0.07029515907331338,0.2875887051960661,1.7258141824738136
768,542,0.12027335205392896,0.03697691649148097,13.348265387814411,7.906673531793768,27.18836710451467,1.4445093060798069,0.021902801481414925,0.07531630146349508,1.444509306079807
768,543,0.14645564371979025,0.031803381426867526,14.32919795247143,9.232503976471007,25.19174690362266,1.1137568885632627,0.02049136640185333,0.05591260154563196,1.1137568885632627
768,544,0.08105695964168774,0.09197183278112328,26.00062716779256,12.467229774378229,47.45281083397161,1.3455668139778816,0.04410024283850013,0.16785448884950266,1.3455668139778816
768,545,0.13387790619098783,0.059898043513919384,15.655714758546635,9.723372505509541,29.29013560787591,1.2498160195263297,0.03720117531645196,0.11206270963843357,1.2498160195263297
768,546,0.0931783085110054,0.11104149597566527,31.287523519337338,16.278772234201675,75.45679121501081,1.8914254732955775,0.05777444227618951,0.26780115635741114,1.8914254732955773
768,547,0.15960046113940907,0.07208109281830051,18.769386350058053,12.496218459881456,31.295232004448845,1.0015784849838334,0.04798990579048365,0.12018477753141617,1.0015784849838336
768,548,0.08380098093498278,0.08701870353363807,26.30657331458131,12.871872733233579,51.31684934914922,1.4614209215385043,0.04257847131595518,0.1697494252251704,1.461420921538504
768,549,0.14228072724386,0.10055697190228813,36.773099587469574,23.42144019848046,65.9042399164928,1.1552683944131907,0.06404652124435689,0.18021681272096562,1.1552683944131907
768,550,0.12187129839168682,0.10768398662022939,41.69753294807737,24.84888321828491,83.98798799021938,1.4182878599934368,0.0641723051418277,0.21689919608099473,1.4182878599934368
768,551,0.1433624034076854,0.053598105247985584,16.517034908581753,10.552121994327841,29.450873675848097,1.1441975987894193,0.034241844760388086,0.09556866808479575,1.144197598789419
768,552,0.09850836320294114,0.203161075906563,60.124296058566784,32.24761756804444,149.32067920524074,1.9471839058731932,0.10896527876460364,0.5045572560697451,1.9471839058731923
768,553,0.10754947960885762,0.11553917197358354,46.13494190169302,25.896636440743094,104.23981834976908,1.6981311491832836,0.06485487589081773,0.2610555427700042,1.6981311491832838
768,554,0.1325434332352849,0.0747855527358874,17.863136436831,11.047155683864345,33.66887994558752,1.2663915064255296,0.04624986473673047,0.14095765352479683,1.26639150642553
768,555,0.13668217611592925,0.07238346432135155,32.013779678141056,20.056987094072696,59.00047845938532,1.2164602791935613,0.0453490410789858,0.13340065029633427,1.216460279193561
768,556,0.08492812847247676,0.19922874581016273,60.267367735596075,29.72560262634632,120.74880191092738,1.5103231268356772,0.09826535905268009,0.39916514138023534,1.5103231268356772
768,557,0.12843562874940645,0.04239079066662725,11.809074360133717,7.2043539743931655,22.798595342382846,1.3205303728659985,0.0258613208709888,0.08183964747607457,1.3205303728659983
768,558,0.12265084576422501,0.12404832064893752,49.938167579509575,29.8461909867852,100.05253229347628,1.4058653873294673,0.07413908137064486,0.24853432172733336,1.4058653873294675
768,559,0.1273818712492673,0.04072796291291002,16.916798977621685,10.283138987593999,32.87103232981276,1.3352344833144296,0.024757124788741074,0.07913850530520974,1.3352344833144298
768,560,0.13116860173650868,0.08997040489667352,27.465874950757147,16.9100073603932,52.1754062634789,1.283971436057002,0.05539238097267917,0.17091181095049102,1.2839714360570023
768,561,0.114493615126744,0.13196863784140042,56.895100873930986,32.930722470649364,121.05110144928015,1.5488219130481768,0.07638307201905366,0.2807789901429335,1.548821913048177
768,562,0.11779785371906425,0.06276494663804447,16.40215510087398,9.622216403951654,34.01667437738898,1.4872715093480295,0.03682064310570757,0.13016916002622053,1.4872715093480302
768,563,0.1371673894895448,0.046870572377820253,14.867273675090436,9.328264734921339,27.330778057891273,1.21088194893005,0.029408290785024462,0.08616302081334641,1.2108819489300497
768,564,0.1256203471332375,0.04528494878903837,15.081391511233306,9.111068718683198,29.631125585092626,1.3606209248745484,0.0273578389654336,0.08897348786967156,1.3606209248745487
768,565,0.11494258548412825,0.0910117365967166,31.558249633504577,18.300007233153273,66.90400845908478,1.5401361542666134,0.052775913029521115,0.1929463790247142,1.5401361542666132
768,566,0.1336325677765718,0.04289043196371737,15.842783590003592,9.831904344118467,29.680191160863224,1.252828248519947,0.026617457844420052,0.08035180259978804,1.2528282485199471
768,567,0.08614772980089783,0.28987016149888056,76.28390030914419,37.94458129867171,157.2599247897223,1.564096002007231,0.14418510150214375,0.5975698622037332,1.564096002007231
768,568,0.13926564558774687,0.04307769513208962,17.849638856474872,11.269997853511963,32.464274226370875,1.1873784418428606,0.027198619287290803,0.07834814581141317,1.1873784418428608
768,569,0.1200718998082059,0.09513901828438757,24.061657463741117,14.241602848492374,49.08022912043207,1.4478897110242122,0.05631083876260271,0.19406164445351187,1.4478897110242122
768,570,0.11907511482499923,0.07443619518892078,24.319794639505236,14.338961494177102,49.964324567185784,1.4648710485054264,0.04388761304970871,0.15292704034285765,1.4648710485054262
768,571,0.12582600603814925,0.019599759336408968,7.283555853996465,4.40339501753919,14.291575173462414,1.3576033951188289,0.011849360990285386,0.03845806080890617,1.3576033951188293
768,572,0.15203173570778625,0.02685025877422366,7.7799891656071605,5.086103453968396,13.356538551052926,1.0630394106003995,0.01755313419910998,0.0460960174609289,1.0630394106003995
768,573,0.1378783643077586,0.04878127247742283,14.61929944007983,9.192374613207766,26.77656600774014,1.2028067053831655,0.030672860389744074,0.0893473020227115,1.2028067053831653
768,574,0.14664434868412385,0.05671266031865987,18.60478431970127,11.993413956699671,32.68111223563609,1.1119558240204634,0.036559327971736694,0.09962130090876477,1.1119558240204634
768,575,0.15130659726058024,0.06873545015900849,24.59186289944595,16.04726444611348,42.344679070570216,1.06935431170809,0.044852882843174645,0.11835543283790688,1.06935431170809
768,576,0.09672124458679097,0.10846249234674707,32.251761301221684,17.12838034898078,81.83062350385502,2.006161541088404,0.05760264703568696,0.27519592783232627,2.006161541088404
768,577,0.11129761821728971,0.12125956815672323,42.15321960646673,24.06639515054562,92.09584012938257,1.6138611857871124,0.0692303152710197,0.26492642572446223,1.6138611857871126
768,578,0.10560377548532407,0.07130640615607696,25.642889614419587,14.261860609089114,59.02829759310338,1.7457641341185306,0.039658635997138265,0.16414280239730622,1.7457641341185308
768,579,0.10565995983269155,0.02297928566746353,9.899955632201657,5.507568433556659,22.776536884070484,1.7443480649895973,0.012783894501116805,0.05286776699,1.7443480649895973
768,580,0.13228193897767104,0.03117326413029922,14.004005818215827,8.653232485351866,26.43405147195413,1.2696952013168772,0.019262310038166395,0.05884285391379085,1.2696952013168774
768,581,0.11544379121547949,0.10199874037419623,41.75575958034166,24.263564564313132,88.1734079868585,1.5305635453613857,0.05926974020879907,0.21538529389832434,1.5305635453613853
768,582,0.08930287586146973,0.07574440029209198,33.0057985721235,16.76482626933414,73.1170454608429,1.7073430012114146,0.038473291564117,0.16779496328377608,1.7073430012114148
768,583,0.09012846469726406,0.12676292476928577,36.543559015251105,18.659868078923207,82.45790317018373,1.7458079292341235,0.06472767068216237,0.2860313898772902,1.745807929234124
768,584,0.11532781588898179,0.17416435761413127,55.77452337283885,32.39414146161012,117.88349627946313,1.5327671067017083,0.1011555903473686,0.36810898885814225,1.5327671067017086
768,585,0.09979284716298457,0.13189064029364445,32.24529015927256,17.414512760862962,78.9080198001707,1.9070539212259028,0.07122935557680443,0.3227519183217941,1.9070539212259028
768,586,0.13821183154200475,0.05706786149250296,13.797844171805663,8.684531342429784,25.22895947369553,1.1990589200211739,0.03591920778390888,0.10434693615302741,1.1990589200211739
768,587,0.10167643163455173,0.05606605930639138,21.808374942173508,11.894459037361981,52.26907331960831,1.8513352961558371,0.030578869245161483,0.13437594375545028,1.851335296155837
768,588,0.16045863889959527,0.03958930115086342,16.888018636759405,11.265815791545899,28.070801501218945,0.9950833233387354,0.026409597459281713,0.0658042508171409,0.9950833233387353
768,589,0.16472342339745816,0.061104812872608355,19.276806665903592,12.982241983645677,31.566806501137656,0.964089376398839,0.041151912805180615,0.10006241374250137,0.9640893763988392
768,590,0.1551029342672969,0.050724999056920156,19.067089834769668,12.56000261476072,32.33549536590815,1.0371531745282891,0.03341391509190152,0.08602350889173074,1.0371531745282894
768,591,0.1232592303888262,0.04360978583471334,13.927296235378872,8.342505300904703,27.78964251941213,1.3963325608819002,0.026122433482331814,0.0870161974164283,1.3963325608819
768,592,0.12292972357086757,0.043189998080108,19.06385955171902,11.405501443918949,38.12308545983304,1.4014782234117396,0.025839656661817437,0.08636949844028362,1.401478223411739
768,593,0.11296204195243736,0.09312870252181071,37.5992544310826,21.621860843263118,81.00114129603148,1.5792674974874135,0.05355467487077668,0.20062980784664644,1.5792674974874135
768,594,0.15423393179726988,0.0501462400888293,21.578555293247597,14.184246060494697,36.71960161280641,1.0443403298349412,0.03296266125152389,0.08533240216587404,1.0443403298349414
768,595,0.127272829595451,0.05689054682900055,15.204296687137107,9.238679393948237,29.563422214825717,1.3367762573373283,0.03456874944726569,0.11061868171521104,1.336776257337328
768,596,0.11824424987621901,0.16356512897385103,41.564974093067725,24.426970595324317,85.91648232429975,1.479358836872961,0.09612421715742263,0.3380957361091548,1.479358836872961
768,597,0.12934668449772652,0.06844423998824153,16.601892198568244,10.159614044448494,31.876482887911582,1.308096003980556,0.041884807679097615,0.13141644450320253,1.3080960039805558
768,598,0.1361059017581399,0.08659847277182549,21.989666962829276,13.752480574530034,40.64931226207175,1.2231577555497943,0.05415924745889224,0.16008284104851825,1.223157755549794
768,599,0.11300376113149303,0.11336165073967616,32.2101253060346,18.526089139229104,69.36722721089882,1.5784209961500704,0.06520148638415675,0.24413389606989275,1.5784209961500701
768,600,0.14467278000057016,0.05496603735645895,13.19593131222977,8.46112762456086,23.38687238595694,1.1310868788444775,0.035243791899580094,0.09741515553554621,1.1310868788444777
768,601,0.10549476576665942,0.10937999941558599,42.162190629216965,23.437119953365077,97.15849993835346,1.7485187293352344,0.06080215777558853,0.2520551353684176,1.7485187293352342
768,602,0.12164286546337846,0.12286556183838968,29.5267460540632,17.580864716186994,59.56710500503616,1.4219731565399298,0.07315681914302187,0.24786834994040877,1.4219731565399296
768,603,0.13779738071313224,0.03216222969847051,13.815439479065832,8.684807081248891,25.31473715820178,1.2037206707866064,0.020218159592916347,0.058932500299552194,1.2037206707866066
768,604,0.10949270442330689,0.15566002498668835,38.188635859818014,21.628284689438175,84.7648997284523,1.6532828056695872,0.08815866970308688,0.34550871254367704,1.6532828056695872
768,605,0.1300195214180199,0.13658878170539748,35.096109510662416,21.525724996650435,67.11815819560361,1.2990737102954932,0.0837748854107223,0.26121378084549424,1.2990737102954935
768,606,0.09949314743246859,0.16461888156392315,49.47117203988113,26.674966124492798,121.47441800030103,1.9162564371708386,0.0887628675065466,0.40421485898327825,1.9162564371708386
768,607,0.139516003478257,0.08047734810047552,21.380096853964382,13.509033533606935,38.83673659574933,1.1846393042623673,0.05084968518201519,0.14618631484464287,1.1846393042623675
768,608,0.12501646955244772,0.08917260613139996,22.242232794788,13.408254431536918,43.8704521780028,1.3695656379248067,0.05375579881590013,0.17588353601766843,1.3695656379248065
768,609,0.138742373116888,0.07266272102820218,25.38517193486474,16.003017775075243,46.29127695054093,1.1931476868930286,0.04580716723854835,0.1325045247567012,1.1931476868930282
768,610,0.12695032423958263,0.03833945989448156,14.880060163801511,9.031541006082657,28.99104117114232,1.341358834933667,0.023270363182430115,0.07469733643847794,1.3413588349336667
768,611,0.11466803177448577,0.055469610148834454,21.69948228849305,12.568743366120017,46.10388461097937,1.5454350845339107,0.03212902894688569,0.11785371059631272,1.5454350845339107
768,612,0.11813938067964525,0.07422620578550156,29.985397231810758,17.614566795601004,62.02922258756542,1.4812095183733642,0.043603306292227084,0.15354786881445204,1.4812095183733638
768,613,0.11704732543114822,0.14351423938561284,42.433629052504216,24.818851199764016,88.502550993155,1.500783723084196,0.08393952230556709,0.2993233568063037,1.500783723084196
768,614,0.10846414900434764,0.1255630507457518,30.606748855340555,17.25319214760717,68.5714342904663,1.67669693979616,0.07078058017188579,0.2813117631087578,1.67669693979616
768,615,0.14438672003431915,0.07545825563974984,18.880740802729985,12.096630309016351,33.50590740096803,1.133921455500098,0.04834506398738976,0.13390879905191339,1.133921455500098
768,616,0.12720599858292053,0.08708647700365874,29.443504161074117,17.886791495172286,57.27404723099228,1.3377231025338365,0.05290462873209634,0.1694022209381723,1.3377231025338365
768,617,0.13883895640025876,0.03970937288662837,10.809060205861371,6.816072573634178,19.70131865102082,1.1920782965386232,0.025040286786633847,0.07237696837394278,1.192078296538623
768,618,0.10938397124612244,0.09277706844060478,25.815691683553688,14.613629199841963,57.35730248319022,1.6557245030385461,0.05251882045458031,0.20613208599177382,1.655724503038546
768,619,0.11787280437393553,0.12428811913071564,32.931592923943114,19.32485449982017,68.25911257727944,1.4859365652452639,0.07293451682718682,0.2576187776690766,1.4859365652452639
768,620,0.12431499840518821,0.0673034894105991,19.804612360038757,11.908720260536171,39.24139817109127,1.3801167835885686,0.04047029113107138,0.13335696646071468,1.3801167835885684
768,621,0.08858743928528104,0.3166475577547006,80.6888856173678,40.79524019460111,175.89581757954085,1.6743393634855228,0.16009284397473914,0.6902683142749897,1.6743393634855224
768,622,0.12030537472775778,0.08632873768423859,23.729809884843878,14.057771998793465,48.32298937618151,1.443973531337606,0.05114199048361485,0.1757984026934427,1.4439735313376063
768,623,0.09518700199968935,0.1573010618605485,38.00543510551883,20.00872389809895,95.65298011580906,1.990353643043168,0.0828143002943403,0.3958990418230418,1.9903536430431683
768,624,0.1426372834934104,0.06869208434983999,16.768281680070466,10.69080645997698,30.001055385762616,1.1515937824885398,0.04379541047365486,0.12290078771710894,1.15159378248854
768,625,0.1114357419085816,0.13173687940052345,36.53241912846781,20.869973141712055,79.72106966957155,1.6109279903120324,0.07525768072444629,0.28747630710711014,1.6109279903120328
768,626,0.12135013914710502,0.028335019310594838,11.276487189524214,6.706873662057837,22.795331968186463,1.4267260748608575,0.016852712332673433,0.05727902321478501,1.4267260748608575
768,627,0.1343780110243244,0.11806631425281573,30.118987528721394,18.735690256511198,56.19539266659505,1.243723826186467,0.07344383311222727,0.22028572121847306,1.2437238261864672
768,628,0.1399377069184283,0.043086740973542544,17.49571194894865,11.068359878072602,31.714280548555625,1.1800560463458976,0.027258082235237246,0.07810285143840565,1.1800560463458973
768,629,0.08636520543996887,0.0590013995451938,21.368952640009248,10.644982946932423,44.274978261930706,1.5737783634763922,0.029391655388284983,0.12224678140733683,1.5737783634763922
768,630,0.13536123085977664,0.028043100618872878,11.309836241832386,7.056994198554462,20.98992954191549,1.2319307764887368,0.017498042778451562,0.0520452014990114,1.2319307764887368
768,631,0.13585865315503307,0.08142285717958105,21.048753629313758,13.154010575802566,38.960954327825156,1.2260556708727062,0.05088363630997515,0.15071259209365892,1.226055670872706
768,632,0.1254300275594144,0.10784479186423374,26.777656832019094,16.166163437763373,52.67552560791565,1.3634263221454315,0.06510788237095043,0.21214631030494221,1.363426322145432
768,633,0.10779169075897824,0.10664019931085417,28.623411831095467,16.085123016187662,64.52731648953068,1.692397599531343,0.05992719297433284,0.24040481030156638,1.692397599531343
768,634,0.13443567085682,0.029442991576830807,10.621452334485246,6.608333513991717,19.81106993397005,1.2430255302386748,0.018318503144586804,0.05491689336118975,1.2430255302386748
768,635,0.08736642631307992,0.14406614135136642,57.090920031033065,28.63269427988058,121.04690341141684,1.6187199134521288,0.07225320207054814,0.30545593393021414,1.6187199134521288
768,636,0.10770680777306046,0.04600499117275506,15.393753992709387,8.647213185127287,34.73042296659704,1.694402144780473,0.025842622042623296,0.1037935777563462,1.694402144780473
768,637,0.1337735502809977,0.03311329888672844,11.554728420327416,7.173980426518555,21.63004775212521,1.2510953784231849,0.020559042967460514,0.061986938168992055,1.2510953784231849
768,638,0.121042585911931,0.15263350434934675,37.74312810064916,22.422260908860373,76.46124454969697,1.4317568882137026,0.09067579795792985,0.3092098691823032,1.4317568882137026
768,639,0.11659492895923966,0.13966954863131628,40.94149021358984,23.90246923556713,85.68553979315851,1.5090576878191782,0.08154190460310708,0.29231131071942945,1.509057687819178
768,640,0.09794531024161732,0.10920296361180908,45.007823796363645,24.065798828990395,112.52225893652913,1.965357412252522,0.05839110474885227,0.27301395872326367,1.9653574122525217
768,641,0.13809449140055732,0.05677756289800353,13.654166068632156,8.591081344233842,24.981198510905735,1.2003748221815658,0.035723943808233356,0.103878300775827,1.2003748221815655
768,642,0.15043917642390692,0.04998313773579651,13.92960131765972,9.069560232550623,24.07194229365154,1.0770144614319392,0.03254400954978965,0.08637657171898697,1.0770144614319392
768,643,0.12459397801977673,0.08295558989361929,31.51576049922627,18.969827589060138,62.33234853346938,1.3758995581107367,0.049932262871123526,0.1640708223485698,1.3758995581107367
768,644,0.10207700148851678,0.08637146012494652,31.63188411846052,17.28773810893503,75.48839913980386,1.8399365909696996,0.0472044971186203,0.20612250701798976,1.8399365909696999
768,645,0.10976675246871137,0.074355777812223,26.477885886601335,15.014399957861421,58.62780144445461,1.6471632846134057,0.042163766096428884,0.1646398733075947,1.6471632846134054
768,646,0.15264828517671925,0.030119882795607834,10.426385740539484,6.826717390050651,17.855044242203196,1.0577324805155268,0.019721112644775808,0.05157989098701102,1.0577324805155266
768,647,0.08960467772334622,0.14852259572981993,40.85140950591677,20.790109797514248,91.10997117949324,1.7213570408578955,0.07558615749078502,0.3312465733768014,1.7213570408578958
768,648,0.129326036862687,0.105821814578812,43.2506989421765,26.4656495847571,83.05378338407026,1.3083750131984684,0.06475370645016082,0.20320832449639986,1.3083750131984686
768,649,0.14716784803393632,0.07225769361495706,20.964024328456198,13.533248226751134,36.74025247455518,1.1069918582522948,0.046645686375033704,0.12663436490288,1.1069918582522948
768,650,0.13417447939571178,0.04090286000781137,14.744181986415139,9.165827067795755,27.539960090282168,1.246195485067656,0.025427557917779894,0.07640051738586882,1.2461954850676562
768,651,0.11699880680526772,0.045291254341319524,19.10406448652238,11.17152734798783,39.859458842049605,1.5016663869775286,0.026485070067454982,0.09449742433586457,1.5016663869775282
768,652,0.12374215501669736,0.06321678733058796,22.157860815684508,13.296094780043813,44.0703588364293,1.388864399518289,0.037934004687058695,0.12573355006243112,1.388864399518289
768,653,0.12096873159734552,0.050725995605428606,18.042290192214434,10.71547974609707,36.569552605434865,1.43297068076725,0.030126628754986555,0.10281549321029411,1.43297068076725
768,654,0.097146226946534,0.07936212197454659,34.846848841280185,18.550587094354146,87.95814449521397,1.991788632510106,0.0422481229906095,0.20032069539139186,1.9917886325101055
768,655,0.11304909879899684,0.05828841902544295,17.7469487786343,10.209375938337901,38.205226459347806,1.5775021875712145,0.03353187018821772,0.12548197871092157,1.5775021875712145
768,656,0.09477033610915084,0.12852708746692793,52.801219229128385,27.731305339846507,131.73048533730204,1.9696359575743134,0.06750268192709256,0.3206542549242527,1.9696359575743134
768,657,0.12424466559798251,0.04411174036108582,11.35122576159268,6.823875616768117,22.5020114318797,1.3811843887520214,0.02651810789295628,0.08744455504037048,1.3811843887520217
768,658,0.12854268470193367,0.1181250586254357,36.01779458113815,21.981366691540316,69.49085584299003,1.3190560306079804,0.07209076122792828,0.22790433217373046,1.3190560306079804
768,659,0.1107742273547613,0.10534018989948735,34.60964216651652,19.714009542811734,75.95750656923353,1.625081725948475,0.060002859865716796,0.23118927747931586,1.6250817259484756
768,660,0.12040306817043257,0.06795393308608633,20.96299950767263,12.423329249857213,42.659136847472865,1.4423416642522506,0.040271626407386345,0.1382844153472582,1.4423416642522506
768,661,0.1406171837504589,0.05000290536587834,19.451020642590425,12.329721736814182,35.14092075193828,1.1727507483682449,0.031696121274149565,0.09033706596256992,1.1727507483682449
768,662,0.1215867627915131,0.16050312503628614,47.84075337606554,28.479419522486726,96.55113897157158,1.4228814273468517,0.09554690321547901,0.32392381886074,1.4228814273468515
768,663,0.1117274505317036,0.08368935169602015,21.18627503320137,12.118586799743467,46.11770762740675,1.6047710498604728,0.047870457225402466,0.1821727060087671,1.6047710498604728
768,664,0.10595097427937783,0.06282332549329338,22.920728342710465,12.769137628651984,52.58365716155671,1.7370529826800654,0.03499887427305901,0.14412631920306485,1.7370529826800651
768,665,0.08253749655849904,0.09049483880554511,34.750703865722706,16.8482457271435,65.76028535898517,1.4075121994892132,0.04387477408012946,0.17124736368974405,1.407512199489213
768,666,0.12445257377470083,0.05806148988113034,22.17316349349435,13.339576705536073,43.89494159992077,1.3780336262504762,0.03493032007517958,0.11494100552157896,1.3780336262504764
768,667,0.10259251267757029,0.14077419088639684,37.70163343427288,20.659126865154253,89.48303293754465,1.8254887070708625,0.077139147669335,0.3341208433794903,1.8254887070708619
768,668,0.11644994047270159,0.10663691505805528,31.70879454964594,18.501364337944384,66.43651142853795,1.5117303502516408,0.06222022771236311,0.22342648866283146,1.5117303502516406
768,669,0.09433552535315895,0.09989274880629241,37.777377443808426,19.790498622694372,93.38558620388447,1.9481259039396888,0.05233098328777971,0.24693463485305833,1.9481259039396883
768,670,0.11654393554220466,0.05595128788259565,16.56275646974712,9.667675884447084,34.677380420020086,1.5099965142429488,0.03265874962023063,0.11714499929035381,1.5099965142429488
768,671,0.11893931142439149,0.0748457715941042,24.205878770313724,14.264233865605531,49.77953583950301,1.4672180386796665,0.04410571497942607,0.15392078118119396,1.4672180386796667
768,672,0.12300099394667524,0.06716661905017583,28.05615265921323,16.78980605151447,56.078569822088966,1.4003617761779121,0.0401949091411892,0.1342524750941586,1.400361776177912
768,673,0.12577071828726186,0.06996726529677054,20.46799223720678,12.371845798338047,40.17583629418011,1.3584131835510413,0.042291603746532576,0.13733605934267892,1.3584131835510411
768,674,0.14545674455971658,0.03973820536278771,16.535528998945463,10.625260586458635,29.201204493632993,1.1233958047764314,0.02553464042455216,0.07017637361845216,1.1233958047764314
768,675,0.11938309976381033,0.06052172269933341,20.203566122748338,11.926312190040107,41.41499979854631,1.4595783451963573,0.03572641358490522,0.1240626094508311,1.4595783451963573
768,676,0.10618445772411406,0.11713102464453147,38.287061038337605,21.353530303488267,87.63791570864511,1.7312476749987404,0.06532653111507229,0.26810934520113755,1.7312476749987402
768,677,0.14370649049112139,0.016398951545868925,6.784498605642655,4.338533934272641,12.07777053777368,1.1407234422694599,0.010486759877741288,0.029193428334754964,1.1407234422694597
768,678,0.10622457450841868,0.20625675012584915,58.32830211799208,32.53719039904696,133.45999432924435,1.7302544436496894,0.11505589750165747,0.47193255593965167,1.7302544436496898
768,679,0.15867206069213774,0.04345875716725912,16.13431855581993,10.718753886613838,26.99356406028459,1.0087076263781927,0.028871608099366237,0.07270878788689845,1.008707626378193
768,680,0.1264372546754666,0.03659516937394885,12.934613774257487,7.836683338147468,25.281849368901852,1.3487195161152639,0.022171883837789532,0.07152850296797794,1.3487195161152636
768,681,0.11371144845973893,0.08585470181916742,30.314137169601192,17.48813794555156,64.90581192889908,1.56420991691288,0.049529328850350024,0.18382410484948997,1.5642099169128798
768,682,0.14569404371202208,0.04342052927784412,11.83909887728881,7.612387038818682,20.885080296880254,1.12108982242921,0.027918837212127495,0.07659715067000807,1.1210898224292096
768,683,0.10480285895503538,0.22220258675521218,61.82176732368874,34.25032763206268,143.44146326009303,1.766224751491223,0.12310407363818064,0.5155637822106122,1.7662247514912228
768,684,0.13202976027277005,0.04282218128708505,14.791706553228066,9.132496960473253,27.960843100418938,1.2728988418065044,0.0264386965113091,0.08094700147526783,1.2728988418065044
768,685,0.11950162466590163,0.17432788755721257,42.30848538068808,24.98648904094468,86.65332793691029,1.457552506101146,0.10295433203968048,0.3570463814320144,1.4575525061011458
768,686,0.12234855369313623,0.05209368969101371,17.705311576642814,10.5699528853994,35.54603123149261,1.4106545506401666,0.031099585188155074,0.10458578561042031,1.4106545506401669
768,687,0.1136344291807283,0.11417900182450715,32.9733475465723,19.01602970259849,70.64382098003684,1.5657430961329628,0.0658480697794235,0.24462305360949854,1.565743096132963
768,688,0.12250398618806448,0.07112985034899376,17.99319016822453,10.748014254004762,36.08580266143494,1.408187662695635,0.04248855474146571,0.14265273245230553,1.4081876626956351
768,689,0.10759524653585406,0.053638829803917924,18.837302613347106,10.576080733837657,42.54382237756235,1.6970445450652822,0.03011517127048026,0.12114265479290426,1.6970445450652822
768,690,0.12882807445553787,0.03190731786699289,10.182858889257506,6.220544286888901,19.612460091305866,1.3151430212339366,0.01949166594823973,0.06145435236730833,1.3151430212339366
768,691,0.09891355408018584,0.17698480826206106,71.10314512712245,38.21987467880555,175.75673877395428,1.9343288380458012,0.09513414884439665,0.4374809673617081,1.934328838045801
768,692,0.11038160645817563,0.070285621367019,19.85267497849477,11.288583123096725,43.72012003149963,1.6336104300067409,0.03996565097749134,0.15478497512215825,1.633610430006741
768,693,0.13597809345548548,0.09578819998813108,35.94604286745576,22.47205158213957,66.49351354637281,1.2246539104889531,0.05988301352198158,0.17719040721614424,1.2246539104889536
768,694,0.15672709864811518,0.05255799785370513,18.52046782484834,12.247700947093401,31.21264790400074,1.0239993468989297,0.03475693196186466,0.08857628743837406,1.0239993468989297
768,695,0.13746314428143813,0.058611655956612566,20.137891474103647,12.646551428789765,36.9632295855293,1.2075086504468258,0.03680799066451547,0.10758207224913836,1.2075086504468258
768,696,0.12650662856213346,0.06755020544419928,21.832208629810918,13.230677263586514,42.65436310288776,1.3477191583413368,0.040936534753557165,0.1319752407805978,1.3477191583413368
768,697,0.12621581620998437,0.04757435194486129,12.643182410795468,7.654160626162206,24.746774374597532,1.3519233681102854,0.028801429864732133,0.0931183079816931,1.3519233681102851
768,698,0.14412898791090953,0.06365854046850271,15.864895712340264,10.157168984630243,28.187439012608042,1.1364884052753799,0.040756054409520286,0.11310324754872718,1.1364884052753803
768,699,0.12324983355868285,0.14888839902017098,39.42295736245372,23.6136928000592,78.6670145719054,1.3964787386620259,0.08918166345641518,0.2971011471215119,1.3964787386620257
768,700,0.12872443102069894,0.10802138856842498,32.08951918552815,19.596077094364464,61.84389262419676,1.3165611888907758,0.06596532176093797,0.20818208952021602,1.3165611888907758
768,701,0.12120332878022927,0.09984175159243394,26.23765219672736,15.596623559104476,53.093449349442764,1.429122754932139,0.05934960199156241,0.20203572108459186,1.4291227549321388
768,702,0.13936231778532532,0.1369885775165976,34.127861107538436,21.553968209306642,62.04050342685197,1.1863191510880338,0.08651721347338344,0.2490293864616308,1.1863191510880338
768,703,0.10895233529618985,0.15820129709565964,49.639051303768426,28.0443982885007,110.71798211670726,1.6654948403885041,0.0893784242240603,0.35286186827965027,1.6654948403885041
768,704,0.12400544477870247,0.03768610378977913,12.128577222153408,7.28487063080538,24.080876039021472,1.3848289952375792,0.022635663331242863,0.07482447257686183,1.3848289952375792
768,705,0.13346250454230338,0.033043536199966264,13.909037403716301,8.627170370772427,26.081975408729047,1.254925451080672,0.020495466952567667,0.06196264152361085,1.254925451080672
768,706,0.12967700101818114,0.07257615733872426,22.589748398037123,13.83925975983044,43.2883819376367,1.3036498529733587,0.04446265961369468,0.1390765564576939,1.3036498529733587
768,707,0.08766266536892886,0.21174262276391184,56.76393928730732,28.524935003583305,121.17118871961046,1.6321322106822715,0.10640460524168384,0.4519965602290096,1.6321322106822718
768,708,0.12764650896874308,0.13555131459093728,35.210920013189806,21.423072919144865,68.30671558280605,1.331508595802065,0.08247230392389067,0.2629600444739935,1.331508595802065
768,709,0.1410984399280194,0.10140712832421067,29.069829883262937,18.45259471690142,52.39554659236954,1.1676350364544412,0.0643699893630557,0.18277650534063564,1.1676350364544414
768,710,0.11857974743767243,0.02979905315159986,8.272998321901127,4.868316349397493,17.058344372600914,1.4734715938395313,0.017535506718338277,0.06144356506053502,1.4734715938395309
768,711,0.12051496278445958,0.13778170522603095,36.58864168205872,21.692844564305332,74.39795872584922,1.4404774743903077,0.08168866013790352,0.2801601028990865,1.4404774743903082
768,712,0.09087069463446047,0.06884298225586628,25.713553337023324,13.191286597419795,58.98034256557912,1.7807362276232181,0.03531707567816627,0.15790826819880974,1.780736227623218
768,713,0.12703018966561908,0.03610456351600327,15.0482856945279,9.136184329952417,29.30421052016272,1.3402208463881122,0.021919968435649053,0.07030805710954031,1.3402208463881122
768,714,0.1535586683579862,0.06640544558144669,16.101567975116915,10.566460798813692,27.473091240894302,1.0499990105440555,0.04357777693752943,0.11330342909278557,1.0499990105440553
768,715,0.07772356945588066,0.2558554877282608,84.85552295477251,39.63552581840142,142.39117974613788,1.2109483313479148,0.11950862402955482,0.42933639996029915,1.210948331347915
768,716,0.13095969001090482,0.041726684907703766,18.1221796418309,11.149681165566683,34.46728946836171,1.2866889504268941,0.025672366239161547,0.07936163064784864,1.2866889504268944
768,717,0.11565078686157762,0.04017514640632719,17.392784256569385,10.115257845331053,36.66790967075258,1.5266475702642257,0.023364974743502104,0.08469826438973103,1.5266475702642255
768,718,0.09914183755611738,0.10337238693688838,33.59498045657617,18.080426937521054,82.82355886031172,1.9271668279871643,0.05563381386053788,0.2548496488951628,1.9271668279871639
768,719,0.14144236469491547,0.047617263754682455,11.97221579530689,7.607096406060058,21.542856030878063,1.164008389347678,0.03025581247179428,0.08568270696002578,1.1640083893476783
768,720,0.1275554665783522,0.052493525108504746,19.90276220681535,12.105462228266491,38.63162219609749,1.3327878659348893,0.031928150415823246,0.1018908837205868,1.3327878659348888
768,721,0.1022833935528808,0.06998093191888581,27.891663468137665,15.259651524960018,66.4163803838014,1.834122547666646,0.03828687506193592,0.16664048020108888,1.834122547666646
768,722,0.13496091468310636,0.0396372131624337,11.33277358778716,7.062501820043565,21.077778518000198,1.236703141502826,0.02470162206388908,0.073721088102288,1.2367031415028258
768,723,0.10146895534491215,0.04382023970503927,16.084835326254655,8.763422143921384,38.6377808702568,1.857299631633322,0.023874366830244808,0.1052616818924981,1.8572996316333217
768,724,0.11807175530937446,0.07092784435268479,17.515406515792623,10.28646611721801,36.251402790156135,1.4824055981530917,0.04165457804495544,0.14679841157830653,1.482405598153092
768,725,0.10044039593637294,0.0638183714377566,16.488044789242778,8.935112985040654,40.05618556085552,1.8874932093900574,0.03458411028150987,0.1550408530046078,1.8874932093900567
768,726,0.1217426322389383,0.039665751758916956,17.536659085559748,10.445616262576308,35.354004315149936,1.4203610808106546,0.02362669078635583,0.07996638082581824,1.4203610808106544
768,727,0.1280625797785526,0.06403009972948313,18.869385249418766,11.49696399950192,36.51202860053166,1.3256957908472549,0.03901302250941434,0.12389745620832009,1.3256957908472549
768,728,0.12372436916388871,0.14973140620310277,42.25427104689446,25.35354820512889,84.05055827935512,1.3891379171843565,0.08984233619316244,0.2978399099432254,1.389137917184356
768,729,0.10373561304979056,0.09297553514222223,34.30638489315944,18.906733483548997,80.46306651815941,1.7943112696460333,0.051240131214608124,0.21806718172166825,1.7943112696460328
768,730,0.12139975076954898,0.038355003268805796,16.762103774018883,9.971397621748267,33.87278525690433,1.4259181280217945,0.022816526704095223,0.07750762116542059,1.4259181280217945
768,731,0.13331890448620012,0.09866663361047656,27.14684919185474,16.830305651279875,50.945810987303986,1.2567022086032835,0.06117062018915311,0.18516519656288996,1.2567022086032833
768,732,0.10710060532911327,0.032355425634522685,13.1569959374331,7.369833048898107,29.853413409968116,1.708868838144257,0.018123748482284027,0.07341492709401372,1.7088688381442572
768,733,0.10422507651517438,0.08629738063173405,27.856178732307466,15.389149343461366,65.00966420301584,1.7813109018432896,0.04767499847174039,0.2013974633915682,1.7813109018432896
768,734,0.08576262233206705,0.15533340237801013,44.9165330202608,22.28303514199468,91.76980941716579,1.5470199857995997,0.07706070418109714,0.3173645821221298,1.5470199857995992
768,735,0.09820724206856182,0.03490427857461048,11.880051228065414,6.361410770336762,29.608980120350747,1.9568576686852972,0.01869019328223213,0.08699289848088655,1.9568576686852968
768,736,0.10630065230906582,0.1377493781594174,58.88879652551658,32.86175521624184,134.6436352102882,1.7283742579107413,0.07686837927317611,0.3149508585271252,1.7283742579107408
768,737,0.1271236869913865,0.06031103012226321,15.638991680020187,9.497901279129037,30.43681061571596,1.338891263900199,0.036628206080297265,0.11737811742781722,1.3388912639001989
768,738,0.10676858656855463,0.08350784234495381,27.6519007602409,15.464883636924949,62.94060788777527,1.7169063588971423,0.04670344638630671,0.19007859192613796,1.7169063588971423
768,739,0.1531289908715297,0.020729485328115686,9.362068187015518,6.13720217519143,16.001394691263727,1.053633910694347,0.013588989089265167,0.03543027778220879,1.053633910694347
768,740,0.11045064135053621,0.07070337829818744,18.660381435194246,10.613886643987135,41.06956607579157,1.6321037990340204,0.04021555750133517,0.1556108098263464,1.6321037990340204
768,741,0.10001721974933232,0.09482572582492768,35.26361274125257,19.067272468426196,86.07613175176543,1.900226723081892,0.05127290741838925,0.23146328566655355,1.9002267230818923
768,742,0.10388143469069575,0.188521195092407,57.94664146979241,31.958323728525652,135.7069601526533,1.7904167315410646,0.1039718822287988,0.4415033841723616,1.7904167315410653
768,743,0.13042040535348257,0.07996416296898305,24.0909948444437,14.79560318321253,45.96360724001355,1.2937616008825619,0.0491103846813401,0.1525649481773257,1.2937616008825619
768,744,0.1096187988689596,0.04449520671643497,19.953402696924524,11.307124046103102,44.23943693545891,1.650460996030104,0.025214387212125797,0.09865199040789843,1.6504609960301042
768,745,0.1316448093779908,0.10069733297567982,27.552285318411034,16.98966769339537,52.1966096794012,1.2778229311700613,0.062093369210458216,0.19076673039444905,1.277822931170061
768,746,0.13620534923113403,0.055275861273886236,21.10639208183306,13.204107577068811,38.996040950110505,1.2219963162364271,0.03458044443814472,0.10212734329162947,1.221996316236427
768,747,0.14446309003476857,0.0288698092366832,12.107942842570743,7.759029149372845,21.479304574023203,1.1331632138541947,0.018500392206732504,0.051214598024729954,1.1331632138541947
768,748,0.10695043472635558,0.02650204827360747,10.100275544431394,5.653629825814699,22.950291639977102,1.712494054055645,0.01483452306877467,0.06021912315762313,1.7124940540556448
768,749,0.09553916813067377,0.10037490328528491,41.01419553687852,21.636495894645144,103.99072544348785,2.007944529225075,0.05295145142868154,0.25449868935186537,2.007944529225075
768,750,0.06722920534082066,0.15694148186674464,57.1793818155942,24.252149859191736,71.78817464818474,0.8313490506472874,0.06656539851429243,0.19703855047138905,0.8313490506472875
768,751,0.11087273853763747,0.06109234588061401,15.398717941884572,8.775093004368744,33.7665489919839,1.6229569293972392,0.034814003281356434,0.13396424936143184,1.6229569293972395
768,752,0.10085050689266581,0.13088281697592155,51.414702946098096,27.92226734730321,124.34168596195043,1.8753277387546312,0.07107976507422734,0.31652794227551856,1.8753277387546312
768,753,0.11865075131599752,0.11795388977591094,33.69041062791333,19.830936370642345,69.43104118111383,1.472232124394963,0.06943032273040385,0.24308582845584248,1.4722321243949628
768,754,0.11228825962042188,0.04582907116894545,17.58555912433549,10.083501009830496,38.09863952971014,1.593076360086348,0.02627823671367726,0.09928744659763906,1.5930763600863482
768,755,0.12063830667018152,0.1492512054166708,37.709704993156976,22.368025079808803,76.61074191389035,1.4384285648462312,0.08853038512387204,0.3032175823329439,1.4384285648462312
768,756,0.10460932789726984,0.1144023692567195,33.95998548093106,18.79663268937367,78.94815581736161,1.7712470213440976,0.0633209727053657,0.26595582848603766,1.7712470213440976
768,757,0.1287750711300475,0.04305031483933204,14.22506125773052,8.68829836441234,27.406599298007457,1.3158678612665218,0.0262940154161191,0.08294254113060137,1.315867861266522
768,758,0.1356277293782075,0.0960134745370882,34.89806178233997,21.79331898397276,64.67520656211902,1.228775622142043,0.059958982547425786,0.17793799945575553,1.228775622142043
768,759,0.14428009484813933,0.05130326957173091,14.61513701226097,9.360955346942522,25.948871436457217,1.1349819078397088,0.032859604067360944,0.09108788684429897,1.1349819078397088
768,760,0.11888887630795733,0.1829288326670249,44.10232484514394,25.983848195189353,90.73010723227223,1.4680917449233295,0.10777651825006997,0.37633282739699037,1.46809174492333
768,761,0.11669402737691183,0.11115548154281472,49.48042174880223,28.899248533157497,103.47796213700548,1.5072368215142244,0.06492082673095574,0.23245846142543086,1.5072368215142247
768,762,0.09065294774458134,0.25913905298008166,68.29009901654531,34.985734761952685,155.89030355276495,1.770455315367452,0.13275965776280674,0.5915537715306801,1.7704553153674523
768,763,0.11419631672190689,0.0679205285553936,29.16702915412718,16.860786280491908,62.20478518490003,1.554632069820929,0.03926328972275507,0.14485472161415813,1.554632069820929
768,764,0.09466512672379278,0.2707853309756406,69.72750961722578,36.598628210131984,173.5728101179316,1.9644209675597095,0.1421300102002597,0.6740663920764037,1.964420967559709
768,765,0.09937642182206316,0.12050604188514406,46.43838190954231,25.02405740699777,114.17955820093253,1.9198666518484961,0.06493658878765278,0.29629211994919896,1.9198666518484961
768,766,0.10336827364354326,0.09585836104536931,25.987624568417743,14.29595819432098,61.18293034429128,1.8042038442771382,0.052732296423357264,0.22568031992751844,1.804203844277138
768,767,0.1101977895321838,0.09777722967046822,27.79034571981362,15.789126459089484,61.29961986210083,1.6376368204215552,0.055552279185421126,0.21567587069259483,1.637636820421555
